timestamp,deployment_mode,rps_target,rps_actual,latency_ms,is_cold_start,status_code,error
1787684422.8425078,container,30.0,30.0,29.995,False,200,
1787684422.8758411,container,30.0,30.0,31.258,False,200,
1787684422.9091744,container,30.0,30.0,25.409,False,200,
1787684422.9425077,container,30.0,30.0,27.829,False,200,
1787684422.9758413,container,30.0,30.0,33.742,False,200,
1787684423.0091746,container,30.0,30.0,34.555,False,200,
1787684423.042508,container,30.0,30.0,30.005,False,200,
1787684423.0758412,container,30.0,30.0,30.24,False,200,
1787684423.1091745,container,30.0,30.0,28.796,False,200,
1787684423.1425078,container,30.0,30.0,33.951,False,200,
1787684423.175841,container,30.0,30.0,29.574,False,200,
1787684423.2091744,container,30.0,30.0,37.959,False,200,
1787684423.242508,container,30.0,30.0,29.225,False,200,
1787684423.2758412,container,30.0,30.0,27.212,False,200,
1787684423.3091745,container,30.0,30.0,28.982,False,200,
1787684423.3425078,container,30.0,30.0,35.132,False,200,
1787684423.3758411,container,30.0,30.0,30.992,False,200,
1787684423.4091744,container,30.0,30.0,26.278,False,200,
1787684423.4425077,container,30.0,30.0,30.051,False,200,
1787684423.4758413,container,30.0,30.0,25.762,False,200,
1787684423.5091746,container,30.0,30.0,31.091,False,200,
1787684423.542508,container,30.0,30.0,24.798,False,200,
1787684423.5758412,container,30.0,30.0,33.058,False,200,
1787684423.6091745,container,30.0,30.0,31.108,False,200,
1787684423.6425078,container,30.0,30.0,26.74,False,200,
1787684423.675841,container,30.0,30.0,33.099,False,200,
1787684423.7091744,container,30.0,30.0,33.009,False,200,
1787684423.742508,container,30.0,30.0,25.866,False,200,
1787684423.7758412,container,30.0,30.0,36.271,False,200,
1787684423.8091745,container,30.0,30.0,32.331,False,200,
1787684423.8425078,container,30.0,30.0,22.238,False,200,
1787684423.8758411,container,30.0,30.0,35.229,False,200,
1787684423.9091744,container,30.0,30.0,26.304,False,200,
1787684423.9425077,container,30.0,30.0,35.294,False,200,
1787684423.9758413,container,30.0,30.0,34.616,False,200,
1787684424.0091746,container,30.0,30.0,30.549,False,200,
1787684424.042508,container,30.0,30.0,37.806,False,200,
1787684424.0758412,container,30.0,30.0,28.939,False,200,
1787684424.1091745,container,30.0,30.0,30.269,False,200,
1787684424.1425078,container,30.0,30.0,49.831,False,200,
1787684424.175841,container,30.0,30.0,34.364,False,200,
1787684424.2091744,container,30.0,30.0,39.725,False,200,
1787684424.242508,container,30.0,30.0,31.867,False,200,
1787684424.2758412,container,30.0,30.0,29.881,False,200,
1787684424.3091745,container,30.0,30.0,26.583,False,200,
1787684424.3425078,container,30.0,30.0,27.83,False,200,
1787684424.3758411,container,30.0,30.0,34.225,False,200,
1787684424.4091744,container,30.0,30.0,31.608,False,200,
1787684424.4425077,container,30.0,30.0,26.409,False,200,
1787684424.4758413,container,30.0,30.0,34.256,False,200,
1787684424.5091746,container,30.0,30.0,20.102,False,200,
1787684424.542508,container,30.0,30.0,35.623,False,200,
1787684424.5758412,container,30.0,30.0,28.101,False,200,
1787684424.6091745,container,30.0,30.0,32.474,False,200,
1787684424.6425078,container,30.0,30.0,32.044,False,200,
1787684424.675841,container,30.0,30.0,30.237,False,200,
1787684424.7091744,container,30.0,30.0,36.96,False,200,
1787684424.742508,container,30.0,30.0,30.76,False,200,
1787684424.7758412,container,30.0,30.0,28.832,False,200,
1787684424.8091745,container,30.0,30.0,34.007,False,200,
1787684424.8425078,container,30.0,30.0,35.154,False,200,
1787684424.8758411,container,30.0,30.0,24.462,False,200,
1787684424.9091744,container,30.0,30.0,30.013,False,200,
1787684424.9425077,container,30.0,30.0,31.252,False,200,
1787684424.9758413,container,30.0,30.0,29.828,False,200,
1787684425.0091746,container,30.0,30.0,25.105,False,200,
1787684425.042508,container,30.0,30.0,31.662,False,200,
1787684425.0758412,container,30.0,30.0,27.967,False,200,
1787684425.1091745,container,30.0,30.0,28.119,False,200,
1787684425.1425078,container,30.0,30.0,33.852,False,200,
1787684425.175841,container,30.0,30.0,26.129,False,200,
1787684425.2091744,container,30.0,30.0,27.896,False,200,
1787684425.242508,container,30.0,30.0,24.781,False,200,
1787684425.2758412,container,30.0,30.0,38.807,False,200,
1787684425.3091745,container,30.0,30.0,28.084,False,200,
1787684425.3425078,container,30.0,30.0,37.688,False,200,
1787684425.3758411,container,30.0,30.0,27.745,False,200,
1787684425.4091744,container,30.0,30.0,26.99,False,200,
1787684425.4425077,container,30.0,30.0,21.99,False,200,
1787684425.4758413,container,30.0,30.0,29.034,False,200,
1787684425.5091746,container,30.0,30.0,31.476,False,200,
1787684425.542508,container,30.0,30.0,27.762,False,200,
1787684425.5758412,container,30.0,30.0,25.981,False,200,
1787684425.6091745,container,30.0,30.0,29.31,False,200,
1787684425.6425078,container,30.0,30.0,34.507,False,200,
1787684425.675841,container,30.0,30.0,27.132,False,200,
1787684425.7091744,container,30.0,30.0,27.508,False,200,
1787684425.742508,container,30.0,30.0,24.184,False,200,
1787684425.7758412,container,30.0,30.0,33.913,False,200,
1787684425.8091745,container,30.0,30.0,26.971,False,200,
1787684425.8425078,container,30.0,30.0,39.012,False,200,
1787684425.8758411,container,30.0,30.0,44.422,False,200,
1787684425.9091744,container,30.0,30.0,28.665,False,200,
1787684425.9425077,container,30.0,30.0,44.331,False,200,
1787684425.9758413,container,30.0,30.0,33.793,False,200,
1787684426.0091746,container,30.0,30.0,28.122,False,200,
1787684426.042508,container,30.0,30.0,36.19,False,200,
1787684426.0758412,container,30.0,30.0,26.216,False,200,
1787684426.1091745,container,30.0,30.0,34.561,False,200,
1787684426.1425078,container,30.0,30.0,25.232,False,200,
1787684426.175841,container,30.0,30.0,28.98,False,200,
1787684426.2091744,container,30.0,30.0,33.828,False,200,
1787684426.242508,container,30.0,30.0,28.637,False,200,
1787684426.2758412,container,30.0,30.0,23.636,False,200,
1787684426.3091745,container,30.0,30.0,35.224,False,200,
1787684426.3425078,container,30.0,30.0,30.867,False,200,
1787684426.3758411,container,30.0,30.0,28.977,False,200,
1787684426.4091744,container,30.0,30.0,28.381,False,200,
1787684426.4425077,container,30.0,30.0,34.864,False,200,
1787684426.4758413,container,30.0,30.0,36.967,False,200,
1787684426.5091746,container,30.0,30.0,28.646,False,200,
1787684426.542508,container,30.0,30.0,27.42,False,200,
1787684426.5758412,container,30.0,30.0,23.892,False,200,
1787684426.6091745,container,30.0,30.0,26.019,False,200,
1787684426.6425078,container,30.0,30.0,24.057,False,200,
1787684426.675841,container,30.0,30.0,37.51,False,200,
1787684426.7091744,container,30.0,30.0,31.084,False,200,
1787684426.742508,container,30.0,30.0,30.85,False,200,
1787684426.7758412,container,30.0,30.0,33.726,False,200,
1787684426.8091745,container,30.0,30.0,31.673,False,200,
1787684426.8425078,container,30.0,30.0,35.957,False,200,
1787684426.8758411,container,30.0,30.0,25.053,False,200,
1787684426.9091744,container,30.0,30.0,35.569,False,200,
1787684426.9425077,container,30.0,30.0,26.226,False,200,
1787684426.9758413,container,30.0,30.0,29.367,False,200,
1787684427.0091746,container,30.0,30.0,38.564,False,200,
1787684427.042508,container,30.0,30.0,31.777,False,200,
1787684427.0758412,container,30.0,30.0,33.803,False,200,
1787684427.1091745,container,30.0,30.0,29.274,False,200,
1787684427.1425078,container,30.0,30.0,33.938,False,200,
1787684427.175841,container,30.0,30.0,32.414,False,200,
1787684427.2091744,container,30.0,30.0,36.521,False,200,
1787684427.242508,container,30.0,30.0,27.635,False,200,
1787684427.2758412,container,30.0,30.0,33.092,False,200,
1787684427.3091745,container,30.0,30.0,32.116,False,200,
1787684427.3425078,container,30.0,30.0,27.646,False,200,
1787684427.3758411,container,30.0,30.0,27.024,False,200,
1787684427.4091744,container,30.0,30.0,30.998,False,200,
1787684427.4425077,container,30.0,30.0,28.343,False,200,
1787684427.4758413,container,30.0,30.0,32.163,False,200,
1787684427.5091746,container,30.0,30.0,28.456,False,200,
1787684427.542508,container,30.0,30.0,40.856,False,200,
1787684427.5758412,container,30.0,30.0,32.076,False,200,
1787684427.6091745,container,30.0,30.0,24.553,False,200,
1787684427.6425078,container,30.0,30.0,29.059,False,200,
1787684427.675841,container,30.0,30.0,34.251,False,200,
1787684427.7091744,container,30.0,30.0,25.073,False,200,
1787684427.742508,container,30.0,30.0,23.858,False,200,
1787684427.7758412,container,30.0,30.0,41.488,False,200,
1787684427.8091745,container,30.0,30.0,37.07,False,200,
1787684427.8425078,container,30.0,30.0,29.546,False,200,
1787684427.8758411,container,30.0,30.0,34.347,False,200,
1787684427.9091744,container,30.0,30.0,36.054,False,200,
1787684427.9425077,container,30.0,30.0,35.995,False,200,
1787684427.9758413,container,30.0,30.0,30.105,False,200,
1787684428.0091746,container,30.0,30.0,30.282,False,200,
1787684428.042508,container,30.0,30.0,41.165,False,200,
1787684428.0758412,container,30.0,30.0,22.859,False,200,
1787684428.1091745,container,30.0,30.0,42.677,False,200,
1787684428.1425078,container,30.0,30.0,28.554,False,200,
1787684428.175841,container,30.0,30.0,27.916,False,200,
1787684428.2091744,container,30.0,30.0,22.784,False,200,
1787684428.242508,container,30.0,30.0,32.439,False,200,
1787684428.2758412,container,30.0,30.0,28.241,False,200,
1787684428.3091745,container,30.0,30.0,30.987,False,200,
1787684428.3425078,container,30.0,30.0,33.927,False,200,
1787684428.3758411,container,30.0,30.0,26.718,False,200,
1787684428.4091744,container,30.0,30.0,23.281,False,200,
1787684428.4425077,container,30.0,30.0,32.61,False,200,
1787684428.4758413,container,30.0,30.0,20.613,False,200,
1787684428.5091746,container,30.0,30.0,29.353,False,200,
1787684428.542508,container,30.0,30.0,32.908,False,200,
1787684428.5758412,container,30.0,30.0,27.919,False,200,
1787684428.6091745,container,30.0,30.0,27.546,False,200,
1787684428.6425078,container,30.0,30.0,33.555,False,200,
1787684428.675841,container,30.0,30.0,21.568,False,200,
1787684428.7091744,container,30.0,30.0,31.863,False,200,
1787684428.742508,container,30.0,30.0,44.487,False,200,
1787684428.7758412,container,30.0,30.0,30.413,False,200,
1787684428.8091745,container,30.0,30.0,32.889,False,200,
1787684428.8425078,container,30.0,30.0,29.231,False,200,
1787684428.8758411,container,30.0,30.0,34.306,False,200,
1787684428.9091744,container,30.0,30.0,34.264,False,200,
1787684428.9425077,container,30.0,30.0,32.253,False,200,
1787684428.9758413,container,30.0,30.0,33.337,False,200,
1787684429.0091746,container,30.0,30.0,36.589,False,200,
1787684429.042508,container,30.0,30.0,29.498,False,200,
1787684429.0758412,container,30.0,30.0,25.362,False,200,
1787684429.1091745,container,30.0,30.0,28.231,False,200,
1787684429.1425078,container,30.0,30.0,37.533,False,200,
1787684429.175841,container,30.0,30.0,31.976,False,200,
1787684429.2091744,container,30.0,30.0,37.368,False,200,
1787684429.242508,container,30.0,30.0,31.676,False,200,
1787684429.2758412,container,30.0,30.0,28.508,False,200,
1787684429.3091745,container,30.0,30.0,28.161,False,200,
1787684429.3425078,container,30.0,30.0,36.602,False,200,
1787684429.3758411,container,30.0,30.0,31.373,False,200,
1787684429.4091744,container,30.0,30.0,31.544,False,200,
1787684429.4425077,container,30.0,30.0,31.141,False,200,
1787684429.4758413,container,30.0,30.0,29.347,False,200,
1787684429.5091746,container,30.0,30.0,36.722,False,200,
1787684429.542508,container,30.0,30.0,27.061,False,200,
1787684429.5758412,container,30.0,30.0,29.204,False,200,
1787684429.6091745,container,30.0,30.0,34.495,False,200,
1787684429.6425078,container,30.0,30.0,35.334,False,200,
1787684429.675841,container,30.0,30.0,36.343,False,200,
1787684429.7091744,container,30.0,30.0,22.62,False,200,
1787684429.742508,container,30.0,30.0,35.952,False,200,
1787684429.7758412,container,30.0,30.0,24.113,False,200,
1787684429.8091745,container,30.0,30.0,30.596,False,200,
1787684429.8425078,container,30.0,30.0,32.539,False,200,
1787684429.8758411,container,30.0,30.0,34.806,False,200,
1787684429.9091744,container,30.0,30.0,26.945,False,200,
1787684429.9425077,container,30.0,30.0,27.469,False,200,
1787684429.9758413,container,30.0,30.0,28.778,False,200,
1787684430.0091746,container,30.0,30.0,32.433,False,200,
1787684430.042508,container,30.0,30.0,28.399,False,200,
1787684430.0758412,container,30.0,30.0,32.341,False,200,
1787684430.1091745,container,30.0,30.0,34.55,False,200,
1787684430.1425078,container,30.0,30.0,29.401,False,200,
1787684430.175841,container,30.0,30.0,32.074,False,200,
1787684430.2091744,container,30.0,30.0,26.799,False,200,
1787684430.242508,container,30.0,30.0,32.447,False,200,
1787684430.2758412,container,30.0,30.0,28.083,False,200,
1787684430.3091745,container,30.0,30.0,33.108,False,200,
1787684430.3425078,container,30.0,30.0,32.234,False,200,
1787684430.3758411,container,30.0,30.0,30.741,False,200,
1787684430.4091744,container,30.0,30.0,29.328,False,200,
1787684430.4425077,container,30.0,30.0,27.754,False,200,
1787684430.4758413,container,30.0,30.0,30.308,False,200,
1787684430.5091746,container,30.0,30.0,28.515,False,200,
1787684430.542508,container,30.0,30.0,33.027,False,200,
1787684430.5758412,container,30.0,30.0,33.309,False,200,
1787684430.6091745,container,30.0,30.0,33.546,False,200,
1787684430.6425078,container,30.0,30.0,42.79,False,200,
1787684430.675841,container,30.0,30.0,25.567,False,200,
1787684430.7091744,container,30.0,30.0,31.493,False,200,
1787684430.742508,container,30.0,30.0,27.579,False,200,
1787684430.7758412,container,30.0,30.0,32.645,False,200,
1787684430.8091745,container,30.0,30.0,27.566,False,200,
1787684430.8425078,container,30.0,30.0,25.692,False,200,
1787684430.8758411,container,30.0,30.0,27.842,False,200,
1787684430.9091744,container,30.0,30.0,26.315,False,200,
1787684430.9425077,container,30.0,30.0,26.308,False,200,
1787684430.9758413,container,30.0,30.0,33.945,False,200,
1787684431.0091746,container,30.0,30.0,24.281,False,200,
1787684431.042508,container,30.0,30.0,30.025,False,200,
1787684431.0758412,container,30.0,30.0,33.802,False,200,
1787684431.1091745,container,30.0,30.0,38.082,False,200,
1787684431.1425078,container,30.0,30.0,24.21,False,200,
1787684431.175841,container,30.0,30.0,29.576,False,200,
1787684431.2091744,container,30.0,30.0,29.997,False,200,
1787684431.242508,container,30.0,30.0,30.306,False,200,
1787684431.2758412,container,30.0,30.0,29.371,False,200,
1787684431.3091745,container,30.0,30.0,30.928,False,200,
1787684431.3425078,container,30.0,30.0,28.064,False,200,
1787684431.3758411,container,30.0,30.0,25.178,False,200,
1787684431.4091744,container,30.0,30.0,25.988,False,200,
1787684431.4425077,container,30.0,30.0,35.554,False,200,
1787684431.4758413,container,30.0,30.0,34.145,False,200,
1787684431.5091746,container,30.0,30.0,28.717,False,200,
1787684431.542508,container,30.0,30.0,23.98,False,200,
1787684431.5758412,container,30.0,30.0,32.567,False,200,
1787684431.6091745,container,30.0,30.0,21.701,False,200,
1787684431.6425078,container,30.0,30.0,26.67,False,200,
1787684431.675841,container,30.0,30.0,28.09,False,200,
1787684431.7091744,container,30.0,30.0,29.006,False,200,
1787684431.742508,container,30.0,30.0,33.284,False,200,
1787684431.7758412,container,30.0,30.0,28.019,False,200,
1787684431.8091745,container,30.0,30.0,22.965,False,200,
1787684431.8425078,container,30.0,30.0,23.082,False,200,
1787684431.8758411,container,30.0,30.0,31.604,False,200,
1787684431.9091744,container,30.0,30.0,28.399,False,200,
1787684431.9425077,container,30.0,30.0,27.809,False,200,
1787684431.9758413,container,30.0,30.0,39.841,False,200,
1787684432.0091746,container,30.0,30.0,25.984,False,200,
1787684432.042508,container,30.0,30.0,30.653,False,200,
1787684432.0758412,container,30.0,30.0,32.496,False,200,
1787684432.1091745,container,30.0,30.0,34.333,False,200,
1787684432.1425078,container,30.0,30.0,29.748,False,200,
1787684432.175841,container,30.0,30.0,32.868,False,200,
1787684432.2091744,container,30.0,30.0,23.547,False,200,
1787684432.242508,container,30.0,30.0,30.993,False,200,
1787684432.2758412,container,30.0,30.0,25.234,False,200,
1787684432.3091745,container,30.0,30.0,29.419,False,200,
1787684432.3425078,container,30.0,30.0,30.614,False,200,
1787684432.3758411,container,30.0,30.0,37.535,False,200,
1787684432.4091744,container,30.0,30.0,30.274,False,200,
1787684432.4425077,container,30.0,30.0,27.751,False,200,
1787684432.4758413,container,30.0,30.0,23.973,False,200,
1787684432.5091746,container,30.0,30.0,33.271,False,200,
1787684432.542508,container,30.0,30.0,23.771,False,200,
1787684432.5758412,container,30.0,30.0,35.306,False,200,
1787684432.6091745,container,30.0,30.0,35.214,False,200,
1787684432.6425078,container,30.0,30.0,29.434,False,200,
1787684432.675841,container,30.0,30.0,24.517,False,200,
1787684432.7091744,container,30.0,30.0,29.53,False,200,
1787684432.742508,container,30.0,30.0,38.992,False,200,
1787684432.7758412,container,30.0,30.0,33.54,False,200,
1787684432.8091745,container,30.0,30.0,30.846,False,200,
1787684432.8425078,container,30.0,30.0,25.097,False,200,
1787684432.8758411,container,30.0,30.0,31.07,False,200,
1787684432.9091744,container,30.0,30.0,26.651,False,200,
1787684432.9425077,container,30.0,30.0,38.829,False,200,
1787684432.9758413,container,30.0,30.0,33.599,False,200,
1787684433.0091746,container,30.0,30.0,34.397,False,200,
1787684433.042508,container,30.0,30.0,24.281,False,200,
1787684433.0758412,container,30.0,30.0,30.324,False,200,
1787684433.1091745,container,30.0,30.0,28.929,False,200,
1787684433.1425078,container,30.0,30.0,38.068,False,200,
1787684433.175841,container,30.0,30.0,36.237,False,200,
1787684433.2091744,container,30.0,30.0,36.407,False,200,
1787684433.242508,container,30.0,30.0,35.227,False,200,
1787684433.2758412,container,30.0,30.0,28.591,False,200,
1787684433.3091745,container,30.0,30.0,28.566,False,200,
1787684433.3425078,container,30.0,30.0,20.956,False,200,
1787684433.3758411,container,30.0,30.0,26.228,False,200,
1787684433.4091744,container,30.0,30.0,29.294,False,200,
1787684433.4425077,container,30.0,30.0,19.792,False,200,
1787684433.4758413,container,30.0,30.0,28.11,False,200,
1787684433.5091746,container,30.0,30.0,33.052,False,200,
1787684433.542508,container,30.0,30.0,31.594,False,200,
1787684433.5758412,container,30.0,30.0,28.196,False,200,
1787684433.6091745,container,30.0,30.0,41.183,False,200,
1787684433.6425078,container,30.0,30.0,32.071,False,200,
1787684433.675841,container,30.0,30.0,29.196,False,200,
1787684433.7091744,container,30.0,30.0,34.824,False,200,
1787684433.742508,container,30.0,30.0,34.521,False,200,
1787684433.7758412,container,30.0,30.0,37.169,False,200,
1787684433.8091745,container,30.0,30.0,26.63,False,200,
1787684433.8425078,container,30.0,30.0,27.964,False,200,
1787684433.8758411,container,30.0,30.0,27.036,False,200,
1787684433.9091744,container,30.0,30.0,25.576,False,200,
1787684433.9425077,container,30.0,30.0,31.909,False,200,
1787684433.9758413,container,30.0,30.0,38.461,False,200,
1787684434.0091746,container,30.0,30.0,43.559,False,200,
1787684434.042508,container,30.0,30.0,38.773,False,200,
1787684434.0758412,container,30.0,30.0,31.685,False,200,
1787684434.1091745,container,30.0,30.0,29.515,False,200,
1787684434.1425078,container,30.0,30.0,35.521,False,200,
1787684434.175841,container,30.0,30.0,35.664,False,200,
1787684434.2091744,container,30.0,30.0,30.439,False,200,
1787684434.242508,container,30.0,30.0,33.153,False,200,
1787684434.2758412,container,30.0,30.0,29.058,False,200,
1787684434.3091745,container,30.0,30.0,35.593,False,200,
1787684434.3425078,container,30.0,30.0,30.153,False,200,
1787684434.3758411,container,30.0,30.0,33.157,False,200,
1787684434.4091744,container,30.0,30.0,26.169,False,200,
1787684434.4425077,container,30.0,30.0,26.945,False,200,
1787684434.4758413,container,30.0,30.0,31.149,False,200,
1787684434.5091746,container,30.0,30.0,31.932,False,200,
1787684434.542508,container,30.0,30.0,30.598,False,200,
1787684434.5758412,container,30.0,30.0,32.819,False,200,
1787684434.6091745,container,30.0,30.0,28.568,False,200,
1787684434.6425078,container,30.0,30.0,25.136,False,200,
1787684434.675841,container,30.0,30.0,30.507,False,200,
1787684434.7091744,container,30.0,30.0,25.233,False,200,
1787684434.742508,container,30.0,30.0,30.939,False,200,
1787684434.7758412,container,30.0,30.0,32.001,False,200,
1787684434.8091745,container,30.0,30.0,30.065,False,200,
1787684434.8425078,container,30.0,30.0,27.273,False,200,
1787684434.8758411,container,30.0,30.0,31.334,False,200,
1787684434.9091744,container,30.0,30.0,33.472,False,200,
1787684434.9425077,container,30.0,30.0,27.694,False,200,
1787684434.9758413,container,30.0,30.0,37.699,False,200,
1787684435.0091746,container,30.0,30.0,28.685,False,200,
1787684435.042508,container,30.0,30.0,29.631,False,200,
1787684435.0758412,container,30.0,30.0,31.036,False,200,
1787684435.1091745,container,30.0,30.0,27.668,False,200,
1787684435.1425078,container,30.0,30.0,27.875,False,200,
1787684435.175841,container,30.0,30.0,28.527,False,200,
1787684435.2091744,container,30.0,30.0,32.312,False,200,
1787684435.242508,container,30.0,30.0,24.984,False,200,
1787684435.2758412,container,30.0,30.0,30.78,False,200,
1787684435.3091745,container,30.0,30.0,31.433,False,200,
1787684435.3425078,container,30.0,30.0,35.729,False,200,
1787684435.3758411,container,30.0,30.0,30.693,False,200,
1787684435.4091744,container,30.0,30.0,30.757,False,200,
1787684435.4425077,container,30.0,30.0,24.243,False,200,
1787684435.4758413,container,30.0,30.0,31.744,False,200,
1787684435.5091746,container,30.0,30.0,32.671,False,200,
1787684435.542508,container,30.0,30.0,17.663,False,200,
1787684435.5758412,container,30.0,30.0,21.175,False,200,
1787684435.6091745,container,30.0,30.0,28.362,False,200,
1787684435.6425078,container,30.0,30.0,31.332,False,200,
1787684435.675841,container,30.0,30.0,34.412,False,200,
1787684435.7091744,container,30.0,30.0,30.032,False,200,
1787684435.742508,container,30.0,30.0,35.612,False,200,
1787684435.7758412,container,30.0,30.0,27.788,False,200,
1787684435.8091745,container,30.0,30.0,35.149,False,200,
1787684435.8425078,container,30.0,30.0,34.689,False,200,
1787684435.8758411,container,30.0,30.0,31.036,False,200,
1787684435.9091744,container,30.0,30.0,35.094,False,200,
1787684435.9425077,container,30.0,30.0,32.734,False,200,
1787684435.9758413,container,30.0,30.0,32.135,False,200,
1787684436.0091746,container,30.0,30.0,36.209,False,200,
1787684436.042508,container,30.0,30.0,34.501,False,200,
1787684436.0758412,container,30.0,30.0,32.398,False,200,
1787684436.1091745,container,30.0,30.0,32.11,False,200,
1787684436.1425078,container,30.0,30.0,21.234,False,200,
1787684436.175841,container,30.0,30.0,26.827,False,200,
1787684436.2091744,container,30.0,30.0,33.932,False,200,
1787684436.242508,container,30.0,30.0,27.973,False,200,
1787684436.2758412,container,30.0,30.0,29.687,False,200,
1787684436.3091745,container,30.0,30.0,35.418,False,200,
1787684436.3425078,container,30.0,30.0,32.192,False,200,
1787684436.3758411,container,30.0,30.0,32.361,False,200,
1787684436.4091744,container,30.0,30.0,39.099,False,200,
1787684436.4425077,container,30.0,30.0,27.137,False,200,
1787684436.4758413,container,30.0,30.0,26.617,False,200,
1787684436.5091746,container,30.0,30.0,31.174,False,200,
1787684436.542508,container,30.0,30.0,31.692,False,200,
1787684436.5758412,container,30.0,30.0,38.238,False,200,
1787684436.6091745,container,30.0,30.0,27.974,False,200,
1787684436.6425078,container,30.0,30.0,37.039,False,200,
1787684436.675841,container,30.0,30.0,27.423,False,200,
1787684436.7091744,container,30.0,30.0,29.13,False,200,
1787684436.742508,container,30.0,30.0,33.446,False,200,
1787684436.7758412,container,30.0,30.0,39.441,False,200,
1787684436.8091745,container,30.0,30.0,26.514,False,200,
1787684436.8425078,container,30.0,30.0,25.577,False,200,
1787684436.8758411,container,30.0,30.0,33.127,False,200,
1787684436.9091744,container,30.0,30.0,24.193,False,200,
1787684436.9425077,container,30.0,30.0,29.43,False,200,
1787684436.9758413,container,30.0,30.0,36.496,False,200,
1787684437.0091746,container,30.0,30.0,31.108,False,200,
1787684437.042508,container,30.0,30.0,27.304,False,200,
1787684437.0758412,container,30.0,30.0,31.824,False,200,
1787684437.1091745,container,30.0,30.0,32.413,False,200,
1787684437.1425078,container,30.0,30.0,27.911,False,200,
1787684437.175841,container,30.0,30.0,45.744,False,200,
1787684437.2091744,container,30.0,30.0,33.44,False,200,
1787684437.242508,container,30.0,30.0,33.102,False,200,
1787684437.2758412,container,30.0,30.0,33.78,False,200,
1787684437.3091745,container,30.0,30.0,27.709,False,200,
1787684437.3425078,container,30.0,30.0,32.054,False,200,
1787684437.3758411,container,30.0,30.0,22.588,False,200,
1787684437.4091744,container,30.0,30.0,29.001,False,200,
1787684437.4425077,container,30.0,30.0,23.06,False,200,
1787684437.4758413,container,30.0,30.0,35.796,False,200,
1787684437.5091746,container,30.0,30.0,38.942,False,200,
1787684437.542508,container,30.0,30.0,32.054,False,200,
1787684437.5758412,container,30.0,30.0,26.799,False,200,
1787684437.6091745,container,30.0,30.0,30.732,False,200,
1787684437.6425078,container,30.0,30.0,28.961,False,200,
1787684437.675841,container,30.0,30.0,33.5,False,200,
1787684437.7091744,container,30.0,30.0,40.606,False,200,
1787684437.742508,container,30.0,30.0,34.156,False,200,
1787684437.7758412,container,30.0,30.0,33.684,False,200,
1787684437.8091745,container,30.0,30.0,28.958,False,200,
1787684437.8425078,container,30.0,30.0,29.64,False,200,
1787684437.8758411,container,30.0,30.0,29.747,False,200,
1787684437.9091744,container,30.0,30.0,36.631,False,200,
1787684437.9425077,container,30.0,30.0,34.171,False,200,
1787684437.9758413,container,30.0,30.0,28.563,False,200,
1787684438.0091746,container,30.0,30.0,28.548,False,200,
1787684438.042508,container,30.0,30.0,31.255,False,200,
1787684438.0758412,container,30.0,30.0,21.902,False,200,
1787684438.1091745,container,30.0,30.0,32.018,False,200,
1787684438.1425078,container,30.0,30.0,34.914,False,200,
1787684438.175841,container,30.0,30.0,31.696,False,200,
1787684438.2091744,container,30.0,30.0,35.545,False,200,
1787684438.242508,container,30.0,30.0,36.291,False,200,
1787684438.2758412,container,30.0,30.0,25.157,False,200,
1787684438.3091745,container,30.0,30.0,28.529,False,200,
1787684438.3425078,container,30.0,30.0,31.404,False,200,
1787684438.3758411,container,30.0,30.0,29.863,False,200,
1787684438.4091744,container,30.0,30.0,28.914,False,200,
1787684438.4425077,container,30.0,30.0,35.656,False,200,
1787684438.4758413,container,30.0,30.0,38.247,False,200,
1787684438.5091746,container,30.0,30.0,25.592,False,200,
1787684438.542508,container,30.0,30.0,32.621,False,200,
1787684438.5758412,container,30.0,30.0,29.353,False,200,
1787684438.6091745,container,30.0,30.0,33.211,False,200,
1787684438.6425078,container,30.0,30.0,32.227,False,200,
1787684438.675841,container,30.0,30.0,34.432,False,200,
1787684438.7091744,container,30.0,30.0,31.107,False,200,
1787684438.742508,container,30.0,30.0,32.502,False,200,
1787684438.7758412,container,30.0,30.0,40.745,False,200,
1787684438.8091745,container,30.0,30.0,35.141,False,200,
1787684438.8425078,container,30.0,30.0,33.158,False,200,
1787684438.8758411,container,30.0,30.0,39.455,False,200,
1787684438.9091744,container,30.0,30.0,33.95,False,200,
1787684438.9425077,container,30.0,30.0,39.413,False,200,
1787684438.9758413,container,30.0,30.0,32.782,False,200,
1787684439.0091746,container,30.0,30.0,27.741,False,200,
1787684439.042508,container,30.0,30.0,26.823,False,200,
1787684439.0758412,container,30.0,30.0,30.469,False,200,
1787684439.1091745,container,30.0,30.0,31.634,False,200,
1787684439.1425078,container,30.0,30.0,42.349,False,200,
1787684439.175841,container,30.0,30.0,38.803,False,200,
1787684439.2091744,container,30.0,30.0,26.738,False,200,
1787684439.242508,container,30.0,30.0,28.704,False,200,
1787684439.2758412,container,30.0,30.0,33.53,False,200,
1787684439.3091745,container,30.0,30.0,40.0,False,200,
1787684439.3425078,container,30.0,30.0,24.673,False,200,
1787684439.3758411,container,30.0,30.0,30.615,False,200,
1787684439.4091744,container,30.0,30.0,31.922,False,200,
1787684439.4425077,container,30.0,30.0,35.616,False,200,
1787684439.4758413,container,30.0,30.0,23.19,False,200,
1787684439.5091746,container,30.0,30.0,29.631,False,200,
1787684439.542508,container,30.0,30.0,25.84,False,200,
1787684439.5758412,container,30.0,30.0,26.849,False,200,
1787684439.6091745,container,30.0,30.0,33.071,False,200,
1787684439.6425078,container,30.0,30.0,27.805,False,200,
1787684439.675841,container,30.0,30.0,34.59,False,200,
1787684439.7091744,container,30.0,30.0,30.794,False,200,
1787684439.742508,container,30.0,30.0,31.549,False,200,
1787684439.7758412,container,30.0,30.0,26.465,False,200,
1787684439.8091745,container,30.0,30.0,36.474,False,200,
1787684439.8425078,container,30.0,30.0,32.457,False,200,
1787684439.8758411,container,30.0,30.0,39.033,False,200,
1787684439.9091744,container,30.0,30.0,33.766,False,200,
1787684439.9425077,container,30.0,30.0,29.411,False,200,
1787684439.9758413,container,30.0,30.0,38.548,False,200,
1787684440.0091746,container,30.0,30.0,32.061,False,200,
1787684440.042508,container,30.0,30.0,25.516,False,200,
1787684440.0758412,container,30.0,30.0,27.169,False,200,
1787684440.1091745,container,30.0,30.0,25.762,False,200,
1787684440.1425078,container,30.0,30.0,40.359,False,200,
1787684440.175841,container,30.0,30.0,27.07,False,200,
1787684440.2091744,container,30.0,30.0,34.245,False,200,
1787684440.242508,container,30.0,30.0,30.865,False,200,
1787684440.2758412,container,30.0,30.0,32.339,False,200,
1787684440.3091745,container,30.0,30.0,38.55,False,200,
1787684440.3425078,container,30.0,30.0,29.953,False,200,
1787684440.3758411,container,30.0,30.0,27.365,False,200,
1787684440.4091744,container,30.0,30.0,28.335,False,200,
1787684440.4425077,container,30.0,30.0,32.175,False,200,
1787684440.4758413,container,30.0,30.0,43.048,False,200,
1787684440.5091746,container,30.0,30.0,30.267,False,200,
1787684440.542508,container,30.0,30.0,28.325,False,200,
1787684440.5758412,container,30.0,30.0,25.745,False,200,
1787684440.6091745,container,30.0,30.0,28.405,False,200,
1787684440.6425078,container,30.0,30.0,28.076,False,200,
1787684440.675841,container,30.0,30.0,27.753,False,200,
1787684440.7091744,container,30.0,30.0,31.965,False,200,
1787684440.742508,container,30.0,30.0,26.985,False,200,
1787684440.7758412,container,30.0,30.0,26.232,False,200,
1787684440.8091745,container,30.0,30.0,34.052,False,200,
1787684440.8425078,container,30.0,30.0,37.612,False,200,
1787684440.8758411,container,30.0,30.0,28.822,False,200,
1787684440.9091744,container,30.0,30.0,29.97,False,200,
1787684440.9425077,container,30.0,30.0,28.777,False,200,
1787684440.9758413,container,30.0,30.0,34.686,False,200,
1787684441.0091746,container,30.0,30.0,33.266,False,200,
1787684441.042508,container,30.0,30.0,33.043,False,200,
1787684441.0758412,container,30.0,30.0,32.482,False,200,
1787684441.1091745,container,30.0,30.0,26.142,False,200,
1787684441.1425078,container,30.0,30.0,25.524,False,200,
1787684441.175841,container,30.0,30.0,32.769,False,200,
1787684441.2091744,container,30.0,30.0,33.434,False,200,
1787684441.242508,container,30.0,30.0,29.626,False,200,
1787684441.2758412,container,30.0,30.0,24.64,False,200,
1787684441.3091745,container,30.0,30.0,27.873,False,200,
1787684441.3425078,container,30.0,30.0,24.007,False,200,
1787684441.3758411,container,30.0,30.0,29.261,False,200,
1787684441.4091744,container,30.0,30.0,28.373,False,200,
1787684441.4425077,container,30.0,30.0,20.648,False,200,
1787684441.4758413,container,30.0,30.0,27.163,False,200,
1787684441.5091746,container,30.0,30.0,26.492,False,200,
1787684441.542508,container,30.0,30.0,30.474,False,200,
1787684441.5758412,container,30.0,30.0,29.307,False,200,
1787684441.6091745,container,30.0,30.0,40.127,False,200,
1787684441.6425078,container,30.0,30.0,37.745,False,200,
1787684441.675841,container,30.0,30.0,28.689,False,200,
1787684441.7091744,container,30.0,30.0,33.962,False,200,
1787684441.742508,container,30.0,30.0,33.547,False,200,
1787684441.7758412,container,30.0,30.0,17.613,False,200,
1787684441.8091745,container,30.0,30.0,34.673,False,200,
1787684441.8425078,container,30.0,30.0,29.906,False,200,
1787684441.8758411,container,30.0,30.0,34.925,False,200,
1787684441.9091744,container,30.0,30.0,30.806,False,200,
1787684441.9425077,container,30.0,30.0,37.635,False,200,
1787684441.9758413,container,30.0,30.0,34.377,False,200,
1787684442.0091746,container,30.0,30.0,31.722,False,200,
1787684442.042508,container,30.0,30.0,24.558,False,200,
1787684442.0758412,container,30.0,30.0,30.439,False,200,
1787684442.1091745,container,30.0,30.0,28.543,False,200,
1787684442.1425078,container,30.0,30.0,28.654,False,200,
1787684442.175841,container,30.0,30.0,35.115,False,200,
1787684442.2091744,container,30.0,30.0,28.587,False,200,
1787684442.242508,container,30.0,30.0,33.508,False,200,
1787684442.2758412,container,30.0,30.0,24.413,False,200,
1787684442.3091745,container,30.0,30.0,31.302,False,200,
1787684442.3425078,container,30.0,30.0,28.869,False,200,
1787684442.3758411,container,30.0,30.0,33.425,False,200,
1787684442.4091744,container,30.0,30.0,37.697,False,200,
1787684442.4425077,container,30.0,30.0,27.714,False,200,
1787684442.4758413,container,30.0,30.0,25.333,False,200,
1787684442.5091746,container,30.0,30.0,31.737,False,200,
1787684442.542508,container,30.0,30.0,27.919,False,200,
1787684442.5758412,container,30.0,30.0,38.206,False,200,
1787684442.6091745,container,30.0,30.0,30.465,False,200,
1787684442.6425078,container,30.0,30.0,47.227,False,200,
1787684442.675841,container,30.0,30.0,36.615,False,200,
1787684442.7091744,container,30.0,30.0,32.628,False,200,
1787684442.742508,container,30.0,30.0,21.684,False,200,
1787684442.7758412,container,30.0,30.0,29.984,False,200,
1787684442.8091745,container,30.0,30.0,36.298,False,200,
1787684442.8425078,container,30.0,30.0,23.561,False,200,
1787684442.8758411,container,30.0,30.0,31.81,False,200,
1787684442.9091744,container,30.0,30.0,32.732,False,200,
1787684442.9425077,container,30.0,30.0,31.822,False,200,
1787684442.9758413,container,30.0,30.0,29.646,False,200,
1787684443.0091746,container,30.0,30.0,30.485,False,200,
1787684443.042508,container,30.0,30.0,25.94,False,200,
1787684443.0758412,container,30.0,30.0,29.395,False,200,
1787684443.1091745,container,30.0,30.0,25.879,False,200,
1787684443.1425078,container,30.0,30.0,27.98,False,200,
1787684443.175841,container,30.0,30.0,25.833,False,200,
1787684443.2091744,container,30.0,30.0,30.945,False,200,
1787684443.242508,container,30.0,30.0,22.449,False,200,
1787684443.2758412,container,30.0,30.0,26.117,False,200,
1787684443.3091745,container,30.0,30.0,33.784,False,200,
1787684443.3425078,container,30.0,30.0,29.287,False,200,
1787684443.3758411,container,30.0,30.0,34.628,False,200,
1787684443.4091744,container,30.0,30.0,27.632,False,200,
1787684443.4425077,container,30.0,30.0,34.948,False,200,
1787684443.4758413,container,30.0,30.0,23.704,False,200,
1787684443.5091746,container,30.0,30.0,32.454,False,200,
1787684443.542508,container,30.0,30.0,26.203,False,200,
1787684443.5758412,container,30.0,30.0,36.168,False,200,
1787684443.6091745,container,30.0,30.0,30.661,False,200,
1787684443.6425078,container,30.0,30.0,20.901,False,200,
1787684443.675841,container,30.0,30.0,28.392,False,200,
1787684443.7091744,container,30.0,30.0,25.624,False,200,
1787684443.742508,container,30.0,30.0,32.821,False,200,
1787684443.7758412,container,30.0,30.0,44.486,False,200,
1787684443.8091745,container,30.0,30.0,23.387,False,200,
1787684443.8425078,container,30.0,30.0,29.042,False,200,
1787684443.8758411,container,30.0,30.0,25.945,False,200,
1787684443.9091744,container,30.0,30.0,29.352,False,200,
1787684443.9425077,container,30.0,30.0,30.578,False,200,
1787684443.9758413,container,30.0,30.0,42.535,False,200,
1787684444.0091746,container,30.0,30.0,29.002,False,200,
1787684444.042508,container,30.0,30.0,29.882,False,200,
1787684444.0758412,container,30.0,30.0,28.968,False,200,
1787684444.1091745,container,30.0,30.0,25.817,False,200,
1787684444.1425078,container,30.0,30.0,26.901,False,200,
1787684444.175841,container,30.0,30.0,33.995,False,200,
1787684444.2091744,container,30.0,30.0,29.794,False,200,
1787684444.242508,container,30.0,30.0,25.742,False,200,
1787684444.2758412,container,30.0,30.0,32.321,False,200,
1787684444.3091745,container,30.0,30.0,29.858,False,200,
1787684444.3425078,container,30.0,30.0,36.08,False,200,
1787684444.3758411,container,30.0,30.0,31.81,False,200,
1787684444.4091744,container,30.0,30.0,31.172,False,200,
1787684444.4425077,container,30.0,30.0,26.811,False,200,
1787684444.4758413,container,30.0,30.0,25.789,False,200,
1787684444.5091746,container,30.0,30.0,30.444,False,200,
1787684444.542508,container,30.0,30.0,28.034,False,200,
1787684444.5758412,container,30.0,30.0,19.244,False,200,
1787684444.6091745,container,30.0,30.0,30.465,False,200,
1787684444.6425078,container,30.0,30.0,25.91,False,200,
1787684444.675841,container,30.0,30.0,28.806,False,200,
1787684444.7091744,container,30.0,30.0,24.813,False,200,
1787684444.742508,container,30.0,30.0,26.041,False,200,
1787684444.7758412,container,30.0,30.0,28.478,False,200,
1787684444.8091745,container,30.0,30.0,28.291,False,200,
1787684444.8425078,container,30.0,30.0,34.079,False,200,
1787684444.8758411,container,30.0,30.0,30.857,False,200,
1787684444.9091744,container,30.0,30.0,27.562,False,200,
1787684444.9425077,container,30.0,30.0,28.628,False,200,
1787684444.9758413,container,30.0,30.0,29.677,False,200,
1787684445.0091746,container,30.0,30.0,30.24,False,200,
1787684445.042508,container,30.0,30.0,31.639,False,200,
1787684445.0758412,container,30.0,30.0,28.239,False,200,
1787684445.1091745,container,30.0,30.0,40.145,False,200,
1787684445.1425078,container,30.0,30.0,32.783,False,200,
1787684445.175841,container,30.0,30.0,35.023,False,200,
1787684445.2091744,container,30.0,30.0,24.817,False,200,
1787684445.242508,container,30.0,30.0,32.717,False,200,
1787684445.2758412,container,30.0,30.0,26.197,False,200,
1787684445.3091745,container,30.0,30.0,28.394,False,200,
1787684445.3425078,container,30.0,30.0,24.372,False,200,
1787684445.3758411,container,30.0,30.0,28.802,False,200,
1787684445.4091744,container,30.0,30.0,29.868,False,200,
1787684445.4425077,container,30.0,30.0,27.603,False,200,
1787684445.4758413,container,30.0,30.0,29.118,False,200,
1787684445.5091746,container,30.0,30.0,25.878,False,200,
1787684445.542508,container,30.0,30.0,39.704,False,200,
1787684445.5758412,container,30.0,30.0,26.58,False,200,
1787684445.6091745,container,30.0,30.0,31.943,False,200,
1787684445.6425078,container,30.0,30.0,35.318,False,200,
1787684445.675841,container,30.0,30.0,31.651,False,200,
1787684445.7091744,container,30.0,30.0,30.861,False,200,
1787684445.742508,container,30.0,30.0,39.968,False,200,
1787684445.7758412,container,30.0,30.0,27.19,False,200,
1787684445.8091745,container,30.0,30.0,25.712,False,200,
1787684445.8425078,container,30.0,30.0,31.683,False,200,
1787684445.8758411,container,30.0,30.0,30.664,False,200,
1787684445.9091744,container,30.0,30.0,28.069,False,200,
1787684445.9425077,container,30.0,30.0,31.027,False,200,
1787684445.9758413,container,30.0,30.0,27.656,False,200,
1787684446.0091746,container,30.0,30.0,28.393,False,200,
1787684446.042508,container,30.0,30.0,34.665,False,200,
1787684446.0758412,container,30.0,30.0,30.719,False,200,
1787684446.1091745,container,30.0,30.0,26.076,False,200,
1787684446.1425078,container,30.0,30.0,28.414,False,200,
1787684446.175841,container,30.0,30.0,35.422,False,200,
1787684446.2091744,container,30.0,30.0,23.176,False,200,
1787684446.242508,container,30.0,30.0,37.113,False,200,
1787684446.2758412,container,30.0,30.0,23.773,False,200,
1787684446.3091745,container,30.0,30.0,34.648,False,200,
1787684446.3425078,container,30.0,30.0,24.127,False,200,
1787684446.3758411,container,30.0,30.0,33.945,False,200,
1787684446.4091744,container,30.0,30.0,27.577,False,200,
1787684446.4425077,container,30.0,30.0,32.999,False,200,
1787684446.4758413,container,30.0,30.0,25.166,False,200,
1787684446.5091746,container,30.0,30.0,28.086,False,200,
1787684446.542508,container,30.0,30.0,31.925,False,200,
1787684446.5758412,container,30.0,30.0,21.382,False,200,
1787684446.6091745,container,30.0,30.0,28.951,False,200,
1787684446.6425078,container,30.0,30.0,30.553,False,200,
1787684446.675841,container,30.0,30.0,20.299,False,200,
1787684446.7091744,container,30.0,30.0,22.497,False,200,
1787684446.742508,container,30.0,30.0,37.588,False,200,
1787684446.7758412,container,30.0,30.0,29.962,False,200,
1787684446.8091745,container,30.0,30.0,27.873,False,200,
1787684446.8425078,container,30.0,30.0,30.161,False,200,
1787684446.8758411,container,30.0,30.0,34.691,False,200,
1787684446.9091744,container,30.0,30.0,28.713,False,200,
1787684446.9425077,container,30.0,30.0,27.499,False,200,
1787684446.9758413,container,30.0,30.0,29.099,False,200,
1787684447.0091746,container,30.0,30.0,30.801,False,200,
1787684447.042508,container,30.0,30.0,26.328,False,200,
1787684447.0758412,container,30.0,30.0,27.944,False,200,
1787684447.1091745,container,30.0,30.0,34.132,False,200,
1787684447.1425078,container,30.0,30.0,30.469,False,200,
1787684447.175841,container,30.0,30.0,27.81,False,200,
1787684447.2091744,container,30.0,30.0,34.192,False,200,
1787684447.242508,container,30.0,30.0,34.722,False,200,
1787684447.2758412,container,30.0,30.0,25.941,False,200,
1787684447.3091745,container,30.0,30.0,24.738,False,200,
1787684447.3425078,container,30.0,30.0,35.447,False,200,
1787684447.3758411,container,30.0,30.0,34.399,False,200,
1787684447.4091744,container,30.0,30.0,26.549,False,200,
1787684447.4425077,container,30.0,30.0,21.184,False,200,
1787684447.4758413,container,30.0,30.0,25.79,False,200,
1787684447.5091746,container,30.0,30.0,33.171,False,200,
1787684447.542508,container,30.0,30.0,30.284,False,200,
1787684447.5758412,container,30.0,30.0,32.733,False,200,
1787684447.6091745,container,30.0,30.0,24.87,False,200,
1787684447.6425078,container,30.0,30.0,23.668,False,200,
1787684447.675841,container,30.0,30.0,25.098,False,200,
1787684447.7091744,container,30.0,30.0,25.017,False,200,
1787684447.742508,container,30.0,30.0,32.501,False,200,
1787684447.7758412,container,30.0,30.0,26.387,False,200,
1787684447.8091745,container,30.0,30.0,41.117,False,200,
1787684447.8425078,container,30.0,30.0,26.543,False,200,
1787684447.8758411,container,30.0,30.0,22.022,False,200,
1787684447.9091744,container,30.0,30.0,35.432,False,200,
1787684447.9425077,container,30.0,30.0,36.765,False,200,
1787684447.9758413,container,30.0,30.0,34.933,False,200,
1787684448.0091746,container,30.0,30.0,39.287,False,200,
1787684448.042508,container,30.0,30.0,35.491,False,200,
1787684448.0758412,container,30.0,30.0,36.471,False,200,
1787684448.1091745,container,30.0,30.0,35.086,False,200,
1787684448.1425078,container,30.0,30.0,27.337,False,200,
1787684448.175841,container,30.0,30.0,28.403,False,200,
1787684448.2091744,container,30.0,30.0,31.959,False,200,
1787684448.242508,container,30.0,30.0,29.441,False,200,
1787684448.2758412,container,30.0,30.0,39.944,False,200,
1787684448.3091745,container,30.0,30.0,26.668,False,200,
1787684448.3425078,container,30.0,30.0,27.226,False,200,
1787684448.3758411,container,30.0,30.0,31.379,False,200,
1787684448.4091744,container,30.0,30.0,29.36,False,200,
1787684448.4425077,container,30.0,30.0,31.077,False,200,
1787684448.4758413,container,30.0,30.0,30.877,False,200,
1787684448.5091746,container,30.0,30.0,27.256,False,200,
1787684448.542508,container,30.0,30.0,29.673,False,200,
1787684448.5758412,container,30.0,30.0,33.878,False,200,
1787684448.6091745,container,30.0,30.0,32.423,False,200,
1787684448.6425078,container,30.0,30.0,25.553,False,200,
1787684448.675841,container,30.0,30.0,27.837,False,200,
1787684448.7091744,container,30.0,30.0,33.962,False,200,
1787684448.742508,container,30.0,30.0,24.734,False,200,
1787684448.7758412,container,30.0,30.0,36.422,False,200,
1787684448.8091745,container,30.0,30.0,32.911,False,200,
1787684448.8425078,container,30.0,30.0,31.557,False,200,
1787684448.8758411,container,30.0,30.0,34.436,False,200,
1787684448.9091744,container,30.0,30.0,29.998,False,200,
1787684448.9425077,container,30.0,30.0,25.215,False,200,
1787684448.9758413,container,30.0,30.0,29.161,False,200,
1787684449.0091746,container,30.0,30.0,34.646,False,200,
1787684449.042508,container,30.0,30.0,31.646,False,200,
1787684449.0758412,container,30.0,30.0,36.695,False,200,
1787684449.1091745,container,30.0,30.0,25.89,False,200,
1787684449.1425078,container,30.0,30.0,29.28,False,200,
1787684449.175841,container,30.0,30.0,29.941,False,200,
1787684449.2091744,container,30.0,30.0,25.392,False,200,
1787684449.242508,container,30.0,30.0,33.687,False,200,
1787684449.2758412,container,30.0,30.0,34.593,False,200,
1787684449.3091745,container,30.0,30.0,32.489,False,200,
1787684449.3425078,container,30.0,30.0,26.752,False,200,
1787684449.3758411,container,30.0,30.0,25.858,False,200,
1787684449.4091744,container,30.0,30.0,27.389,False,200,
1787684449.4425077,container,30.0,30.0,28.298,False,200,
1787684449.4758413,container,30.0,30.0,23.51,False,200,
1787684449.5091746,container,30.0,30.0,32.753,False,200,
1787684449.542508,container,30.0,30.0,32.747,False,200,
1787684449.5758412,container,30.0,30.0,32.386,False,200,
1787684449.6091745,container,30.0,30.0,32.171,False,200,
1787684449.6425078,container,30.0,30.0,31.229,False,200,
1787684449.675841,container,30.0,30.0,29.242,False,200,
1787684449.7091744,container,30.0,30.0,39.345,False,200,
1787684449.742508,container,30.0,30.0,28.649,False,200,
1787684449.7758412,container,30.0,30.0,27.742,False,200,
1787684449.8091745,container,30.0,30.0,31.378,False,200,
1787684449.8425078,container,30.0,30.0,24.585,False,200,
1787684449.8758411,container,30.0,30.0,33.616,False,200,
1787684449.9091744,container,30.0,30.0,34.812,False,200,
1787684449.9425077,container,30.0,30.0,27.42,False,200,
1787684449.9758413,container,30.0,30.0,32.661,False,200,
1787684450.0091746,container,30.0,30.0,28.45,False,200,
1787684450.042508,container,30.0,30.0,30.788,False,200,
1787684450.0758412,container,30.0,30.0,35.865,False,200,
1787684450.1091745,container,30.0,30.0,33.759,False,200,
1787684450.1425078,container,30.0,30.0,28.967,False,200,
1787684450.175841,container,30.0,30.0,26.906,False,200,
1787684450.2091744,container,30.0,30.0,33.239,False,200,
1787684450.242508,container,30.0,30.0,27.604,False,200,
1787684450.2758412,container,30.0,30.0,24.434,False,200,
1787684450.3091745,container,30.0,30.0,21.406,False,200,
1787684450.3425078,container,30.0,30.0,30.554,False,200,
1787684450.3758411,container,30.0,30.0,37.8,False,200,
1787684450.4091744,container,30.0,30.0,29.749,False,200,
1787684450.4425077,container,30.0,30.0,38.691,False,200,
1787684450.4758413,container,30.0,30.0,27.713,False,200,
1787684450.5091746,container,30.0,30.0,26.483,False,200,
1787684450.542508,container,30.0,30.0,25.805,False,200,
1787684450.5758412,container,30.0,30.0,34.228,False,200,
1787684450.6091745,container,30.0,30.0,25.396,False,200,
1787684450.6425078,container,30.0,30.0,26.759,False,200,
1787684450.675841,container,30.0,30.0,37.136,False,200,
1787684450.7091744,container,30.0,30.0,29.516,False,200,
1787684450.742508,container,30.0,30.0,30.446,False,200,
1787684450.7758412,container,30.0,30.0,32.105,False,200,
1787684450.8091745,container,30.0,30.0,32.485,False,200,
1787684450.8425078,container,30.0,30.0,40.185,False,200,
1787684450.8758411,container,30.0,30.0,29.908,False,200,
1787684450.9091744,container,30.0,30.0,33.426,False,200,
1787684450.9425077,container,30.0,30.0,39.482,False,200,
1787684450.9758413,container,30.0,30.0,28.41,False,200,
1787684451.0091746,container,30.0,30.0,25.136,False,200,
1787684451.042508,container,30.0,30.0,28.225,False,200,
1787684451.0758412,container,30.0,30.0,33.992,False,200,
1787684451.1091745,container,30.0,30.0,33.846,False,200,
1787684451.1425078,container,30.0,30.0,26.497,False,200,
1787684451.175841,container,30.0,30.0,26.601,False,200,
1787684451.2091744,container,30.0,30.0,34.457,False,200,
1787684451.242508,container,30.0,30.0,27.558,False,200,
1787684451.2758412,container,30.0,30.0,33.367,False,200,
1787684451.3091745,container,30.0,30.0,23.772,False,200,
1787684451.3425078,container,30.0,30.0,22.851,False,200,
1787684451.3758411,container,30.0,30.0,39.195,False,200,
1787684451.4091744,container,30.0,30.0,29.007,False,200,
1787684451.4425077,container,30.0,30.0,28.603,False,200,
1787684451.4758413,container,30.0,30.0,36.322,False,200,
1787684451.5091746,container,30.0,30.0,29.141,False,200,
1787684451.542508,container,30.0,30.0,33.27,False,200,
1787684451.5758412,container,30.0,30.0,33.717,False,200,
1787684451.6091745,container,30.0,30.0,29.131,False,200,
1787684451.6425078,container,30.0,30.0,27.85,False,200,
1787684451.675841,container,30.0,30.0,37.024,False,200,
1787684451.7091744,container,30.0,30.0,33.541,False,200,
1787684451.742508,container,30.0,30.0,27.062,False,200,
1787684451.7758412,container,30.0,30.0,22.507,False,200,
1787684451.8091745,container,30.0,30.0,29.68,False,200,
1787684451.8425078,container,30.0,30.0,35.491,False,200,
1787684451.8758411,container,30.0,30.0,24.002,False,200,
1787684451.9091744,container,30.0,30.0,26.136,False,200,
1787684451.9425077,container,30.0,30.0,26.561,False,200,
1787684451.9758413,container,30.0,30.0,24.423,False,200,
1787684452.0091746,container,30.0,30.0,27.323,False,200,
1787684452.042508,container,30.0,30.0,27.015,False,200,
1787684452.0758412,container,30.0,30.0,27.532,False,200,
1787684452.1091745,container,30.0,30.0,24.457,False,200,
1787684452.1425078,container,30.0,30.0,31.496,False,200,
1787684452.175841,container,30.0,30.0,36.884,False,200,
1787684452.2091744,container,30.0,30.0,29.904,False,200,
1787684452.242508,container,30.0,30.0,39.36,False,200,
1787684452.2758412,container,30.0,30.0,35.804,False,200,
1787684452.3091745,container,30.0,30.0,28.852,False,200,
1787684452.3425078,container,30.0,30.0,28.314,False,200,
1787684452.3758411,container,30.0,30.0,34.205,False,200,
1787684452.4091744,container,30.0,30.0,32.861,False,200,
1787684452.4425077,container,30.0,30.0,28.092,False,200,
1787684452.4758413,container,30.0,30.0,29.292,False,200,
1787684452.5091746,container,30.0,30.0,27.709,False,200,
1787684452.542508,container,30.0,30.0,35.083,False,200,
1787684452.5758412,container,30.0,30.0,33.13,False,200,
1787684452.6091745,container,30.0,30.0,29.231,False,200,
1787684452.6425078,container,30.0,30.0,35.45,False,200,
1787684452.675841,container,30.0,30.0,32.991,False,200,
1787684452.7091744,container,30.0,30.0,28.686,False,200,
1787684452.742508,container,30.0,30.0,26.806,False,200,
1787684452.7758412,container,30.0,30.0,36.615,False,200,
1787684452.8091745,container,30.0,30.0,26.205,False,200,
1787684452.8425078,container,30.0,30.0,25.866,False,200,
1787684452.8758411,container,30.0,30.0,29.546,False,200,
1787684452.9091744,container,30.0,30.0,25.174,False,200,
1787684452.9425077,container,30.0,30.0,30.001,False,200,
1787684452.9758413,container,30.0,30.0,28.6,False,200,
1787684453.0091746,container,30.0,30.0,26.163,False,200,
1787684453.042508,container,30.0,30.0,29.705,False,200,
1787684453.0758412,container,30.0,30.0,27.784,False,200,
1787684453.1091745,container,30.0,30.0,25.47,False,200,
1787684453.1425078,container,30.0,30.0,25.98,False,200,
1787684453.175841,container,30.0,30.0,31.414,False,200,
1787684453.2091744,container,30.0,30.0,31.657,False,200,
1787684453.242508,container,30.0,30.0,27.541,False,200,
1787684453.2758412,container,30.0,30.0,24.406,False,200,
1787684453.3091745,container,30.0,30.0,30.754,False,200,
1787684453.3425078,container,30.0,30.0,31.058,False,200,
1787684453.3758411,container,30.0,30.0,39.826,False,200,
1787684453.4091744,container,30.0,30.0,32.5,False,200,
1787684453.4425077,container,30.0,30.0,29.862,False,200,
1787684453.4758413,container,30.0,30.0,27.235,False,200,
1787684453.5091746,container,30.0,30.0,24.273,False,200,
1787684453.542508,container,30.0,30.0,33.048,False,200,
1787684453.5758412,container,30.0,30.0,24.614,False,200,
1787684453.6091745,container,30.0,30.0,27.314,False,200,
1787684453.6425078,container,30.0,30.0,30.223,False,200,
1787684453.675841,container,30.0,30.0,29.415,False,200,
1787684453.7091744,container,30.0,30.0,31.816,False,200,
1787684453.742508,container,30.0,30.0,40.515,False,200,
1787684453.7758412,container,30.0,30.0,27.481,False,200,
1787684453.8091745,container,30.0,30.0,33.099,False,200,
1787684453.8425078,container,30.0,30.0,32.913,False,200,
1787684453.8758411,container,30.0,30.0,41.531,False,200,
1787684453.9091744,container,30.0,30.0,30.781,False,200,
1787684453.9425077,container,30.0,30.0,30.454,False,200,
1787684453.9758413,container,30.0,30.0,29.205,False,200,
1787684454.0091746,container,30.0,30.0,31.114,False,200,
1787684454.042508,container,30.0,30.0,28.881,False,200,
1787684454.0758412,container,30.0,30.0,36.43,False,200,
1787684454.1091745,container,30.0,30.0,30.621,False,200,
1787684454.1425078,container,30.0,30.0,25.322,False,200,
1787684454.175841,container,30.0,30.0,27.271,False,200,
1787684454.2091744,container,30.0,30.0,35.832,False,200,
1787684454.242508,container,30.0,30.0,25.453,False,200,
1787684454.2758412,container,30.0,30.0,35.39,False,200,
1787684454.3091745,container,30.0,30.0,33.339,False,200,
1787684454.3425078,container,30.0,30.0,34.746,False,200,
1787684454.3758411,container,30.0,30.0,40.126,False,200,
1787684454.4091744,container,30.0,30.0,35.039,False,200,
1787684454.4425077,container,30.0,30.0,24.599,False,200,
1787684454.4758413,container,30.0,30.0,32.265,False,200,
1787684454.5091746,container,30.0,30.0,31.061,False,200,
1787684454.542508,container,30.0,30.0,31.555,False,200,
1787684454.5758412,container,30.0,30.0,39.737,False,200,
1787684454.6091745,container,30.0,30.0,27.436,False,200,
1787684454.6425078,container,30.0,30.0,30.762,False,200,
1787684454.675841,container,30.0,30.0,27.021,False,200,
1787684454.7091744,container,30.0,30.0,33.407,False,200,
1787684454.742508,container,30.0,30.0,30.317,False,200,
1787684454.7758412,container,30.0,30.0,25.722,False,200,
1787684454.8091745,container,30.0,30.0,28.788,False,200,
1787684454.8425078,container,30.0,30.0,37.946,False,200,
1787684454.8758411,container,30.0,30.0,28.281,False,200,
1787684454.9091744,container,30.0,30.0,38.159,False,200,
1787684454.9425077,container,30.0,30.0,28.941,False,200,
1787684454.9758413,container,30.0,30.0,24.522,False,200,
1787684455.0091746,container,30.0,30.0,29.65,False,200,
1787684455.042508,container,30.0,30.0,28.286,False,200,
1787684455.0758412,container,30.0,30.0,20.635,False,200,
1787684455.1091745,container,30.0,30.0,33.688,False,200,
1787684455.1425078,container,30.0,30.0,35.756,False,200,
1787684455.175841,container,30.0,30.0,27.344,False,200,
1787684455.2091744,container,30.0,30.0,33.717,False,200,
1787684455.242508,container,30.0,30.0,33.211,False,200,
1787684455.2758412,container,30.0,30.0,27.879,False,200,
1787684455.3091745,container,30.0,30.0,26.379,False,200,
1787684455.3425078,container,30.0,30.0,33.546,False,200,
1787684455.3758411,container,30.0,30.0,26.618,False,200,
1787684455.4091744,container,30.0,30.0,31.649,False,200,
1787684455.4425077,container,30.0,30.0,27.869,False,200,
1787684455.4758413,container,30.0,30.0,23.17,False,200,
1787684455.5091746,container,30.0,30.0,25.425,False,200,
1787684455.542508,container,30.0,30.0,30.47,False,200,
1787684455.5758412,container,30.0,30.0,27.858,False,200,
1787684455.6091745,container,30.0,30.0,30.178,False,200,
1787684455.6425078,container,30.0,30.0,21.106,False,200,
1787684455.675841,container,30.0,30.0,24.454,False,200,
1787684455.7091744,container,30.0,30.0,32.271,False,200,
1787684455.742508,container,30.0,30.0,32.745,False,200,
1787684455.7758412,container,30.0,30.0,26.737,False,200,
1787684455.8091745,container,30.0,30.0,28.946,False,200,
1787684455.8425078,container,30.0,30.0,31.419,False,200,
1787684455.8758411,container,30.0,30.0,24.267,False,200,
1787684455.9091744,container,30.0,30.0,32.162,False,200,
1787684455.9425077,container,30.0,30.0,40.18,False,200,
1787684455.9758413,container,30.0,30.0,34.446,False,200,
1787684456.0091746,container,30.0,30.0,23.511,False,200,
1787684456.042508,container,30.0,30.0,27.101,False,200,
1787684456.0758412,container,30.0,30.0,21.717,False,200,
1787684456.1091745,container,30.0,30.0,34.196,False,200,
1787684456.1425078,container,30.0,30.0,33.604,False,200,
1787684456.175841,container,30.0,30.0,30.493,False,200,
1787684456.2091744,container,30.0,30.0,32.561,False,200,
1787684456.242508,container,30.0,30.0,39.654,False,200,
1787684456.2758412,container,30.0,30.0,32.331,False,200,
1787684456.3091745,container,30.0,30.0,31.581,False,200,
1787684456.3425078,container,30.0,30.0,28.855,False,200,
1787684456.3758411,container,30.0,30.0,27.67,False,200,
1787684456.4091744,container,30.0,30.0,34.944,False,200,
1787684456.4425077,container,30.0,30.0,32.987,False,200,
1787684456.4758413,container,30.0,30.0,26.507,False,200,
1787684456.5091746,container,30.0,30.0,26.588,False,200,
1787684456.542508,container,30.0,30.0,29.1,False,200,
1787684456.5758412,container,30.0,30.0,24.31,False,200,
1787684456.6091745,container,30.0,30.0,32.324,False,200,
1787684456.6425078,container,30.0,30.0,30.919,False,200,
1787684456.675841,container,30.0,30.0,31.726,False,200,
1787684456.7091744,container,30.0,30.0,40.158,False,200,
1787684456.742508,container,30.0,30.0,21.879,False,200,
1787684456.7758412,container,30.0,30.0,30.916,False,200,
1787684456.8091745,container,30.0,30.0,23.928,False,200,
1787684456.8425078,container,30.0,30.0,29.955,False,200,
1787684456.8758411,container,30.0,30.0,26.364,False,200,
1787684456.9091744,container,30.0,30.0,29.61,False,200,
1787684456.9425077,container,30.0,30.0,24.976,False,200,
1787684456.9758413,container,30.0,30.0,21.361,False,200,
1787684457.0091746,container,30.0,30.0,30.251,False,200,
1787684457.042508,container,30.0,30.0,30.816,False,200,
1787684457.0758412,container,30.0,30.0,38.139,False,200,
1787684457.1091745,container,30.0,30.0,29.119,False,200,
1787684457.1425078,container,30.0,30.0,34.313,False,200,
1787684457.175841,container,30.0,30.0,33.727,False,200,
1787684457.2091744,container,30.0,30.0,30.857,False,200,
1787684457.242508,container,30.0,30.0,31.388,False,200,
1787684457.2758412,container,30.0,30.0,27.664,False,200,
1787684457.3091745,container,30.0,30.0,23.858,False,200,
1787684457.3425078,container,30.0,30.0,25.806,False,200,
1787684457.3758411,container,30.0,30.0,26.451,False,200,
1787684457.4091744,container,30.0,30.0,27.936,False,200,
1787684457.4425077,container,30.0,30.0,33.346,False,200,
1787684457.4758413,container,30.0,30.0,25.928,False,200,
1787684457.5091746,container,30.0,30.0,35.27,False,200,
1787684457.542508,container,30.0,30.0,28.764,False,200,
1787684457.5758412,container,30.0,30.0,36.335,False,200,
1787684457.6091745,container,30.0,30.0,30.509,False,200,
1787684457.6425078,container,30.0,30.0,29.053,False,200,
1787684457.675841,container,30.0,30.0,35.286,False,200,
1787684457.7091744,container,30.0,30.0,22.457,False,200,
1787684457.742508,container,30.0,30.0,37.903,False,200,
1787684457.7758412,container,30.0,30.0,30.227,False,200,
1787684457.8091745,container,30.0,30.0,28.83,False,200,
1787684457.8425078,container,30.0,30.0,31.443,False,200,
1787684457.8758411,container,30.0,30.0,24.692,False,200,
1787684457.9091744,container,30.0,30.0,33.402,False,200,
1787684457.9425077,container,30.0,30.0,31.144,False,200,
1787684457.9758413,container,30.0,30.0,36.095,False,200,
1787684458.0091746,container,30.0,30.0,28.414,False,200,
1787684458.042508,container,30.0,30.0,28.323,False,200,
1787684458.0758412,container,30.0,30.0,33.132,False,200,
1787684458.1091745,container,30.0,30.0,33.338,False,200,
1787684458.1425078,container,30.0,30.0,25.777,False,200,
1787684458.175841,container,30.0,30.0,31.968,False,200,
1787684458.2091744,container,30.0,30.0,28.518,False,200,
1787684458.242508,container,30.0,30.0,22.804,False,200,
1787684458.2758412,container,30.0,30.0,24.766,False,200,
1787684458.3091745,container,30.0,30.0,33.033,False,200,
1787684458.3425078,container,30.0,30.0,30.132,False,200,
1787684458.3758411,container,30.0,30.0,33.915,False,200,
1787684458.4091744,container,30.0,30.0,29.196,False,200,
1787684458.4425077,container,30.0,30.0,32.429,False,200,
1787684458.4758413,container,30.0,30.0,29.698,False,200,
1787684458.5091746,container,30.0,30.0,39.717,False,200,
1787684458.542508,container,30.0,30.0,25.664,False,200,
1787684458.5758412,container,30.0,30.0,33.969,False,200,
1787684458.6091745,container,30.0,30.0,32.556,False,200,
1787684458.6425078,container,30.0,30.0,34.716,False,200,
1787684458.675841,container,30.0,30.0,36.748,False,200,
1787684458.7091744,container,30.0,30.0,34.305,False,200,
1787684458.742508,container,30.0,30.0,28.61,False,200,
1787684458.7758412,container,30.0,30.0,35.685,False,200,
1787684458.8091745,container,30.0,30.0,23.505,False,200,
1787684458.8425078,container,30.0,30.0,26.788,False,200,
1787684458.8758411,container,30.0,30.0,34.75,False,200,
1787684458.9091744,container,30.0,30.0,24.309,False,200,
1787684458.9425077,container,30.0,30.0,23.312,False,200,
1787684458.9758413,container,30.0,30.0,26.108,False,200,
1787684459.0091746,container,30.0,30.0,28.181,False,200,
1787684459.042508,container,30.0,30.0,32.821,False,200,
1787684459.0758412,container,30.0,30.0,39.803,False,200,
1787684459.1091745,container,30.0,30.0,26.674,False,200,
1787684459.1425078,container,30.0,30.0,36.133,False,200,
1787684459.175841,container,30.0,30.0,35.099,False,200,
1787684459.2091744,container,30.0,30.0,30.797,False,200,
1787684459.242508,container,30.0,30.0,26.846,False,200,
1787684459.2758412,container,30.0,30.0,32.812,False,200,
1787684459.3091745,container,30.0,30.0,30.048,False,200,
1787684459.3425078,container,30.0,30.0,38.107,False,200,
1787684459.3758411,container,30.0,30.0,30.475,False,200,
1787684459.4091744,container,30.0,30.0,33.292,False,200,
1787684459.4425077,container,30.0,30.0,26.293,False,200,
1787684459.4758413,container,30.0,30.0,39.572,False,200,
1787684459.5091746,container,30.0,30.0,29.584,False,200,
1787684459.542508,container,30.0,30.0,33.422,False,200,
1787684459.5758412,container,30.0,30.0,29.236,False,200,
1787684459.6091745,container,30.0,30.0,31.765,False,200,
1787684459.6425078,container,30.0,30.0,21.064,False,200,
1787684459.675841,container,30.0,30.0,25.778,False,200,
1787684459.7091744,container,30.0,30.0,27.279,False,200,
1787684459.742508,container,30.0,30.0,30.915,False,200,
1787684459.7758412,container,30.0,30.0,34.607,False,200,
1787684459.8091745,container,30.0,30.0,41.864,False,200,
1787684459.8425078,container,30.0,30.0,35.087,False,200,
1787684459.8758411,container,30.0,30.0,24.811,False,200,
1787684459.9091744,container,30.0,30.0,29.175,False,200,
1787684459.9425077,container,30.0,30.0,25.591,False,200,
1787684459.9758413,container,30.0,30.0,34.023,False,200,
1787684460.0091746,container,30.0,30.0,28.622,False,200,
1787684460.042508,container,30.0,30.0,33.623,False,200,
1787684460.0758412,container,30.0,30.0,28.967,False,200,
1787684460.1091745,container,30.0,30.0,41.943,False,200,
1787684460.1425078,container,30.0,30.0,33.293,False,200,
1787684460.175841,container,30.0,30.0,38.666,False,200,
1787684460.2091744,container,30.0,30.0,29.679,False,200,
1787684460.242508,container,30.0,30.0,24.523,False,200,
1787684460.2758412,container,30.0,30.0,27.529,False,200,
1787684460.3091745,container,30.0,30.0,27.522,False,200,
1787684460.3425078,container,30.0,30.0,30.925,False,200,
1787684460.3758411,container,30.0,30.0,30.896,False,200,
1787684460.4091744,container,30.0,30.0,33.113,False,200,
1787684460.4425077,container,30.0,30.0,31.468,False,200,
1787684460.4758413,container,30.0,30.0,27.886,False,200,
1787684460.5091746,container,30.0,30.0,27.863,False,200,
1787684460.542508,container,30.0,30.0,28.357,False,200,
1787684460.5758412,container,30.0,30.0,27.511,False,200,
1787684460.6091745,container,30.0,30.0,34.306,False,200,
1787684460.6425078,container,30.0,30.0,26.617,False,200,
1787684460.675841,container,30.0,30.0,29.5,False,200,
1787684460.7091744,container,30.0,30.0,32.42,False,200,
1787684460.742508,container,30.0,30.0,24.758,False,200,
1787684460.7758412,container,30.0,30.0,34.502,False,200,
1787684460.8091745,container,30.0,30.0,40.004,False,200,
1787684460.8425078,container,30.0,30.0,28.297,False,200,
1787684460.8758411,container,30.0,30.0,23.74,False,200,
1787684460.9091744,container,30.0,30.0,31.109,False,200,
1787684460.9425077,container,30.0,30.0,27.412,False,200,
1787684460.9758413,container,30.0,30.0,26.96,False,200,
1787684461.0091746,container,30.0,30.0,36.442,False,200,
1787684461.042508,container,30.0,30.0,34.4,False,200,
1787684461.0758412,container,30.0,30.0,20.4,False,200,
1787684461.1091745,container,30.0,30.0,38.425,False,200,
1787684461.1425078,container,30.0,30.0,27.009,False,200,
1787684461.175841,container,30.0,30.0,28.012,False,200,
1787684461.2091744,container,30.0,30.0,23.969,False,200,
1787684461.242508,container,30.0,30.0,31.541,False,200,
1787684461.2758412,container,30.0,30.0,26.307,False,200,
1787684461.3091745,container,30.0,30.0,28.108,False,200,
1787684461.3425078,container,30.0,30.0,26.027,False,200,
1787684461.3758411,container,30.0,30.0,25.635,False,200,
1787684461.4091744,container,30.0,30.0,32.616,False,200,
1787684461.4425077,container,30.0,30.0,39.657,False,200,
1787684461.4758413,container,30.0,30.0,25.152,False,200,
1787684461.5091746,container,30.0,30.0,23.397,False,200,
1787684461.542508,container,30.0,30.0,33.665,False,200,
1787684461.5758412,container,30.0,30.0,46.089,False,200,
1787684461.6091745,container,30.0,30.0,20.791,False,200,
1787684461.6425078,container,30.0,30.0,27.443,False,200,
1787684461.675841,container,30.0,30.0,26.796,False,200,
1787684461.7091744,container,30.0,30.0,40.62,False,200,
1787684461.742508,container,30.0,30.0,29.932,False,200,
1787684461.7758412,container,30.0,30.0,39.971,False,200,
1787684461.8091745,container,30.0,30.0,32.546,False,200,
1787684461.8425078,container,30.0,30.0,26.791,False,200,
1787684461.8758411,container,30.0,30.0,39.136,False,200,
1787684461.9091744,container,30.0,30.0,27.929,False,200,
1787684461.9425077,container,30.0,30.0,24.656,False,200,
1787684461.9758413,container,30.0,30.0,26.373,False,200,
1787684462.0091746,container,30.0,30.0,26.757,False,200,
1787684462.042508,container,30.0,30.0,31.524,False,200,
1787684462.0758412,container,30.0,30.0,31.088,False,200,
1787684462.1091745,container,30.0,30.0,27.117,False,200,
1787684462.1425078,container,30.0,30.0,28.18,False,200,
1787684462.175841,container,30.0,30.0,28.833,False,200,
1787684462.2091744,container,30.0,30.0,25.364,False,200,
1787684462.242508,container,30.0,30.0,33.703,False,200,
1787684462.2758412,container,30.0,30.0,26.28,False,200,
1787684462.3091745,container,30.0,30.0,28.061,False,200,
1787684462.3425078,container,30.0,30.0,28.302,False,200,
1787684462.3758411,container,30.0,30.0,21.432,False,200,
1787684462.4091744,container,30.0,30.0,30.869,False,200,
1787684462.4425077,container,30.0,30.0,33.482,False,200,
1787684462.4758413,container,30.0,30.0,36.842,False,200,
1787684462.5091746,container,30.0,30.0,26.935,False,200,
1787684462.542508,container,30.0,30.0,37.737,False,200,
1787684462.5758412,container,30.0,30.0,35.326,False,200,
1787684462.6091745,container,30.0,30.0,27.657,False,200,
1787684462.6425078,container,30.0,30.0,25.727,False,200,
1787684462.675841,container,30.0,30.0,29.822,False,200,
1787684462.7091744,container,30.0,30.0,25.586,False,200,
1787684462.742508,container,30.0,30.0,28.233,False,200,
1787684462.7758412,container,30.0,30.0,35.622,False,200,
1787684462.8091745,container,30.0,30.0,31.947,False,200,
1787684462.8425078,container,30.0,30.0,28.903,False,200,
1787684462.8758411,container,30.0,30.0,24.049,False,200,
1787684462.9091744,container,30.0,30.0,32.135,False,200,
1787684462.9425077,container,30.0,30.0,25.783,False,200,
1787684462.9758413,container,30.0,30.0,33.233,False,200,
1787684463.0091746,container,30.0,30.0,33.576,False,200,
1787684463.042508,container,30.0,30.0,27.087,False,200,
1787684463.0758412,container,30.0,30.0,38.234,False,200,
1787684463.1091745,container,30.0,30.0,31.22,False,200,
1787684463.1425078,container,30.0,30.0,26.545,False,200,
1787684463.175841,container,30.0,30.0,24.039,False,200,
1787684463.2091744,container,30.0,30.0,23.243,False,200,
1787684463.242508,container,30.0,30.0,38.482,False,200,
1787684463.2758412,container,30.0,30.0,38.278,False,200,
1787684463.3091745,container,30.0,30.0,25.441,False,200,
1787684463.3425078,container,30.0,30.0,34.795,False,200,
1787684463.3758411,container,30.0,30.0,33.376,False,200,
1787684463.4091744,container,30.0,30.0,24.387,False,200,
1787684463.4425077,container,30.0,30.0,30.045,False,200,
1787684463.4758413,container,30.0,30.0,28.018,False,200,
1787684463.5091746,container,30.0,30.0,28.355,False,200,
1787684463.542508,container,30.0,30.0,34.371,False,200,
1787684463.5758412,container,30.0,30.0,17.085,False,200,
1787684463.6091745,container,30.0,30.0,27.146,False,200,
1787684463.6425078,container,30.0,30.0,34.642,False,200,
1787684463.675841,container,30.0,30.0,28.407,False,200,
1787684463.7091744,container,30.0,30.0,23.778,False,200,
1787684463.742508,container,30.0,30.0,26.701,False,200,
1787684463.7758412,container,30.0,30.0,25.025,False,200,
1787684463.8091745,container,30.0,30.0,32.787,False,200,
1787684463.8425078,container,30.0,30.0,35.975,False,200,
1787684463.8758411,container,30.0,30.0,30.006,False,200,
1787684463.9091744,container,30.0,30.0,33.502,False,200,
1787684463.9425077,container,30.0,30.0,34.013,False,200,
1787684463.9758413,container,30.0,30.0,29.66,False,200,
1787684464.0091746,container,30.0,30.0,40.025,False,200,
1787684464.042508,container,30.0,30.0,28.956,False,200,
1787684464.0758412,container,30.0,30.0,32.91,False,200,
1787684464.1091745,container,30.0,30.0,29.832,False,200,
1787684464.1425078,container,30.0,30.0,30.515,False,200,
1787684464.175841,container,30.0,30.0,33.036,False,200,
1787684464.2091744,container,30.0,30.0,27.722,False,200,
1787684464.242508,container,30.0,30.0,28.286,False,200,
1787684464.2758412,container,30.0,30.0,27.769,False,200,
1787684464.3091745,container,30.0,30.0,31.704,False,200,
1787684464.3425078,container,30.0,30.0,26.137,False,200,
1787684464.3758411,container,30.0,30.0,28.432,False,200,
1787684464.4091744,container,30.0,30.0,32.04,False,200,
1787684464.4425077,container,30.0,30.0,24.531,False,200,
1787684464.4758413,container,30.0,30.0,34.656,False,200,
1787684464.5091746,container,30.0,30.0,34.086,False,200,
1787684464.542508,container,30.0,30.0,38.748,False,200,
1787684464.5758412,container,30.0,30.0,28.269,False,200,
1787684464.6091745,container,30.0,30.0,29.227,False,200,
1787684464.6425078,container,30.0,30.0,29.367,False,200,
1787684464.675841,container,30.0,30.0,28.552,False,200,
1787684464.7091744,container,30.0,30.0,31.974,False,200,
1787684464.742508,container,30.0,30.0,36.002,False,200,
1787684464.7758412,container,30.0,30.0,22.437,False,200,
1787684464.8091745,container,30.0,30.0,27.808,False,200,
1787684464.8425078,container,30.0,30.0,32.202,False,200,
1787684464.8758411,container,30.0,30.0,31.528,False,200,
1787684464.9091744,container,30.0,30.0,25.832,False,200,
1787684464.9425077,container,30.0,30.0,30.139,False,200,
1787684464.9758413,container,30.0,30.0,31.415,False,200,
1787684465.0091746,container,30.0,30.0,29.003,False,200,
1787684465.042508,container,30.0,30.0,17.818,False,200,
1787684465.0758412,container,30.0,30.0,20.061,False,200,
1787684465.1091745,container,30.0,30.0,27.36,False,200,
1787684465.1425078,container,30.0,30.0,34.483,False,200,
1787684465.175841,container,30.0,30.0,26.656,False,200,
1787684465.2091744,container,30.0,30.0,33.02,False,200,
1787684465.242508,container,30.0,30.0,32.563,False,200,
1787684465.2758412,container,30.0,30.0,48.283,False,200,
1787684465.3091745,container,30.0,30.0,32.024,False,200,
1787684465.3425078,container,30.0,30.0,35.487,False,200,
1787684465.3758411,container,30.0,30.0,36.739,False,200,
1787684465.4091744,container,30.0,30.0,28.584,False,200,
1787684465.4425077,container,30.0,30.0,34.897,False,200,
1787684465.4758413,container,30.0,30.0,38.347,False,200,
1787684465.5091746,container,30.0,30.0,24.604,False,200,
1787684465.542508,container,30.0,30.0,31.733,False,200,
1787684465.5758412,container,30.0,30.0,24.867,False,200,
1787684465.6091745,container,30.0,30.0,27.891,False,200,
1787684465.6425078,container,30.0,30.0,23.718,False,200,
1787684465.675841,container,30.0,30.0,30.589,False,200,
1787684465.7091744,container,30.0,30.0,26.165,False,200,
1787684465.742508,container,30.0,30.0,33.923,False,200,
1787684465.7758412,container,30.0,30.0,25.68,False,200,
1787684465.8091745,container,30.0,30.0,24.647,False,200,
1787684465.8425078,container,30.0,30.0,21.243,False,200,
1787684465.8758411,container,30.0,30.0,27.965,False,200,
1787684465.9091744,container,30.0,30.0,27.732,False,200,
1787684465.9425077,container,30.0,30.0,32.536,False,200,
1787684465.9758413,container,30.0,30.0,26.257,False,200,
1787684466.0091746,container,30.0,30.0,31.169,False,200,
1787684466.042508,container,30.0,30.0,28.823,False,200,
1787684466.0758412,container,30.0,30.0,31.227,False,200,
1787684466.1091745,container,30.0,30.0,34.159,False,200,
1787684466.1425078,container,30.0,30.0,29.964,False,200,
1787684466.175841,container,30.0,30.0,31.394,False,200,
1787684466.2091744,container,30.0,30.0,27.806,False,200,
1787684466.242508,container,30.0,30.0,35.326,False,200,
1787684466.2758412,container,30.0,30.0,33.833,False,200,
1787684466.3091745,container,30.0,30.0,29.267,False,200,
1787684466.3425078,container,30.0,30.0,38.542,False,200,
1787684466.3758411,container,30.0,30.0,26.322,False,200,
1787684466.4091744,container,30.0,30.0,41.382,False,200,
1787684466.4425077,container,30.0,30.0,23.844,False,200,
1787684466.4758413,container,30.0,30.0,26.354,False,200,
1787684466.5091746,container,30.0,30.0,27.063,False,200,
1787684466.542508,container,30.0,30.0,28.586,False,200,
1787684466.5758412,container,30.0,30.0,40.118,False,200,
1787684466.6091745,container,30.0,30.0,29.94,False,200,
1787684466.6425078,container,30.0,30.0,25.653,False,200,
1787684466.675841,container,30.0,30.0,26.628,False,200,
1787684466.7091744,container,30.0,30.0,34.742,False,200,
1787684466.742508,container,30.0,30.0,36.453,False,200,
1787684466.7758412,container,30.0,30.0,35.586,False,200,
1787684466.8091745,container,30.0,30.0,25.885,False,200,
1787684466.8425078,container,30.0,30.0,29.057,False,200,
1787684466.8758411,container,30.0,30.0,40.032,False,200,
1787684466.9091744,container,30.0,30.0,27.755,False,200,
1787684466.9425077,container,30.0,30.0,24.506,False,200,
1787684466.9758413,container,30.0,30.0,29.375,False,200,
1787684467.0091746,container,30.0,30.0,29.736,False,200,
1787684467.042508,container,30.0,30.0,25.766,False,200,
1787684467.0758412,container,30.0,30.0,28.09,False,200,
1787684467.1091745,container,30.0,30.0,33.655,False,200,
1787684467.1425078,container,30.0,30.0,29.566,False,200,
1787684467.175841,container,30.0,30.0,27.38,False,200,
1787684467.2091744,container,30.0,30.0,29.478,False,200,
1787684467.242508,container,30.0,30.0,26.287,False,200,
1787684467.2758412,container,30.0,30.0,33.193,False,200,
1787684467.3091745,container,30.0,30.0,31.947,False,200,
1787684467.3425078,container,30.0,30.0,25.763,False,200,
1787684467.3758411,container,30.0,30.0,30.438,False,200,
1787684467.4091744,container,30.0,30.0,31.952,False,200,
1787684467.4425077,container,30.0,30.0,25.269,False,200,
1787684467.4758413,container,30.0,30.0,27.237,False,200,
1787684467.5091746,container,30.0,30.0,31.538,False,200,
1787684467.542508,container,30.0,30.0,28.009,False,200,
1787684467.5758412,container,30.0,30.0,26.762,False,200,
1787684467.6091745,container,30.0,30.0,26.956,False,200,
1787684467.6425078,container,30.0,30.0,34.577,False,200,
1787684467.675841,container,30.0,30.0,32.311,False,200,
1787684467.7091744,container,30.0,30.0,32.664,False,200,
1787684467.742508,container,30.0,30.0,26.301,False,200,
1787684467.7758412,container,30.0,30.0,40.456,False,200,
1787684467.8091745,container,30.0,30.0,25.966,False,200,
1787684467.8425078,container,30.0,30.0,28.235,False,200,
1787684467.8758411,container,30.0,30.0,30.439,False,200,
1787684467.9091744,container,30.0,30.0,32.477,False,200,
1787684467.9425077,container,30.0,30.0,33.422,False,200,
1787684467.9758413,container,30.0,30.0,26.236,False,200,
1787684468.0091746,container,30.0,30.0,27.648,False,200,
1787684468.042508,container,30.0,30.0,26.487,False,200,
1787684468.0758412,container,30.0,30.0,32.555,False,200,
1787684468.1091745,container,30.0,30.0,36.173,False,200,
1787684468.1425078,container,30.0,30.0,44.231,False,200,
1787684468.175841,container,30.0,30.0,40.514,False,200,
1787684468.2091744,container,30.0,30.0,29.171,False,200,
1787684468.242508,container,30.0,30.0,28.038,False,200,
1787684468.2758412,container,30.0,30.0,35.104,False,200,
1787684468.3091745,container,30.0,30.0,28.344,False,200,
1787684468.3425078,container,30.0,30.0,29.526,False,200,
1787684468.3758411,container,30.0,30.0,28.734,False,200,
1787684468.4091744,container,30.0,30.0,37.835,False,200,
1787684468.4425077,container,30.0,30.0,38.78,False,200,
1787684468.4758413,container,30.0,30.0,34.437,False,200,
1787684468.5091746,container,30.0,30.0,27.812,False,200,
1787684468.542508,container,30.0,30.0,31.825,False,200,
1787684468.5758412,container,30.0,30.0,32.901,False,200,
1787684468.6091745,container,30.0,30.0,28.086,False,200,
1787684468.6425078,container,30.0,30.0,28.016,False,200,
1787684468.675841,container,30.0,30.0,28.922,False,200,
1787684468.7091744,container,30.0,30.0,27.796,False,200,
1787684468.742508,container,30.0,30.0,34.755,False,200,
1787684468.7758412,container,30.0,30.0,30.742,False,200,
1787684468.8091745,container,30.0,30.0,34.421,False,200,
1787684468.8425078,container,30.0,30.0,28.308,False,200,
1787684468.8758411,container,30.0,30.0,25.684,False,200,
1787684468.9091744,container,30.0,30.0,31.493,False,200,
1787684468.9425077,container,30.0,30.0,34.309,False,200,
1787684468.9758413,container,30.0,30.0,27.848,False,200,
1787684469.0091746,container,30.0,30.0,25.62,False,200,
1787684469.042508,container,30.0,30.0,27.237,False,200,
1787684469.0758412,container,30.0,30.0,34.026,False,200,
1787684469.1091745,container,30.0,30.0,24.773,False,200,
1787684469.1425078,container,30.0,30.0,33.648,False,200,
1787684469.175841,container,30.0,30.0,30.197,False,200,
1787684469.2091744,container,30.0,30.0,31.421,False,200,
1787684469.242508,container,30.0,30.0,32.558,False,200,
1787684469.2758412,container,30.0,30.0,29.495,False,200,
1787684469.3091745,container,30.0,30.0,24.778,False,200,
1787684469.3425078,container,30.0,30.0,24.022,False,200,
1787684469.3758411,container,30.0,30.0,39.677,False,200,
1787684469.4091744,container,30.0,30.0,29.814,False,200,
1787684469.4425077,container,30.0,30.0,24.329,False,200,
1787684469.4758413,container,30.0,30.0,42.47,False,200,
1787684469.5091746,container,30.0,30.0,34.316,False,200,
1787684469.542508,container,30.0,30.0,27.647,False,200,
1787684469.5758412,container,30.0,30.0,30.832,False,200,
1787684469.6091745,container,30.0,30.0,25.075,False,200,
1787684469.6425078,container,30.0,30.0,31.267,False,200,
1787684469.675841,container,30.0,30.0,28.057,False,200,
1787684469.7091744,container,30.0,30.0,34.418,False,200,
1787684469.742508,container,30.0,30.0,37.777,False,200,
1787684469.7758412,container,30.0,30.0,30.851,False,200,
1787684469.8091745,container,30.0,30.0,29.926,False,200,
1787684469.8425078,container,30.0,30.0,30.904,False,200,
1787684469.8758411,container,30.0,30.0,34.853,False,200,
1787684469.9091744,container,30.0,30.0,24.808,False,200,
1787684469.9425077,container,30.0,30.0,29.364,False,200,
1787684469.9758413,container,30.0,30.0,35.095,False,200,
1787684470.0091746,container,30.0,30.0,32.461,False,200,
1787684470.042508,container,30.0,30.0,37.978,False,200,
1787684470.0758412,container,30.0,30.0,27.395,False,200,
1787684470.1091745,container,30.0,30.0,26.788,False,200,
1787684470.1425078,container,30.0,30.0,21.285,False,200,
1787684470.175841,container,30.0,30.0,35.997,False,200,
1787684470.2091744,container,30.0,30.0,33.798,False,200,
1787684470.242508,container,30.0,30.0,32.719,False,200,
1787684470.2758412,container,30.0,30.0,31.969,False,200,
1787684470.3091745,container,30.0,30.0,27.886,False,200,
1787684470.3425078,container,30.0,30.0,32.42,False,200,
1787684470.3758411,container,30.0,30.0,21.716,False,200,
1787684470.4091744,container,30.0,30.0,30.6,False,200,
1787684470.4425077,container,30.0,30.0,23.464,False,200,
1787684470.4758413,container,30.0,30.0,30.558,False,200,
1787684470.5091746,container,30.0,30.0,26.514,False,200,
1787684470.542508,container,30.0,30.0,28.83,False,200,
1787684470.5758412,container,30.0,30.0,22.312,False,200,
1787684470.6091745,container,30.0,30.0,30.785,False,200,
1787684470.6425078,container,30.0,30.0,23.681,False,200,
1787684470.675841,container,30.0,30.0,27.522,False,200,
1787684470.7091744,container,30.0,30.0,31.232,False,200,
1787684470.742508,container,30.0,30.0,29.011,False,200,
1787684470.7758412,container,30.0,30.0,26.201,False,200,
1787684470.8091745,container,30.0,30.0,31.051,False,200,
1787684470.8425078,container,30.0,30.0,29.23,False,200,
1787684470.8758411,container,30.0,30.0,26.365,False,200,
1787684470.9091744,container,30.0,30.0,30.189,False,200,
1787684470.9425077,container,30.0,30.0,28.927,False,200,
1787684470.9758413,container,30.0,30.0,30.85,False,200,
1787684471.0091746,container,30.0,30.0,34.325,False,200,
1787684471.042508,container,30.0,30.0,24.243,False,200,
1787684471.0758412,container,30.0,30.0,29.764,False,200,
1787684471.1091745,container,30.0,30.0,34.411,False,200,
1787684471.1425078,container,30.0,30.0,32.322,False,200,
1787684471.175841,container,30.0,30.0,31.166,False,200,
1787684471.2091744,container,30.0,30.0,26.163,False,200,
1787684471.242508,container,30.0,30.0,28.947,False,200,
1787684471.2758412,container,30.0,30.0,37.037,False,200,
1787684471.3091745,container,30.0,30.0,26.94,False,200,
1787684471.3425078,container,30.0,30.0,24.211,False,200,
1787684471.3758411,container,30.0,30.0,32.096,False,200,
1787684471.4091744,container,30.0,30.0,24.535,False,200,
1787684471.4425077,container,30.0,30.0,25.809,False,200,
1787684471.4758413,container,30.0,30.0,28.49,False,200,
1787684471.5091746,container,30.0,30.0,29.597,False,200,
1787684471.542508,container,30.0,30.0,28.538,False,200,
1787684471.5758412,container,30.0,30.0,31.371,False,200,
1787684471.6091745,container,30.0,30.0,26.437,False,200,
1787684471.6425078,container,30.0,30.0,27.025,False,200,
1787684471.675841,container,30.0,30.0,32.461,False,200,
1787684471.7091744,container,30.0,30.0,29.185,False,200,
1787684471.742508,container,30.0,30.0,22.434,False,200,
1787684471.7758412,container,30.0,30.0,24.609,False,200,
1787684471.8091745,container,30.0,30.0,28.584,False,200,
1787684471.8425078,container,30.0,30.0,29.401,False,200,
1787684471.8758411,container,30.0,30.0,27.88,False,200,
1787684471.9091744,container,30.0,30.0,24.996,False,200,
1787684471.9425077,container,30.0,30.0,25.231,False,200,
1787684471.9758413,container,30.0,30.0,31.206,False,200,
1787684472.0091746,container,30.0,30.0,29.925,False,200,
1787684472.042508,container,30.0,30.0,26.795,False,200,
1787684472.0758412,container,30.0,30.0,27.07,False,200,
1787684472.1091745,container,30.0,30.0,29.503,False,200,
1787684472.1425078,container,30.0,30.0,29.003,False,200,
1787684472.175841,container,30.0,30.0,31.19,False,200,
1787684472.2091744,container,30.0,30.0,23.722,False,200,
1787684472.242508,container,30.0,30.0,28.496,False,200,
1787684472.2758412,container,30.0,30.0,29.066,False,200,
1787684472.3091745,container,30.0,30.0,27.166,False,200,
1787684472.3425078,container,30.0,30.0,24.307,False,200,
1787684472.3758411,container,30.0,30.0,20.649,False,200,
1787684472.4091744,container,30.0,30.0,31.126,False,200,
1787684472.4425077,container,30.0,30.0,31.387,False,200,
1787684472.4758413,container,30.0,30.0,35.326,False,200,
1787684472.5091746,container,30.0,30.0,27.545,False,200,
1787684472.542508,container,30.0,30.0,29.256,False,200,
1787684472.5758412,container,30.0,30.0,32.513,False,200,
1787684472.6091745,container,30.0,30.0,34.074,False,200,
1787684472.6425078,container,30.0,30.0,25.512,False,200,
1787684472.675841,container,30.0,30.0,24.099,False,200,
1787684472.7091744,container,30.0,30.0,32.362,False,200,
1787684472.742508,container,30.0,30.0,27.396,False,200,
1787684472.7758412,container,30.0,30.0,32.829,False,200,
1787684472.8091745,container,30.0,30.0,30.696,False,200,
1787684472.8425078,container,30.0,30.0,34.765,False,200,
1787684472.8758411,container,30.0,30.0,26.781,False,200,
1787684472.9091744,container,30.0,30.0,29.364,False,200,
1787684472.9425077,container,30.0,30.0,25.14,False,200,
1787684472.9758413,container,30.0,30.0,27.833,False,200,
1787684473.0091746,container,30.0,30.0,22.339,False,200,
1787684473.042508,container,30.0,30.0,30.253,False,200,
1787684473.0758412,container,30.0,30.0,34.482,False,200,
1787684473.1091745,container,30.0,30.0,28.677,False,200,
1787684473.1425078,container,30.0,30.0,33.163,False,200,
1787684473.175841,container,30.0,30.0,35.37,False,200,
1787684473.2091744,container,30.0,30.0,35.515,False,200,
1787684473.242508,container,30.0,30.0,33.404,False,200,
1787684473.2758412,container,30.0,30.0,30.817,False,200,
1787684473.3091745,container,30.0,30.0,30.823,False,200,
1787684473.3425078,container,30.0,30.0,30.832,False,200,
1787684473.3758411,container,30.0,30.0,27.743,False,200,
1787684473.4091744,container,30.0,30.0,30.849,False,200,
1787684473.4425077,container,30.0,30.0,29.779,False,200,
1787684473.4758413,container,30.0,30.0,28.933,False,200,
1787684473.5091746,container,30.0,30.0,24.822,False,200,
1787684473.542508,container,30.0,30.0,30.762,False,200,
1787684473.5758412,container,30.0,30.0,30.35,False,200,
1787684473.6091745,container,30.0,30.0,26.676,False,200,
1787684473.6425078,container,30.0,30.0,37.424,False,200,
1787684473.675841,container,30.0,30.0,30.397,False,200,
1787684473.7091744,container,30.0,30.0,27.394,False,200,
1787684473.742508,container,30.0,30.0,31.541,False,200,
1787684473.7758412,container,30.0,30.0,26.299,False,200,
1787684473.8091745,container,30.0,30.0,30.85,False,200,
1787684473.8425078,container,30.0,30.0,27.841,False,200,
1787684473.8758411,container,30.0,30.0,31.782,False,200,
1787684473.9091744,container,30.0,30.0,30.976,False,200,
1787684473.9425077,container,30.0,30.0,25.634,False,200,
1787684473.9758413,container,30.0,30.0,29.257,False,200,
1787684474.0091746,container,30.0,30.0,33.555,False,200,
1787684474.042508,container,30.0,30.0,28.422,False,200,
1787684474.0758412,container,30.0,30.0,28.334,False,200,
1787684474.1091745,container,30.0,30.0,37.14,False,200,
1787684474.1425078,container,30.0,30.0,26.898,False,200,
1787684474.175841,container,30.0,30.0,36.622,False,200,
1787684474.2091744,container,30.0,30.0,23.244,False,200,
1787684474.242508,container,30.0,30.0,33.465,False,200,
1787684474.2758412,container,30.0,30.0,31.225,False,200,
1787684474.3091745,container,30.0,30.0,28.563,False,200,
1787684474.3425078,container,30.0,30.0,31.218,False,200,
1787684474.3758411,container,30.0,30.0,27.272,False,200,
1787684474.4091744,container,30.0,30.0,29.127,False,200,
1787684474.4425077,container,30.0,30.0,33.948,False,200,
1787684474.4758413,container,30.0,30.0,23.344,False,200,
1787684474.5091746,container,30.0,30.0,32.468,False,200,
1787684474.542508,container,30.0,30.0,40.37,False,200,
1787684474.5758412,container,30.0,30.0,29.709,False,200,
1787684474.6091745,container,30.0,30.0,24.422,False,200,
1787684474.6425078,container,30.0,30.0,36.234,False,200,
1787684474.675841,container,30.0,30.0,31.313,False,200,
1787684474.7091744,container,30.0,30.0,33.601,False,200,
1787684474.742508,container,30.0,30.0,25.386,False,200,
1787684474.7758412,container,30.0,30.0,25.653,False,200,
1787684474.8091745,container,30.0,30.0,30.317,False,200,
1787684474.8425078,container,30.0,30.0,36.967,False,200,
1787684474.8758411,container,30.0,30.0,35.226,False,200,
1787684474.9091744,container,30.0,30.0,26.95,False,200,
1787684474.9425077,container,30.0,30.0,27.887,False,200,
1787684474.9758413,container,30.0,30.0,27.518,False,200,
1787684475.0091746,container,30.0,30.0,28.333,False,200,
1787684475.042508,container,30.0,30.0,27.086,False,200,
1787684475.0758412,container,30.0,30.0,25.969,False,200,
1787684475.1091745,container,30.0,30.0,39.155,False,200,
1787684475.1425078,container,30.0,30.0,23.006,False,200,
1787684475.175841,container,30.0,30.0,30.559,False,200,
1787684475.2091744,container,30.0,30.0,30.991,False,200,
1787684475.242508,container,30.0,30.0,33.95,False,200,
1787684475.2758412,container,30.0,30.0,31.659,False,200,
1787684475.3091745,container,30.0,30.0,31.375,False,200,
1787684475.3425078,container,30.0,30.0,38.069,False,200,
1787684475.3758411,container,30.0,30.0,26.21,False,200,
1787684475.4091744,container,30.0,30.0,25.513,False,200,
1787684475.4425077,container,30.0,30.0,32.804,False,200,
1787684475.4758413,container,30.0,30.0,27.103,False,200,
1787684475.5091746,container,30.0,30.0,26.81,False,200,
1787684475.542508,container,30.0,30.0,32.718,False,200,
1787684475.5758412,container,30.0,30.0,31.208,False,200,
1787684475.6091745,container,30.0,30.0,33.879,False,200,
1787684475.6425078,container,30.0,30.0,34.986,False,200,
1787684475.675841,container,30.0,30.0,33.674,False,200,
1787684475.7091744,container,30.0,30.0,34.44,False,200,
1787684475.742508,container,30.0,30.0,28.046,False,200,
1787684475.7758412,container,30.0,30.0,27.785,False,200,
1787684475.8091745,container,30.0,30.0,35.32,False,200,
1787684475.8425078,container,30.0,30.0,26.766,False,200,
1787684475.8758411,container,30.0,30.0,22.455,False,200,
1787684475.9091744,container,30.0,30.0,37.379,False,200,
1787684475.9425077,container,30.0,30.0,34.898,False,200,
1787684475.9758413,container,30.0,30.0,21.432,False,200,
1787684476.0091746,container,30.0,30.0,36.367,False,200,
1787684476.042508,container,30.0,30.0,30.886,False,200,
1787684476.0758412,container,30.0,30.0,30.095,False,200,
1787684476.1091745,container,30.0,30.0,29.693,False,200,
1787684476.1425078,container,30.0,30.0,29.192,False,200,
1787684476.175841,container,30.0,30.0,29.975,False,200,
1787684476.2091744,container,30.0,30.0,26.95,False,200,
1787684476.242508,container,30.0,30.0,28.65,False,200,
1787684476.2758412,container,30.0,30.0,29.319,False,200,
1787684476.3091745,container,30.0,30.0,28.741,False,200,
1787684476.3425078,container,30.0,30.0,22.916,False,200,
1787684476.3758411,container,30.0,30.0,29.741,False,200,
1787684476.4091744,container,30.0,30.0,30.187,False,200,
1787684476.4425077,container,30.0,30.0,34.858,False,200,
1787684476.4758413,container,30.0,30.0,21.72,False,200,
1787684476.5091746,container,30.0,30.0,32.886,False,200,
1787684476.542508,container,30.0,30.0,33.487,False,200,
1787684476.5758412,container,30.0,30.0,26.481,False,200,
1787684476.6091745,container,30.0,30.0,26.189,False,200,
1787684476.6425078,container,30.0,30.0,29.886,False,200,
1787684476.675841,container,30.0,30.0,33.476,False,200,
1787684476.7091744,container,30.0,30.0,28.52,False,200,
1787684476.742508,container,30.0,30.0,34.157,False,200,
1787684476.7758412,container,30.0,30.0,28.856,False,200,
1787684476.8091745,container,30.0,30.0,40.661,False,200,
1787684476.8425078,container,30.0,30.0,28.489,False,200,
1787684476.8758411,container,30.0,30.0,34.127,False,200,
1787684476.9091744,container,30.0,30.0,42.275,False,200,
1787684476.9425077,container,30.0,30.0,32.83,False,200,
1787684476.9758413,container,30.0,30.0,26.514,False,200,
1787684477.0091746,container,30.0,30.0,29.234,False,200,
1787684477.042508,container,30.0,30.0,32.2,False,200,
1787684477.0758412,container,30.0,30.0,29.042,False,200,
1787684477.1091745,container,30.0,30.0,27.917,False,200,
1787684477.1425078,container,30.0,30.0,28.002,False,200,
1787684477.175841,container,30.0,30.0,45.339,False,200,
1787684477.2091744,container,30.0,30.0,25.935,False,200,
1787684477.242508,container,30.0,30.0,33.003,False,200,
1787684477.2758412,container,30.0,30.0,36.223,False,200,
1787684477.3091745,container,30.0,30.0,30.552,False,200,
1787684477.3425078,container,30.0,30.0,27.517,False,200,
1787684477.3758411,container,30.0,30.0,31.962,False,200,
1787684477.4091744,container,30.0,30.0,25.833,False,200,
1787684477.4425077,container,30.0,30.0,31.246,False,200,
1787684477.4758413,container,30.0,30.0,28.725,False,200,
1787684477.5091746,container,30.0,30.0,30.645,False,200,
1787684477.542508,container,30.0,30.0,34.731,False,200,
1787684477.5758412,container,30.0,30.0,29.634,False,200,
1787684477.6091745,container,30.0,30.0,44.541,False,200,
1787684477.6425078,container,30.0,30.0,38.341,False,200,
1787684477.675841,container,30.0,30.0,25.733,False,200,
1787684477.7091744,container,30.0,30.0,31.367,False,200,
1787684477.742508,container,30.0,30.0,32.722,False,200,
1787684477.7758412,container,30.0,30.0,30.792,False,200,
1787684477.8091745,container,30.0,30.0,25.353,False,200,
1787684477.8425078,container,30.0,30.0,32.946,False,200,
1787684477.8758411,container,30.0,30.0,28.831,False,200,
1787684477.9091744,container,30.0,30.0,32.426,False,200,
1787684477.9425077,container,30.0,30.0,31.994,False,200,
1787684477.9758413,container,30.0,30.0,25.485,False,200,
1787684478.0091746,container,30.0,30.0,34.969,False,200,
1787684478.042508,container,30.0,30.0,27.75,False,200,
1787684478.0758412,container,30.0,30.0,29.349,False,200,
1787684478.1091745,container,30.0,30.0,30.701,False,200,
1787684478.1425078,container,30.0,30.0,29.121,False,200,
1787684478.175841,container,30.0,30.0,26.869,False,200,
1787684478.2091744,container,30.0,30.0,24.707,False,200,
1787684478.242508,container,30.0,30.0,38.277,False,200,
1787684478.2758412,container,30.0,30.0,40.473,False,200,
1787684478.3091745,container,30.0,30.0,33.191,False,200,
1787684478.3425078,container,30.0,30.0,28.507,False,200,
1787684478.3758411,container,30.0,30.0,28.65,False,200,
1787684478.4091744,container,30.0,30.0,31.229,False,200,
1787684478.4425077,container,30.0,30.0,36.3,False,200,
1787684478.4758413,container,30.0,30.0,27.956,False,200,
1787684478.5091746,container,30.0,30.0,27.419,False,200,
1787684478.542508,container,30.0,30.0,41.297,False,200,
1787684478.5758412,container,30.0,30.0,31.396,False,200,
1787684478.6091745,container,30.0,30.0,33.482,False,200,
1787684478.6425078,container,30.0,30.0,29.456,False,200,
1787684478.675841,container,30.0,30.0,32.39,False,200,
1787684478.7091744,container,30.0,30.0,27.523,False,200,
1787684478.742508,container,30.0,30.0,33.508,False,200,
1787684478.7758412,container,30.0,30.0,25.523,False,200,
1787684478.8091745,container,30.0,30.0,33.138,False,200,
1787684478.8425078,container,30.0,30.0,31.083,False,200,
1787684478.8758411,container,30.0,30.0,27.458,False,200,
1787684478.9091744,container,30.0,30.0,30.902,False,200,
1787684478.9425077,container,30.0,30.0,28.848,False,200,
1787684478.9758413,container,30.0,30.0,28.247,False,200,
1787684479.0091746,container,30.0,30.0,31.547,False,200,
1787684479.042508,container,30.0,30.0,29.565,False,200,
1787684479.0758412,container,30.0,30.0,27.954,False,200,
1787684479.1091745,container,30.0,30.0,25.52,False,200,
1787684479.1425078,container,30.0,30.0,25.737,False,200,
1787684479.175841,container,30.0,30.0,32.702,False,200,
1787684479.2091744,container,30.0,30.0,33.342,False,200,
1787684479.242508,container,30.0,30.0,29.696,False,200,
1787684479.2758412,container,30.0,30.0,33.09,False,200,
1787684479.3091745,container,30.0,30.0,29.907,False,200,
1787684479.3425078,container,30.0,30.0,34.647,False,200,
1787684479.3758411,container,30.0,30.0,27.792,False,200,
1787684479.4091744,container,30.0,30.0,36.325,False,200,
1787684479.4425077,container,30.0,30.0,41.696,False,200,
1787684479.4758413,container,30.0,30.0,33.386,False,200,
1787684479.5091746,container,30.0,30.0,37.183,False,200,
1787684479.542508,container,30.0,30.0,25.541,False,200,
1787684479.5758412,container,30.0,30.0,26.189,False,200,
1787684479.6091745,container,30.0,30.0,25.566,False,200,
1787684479.6425078,container,30.0,30.0,38.619,False,200,
1787684479.675841,container,30.0,30.0,48.04,False,200,
1787684479.7091744,container,30.0,30.0,27.062,False,200,
1787684479.742508,container,30.0,30.0,29.25,False,200,
1787684479.7758412,container,30.0,30.0,22.452,False,200,
1787684479.8091745,container,30.0,30.0,37.58,False,200,
1787684479.8425078,container,30.0,30.0,39.729,False,200,
1787684479.8758411,container,30.0,30.0,30.701,False,200,
1787684479.9091744,container,30.0,30.0,26.825,False,200,
1787684479.9425077,container,30.0,30.0,28.043,False,200,
1787684479.9758413,container,30.0,30.0,24.992,False,200,
1787684480.0091746,container,30.0,30.0,30.096,False,200,
1787684480.042508,container,30.0,30.0,41.337,False,200,
1787684480.0758412,container,30.0,30.0,24.269,False,200,
1787684480.1091745,container,30.0,30.0,23.24,False,200,
1787684480.1425078,container,30.0,30.0,27.322,False,200,
1787684480.175841,container,30.0,30.0,35.472,False,200,
1787684480.2091744,container,30.0,30.0,36.184,False,200,
1787684480.242508,container,30.0,30.0,30.945,False,200,
1787684480.2758412,container,30.0,30.0,31.841,False,200,
1787684480.3091745,container,30.0,30.0,33.964,False,200,
1787684480.3425078,container,30.0,30.0,28.403,False,200,
1787684480.3758411,container,30.0,30.0,30.011,False,200,
1787684480.4091744,container,30.0,30.0,24.371,False,200,
1787684480.4425077,container,30.0,30.0,29.791,False,200,
1787684480.4758413,container,30.0,30.0,24.945,False,200,
1787684480.5091746,container,30.0,30.0,34.02,False,200,
1787684480.542508,container,30.0,30.0,33.327,False,200,
1787684480.5758412,container,30.0,30.0,27.143,False,200,
1787684480.6091745,container,30.0,30.0,26.089,False,200,
1787684480.6425078,container,30.0,30.0,26.095,False,200,
1787684480.675841,container,30.0,30.0,28.98,False,200,
1787684480.7091744,container,30.0,30.0,37.916,False,200,
1787684480.742508,container,30.0,30.0,31.789,False,200,
1787684480.7758412,container,30.0,30.0,39.853,False,200,
1787684480.8091745,container,30.0,30.0,26.204,False,200,
1787684480.8425078,container,30.0,30.0,30.153,False,200,
1787684480.8758411,container,30.0,30.0,21.988,False,200,
1787684480.9091744,container,30.0,30.0,31.125,False,200,
1787684480.9425077,container,30.0,30.0,25.909,False,200,
1787684480.9758413,container,30.0,30.0,28.2,False,200,
1787684481.0091746,container,30.0,30.0,25.487,False,200,
1787684481.042508,container,30.0,30.0,33.987,False,200,
1787684481.0758412,container,30.0,30.0,40.435,False,200,
1787684481.1091745,container,30.0,30.0,28.422,False,200,
1787684481.1425078,container,30.0,30.0,32.842,False,200,
1787684481.175841,container,30.0,30.0,40.481,False,200,
1787684481.2091744,container,30.0,30.0,38.799,False,200,
1787684481.242508,container,30.0,30.0,37.832,False,200,
1787684481.2758412,container,30.0,30.0,31.979,False,200,
1787684481.3091745,container,30.0,30.0,26.806,False,200,
1787684481.3425078,container,30.0,30.0,27.689,False,200,
1787684481.3758411,container,30.0,30.0,32.436,False,200,
1787684481.4091744,container,30.0,30.0,21.439,False,200,
1787684481.4425077,container,30.0,30.0,25.223,False,200,
1787684481.4758413,container,30.0,30.0,35.349,False,200,
1787684481.5091746,container,30.0,30.0,32.615,False,200,
1787684481.542508,container,30.0,30.0,32.956,False,200,
1787684481.5758412,container,30.0,30.0,29.143,False,200,
1787684481.6091745,container,30.0,30.0,37.897,False,200,
1787684481.6425078,container,30.0,30.0,38.69,False,200,
1787684481.675841,container,30.0,30.0,29.383,False,200,
1787684481.7091744,container,30.0,30.0,27.789,False,200,
1787684481.742508,container,30.0,30.0,26.31,False,200,
1787684481.7758412,container,30.0,30.0,29.71,False,200,
1787684481.8091745,container,30.0,30.0,34.455,False,200,
1787684481.8425078,container,30.0,30.0,29.529,False,200,
1787684481.8758411,container,30.0,30.0,38.628,False,200,
1787684481.9091744,container,30.0,30.0,32.162,False,200,
1787684481.9425077,container,30.0,30.0,27.164,False,200,
1787684481.9758413,container,30.0,30.0,24.769,False,200,
1787684482.0091746,container,30.0,30.0,24.43,False,200,
1787684482.042508,container,30.0,30.0,22.015,False,200,
1787684482.0758412,container,30.0,30.0,27.982,False,200,
1787684482.1091745,container,30.0,30.0,29.134,False,200,
1787684482.1425078,container,30.0,30.0,29.763,False,200,
1787684482.175841,container,30.0,30.0,31.804,False,200,
1787684482.2091744,container,30.0,30.0,22.702,False,200,
1787684482.242508,container,30.0,30.0,27.722,False,200,
1787684482.2758412,container,30.0,30.0,30.819,False,200,
1787684482.3091745,container,30.0,30.0,25.658,False,200,
1787684482.3425078,container,30.0,30.0,26.202,False,200,
1787684482.3758411,container,30.0,30.0,35.941,False,200,
1787684482.4091744,container,30.0,30.0,22.601,False,200,
1787684482.4425077,container,30.0,30.0,27.244,False,200,
1787684482.4758413,container,30.0,30.0,26.36,False,200,
1787684482.5091746,container,30.0,30.0,35.268,False,200,
1787684482.542508,container,30.0,30.0,28.612,False,200,
1787684482.5758412,container,30.0,30.0,38.783,False,200,
1787684482.6091745,container,30.0,30.0,32.945,False,200,
1787684482.6425078,container,30.0,30.0,24.776,False,200,
1787684482.675841,container,30.0,30.0,29.599,False,200,
1787684482.7091744,container,30.0,30.0,24.903,False,200,
1787684482.742508,container,30.0,30.0,35.639,False,200,
1787684482.7758412,container,30.0,30.0,37.225,False,200,
1787684482.8091745,container,30.0,30.0,23.077,False,200,
1787684482.8425078,container,30.0,30.0,38.004,False,200,
1787684482.8758411,container,30.0,30.0,32.916,False,200,
1787684482.9091744,container,30.0,30.0,39.029,False,200,
1787684482.9425077,container,30.0,30.0,28.074,False,200,
1787684482.9758413,container,30.0,30.0,24.907,False,200,
1787684483.0091746,container,30.0,30.0,29.877,False,200,
1787684483.042508,container,30.0,30.0,33.695,False,200,
1787684483.0758412,container,30.0,30.0,30.825,False,200,
1787684483.1091745,container,30.0,30.0,31.239,False,200,
1787684483.1425078,container,30.0,30.0,35.887,False,200,
1787684483.175841,container,30.0,30.0,24.933,False,200,
1787684483.2091744,container,30.0,30.0,28.424,False,200,
1787684483.242508,container,30.0,30.0,35.947,False,200,
1787684483.2758412,container,30.0,30.0,33.988,False,200,
1787684483.3091745,container,30.0,30.0,20.537,False,200,
1787684483.3425078,container,30.0,30.0,30.24,False,200,
1787684483.3758411,container,30.0,30.0,29.973,False,200,
1787684483.4091744,container,30.0,30.0,30.662,False,200,
1787684483.4425077,container,30.0,30.0,29.45,False,200,
1787684483.4758413,container,30.0,30.0,35.76,False,200,
1787684483.5091746,container,30.0,30.0,33.08,False,200,
1787684483.542508,container,30.0,30.0,28.107,False,200,
1787684483.5758412,container,30.0,30.0,31.503,False,200,
1787684483.6091745,container,30.0,30.0,28.972,False,200,
1787684483.6425078,container,30.0,30.0,28.92,False,200,
1787684483.675841,container,30.0,30.0,31.285,False,200,
1787684483.7091744,container,30.0,30.0,26.187,False,200,
1787684483.742508,container,30.0,30.0,33.286,False,200,
1787684483.7758412,container,30.0,30.0,28.049,False,200,
1787684483.8091745,container,30.0,30.0,25.804,False,200,
1787684483.8425078,container,30.0,30.0,32.638,False,200,
1787684483.8758411,container,30.0,30.0,28.569,False,200,
1787684483.9091744,container,30.0,30.0,34.96,False,200,
1787684483.9425077,container,30.0,30.0,29.821,False,200,
1787684483.9758413,container,30.0,30.0,21.658,False,200,
1787684484.0091746,container,30.0,30.0,29.748,False,200,
1787684484.042508,container,30.0,30.0,27.877,False,200,
1787684484.0758412,container,30.0,30.0,30.206,False,200,
1787684484.1091745,container,30.0,30.0,23.095,False,200,
1787684484.1425078,container,30.0,30.0,18.641,False,200,
1787684484.175841,container,30.0,30.0,27.517,False,200,
1787684484.2091744,container,30.0,30.0,25.423,False,200,
1787684484.242508,container,30.0,30.0,34.428,False,200,
1787684484.2758412,container,30.0,30.0,28.801,False,200,
1787684484.3091745,container,30.0,30.0,32.49,False,200,
1787684484.3425078,container,30.0,30.0,29.319,False,200,
1787684484.3758411,container,30.0,30.0,38.38,False,200,
1787684484.4091744,container,30.0,30.0,33.695,False,200,
1787684484.4425077,container,30.0,30.0,31.388,False,200,
1787684484.4758413,container,30.0,30.0,27.213,False,200,
1787684484.5091746,container,30.0,30.0,24.469,False,200,
1787684484.542508,container,30.0,30.0,26.056,False,200,
1787684484.5758412,container,30.0,30.0,24.303,False,200,
1787684484.6091745,container,30.0,30.0,27.936,False,200,
1787684484.6425078,container,30.0,30.0,25.654,False,200,
1787684484.675841,container,30.0,30.0,33.663,False,200,
1787684484.7091744,container,30.0,30.0,33.028,False,200,
1787684484.742508,container,30.0,30.0,23.554,False,200,
1787684484.7758412,container,30.0,30.0,29.938,False,200,
1787684484.8091745,container,30.0,30.0,31.45,False,200,
1787684484.8425078,container,30.0,30.0,30.517,False,200,
1787684484.8758411,container,30.0,30.0,28.887,False,200,
1787684484.9091744,container,30.0,30.0,34.372,False,200,
1787684484.9425077,container,30.0,30.0,24.464,False,200,
1787684484.9758413,container,30.0,30.0,27.326,False,200,
1787684485.0091746,container,30.0,30.0,28.296,False,200,
1787684485.042508,container,30.0,30.0,28.561,False,200,
1787684485.0758412,container,30.0,30.0,27.828,False,200,
1787684485.1091745,container,30.0,30.0,34.908,False,200,
1787684485.1425078,container,30.0,30.0,34.517,False,200,
1787684485.175841,container,30.0,30.0,26.139,False,200,
1787684485.2091744,container,30.0,30.0,31.916,False,200,
1787684485.242508,container,30.0,30.0,29.608,False,200,
1787684485.2758412,container,30.0,30.0,25.444,False,200,
1787684485.3091745,container,30.0,30.0,23.07,False,200,
1787684485.3425078,container,30.0,30.0,30.807,False,200,
1787684485.3758411,container,30.0,30.0,22.077,False,200,
1787684485.4091744,container,30.0,30.0,34.139,False,200,
1787684485.4425077,container,30.0,30.0,32.635,False,200,
1787684485.4758413,container,30.0,30.0,25.631,False,200,
1787684485.5091746,container,30.0,30.0,28.378,False,200,
1787684485.542508,container,30.0,30.0,28.358,False,200,
1787684485.5758412,container,30.0,30.0,31.359,False,200,
1787684485.6091745,container,30.0,30.0,33.632,False,200,
1787684485.6425078,container,30.0,30.0,32.401,False,200,
1787684485.675841,container,30.0,30.0,25.438,False,200,
1787684485.7091744,container,30.0,30.0,28.051,False,200,
1787684485.742508,container,30.0,30.0,34.675,False,200,
1787684485.7758412,container,30.0,30.0,37.248,False,200,
1787684485.8091745,container,30.0,30.0,29.841,False,200,
1787684485.8425078,container,30.0,30.0,44.49,False,200,
1787684485.8758411,container,30.0,30.0,27.393,False,200,
1787684485.9091744,container,30.0,30.0,24.517,False,200,
1787684485.9425077,container,30.0,30.0,28.226,False,200,
1787684485.9758413,container,30.0,30.0,31.887,False,200,
1787684486.0091746,container,30.0,30.0,29.759,False,200,
1787684486.042508,container,30.0,30.0,29.794,False,200,
1787684486.0758412,container,30.0,30.0,29.949,False,200,
1787684486.1091745,container,30.0,30.0,29.352,False,200,
1787684486.1425078,container,30.0,30.0,26.918,False,200,
1787684486.175841,container,30.0,30.0,26.752,False,200,
1787684486.2091744,container,30.0,30.0,31.31,False,200,
1787684486.242508,container,30.0,30.0,37.449,False,200,
1787684486.2758412,container,30.0,30.0,27.943,False,200,
1787684486.3091745,container,30.0,30.0,30.575,False,200,
1787684486.3425078,container,30.0,30.0,29.022,False,200,
1787684486.3758411,container,30.0,30.0,27.085,False,200,
1787684486.4091744,container,30.0,30.0,28.003,False,200,
1787684486.4425077,container,30.0,30.0,29.671,False,200,
1787684486.4758413,container,30.0,30.0,30.904,False,200,
1787684486.5091746,container,30.0,30.0,37.38,False,200,
1787684486.542508,container,30.0,30.0,30.449,False,200,
1787684486.5758412,container,30.0,30.0,26.269,False,200,
1787684486.6091745,container,30.0,30.0,29.734,False,200,
1787684486.6425078,container,30.0,30.0,25.34,False,200,
1787684486.675841,container,30.0,30.0,46.042,False,200,
1787684486.7091744,container,30.0,30.0,27.891,False,200,
1787684486.742508,container,30.0,30.0,36.258,False,200,
1787684486.7758412,container,30.0,30.0,33.077,False,200,
1787684486.8091745,container,30.0,30.0,32.581,False,200,
1787684486.8425078,container,30.0,30.0,28.01,False,200,
1787684486.8758411,container,30.0,30.0,24.676,False,200,
1787684486.9091744,container,30.0,30.0,40.184,False,200,
1787684486.9425077,container,30.0,30.0,37.412,False,200,
1787684486.9758413,container,30.0,30.0,32.983,False,200,
1787684487.0091746,container,30.0,30.0,26.96,False,200,
1787684487.042508,container,30.0,30.0,31.541,False,200,
1787684487.0758412,container,30.0,30.0,28.649,False,200,
1787684487.1091745,container,30.0,30.0,31.63,False,200,
1787684487.1425078,container,30.0,30.0,28.032,False,200,
1787684487.175841,container,30.0,30.0,28.799,False,200,
1787684487.2091744,container,30.0,30.0,32.655,False,200,
1787684487.242508,container,30.0,30.0,32.679,False,200,
1787684487.2758412,container,30.0,30.0,30.576,False,200,
1787684487.3091745,container,30.0,30.0,26.075,False,200,
1787684487.3425078,container,30.0,30.0,28.357,False,200,
1787684487.3758411,container,30.0,30.0,30.851,False,200,
1787684487.4091744,container,30.0,30.0,28.152,False,200,
1787684487.4425077,container,30.0,30.0,34.761,False,200,
1787684487.4758413,container,30.0,30.0,35.393,False,200,
1787684487.5091746,container,30.0,30.0,25.399,False,200,
1787684487.542508,container,30.0,30.0,25.357,False,200,
1787684487.5758412,container,30.0,30.0,35.892,False,200,
1787684487.6091745,container,30.0,30.0,25.965,False,200,
1787684487.6425078,container,30.0,30.0,37.755,False,200,
1787684487.675841,container,30.0,30.0,27.77,False,200,
1787684487.7091744,container,30.0,30.0,24.963,False,200,
1787684487.742508,container,30.0,30.0,31.307,False,200,
1787684487.7758412,container,30.0,30.0,45.994,False,200,
1787684487.8091745,container,30.0,30.0,31.041,False,200,
1787684487.8425078,container,30.0,30.0,28.254,False,200,
1787684487.8758411,container,30.0,30.0,33.498,False,200,
1787684487.9091744,container,30.0,30.0,35.489,False,200,
1787684487.9425077,container,30.0,30.0,34.926,False,200,
1787684487.9758413,container,30.0,30.0,25.762,False,200,
1787684488.0091746,container,30.0,30.0,24.254,False,200,
1787684488.042508,container,30.0,30.0,25.927,False,200,
1787684488.0758412,container,30.0,30.0,46.384,False,200,
1787684488.1091745,container,30.0,30.0,28.556,False,200,
1787684488.1425078,container,30.0,30.0,29.349,False,200,
1787684488.175841,container,30.0,30.0,30.14,False,200,
1787684488.2091744,container,30.0,30.0,35.31,False,200,
1787684488.242508,container,30.0,30.0,26.071,False,200,
1787684488.2758412,container,30.0,30.0,33.323,False,200,
1787684488.3091745,container,30.0,30.0,32.181,False,200,
1787684488.3425078,container,30.0,30.0,25.511,False,200,
1787684488.3758411,container,30.0,30.0,33.269,False,200,
1787684488.4091744,container,30.0,30.0,37.406,False,200,
1787684488.4425077,container,30.0,30.0,23.055,False,200,
1787684488.4758413,container,30.0,30.0,37.915,False,200,
1787684488.5091746,container,30.0,30.0,28.854,False,200,
1787684488.542508,container,30.0,30.0,27.28,False,200,
1787684488.5758412,container,30.0,30.0,33.745,False,200,
1787684488.6091745,container,30.0,30.0,33.068,False,200,
1787684488.6425078,container,30.0,30.0,36.429,False,200,
1787684488.675841,container,30.0,30.0,26.392,False,200,
1787684488.7091744,container,30.0,30.0,28.895,False,200,
1787684488.742508,container,30.0,30.0,33.555,False,200,
1787684488.7758412,container,30.0,30.0,28.186,False,200,
1787684488.8091745,container,30.0,30.0,36.246,False,200,
1787684488.8425078,container,30.0,30.0,32.393,False,200,
1787684488.8758411,container,30.0,30.0,44.781,False,200,
1787684488.9091744,container,30.0,30.0,32.504,False,200,
1787684488.9425077,container,30.0,30.0,27.911,False,200,
1787684488.9758413,container,30.0,30.0,23.294,False,200,
1787684489.0091746,container,30.0,30.0,41.522,False,200,
1787684489.042508,container,30.0,30.0,31.598,False,200,
1787684489.0758412,container,30.0,30.0,38.792,False,200,
1787684489.1091745,container,30.0,30.0,34.971,False,200,
1787684489.1425078,container,30.0,30.0,21.393,False,200,
1787684489.175841,container,30.0,30.0,26.453,False,200,
1787684489.2091744,container,30.0,30.0,29.913,False,200,
1787684489.242508,container,30.0,30.0,29.271,False,200,
1787684489.2758412,container,30.0,30.0,27.057,False,200,
1787684489.3091745,container,30.0,30.0,31.76,False,200,
1787684489.3425078,container,30.0,30.0,26.919,False,200,
1787684489.3758411,container,30.0,30.0,34.89,False,200,
1787684489.4091744,container,30.0,30.0,27.678,False,200,
1787684489.4425077,container,30.0,30.0,27.947,False,200,
1787684489.4758413,container,30.0,30.0,26.361,False,200,
1787684489.5091746,container,30.0,30.0,29.12,False,200,
1787684489.542508,container,30.0,30.0,27.044,False,200,
1787684489.5758412,container,30.0,30.0,32.875,False,200,
1787684489.6091745,container,30.0,30.0,31.893,False,200,
1787684489.6425078,container,30.0,30.0,28.603,False,200,
1787684489.675841,container,30.0,30.0,35.045,False,200,
1787684489.7091744,container,30.0,30.0,23.908,False,200,
1787684489.742508,container,30.0,30.0,29.607,False,200,
1787684489.7758412,container,30.0,30.0,28.803,False,200,
1787684489.8091745,container,30.0,30.0,26.93,False,200,
1787684489.8425078,container,30.0,30.0,34.393,False,200,
1787684489.8758411,container,30.0,30.0,32.899,False,200,
1787684489.9091744,container,30.0,30.0,26.059,False,200,
1787684489.9425077,container,30.0,30.0,37.269,False,200,
1787684489.9758413,container,30.0,30.0,36.791,False,200,
1787684490.0091746,container,30.0,30.0,29.268,False,200,
1787684490.042508,container,30.0,30.0,26.299,False,200,
1787684490.0758412,container,30.0,30.0,33.408,False,200,
1787684490.1091745,container,30.0,30.0,30.751,False,200,
1787684490.1425078,container,30.0,30.0,34.199,False,200,
1787684490.175841,container,30.0,30.0,30.036,False,200,
1787684490.2091744,container,30.0,30.0,32.819,False,200,
1787684490.242508,container,30.0,30.0,26.119,False,200,
1787684490.2758412,container,30.0,30.0,24.402,False,200,
1787684490.3091745,container,30.0,30.0,25.78,False,200,
1787684490.3425078,container,30.0,30.0,34.078,False,200,
1787684490.3758411,container,30.0,30.0,37.255,False,200,
1787684490.4091744,container,30.0,30.0,34.322,False,200,
1787684490.4425077,container,30.0,30.0,31.224,False,200,
1787684490.4758413,container,30.0,30.0,34.075,False,200,
1787684490.5091746,container,30.0,30.0,31.277,False,200,
1787684490.542508,container,30.0,30.0,30.808,False,200,
1787684490.5758412,container,30.0,30.0,31.518,False,200,
1787684490.6091745,container,30.0,30.0,35.007,False,200,
1787684490.6425078,container,30.0,30.0,32.749,False,200,
1787684490.675841,container,30.0,30.0,27.605,False,200,
1787684490.7091744,container,30.0,30.0,35.242,False,200,
1787684490.742508,container,30.0,30.0,29.202,False,200,
1787684490.7758412,container,30.0,30.0,32.944,False,200,
1787684490.8091745,container,30.0,30.0,24.876,False,200,
1787684490.8425078,container,30.0,30.0,30.172,False,200,
1787684490.8758411,container,30.0,30.0,27.879,False,200,
1787684490.9091744,container,30.0,30.0,31.594,False,200,
1787684490.9425077,container,30.0,30.0,33.292,False,200,
1787684490.9758413,container,30.0,30.0,29.665,False,200,
1787684491.0091746,container,30.0,30.0,30.878,False,200,
1787684491.042508,container,30.0,30.0,30.216,False,200,
1787684491.0758412,container,30.0,30.0,23.092,False,200,
1787684491.1091745,container,30.0,30.0,32.325,False,200,
1787684491.1425078,container,30.0,30.0,33.407,False,200,
1787684491.175841,container,30.0,30.0,30.795,False,200,
1787684491.2091744,container,30.0,30.0,25.454,False,200,
1787684491.242508,container,30.0,30.0,31.747,False,200,
1787684491.2758412,container,30.0,30.0,34.642,False,200,
1787684491.3091745,container,30.0,30.0,27.008,False,200,
1787684491.3425078,container,30.0,30.0,36.165,False,200,
1787684491.3758411,container,30.0,30.0,30.255,False,200,
1787684491.4091744,container,30.0,30.0,39.01,False,200,
1787684491.4425077,container,30.0,30.0,27.742,False,200,
1787684491.4758413,container,30.0,30.0,28.058,False,200,
1787684491.5091746,container,30.0,30.0,35.449,False,200,
1787684491.542508,container,30.0,30.0,37.326,False,200,
1787684491.5758412,container,30.0,30.0,21.989,False,200,
1787684491.6091745,container,30.0,30.0,25.23,False,200,
1787684491.6425078,container,30.0,30.0,22.436,False,200,
1787684491.675841,container,30.0,30.0,30.254,False,200,
1787684491.7091744,container,30.0,30.0,18.787,False,200,
1787684491.742508,container,30.0,30.0,36.318,False,200,
1787684491.7758412,container,30.0,30.0,34.949,False,200,
1787684491.8091745,container,30.0,30.0,26.897,False,200,
1787684491.8425078,container,30.0,30.0,21.959,False,200,
1787684491.8758411,container,30.0,30.0,28.759,False,200,
1787684491.9091744,container,30.0,30.0,25.907,False,200,
1787684491.9425077,container,30.0,30.0,28.546,False,200,
1787684491.9758413,container,30.0,30.0,28.205,False,200,
1787684492.0091746,container,30.0,30.0,30.784,False,200,
1787684492.042508,container,30.0,30.0,29.622,False,200,
1787684492.0758412,container,30.0,30.0,33.647,False,200,
1787684492.1091745,container,30.0,30.0,33.209,False,200,
1787684492.1425078,container,30.0,30.0,36.331,False,200,
1787684492.175841,container,30.0,30.0,31.244,False,200,
1787684492.2091744,container,30.0,30.0,36.738,False,200,
1787684492.242508,container,30.0,30.0,40.632,False,200,
1787684492.2758412,container,30.0,30.0,29.697,False,200,
1787684492.3091745,container,30.0,30.0,25.697,False,200,
1787684492.3425078,container,30.0,30.0,21.004,False,200,
1787684492.3758411,container,30.0,30.0,42.471,False,200,
1787684492.4091744,container,30.0,30.0,35.228,False,200,
1787684492.4425077,container,30.0,30.0,37.151,False,200,
1787684492.4758413,container,30.0,30.0,32.553,False,200,
1787684492.5091746,container,30.0,30.0,37.001,False,200,
1787684492.542508,container,30.0,30.0,28.277,False,200,
1787684492.5758412,container,30.0,30.0,31.227,False,200,
1787684492.6091745,container,30.0,30.0,27.6,False,200,
1787684492.6425078,container,30.0,30.0,32.331,False,200,
1787684492.675841,container,30.0,30.0,24.05,False,200,
1787684492.7091744,container,30.0,30.0,27.965,False,200,
1787684492.742508,container,30.0,30.0,24.239,False,200,
1787684492.7758412,container,30.0,30.0,30.484,False,200,
1787684492.8091745,container,30.0,30.0,35.308,False,200,
1787684492.8425078,container,30.0,30.0,36.788,False,200,
1787684492.8758411,container,30.0,30.0,30.717,False,200,
1787684492.9091744,container,30.0,30.0,32.118,False,200,
1787684492.9425077,container,30.0,30.0,27.97,False,200,
1787684492.9758413,container,30.0,30.0,31.96,False,200,
1787684493.0091746,container,30.0,30.0,29.952,False,200,
1787684493.042508,container,30.0,30.0,38.897,False,200,
1787684493.0758412,container,30.0,30.0,33.951,False,200,
1787684493.1091745,container,30.0,30.0,36.131,False,200,
1787684493.1425078,container,30.0,30.0,27.932,False,200,
1787684493.175841,container,30.0,30.0,31.972,False,200,
1787684493.2091744,container,30.0,30.0,29.746,False,200,
1787684493.242508,container,30.0,30.0,32.762,False,200,
1787684493.2758412,container,30.0,30.0,25.916,False,200,
1787684493.3091745,container,30.0,30.0,29.039,False,200,
1787684493.3425078,container,30.0,30.0,40.86,False,200,
1787684493.3758411,container,30.0,30.0,28.621,False,200,
1787684493.4091744,container,30.0,30.0,22.976,False,200,
1787684493.4425077,container,30.0,30.0,30.528,False,200,
1787684493.4758413,container,30.0,30.0,31.543,False,200,
1787684493.5091746,container,30.0,30.0,36.289,False,200,
1787684493.542508,container,30.0,30.0,22.716,False,200,
1787684493.5758412,container,30.0,30.0,28.253,False,200,
1787684493.6091745,container,30.0,30.0,36.518,False,200,
1787684493.6425078,container,30.0,30.0,31.189,False,200,
1787684493.675841,container,30.0,30.0,34.532,False,200,
1787684493.7091744,container,30.0,30.0,27.979,False,200,
1787684493.742508,container,30.0,30.0,24.695,False,200,
1787684493.7758412,container,30.0,30.0,25.105,False,200,
1787684493.8091745,container,30.0,30.0,36.186,False,200,
1787684493.8425078,container,30.0,30.0,34.706,False,200,
1787684493.8758411,container,30.0,30.0,32.686,False,200,
1787684493.9091744,container,30.0,30.0,31.404,False,200,
1787684493.9425077,container,30.0,30.0,25.344,False,200,
1787684493.9758413,container,30.0,30.0,38.507,False,200,
1787684494.0091746,container,30.0,30.0,36.189,False,200,
1787684494.042508,container,30.0,30.0,22.556,False,200,
1787684494.0758412,container,30.0,30.0,28.194,False,200,
1787684494.1091745,container,30.0,30.0,34.641,False,200,
1787684494.1425078,container,30.0,30.0,27.318,False,200,
1787684494.175841,container,30.0,30.0,28.537,False,200,
1787684494.2091744,container,30.0,30.0,30.773,False,200,
1787684494.242508,container,30.0,30.0,26.502,False,200,
1787684494.2758412,container,30.0,30.0,22.867,False,200,
1787684494.3091745,container,30.0,30.0,32.85,False,200,
1787684494.3425078,container,30.0,30.0,31.261,False,200,
1787684494.3758411,container,30.0,30.0,33.141,False,200,
1787684494.4091744,container,30.0,30.0,28.557,False,200,
1787684494.4425077,container,30.0,30.0,31.993,False,200,
1787684494.4758413,container,30.0,30.0,30.871,False,200,
1787684494.5091746,container,30.0,30.0,20.417,False,200,
1787684494.542508,container,30.0,30.0,25.193,False,200,
1787684494.5758412,container,30.0,30.0,23.618,False,200,
1787684494.6091745,container,30.0,30.0,30.653,False,200,
1787684494.6425078,container,30.0,30.0,32.504,False,200,
1787684494.675841,container,30.0,30.0,30.25,False,200,
1787684494.7091744,container,30.0,30.0,25.836,False,200,
1787684494.742508,container,30.0,30.0,30.927,False,200,
1787684494.7758412,container,30.0,30.0,29.464,False,200,
1787684494.8091745,container,30.0,30.0,37.327,False,200,
1787684494.8425078,container,30.0,30.0,32.985,False,200,
1787684494.8758411,container,30.0,30.0,27.9,False,200,
1787684494.9091744,container,30.0,30.0,23.532,False,200,
1787684494.9425077,container,30.0,30.0,27.622,False,200,
1787684494.9758413,container,30.0,30.0,33.966,False,200,
1787684495.0091746,container,30.0,30.0,30.852,False,200,
1787684495.042508,container,30.0,30.0,29.446,False,200,
1787684495.0758412,container,30.0,30.0,24.536,False,200,
1787684495.1091745,container,30.0,30.0,34.363,False,200,
1787684495.1425078,container,30.0,30.0,24.961,False,200,
1787684495.175841,container,30.0,30.0,29.309,False,200,
1787684495.2091744,container,30.0,30.0,25.098,False,200,
1787684495.242508,container,30.0,30.0,25.735,False,200,
1787684495.2758412,container,30.0,30.0,31.17,False,200,
1787684495.3091745,container,30.0,30.0,29.851,False,200,
1787684495.3425078,container,30.0,30.0,24.582,False,200,
1787684495.3758411,container,30.0,30.0,26.347,False,200,
1787684495.4091744,container,30.0,30.0,32.102,False,200,
1787684495.4425077,container,30.0,30.0,32.577,False,200,
1787684495.4758413,container,30.0,30.0,29.903,False,200,
1787684495.5091746,container,30.0,30.0,23.46,False,200,
1787684495.542508,container,30.0,30.0,28.829,False,200,
1787684495.5758412,container,30.0,30.0,33.916,False,200,
1787684495.6091745,container,30.0,30.0,32.55,False,200,
1787684495.6425078,container,30.0,30.0,20.207,False,200,
1787684495.675841,container,30.0,30.0,28.13,False,200,
1787684495.7091744,container,30.0,30.0,27.874,False,200,
1787684495.742508,container,30.0,30.0,33.867,False,200,
1787684495.7758412,container,30.0,30.0,33.07,False,200,
1787684495.8091745,container,30.0,30.0,29.179,False,200,
1787684495.8425078,container,30.0,30.0,25.321,False,200,
1787684495.8758411,container,30.0,30.0,36.633,False,200,
1787684495.9091744,container,30.0,30.0,26.353,False,200,
1787684495.9425077,container,30.0,30.0,33.214,False,200,
1787684495.9758413,container,30.0,30.0,34.788,False,200,
1787684496.0091746,container,30.0,30.0,34.686,False,200,
1787684496.042508,container,30.0,30.0,31.788,False,200,
1787684496.0758412,container,30.0,30.0,32.513,False,200,
1787684496.1091745,container,30.0,30.0,25.184,False,200,
1787684496.1425078,container,30.0,30.0,32.295,False,200,
1787684496.175841,container,30.0,30.0,28.567,False,200,
1787684496.2091744,container,30.0,30.0,24.981,False,200,
1787684496.242508,container,30.0,30.0,28.808,False,200,
1787684496.2758412,container,30.0,30.0,25.34,False,200,
1787684496.3091745,container,30.0,30.0,39.862,False,200,
1787684496.3425078,container,30.0,30.0,33.572,False,200,
1787684496.3758411,container,30.0,30.0,41.263,False,200,
1787684496.4091744,container,30.0,30.0,25.402,False,200,
1787684496.4425077,container,30.0,30.0,22.277,False,200,
1787684496.4758413,container,30.0,30.0,27.422,False,200,
1787684496.5091746,container,30.0,30.0,35.541,False,200,
1787684496.542508,container,30.0,30.0,27.71,False,200,
1787684496.5758412,container,30.0,30.0,38.81,False,200,
1787684496.6091745,container,30.0,30.0,26.375,False,200,
1787684496.6425078,container,30.0,30.0,32.357,False,200,
1787684496.675841,container,30.0,30.0,31.864,False,200,
1787684496.7091744,container,30.0,30.0,19.674,False,200,
1787684496.742508,container,30.0,30.0,29.849,False,200,
1787684496.7758412,container,30.0,30.0,25.85,False,200,
1787684496.8091745,container,30.0,30.0,37.487,False,200,
1787684496.8425078,container,30.0,30.0,28.499,False,200,
1787684496.8758411,container,30.0,30.0,33.403,False,200,
1787684496.9091744,container,30.0,30.0,24.662,False,200,
1787684496.9425077,container,30.0,30.0,26.552,False,200,
1787684496.9758413,container,30.0,30.0,38.806,False,200,
1787684497.0091746,container,30.0,30.0,24.236,False,200,
1787684497.042508,container,30.0,30.0,28.305,False,200,
1787684497.0758412,container,30.0,30.0,25.261,False,200,
1787684497.1091745,container,30.0,30.0,33.473,False,200,
1787684497.1425078,container,30.0,30.0,28.938,False,200,
1787684497.175841,container,30.0,30.0,33.431,False,200,
1787684497.2091744,container,30.0,30.0,27.059,False,200,
1787684497.242508,container,30.0,30.0,26.752,False,200,
1787684497.2758412,container,30.0,30.0,26.534,False,200,
1787684497.3091745,container,30.0,30.0,25.409,False,200,
1787684497.3425078,container,30.0,30.0,27.595,False,200,
1787684497.3758411,container,30.0,30.0,25.607,False,200,
1787684497.4091744,container,30.0,30.0,39.788,False,200,
1787684497.4425077,container,30.0,30.0,26.433,False,200,
1787684497.4758413,container,30.0,30.0,27.119,False,200,
1787684497.5091746,container,30.0,30.0,29.814,False,200,
1787684497.542508,container,30.0,30.0,30.546,False,200,
1787684497.5758412,container,30.0,30.0,34.556,False,200,
1787684497.6091745,container,30.0,30.0,25.925,False,200,
1787684497.6425078,container,30.0,30.0,22.334,False,200,
1787684497.675841,container,30.0,30.0,25.807,False,200,
1787684497.7091744,container,30.0,30.0,38.441,False,200,
1787684497.742508,container,30.0,30.0,28.099,False,200,
1787684497.7758412,container,30.0,30.0,29.361,False,200,
1787684497.8091745,container,30.0,30.0,31.557,False,200,
1787684497.8425078,container,30.0,30.0,28.803,False,200,
1787684497.8758411,container,30.0,30.0,31.978,False,200,
1787684497.9091744,container,30.0,30.0,26.538,False,200,
1787684497.9425077,container,30.0,30.0,29.897,False,200,
1787684497.9758413,container,30.0,30.0,37.572,False,200,
1787684498.0091746,container,30.0,30.0,37.045,False,200,
1787684498.042508,container,30.0,30.0,23.962,False,200,
1787684498.0758412,container,30.0,30.0,42.291,False,200,
1787684498.1091745,container,30.0,30.0,38.582,False,200,
1787684498.1425078,container,30.0,30.0,20.351,False,200,
1787684498.175841,container,30.0,30.0,31.641,False,200,
1787684498.2091744,container,30.0,30.0,36.673,False,200,
1787684498.242508,container,30.0,30.0,31.137,False,200,
1787684498.2758412,container,30.0,30.0,39.263,False,200,
1787684498.3091745,container,30.0,30.0,28.527,False,200,
1787684498.3425078,container,30.0,30.0,43.465,False,200,
1787684498.3758411,container,30.0,30.0,23.072,False,200,
1787684498.4091744,container,30.0,30.0,34.22,False,200,
1787684498.4425077,container,30.0,30.0,31.434,False,200,
1787684498.4758413,container,30.0,30.0,27.802,False,200,
1787684498.5091746,container,30.0,30.0,32.834,False,200,
1787684498.542508,container,30.0,30.0,34.108,False,200,
1787684498.5758412,container,30.0,30.0,22.624,False,200,
1787684498.6091745,container,30.0,30.0,32.964,False,200,
1787684498.6425078,container,30.0,30.0,29.833,False,200,
1787684498.675841,container,30.0,30.0,21.987,False,200,
1787684498.7091744,container,30.0,30.0,32.722,False,200,
1787684498.742508,container,30.0,30.0,37.844,False,200,
1787684498.7758412,container,30.0,30.0,35.417,False,200,
1787684498.8091745,container,30.0,30.0,40.442,False,200,
1787684498.8425078,container,30.0,30.0,32.981,False,200,
1787684498.8758411,container,30.0,30.0,33.051,False,200,
1787684498.9091744,container,30.0,30.0,29.202,False,200,
1787684498.9425077,container,30.0,30.0,22.895,False,200,
1787684498.9758413,container,30.0,30.0,23.562,False,200,
1787684499.0091746,container,30.0,30.0,35.821,False,200,
1787684499.042508,container,30.0,30.0,21.65,False,200,
1787684499.0758412,container,30.0,30.0,29.09,False,200,
1787684499.1091745,container,30.0,30.0,27.57,False,200,
1787684499.1425078,container,30.0,30.0,28.275,False,200,
1787684499.175841,container,30.0,30.0,32.232,False,200,
1787684499.2091744,container,30.0,30.0,30.239,False,200,
1787684499.242508,container,30.0,30.0,23.129,False,200,
1787684499.2758412,container,30.0,30.0,20.481,False,200,
1787684499.3091745,container,30.0,30.0,28.284,False,200,
1787684499.3425078,container,30.0,30.0,31.799,False,200,
1787684499.3758411,container,30.0,30.0,30.318,False,200,
1787684499.4091744,container,30.0,30.0,27.196,False,200,
1787684499.4425077,container,30.0,30.0,27.476,False,200,
1787684499.4758413,container,30.0,30.0,38.131,False,200,
1787684499.5091746,container,30.0,30.0,26.611,False,200,
1787684499.542508,container,30.0,30.0,36.803,False,200,
1787684499.5758412,container,30.0,30.0,36.538,False,200,
1787684499.6091745,container,30.0,30.0,32.22,False,200,
1787684499.6425078,container,30.0,30.0,31.263,False,200,
1787684499.675841,container,30.0,30.0,31.257,False,200,
1787684499.7091744,container,30.0,30.0,28.175,False,200,
1787684499.742508,container,30.0,30.0,26.032,False,200,
1787684499.7758412,container,30.0,30.0,23.761,False,200,
1787684499.8091745,container,30.0,30.0,31.6,False,200,
1787684499.8425078,container,30.0,30.0,39.37,False,200,
1787684499.8758411,container,30.0,30.0,25.718,False,200,
1787684499.9091744,container,30.0,30.0,23.325,False,200,
1787684499.9425077,container,30.0,30.0,30.549,False,200,
1787684499.9758413,container,30.0,30.0,32.596,False,200,
1787684500.0091746,container,30.0,30.0,41.43,False,200,
1787684500.042508,container,30.0,30.0,34.74,False,200,
1787684500.0758412,container,30.0,30.0,29.445,False,200,
1787684500.1091745,container,30.0,30.0,32.086,False,200,
1787684500.1425078,container,30.0,30.0,31.547,False,200,
1787684500.175841,container,30.0,30.0,29.333,False,200,
1787684500.2091744,container,30.0,30.0,22.608,False,200,
1787684500.242508,container,30.0,30.0,30.258,False,200,
1787684500.2758412,container,30.0,30.0,29.782,False,200,
1787684500.3091745,container,30.0,30.0,29.225,False,200,
1787684500.3425078,container,30.0,30.0,31.886,False,200,
1787684500.3758411,container,30.0,30.0,35.68,False,200,
1787684500.4091744,container,30.0,30.0,29.208,False,200,
1787684500.4425077,container,30.0,30.0,36.975,False,200,
1787684500.4758413,container,30.0,30.0,31.269,False,200,
1787684500.5091746,container,30.0,30.0,33.031,False,200,
1787684500.542508,container,30.0,30.0,34.09,False,200,
1787684500.5758412,container,30.0,30.0,36.16,False,200,
1787684500.6091745,container,30.0,30.0,30.296,False,200,
1787684500.6425078,container,30.0,30.0,34.165,False,200,
1787684500.675841,container,30.0,30.0,31.541,False,200,
1787684500.7091744,container,30.0,30.0,28.447,False,200,
1787684500.742508,container,30.0,30.0,28.487,False,200,
1787684500.7758412,container,30.0,30.0,27.521,False,200,
1787684500.8091745,container,30.0,30.0,26.116,False,200,
1787684500.8425078,container,30.0,30.0,33.291,False,200,
1787684500.8758411,container,30.0,30.0,28.76,False,200,
1787684500.9091744,container,30.0,30.0,25.907,False,200,
1787684500.9425077,container,30.0,30.0,29.131,False,200,
1787684500.9758413,container,30.0,30.0,24.2,False,200,
1787684501.0091746,container,30.0,30.0,33.74,False,200,
1787684501.042508,container,30.0,30.0,24.476,False,200,
1787684501.0758412,container,30.0,30.0,35.245,False,200,
1787684501.1091745,container,30.0,30.0,35.353,False,200,
1787684501.1425078,container,30.0,30.0,30.144,False,200,
1787684501.175841,container,30.0,30.0,30.034,False,200,
1787684501.2091744,container,30.0,30.0,30.137,False,200,
1787684501.242508,container,30.0,30.0,26.959,False,200,
1787684501.2758412,container,30.0,30.0,27.856,False,200,
1787684501.3091745,container,30.0,30.0,25.159,False,200,
1787684501.3425078,container,30.0,30.0,29.626,False,200,
1787684501.3758411,container,30.0,30.0,25.34,False,200,
1787684501.4091744,container,30.0,30.0,25.573,False,200,
1787684501.4425077,container,30.0,30.0,27.556,False,200,
1787684501.4758413,container,30.0,30.0,33.87,False,200,
1787684501.5091746,container,30.0,30.0,27.907,False,200,
1787684501.542508,container,30.0,30.0,32.496,False,200,
1787684501.5758412,container,30.0,30.0,29.496,False,200,
1787684501.6091745,container,30.0,30.0,31.923,False,200,
1787684501.6425078,container,30.0,30.0,30.448,False,200,
1787684501.675841,container,30.0,30.0,33.1,False,200,
1787684501.7091744,container,30.0,30.0,23.803,False,200,
1787684501.742508,container,30.0,30.0,31.995,False,200,
1787684501.7758412,container,30.0,30.0,35.153,False,200,
1787684501.8091745,container,30.0,30.0,36.952,False,200,
1787684501.8425078,container,30.0,30.0,34.297,False,200,
1787684501.8758411,container,30.0,30.0,30.033,False,200,
1787684501.9091744,container,30.0,30.0,35.86,False,200,
1787684501.9425077,container,30.0,30.0,29.353,False,200,
1787684501.9758413,container,30.0,30.0,35.629,False,200,
1787684502.0091746,container,30.0,30.0,25.834,False,200,
1787684502.042508,container,30.0,30.0,31.248,False,200,
1787684502.0758412,container,30.0,30.0,33.397,False,200,
1787684502.1091745,container,30.0,30.0,35.228,False,200,
1787684502.1425078,container,30.0,30.0,26.588,False,200,
1787684502.175841,container,30.0,30.0,25.317,False,200,
1787684502.2091744,container,30.0,30.0,31.215,False,200,
1787684502.242508,container,30.0,30.0,26.413,False,200,
1787684502.2758412,container,30.0,30.0,28.06,False,200,
1787684502.3091745,container,30.0,30.0,24.208,False,200,
1787684502.3425078,container,30.0,30.0,39.311,False,200,
1787684502.3758411,container,30.0,30.0,25.795,False,200,
1787684502.4091744,container,30.0,30.0,31.24,False,200,
1787684502.4425077,container,30.0,30.0,27.842,False,200,
1787684502.4758413,container,30.0,30.0,24.515,False,200,
1787684502.5091746,container,30.0,30.0,30.298,False,200,
1787684502.542508,container,30.0,30.0,38.231,False,200,
1787684502.5758412,container,30.0,30.0,34.909,False,200,
1787684502.6091745,container,30.0,30.0,31.932,False,200,
1787684502.6425078,container,30.0,30.0,33.608,False,200,
1787684502.675841,container,30.0,30.0,28.679,False,200,
1787684502.7091744,container,30.0,30.0,25.33,False,200,
1787684502.742508,container,30.0,30.0,23.628,False,200,
1787684502.7758412,container,30.0,30.0,24.143,False,200,
1787684502.8091745,container,30.0,30.0,27.222,False,200,
1787684502.8425078,container,30.0,30.0,30.43,False,200,
1787684502.8758411,container,30.0,30.0,26.222,False,200,
1787684502.9091744,container,30.0,30.0,28.109,False,200,
1787684502.9425077,container,30.0,30.0,30.504,False,200,
1787684502.9758413,container,30.0,30.0,31.803,False,200,
1787684503.0091746,container,30.0,30.0,39.664,False,200,
1787684503.042508,container,30.0,30.0,35.549,False,200,
1787684503.0758412,container,30.0,30.0,30.924,False,200,
1787684503.1091745,container,30.0,30.0,32.106,False,200,
1787684503.1425078,container,30.0,30.0,27.969,False,200,
1787684503.175841,container,30.0,30.0,29.69,False,200,
1787684503.2091744,container,30.0,30.0,24.711,False,200,
1787684503.242508,container,30.0,30.0,28.663,False,200,
1787684503.2758412,container,30.0,30.0,21.188,False,200,
1787684503.3091745,container,30.0,30.0,32.666,False,200,
1787684503.3425078,container,30.0,30.0,33.47,False,200,
1787684503.3758411,container,30.0,30.0,32.356,False,200,
1787684503.4091744,container,30.0,30.0,28.671,False,200,
1787684503.4425077,container,30.0,30.0,28.951,False,200,
1787684503.4758413,container,30.0,30.0,29.201,False,200,
1787684503.5091746,container,30.0,30.0,31.396,False,200,
1787684503.542508,container,30.0,30.0,29.095,False,200,
1787684503.5758412,container,30.0,30.0,27.006,False,200,
1787684503.6091745,container,30.0,30.0,30.513,False,200,
1787684503.6425078,container,30.0,30.0,31.809,False,200,
1787684503.675841,container,30.0,30.0,22.851,False,200,
1787684503.7091744,container,30.0,30.0,25.469,False,200,
1787684503.742508,container,30.0,30.0,28.541,False,200,
1787684503.7758412,container,30.0,30.0,37.424,False,200,
1787684503.8091745,container,30.0,30.0,28.264,False,200,
1787684503.8425078,container,30.0,30.0,24.962,False,200,
1787684503.8758411,container,30.0,30.0,32.839,False,200,
1787684503.9091744,container,30.0,30.0,31.436,False,200,
1787684503.9425077,container,30.0,30.0,30.355,False,200,
1787684503.9758413,container,30.0,30.0,28.933,False,200,
1787684504.0091746,container,30.0,30.0,30.232,False,200,
1787684504.042508,container,30.0,30.0,31.235,False,200,
1787684504.0758412,container,30.0,30.0,26.866,False,200,
1787684504.1091745,container,30.0,30.0,40.04,False,200,
1787684504.1425078,container,30.0,30.0,32.323,False,200,
1787684504.175841,container,30.0,30.0,27.14,False,200,
1787684504.2091744,container,30.0,30.0,31.321,False,200,
1787684504.242508,container,30.0,30.0,34.206,False,200,
1787684504.2758412,container,30.0,30.0,29.614,False,200,
1787684504.3091745,container,30.0,30.0,34.954,False,200,
1787684504.3425078,container,30.0,30.0,24.012,False,200,
1787684504.3758411,container,30.0,30.0,30.509,False,200,
1787684504.4091744,container,30.0,30.0,25.863,False,200,
1787684504.4425077,container,30.0,30.0,29.042,False,200,
1787684504.4758413,container,30.0,30.0,30.801,False,200,
1787684504.5091746,container,30.0,30.0,26.187,False,200,
1787684504.542508,container,30.0,30.0,29.173,False,200,
1787684504.5758412,container,30.0,30.0,26.138,False,200,
1787684504.6091745,container,30.0,30.0,40.494,False,200,
1787684504.6425078,container,30.0,30.0,27.319,False,200,
1787684504.675841,container,30.0,30.0,31.988,False,200,
1787684504.7091744,container,30.0,30.0,28.779,False,200,
1787684504.742508,container,30.0,30.0,35.962,False,200,
1787684504.7758412,container,30.0,30.0,34.504,False,200,
1787684504.8091745,container,30.0,30.0,33.237,False,200,
1787684504.8425078,container,30.0,30.0,32.435,False,200,
1787684504.8758411,container,30.0,30.0,34.361,False,200,
1787684504.9091744,container,30.0,30.0,30.796,False,200,
1787684504.9425077,container,30.0,30.0,26.386,False,200,
1787684504.9758413,container,30.0,30.0,35.493,False,200,
1787684505.0091746,container,30.0,30.0,31.542,False,200,
1787684505.042508,container,30.0,30.0,32.733,False,200,
1787684505.0758412,container,30.0,30.0,30.347,False,200,
1787684505.1091745,container,30.0,30.0,27.424,False,200,
1787684505.1425078,container,30.0,30.0,30.984,False,200,
1787684505.175841,container,30.0,30.0,24.859,False,200,
1787684505.2091744,container,30.0,30.0,30.713,False,200,
1787684505.242508,container,30.0,30.0,30.842,False,200,
1787684505.2758412,container,30.0,30.0,28.97,False,200,
1787684505.3091745,container,30.0,30.0,29.079,False,200,
1787684505.3425078,container,30.0,30.0,25.385,False,200,
1787684505.3758411,container,30.0,30.0,26.743,False,200,
1787684505.4091744,container,30.0,30.0,34.714,False,200,
1787684505.4425077,container,30.0,30.0,28.066,False,200,
1787684505.4758413,container,30.0,30.0,27.467,False,200,
1787684505.5091746,container,30.0,30.0,32.291,False,200,
1787684505.542508,container,30.0,30.0,28.533,False,200,
1787684505.5758412,container,30.0,30.0,33.437,False,200,
1787684505.6091745,container,30.0,30.0,33.017,False,200,
1787684505.6425078,container,30.0,30.0,25.845,False,200,
1787684505.675841,container,30.0,30.0,27.804,False,200,
1787684505.7091744,container,30.0,30.0,18.648,False,200,
1787684505.742508,container,30.0,30.0,32.487,False,200,
1787684505.7758412,container,30.0,30.0,28.115,False,200,
1787684505.8091745,container,30.0,30.0,27.589,False,200,
1787684505.8425078,container,30.0,30.0,26.308,False,200,
1787684505.8758411,container,30.0,30.0,26.576,False,200,
1787684505.9091744,container,30.0,30.0,32.911,False,200,
1787684505.9425077,container,30.0,30.0,33.899,False,200,
1787684505.9758413,container,30.0,30.0,30.55,False,200,
1787684506.0091746,container,30.0,30.0,34.549,False,200,
1787684506.042508,container,30.0,30.0,29.976,False,200,
1787684506.0758412,container,30.0,30.0,21.093,False,200,
1787684506.1091745,container,30.0,30.0,28.824,False,200,
1787684506.1425078,container,30.0,30.0,25.501,False,200,
1787684506.175841,container,30.0,30.0,26.082,False,200,
1787684506.2091744,container,30.0,30.0,32.375,False,200,
1787684506.242508,container,30.0,30.0,31.085,False,200,
1787684506.2758412,container,30.0,30.0,31.139,False,200,
1787684506.3091745,container,30.0,30.0,25.596,False,200,
1787684506.3425078,container,30.0,30.0,27.958,False,200,
1787684506.3758411,container,30.0,30.0,33.945,False,200,
1787684506.4091744,container,30.0,30.0,30.898,False,200,
1787684506.4425077,container,30.0,30.0,28.408,False,200,
1787684506.4758413,container,30.0,30.0,28.346,False,200,
1787684506.5091746,container,30.0,30.0,35.347,False,200,
1787684506.542508,container,30.0,30.0,33.173,False,200,
1787684506.5758412,container,30.0,30.0,28.877,False,200,
1787684506.6091745,container,30.0,30.0,24.51,False,200,
1787684506.6425078,container,30.0,30.0,29.786,False,200,
1787684506.675841,container,30.0,30.0,30.767,False,200,
1787684506.7091744,container,30.0,30.0,24.262,False,200,
1787684506.742508,container,30.0,30.0,26.811,False,200,
1787684506.7758412,container,30.0,30.0,40.552,False,200,
1787684506.8091745,container,30.0,30.0,28.59,False,200,
1787684506.8425078,container,30.0,30.0,31.582,False,200,
1787684506.8758411,container,30.0,30.0,29.075,False,200,
1787684506.9091744,container,30.0,30.0,28.956,False,200,
1787684506.9425077,container,30.0,30.0,29.385,False,200,
1787684506.9758413,container,30.0,30.0,35.612,False,200,
1787684507.0091746,container,30.0,30.0,26.209,False,200,
1787684507.042508,container,30.0,30.0,26.634,False,200,
1787684507.0758412,container,30.0,30.0,24.517,False,200,
1787684507.1091745,container,30.0,30.0,29.096,False,200,
1787684507.1425078,container,30.0,30.0,31.809,False,200,
1787684507.175841,container,30.0,30.0,29.648,False,200,
1787684507.2091744,container,30.0,30.0,33.585,False,200,
1787684507.242508,container,30.0,30.0,45.231,False,200,
1787684507.2758412,container,30.0,30.0,39.18,False,200,
1787684507.3091745,container,30.0,30.0,37.88,False,200,
1787684507.3425078,container,30.0,30.0,32.456,False,200,
1787684507.3758411,container,30.0,30.0,24.601,False,200,
1787684507.4091744,container,30.0,30.0,28.262,False,200,
1787684507.4425077,container,30.0,30.0,31.21,False,200,
1787684507.4758413,container,30.0,30.0,24.814,False,200,
1787684507.5091746,container,30.0,30.0,38.031,False,200,
1787684507.542508,container,30.0,30.0,26.082,False,200,
1787684507.5758412,container,30.0,30.0,23.247,False,200,
1787684507.6091745,container,30.0,30.0,23.501,False,200,
1787684507.6425078,container,30.0,30.0,27.937,False,200,
1787684507.675841,container,30.0,30.0,25.828,False,200,
1787684507.7091744,container,30.0,30.0,21.318,False,200,
1787684507.742508,container,30.0,30.0,34.652,False,200,
1787684507.7758412,container,30.0,30.0,26.359,False,200,
1787684507.8091745,container,30.0,30.0,36.072,False,200,
1787684507.8425078,container,30.0,30.0,38.665,False,200,
1787684507.8758411,container,30.0,30.0,35.59,False,200,
1787684507.9091744,container,30.0,30.0,31.201,False,200,
1787684507.9425077,container,30.0,30.0,30.61,False,200,
1787684507.9758413,container,30.0,30.0,22.588,False,200,
1787684508.0091746,container,30.0,30.0,29.308,False,200,
1787684508.042508,container,30.0,30.0,34.89,False,200,
1787684508.0758412,container,30.0,30.0,23.945,False,200,
1787684508.1091745,container,30.0,30.0,34.211,False,200,
1787684508.1425078,container,30.0,30.0,27.293,False,200,
1787684508.175841,container,30.0,30.0,28.7,False,200,
1787684508.2091744,container,30.0,30.0,30.124,False,200,
1787684508.242508,container,30.0,30.0,24.562,False,200,
1787684508.2758412,container,30.0,30.0,24.703,False,200,
1787684508.3091745,container,30.0,30.0,28.013,False,200,
1787684508.3425078,container,30.0,30.0,23.906,False,200,
1787684508.3758411,container,30.0,30.0,24.131,False,200,
1787684508.4091744,container,30.0,30.0,25.914,False,200,
1787684508.4425077,container,30.0,30.0,25.4,False,200,
1787684508.4758413,container,30.0,30.0,29.599,False,200,
1787684508.5091746,container,30.0,30.0,31.532,False,200,
1787684508.542508,container,30.0,30.0,28.375,False,200,
1787684508.5758412,container,30.0,30.0,31.071,False,200,
1787684508.6091745,container,30.0,30.0,28.334,False,200,
1787684508.6425078,container,30.0,30.0,32.446,False,200,
1787684508.675841,container,30.0,30.0,33.101,False,200,
1787684508.7091744,container,30.0,30.0,35.685,False,200,
1787684508.742508,container,30.0,30.0,31.282,False,200,
1787684508.7758412,container,30.0,30.0,30.071,False,200,
1787684508.8091745,container,30.0,30.0,31.45,False,200,
1787684508.8425078,container,30.0,30.0,39.644,False,200,
1787684508.8758411,container,30.0,30.0,37.382,False,200,
1787684508.9091744,container,30.0,30.0,28.731,False,200,
1787684508.9425077,container,30.0,30.0,21.604,False,200,
1787684508.9758413,container,30.0,30.0,30.345,False,200,
1787684509.0091746,container,30.0,30.0,30.692,False,200,
1787684509.042508,container,30.0,30.0,28.608,False,200,
1787684509.0758412,container,30.0,30.0,33.294,False,200,
1787684509.1091745,container,30.0,30.0,31.489,False,200,
1787684509.1425078,container,30.0,30.0,28.793,False,200,
1787684509.175841,container,30.0,30.0,30.581,False,200,
1787684509.2091744,container,30.0,30.0,38.496,False,200,
1787684509.242508,container,30.0,30.0,23.721,False,200,
1787684509.2758412,container,30.0,30.0,33.099,False,200,
1787684509.3091745,container,30.0,30.0,36.894,False,200,
1787684509.3425078,container,30.0,30.0,32.332,False,200,
1787684509.3758411,container,30.0,30.0,26.792,False,200,
1787684509.4091744,container,30.0,30.0,34.494,False,200,
1787684509.4425077,container,30.0,30.0,31.257,False,200,
1787684509.4758413,container,30.0,30.0,30.339,False,200,
1787684509.5091746,container,30.0,30.0,25.489,False,200,
1787684509.542508,container,30.0,30.0,28.929,False,200,
1787684509.5758412,container,30.0,30.0,27.463,False,200,
1787684509.6091745,container,30.0,30.0,26.231,False,200,
1787684509.6425078,container,30.0,30.0,30.045,False,200,
1787684509.675841,container,30.0,30.0,24.035,False,200,
1787684509.7091744,container,30.0,30.0,34.971,False,200,
1787684509.742508,container,30.0,30.0,30.847,False,200,
1787684509.7758412,container,30.0,30.0,29.339,False,200,
1787684509.8091745,container,30.0,30.0,32.316,False,200,
1787684509.8425078,container,30.0,30.0,32.157,False,200,
1787684509.8758411,container,30.0,30.0,28.365,False,200,
1787684509.9091744,container,30.0,30.0,33.758,False,200,
1787684509.9425077,container,30.0,30.0,35.659,False,200,
1787684509.9758413,container,30.0,30.0,35.002,False,200,
1787684510.0091746,container,30.0,30.0,27.75,False,200,
1787684510.042508,container,30.0,30.0,27.012,False,200,
1787684510.0758412,container,30.0,30.0,28.953,False,200,
1787684510.1091745,container,30.0,30.0,30.794,False,200,
1787684510.1425078,container,30.0,30.0,34.078,False,200,
1787684510.175841,container,30.0,30.0,32.552,False,200,
1787684510.2091744,container,30.0,30.0,25.228,False,200,
1787684510.242508,container,30.0,30.0,24.492,False,200,
1787684510.2758412,container,30.0,30.0,22.37,False,200,
1787684510.3091745,container,30.0,30.0,30.793,False,200,
1787684510.3425078,container,30.0,30.0,29.109,False,200,
1787684510.3758411,container,30.0,30.0,30.98,False,200,
1787684510.4091744,container,30.0,30.0,31.622,False,200,
1787684510.4425077,container,30.0,30.0,32.103,False,200,
1787684510.4758413,container,30.0,30.0,37.773,False,200,
1787684510.5091746,container,30.0,30.0,26.142,False,200,
1787684510.542508,container,30.0,30.0,33.162,False,200,
1787684510.5758412,container,30.0,30.0,36.944,False,200,
1787684510.6091745,container,30.0,30.0,41.113,False,200,
1787684510.6425078,container,30.0,30.0,26.807,False,200,
1787684510.675841,container,30.0,30.0,29.754,False,200,
1787684510.7091744,container,30.0,30.0,32.766,False,200,
1787684510.742508,container,30.0,30.0,33.328,False,200,
1787684510.7758412,container,30.0,30.0,26.863,False,200,
1787684510.8091745,container,30.0,30.0,34.2,False,200,
1787684510.8425078,container,30.0,30.0,28.673,False,200,
1787684510.8758411,container,30.0,30.0,28.689,False,200,
1787684510.9091744,container,30.0,30.0,28.932,False,200,
1787684510.9425077,container,30.0,30.0,28.68,False,200,
1787684510.9758413,container,30.0,30.0,30.93,False,200,
1787684511.0091746,container,30.0,30.0,28.459,False,200,
1787684511.042508,container,30.0,30.0,29.089,False,200,
1787684511.0758412,container,30.0,30.0,24.201,False,200,
1787684511.1091745,container,30.0,30.0,32.907,False,200,
1787684511.1425078,container,30.0,30.0,29.026,False,200,
1787684511.175841,container,30.0,30.0,38.088,False,200,
1787684511.2091744,container,30.0,30.0,30.554,False,200,
1787684511.242508,container,30.0,30.0,34.054,False,200,
1787684511.2758412,container,30.0,30.0,31.117,False,200,
1787684511.3091745,container,30.0,30.0,28.399,False,200,
1787684511.3425078,container,30.0,30.0,28.987,False,200,
1787684511.3758411,container,30.0,30.0,25.194,False,200,
1787684511.4091744,container,30.0,30.0,24.246,False,200,
1787684511.4425077,container,30.0,30.0,29.38,False,200,
1787684511.4758413,container,30.0,30.0,26.689,False,200,
1787684511.5091746,container,30.0,30.0,26.968,False,200,
1787684511.542508,container,30.0,30.0,30.346,False,200,
1787684511.5758412,container,30.0,30.0,35.716,False,200,
1787684511.6091745,container,30.0,30.0,29.406,False,200,
1787684511.6425078,container,30.0,30.0,35.143,False,200,
1787684511.675841,container,30.0,30.0,32.511,False,200,
1787684511.7091744,container,30.0,30.0,26.677,False,200,
1787684511.742508,container,30.0,30.0,38.42,False,200,
1787684511.7758412,container,30.0,30.0,29.44,False,200,
1787684511.8091745,container,30.0,30.0,31.675,False,200,
1787684511.8425078,container,30.0,30.0,24.14,False,200,
1787684511.8758411,container,30.0,30.0,28.421,False,200,
1787684511.9091744,container,30.0,30.0,31.359,False,200,
1787684511.9425077,container,30.0,30.0,26.534,False,200,
1787684511.9758413,container,30.0,30.0,28.191,False,200,
1787684512.0091746,container,30.0,30.0,36.125,False,200,
1787684512.042508,container,30.0,30.0,39.105,False,200,
1787684512.0758412,container,30.0,30.0,41.641,False,200,
1787684512.1091745,container,30.0,30.0,32.766,False,200,
1787684512.1425078,container,30.0,30.0,26.075,False,200,
1787684512.175841,container,30.0,30.0,31.542,False,200,
1787684512.2091744,container,30.0,30.0,34.357,False,200,
1787684512.242508,container,30.0,30.0,37.656,False,200,
1787684512.2758412,container,30.0,30.0,34.388,False,200,
1787684512.3091745,container,30.0,30.0,29.826,False,200,
1787684512.3425078,container,30.0,30.0,26.294,False,200,
1787684512.3758411,container,30.0,30.0,35.587,False,200,
1787684512.4091744,container,30.0,30.0,29.163,False,200,
1787684512.4425077,container,30.0,30.0,39.119,False,200,
1787684512.4758413,container,30.0,30.0,32.317,False,200,
1787684512.5091746,container,30.0,30.0,28.304,False,200,
1787684512.542508,container,30.0,30.0,29.342,False,200,
1787684512.5758412,container,30.0,30.0,35.496,False,200,
1787684512.6091745,container,30.0,30.0,44.801,False,200,
1787684512.6425078,container,30.0,30.0,34.49,False,200,
1787684512.675841,container,30.0,30.0,30.636,False,200,
1787684512.7091744,container,30.0,30.0,31.531,False,200,
1787684512.742508,container,30.0,30.0,42.112,False,200,
1787684512.7758412,container,30.0,30.0,30.917,False,200,
1787684512.8091745,container,30.0,30.0,34.993,False,200,
1787684512.8425078,container,30.0,30.0,37.676,False,200,
1787684512.8758411,container,30.0,30.0,21.05,False,200,
1787684512.9091744,container,30.0,30.0,34.894,False,200,
1787684512.9425077,container,30.0,30.0,22.128,False,200,
1787684512.9758413,container,30.0,30.0,26.071,False,200,
1787684513.0091746,container,30.0,30.0,28.118,False,200,
1787684513.042508,container,30.0,30.0,25.686,False,200,
1787684513.0758412,container,30.0,30.0,21.036,False,200,
1787684513.1091745,container,30.0,30.0,25.321,False,200,
1787684513.1425078,container,30.0,30.0,24.891,False,200,
1787684513.175841,container,30.0,30.0,27.958,False,200,
1787684513.2091744,container,30.0,30.0,25.407,False,200,
1787684513.242508,container,30.0,30.0,26.851,False,200,
1787684513.2758412,container,30.0,30.0,34.198,False,200,
1787684513.3091745,container,30.0,30.0,30.056,False,200,
1787684513.3425078,container,30.0,30.0,20.026,False,200,
1787684513.3758411,container,30.0,30.0,36.92,False,200,
1787684513.4091744,container,30.0,30.0,31.551,False,200,
1787684513.4425077,container,30.0,30.0,30.793,False,200,
1787684513.4758413,container,30.0,30.0,33.093,False,200,
1787684513.5091746,container,30.0,30.0,36.177,False,200,
1787684513.542508,container,30.0,30.0,31.66,False,200,
1787684513.5758412,container,30.0,30.0,32.751,False,200,
1787684513.6091745,container,30.0,30.0,30.791,False,200,
1787684513.6425078,container,30.0,30.0,27.677,False,200,
1787684513.675841,container,30.0,30.0,26.511,False,200,
1787684513.7091744,container,30.0,30.0,31.152,False,200,
1787684513.742508,container,30.0,30.0,37.172,False,200,
1787684513.7758412,container,30.0,30.0,28.711,False,200,
1787684513.8091745,container,30.0,30.0,31.92,False,200,
1787684513.8425078,container,30.0,30.0,36.656,False,200,
1787684513.8758411,container,30.0,30.0,34.305,False,200,
1787684513.9091744,container,30.0,30.0,29.3,False,200,
1787684513.9425077,container,30.0,30.0,24.212,False,200,
1787684513.9758413,container,30.0,30.0,30.963,False,200,
1787684514.0091746,container,30.0,30.0,31.13,False,200,
1787684514.042508,container,30.0,30.0,28.413,False,200,
1787684514.0758412,container,30.0,30.0,29.246,False,200,
1787684514.1091745,container,30.0,30.0,26.758,False,200,
1787684514.1425078,container,30.0,30.0,21.75,False,200,
1787684514.175841,container,30.0,30.0,26.046,False,200,
1787684514.2091744,container,30.0,30.0,33.299,False,200,
1787684514.242508,container,30.0,30.0,27.781,False,200,
1787684514.2758412,container,30.0,30.0,28.062,False,200,
1787684514.3091745,container,30.0,30.0,24.989,False,200,
1787684514.3425078,container,30.0,30.0,33.857,False,200,
1787684514.3758411,container,30.0,30.0,28.829,False,200,
1787684514.4091744,container,30.0,30.0,36.714,False,200,
1787684514.4425077,container,30.0,30.0,25.345,False,200,
1787684514.4758413,container,30.0,30.0,35.621,False,200,
1787684514.5091746,container,30.0,30.0,26.134,False,200,
1787684514.542508,container,30.0,30.0,37.98,False,200,
1787684514.5758412,container,30.0,30.0,41.049,False,200,
1787684514.6091745,container,30.0,30.0,21.646,False,200,
1787684514.6425078,container,30.0,30.0,32.236,False,200,
1787684514.675841,container,30.0,30.0,29.43,False,200,
1787684514.7091744,container,30.0,30.0,29.992,False,200,
1787684514.742508,container,30.0,30.0,27.835,False,200,
1787684514.7758412,container,30.0,30.0,26.415,False,200,
1787684514.8091745,container,30.0,30.0,29.584,False,200,
1787684514.8425078,container,30.0,30.0,37.75,False,200,
1787684514.8758411,container,30.0,30.0,26.451,False,200,
1787684514.9091744,container,30.0,30.0,29.178,False,200,
1787684514.9425077,container,30.0,30.0,33.267,False,200,
1787684514.9758413,container,30.0,30.0,27.885,False,200,
1787684515.0091746,container,30.0,30.0,26.312,False,200,
1787684515.042508,container,30.0,30.0,34.841,False,200,
1787684515.0758412,container,30.0,30.0,34.568,False,200,
1787684515.1091745,container,30.0,30.0,33.765,False,200,
1787684515.1425078,container,30.0,30.0,36.389,False,200,
1787684515.175841,container,30.0,30.0,28.305,False,200,
1787684515.2091744,container,30.0,30.0,28.077,False,200,
1787684515.242508,container,30.0,30.0,26.913,False,200,
1787684515.2758412,container,30.0,30.0,38.082,False,200,
1787684515.3091745,container,30.0,30.0,22.277,False,200,
1787684515.3425078,container,30.0,30.0,31.826,False,200,
1787684515.3758411,container,30.0,30.0,25.184,False,200,
1787684515.4091744,container,30.0,30.0,29.494,False,200,
1787684515.4425077,container,30.0,30.0,27.14,False,200,
1787684515.4758413,container,30.0,30.0,30.95,False,200,
1787684515.5091746,container,30.0,30.0,27.799,False,200,
1787684515.542508,container,30.0,30.0,29.506,False,200,
1787684515.5758412,container,30.0,30.0,27.452,False,200,
1787684515.6091745,container,30.0,30.0,37.455,False,200,
1787684515.6425078,container,30.0,30.0,27.287,False,200,
1787684515.675841,container,30.0,30.0,29.215,False,200,
1787684515.7091744,container,30.0,30.0,27.73,False,200,
1787684515.742508,container,30.0,30.0,34.426,False,200,
1787684515.7758412,container,30.0,30.0,28.689,False,200,
1787684515.8091745,container,30.0,30.0,31.437,False,200,
1787684515.8425078,container,30.0,30.0,35.552,False,200,
1787684515.8758411,container,30.0,30.0,30.553,False,200,
1787684515.9091744,container,30.0,30.0,24.835,False,200,
1787684515.9425077,container,30.0,30.0,27.98,False,200,
1787684515.9758413,container,30.0,30.0,24.022,False,200,
1787684516.0091746,container,30.0,30.0,26.498,False,200,
1787684516.042508,container,30.0,30.0,33.147,False,200,
1787684516.0758412,container,30.0,30.0,24.306,False,200,
1787684516.1091745,container,30.0,30.0,38.599,False,200,
1787684516.1425078,container,30.0,30.0,28.313,False,200,
1787684516.175841,container,30.0,30.0,37.364,False,200,
1787684516.2091744,container,30.0,30.0,38.009,False,200,
1787684516.242508,container,30.0,30.0,18.909,False,200,
1787684516.2758412,container,30.0,30.0,29.225,False,200,
1787684516.3091745,container,30.0,30.0,38.907,False,200,
1787684516.3425078,container,30.0,30.0,28.967,False,200,
1787684516.3758411,container,30.0,30.0,24.71,False,200,
1787684516.4091744,container,30.0,30.0,24.736,False,200,
1787684516.4425077,container,30.0,30.0,32.418,False,200,
1787684516.4758413,container,30.0,30.0,42.461,False,200,
1787684516.5091746,container,30.0,30.0,29.474,False,200,
1787684516.542508,container,30.0,30.0,36.887,False,200,
1787684516.5758412,container,30.0,30.0,29.577,False,200,
1787684516.6091745,container,30.0,30.0,25.504,False,200,
1787684516.6425078,container,30.0,30.0,29.538,False,200,
1787684516.675841,container,30.0,30.0,27.936,False,200,
1787684516.7091744,container,30.0,30.0,29.856,False,200,
1787684516.742508,container,30.0,30.0,29.024,False,200,
1787684516.7758412,container,30.0,30.0,32.059,False,200,
1787684516.8091745,container,30.0,30.0,26.503,False,200,
1787684516.8425078,container,30.0,30.0,33.064,False,200,
1787684516.8758411,container,30.0,30.0,32.461,False,200,
1787684516.9091744,container,30.0,30.0,29.364,False,200,
1787684516.9425077,container,30.0,30.0,28.377,False,200,
1787684516.9758413,container,30.0,30.0,33.687,False,200,
1787684517.0091746,container,30.0,30.0,35.685,False,200,
1787684517.042508,container,30.0,30.0,30.889,False,200,
1787684517.0758412,container,30.0,30.0,39.003,False,200,
1787684517.1091745,container,30.0,30.0,34.898,False,200,
1787684517.1425078,container,30.0,30.0,21.985,False,200,
1787684517.175841,container,30.0,30.0,32.171,False,200,
1787684517.2091744,container,30.0,30.0,30.984,False,200,
1787684517.242508,container,30.0,30.0,40.24,False,200,
1787684517.2758412,container,30.0,30.0,32.803,False,200,
1787684517.3091745,container,30.0,30.0,32.896,False,200,
1787684517.3425078,container,30.0,30.0,33.469,False,200,
1787684517.3758411,container,30.0,30.0,27.758,False,200,
1787684517.4091744,container,30.0,30.0,27.435,False,200,
1787684517.4425077,container,30.0,30.0,36.567,False,200,
1787684517.4758413,container,30.0,30.0,39.634,False,200,
1787684517.5091746,container,30.0,30.0,26.376,False,200,
1787684517.542508,container,30.0,30.0,28.247,False,200,
1787684517.5758412,container,30.0,30.0,28.929,False,200,
1787684517.6091745,container,30.0,30.0,23.621,False,200,
1787684517.6425078,container,30.0,30.0,34.359,False,200,
1787684517.675841,container,30.0,30.0,24.119,False,200,
1787684517.7091744,container,30.0,30.0,25.247,False,200,
1787684517.742508,container,30.0,30.0,32.283,False,200,
1787684517.7758412,container,30.0,30.0,31.734,False,200,
1787684517.8091745,container,30.0,30.0,36.204,False,200,
1787684517.8425078,container,30.0,30.0,24.943,False,200,
1787684517.8758411,container,30.0,30.0,26.458,False,200,
1787684517.9091744,container,30.0,30.0,34.422,False,200,
1787684517.9425077,container,30.0,30.0,26.961,False,200,
1787684517.9758413,container,30.0,30.0,29.964,False,200,
1787684518.0091746,container,30.0,30.0,36.326,False,200,
1787684518.042508,container,30.0,30.0,23.964,False,200,
1787684518.0758412,container,30.0,30.0,34.776,False,200,
1787684518.1091745,container,30.0,30.0,32.54,False,200,
1787684518.1425078,container,30.0,30.0,29.915,False,200,
1787684518.175841,container,30.0,30.0,30.876,False,200,
1787684518.2091744,container,30.0,30.0,26.148,False,200,
1787684518.242508,container,30.0,30.0,32.845,False,200,
1787684518.2758412,container,30.0,30.0,23.063,False,200,
1787684518.3091745,container,30.0,30.0,41.601,False,200,
1787684518.3425078,container,30.0,30.0,32.056,False,200,
1787684518.3758411,container,30.0,30.0,30.29,False,200,
1787684518.4091744,container,30.0,30.0,25.969,False,200,
1787684518.4425077,container,30.0,30.0,35.01,False,200,
1787684518.4758413,container,30.0,30.0,27.639,False,200,
1787684518.5091746,container,30.0,30.0,25.277,False,200,
1787684518.542508,container,30.0,30.0,27.858,False,200,
1787684518.5758412,container,30.0,30.0,23.123,False,200,
1787684518.6091745,container,30.0,30.0,31.757,False,200,
1787684518.6425078,container,30.0,30.0,25.527,False,200,
1787684518.675841,container,30.0,30.0,32.285,False,200,
1787684518.7091744,container,30.0,30.0,32.382,False,200,
1787684518.742508,container,30.0,30.0,30.042,False,200,
1787684518.7758412,container,30.0,30.0,26.511,False,200,
1787684518.8091745,container,30.0,30.0,34.993,False,200,
1787684518.8425078,container,30.0,30.0,29.037,False,200,
1787684518.8758411,container,30.0,30.0,29.597,False,200,
1787684518.9091744,container,30.0,30.0,26.368,False,200,
1787684518.9425077,container,30.0,30.0,34.441,False,200,
1787684518.9758413,container,30.0,30.0,37.315,False,200,
1787684519.0091746,container,30.0,30.0,40.714,False,200,
1787684519.042508,container,30.0,30.0,29.912,False,200,
1787684519.0758412,container,30.0,30.0,37.291,False,200,
1787684519.1091745,container,30.0,30.0,27.699,False,200,
1787684519.1425078,container,30.0,30.0,32.812,False,200,
1787684519.175841,container,30.0,30.0,31.025,False,200,
1787684519.2091744,container,30.0,30.0,34.633,False,200,
1787684519.242508,container,30.0,30.0,41.813,False,200,
1787684519.2758412,container,30.0,30.0,27.543,False,200,
1787684519.3091745,container,30.0,30.0,34.994,False,200,
1787684519.3425078,container,30.0,30.0,28.718,False,200,
1787684519.3758411,container,30.0,30.0,29.583,False,200,
1787684519.4091744,container,30.0,30.0,44.526,False,200,
1787684519.4425077,container,30.0,30.0,35.144,False,200,
1787684519.4758413,container,30.0,30.0,35.991,False,200,
1787684519.5091746,container,30.0,30.0,31.917,False,200,
1787684519.542508,container,30.0,30.0,31.868,False,200,
1787684519.5758412,container,30.0,30.0,28.043,False,200,
1787684519.6091745,container,30.0,30.0,37.425,False,200,
1787684519.6425078,container,30.0,30.0,37.702,False,200,
1787684519.675841,container,30.0,30.0,27.018,False,200,
1787684519.7091744,container,30.0,30.0,45.125,False,200,
1787684519.742508,container,30.0,30.0,31.118,False,200,
1787684519.7758412,container,30.0,30.0,27.886,False,200,
1787684519.8091745,container,30.0,30.0,25.249,False,200,
1787684519.8425078,container,30.0,30.0,26.176,False,200,
1787684519.8758411,container,30.0,30.0,34.015,False,200,
1787684519.9091744,container,30.0,30.0,27.848,False,200,
1787684519.9425077,container,30.0,30.0,26.472,False,200,
1787684519.9758413,container,30.0,30.0,31.95,False,200,
1787684520.0091746,container,30.0,30.0,34.861,False,200,
1787684520.042508,container,30.0,30.0,33.007,False,200,
1787684520.0758412,container,30.0,30.0,29.737,False,200,
1787684520.1091745,container,30.0,30.0,32.71,False,200,
1787684520.1425078,container,30.0,30.0,34.504,False,200,
1787684520.175841,container,30.0,30.0,30.817,False,200,
1787684520.2091744,container,30.0,30.0,28.487,False,200,
1787684520.242508,container,30.0,30.0,22.29,False,200,
1787684520.2758412,container,30.0,30.0,39.295,False,200,
1787684520.3091745,container,30.0,30.0,38.034,False,200,
1787684520.3425078,container,30.0,30.0,28.531,False,200,
1787684520.3758411,container,30.0,30.0,35.523,False,200,
1787684520.4091744,container,30.0,30.0,17.879,False,200,
1787684520.4425077,container,30.0,30.0,27.037,False,200,
1787684520.4758413,container,30.0,30.0,27.512,False,200,
1787684520.5091746,container,30.0,30.0,34.549,False,200,
1787684520.542508,container,30.0,30.0,27.522,False,200,
1787684520.5758412,container,30.0,30.0,28.556,False,200,
1787684520.6091745,container,30.0,30.0,36.809,False,200,
1787684520.6425078,container,30.0,30.0,37.658,False,200,
1787684520.675841,container,30.0,30.0,34.82,False,200,
1787684520.7091744,container,30.0,30.0,36.451,False,200,
1787684520.742508,container,30.0,30.0,27.543,False,200,
1787684520.7758412,container,30.0,30.0,34.248,False,200,
1787684520.8091745,container,30.0,30.0,32.142,False,200,
1787684520.8425078,container,30.0,30.0,35.007,False,200,
1787684520.8758411,container,30.0,30.0,33.511,False,200,
1787684520.9091744,container,30.0,30.0,31.526,False,200,
1787684520.9425077,container,30.0,30.0,31.598,False,200,
1787684520.9758413,container,30.0,30.0,29.93,False,200,
1787684521.0091746,container,30.0,30.0,45.084,False,200,
1787684521.042508,container,30.0,30.0,33.067,False,200,
1787684521.0758412,container,30.0,30.0,27.652,False,200,
1787684521.1091745,container,30.0,30.0,34.177,False,200,
1787684521.1425078,container,30.0,30.0,42.799,False,200,
1787684521.175841,container,30.0,30.0,30.116,False,200,
1787684521.2091744,container,30.0,30.0,29.09,False,200,
1787684521.242508,container,30.0,30.0,23.677,False,200,
1787684521.2758412,container,30.0,30.0,35.035,False,200,
1787684521.3091745,container,30.0,30.0,25.987,False,200,
1787684521.3425078,container,30.0,30.0,35.919,False,200,
1787684521.3758411,container,30.0,30.0,33.121,False,200,
1787684521.4091744,container,30.0,30.0,24.241,False,200,
1787684521.4425077,container,30.0,30.0,23.948,False,200,
1787684521.4758413,container,30.0,30.0,31.03,False,200,
1787684521.5091746,container,30.0,30.0,25.95,False,200,
1787684521.542508,container,30.0,30.0,32.508,False,200,
1787684521.5758412,container,30.0,30.0,32.087,False,200,
1787684521.6091745,container,30.0,30.0,37.155,False,200,
1787684521.6425078,container,30.0,30.0,28.004,False,200,
1787684521.675841,container,30.0,30.0,28.903,False,200,
1787684521.7091744,container,30.0,30.0,21.973,False,200,
1787684521.742508,container,30.0,30.0,28.509,False,200,
1787684521.7758412,container,30.0,30.0,31.724,False,200,
1787684521.8091745,container,30.0,30.0,29.512,False,200,
1787684521.8425078,container,30.0,30.0,23.847,False,200,
1787684521.8758411,container,30.0,30.0,28.226,False,200,
1787684521.9091744,container,30.0,30.0,23.015,False,200,
1787684521.9425077,container,30.0,30.0,29.423,False,200,
1787684521.9758413,container,30.0,30.0,24.704,False,200,
1787684522.0091746,container,30.0,30.0,30.343,False,200,
1787684522.042508,container,30.0,30.0,34.606,False,200,
1787684522.0758412,container,30.0,30.0,30.163,False,200,
1787684522.1091745,container,30.0,30.0,30.04,False,200,
1787684522.1425078,container,30.0,30.0,25.666,False,200,
1787684522.175841,container,30.0,30.0,27.356,False,200,
1787684522.2091744,container,30.0,30.0,31.129,False,200,
1787684522.242508,container,30.0,30.0,27.407,False,200,
1787684522.2758412,container,30.0,30.0,30.372,False,200,
1787684522.3091745,container,30.0,30.0,27.687,False,200,
1787684522.3425078,container,30.0,30.0,31.3,False,200,
1787684522.3758411,container,30.0,30.0,31.256,False,200,
1787684522.4091744,container,30.0,30.0,30.662,False,200,
1787684522.4425077,container,30.0,30.0,26.535,False,200,
1787684522.4758413,container,30.0,30.0,28.173,False,200,
1787684522.5091746,container,30.0,30.0,35.477,False,200,
1787684522.542508,container,30.0,30.0,29.067,False,200,
1787684522.5758412,container,30.0,30.0,28.771,False,200,
1787684522.6091745,container,30.0,30.0,38.6,False,200,
1787684522.6425078,container,30.0,30.0,25.482,False,200,
1787684522.675841,container,30.0,30.0,21.27,False,200,
1787684522.7091744,container,30.0,30.0,22.056,False,200,
1787684522.742508,container,30.0,30.0,25.594,False,200,
1787684522.7758412,container,30.0,30.0,29.702,False,200,
1787684522.8091745,container,30.0,30.0,26.938,False,200,
1787684522.8425078,container,30.0,30.0,28.694,False,200,
1787684522.8758411,container,30.0,30.0,32.037,False,200,
1787684522.9091744,container,30.0,30.0,26.065,False,200,
1787684522.9425077,container,30.0,30.0,30.223,False,200,
1787684522.9758413,container,30.0,30.0,30.13,False,200,
1787684523.0091746,container,30.0,30.0,33.852,False,200,
1787684523.042508,container,30.0,30.0,34.106,False,200,
1787684523.0758412,container,30.0,30.0,31.043,False,200,
1787684523.1091745,container,30.0,30.0,23.606,False,200,
1787684523.1425078,container,30.0,30.0,33.482,False,200,
1787684523.175841,container,30.0,30.0,25.674,False,200,
1787684523.2091744,container,30.0,30.0,32.413,False,200,
1787684523.242508,container,30.0,30.0,26.689,False,200,
1787684523.2758412,container,30.0,30.0,23.99,False,200,
1787684523.3091745,container,30.0,30.0,33.798,False,200,
1787684523.3425078,container,30.0,30.0,22.295,False,200,
1787684523.3758411,container,30.0,30.0,37.496,False,200,
1787684523.4091744,container,30.0,30.0,28.398,False,200,
1787684523.4425077,container,30.0,30.0,26.766,False,200,
1787684523.4758413,container,30.0,30.0,23.742,False,200,
1787684523.5091746,container,30.0,30.0,31.658,False,200,
1787684523.542508,container,30.0,30.0,31.087,False,200,
1787684523.5758412,container,30.0,30.0,32.458,False,200,
1787684523.6091745,container,30.0,30.0,23.934,False,200,
1787684523.6425078,container,30.0,30.0,26.641,False,200,
1787684523.675841,container,30.0,30.0,29.353,False,200,
1787684523.7091744,container,30.0,30.0,28.5,False,200,
1787684523.742508,container,30.0,30.0,24.009,False,200,
1787684523.7758412,container,30.0,30.0,27.388,False,200,
1787684523.8091745,container,30.0,30.0,30.976,False,200,
1787684523.8425078,container,30.0,30.0,35.706,False,200,
1787684523.8758411,container,30.0,30.0,29.393,False,200,
1787684523.9091744,container,30.0,30.0,28.833,False,200,
1787684523.9425077,container,30.0,30.0,27.943,False,200,
1787684523.9758413,container,30.0,30.0,30.239,False,200,
1787684524.0091746,container,30.0,30.0,31.02,False,200,
1787684524.042508,container,30.0,30.0,30.157,False,200,
1787684524.0758412,container,30.0,30.0,30.574,False,200,
1787684524.1091745,container,30.0,30.0,33.43,False,200,
1787684524.1425078,container,30.0,30.0,25.455,False,200,
1787684524.175841,container,30.0,30.0,27.708,False,200,
1787684524.2091744,container,30.0,30.0,32.431,False,200,
1787684524.242508,container,30.0,30.0,36.725,False,200,
1787684524.2758412,container,30.0,30.0,37.181,False,200,
1787684524.3091745,container,30.0,30.0,29.854,False,200,
1787684524.3425078,container,30.0,30.0,28.516,False,200,
1787684524.3758411,container,30.0,30.0,31.874,False,200,
1787684524.4091744,container,30.0,30.0,27.273,False,200,
1787684524.4425077,container,30.0,30.0,37.209,False,200,
1787684524.4758413,container,30.0,30.0,36.269,False,200,
1787684524.5091746,container,30.0,30.0,31.304,False,200,
1787684524.542508,container,30.0,30.0,27.977,False,200,
1787684524.5758412,container,30.0,30.0,26.189,False,200,
1787684524.6091745,container,30.0,30.0,31.373,False,200,
1787684524.6425078,container,30.0,30.0,35.467,False,200,
1787684524.675841,container,30.0,30.0,29.006,False,200,
1787684524.7091744,container,30.0,30.0,29.789,False,200,
1787684524.742508,container,30.0,30.0,26.327,False,200,
1787684524.7758412,container,30.0,30.0,37.259,False,200,
1787684524.8091745,container,30.0,30.0,24.905,False,200,
1787684524.8425078,container,30.0,30.0,31.652,False,200,
1787684524.8758411,container,30.0,30.0,31.153,False,200,
1787684524.9091744,container,30.0,30.0,25.649,False,200,
1787684524.9425077,container,30.0,30.0,30.337,False,200,
1787684524.9758413,container,30.0,30.0,36.522,False,200,
1787684525.0091746,container,30.0,30.0,28.587,False,200,
1787684525.042508,container,30.0,30.0,30.881,False,200,
1787684525.0758412,container,30.0,30.0,28.325,False,200,
1787684525.1091745,container,30.0,30.0,35.377,False,200,
1787684525.1425078,container,30.0,30.0,27.818,False,200,
1787684525.175841,container,30.0,30.0,28.875,False,200,
1787684525.2091744,container,30.0,30.0,22.383,False,200,
1787684525.242508,container,30.0,30.0,20.635,False,200,
1787684525.2758412,container,30.0,30.0,29.43,False,200,
1787684525.3091745,container,30.0,30.0,34.457,False,200,
1787684525.3425078,container,30.0,30.0,30.836,False,200,
1787684525.3758411,container,30.0,30.0,33.082,False,200,
1787684525.4091744,container,30.0,30.0,37.447,False,200,
1787684525.4425077,container,30.0,30.0,23.63,False,200,
1787684525.4758413,container,30.0,30.0,31.93,False,200,
1787684525.5091746,container,30.0,30.0,30.93,False,200,
1787684525.542508,container,30.0,30.0,32.809,False,200,
1787684525.5758412,container,30.0,30.0,24.488,False,200,
1787684525.6091745,container,30.0,30.0,39.012,False,200,
1787684525.6425078,container,30.0,30.0,31.742,False,200,
1787684525.675841,container,30.0,30.0,27.419,False,200,
1787684525.7091744,container,30.0,30.0,31.632,False,200,
1787684525.742508,container,30.0,30.0,20.131,False,200,
1787684525.7758412,container,30.0,30.0,31.273,False,200,
1787684525.8091745,container,30.0,30.0,33.472,False,200,
1787684525.8425078,container,30.0,30.0,33.485,False,200,
1787684525.8758411,container,30.0,30.0,26.34,False,200,
1787684525.9091744,container,30.0,30.0,39.528,False,200,
1787684525.9425077,container,30.0,30.0,25.997,False,200,
1787684525.9758413,container,30.0,30.0,30.002,False,200,
1787684526.0091746,container,30.0,30.0,28.569,False,200,
1787684526.042508,container,30.0,30.0,28.216,False,200,
1787684526.0758412,container,30.0,30.0,24.889,False,200,
1787684526.1091745,container,30.0,30.0,31.324,False,200,
1787684526.1425078,container,30.0,30.0,27.042,False,200,
1787684526.175841,container,30.0,30.0,31.611,False,200,
1787684526.2091744,container,30.0,30.0,36.524,False,200,
1787684526.242508,container,30.0,30.0,31.733,False,200,
1787684526.2758412,container,30.0,30.0,29.165,False,200,
1787684526.3091745,container,30.0,30.0,28.879,False,200,
1787684526.3425078,container,30.0,30.0,38.46,False,200,
1787684526.3758411,container,30.0,30.0,25.226,False,200,
1787684526.4091744,container,30.0,30.0,28.492,False,200,
1787684526.4425077,container,30.0,30.0,29.935,False,200,
1787684526.4758413,container,30.0,30.0,33.736,False,200,
1787684526.5091746,container,30.0,30.0,26.934,False,200,
1787684526.542508,container,30.0,30.0,22.709,False,200,
1787684526.5758412,container,30.0,30.0,27.784,False,200,
1787684526.6091745,container,30.0,30.0,24.266,False,200,
1787684526.6425078,container,30.0,30.0,31.85,False,200,
1787684526.675841,container,30.0,30.0,39.44,False,200,
1787684526.7091744,container,30.0,30.0,32.001,False,200,
1787684526.742508,container,30.0,30.0,30.526,False,200,
1787684526.7758412,container,30.0,30.0,30.896,False,200,
1787684526.8091745,container,30.0,30.0,34.307,False,200,
1787684526.8425078,container,30.0,30.0,27.49,False,200,
1787684526.8758411,container,30.0,30.0,28.375,False,200,
1787684526.9091744,container,30.0,30.0,32.014,False,200,
1787684526.9425077,container,30.0,30.0,30.132,False,200,
1787684526.9758413,container,30.0,30.0,34.765,False,200,
1787684527.0091746,container,30.0,30.0,34.244,False,200,
1787684527.042508,container,30.0,30.0,31.912,False,200,
1787684527.0758412,container,30.0,30.0,34.267,False,200,
1787684527.1091745,container,30.0,30.0,33.275,False,200,
1787684527.1425078,container,30.0,30.0,30.207,False,200,
1787684527.175841,container,30.0,30.0,28.509,False,200,
1787684527.2091744,container,30.0,30.0,32.309,False,200,
1787684527.242508,container,30.0,30.0,41.409,False,200,
1787684527.2758412,container,30.0,30.0,27.785,False,200,
1787684527.3091745,container,30.0,30.0,30.015,False,200,
1787684527.3425078,container,30.0,30.0,30.609,False,200,
1787684527.3758411,container,30.0,30.0,27.577,False,200,
1787684527.4091744,container,30.0,30.0,29.543,False,200,
1787684527.4425077,container,30.0,30.0,36.815,False,200,
1787684527.4758413,container,30.0,30.0,33.188,False,200,
1787684527.5091746,container,30.0,30.0,25.534,False,200,
1787684527.542508,container,30.0,30.0,28.702,False,200,
1787684527.5758412,container,30.0,30.0,33.209,False,200,
1787684527.6091745,container,30.0,30.0,38.419,False,200,
1787684527.6425078,container,30.0,30.0,43.033,False,200,
1787684527.675841,container,30.0,30.0,25.628,False,200,
1787684527.7091744,container,30.0,30.0,29.412,False,200,
1787684527.742508,container,30.0,30.0,30.049,False,200,
1787684527.7758412,container,30.0,30.0,26.942,False,200,
1787684527.8091745,container,30.0,30.0,34.013,False,200,
1787684527.8425078,container,30.0,30.0,28.548,False,200,
1787684527.8758411,container,30.0,30.0,25.656,False,200,
1787684527.9091744,container,30.0,30.0,33.356,False,200,
1787684527.9425077,container,30.0,30.0,31.427,False,200,
1787684527.9758413,container,30.0,30.0,32.064,False,200,
1787684528.0091746,container,30.0,30.0,32.695,False,200,
1787684528.042508,container,30.0,30.0,34.535,False,200,
1787684528.0758412,container,30.0,30.0,23.764,False,200,
1787684528.1091745,container,30.0,30.0,26.653,False,200,
1787684528.1425078,container,30.0,30.0,39.441,False,200,
1787684528.175841,container,30.0,30.0,33.224,False,200,
1787684528.2091744,container,30.0,30.0,26.631,False,200,
1787684528.242508,container,30.0,30.0,30.012,False,200,
1787684528.2758412,container,30.0,30.0,30.61,False,200,
1787684528.3091745,container,30.0,30.0,29.89,False,200,
1787684528.3425078,container,30.0,30.0,28.03,False,200,
1787684528.3758411,container,30.0,30.0,27.52,False,200,
1787684528.4091744,container,30.0,30.0,33.439,False,200,
1787684528.4425077,container,30.0,30.0,24.615,False,200,
1787684528.4758413,container,30.0,30.0,28.723,False,200,
1787684528.5091746,container,30.0,30.0,27.897,False,200,
1787684528.542508,container,30.0,30.0,28.522,False,200,
1787684528.5758412,container,30.0,30.0,34.122,False,200,
1787684528.6091745,container,30.0,30.0,30.978,False,200,
1787684528.6425078,container,30.0,30.0,33.406,False,200,
1787684528.675841,container,30.0,30.0,27.265,False,200,
1787684528.7091744,container,30.0,30.0,30.814,False,200,
1787684528.742508,container,30.0,30.0,34.181,False,200,
1787684528.7758412,container,30.0,30.0,32.42,False,200,
1787684528.8091745,container,30.0,30.0,30.279,False,200,
1787684528.8425078,container,30.0,30.0,24.756,False,200,
1787684528.8758411,container,30.0,30.0,39.788,False,200,
1787684528.9091744,container,30.0,30.0,24.114,False,200,
1787684528.9425077,container,30.0,30.0,29.607,False,200,
1787684528.9758413,container,30.0,30.0,26.272,False,200,
1787684529.0091746,container,30.0,30.0,29.162,False,200,
1787684529.042508,container,30.0,30.0,27.484,False,200,
1787684529.0758412,container,30.0,30.0,31.394,False,200,
1787684529.1091745,container,30.0,30.0,36.81,False,200,
1787684529.1425078,container,30.0,30.0,27.842,False,200,
1787684529.175841,container,30.0,30.0,33.754,False,200,
1787684529.2091744,container,30.0,30.0,27.449,False,200,
1787684529.242508,container,30.0,30.0,26.975,False,200,
1787684529.2758412,container,30.0,30.0,28.483,False,200,
1787684529.3091745,container,30.0,30.0,34.213,False,200,
1787684529.3425078,container,30.0,30.0,32.288,False,200,
1787684529.3758411,container,30.0,30.0,35.273,False,200,
1787684529.4091744,container,30.0,30.0,30.04,False,200,
1787684529.4425077,container,30.0,30.0,23.769,False,200,
1787684529.4758413,container,30.0,30.0,26.289,False,200,
1787684529.5091746,container,30.0,30.0,28.296,False,200,
1787684529.542508,container,30.0,30.0,36.152,False,200,
1787684529.5758412,container,30.0,30.0,28.146,False,200,
1787684529.6091745,container,30.0,30.0,26.121,False,200,
1787684529.6425078,container,30.0,30.0,20.392,False,200,
1787684529.675841,container,30.0,30.0,29.148,False,200,
1787684529.7091744,container,30.0,30.0,24.09,False,200,
1787684529.742508,container,30.0,30.0,37.119,False,200,
1787684529.7758412,container,30.0,30.0,27.468,False,200,
1787684529.8091745,container,30.0,30.0,36.615,False,200,
1787684529.8425078,container,30.0,30.0,25.335,False,200,
1787684529.8758411,container,30.0,30.0,23.755,False,200,
1787684529.9091744,container,30.0,30.0,27.745,False,200,
1787684529.9425077,container,30.0,30.0,33.102,False,200,
1787684529.9758413,container,30.0,30.0,30.969,False,200,
1787684530.0091746,container,30.0,30.0,23.175,False,200,
1787684530.042508,container,30.0,30.0,24.806,False,200,
1787684530.0758412,container,30.0,30.0,38.927,False,200,
1787684530.1091745,container,30.0,30.0,32.641,False,200,
1787684530.1425078,container,30.0,30.0,32.713,False,200,
1787684530.175841,container,30.0,30.0,33.824,False,200,
1787684530.2091744,container,30.0,30.0,32.323,False,200,
1787684530.242508,container,30.0,30.0,33.598,False,200,
1787684530.2758412,container,30.0,30.0,32.647,False,200,
1787684530.3091745,container,30.0,30.0,23.844,False,200,
1787684530.3425078,container,30.0,30.0,30.517,False,200,
1787684530.3758411,container,30.0,30.0,37.798,False,200,
1787684530.4091744,container,30.0,30.0,26.559,False,200,
1787684530.4425077,container,30.0,30.0,24.394,False,200,
1787684530.4758413,container,30.0,30.0,38.7,False,200,
1787684530.5091746,container,30.0,30.0,25.937,False,200,
1787684530.542508,container,30.0,30.0,29.652,False,200,
1787684530.5758412,container,30.0,30.0,28.13,False,200,
1787684530.6091745,container,30.0,30.0,28.643,False,200,
1787684530.6425078,container,30.0,30.0,29.043,False,200,
1787684530.675841,container,30.0,30.0,41.898,False,200,
1787684530.7091744,container,30.0,30.0,24.807,False,200,
1787684530.742508,container,30.0,30.0,27.154,False,200,
1787684530.7758412,container,30.0,30.0,32.301,False,200,
1787684530.8091745,container,30.0,30.0,28.214,False,200,
1787684530.8425078,container,30.0,30.0,32.441,False,200,
1787684530.8758411,container,30.0,30.0,30.177,False,200,
1787684530.9091744,container,30.0,30.0,27.547,False,200,
1787684530.9425077,container,30.0,30.0,29.845,False,200,
1787684530.9758413,container,30.0,30.0,37.134,False,200,
1787684531.0091746,container,30.0,30.0,36.606,False,200,
1787684531.042508,container,30.0,30.0,31.353,False,200,
1787684531.0758412,container,30.0,30.0,22.429,False,200,
1787684531.1091745,container,30.0,30.0,29.74,False,200,
1787684531.1425078,container,30.0,30.0,27.645,False,200,
1787684531.175841,container,30.0,30.0,23.372,False,200,
1787684531.2091744,container,30.0,30.0,26.463,False,200,
1787684531.242508,container,30.0,30.0,38.602,False,200,
1787684531.2758412,container,30.0,30.0,28.736,False,200,
1787684531.3091745,container,30.0,30.0,28.166,False,200,
1787684531.3425078,container,30.0,30.0,34.284,False,200,
1787684531.3758411,container,30.0,30.0,33.927,False,200,
1787684531.4091744,container,30.0,30.0,24.0,False,200,
1787684531.4425077,container,30.0,30.0,33.727,False,200,
1787684531.4758413,container,30.0,30.0,23.965,False,200,
1787684531.5091746,container,30.0,30.0,34.894,False,200,
1787684531.542508,container,30.0,30.0,36.183,False,200,
1787684531.5758412,container,30.0,30.0,34.037,False,200,
1787684531.6091745,container,30.0,30.0,31.597,False,200,
1787684531.6425078,container,30.0,30.0,33.415,False,200,
1787684531.675841,container,30.0,30.0,34.41,False,200,
1787684531.7091744,container,30.0,30.0,22.534,False,200,
1787684531.742508,container,30.0,30.0,44.242,False,200,
1787684531.7758412,container,30.0,30.0,27.224,False,200,
1787684531.8091745,container,30.0,30.0,30.513,False,200,
1787684531.8425078,container,30.0,30.0,28.249,False,200,
1787684531.8758411,container,30.0,30.0,27.078,False,200,
1787684531.9091744,container,30.0,30.0,34.348,False,200,
1787684531.9425077,container,30.0,30.0,30.018,False,200,
1787684531.9758413,container,30.0,30.0,23.667,False,200,
1787684532.0091746,container,30.0,30.0,25.922,False,200,
1787684532.042508,container,30.0,30.0,25.486,False,200,
1787684532.0758412,container,30.0,30.0,30.264,False,200,
1787684532.1091745,container,30.0,30.0,26.915,False,200,
1787684532.1425078,container,30.0,30.0,27.2,False,200,
1787684532.175841,container,30.0,30.0,30.175,False,200,
1787684532.2091744,container,30.0,30.0,30.978,False,200,
1787684532.242508,container,30.0,30.0,24.948,False,200,
1787684532.2758412,container,30.0,30.0,28.35,False,200,
1787684532.3091745,container,30.0,30.0,35.423,False,200,
1787684532.3425078,container,30.0,30.0,30.613,False,200,
1787684532.3758411,container,30.0,30.0,30.739,False,200,
1787684532.4091744,container,30.0,30.0,29.231,False,200,
1787684532.4425077,container,30.0,30.0,33.535,False,200,
1787684532.4758413,container,30.0,30.0,29.482,False,200,
1787684532.5091746,container,30.0,30.0,26.577,False,200,
1787684532.542508,container,30.0,30.0,34.312,False,200,
1787684532.5758412,container,30.0,30.0,39.971,False,200,
1787684532.6091745,container,30.0,30.0,32.28,False,200,
1787684532.6425078,container,30.0,30.0,32.979,False,200,
1787684532.675841,container,30.0,30.0,28.646,False,200,
1787684532.7091744,container,30.0,30.0,35.651,False,200,
1787684532.742508,container,30.0,30.0,30.436,False,200,
1787684532.7758412,container,30.0,30.0,40.347,False,200,
1787684532.8091745,container,30.0,30.0,30.864,False,200,
1787684532.8425078,container,30.0,30.0,26.23,False,200,
1787684532.8758411,container,30.0,30.0,27.431,False,200,
1787684532.9091744,container,30.0,30.0,34.519,False,200,
1787684532.9425077,container,30.0,30.0,24.74,False,200,
1787684532.9758413,container,30.0,30.0,34.059,False,200,
1787684533.0091746,container,30.0,30.0,30.427,False,200,
1787684533.042508,container,30.0,30.0,28.458,False,200,
1787684533.0758412,container,30.0,30.0,42.809,False,200,
1787684533.1091745,container,30.0,30.0,33.058,False,200,
1787684533.1425078,container,30.0,30.0,32.827,False,200,
1787684533.175841,container,30.0,30.0,31.834,False,200,
1787684533.2091744,container,30.0,30.0,31.116,False,200,
1787684533.242508,container,30.0,30.0,26.224,False,200,
1787684533.2758412,container,30.0,30.0,29.028,False,200,
1787684533.3091745,container,30.0,30.0,32.764,False,200,
1787684533.3425078,container,30.0,30.0,23.824,False,200,
1787684533.3758411,container,30.0,30.0,26.088,False,200,
1787684533.4091744,container,30.0,30.0,31.532,False,200,
1787684533.4425077,container,30.0,30.0,23.891,False,200,
1787684533.4758413,container,30.0,30.0,22.623,False,200,
1787684533.5091746,container,30.0,30.0,31.577,False,200,
1787684533.542508,container,30.0,30.0,32.287,False,200,
1787684533.5758412,container,30.0,30.0,33.577,False,200,
1787684533.6091745,container,30.0,30.0,35.722,False,200,
1787684533.6425078,container,30.0,30.0,25.2,False,200,
1787684533.675841,container,30.0,30.0,34.321,False,200,
1787684533.7091744,container,30.0,30.0,40.738,False,200,
1787684533.742508,container,30.0,30.0,27.061,False,200,
1787684533.7758412,container,30.0,30.0,54.075,False,200,
1787684533.8091745,container,30.0,30.0,33.946,False,200,
1787684533.8425078,container,30.0,30.0,33.984,False,200,
1787684533.8758411,container,30.0,30.0,27.326,False,200,
1787684533.9091744,container,30.0,30.0,32.207,False,200,
1787684533.9425077,container,30.0,30.0,22.922,False,200,
1787684533.9758413,container,30.0,30.0,30.316,False,200,
1787684534.0091746,container,30.0,30.0,19.245,False,200,
1787684534.042508,container,30.0,30.0,28.251,False,200,
1787684534.0758412,container,30.0,30.0,28.724,False,200,
1787684534.1091745,container,30.0,30.0,37.021,False,200,
1787684534.1425078,container,30.0,30.0,30.765,False,200,
1787684534.175841,container,30.0,30.0,35.173,False,200,
1787684534.2091744,container,30.0,30.0,30.234,False,200,
1787684534.242508,container,30.0,30.0,32.068,False,200,
1787684534.2758412,container,30.0,30.0,21.729,False,200,
1787684534.3091745,container,30.0,30.0,28.028,False,200,
1787684534.3425078,container,30.0,30.0,27.878,False,200,
1787684534.3758411,container,30.0,30.0,33.525,False,200,
1787684534.4091744,container,30.0,30.0,27.301,False,200,
1787684534.4425077,container,30.0,30.0,31.652,False,200,
1787684534.4758413,container,30.0,30.0,34.079,False,200,
1787684534.5091746,container,30.0,30.0,29.133,False,200,
1787684534.542508,container,30.0,30.0,31.113,False,200,
1787684534.5758412,container,30.0,30.0,27.174,False,200,
1787684534.6091745,container,30.0,30.0,29.49,False,200,
1787684534.6425078,container,30.0,30.0,38.593,False,200,
1787684534.675841,container,30.0,30.0,33.091,False,200,
1787684534.7091744,container,30.0,30.0,27.596,False,200,
1787684534.742508,container,30.0,30.0,34.205,False,200,
1787684534.7758412,container,30.0,30.0,24.982,False,200,
1787684534.8091745,container,30.0,30.0,37.992,False,200,
1787684534.8425078,container,30.0,30.0,25.65,False,200,
1787684534.8758411,container,30.0,30.0,37.594,False,200,
1787684534.9091744,container,30.0,30.0,35.296,False,200,
1787684534.9425077,container,30.0,30.0,27.512,False,200,
1787684534.9758413,container,30.0,30.0,28.437,False,200,
1787684535.0091746,container,30.0,30.0,33.347,False,200,
1787684535.042508,container,30.0,30.0,34.417,False,200,
1787684535.0758412,container,30.0,30.0,28.997,False,200,
1787684535.1091745,container,30.0,30.0,31.388,False,200,
1787684535.1425078,container,30.0,30.0,28.787,False,200,
1787684535.175841,container,30.0,30.0,29.951,False,200,
1787684535.2091744,container,30.0,30.0,32.36,False,200,
1787684535.242508,container,30.0,30.0,32.4,False,200,
1787684535.2758412,container,30.0,30.0,38.088,False,200,
1787684535.3091745,container,30.0,30.0,20.285,False,200,
1787684535.3425078,container,30.0,30.0,28.434,False,200,
1787684535.3758411,container,30.0,30.0,27.299,False,200,
1787684535.4091744,container,30.0,30.0,34.812,False,200,
1787684535.4425077,container,30.0,30.0,26.518,False,200,
1787684535.4758413,container,30.0,30.0,24.152,False,200,
1787684535.5091746,container,30.0,30.0,26.367,False,200,
1787684535.542508,container,30.0,30.0,24.165,False,200,
1787684535.5758412,container,30.0,30.0,30.926,False,200,
1787684535.6091745,container,30.0,30.0,43.291,False,200,
1787684535.6425078,container,30.0,30.0,31.372,False,200,
1787684535.675841,container,30.0,30.0,26.325,False,200,
1787684535.7091744,container,30.0,30.0,44.101,False,200,
1787684535.742508,container,30.0,30.0,31.981,False,200,
1787684535.7758412,container,30.0,30.0,25.701,False,200,
1787684535.8091745,container,30.0,30.0,27.647,False,200,
1787684535.8425078,container,30.0,30.0,33.135,False,200,
1787684535.8758411,container,30.0,30.0,33.837,False,200,
1787684535.9091744,container,30.0,30.0,29.189,False,200,
1787684535.9425077,container,30.0,30.0,25.766,False,200,
1787684535.9758413,container,30.0,30.0,28.812,False,200,
1787684536.0091746,container,30.0,30.0,32.146,False,200,
1787684536.042508,container,30.0,30.0,31.644,False,200,
1787684536.0758412,container,30.0,30.0,26.732,False,200,
1787684536.1091745,container,30.0,30.0,23.883,False,200,
1787684536.1425078,container,30.0,30.0,39.558,False,200,
1787684536.175841,container,30.0,30.0,31.931,False,200,
1787684536.2091744,container,30.0,30.0,31.064,False,200,
1787684536.242508,container,30.0,30.0,27.821,False,200,
1787684536.2758412,container,30.0,30.0,26.418,False,200,
1787684536.3091745,container,30.0,30.0,29.8,False,200,
1787684536.3425078,container,30.0,30.0,28.413,False,200,
1787684536.3758411,container,30.0,30.0,34.314,False,200,
1787684536.4091744,container,30.0,30.0,27.013,False,200,
1787684536.4425077,container,30.0,30.0,22.57,False,200,
1787684536.4758413,container,30.0,30.0,27.478,False,200,
1787684536.5091746,container,30.0,30.0,29.186,False,200,
1787684536.542508,container,30.0,30.0,29.509,False,200,
1787684536.5758412,container,30.0,30.0,30.794,False,200,
1787684536.6091745,container,30.0,30.0,40.37,False,200,
1787684536.6425078,container,30.0,30.0,24.526,False,200,
1787684536.675841,container,30.0,30.0,25.656,False,200,
1787684536.7091744,container,30.0,30.0,34.434,False,200,
1787684536.742508,container,30.0,30.0,24.734,False,200,
1787684536.7758412,container,30.0,30.0,33.925,False,200,
1787684536.8091745,container,30.0,30.0,26.274,False,200,
1787684536.8425078,container,30.0,30.0,39.448,False,200,
1787684536.8758411,container,30.0,30.0,26.182,False,200,
1787684536.9091744,container,30.0,30.0,32.104,False,200,
1787684536.9425077,container,30.0,30.0,39.841,False,200,
1787684536.9758413,container,30.0,30.0,32.03,False,200,
1787684537.0091746,container,30.0,30.0,27.001,False,200,
1787684537.042508,container,30.0,30.0,26.799,False,200,
1787684537.0758412,container,30.0,30.0,42.797,False,200,
1787684537.1091745,container,30.0,30.0,31.339,False,200,
1787684537.1425078,container,30.0,30.0,31.79,False,200,
1787684537.175841,container,30.0,30.0,30.401,False,200,
1787684537.2091744,container,30.0,30.0,34.726,False,200,
1787684537.242508,container,30.0,30.0,33.924,False,200,
1787684537.2758412,container,30.0,30.0,27.878,False,200,
1787684537.3091745,container,30.0,30.0,38.227,False,200,
1787684537.3425078,container,30.0,30.0,25.508,False,200,
1787684537.3758411,container,30.0,30.0,39.679,False,200,
1787684537.4091744,container,30.0,30.0,29.416,False,200,
1787684537.4425077,container,30.0,30.0,47.454,False,200,
1787684537.4758413,container,30.0,30.0,31.819,False,200,
1787684537.5091746,container,30.0,30.0,30.929,False,200,
1787684537.542508,container,30.0,30.0,24.221,False,200,
1787684537.5758412,container,30.0,30.0,25.44,False,200,
1787684537.6091745,container,30.0,30.0,26.912,False,200,
1787684537.6425078,container,30.0,30.0,29.609,False,200,
1787684537.675841,container,30.0,30.0,24.378,False,200,
1787684537.7091744,container,30.0,30.0,33.054,False,200,
1787684537.742508,container,30.0,30.0,30.893,False,200,
1787684537.7758412,container,30.0,30.0,27.189,False,200,
1787684537.8091745,container,30.0,30.0,31.717,False,200,
1787684537.8425078,container,30.0,30.0,24.706,False,200,
1787684537.8758411,container,30.0,30.0,37.663,False,200,
1787684537.9091744,container,30.0,30.0,24.115,False,200,
1787684537.9425077,container,30.0,30.0,30.935,False,200,
1787684537.9758413,container,30.0,30.0,31.173,False,200,
1787684538.0091746,container,30.0,30.0,24.14,False,200,
1787684538.042508,container,30.0,30.0,25.273,False,200,
1787684538.0758412,container,30.0,30.0,31.873,False,200,
1787684538.1091745,container,30.0,30.0,33.734,False,200,
1787684538.1425078,container,30.0,30.0,27.931,False,200,
1787684538.175841,container,30.0,30.0,31.544,False,200,
1787684538.2091744,container,30.0,30.0,23.056,False,200,
1787684538.242508,container,30.0,30.0,30.02,False,200,
1787684538.2758412,container,30.0,30.0,25.925,False,200,
1787684538.3091745,container,30.0,30.0,27.553,False,200,
1787684538.3425078,container,30.0,30.0,35.173,False,200,
1787684538.3758411,container,30.0,30.0,27.659,False,200,
1787684538.4091744,container,30.0,30.0,29.469,False,200,
1787684538.4425077,container,30.0,30.0,28.9,False,200,
1787684538.4758413,container,30.0,30.0,34.807,False,200,
1787684538.5091746,container,30.0,30.0,27.488,False,200,
1787684538.542508,container,30.0,30.0,24.69,False,200,
1787684538.5758412,container,30.0,30.0,33.783,False,200,
1787684538.6091745,container,30.0,30.0,28.928,False,200,
1787684538.6425078,container,30.0,30.0,22.276,False,200,
1787684538.675841,container,30.0,30.0,29.077,False,200,
1787684538.7091744,container,30.0,30.0,40.11,False,200,
1787684538.742508,container,30.0,30.0,28.028,False,200,
1787684538.7758412,container,30.0,30.0,36.784,False,200,
1787684538.8091745,container,30.0,30.0,26.247,False,200,
1787684538.8425078,container,30.0,30.0,27.599,False,200,
1787684538.8758411,container,30.0,30.0,26.258,False,200,
1787684538.9091744,container,30.0,30.0,26.45,False,200,
1787684538.9425077,container,30.0,30.0,25.025,False,200,
1787684538.9758413,container,30.0,30.0,31.892,False,200,
1787684539.0091746,container,30.0,30.0,39.695,False,200,
1787684539.042508,container,30.0,30.0,24.102,False,200,
1787684539.0758412,container,30.0,30.0,38.843,False,200,
1787684539.1091745,container,30.0,30.0,33.958,False,200,
1787684539.1425078,container,30.0,30.0,39.248,False,200,
1787684539.175841,container,30.0,30.0,31.28,False,200,
1787684539.2091744,container,30.0,30.0,33.637,False,200,
1787684539.242508,container,30.0,30.0,37.492,False,200,
1787684539.2758412,container,30.0,30.0,42.888,False,200,
1787684539.3091745,container,30.0,30.0,38.567,False,200,
1787684539.3425078,container,30.0,30.0,23.641,False,200,
1787684539.3758411,container,30.0,30.0,27.122,False,200,
1787684539.4091744,container,30.0,30.0,25.493,False,200,
1787684539.4425077,container,30.0,30.0,37.106,False,200,
1787684539.4758413,container,30.0,30.0,23.7,False,200,
1787684539.5091746,container,30.0,30.0,27.975,False,200,
1787684539.542508,container,30.0,30.0,26.339,False,200,
1787684539.5758412,container,30.0,30.0,27.615,False,200,
1787684539.6091745,container,30.0,30.0,36.567,False,200,
1787684539.6425078,container,30.0,30.0,27.5,False,200,
1787684539.675841,container,30.0,30.0,31.221,False,200,
1787684539.7091744,container,30.0,30.0,23.058,False,200,
1787684539.742508,container,30.0,30.0,32.816,False,200,
1787684539.7758412,container,30.0,30.0,34.626,False,200,
1787684539.8091745,container,30.0,30.0,38.578,False,200,
1787684539.8425078,container,30.0,30.0,35.697,False,200,
1787684539.8758411,container,30.0,30.0,38.743,False,200,
1787684539.9091744,container,30.0,30.0,23.128,False,200,
1787684539.9425077,container,30.0,30.0,31.763,False,200,
1787684539.9758413,container,30.0,30.0,28.322,False,200,
1787684540.0091746,container,30.0,30.0,27.63,False,200,
1787684540.042508,container,30.0,30.0,27.479,False,200,
1787684540.0758412,container,30.0,30.0,24.297,False,200,
1787684540.1091745,container,30.0,30.0,31.332,False,200,
1787684540.1425078,container,30.0,30.0,28.216,False,200,
1787684540.175841,container,30.0,30.0,22.941,False,200,
1787684540.2091744,container,30.0,30.0,38.734,False,200,
1787684540.242508,container,30.0,30.0,32.166,False,200,
1787684540.2758412,container,30.0,30.0,32.314,False,200,
1787684540.3091745,container,30.0,30.0,25.205,False,200,
1787684540.3425078,container,30.0,30.0,37.037,False,200,
1787684540.3758411,container,30.0,30.0,22.95,False,200,
1787684540.4091744,container,30.0,30.0,28.585,False,200,
1787684540.4425077,container,30.0,30.0,36.843,False,200,
1787684540.4758413,container,30.0,30.0,29.146,False,200,
1787684540.5091746,container,30.0,30.0,33.808,False,200,
1787684540.542508,container,30.0,30.0,34.149,False,200,
1787684540.5758412,container,30.0,30.0,26.151,False,200,
1787684540.6091745,container,30.0,30.0,24.796,False,200,
1787684540.6425078,container,30.0,30.0,23.006,False,200,
1787684540.675841,container,30.0,30.0,36.674,False,200,
1787684540.7091744,container,30.0,30.0,36.073,False,200,
1787684540.742508,container,30.0,30.0,31.203,False,200,
1787684540.7758412,container,30.0,30.0,26.792,False,200,
1787684540.8091745,container,30.0,30.0,31.484,False,200,
1787684540.8425078,container,30.0,30.0,29.786,False,200,
1787684540.8758411,container,30.0,30.0,28.389,False,200,
1787684540.9091744,container,30.0,30.0,36.266,False,200,
1787684540.9425077,container,30.0,30.0,32.881,False,200,
1787684540.9758413,container,30.0,30.0,33.765,False,200,
1787684541.0091746,container,30.0,30.0,23.02,False,200,
1787684541.042508,container,30.0,30.0,27.53,False,200,
1787684541.0758412,container,30.0,30.0,35.518,False,200,
1787684541.1091745,container,30.0,30.0,27.541,False,200,
1787684541.1425078,container,30.0,30.0,29.826,False,200,
1787684541.175841,container,30.0,30.0,36.311,False,200,
1787684541.2091744,container,30.0,30.0,38.506,False,200,
1787684541.242508,container,30.0,30.0,29.349,False,200,
1787684541.2758412,container,30.0,30.0,36.478,False,200,
1787684541.3091745,container,30.0,30.0,28.407,False,200,
1787684541.3425078,container,30.0,30.0,28.931,False,200,
1787684541.3758411,container,30.0,30.0,26.073,False,200,
1787684541.4091744,container,30.0,30.0,31.466,False,200,
1787684541.4425077,container,30.0,30.0,42.79,False,200,
1787684541.4758413,container,30.0,30.0,33.041,False,200,
1787684541.5091746,container,30.0,30.0,23.399,False,200,
1787684541.542508,container,30.0,30.0,28.049,False,200,
1787684541.5758412,container,30.0,30.0,27.561,False,200,
1787684541.6091745,container,30.0,30.0,37.023,False,200,
1787684541.6425078,container,30.0,30.0,31.109,False,200,
1787684541.675841,container,30.0,30.0,20.494,False,200,
1787684541.7091744,container,30.0,30.0,24.194,False,200,
1787684541.742508,container,30.0,30.0,27.777,False,200,
1787684541.7758412,container,30.0,30.0,28.991,False,200,
1787684541.8091745,container,30.0,30.0,34.907,False,200,
1787684541.8425078,container,30.0,30.0,34.445,False,200,
1787684541.8758411,container,30.0,30.0,28.265,False,200,
1787684541.9091744,container,30.0,30.0,27.695,False,200,
1787684541.9425077,container,30.0,30.0,27.879,False,200,
1787684541.9758413,container,30.0,30.0,30.708,False,200,
1787684542.0091746,container,30.0,30.0,30.403,False,200,
1787684542.042508,container,30.0,30.0,28.446,False,200,
1787684542.0758412,container,30.0,30.0,24.777,False,200,
1787684542.1091745,container,30.0,30.0,36.004,False,200,
1787684542.1425078,container,30.0,30.0,28.952,False,200,
1787684542.175841,container,30.0,30.0,28.51,False,200,
1787684542.2091744,container,30.0,30.0,32.582,False,200,
1787684542.242508,container,30.0,30.0,34.538,False,200,
1787684542.2758412,container,30.0,30.0,24.928,False,200,
1787684542.3091745,container,30.0,30.0,37.02,False,200,
1787684542.3425078,container,30.0,30.0,24.525,False,200,
1787684542.3758411,container,30.0,30.0,30.846,False,200,
1787684542.4091744,container,30.0,30.0,28.553,False,200,
1787684542.4425077,container,30.0,30.0,29.409,False,200,
1787684542.4758413,container,30.0,30.0,33.858,False,200,
1787684542.5091746,container,30.0,30.0,38.391,False,200,
1787684542.542508,container,30.0,30.0,26.704,False,200,
1787684542.5758412,container,30.0,30.0,37.528,False,200,
1787684542.6091745,container,30.0,30.0,26.74,False,200,
1787684542.6425078,container,30.0,30.0,32.189,False,200,
1787684542.675841,container,30.0,30.0,27.86,False,200,
1787684542.7091744,container,30.0,30.0,31.673,False,200,
1787684542.742508,container,30.0,30.0,37.358,False,200,
1787684542.7758412,container,30.0,30.0,25.977,False,200,
1787684542.8091745,container,30.0,30.0,35.841,False,200,
1787684542.8425078,container,30.0,30.0,30.231,False,200,
1787684542.8758411,container,30.0,30.0,27.81,False,200,
1787684542.9091744,container,30.0,30.0,29.085,False,200,
1787684542.9425077,container,30.0,30.0,27.073,False,200,
1787684542.9758413,container,30.0,30.0,23.368,False,200,
1787684543.0091746,container,30.0,30.0,31.528,False,200,
1787684543.042508,container,30.0,30.0,29.44,False,200,
1787684543.0758412,container,30.0,30.0,31.702,False,200,
1787684543.1091745,container,30.0,30.0,27.3,False,200,
1787684543.1425078,container,30.0,30.0,25.023,False,200,
1787684543.175841,container,30.0,30.0,34.889,False,200,
1787684543.2091744,container,30.0,30.0,25.899,False,200,
1787684543.242508,container,30.0,30.0,23.622,False,200,
1787684543.2758412,container,30.0,30.0,35.132,False,200,
1787684543.3091745,container,30.0,30.0,24.289,False,200,
1787684543.3425078,container,30.0,30.0,32.639,False,200,
1787684543.3758411,container,30.0,30.0,27.814,False,200,
1787684543.4091744,container,30.0,30.0,25.729,False,200,
1787684543.4425077,container,30.0,30.0,29.367,False,200,
1787684543.4758413,container,30.0,30.0,26.356,False,200,
1787684543.5091746,container,30.0,30.0,28.404,False,200,
1787684543.542508,container,30.0,30.0,38.53,False,200,
1787684543.5758412,container,30.0,30.0,26.937,False,200,
1787684543.6091745,container,30.0,30.0,28.804,False,200,
1787684543.6425078,container,30.0,30.0,30.763,False,200,
1787684543.675841,container,30.0,30.0,23.517,False,200,
1787684543.7091744,container,30.0,30.0,31.588,False,200,
1787684543.742508,container,30.0,30.0,27.707,False,200,
1787684543.7758412,container,30.0,30.0,27.845,False,200,
1787684543.8091745,container,30.0,30.0,31.834,False,200,
1787684543.8425078,container,30.0,30.0,27.497,False,200,
1787684543.8758411,container,30.0,30.0,37.071,False,200,
1787684543.9091744,container,30.0,30.0,30.112,False,200,
1787684543.9425077,container,30.0,30.0,34.6,False,200,
1787684543.9758413,container,30.0,30.0,34.118,False,200,
1787684544.0091746,container,30.0,30.0,24.881,False,200,
1787684544.042508,container,30.0,30.0,30.59,False,200,
1787684544.0758412,container,30.0,30.0,31.08,False,200,
1787684544.1091745,container,30.0,30.0,30.901,False,200,
1787684544.1425078,container,30.0,30.0,37.4,False,200,
1787684544.175841,container,30.0,30.0,20.958,False,200,
1787684544.2091744,container,30.0,30.0,24.288,False,200,
1787684544.242508,container,30.0,30.0,24.77,False,200,
1787684544.2758412,container,30.0,30.0,31.96,False,200,
1787684544.3091745,container,30.0,30.0,33.536,False,200,
1787684544.3425078,container,30.0,30.0,29.316,False,200,
1787684544.3758411,container,30.0,30.0,28.114,False,200,
1787684544.4091744,container,30.0,30.0,37.004,False,200,
1787684544.4425077,container,30.0,30.0,29.089,False,200,
1787684544.4758413,container,30.0,30.0,28.084,False,200,
1787684544.5091746,container,30.0,30.0,34.346,False,200,
1787684544.542508,container,30.0,30.0,34.747,False,200,
1787684544.5758412,container,30.0,30.0,30.63,False,200,
1787684544.6091745,container,30.0,30.0,29.156,False,200,
1787684544.6425078,container,30.0,30.0,28.367,False,200,
1787684544.675841,container,30.0,30.0,31.969,False,200,
1787684544.7091744,container,30.0,30.0,25.884,False,200,
1787684544.742508,container,30.0,30.0,33.206,False,200,
1787684544.7758412,container,30.0,30.0,28.183,False,200,
1787684544.8091745,container,30.0,30.0,33.101,False,200,
1787684544.8425078,container,30.0,30.0,29.336,False,200,
1787684544.8758411,container,30.0,30.0,37.299,False,200,
1787684544.9091744,container,30.0,30.0,29.334,False,200,
1787684544.9425077,container,30.0,30.0,27.479,False,200,
1787684544.9758413,container,30.0,30.0,26.885,False,200,
1787684545.0091746,container,30.0,30.0,25.33,False,200,
1787684545.042508,container,30.0,30.0,33.142,False,200,
1787684545.0758412,container,30.0,30.0,27.111,False,200,
1787684545.1091745,container,30.0,30.0,31.79,False,200,
1787684545.1425078,container,30.0,30.0,38.424,False,200,
1787684545.175841,container,30.0,30.0,31.724,False,200,
1787684545.2091744,container,30.0,30.0,34.545,False,200,
1787684545.242508,container,30.0,30.0,29.814,False,200,
1787684545.2758412,container,30.0,30.0,24.746,False,200,
1787684545.3091745,container,30.0,30.0,29.586,False,200,
1787684545.3425078,container,30.0,30.0,33.896,False,200,
1787684545.3758411,container,30.0,30.0,26.991,False,200,
1787684545.4091744,container,30.0,30.0,31.399,False,200,
1787684545.4425077,container,30.0,30.0,23.942,False,200,
1787684545.4758413,container,30.0,30.0,35.35,False,200,
1787684545.5091746,container,30.0,30.0,31.877,False,200,
1787684545.542508,container,30.0,30.0,22.171,False,200,
1787684545.5758412,container,30.0,30.0,36.252,False,200,
1787684545.6091745,container,30.0,30.0,24.511,False,200,
1787684545.6425078,container,30.0,30.0,30.201,False,200,
1787684545.675841,container,30.0,30.0,31.07,False,200,
1787684545.7091744,container,30.0,30.0,28.433,False,200,
1787684545.742508,container,30.0,30.0,33.781,False,200,
1787684545.7758412,container,30.0,30.0,29.783,False,200,
1787684545.8091745,container,30.0,30.0,31.419,False,200,
1787684545.8425078,container,30.0,30.0,23.792,False,200,
1787684545.8758411,container,30.0,30.0,27.209,False,200,
1787684545.9091744,container,30.0,30.0,30.796,False,200,
1787684545.9425077,container,30.0,30.0,24.802,False,200,
1787684545.9758413,container,30.0,30.0,39.943,False,200,
1787684546.0091746,container,30.0,30.0,28.472,False,200,
1787684546.042508,container,30.0,30.0,25.599,False,200,
1787684546.0758412,container,30.0,30.0,30.562,False,200,
1787684546.1091745,container,30.0,30.0,36.412,False,200,
1787684546.1425078,container,30.0,30.0,25.449,False,200,
1787684546.175841,container,30.0,30.0,31.027,False,200,
1787684546.2091744,container,30.0,30.0,29.563,False,200,
1787684546.242508,container,30.0,30.0,33.179,False,200,
1787684546.2758412,container,30.0,30.0,25.839,False,200,
1787684546.3091745,container,30.0,30.0,33.426,False,200,
1787684546.3425078,container,30.0,30.0,32.636,False,200,
1787684546.3758411,container,30.0,30.0,31.597,False,200,
1787684546.4091744,container,30.0,30.0,36.013,False,200,
1787684546.4425077,container,30.0,30.0,24.981,False,200,
1787684546.4758413,container,30.0,30.0,32.331,False,200,
1787684546.5091746,container,30.0,30.0,24.35,False,200,
1787684546.542508,container,30.0,30.0,28.546,False,200,
1787684546.5758412,container,30.0,30.0,31.489,False,200,
1787684546.6091745,container,30.0,30.0,35.019,False,200,
1787684546.6425078,container,30.0,30.0,33.955,False,200,
1787684546.675841,container,30.0,30.0,31.914,False,200,
1787684546.7091744,container,30.0,30.0,31.116,False,200,
1787684546.742508,container,30.0,30.0,31.756,False,200,
1787684546.7758412,container,30.0,30.0,25.39,False,200,
1787684546.8091745,container,30.0,30.0,36.476,False,200,
1787684546.8425078,container,30.0,30.0,30.583,False,200,
1787684546.8758411,container,30.0,30.0,33.592,False,200,
1787684546.9091744,container,30.0,30.0,28.091,False,200,
1787684546.9425077,container,30.0,30.0,30.433,False,200,
1787684546.9758413,container,30.0,30.0,37.563,False,200,
1787684547.0091746,container,30.0,30.0,21.884,False,200,
1787684547.042508,container,30.0,30.0,27.958,False,200,
1787684547.0758412,container,30.0,30.0,34.08,False,200,
1787684547.1091745,container,30.0,30.0,34.029,False,200,
1787684547.1425078,container,30.0,30.0,31.794,False,200,
1787684547.175841,container,30.0,30.0,29.042,False,200,
1787684547.2091744,container,30.0,30.0,25.85,False,200,
1787684547.242508,container,30.0,30.0,34.343,False,200,
1787684547.2758412,container,30.0,30.0,26.664,False,200,
1787684547.3091745,container,30.0,30.0,27.816,False,200,
1787684547.3425078,container,30.0,30.0,22.77,False,200,
1787684547.3758411,container,30.0,30.0,35.223,False,200,
1787684547.4091744,container,30.0,30.0,31.783,False,200,
1787684547.4425077,container,30.0,30.0,24.233,False,200,
1787684547.4758413,container,30.0,30.0,32.963,False,200,
1787684547.5091746,container,30.0,30.0,27.029,False,200,
1787684547.542508,container,30.0,30.0,32.741,False,200,
1787684547.5758412,container,30.0,30.0,30.146,False,200,
1787684547.6091745,container,30.0,30.0,34.67,False,200,
1787684547.6425078,container,30.0,30.0,35.91,False,200,
1787684547.675841,container,30.0,30.0,27.998,False,200,
1787684547.7091744,container,30.0,30.0,31.746,False,200,
1787684547.742508,container,30.0,30.0,31.706,False,200,
1787684547.7758412,container,30.0,30.0,30.597,False,200,
1787684547.8091745,container,30.0,30.0,28.481,False,200,
1787684547.8425078,container,30.0,30.0,36.269,False,200,
1787684547.8758411,container,30.0,30.0,25.347,False,200,
1787684547.9091744,container,30.0,30.0,36.67,False,200,
1787684547.9425077,container,30.0,30.0,26.728,False,200,
1787684547.9758413,container,30.0,30.0,24.874,False,200,
1787684548.0091746,container,30.0,30.0,26.073,False,200,
1787684548.042508,container,30.0,30.0,33.302,False,200,
1787684548.0758412,container,30.0,30.0,31.329,False,200,
1787684548.1091745,container,30.0,30.0,43.618,False,200,
1787684548.1425078,container,30.0,30.0,22.249,False,200,
1787684548.175841,container,30.0,30.0,34.238,False,200,
1787684548.2091744,container,30.0,30.0,28.04,False,200,
1787684548.242508,container,30.0,30.0,27.52,False,200,
1787684548.2758412,container,30.0,30.0,33.07,False,200,
1787684548.3091745,container,30.0,30.0,33.005,False,200,
1787684548.3425078,container,30.0,30.0,28.199,False,200,
1787684548.3758411,container,30.0,30.0,30.958,False,200,
1787684548.4091744,container,30.0,30.0,35.178,False,200,
1787684548.4425077,container,30.0,30.0,27.841,False,200,
1787684548.4758413,container,30.0,30.0,29.773,False,200,
1787684548.5091746,container,30.0,30.0,24.939,False,200,
1787684548.542508,container,30.0,30.0,31.209,False,200,
1787684548.5758412,container,30.0,30.0,22.082,False,200,
1787684548.6091745,container,30.0,30.0,37.09,False,200,
1787684548.6425078,container,30.0,30.0,29.645,False,200,
1787684548.675841,container,30.0,30.0,31.234,False,200,
1787684548.7091744,container,30.0,30.0,30.571,False,200,
1787684548.742508,container,30.0,30.0,34.113,False,200,
1787684548.7758412,container,30.0,30.0,30.052,False,200,
1787684548.8091745,container,30.0,30.0,32.689,False,200,
1787684548.8425078,container,30.0,30.0,32.431,False,200,
1787684548.8758411,container,30.0,30.0,28.609,False,200,
1787684548.9091744,container,30.0,30.0,30.844,False,200,
1787684548.9425077,container,30.0,30.0,33.837,False,200,
1787684548.9758413,container,30.0,30.0,36.193,False,200,
1787684549.0091746,container,30.0,30.0,24.873,False,200,
1787684549.042508,container,30.0,30.0,28.003,False,200,
1787684549.0758412,container,30.0,30.0,24.715,False,200,
1787684549.1091745,container,30.0,30.0,35.352,False,200,
1787684549.1425078,container,30.0,30.0,27.712,False,200,
1787684549.175841,container,30.0,30.0,30.808,False,200,
1787684549.2091744,container,30.0,30.0,37.43,False,200,
1787684549.242508,container,30.0,30.0,39.56,False,200,
1787684549.2758412,container,30.0,30.0,21.692,False,200,
1787684549.3091745,container,30.0,30.0,25.815,False,200,
1787684549.3425078,container,30.0,30.0,37.203,False,200,
1787684549.3758411,container,30.0,30.0,36.27,False,200,
1787684549.4091744,container,30.0,30.0,37.005,False,200,
1787684549.4425077,container,30.0,30.0,25.526,False,200,
1787684549.4758413,container,30.0,30.0,30.37,False,200,
1787684549.5091746,container,30.0,30.0,41.39,False,200,
1787684549.542508,container,30.0,30.0,21.03,False,200,
1787684549.5758412,container,30.0,30.0,28.431,False,200,
1787684549.6091745,container,30.0,30.0,40.758,False,200,
1787684549.6425078,container,30.0,30.0,35.522,False,200,
1787684549.675841,container,30.0,30.0,21.32,False,200,
1787684549.7091744,container,30.0,30.0,30.548,False,200,
1787684549.742508,container,30.0,30.0,24.837,False,200,
1787684549.7758412,container,30.0,30.0,26.002,False,200,
1787684549.8091745,container,30.0,30.0,31.788,False,200,
1787684549.8425078,container,30.0,30.0,29.273,False,200,
1787684549.8758411,container,30.0,30.0,25.672,False,200,
1787684549.9091744,container,30.0,30.0,34.676,False,200,
1787684549.9425077,container,30.0,30.0,20.491,False,200,
1787684549.9758413,container,30.0,30.0,35.014,False,200,
1787684550.0091746,container,30.0,30.0,33.244,False,200,
1787684550.042508,container,30.0,30.0,28.769,False,200,
1787684550.0758412,container,30.0,30.0,28.494,False,200,
1787684550.1091745,container,30.0,30.0,24.487,False,200,
1787684550.1425078,container,30.0,30.0,31.731,False,200,
1787684550.175841,container,30.0,30.0,25.774,False,200,
1787684550.2091744,container,30.0,30.0,29.258,False,200,
1787684550.242508,container,30.0,30.0,28.291,False,200,
1787684550.2758412,container,30.0,30.0,32.44,False,200,
1787684550.3091745,container,30.0,30.0,29.878,False,200,
1787684550.3425078,container,30.0,30.0,24.882,False,200,
1787684550.3758411,container,30.0,30.0,28.906,False,200,
1787684550.4091744,container,30.0,30.0,28.6,False,200,
1787684550.4425077,container,30.0,30.0,31.489,False,200,
1787684550.4758413,container,30.0,30.0,37.599,False,200,
1787684550.5091746,container,30.0,30.0,27.422,False,200,
1787684550.542508,container,30.0,30.0,30.557,False,200,
1787684550.5758412,container,30.0,30.0,26.608,False,200,
1787684550.6091745,container,30.0,30.0,26.594,False,200,
1787684550.6425078,container,30.0,30.0,28.87,False,200,
1787684550.675841,container,30.0,30.0,24.75,False,200,
1787684550.7091744,container,30.0,30.0,32.93,False,200,
1787684550.742508,container,30.0,30.0,34.983,False,200,
1787684550.7758412,container,30.0,30.0,30.379,False,200,
1787684550.8091745,container,30.0,30.0,28.853,False,200,
1787684550.8425078,container,30.0,30.0,25.12,False,200,
1787684550.8758411,container,30.0,30.0,33.754,False,200,
1787684550.9091744,container,30.0,30.0,27.905,False,200,
1787684550.9425077,container,30.0,30.0,34.274,False,200,
1787684550.9758413,container,30.0,30.0,30.199,False,200,
1787684551.0091746,container,30.0,30.0,32.2,False,200,
1787684551.042508,container,30.0,30.0,32.771,False,200,
1787684551.0758412,container,30.0,30.0,36.51,False,200,
1787684551.1091745,container,30.0,30.0,35.416,False,200,
1787684551.1425078,container,30.0,30.0,31.533,False,200,
1787684551.175841,container,30.0,30.0,27.912,False,200,
1787684551.2091744,container,30.0,30.0,32.386,False,200,
1787684551.242508,container,30.0,30.0,30.522,False,200,
1787684551.2758412,container,30.0,30.0,36.177,False,200,
1787684551.3091745,container,30.0,30.0,31.213,False,200,
1787684551.3425078,container,30.0,30.0,24.303,False,200,
1787684551.3758411,container,30.0,30.0,40.49,False,200,
1787684551.4091744,container,30.0,30.0,31.445,False,200,
1787684551.4425077,container,30.0,30.0,34.208,False,200,
1787684551.4758413,container,30.0,30.0,32.106,False,200,
1787684551.5091746,container,30.0,30.0,32.166,False,200,
1787684551.542508,container,30.0,30.0,28.677,False,200,
1787684551.5758412,container,30.0,30.0,31.431,False,200,
1787684551.6091745,container,30.0,30.0,32.289,False,200,
1787684551.6425078,container,30.0,30.0,28.955,False,200,
1787684551.675841,container,30.0,30.0,30.96,False,200,
1787684551.7091744,container,30.0,30.0,27.487,False,200,
1787684551.742508,container,30.0,30.0,23.903,False,200,
1787684551.7758412,container,30.0,30.0,27.045,False,200,
1787684551.8091745,container,30.0,30.0,37.838,False,200,
1787684551.8425078,container,30.0,30.0,31.492,False,200,
1787684551.8758411,container,30.0,30.0,24.799,False,200,
1787684551.9091744,container,30.0,30.0,31.567,False,200,
1787684551.9425077,container,30.0,30.0,26.563,False,200,
1787684551.9758413,container,30.0,30.0,30.359,False,200,
1787684552.0091746,container,30.0,30.0,38.419,False,200,
1787684552.042508,container,30.0,30.0,24.872,False,200,
1787684552.0758412,container,30.0,30.0,33.557,False,200,
1787684552.1091745,container,30.0,30.0,26.533,False,200,
1787684552.1425078,container,30.0,30.0,26.387,False,200,
1787684552.175841,container,30.0,30.0,38.975,False,200,
1787684552.2091744,container,30.0,30.0,32.257,False,200,
1787684552.242508,container,30.0,30.0,33.029,False,200,
1787684552.2758412,container,30.0,30.0,36.587,False,200,
1787684552.3091745,container,30.0,30.0,32.025,False,200,
1787684552.3425078,container,30.0,30.0,24.746,False,200,
1787684552.3758411,container,30.0,30.0,36.389,False,200,
1787684552.4091744,container,30.0,30.0,40.021,False,200,
1787684552.4425077,container,30.0,30.0,33.155,False,200,
1787684552.4758413,container,30.0,30.0,29.396,False,200,
1787684552.5091746,container,30.0,30.0,30.301,False,200,
1787684552.542508,container,30.0,30.0,26.092,False,200,
1787684552.5758412,container,30.0,30.0,27.689,False,200,
1787684552.6091745,container,30.0,30.0,23.372,False,200,
1787684552.6425078,container,30.0,30.0,38.685,False,200,
1787684552.675841,container,30.0,30.0,31.802,False,200,
1787684552.7091744,container,30.0,30.0,29.946,False,200,
1787684552.742508,container,30.0,30.0,35.275,False,200,
1787684552.7758412,container,30.0,30.0,27.189,False,200,
1787684552.8091745,container,30.0,30.0,32.668,False,200,
1787684552.8425078,container,30.0,30.0,28.088,False,200,
1787684552.8758411,container,30.0,30.0,36.33,False,200,
1787684552.9091744,container,30.0,30.0,30.625,False,200,
1787684552.9425077,container,30.0,30.0,29.078,False,200,
1787684552.9758413,container,30.0,30.0,36.673,False,200,
1787684553.0091746,container,30.0,30.0,25.149,False,200,
1787684553.042508,container,30.0,30.0,33.334,False,200,
1787684553.0758412,container,30.0,30.0,27.149,False,200,
1787684553.1091745,container,30.0,30.0,31.197,False,200,
1787684553.1425078,container,30.0,30.0,32.075,False,200,
1787684553.175841,container,30.0,30.0,36.096,False,200,
1787684553.2091744,container,30.0,30.0,31.217,False,200,
1787684553.242508,container,30.0,30.0,24.065,False,200,
1787684553.2758412,container,30.0,30.0,29.389,False,200,
1787684553.3091745,container,30.0,30.0,32.55,False,200,
1787684553.3425078,container,30.0,30.0,26.7,False,200,
1787684553.3758411,container,30.0,30.0,34.981,False,200,
1787684553.4091744,container,30.0,30.0,29.254,False,200,
1787684553.4425077,container,30.0,30.0,40.788,False,200,
1787684553.4758413,container,30.0,30.0,29.664,False,200,
1787684553.5091746,container,30.0,30.0,27.047,False,200,
1787684553.542508,container,30.0,30.0,25.65,False,200,
1787684553.5758412,container,30.0,30.0,30.304,False,200,
1787684553.6091745,container,30.0,30.0,24.493,False,200,
1787684553.6425078,container,30.0,30.0,27.223,False,200,
1787684553.675841,container,30.0,30.0,27.138,False,200,
1787684553.7091744,container,30.0,30.0,22.851,False,200,
1787684553.742508,container,30.0,30.0,27.708,False,200,
1787684553.7758412,container,30.0,30.0,35.711,False,200,
1787684553.8091745,container,30.0,30.0,29.313,False,200,
1787684553.8425078,container,30.0,30.0,34.62,False,200,
1787684553.8758411,container,30.0,30.0,29.052,False,200,
1787684553.9091744,container,30.0,30.0,30.584,False,200,
1787684553.9425077,container,30.0,30.0,29.27,False,200,
1787684553.9758413,container,30.0,30.0,33.948,False,200,
1787684554.0091746,container,30.0,30.0,25.11,False,200,
1787684554.042508,container,30.0,30.0,30.136,False,200,
1787684554.0758412,container,30.0,30.0,40.865,False,200,
1787684554.1091745,container,30.0,30.0,36.211,False,200,
1787684554.1425078,container,30.0,30.0,35.008,False,200,
1787684554.175841,container,30.0,30.0,29.274,False,200,
1787684554.2091744,container,30.0,30.0,37.396,False,200,
1787684554.242508,container,30.0,30.0,26.203,False,200,
1787684554.2758412,container,30.0,30.0,35.086,False,200,
1787684554.3091745,container,30.0,30.0,32.261,False,200,
1787684554.3425078,container,30.0,30.0,35.513,False,200,
1787684554.3758411,container,30.0,30.0,34.586,False,200,
1787684554.4091744,container,30.0,30.0,24.514,False,200,
1787684554.4425077,container,30.0,30.0,29.317,False,200,
1787684554.4758413,container,30.0,30.0,33.973,False,200,
1787684554.5091746,container,30.0,30.0,32.033,False,200,
1787684554.542508,container,30.0,30.0,27.328,False,200,
1787684554.5758412,container,30.0,30.0,35.91,False,200,
1787684554.6091745,container,30.0,30.0,31.053,False,200,
1787684554.6425078,container,30.0,30.0,33.288,False,200,
1787684554.675841,container,30.0,30.0,34.152,False,200,
1787684554.7091744,container,30.0,30.0,30.366,False,200,
1787684554.742508,container,30.0,30.0,28.592,False,200,
1787684554.7758412,container,30.0,30.0,24.446,False,200,
1787684554.8091745,container,30.0,30.0,26.186,False,200,
1787684554.8425078,container,30.0,30.0,33.073,False,200,
1787684554.8758411,container,30.0,30.0,32.093,False,200,
1787684554.9091744,container,30.0,30.0,32.823,False,200,
1787684554.9425077,container,30.0,30.0,29.998,False,200,
1787684554.9758413,container,30.0,30.0,30.952,False,200,
1787684555.0091746,container,30.0,30.0,36.061,False,200,
1787684555.042508,container,30.0,30.0,32.668,False,200,
1787684555.0758412,container,30.0,30.0,27.857,False,200,
1787684555.1091745,container,30.0,30.0,24.953,False,200,
1787684555.1425078,container,30.0,30.0,27.629,False,200,
1787684555.175841,container,30.0,30.0,23.054,False,200,
1787684555.2091744,container,30.0,30.0,28.442,False,200,
1787684555.242508,container,30.0,30.0,33.078,False,200,
1787684555.2758412,container,30.0,30.0,27.194,False,200,
1787684555.3091745,container,30.0,30.0,37.617,False,200,
1787684555.3425078,container,30.0,30.0,34.675,False,200,
1787684555.3758411,container,30.0,30.0,36.053,False,200,
1787684555.4091744,container,30.0,30.0,33.357,False,200,
1787684555.4425077,container,30.0,30.0,37.177,False,200,
1787684555.4758413,container,30.0,30.0,26.384,False,200,
1787684555.5091746,container,30.0,30.0,26.408,False,200,
1787684555.542508,container,30.0,30.0,31.788,False,200,
1787684555.5758412,container,30.0,30.0,21.335,False,200,
1787684555.6091745,container,30.0,30.0,27.336,False,200,
1787684555.6425078,container,30.0,30.0,34.942,False,200,
1787684555.675841,container,30.0,30.0,30.235,False,200,
1787684555.7091744,container,30.0,30.0,31.575,False,200,
1787684555.742508,container,30.0,30.0,31.838,False,200,
1787684555.7758412,container,30.0,30.0,27.799,False,200,
1787684555.8091745,container,30.0,30.0,36.291,False,200,
1787684555.8425078,container,30.0,30.0,37.249,False,200,
1787684555.8758411,container,30.0,30.0,25.927,False,200,
1787684555.9091744,container,30.0,30.0,24.975,False,200,
1787684555.9425077,container,30.0,30.0,32.847,False,200,
1787684555.9758413,container,30.0,30.0,25.569,False,200,
1787684556.0091746,container,30.0,30.0,31.718,False,200,
1787684556.042508,container,30.0,30.0,30.659,False,200,
1787684556.0758412,container,30.0,30.0,23.579,False,200,
1787684556.1091745,container,30.0,30.0,23.945,False,200,
1787684556.1425078,container,30.0,30.0,32.455,False,200,
1787684556.175841,container,30.0,30.0,28.593,False,200,
1787684556.2091744,container,30.0,30.0,26.922,False,200,
1787684556.242508,container,30.0,30.0,30.888,False,200,
1787684556.2758412,container,30.0,30.0,24.188,False,200,
1787684556.3091745,container,30.0,30.0,40.55,False,200,
1787684556.3425078,container,30.0,30.0,29.625,False,200,
1787684556.3758411,container,30.0,30.0,22.114,False,200,
1787684556.4091744,container,30.0,30.0,29.956,False,200,
1787684556.4425077,container,30.0,30.0,31.284,False,200,
1787684556.4758413,container,30.0,30.0,36.322,False,200,
1787684556.5091746,container,30.0,30.0,25.541,False,200,
1787684556.542508,container,30.0,30.0,26.525,False,200,
1787684556.5758412,container,30.0,30.0,41.608,False,200,
1787684556.6091745,container,30.0,30.0,25.749,False,200,
1787684556.6425078,container,30.0,30.0,28.872,False,200,
1787684556.675841,container,30.0,30.0,27.497,False,200,
1787684556.7091744,container,30.0,30.0,29.788,False,200,
1787684556.742508,container,30.0,30.0,29.015,False,200,
1787684556.7758412,container,30.0,30.0,27.174,False,200,
1787684556.8091745,container,30.0,30.0,24.813,False,200,
1787684556.8425078,container,30.0,30.0,34.635,False,200,
1787684556.8758411,container,30.0,30.0,28.489,False,200,
1787684556.9091744,container,30.0,30.0,24.524,False,200,
1787684556.9425077,container,30.0,30.0,22.147,False,200,
1787684556.9758413,container,30.0,30.0,28.23,False,200,
1787684557.0091746,container,30.0,30.0,26.287,False,200,
1787684557.042508,container,30.0,30.0,27.063,False,200,
1787684557.0758412,container,30.0,30.0,22.728,False,200,
1787684557.1091745,container,30.0,30.0,28.921,False,200,
1787684557.1425078,container,30.0,30.0,36.17,False,200,
1787684557.175841,container,30.0,30.0,29.251,False,200,
1787684557.2091744,container,30.0,30.0,29.439,False,200,
1787684557.242508,container,30.0,30.0,38.349,False,200,
1787684557.2758412,container,30.0,30.0,37.032,False,200,
1787684557.3091745,container,30.0,30.0,28.597,False,200,
1787684557.3425078,container,30.0,30.0,33.827,False,200,
1787684557.3758411,container,30.0,30.0,30.309,False,200,
1787684557.4091744,container,30.0,30.0,34.917,False,200,
1787684557.4425077,container,30.0,30.0,29.934,False,200,
1787684557.4758413,container,30.0,30.0,27.237,False,200,
1787684557.5091746,container,30.0,30.0,39.202,False,200,
1787684557.542508,container,30.0,30.0,30.707,False,200,
1787684557.5758412,container,30.0,30.0,36.681,False,200,
1787684557.6091745,container,30.0,30.0,39.78,False,200,
1787684557.6425078,container,30.0,30.0,28.784,False,200,
1787684557.675841,container,30.0,30.0,38.236,False,200,
1787684557.7091744,container,30.0,30.0,32.891,False,200,
1787684557.742508,container,30.0,30.0,27.535,False,200,
1787684557.7758412,container,30.0,30.0,33.826,False,200,
1787684557.8091745,container,30.0,30.0,23.047,False,200,
1787684557.8425078,container,30.0,30.0,24.03,False,200,
1787684557.8758411,container,30.0,30.0,24.023,False,200,
1787684557.9091744,container,30.0,30.0,28.601,False,200,
1787684557.9425077,container,30.0,30.0,39.514,False,200,
1787684557.9758413,container,30.0,30.0,26.365,False,200,
1787684558.0091746,container,30.0,30.0,33.682,False,200,
1787684558.042508,container,30.0,30.0,28.543,False,200,
1787684558.0758412,container,30.0,30.0,28.979,False,200,
1787684558.1091745,container,30.0,30.0,33.285,False,200,
1787684558.1425078,container,30.0,30.0,33.602,False,200,
1787684558.175841,container,30.0,30.0,31.718,False,200,
1787684558.2091744,container,30.0,30.0,34.817,False,200,
1787684558.242508,container,30.0,30.0,26.426,False,200,
1787684558.2758412,container,30.0,30.0,25.938,False,200,
1787684558.3091745,container,30.0,30.0,34.548,False,200,
1787684558.3425078,container,30.0,30.0,38.161,False,200,
1787684558.3758411,container,30.0,30.0,33.277,False,200,
1787684558.4091744,container,30.0,30.0,29.168,False,200,
1787684558.4425077,container,30.0,30.0,30.839,False,200,
1787684558.4758413,container,30.0,30.0,28.197,False,200,
1787684558.5091746,container,30.0,30.0,28.75,False,200,
1787684558.542508,container,30.0,30.0,32.223,False,200,
1787684558.5758412,container,30.0,30.0,30.307,False,200,
1787684558.6091745,container,30.0,30.0,25.837,False,200,
1787684558.6425078,container,30.0,30.0,21.704,False,200,
1787684558.675841,container,30.0,30.0,34.913,False,200,
1787684558.7091744,container,30.0,30.0,35.511,False,200,
1787684558.742508,container,30.0,30.0,35.427,False,200,
1787684558.7758412,container,30.0,30.0,35.721,False,200,
1787684558.8091745,container,30.0,30.0,33.254,False,200,
1787684558.8425078,container,30.0,30.0,29.405,False,200,
1787684558.8758411,container,30.0,30.0,26.0,False,200,
1787684558.9091744,container,30.0,30.0,27.12,False,200,
1787684558.9425077,container,30.0,30.0,31.791,False,200,
1787684558.9758413,container,30.0,30.0,30.212,False,200,
1787684559.0091746,container,30.0,30.0,30.635,False,200,
1787684559.042508,container,30.0,30.0,29.301,False,200,
1787684559.0758412,container,30.0,30.0,32.975,False,200,
1787684559.1091745,container,30.0,30.0,30.978,False,200,
1787684559.1425078,container,30.0,30.0,29.944,False,200,
1787684559.175841,container,30.0,30.0,28.805,False,200,
1787684559.2091744,container,30.0,30.0,29.283,False,200,
1787684559.242508,container,30.0,30.0,30.135,False,200,
1787684559.2758412,container,30.0,30.0,28.411,False,200,
1787684559.3091745,container,30.0,30.0,31.569,False,200,
1787684559.3425078,container,30.0,30.0,35.073,False,200,
1787684559.3758411,container,30.0,30.0,32.191,False,200,
1787684559.4091744,container,30.0,30.0,27.59,False,200,
1787684559.4425077,container,30.0,30.0,24.863,False,200,
1787684559.4758413,container,30.0,30.0,27.38,False,200,
1787684559.5091746,container,30.0,30.0,25.983,False,200,
1787684559.542508,container,30.0,30.0,29.165,False,200,
1787684559.5758412,container,30.0,30.0,25.862,False,200,
1787684559.6091745,container,30.0,30.0,25.727,False,200,
1787684559.6425078,container,30.0,30.0,27.043,False,200,
1787684559.675841,container,30.0,30.0,30.526,False,200,
1787684559.7091744,container,30.0,30.0,26.785,False,200,
1787684559.742508,container,30.0,30.0,31.512,False,200,
1787684559.7758412,container,30.0,30.0,26.261,False,200,
1787684559.8091745,container,30.0,30.0,24.878,False,200,
1787684559.8425078,container,30.0,30.0,36.072,False,200,
1787684559.8758411,container,30.0,30.0,26.181,False,200,
1787684559.9091744,container,30.0,30.0,33.308,False,200,
1787684559.9425077,container,30.0,30.0,27.241,False,200,
1787684559.9758413,container,30.0,30.0,36.185,False,200,
1787684560.0091746,container,30.0,30.0,30.551,False,200,
1787684560.042508,container,30.0,30.0,27.269,False,200,
1787684560.0758412,container,30.0,30.0,33.032,False,200,
1787684560.1091745,container,30.0,30.0,30.949,False,200,
1787684560.1425078,container,30.0,30.0,25.905,False,200,
1787684560.175841,container,30.0,30.0,35.208,False,200,
1787684560.2091744,container,30.0,30.0,23.808,False,200,
1787684560.242508,container,30.0,30.0,29.628,False,200,
1787684560.2758412,container,30.0,30.0,24.059,False,200,
1787684560.3091745,container,30.0,30.0,24.878,False,200,
1787684560.3425078,container,30.0,30.0,25.642,False,200,
1787684560.3758411,container,30.0,30.0,32.511,False,200,
1787684560.4091744,container,30.0,30.0,25.082,False,200,
1787684560.4425077,container,30.0,30.0,27.755,False,200,
1787684560.4758413,container,30.0,30.0,22.882,False,200,
1787684560.5091746,container,30.0,30.0,22.742,False,200,
1787684560.542508,container,30.0,30.0,24.467,False,200,
1787684560.5758412,container,30.0,30.0,21.32,False,200,
1787684560.6091745,container,30.0,30.0,36.301,False,200,
1787684560.6425078,container,30.0,30.0,27.649,False,200,
1787684560.675841,container,30.0,30.0,30.776,False,200,
1787684560.7091744,container,30.0,30.0,28.849,False,200,
1787684560.742508,container,30.0,30.0,28.401,False,200,
1787684560.7758412,container,30.0,30.0,36.077,False,200,
1787684560.8091745,container,30.0,30.0,26.839,False,200,
1787684560.8425078,container,30.0,30.0,30.181,False,200,
1787684560.8758411,container,30.0,30.0,32.846,False,200,
1787684560.9091744,container,30.0,30.0,32.822,False,200,
1787684560.9425077,container,30.0,30.0,39.534,False,200,
1787684560.9758413,container,30.0,30.0,34.573,False,200,
1787684561.0091746,container,30.0,30.0,27.858,False,200,
1787684561.042508,container,30.0,30.0,35.497,False,200,
1787684561.0758412,container,30.0,30.0,31.288,False,200,
1787684561.1091745,container,30.0,30.0,33.25,False,200,
1787684561.1425078,container,30.0,30.0,29.969,False,200,
1787684561.175841,container,30.0,30.0,38.57,False,200,
1787684561.2091744,container,30.0,30.0,27.563,False,200,
1787684561.242508,container,30.0,30.0,19.391,False,200,
1787684561.2758412,container,30.0,30.0,24.307,False,200,
1787684561.3091745,container,30.0,30.0,36.217,False,200,
1787684561.3425078,container,30.0,30.0,27.837,False,200,
1787684561.3758411,container,30.0,30.0,39.87,False,200,
1787684561.4091744,container,30.0,30.0,27.705,False,200,
1787684561.4425077,container,30.0,30.0,32.429,False,200,
1787684561.4758413,container,30.0,30.0,25.641,False,200,
1787684561.5091746,container,30.0,30.0,39.892,False,200,
1787684561.542508,container,30.0,30.0,37.852,False,200,
1787684561.5758412,container,30.0,30.0,34.926,False,200,
1787684561.6091745,container,30.0,30.0,27.478,False,200,
1787684561.6425078,container,30.0,30.0,32.859,False,200,
1787684561.675841,container,30.0,30.0,35.251,False,200,
1787684561.7091744,container,30.0,30.0,31.287,False,200,
1787684561.742508,container,30.0,30.0,23.425,False,200,
1787684561.7758412,container,30.0,30.0,27.245,False,200,
1787684561.8091745,container,30.0,30.0,36.938,False,200,
1787684561.8425078,container,30.0,30.0,30.925,False,200,
1787684561.8758411,container,30.0,30.0,36.167,False,200,
1787684561.9091744,container,30.0,30.0,21.652,False,200,
1787684561.9425077,container,30.0,30.0,32.006,False,200,
1787684561.9758413,container,30.0,30.0,31.707,False,200,
1787684562.0091746,container,30.0,30.0,29.692,False,200,
1787684562.042508,container,30.0,30.0,34.435,False,200,
1787684562.0758412,container,30.0,30.0,27.769,False,200,
1787684562.1091745,container,30.0,30.0,36.836,False,200,
1787684562.1425078,container,30.0,30.0,20.609,False,200,
1787684562.175841,container,30.0,30.0,38.811,False,200,
1787684562.2091744,container,30.0,30.0,29.605,False,200,
1787684562.242508,container,30.0,30.0,25.217,False,200,
1787684562.2758412,container,30.0,30.0,33.604,False,200,
1787684562.3091745,container,30.0,30.0,22.054,False,200,
1787684562.3425078,container,30.0,30.0,29.082,False,200,
1787684562.3758411,container,30.0,30.0,32.655,False,200,
1787684562.4091744,container,30.0,30.0,27.859,False,200,
1787684562.4425077,container,30.0,30.0,24.77,False,200,
1787684562.4758413,container,30.0,30.0,30.366,False,200,
1787684562.5091746,container,30.0,30.0,29.332,False,200,
1787684562.542508,container,30.0,30.0,29.53,False,200,
1787684562.5758412,container,30.0,30.0,36.807,False,200,
1787684562.6091745,container,30.0,30.0,28.8,False,200,
1787684562.6425078,container,30.0,30.0,26.036,False,200,
1787684562.675841,container,30.0,30.0,26.86,False,200,
1787684562.7091744,container,30.0,30.0,27.791,False,200,
1787684562.742508,container,30.0,30.0,24.102,False,200,
1787684562.7758412,container,30.0,30.0,27.805,False,200,
1787684562.8091745,container,30.0,30.0,34.772,False,200,
1787684562.8425078,container,30.0,30.0,29.508,False,200,
1787684562.8758411,container,30.0,30.0,22.338,False,200,
1787684562.9091744,container,30.0,30.0,27.619,False,200,
1787684562.9425077,container,30.0,30.0,31.071,False,200,
1787684562.9758413,container,30.0,30.0,29.247,False,200,
1787684563.0091746,container,30.0,30.0,31.308,False,200,
1787684563.042508,container,30.0,30.0,28.525,False,200,
1787684563.0758412,container,30.0,30.0,29.055,False,200,
1787684563.1091745,container,30.0,30.0,30.968,False,200,
1787684563.1425078,container,30.0,30.0,31.865,False,200,
1787684563.175841,container,30.0,30.0,29.897,False,200,
1787684563.2091744,container,30.0,30.0,27.2,False,200,
1787684563.242508,container,30.0,30.0,37.115,False,200,
1787684563.2758412,container,30.0,30.0,31.164,False,200,
1787684563.3091745,container,30.0,30.0,34.375,False,200,
1787684563.3425078,container,30.0,30.0,27.987,False,200,
1787684563.3758411,container,30.0,30.0,27.024,False,200,
1787684563.4091744,container,30.0,30.0,29.937,False,200,
1787684563.4425077,container,30.0,30.0,32.179,False,200,
1787684563.4758413,container,30.0,30.0,24.24,False,200,
1787684563.5091746,container,30.0,30.0,26.53,False,200,
1787684563.542508,container,30.0,30.0,37.681,False,200,
1787684563.5758412,container,30.0,30.0,34.474,False,200,
1787684563.6091745,container,30.0,30.0,26.772,False,200,
1787684563.6425078,container,30.0,30.0,23.221,False,200,
1787684563.675841,container,30.0,30.0,36.667,False,200,
1787684563.7091744,container,30.0,30.0,36.944,False,200,
1787684563.742508,container,30.0,30.0,21.045,False,200,
1787684563.7758412,container,30.0,30.0,23.543,False,200,
1787684563.8091745,container,30.0,30.0,36.609,False,200,
1787684563.8425078,container,30.0,30.0,30.841,False,200,
1787684563.8758411,container,30.0,30.0,33.914,False,200,
1787684563.9091744,container,30.0,30.0,42.749,False,200,
1787684563.9425077,container,30.0,30.0,29.766,False,200,
1787684563.9758413,container,30.0,30.0,32.043,False,200,
1787684564.0091746,container,30.0,30.0,27.843,False,200,
1787684564.042508,container,30.0,30.0,29.997,False,200,
1787684564.0758412,container,30.0,30.0,28.365,False,200,
1787684564.1091745,container,30.0,30.0,32.854,False,200,
1787684564.1425078,container,30.0,30.0,32.856,False,200,
1787684564.175841,container,30.0,30.0,24.312,False,200,
1787684564.2091744,container,30.0,30.0,28.524,False,200,
1787684564.242508,container,30.0,30.0,26.605,False,200,
1787684564.2758412,container,30.0,30.0,31.862,False,200,
1787684564.3091745,container,30.0,30.0,26.86,False,200,
1787684564.3425078,container,30.0,30.0,30.131,False,200,
1787684564.3758411,container,30.0,30.0,30.612,False,200,
1787684564.4091744,container,30.0,30.0,27.529,False,200,
1787684564.4425077,container,30.0,30.0,26.207,False,200,
1787684564.4758413,container,30.0,30.0,31.096,False,200,
1787684564.5091746,container,30.0,30.0,26.221,False,200,
1787684564.542508,container,30.0,30.0,31.895,False,200,
1787684564.5758412,container,30.0,30.0,26.845,False,200,
1787684564.6091745,container,30.0,30.0,27.274,False,200,
1787684564.6425078,container,30.0,30.0,30.438,False,200,
1787684564.675841,container,30.0,30.0,26.869,False,200,
1787684564.7091744,container,30.0,30.0,28.311,False,200,
1787684564.742508,container,30.0,30.0,26.975,False,200,
1787684564.7758412,container,30.0,30.0,29.406,False,200,
1787684564.8091745,container,30.0,30.0,27.34,False,200,
1787684564.8425078,container,30.0,30.0,29.198,False,200,
1787684564.8758411,container,30.0,30.0,28.802,False,200,
1787684564.9091744,container,30.0,30.0,32.232,False,200,
1787684564.9425077,container,30.0,30.0,27.8,False,200,
1787684564.9758413,container,30.0,30.0,25.739,False,200,
1787684565.0091746,container,30.0,30.0,38.928,False,200,
1787684565.042508,container,30.0,30.0,29.198,False,200,
1787684565.0758412,container,30.0,30.0,28.037,False,200,
1787684565.1091745,container,30.0,30.0,44.501,False,200,
1787684565.1425078,container,30.0,30.0,23.458,False,200,
1787684565.175841,container,30.0,30.0,31.666,False,200,
1787684565.2091744,container,30.0,30.0,26.258,False,200,
1787684565.242508,container,30.0,30.0,41.89,False,200,
1787684565.2758412,container,30.0,30.0,31.672,False,200,
1787684565.3091745,container,30.0,30.0,26.738,False,200,
1787684565.3425078,container,30.0,30.0,29.436,False,200,
1787684565.3758411,container,30.0,30.0,32.059,False,200,
1787684565.4091744,container,30.0,30.0,29.03,False,200,
1787684565.4425077,container,30.0,30.0,28.202,False,200,
1787684565.4758413,container,30.0,30.0,34.064,False,200,
1787684565.5091746,container,30.0,30.0,28.755,False,200,
1787684565.542508,container,30.0,30.0,27.146,False,200,
1787684565.5758412,container,30.0,30.0,36.561,False,200,
1787684565.6091745,container,30.0,30.0,41.335,False,200,
1787684565.6425078,container,30.0,30.0,34.539,False,200,
1787684565.675841,container,30.0,30.0,27.299,False,200,
1787684565.7091744,container,30.0,30.0,24.78,False,200,
1787684565.742508,container,30.0,30.0,26.185,False,200,
1787684565.7758412,container,30.0,30.0,37.65,False,200,
1787684565.8091745,container,30.0,30.0,29.094,False,200,
1787684565.8425078,container,30.0,30.0,30.964,False,200,
1787684565.8758411,container,30.0,30.0,37.642,False,200,
1787684565.9091744,container,30.0,30.0,35.018,False,200,
1787684565.9425077,container,30.0,30.0,30.834,False,200,
1787684565.9758413,container,30.0,30.0,34.244,False,200,
1787684566.0091746,container,30.0,30.0,43.908,False,200,
1787684566.042508,container,30.0,30.0,33.924,False,200,
1787684566.0758412,container,30.0,30.0,24.699,False,200,
1787684566.1091745,container,30.0,30.0,26.115,False,200,
1787684566.1425078,container,30.0,30.0,32.995,False,200,
1787684566.175841,container,30.0,30.0,35.36,False,200,
1787684566.2091744,container,30.0,30.0,30.294,False,200,
1787684566.242508,container,30.0,30.0,31.516,False,200,
1787684566.2758412,container,30.0,30.0,37.088,False,200,
1787684566.3091745,container,30.0,30.0,25.885,False,200,
1787684566.3425078,container,30.0,30.0,29.102,False,200,
1787684566.3758411,container,30.0,30.0,29.357,False,200,
1787684566.4091744,container,30.0,30.0,30.493,False,200,
1787684566.4425077,container,30.0,30.0,31.972,False,200,
1787684566.4758413,container,30.0,30.0,28.226,False,200,
1787684566.5091746,container,30.0,30.0,26.517,False,200,
1787684566.542508,container,30.0,30.0,25.806,False,200,
1787684566.5758412,container,30.0,30.0,26.592,False,200,
1787684566.6091745,container,30.0,30.0,22.369,False,200,
1787684566.6425078,container,30.0,30.0,29.278,False,200,
1787684566.675841,container,30.0,30.0,37.511,False,200,
1787684566.7091744,container,30.0,30.0,24.999,False,200,
1787684566.742508,container,30.0,30.0,30.701,False,200,
1787684566.7758412,container,30.0,30.0,25.089,False,200,
1787684566.8091745,container,30.0,30.0,30.105,False,200,
1787684566.8425078,container,30.0,30.0,27.411,False,200,
1787684566.8758411,container,30.0,30.0,47.046,False,200,
1787684566.9091744,container,30.0,30.0,26.574,False,200,
1787684566.9425077,container,30.0,30.0,31.835,False,200,
1787684566.9758413,container,30.0,30.0,33.88,False,200,
1787684567.0091746,container,30.0,30.0,30.907,False,200,
1787684567.042508,container,30.0,30.0,31.119,False,200,
1787684567.0758412,container,30.0,30.0,26.108,False,200,
1787684567.1091745,container,30.0,30.0,30.271,False,200,
1787684567.1425078,container,30.0,30.0,32.772,False,200,
1787684567.175841,container,30.0,30.0,39.047,False,200,
1787684567.2091744,container,30.0,30.0,32.138,False,200,
1787684567.242508,container,30.0,30.0,30.528,False,200,
1787684567.2758412,container,30.0,30.0,33.37,False,200,
1787684567.3091745,container,30.0,30.0,30.325,False,200,
1787684567.3425078,container,30.0,30.0,23.348,False,200,
1787684567.3758411,container,30.0,30.0,30.284,False,200,
1787684567.4091744,container,30.0,30.0,33.004,False,200,
1787684567.4425077,container,30.0,30.0,24.951,False,200,
1787684567.4758413,container,30.0,30.0,28.947,False,200,
1787684567.5091746,container,30.0,30.0,34.763,False,200,
1787684567.542508,container,30.0,30.0,29.082,False,200,
1787684567.5758412,container,30.0,30.0,24.238,False,200,
1787684567.6091745,container,30.0,30.0,27.166,False,200,
1787684567.6425078,container,30.0,30.0,33.601,False,200,
1787684567.675841,container,30.0,30.0,22.983,False,200,
1787684567.7091744,container,30.0,30.0,31.474,False,200,
1787684567.742508,container,30.0,30.0,26.116,False,200,
1787684567.7758412,container,30.0,30.0,26.134,False,200,
1787684567.8091745,container,30.0,30.0,28.281,False,200,
1787684567.8425078,container,30.0,30.0,35.92,False,200,
1787684567.8758411,container,30.0,30.0,29.892,False,200,
1787684567.9091744,container,30.0,30.0,29.912,False,200,
1787684567.9425077,container,30.0,30.0,28.94,False,200,
1787684567.9758413,container,30.0,30.0,31.387,False,200,
1787684568.0091746,container,30.0,30.0,25.825,False,200,
1787684568.042508,container,30.0,30.0,28.252,False,200,
1787684568.0758412,container,30.0,30.0,24.308,False,200,
1787684568.1091745,container,30.0,30.0,29.785,False,200,
1787684568.1425078,container,30.0,30.0,31.802,False,200,
1787684568.175841,container,30.0,30.0,25.346,False,200,
1787684568.2091744,container,30.0,30.0,28.408,False,200,
1787684568.242508,container,30.0,30.0,30.094,False,200,
1787684568.2758412,container,30.0,30.0,22.926,False,200,
1787684568.3091745,container,30.0,30.0,26.398,False,200,
1787684568.3425078,container,30.0,30.0,26.36,False,200,
1787684568.3758411,container,30.0,30.0,25.318,False,200,
1787684568.4091744,container,30.0,30.0,25.781,False,200,
1787684568.4425077,container,30.0,30.0,31.73,False,200,
1787684568.4758413,container,30.0,30.0,34.146,False,200,
1787684568.5091746,container,30.0,30.0,19.458,False,200,
1787684568.542508,container,30.0,30.0,30.346,False,200,
1787684568.5758412,container,30.0,30.0,30.072,False,200,
1787684568.6091745,container,30.0,30.0,31.264,False,200,
1787684568.6425078,container,30.0,30.0,28.983,False,200,
1787684568.675841,container,30.0,30.0,28.41,False,200,
1787684568.7091744,container,30.0,30.0,27.017,False,200,
1787684568.742508,container,30.0,30.0,26.029,False,200,
1787684568.7758412,container,30.0,30.0,26.719,False,200,
1787684568.8091745,container,30.0,30.0,26.967,False,200,
1787684568.8425078,container,30.0,30.0,31.134,False,200,
1787684568.8758411,container,30.0,30.0,35.764,False,200,
1787684568.9091744,container,30.0,30.0,28.118,False,200,
1787684568.9425077,container,30.0,30.0,37.183,False,200,
1787684568.9758413,container,30.0,30.0,23.002,False,200,
1787684569.0091746,container,30.0,30.0,27.721,False,200,
1787684569.042508,container,30.0,30.0,24.102,False,200,
1787684569.0758412,container,30.0,30.0,31.821,False,200,
1787684569.1091745,container,30.0,30.0,36.675,False,200,
1787684569.1425078,container,30.0,30.0,33.776,False,200,
1787684569.175841,container,30.0,30.0,28.873,False,200,
1787684569.2091744,container,30.0,30.0,25.216,False,200,
1787684569.242508,container,30.0,30.0,46.212,False,200,
1787684569.2758412,container,30.0,30.0,25.562,False,200,
1787684569.3091745,container,30.0,30.0,29.549,False,200,
1787684569.3425078,container,30.0,30.0,27.771,False,200,
1787684569.3758411,container,30.0,30.0,34.249,False,200,
1787684569.4091744,container,30.0,30.0,31.082,False,200,
1787684569.4425077,container,30.0,30.0,27.234,False,200,
1787684569.4758413,container,30.0,30.0,30.231,False,200,
1787684569.5091746,container,30.0,30.0,29.022,False,200,
1787684569.542508,container,30.0,30.0,38.038,False,200,
1787684569.5758412,container,30.0,30.0,26.158,False,200,
1787684569.6091745,container,30.0,30.0,31.836,False,200,
1787684569.6425078,container,30.0,30.0,19.667,False,200,
1787684569.675841,container,30.0,30.0,26.108,False,200,
1787684569.7091744,container,30.0,30.0,26.835,False,200,
1787684569.742508,container,30.0,30.0,25.367,False,200,
1787684569.7758412,container,30.0,30.0,27.875,False,200,
1787684569.8091745,container,30.0,30.0,32.751,False,200,
1787684569.8425078,container,30.0,30.0,37.747,False,200,
1787684569.8758411,container,30.0,30.0,30.524,False,200,
1787684569.9091744,container,30.0,30.0,28.959,False,200,
1787684569.9425077,container,30.0,30.0,31.978,False,200,
1787684569.9758413,container,30.0,30.0,32.696,False,200,
1787684570.0091746,container,30.0,30.0,31.323,False,200,
1787684570.042508,container,30.0,30.0,33.26,False,200,
1787684570.0758412,container,30.0,30.0,34.819,False,200,
1787684570.1091745,container,30.0,30.0,29.482,False,200,
1787684570.1425078,container,30.0,30.0,24.866,False,200,
1787684570.175841,container,30.0,30.0,29.865,False,200,
1787684570.2091744,container,30.0,30.0,27.901,False,200,
1787684570.242508,container,30.0,30.0,30.352,False,200,
1787684570.2758412,container,30.0,30.0,26.307,False,200,
1787684570.3091745,container,30.0,30.0,22.779,False,200,
1787684570.3425078,container,30.0,30.0,29.47,False,200,
1787684570.3758411,container,30.0,30.0,30.875,False,200,
1787684570.4091744,container,30.0,30.0,27.203,False,200,
1787684570.4425077,container,30.0,30.0,28.445,False,200,
1787684570.4758413,container,30.0,30.0,31.427,False,200,
1787684570.5091746,container,30.0,30.0,30.704,False,200,
1787684570.542508,container,30.0,30.0,23.198,False,200,
1787684570.5758412,container,30.0,30.0,23.23,False,200,
1787684570.6091745,container,30.0,30.0,28.166,False,200,
1787684570.6425078,container,30.0,30.0,31.163,False,200,
1787684570.675841,container,30.0,30.0,31.058,False,200,
1787684570.7091744,container,30.0,30.0,22.291,False,200,
1787684570.742508,container,30.0,30.0,34.404,False,200,
1787684570.7758412,container,30.0,30.0,27.12,False,200,
1787684570.8091745,container,30.0,30.0,31.664,False,200,
1787684570.8425078,container,30.0,30.0,26.977,False,200,
1787684570.8758411,container,30.0,30.0,25.303,False,200,
1787684570.9091744,container,30.0,30.0,26.049,False,200,
1787684570.9425077,container,30.0,30.0,36.308,False,200,
1787684570.9758413,container,30.0,30.0,25.453,False,200,
1787684571.0091746,container,30.0,30.0,27.95,False,200,
1787684571.042508,container,30.0,30.0,23.961,False,200,
1787684571.0758412,container,30.0,30.0,27.852,False,200,
1787684571.1091745,container,30.0,30.0,31.524,False,200,
1787684571.1425078,container,30.0,30.0,34.142,False,200,
1787684571.175841,container,30.0,30.0,29.077,False,200,
1787684571.2091744,container,30.0,30.0,28.442,False,200,
1787684571.242508,container,30.0,30.0,26.161,False,200,
1787684571.2758412,container,30.0,30.0,31.856,False,200,
1787684571.3091745,container,30.0,30.0,33.892,False,200,
1787684571.3425078,container,30.0,30.0,26.965,False,200,
1787684571.3758411,container,30.0,30.0,28.043,False,200,
1787684571.4091744,container,30.0,30.0,34.135,False,200,
1787684571.4425077,container,30.0,30.0,29.466,False,200,
1787684571.4758413,container,30.0,30.0,30.129,False,200,
1787684571.5091746,container,30.0,30.0,34.578,False,200,
1787684571.542508,container,30.0,30.0,30.398,False,200,
1787684571.5758412,container,30.0,30.0,35.394,False,200,
1787684571.6091745,container,30.0,30.0,33.674,False,200,
1787684571.6425078,container,30.0,30.0,34.743,False,200,
1787684571.675841,container,30.0,30.0,31.817,False,200,
1787684571.7091744,container,30.0,30.0,31.262,False,200,
1787684571.742508,container,30.0,30.0,23.45,False,200,
1787684571.7758412,container,30.0,30.0,34.643,False,200,
1787684571.8091745,container,30.0,30.0,26.766,False,200,
1787684571.8425078,container,30.0,30.0,26.74,False,200,
1787684571.8758411,container,30.0,30.0,27.405,False,200,
1787684571.9091744,container,30.0,30.0,27.649,False,200,
1787684571.9425077,container,30.0,30.0,33.72,False,200,
1787684571.9758413,container,30.0,30.0,20.555,False,200,
1787684572.0091746,container,30.0,30.0,36.593,False,200,
1787684572.042508,container,30.0,30.0,37.876,False,200,
1787684572.0758412,container,30.0,30.0,25.483,False,200,
1787684572.1091745,container,30.0,30.0,25.817,False,200,
1787684572.1425078,container,30.0,30.0,37.763,False,200,
1787684572.175841,container,30.0,30.0,29.887,False,200,
1787684572.2091744,container,30.0,30.0,25.537,False,200,
1787684572.242508,container,30.0,30.0,25.049,False,200,
1787684572.2758412,container,30.0,30.0,38.544,False,200,
1787684572.3091745,container,30.0,30.0,39.589,False,200,
1787684572.3425078,container,30.0,30.0,26.705,False,200,
1787684572.3758411,container,30.0,30.0,33.685,False,200,
1787684572.4091744,container,30.0,30.0,30.139,False,200,
1787684572.4425077,container,30.0,30.0,33.803,False,200,
1787684572.4758413,container,30.0,30.0,24.83,False,200,
1787684572.5091746,container,30.0,30.0,34.825,False,200,
1787684572.542508,container,30.0,30.0,27.655,False,200,
1787684572.5758412,container,30.0,30.0,29.02,False,200,
1787684572.6091745,container,30.0,30.0,41.394,False,200,
1787684572.6425078,container,30.0,30.0,25.456,False,200,
1787684572.675841,container,30.0,30.0,34.982,False,200,
1787684572.7091744,container,30.0,30.0,24.042,False,200,
1787684572.742508,container,30.0,30.0,28.759,False,200,
1787684572.7758412,container,30.0,30.0,31.77,False,200,
1787684572.8091745,container,30.0,30.0,21.7,False,200,
1787684572.8425078,container,30.0,30.0,28.845,False,200,
1787684572.8758411,container,30.0,30.0,37.552,False,200,
1787684572.9091744,container,30.0,30.0,35.979,False,200,
1787684572.9425077,container,30.0,30.0,29.418,False,200,
1787684572.9758413,container,30.0,30.0,31.461,False,200,
1787684573.0091746,container,30.0,30.0,29.529,False,200,
1787684573.042508,container,30.0,30.0,33.073,False,200,
1787684573.0758412,container,30.0,30.0,30.348,False,200,
1787684573.1091745,container,30.0,30.0,37.735,False,200,
1787684573.1425078,container,30.0,30.0,41.072,False,200,
1787684573.175841,container,30.0,30.0,29.421,False,200,
1787684573.2091744,container,30.0,30.0,26.225,False,200,
1787684573.242508,container,30.0,30.0,27.187,False,200,
1787684573.2758412,container,30.0,30.0,19.535,False,200,
1787684573.3091745,container,30.0,30.0,32.589,False,200,
1787684573.3425078,container,30.0,30.0,35.294,False,200,
1787684573.3758411,container,30.0,30.0,26.957,False,200,
1787684573.4091744,container,30.0,30.0,30.413,False,200,
1787684573.4425077,container,30.0,30.0,35.859,False,200,
1787684573.4758413,container,30.0,30.0,30.501,False,200,
1787684573.5091746,container,30.0,30.0,36.106,False,200,
1787684573.542508,container,30.0,30.0,32.726,False,200,
1787684573.5758412,container,30.0,30.0,39.329,False,200,
1787684573.6091745,container,30.0,30.0,30.937,False,200,
1787684573.6425078,container,30.0,30.0,36.362,False,200,
1787684573.675841,container,30.0,30.0,31.178,False,200,
1787684573.7091744,container,30.0,30.0,26.501,False,200,
1787684573.742508,container,30.0,30.0,28.204,False,200,
1787684573.7758412,container,30.0,30.0,19.441,False,200,
1787684573.8091745,container,30.0,30.0,25.459,False,200,
1787684573.8425078,container,30.0,30.0,30.834,False,200,
1787684573.8758411,container,30.0,30.0,29.95,False,200,
1787684573.9091744,container,30.0,30.0,21.628,False,200,
1787684573.9425077,container,30.0,30.0,29.765,False,200,
1787684573.9758413,container,30.0,30.0,33.022,False,200,
1787684574.0091746,container,30.0,30.0,27.697,False,200,
1787684574.042508,container,30.0,30.0,36.446,False,200,
1787684574.0758412,container,30.0,30.0,29.715,False,200,
1787684574.1091745,container,30.0,30.0,31.979,False,200,
1787684574.1425078,container,30.0,30.0,29.835,False,200,
1787684574.175841,container,30.0,30.0,43.632,False,200,
1787684574.2091744,container,30.0,30.0,31.61,False,200,
1787684574.242508,container,30.0,30.0,32.95,False,200,
1787684574.2758412,container,30.0,30.0,23.415,False,200,
1787684574.3091745,container,30.0,30.0,28.177,False,200,
1787684574.3425078,container,30.0,30.0,29.851,False,200,
1787684574.3758411,container,30.0,30.0,29.273,False,200,
1787684574.4091744,container,30.0,30.0,28.561,False,200,
1787684574.4425077,container,30.0,30.0,34.796,False,200,
1787684574.4758413,container,30.0,30.0,25.135,False,200,
1787684574.5091746,container,30.0,30.0,30.097,False,200,
1787684574.542508,container,30.0,30.0,28.211,False,200,
1787684574.5758412,container,30.0,30.0,31.404,False,200,
1787684574.6091745,container,30.0,30.0,31.386,False,200,
1787684574.6425078,container,30.0,30.0,30.453,False,200,
1787684574.675841,container,30.0,30.0,29.864,False,200,
1787684574.7091744,container,30.0,30.0,30.627,False,200,
1787684574.742508,container,30.0,30.0,34.134,False,200,
1787684574.7758412,container,30.0,30.0,28.389,False,200,
1787684574.8091745,container,30.0,30.0,34.195,False,200,
1787684574.8425078,container,30.0,30.0,22.459,False,200,
1787684574.8758411,container,30.0,30.0,36.135,False,200,
1787684574.9091744,container,30.0,30.0,33.265,False,200,
1787684574.9425077,container,30.0,30.0,32.444,False,200,
1787684574.9758413,container,30.0,30.0,34.585,False,200,
1787684575.0091746,container,30.0,30.0,31.375,False,200,
1787684575.042508,container,30.0,30.0,21.811,False,200,
1787684575.0758412,container,30.0,30.0,30.261,False,200,
1787684575.1091745,container,30.0,30.0,32.664,False,200,
1787684575.1425078,container,30.0,30.0,34.767,False,200,
1787684575.175841,container,30.0,30.0,33.942,False,200,
1787684575.2091744,container,30.0,30.0,26.844,False,200,
1787684575.242508,container,30.0,30.0,37.663,False,200,
1787684575.2758412,container,30.0,30.0,26.651,False,200,
1787684575.3091745,container,30.0,30.0,31.383,False,200,
1787684575.3425078,container,30.0,30.0,31.482,False,200,
1787684575.3758411,container,30.0,30.0,26.611,False,200,
1787684575.4091744,container,30.0,30.0,30.55,False,200,
1787684575.4425077,container,30.0,30.0,32.565,False,200,
1787684575.4758413,container,30.0,30.0,34.264,False,200,
1787684575.5091746,container,30.0,30.0,30.266,False,200,
1787684575.542508,container,30.0,30.0,25.796,False,200,
1787684575.5758412,container,30.0,30.0,35.491,False,200,
1787684575.6091745,container,30.0,30.0,25.686,False,200,
1787684575.6425078,container,30.0,30.0,31.029,False,200,
1787684575.675841,container,30.0,30.0,32.215,False,200,
1787684575.7091744,container,30.0,30.0,29.92,False,200,
1787684575.742508,container,30.0,30.0,23.495,False,200,
1787684575.7758412,container,30.0,30.0,23.287,False,200,
1787684575.8091745,container,30.0,30.0,33.043,False,200,
1787684575.8425078,container,30.0,30.0,30.7,False,200,
1787684575.8758411,container,30.0,30.0,26.832,False,200,
1787684575.9091744,container,30.0,30.0,24.965,False,200,
1787684575.9425077,container,30.0,30.0,23.995,False,200,
1787684575.9758413,container,30.0,30.0,28.087,False,200,
1787684576.0091746,container,30.0,30.0,37.242,False,200,
1787684576.042508,container,30.0,30.0,30.562,False,200,
1787684576.0758412,container,30.0,30.0,34.495,False,200,
1787684576.1091745,container,30.0,30.0,33.068,False,200,
1787684576.1425078,container,30.0,30.0,33.1,False,200,
1787684576.175841,container,30.0,30.0,24.444,False,200,
1787684576.2091744,container,30.0,30.0,30.497,False,200,
1787684576.242508,container,30.0,30.0,28.605,False,200,
1787684576.2758412,container,30.0,30.0,22.607,False,200,
1787684576.3091745,container,30.0,30.0,26.615,False,200,
1787684576.3425078,container,30.0,30.0,28.664,False,200,
1787684576.3758411,container,30.0,30.0,21.639,False,200,
1787684576.4091744,container,30.0,30.0,46.612,False,200,
1787684576.4425077,container,30.0,30.0,29.944,False,200,
1787684576.4758413,container,30.0,30.0,27.667,False,200,
1787684576.5091746,container,30.0,30.0,25.877,False,200,
1787684576.542508,container,30.0,30.0,31.634,False,200,
1787684576.5758412,container,30.0,30.0,40.501,False,200,
1787684576.6091745,container,30.0,30.0,30.966,False,200,
1787684576.6425078,container,30.0,30.0,32.509,False,200,
1787684576.675841,container,30.0,30.0,26.494,False,200,
1787684576.7091744,container,30.0,30.0,26.865,False,200,
1787684576.742508,container,30.0,30.0,24.251,False,200,
1787684576.7758412,container,30.0,30.0,28.554,False,200,
1787684576.8091745,container,30.0,30.0,32.405,False,200,
1787684576.8425078,container,30.0,30.0,24.699,False,200,
1787684576.8758411,container,30.0,30.0,25.105,False,200,
1787684576.9091744,container,30.0,30.0,25.129,False,200,
1787684576.9425077,container,30.0,30.0,32.987,False,200,
1787684576.9758413,container,30.0,30.0,29.526,False,200,
1787684577.0091746,container,30.0,30.0,30.165,False,200,
1787684577.042508,container,30.0,30.0,23.873,False,200,
1787684577.0758412,container,30.0,30.0,29.02,False,200,
1787684577.1091745,container,30.0,30.0,29.748,False,200,
1787684577.1425078,container,30.0,30.0,36.963,False,200,
1787684577.175841,container,30.0,30.0,32.81,False,200,
1787684577.2091744,container,30.0,30.0,29.814,False,200,
1787684577.242508,container,30.0,30.0,28.297,False,200,
1787684577.2758412,container,30.0,30.0,31.364,False,200,
1787684577.3091745,container,30.0,30.0,22.627,False,200,
1787684577.3425078,container,30.0,30.0,25.009,False,200,
1787684577.3758411,container,30.0,30.0,26.509,False,200,
1787684577.4091744,container,30.0,30.0,33.968,False,200,
1787684577.4425077,container,30.0,30.0,25.874,False,200,
1787684577.4758413,container,30.0,30.0,33.457,False,200,
1787684577.5091746,container,30.0,30.0,21.725,False,200,
1787684577.542508,container,30.0,30.0,27.892,False,200,
1787684577.5758412,container,30.0,30.0,32.781,False,200,
1787684577.6091745,container,30.0,30.0,30.278,False,200,
1787684577.6425078,container,30.0,30.0,31.898,False,200,
1787684577.675841,container,30.0,30.0,34.996,False,200,
1787684577.7091744,container,30.0,30.0,31.045,False,200,
1787684577.742508,container,30.0,30.0,23.242,False,200,
1787684577.7758412,container,30.0,30.0,36.139,False,200,
1787684577.8091745,container,30.0,30.0,28.466,False,200,
1787684577.8425078,container,30.0,30.0,31.903,False,200,
1787684577.8758411,container,30.0,30.0,27.986,False,200,
1787684577.9091744,container,30.0,30.0,28.5,False,200,
1787684577.9425077,container,30.0,30.0,32.427,False,200,
1787684577.9758413,container,30.0,30.0,31.29,False,200,
1787684578.0091746,container,30.0,30.0,33.711,False,200,
1787684578.042508,container,30.0,30.0,37.205,False,200,
1787684578.0758412,container,30.0,30.0,36.639,False,200,
1787684578.1091745,container,30.0,30.0,21.753,False,200,
1787684578.1425078,container,30.0,30.0,23.931,False,200,
1787684578.175841,container,30.0,30.0,27.115,False,200,
1787684578.2091744,container,30.0,30.0,26.993,False,200,
1787684578.242508,container,30.0,30.0,37.659,False,200,
1787684578.2758412,container,30.0,30.0,24.383,False,200,
1787684578.3091745,container,30.0,30.0,33.187,False,200,
1787684578.3425078,container,30.0,30.0,34.081,False,200,
1787684578.3758411,container,30.0,30.0,30.747,False,200,
1787684578.4091744,container,30.0,30.0,26.588,False,200,
1787684578.4425077,container,30.0,30.0,27.407,False,200,
1787684578.4758413,container,30.0,30.0,29.724,False,200,
1787684578.5091746,container,30.0,30.0,27.201,False,200,
1787684578.542508,container,30.0,30.0,36.882,False,200,
1787684578.5758412,container,30.0,30.0,22.233,False,200,
1787684578.6091745,container,30.0,30.0,24.845,False,200,
1787684578.6425078,container,30.0,30.0,32.91,False,200,
1787684578.675841,container,30.0,30.0,28.436,False,200,
1787684578.7091744,container,30.0,30.0,25.681,False,200,
1787684578.742508,container,30.0,30.0,27.433,False,200,
1787684578.7758412,container,30.0,30.0,29.478,False,200,
1787684578.8091745,container,30.0,30.0,35.182,False,200,
1787684578.8425078,container,30.0,30.0,33.296,False,200,
1787684578.8758411,container,30.0,30.0,27.537,False,200,
1787684578.9091744,container,30.0,30.0,38.484,False,200,
1787684578.9425077,container,30.0,30.0,24.041,False,200,
1787684578.9758413,container,30.0,30.0,26.853,False,200,
1787684579.0091746,container,30.0,30.0,36.213,False,200,
1787684579.042508,container,30.0,30.0,30.487,False,200,
1787684579.0758412,container,30.0,30.0,30.881,False,200,
1787684579.1091745,container,30.0,30.0,28.376,False,200,
1787684579.1425078,container,30.0,30.0,31.933,False,200,
1787684579.175841,container,30.0,30.0,33.42,False,200,
1787684579.2091744,container,30.0,30.0,28.341,False,200,
1787684579.242508,container,30.0,30.0,32.062,False,200,
1787684579.2758412,container,30.0,30.0,27.605,False,200,
1787684579.3091745,container,30.0,30.0,32.786,False,200,
1787684579.3425078,container,30.0,30.0,33.614,False,200,
1787684579.3758411,container,30.0,30.0,28.954,False,200,
1787684579.4091744,container,30.0,30.0,29.378,False,200,
1787684579.4425077,container,30.0,30.0,30.151,False,200,
1787684579.4758413,container,30.0,30.0,31.272,False,200,
1787684579.5091746,container,30.0,30.0,32.32,False,200,
1787684579.542508,container,30.0,30.0,30.052,False,200,
1787684579.5758412,container,30.0,30.0,30.782,False,200,
1787684579.6091745,container,30.0,30.0,40.215,False,200,
1787684579.6425078,container,30.0,30.0,26.211,False,200,
1787684579.675841,container,30.0,30.0,31.909,False,200,
1787684579.7091744,container,30.0,30.0,24.068,False,200,
1787684579.742508,container,30.0,30.0,30.027,False,200,
1787684579.7758412,container,30.0,30.0,32.242,False,200,
1787684579.8091745,container,30.0,30.0,35.377,False,200,
1787684579.8425078,container,30.0,30.0,32.183,False,200,
1787684579.8758411,container,30.0,30.0,27.712,False,200,
1787684579.9091744,container,30.0,30.0,29.629,False,200,
1787684579.9425077,container,30.0,30.0,32.786,False,200,
1787684579.9758413,container,30.0,30.0,20.349,False,200,
1787684580.0091746,container,30.0,30.0,24.338,False,200,
1787684580.042508,container,30.0,30.0,27.879,False,200,
1787684580.0758412,container,30.0,30.0,29.15,False,200,
1787684580.1091745,container,30.0,30.0,29.428,False,200,
1787684580.1425078,container,30.0,30.0,39.416,False,200,
1787684580.175841,container,30.0,30.0,31.411,False,200,
1787684580.2091744,container,30.0,30.0,28.746,False,200,
1787684580.242508,container,30.0,30.0,30.087,False,200,
1787684580.2758412,container,30.0,30.0,29.066,False,200,
1787684580.3091745,container,30.0,30.0,41.48,False,200,
1787684580.3425078,container,30.0,30.0,34.95,False,200,
1787684580.3758411,container,30.0,30.0,35.458,False,200,
1787684580.4091744,container,30.0,30.0,34.888,False,200,
1787684580.4425077,container,30.0,30.0,26.231,False,200,
1787684580.4758413,container,30.0,30.0,27.853,False,200,
1787684580.5091746,container,30.0,30.0,32.955,False,200,
1787684580.542508,container,30.0,30.0,27.867,False,200,
1787684580.5758412,container,30.0,30.0,27.006,False,200,
1787684580.6091745,container,30.0,30.0,36.725,False,200,
1787684580.6425078,container,30.0,30.0,19.604,False,200,
1787684580.675841,container,30.0,30.0,29.387,False,200,
1787684580.7091744,container,30.0,30.0,25.203,False,200,
1787684580.742508,container,30.0,30.0,25.847,False,200,
1787684580.7758412,container,30.0,30.0,40.074,False,200,
1787684580.8091745,container,30.0,30.0,32.561,False,200,
1787684580.8425078,container,30.0,30.0,27.216,False,200,
1787684580.8758411,container,30.0,30.0,27.532,False,200,
1787684580.9091744,container,30.0,30.0,25.398,False,200,
1787684580.9425077,container,30.0,30.0,33.599,False,200,
1787684580.9758413,container,30.0,30.0,29.283,False,200,
1787684581.0091746,container,30.0,30.0,32.444,False,200,
1787684581.042508,container,30.0,30.0,31.368,False,200,
1787684581.0758412,container,30.0,30.0,34.019,False,200,
1787684581.1091745,container,30.0,30.0,33.142,False,200,
1787684581.1425078,container,30.0,30.0,27.441,False,200,
1787684581.175841,container,30.0,30.0,31.438,False,200,
1787684581.2091744,container,30.0,30.0,27.576,False,200,
1787684581.242508,container,30.0,30.0,27.716,False,200,
1787684581.2758412,container,30.0,30.0,33.404,False,200,
1787684581.3091745,container,30.0,30.0,29.717,False,200,
1787684581.3425078,container,30.0,30.0,30.102,False,200,
1787684581.3758411,container,30.0,30.0,29.881,False,200,
1787684581.4091744,container,30.0,30.0,33.065,False,200,
1787684581.4425077,container,30.0,30.0,22.938,False,200,
1787684581.4758413,container,30.0,30.0,25.692,False,200,
1787684581.5091746,container,30.0,30.0,29.497,False,200,
1787684581.542508,container,30.0,30.0,47.223,False,200,
1787684581.5758412,container,30.0,30.0,35.612,False,200,
1787684581.6091745,container,30.0,30.0,31.135,False,200,
1787684581.6425078,container,30.0,30.0,23.086,False,200,
1787684581.675841,container,30.0,30.0,26.524,False,200,
1787684581.7091744,container,30.0,30.0,32.35,False,200,
1787684581.742508,container,30.0,30.0,33.681,False,200,
1787684581.7758412,container,30.0,30.0,35.701,False,200,
1787684581.8091745,container,30.0,30.0,29.42,False,200,
1787684581.8425078,container,30.0,30.0,27.517,False,200,
1787684581.8758411,container,30.0,30.0,27.843,False,200,
1787684581.9091744,container,30.0,30.0,32.197,False,200,
1787684581.9425077,container,30.0,30.0,37.454,False,200,
1787684581.9758413,container,30.0,30.0,38.16,False,200,
1787684582.0091746,container,30.0,30.0,41.371,False,200,
1787684582.042508,container,30.0,30.0,23.728,False,200,
1787684582.0758412,container,30.0,30.0,26.179,False,200,
1787684582.1091745,container,30.0,30.0,27.026,False,200,
1787684582.1425078,container,30.0,30.0,35.261,False,200,
1787684582.175841,container,30.0,30.0,33.314,False,200,
1787684582.2091744,container,30.0,30.0,29.705,False,200,
1787684582.242508,container,30.0,30.0,29.029,False,200,
1787684582.2758412,container,30.0,30.0,28.858,False,200,
1787684582.3091745,container,30.0,30.0,33.055,False,200,
1787684582.3425078,container,30.0,30.0,28.946,False,200,
1787684582.3758411,container,30.0,30.0,33.916,False,200,
1787684582.4091744,container,30.0,30.0,32.969,False,200,
1787684582.4425077,container,30.0,30.0,35.738,False,200,
1787684582.4758413,container,30.0,30.0,30.719,False,200,
1787684582.5091746,container,30.0,30.0,32.648,False,200,
1787684582.542508,container,30.0,30.0,26.686,False,200,
1787684582.5758412,container,30.0,30.0,30.15,False,200,
1787684582.6091745,container,30.0,30.0,26.071,False,200,
1787684582.6425078,container,30.0,30.0,32.905,False,200,
1787684582.675841,container,30.0,30.0,35.885,False,200,
1787684582.7091744,container,30.0,30.0,34.511,False,200,
1787684582.742508,container,30.0,30.0,28.642,False,200,
1787684582.7758412,container,30.0,30.0,28.977,False,200,
1787684582.8091745,container,30.0,30.0,30.031,False,200,
1787684582.8425078,container,30.0,30.0,26.46,False,200,
1787684582.8758411,container,30.0,30.0,33.375,False,200,
1787684582.9091744,container,30.0,30.0,29.945,False,200,
1787684582.9425077,container,30.0,30.0,32.441,False,200,
1787684582.9758413,container,30.0,30.0,29.735,False,200,
1787684583.0091746,container,30.0,30.0,26.267,False,200,
1787684583.042508,container,30.0,30.0,32.396,False,200,
1787684583.0758412,container,30.0,30.0,24.952,False,200,
1787684583.1091745,container,30.0,30.0,29.519,False,200,
1787684583.1425078,container,30.0,30.0,33.435,False,200,
1787684583.175841,container,30.0,30.0,29.377,False,200,
1787684583.2091744,container,30.0,30.0,26.259,False,200,
1787684583.242508,container,30.0,30.0,33.572,False,200,
1787684583.2758412,container,30.0,30.0,29.538,False,200,
1787684583.3091745,container,30.0,30.0,30.787,False,200,
1787684583.3425078,container,30.0,30.0,32.015,False,200,
1787684583.3758411,container,30.0,30.0,33.614,False,200,
1787684583.4091744,container,30.0,30.0,27.024,False,200,
1787684583.4425077,container,30.0,30.0,23.778,False,200,
1787684583.4758413,container,30.0,30.0,35.989,False,200,
1787684583.5091746,container,30.0,30.0,31.299,False,200,
1787684583.542508,container,30.0,30.0,31.563,False,200,
1787684583.5758412,container,30.0,30.0,21.87,False,200,
1787684583.6091745,container,30.0,30.0,24.96,False,200,
1787684583.6425078,container,30.0,30.0,25.451,False,200,
1787684583.675841,container,30.0,30.0,44.279,False,200,
1787684583.7091744,container,30.0,30.0,33.952,False,200,
1787684583.742508,container,30.0,30.0,21.97,False,200,
1787684583.7758412,container,30.0,30.0,28.103,False,200,
1787684583.8091745,container,30.0,30.0,27.837,False,200,
1787684583.8425078,container,30.0,30.0,21.58,False,200,
1787684583.8758411,container,30.0,30.0,30.336,False,200,
1787684583.9091744,container,30.0,30.0,35.073,False,200,
1787684583.9425077,container,30.0,30.0,30.259,False,200,
1787684583.9758413,container,30.0,30.0,37.993,False,200,
1787684584.0091746,container,30.0,30.0,30.165,False,200,
1787684584.042508,container,30.0,30.0,28.329,False,200,
1787684584.0758412,container,30.0,30.0,28.6,False,200,
1787684584.1091745,container,30.0,30.0,30.158,False,200,
1787684584.1425078,container,30.0,30.0,28.12,False,200,
1787684584.175841,container,30.0,30.0,34.024,False,200,
1787684584.2091744,container,30.0,30.0,30.586,False,200,
1787684584.242508,container,30.0,30.0,34.421,False,200,
1787684584.2758412,container,30.0,30.0,26.09,False,200,
1787684584.3091745,container,30.0,30.0,25.711,False,200,
1787684584.3425078,container,30.0,30.0,26.652,False,200,
1787684584.3758411,container,30.0,30.0,25.699,False,200,
1787684584.4091744,container,30.0,30.0,24.643,False,200,
1787684584.4425077,container,30.0,30.0,23.593,False,200,
1787684584.4758413,container,30.0,30.0,34.177,False,200,
1787684584.5091746,container,30.0,30.0,26.039,False,200,
1787684584.542508,container,30.0,30.0,30.151,False,200,
1787684584.5758412,container,30.0,30.0,26.434,False,200,
1787684584.6091745,container,30.0,30.0,31.431,False,200,
1787684584.6425078,container,30.0,30.0,27.409,False,200,
1787684584.675841,container,30.0,30.0,35.626,False,200,
1787684584.7091744,container,30.0,30.0,24.864,False,200,
1787684584.742508,container,30.0,30.0,36.884,False,200,
1787684584.7758412,container,30.0,30.0,33.336,False,200,
1787684584.8091745,container,30.0,30.0,30.478,False,200,
1787684584.8425078,container,30.0,30.0,28.188,False,200,
1787684584.8758411,container,30.0,30.0,26.386,False,200,
1787684584.9091744,container,30.0,30.0,35.859,False,200,
1787684584.9425077,container,30.0,30.0,28.432,False,200,
1787684584.9758413,container,30.0,30.0,23.929,False,200,
1787684585.0091746,container,30.0,30.0,30.231,False,200,
1787684585.042508,container,30.0,30.0,26.132,False,200,
1787684585.0758412,container,30.0,30.0,33.974,False,200,
1787684585.1091745,container,30.0,30.0,27.513,False,200,
1787684585.1425078,container,30.0,30.0,23.868,False,200,
1787684585.175841,container,30.0,30.0,30.604,False,200,
1787684585.2091744,container,30.0,30.0,30.374,False,200,
1787684585.242508,container,30.0,30.0,29.987,False,200,
1787684585.2758412,container,30.0,30.0,32.545,False,200,
1787684585.3091745,container,30.0,30.0,27.095,False,200,
1787684585.3425078,container,30.0,30.0,32.877,False,200,
1787684585.3758411,container,30.0,30.0,30.161,False,200,
1787684585.4091744,container,30.0,30.0,37.921,False,200,
1787684585.4425077,container,30.0,30.0,37.944,False,200,
1787684585.4758413,container,30.0,30.0,28.806,False,200,
1787684585.5091746,container,30.0,30.0,33.707,False,200,
1787684585.542508,container,30.0,30.0,27.992,False,200,
1787684585.5758412,container,30.0,30.0,22.922,False,200,
1787684585.6091745,container,30.0,30.0,27.085,False,200,
1787684585.6425078,container,30.0,30.0,25.865,False,200,
1787684585.675841,container,30.0,30.0,25.081,False,200,
1787684585.7091744,container,30.0,30.0,35.471,False,200,
1787684585.742508,container,30.0,30.0,26.758,False,200,
1787684585.7758412,container,30.0,30.0,32.59,False,200,
1787684585.8091745,container,30.0,30.0,32.17,False,200,
1787684585.8425078,container,30.0,30.0,28.835,False,200,
1787684585.8758411,container,30.0,30.0,35.812,False,200,
1787684585.9091744,container,30.0,30.0,26.693,False,200,
1787684585.9425077,container,30.0,30.0,31.063,False,200,
1787684585.9758413,container,30.0,30.0,30.317,False,200,
1787684586.0091746,container,30.0,30.0,31.039,False,200,
1787684586.042508,container,30.0,30.0,40.539,False,200,
1787684586.0758412,container,30.0,30.0,30.35,False,200,
1787684586.1091745,container,30.0,30.0,27.081,False,200,
1787684586.1425078,container,30.0,30.0,28.737,False,200,
1787684586.175841,container,30.0,30.0,25.678,False,200,
1787684586.2091744,container,30.0,30.0,30.386,False,200,
1787684586.242508,container,30.0,30.0,37.499,False,200,
1787684586.2758412,container,30.0,30.0,26.913,False,200,
1787684586.3091745,container,30.0,30.0,33.299,False,200,
1787684586.3425078,container,30.0,30.0,34.349,False,200,
1787684586.3758411,container,30.0,30.0,27.14,False,200,
1787684586.4091744,container,30.0,30.0,25.693,False,200,
1787684586.4425077,container,30.0,30.0,38.448,False,200,
1787684586.4758413,container,30.0,30.0,30.307,False,200,
1787684586.5091746,container,30.0,30.0,26.664,False,200,
1787684586.542508,container,30.0,30.0,35.407,False,200,
1787684586.5758412,container,30.0,30.0,25.275,False,200,
1787684586.6091745,container,30.0,30.0,27.229,False,200,
1787684586.6425078,container,30.0,30.0,26.903,False,200,
1787684586.675841,container,30.0,30.0,38.107,False,200,
1787684586.7091744,container,30.0,30.0,24.327,False,200,
1787684586.742508,container,30.0,30.0,26.579,False,200,
1787684586.7758412,container,30.0,30.0,21.93,False,200,
1787684586.8091745,container,30.0,30.0,40.902,False,200,
1787684586.8425078,container,30.0,30.0,26.391,False,200,
1787684586.8758411,container,30.0,30.0,26.589,False,200,
1787684586.9091744,container,30.0,30.0,28.177,False,200,
1787684586.9425077,container,30.0,30.0,23.236,False,200,
1787684586.9758413,container,30.0,30.0,26.057,False,200,
1787684587.0091746,container,30.0,30.0,30.664,False,200,
1787684587.042508,container,30.0,30.0,23.063,False,200,
1787684587.0758412,container,30.0,30.0,30.0,False,200,
1787684587.1091745,container,30.0,30.0,23.767,False,200,
1787684587.1425078,container,30.0,30.0,32.842,False,200,
1787684587.175841,container,30.0,30.0,29.598,False,200,
1787684587.2091744,container,30.0,30.0,31.392,False,200,
1787684587.242508,container,30.0,30.0,23.256,False,200,
1787684587.2758412,container,30.0,30.0,32.773,False,200,
1787684587.3091745,container,30.0,30.0,27.556,False,200,
1787684587.3425078,container,30.0,30.0,28.686,False,200,
1787684587.3758411,container,30.0,30.0,30.967,False,200,
1787684587.4091744,container,30.0,30.0,34.419,False,200,
1787684587.4425077,container,30.0,30.0,26.517,False,200,
1787684587.4758413,container,30.0,30.0,32.501,False,200,
1787684587.5091746,container,30.0,30.0,28.239,False,200,
1787684587.542508,container,30.0,30.0,31.59,False,200,
1787684587.5758412,container,30.0,30.0,32.232,False,200,
1787684587.6091745,container,30.0,30.0,32.615,False,200,
1787684587.6425078,container,30.0,30.0,26.877,False,200,
1787684587.675841,container,30.0,30.0,29.583,False,200,
1787684587.7091744,container,30.0,30.0,27.303,False,200,
1787684587.742508,container,30.0,30.0,32.836,False,200,
1787684587.7758412,container,30.0,30.0,40.391,False,200,
1787684587.8091745,container,30.0,30.0,34.896,False,200,
1787684587.8425078,container,30.0,30.0,34.947,False,200,
1787684587.8758411,container,30.0,30.0,32.524,False,200,
1787684587.9091744,container,30.0,30.0,37.238,False,200,
1787684587.9425077,container,30.0,30.0,23.663,False,200,
1787684587.9758413,container,30.0,30.0,32.055,False,200,
1787684588.0091746,container,30.0,30.0,31.945,False,200,
1787684588.042508,container,30.0,30.0,36.598,False,200,
1787684588.0758412,container,30.0,30.0,34.642,False,200,
1787684588.1091745,container,30.0,30.0,20.408,False,200,
1787684588.1425078,container,30.0,30.0,29.763,False,200,
1787684588.175841,container,30.0,30.0,31.548,False,200,
1787684588.2091744,container,30.0,30.0,26.926,False,200,
1787684588.242508,container,30.0,30.0,29.717,False,200,
1787684588.2758412,container,30.0,30.0,25.858,False,200,
1787684588.3091745,container,30.0,30.0,24.498,False,200,
1787684588.3425078,container,30.0,30.0,21.639,False,200,
1787684588.3758411,container,30.0,30.0,33.865,False,200,
1787684588.4091744,container,30.0,30.0,33.988,False,200,
1787684588.4425077,container,30.0,30.0,30.638,False,200,
1787684588.4758413,container,30.0,30.0,25.672,False,200,
1787684588.5091746,container,30.0,30.0,30.495,False,200,
1787684588.542508,container,30.0,30.0,24.48,False,200,
1787684588.5758412,container,30.0,30.0,35.006,False,200,
1787684588.6091745,container,30.0,30.0,25.886,False,200,
1787684588.6425078,container,30.0,30.0,30.454,False,200,
1787684588.675841,container,30.0,30.0,44.12,False,200,
1787684588.7091744,container,30.0,30.0,43.685,False,200,
1787684588.742508,container,30.0,30.0,24.549,False,200,
1787684588.7758412,container,30.0,30.0,31.611,False,200,
1787684588.8091745,container,30.0,30.0,27.631,False,200,
1787684588.8425078,container,30.0,30.0,34.248,False,200,
1787684588.8758411,container,30.0,30.0,23.668,False,200,
1787684588.9091744,container,30.0,30.0,30.727,False,200,
1787684588.9425077,container,30.0,30.0,32.839,False,200,
1787684588.9758413,container,30.0,30.0,31.904,False,200,
1787684589.0091746,container,30.0,30.0,38.199,False,200,
1787684589.042508,container,30.0,30.0,29.735,False,200,
1787684589.0758412,container,30.0,30.0,34.771,False,200,
1787684589.1091745,container,30.0,30.0,26.86,False,200,
1787684589.1425078,container,30.0,30.0,36.944,False,200,
1787684589.175841,container,30.0,30.0,35.387,False,200,
1787684589.2091744,container,30.0,30.0,28.847,False,200,
1787684589.242508,container,30.0,30.0,28.549,False,200,
1787684589.2758412,container,30.0,30.0,32.032,False,200,
1787684589.3091745,container,30.0,30.0,34.185,False,200,
1787684589.3425078,container,30.0,30.0,36.432,False,200,
1787684589.3758411,container,30.0,30.0,23.341,False,200,
1787684589.4091744,container,30.0,30.0,25.423,False,200,
1787684589.4425077,container,30.0,30.0,37.285,False,200,
1787684589.4758413,container,30.0,30.0,31.956,False,200,
1787684589.5091746,container,30.0,30.0,39.883,False,200,
1787684589.542508,container,30.0,30.0,23.003,False,200,
1787684589.5758412,container,30.0,30.0,27.544,False,200,
1787684589.6091745,container,30.0,30.0,32.509,False,200,
1787684589.6425078,container,30.0,30.0,24.748,False,200,
1787684589.675841,container,30.0,30.0,29.351,False,200,
1787684589.7091744,container,30.0,30.0,25.455,False,200,
1787684589.742508,container,30.0,30.0,31.408,False,200,
1787684589.7758412,container,30.0,30.0,24.6,False,200,
1787684589.8091745,container,30.0,30.0,38.2,False,200,
1787684589.8425078,container,30.0,30.0,20.847,False,200,
1787684589.8758411,container,30.0,30.0,34.126,False,200,
1787684589.9091744,container,30.0,30.0,29.976,False,200,
1787684589.9425077,container,30.0,30.0,26.912,False,200,
1787684589.9758413,container,30.0,30.0,25.821,False,200,
1787684590.0091746,container,30.0,30.0,30.524,False,200,
1787684590.042508,container,30.0,30.0,27.867,False,200,
1787684590.0758412,container,30.0,30.0,25.68,False,200,
1787684590.1091745,container,30.0,30.0,29.658,False,200,
1787684590.1425078,container,30.0,30.0,31.146,False,200,
1787684590.175841,container,30.0,30.0,24.486,False,200,
1787684590.2091744,container,30.0,30.0,27.731,False,200,
1787684590.242508,container,30.0,30.0,33.297,False,200,
1787684590.2758412,container,30.0,30.0,36.999,False,200,
1787684590.3091745,container,30.0,30.0,33.152,False,200,
1787684590.3425078,container,30.0,30.0,34.935,False,200,
1787684590.3758411,container,30.0,30.0,27.948,False,200,
1787684590.4091744,container,30.0,30.0,28.131,False,200,
1787684590.4425077,container,30.0,30.0,29.721,False,200,
1787684590.4758413,container,30.0,30.0,21.818,False,200,
1787684590.5091746,container,30.0,30.0,24.722,False,200,
1787684590.542508,container,30.0,30.0,26.884,False,200,
1787684590.5758412,container,30.0,30.0,29.669,False,200,
1787684590.6091745,container,30.0,30.0,25.099,False,200,
1787684590.6425078,container,30.0,30.0,31.956,False,200,
1787684590.675841,container,30.0,30.0,27.893,False,200,
1787684590.7091744,container,30.0,30.0,33.006,False,200,
1787684590.742508,container,30.0,30.0,27.807,False,200,
1787684590.7758412,container,30.0,30.0,23.854,False,200,
1787684590.8091745,container,30.0,30.0,29.803,False,200,
1787684590.8425078,container,30.0,30.0,34.965,False,200,
1787684590.8758411,container,30.0,30.0,27.637,False,200,
1787684590.9091744,container,30.0,30.0,32.682,False,200,
1787684590.9425077,container,30.0,30.0,28.452,False,200,
1787684590.9758413,container,30.0,30.0,30.776,False,200,
1787684591.0091746,container,30.0,30.0,28.078,False,200,
1787684591.042508,container,30.0,30.0,28.883,False,200,
1787684591.0758412,container,30.0,30.0,34.837,False,200,
1787684591.1091745,container,30.0,30.0,30.426,False,200,
1787684591.1425078,container,30.0,30.0,33.166,False,200,
1787684591.175841,container,30.0,30.0,29.273,False,200,
1787684591.2091744,container,30.0,30.0,30.74,False,200,
1787684591.242508,container,30.0,30.0,32.207,False,200,
1787684591.2758412,container,30.0,30.0,31.143,False,200,
1787684591.3091745,container,30.0,30.0,37.631,False,200,
1787684591.3425078,container,30.0,30.0,30.511,False,200,
1787684591.3758411,container,30.0,30.0,34.644,False,200,
1787684591.4091744,container,30.0,30.0,26.875,False,200,
1787684591.4425077,container,30.0,30.0,37.361,False,200,
1787684591.4758413,container,30.0,30.0,34.566,False,200,
1787684591.5091746,container,30.0,30.0,27.003,False,200,
1787684591.542508,container,30.0,30.0,27.304,False,200,
1787684591.5758412,container,30.0,30.0,25.176,False,200,
1787684591.6091745,container,30.0,30.0,28.458,False,200,
1787684591.6425078,container,30.0,30.0,29.342,False,200,
1787684591.675841,container,30.0,30.0,20.364,False,200,
1787684591.7091744,container,30.0,30.0,28.726,False,200,
1787684591.742508,container,30.0,30.0,28.697,False,200,
1787684591.7758412,container,30.0,30.0,38.35,False,200,
1787684591.8091745,container,30.0,30.0,31.846,False,200,
1787684591.8425078,container,30.0,30.0,31.31,False,200,
1787684591.8758411,container,30.0,30.0,38.513,False,200,
1787684591.9091744,container,30.0,30.0,26.473,False,200,
1787684591.9425077,container,30.0,30.0,34.149,False,200,
1787684591.9758413,container,30.0,30.0,36.682,False,200,
1787684592.0091746,container,30.0,30.0,27.013,False,200,
1787684592.042508,container,30.0,30.0,34.458,False,200,
1787684592.0758412,container,30.0,30.0,26.399,False,200,
1787684592.1091745,container,30.0,30.0,33.202,False,200,
1787684592.1425078,container,30.0,30.0,30.469,False,200,
1787684592.175841,container,30.0,30.0,27.58,False,200,
1787684592.2091744,container,30.0,30.0,29.562,False,200,
1787684592.242508,container,30.0,30.0,23.988,False,200,
1787684592.2758412,container,30.0,30.0,32.013,False,200,
1787684592.3091745,container,30.0,30.0,33.751,False,200,
1787684592.3425078,container,30.0,30.0,29.362,False,200,
1787684592.3758411,container,30.0,30.0,31.737,False,200,
1787684592.4091744,container,30.0,30.0,26.115,False,200,
1787684592.4425077,container,30.0,30.0,28.177,False,200,
1787684592.4758413,container,30.0,30.0,25.503,False,200,
1787684592.5091746,container,30.0,30.0,33.739,False,200,
1787684592.542508,container,30.0,30.0,34.03,False,200,
1787684592.5758412,container,30.0,30.0,32.301,False,200,
1787684592.6091745,container,30.0,30.0,25.648,False,200,
1787684592.6425078,container,30.0,30.0,27.285,False,200,
1787684592.675841,container,30.0,30.0,32.726,False,200,
1787684592.7091744,container,30.0,30.0,33.278,False,200,
1787684592.742508,container,30.0,30.0,29.169,False,200,
1787684592.7758412,container,30.0,30.0,38.539,False,200,
1787684592.8091745,container,30.0,30.0,29.084,False,200,
1787684592.8425078,container,30.0,30.0,34.724,False,200,
1787684592.8758411,container,30.0,30.0,30.847,False,200,
1787684592.9091744,container,30.0,30.0,36.691,False,200,
1787684592.9425077,container,30.0,30.0,24.262,False,200,
1787684592.9758413,container,30.0,30.0,33.069,False,200,
1787684593.0091746,container,30.0,30.0,33.019,False,200,
1787684593.042508,container,30.0,30.0,25.686,False,200,
1787684593.0758412,container,30.0,30.0,42.353,False,200,
1787684593.1091745,container,30.0,30.0,28.888,False,200,
1787684593.1425078,container,30.0,30.0,22.431,False,200,
1787684593.175841,container,30.0,30.0,32.139,False,200,
1787684593.2091744,container,30.0,30.0,42.717,False,200,
1787684593.242508,container,30.0,30.0,36.047,False,200,
1787684593.2758412,container,30.0,30.0,27.028,False,200,
1787684593.3091745,container,30.0,30.0,24.031,False,200,
1787684593.3425078,container,30.0,30.0,36.364,False,200,
1787684593.3758411,container,30.0,30.0,30.306,False,200,
1787684593.4091744,container,30.0,30.0,36.888,False,200,
1787684593.4425077,container,30.0,30.0,31.343,False,200,
1787684593.4758413,container,30.0,30.0,32.547,False,200,
1787684593.5091746,container,30.0,30.0,29.855,False,200,
1787684593.542508,container,30.0,30.0,28.595,False,200,
1787684593.5758412,container,30.0,30.0,35.34,False,200,
1787684593.6091745,container,30.0,30.0,31.058,False,200,
1787684593.6425078,container,30.0,30.0,24.156,False,200,
1787684593.675841,container,30.0,30.0,32.552,False,200,
1787684593.7091744,container,30.0,30.0,25.208,False,200,
1787684593.742508,container,30.0,30.0,28.31,False,200,
1787684593.7758412,container,30.0,30.0,26.721,False,200,
1787684593.8091745,container,30.0,30.0,34.937,False,200,
1787684593.8425078,container,30.0,30.0,28.442,False,200,
1787684593.8758411,container,30.0,30.0,31.986,False,200,
1787684593.9091744,container,30.0,30.0,22.145,False,200,
1787684593.9425077,container,30.0,30.0,22.558,False,200,
1787684593.9758413,container,30.0,30.0,33.979,False,200,
1787684594.0091746,container,30.0,30.0,26.01,False,200,
1787684594.042508,container,30.0,30.0,33.303,False,200,
1787684594.0758412,container,30.0,30.0,34.167,False,200,
1787684594.1091745,container,30.0,30.0,29.095,False,200,
1787684594.1425078,container,30.0,30.0,31.807,False,200,
1787684594.175841,container,30.0,30.0,26.56,False,200,
1787684594.2091744,container,30.0,30.0,29.987,False,200,
1787684594.242508,container,30.0,30.0,26.528,False,200,
1787684594.2758412,container,30.0,30.0,32.595,False,200,
1787684594.3091745,container,30.0,30.0,33.06,False,200,
1787684594.3425078,container,30.0,30.0,31.19,False,200,
1787684594.3758411,container,30.0,30.0,25.918,False,200,
1787684594.4091744,container,30.0,30.0,32.346,False,200,
1787684594.4425077,container,30.0,30.0,29.776,False,200,
1787684594.4758413,container,30.0,30.0,26.815,False,200,
1787684594.5091746,container,30.0,30.0,24.853,False,200,
1787684594.542508,container,30.0,30.0,25.512,False,200,
1787684594.5758412,container,30.0,30.0,27.707,False,200,
1787684594.6091745,container,30.0,30.0,44.064,False,200,
1787684594.6425078,container,30.0,30.0,29.126,False,200,
1787684594.675841,container,30.0,30.0,37.358,False,200,
1787684594.7091744,container,30.0,30.0,34.206,False,200,
1787684594.742508,container,30.0,30.0,30.192,False,200,
1787684594.7758412,container,30.0,30.0,27.268,False,200,
1787684594.8091745,container,30.0,30.0,28.158,False,200,
1787684594.8425078,container,30.0,30.0,42.898,False,200,
1787684594.8758411,container,30.0,30.0,31.306,False,200,
1787684594.9091744,container,30.0,30.0,28.022,False,200,
1787684594.9425077,container,30.0,30.0,23.777,False,200,
1787684594.9758413,container,30.0,30.0,24.63,False,200,
1787684595.0091746,container,30.0,30.0,25.059,False,200,
1787684595.042508,container,30.0,30.0,37.955,False,200,
1787684595.0758412,container,30.0,30.0,30.265,False,200,
1787684595.1091745,container,30.0,30.0,29.771,False,200,
1787684595.1425078,container,30.0,30.0,37.268,False,200,
1787684595.175841,container,30.0,30.0,29.074,False,200,
1787684595.2091744,container,30.0,30.0,37.804,False,200,
1787684595.242508,container,30.0,30.0,25.715,False,200,
1787684595.2758412,container,30.0,30.0,23.768,False,200,
1787684595.3091745,container,30.0,30.0,35.597,False,200,
1787684595.3425078,container,30.0,30.0,21.739,False,200,
1787684595.3758411,container,30.0,30.0,29.425,False,200,
1787684595.4091744,container,30.0,30.0,30.85,False,200,
1787684595.4425077,container,30.0,30.0,27.557,False,200,
1787684595.4758413,container,30.0,30.0,30.075,False,200,
1787684595.5091746,container,30.0,30.0,28.112,False,200,
1787684595.542508,container,30.0,30.0,19.947,False,200,
1787684595.5758412,container,30.0,30.0,41.699,False,200,
1787684595.6091745,container,30.0,30.0,30.882,False,200,
1787684595.6425078,container,30.0,30.0,31.097,False,200,
1787684595.675841,container,30.0,30.0,29.678,False,200,
1787684595.7091744,container,30.0,30.0,38.806,False,200,
1787684595.742508,container,30.0,30.0,38.589,False,200,
1787684595.7758412,container,30.0,30.0,32.809,False,200,
1787684595.8091745,container,30.0,30.0,28.64,False,200,
1787684595.8425078,container,30.0,30.0,30.11,False,200,
1787684595.8758411,container,30.0,30.0,31.692,False,200,
1787684595.9091744,container,30.0,30.0,29.694,False,200,
1787684595.9425077,container,30.0,30.0,35.297,False,200,
1787684595.9758413,container,30.0,30.0,30.682,False,200,
1787684596.0091746,container,30.0,30.0,31.558,False,200,
1787684596.042508,container,30.0,30.0,29.966,False,200,
1787684596.0758412,container,30.0,30.0,23.803,False,200,
1787684596.1091745,container,30.0,30.0,26.322,False,200,
1787684596.1425078,container,30.0,30.0,33.042,False,200,
1787684596.175841,container,30.0,30.0,28.611,False,200,
1787684596.2091744,container,30.0,30.0,33.434,False,200,
1787684596.242508,container,30.0,30.0,27.785,False,200,
1787684596.2758412,container,30.0,30.0,20.342,False,200,
1787684596.3091745,container,30.0,30.0,27.373,False,200,
1787684596.3425078,container,30.0,30.0,31.564,False,200,
1787684596.3758411,container,30.0,30.0,26.23,False,200,
1787684596.4091744,container,30.0,30.0,30.414,False,200,
1787684596.4425077,container,30.0,30.0,27.464,False,200,
1787684596.4758413,container,30.0,30.0,27.809,False,200,
1787684596.5091746,container,30.0,30.0,30.018,False,200,
1787684596.542508,container,30.0,30.0,31.333,False,200,
1787684596.5758412,container,30.0,30.0,28.402,False,200,
1787684596.6091745,container,30.0,30.0,39.027,False,200,
1787684596.6425078,container,30.0,30.0,27.767,False,200,
1787684596.675841,container,30.0,30.0,36.113,False,200,
1787684596.7091744,container,30.0,30.0,26.208,False,200,
1787684596.742508,container,30.0,30.0,32.039,False,200,
1787684596.7758412,container,30.0,30.0,24.164,False,200,
1787684596.8091745,container,30.0,30.0,29.145,False,200,
1787684596.8425078,container,30.0,30.0,31.207,False,200,
1787684596.8758411,container,30.0,30.0,30.63,False,200,
1787684596.9091744,container,30.0,30.0,32.383,False,200,
1787684596.9425077,container,30.0,30.0,26.85,False,200,
1787684596.9758413,container,30.0,30.0,26.611,False,200,
1787684597.0091746,container,30.0,30.0,26.685,False,200,
1787684597.042508,container,30.0,30.0,33.965,False,200,
1787684597.0758412,container,30.0,30.0,28.1,False,200,
1787684597.1091745,container,30.0,30.0,31.565,False,200,
1787684597.1425078,container,30.0,30.0,27.647,False,200,
1787684597.175841,container,30.0,30.0,28.747,False,200,
1787684597.2091744,container,30.0,30.0,28.283,False,200,
1787684597.242508,container,30.0,30.0,32.198,False,200,
1787684597.2758412,container,30.0,30.0,32.658,False,200,
1787684597.3091745,container,30.0,30.0,31.174,False,200,
1787684597.3425078,container,30.0,30.0,28.944,False,200,
1787684597.3758411,container,30.0,30.0,30.2,False,200,
1787684597.4091744,container,30.0,30.0,32.176,False,200,
1787684597.4425077,container,30.0,30.0,28.812,False,200,
1787684597.4758413,container,30.0,30.0,36.639,False,200,
1787684597.5091746,container,30.0,30.0,34.356,False,200,
1787684597.542508,container,30.0,30.0,33.68,False,200,
1787684597.5758412,container,30.0,30.0,24.218,False,200,
1787684597.6091745,container,30.0,30.0,34.679,False,200,
1787684597.6425078,container,30.0,30.0,33.867,False,200,
1787684597.675841,container,30.0,30.0,24.719,False,200,
1787684597.7091744,container,30.0,30.0,27.098,False,200,
1787684597.742508,container,30.0,30.0,37.195,False,200,
1787684597.7758412,container,30.0,30.0,26.643,False,200,
1787684597.8091745,container,30.0,30.0,29.589,False,200,
1787684597.8425078,container,30.0,30.0,32.743,False,200,
1787684597.8758411,container,30.0,30.0,30.657,False,200,
1787684597.9091744,container,30.0,30.0,32.29,False,200,
1787684597.9425077,container,30.0,30.0,22.705,False,200,
1787684597.9758413,container,30.0,30.0,29.462,False,200,
1787684598.0091746,container,30.0,30.0,29.16,False,200,
1787684598.042508,container,30.0,30.0,29.954,False,200,
1787684598.0758412,container,30.0,30.0,30.023,False,200,
1787684598.1091745,container,30.0,30.0,38.613,False,200,
1787684598.1425078,container,30.0,30.0,25.013,False,200,
1787684598.175841,container,30.0,30.0,36.028,False,200,
1787684598.2091744,container,30.0,30.0,35.625,False,200,
1787684598.242508,container,30.0,30.0,34.101,False,200,
1787684598.2758412,container,30.0,30.0,26.728,False,200,
1787684598.3091745,container,30.0,30.0,28.914,False,200,
1787684598.3425078,container,30.0,30.0,34.862,False,200,
1787684598.3758411,container,30.0,30.0,34.99,False,200,
1787684598.4091744,container,30.0,30.0,30.906,False,200,
1787684598.4425077,container,30.0,30.0,35.274,False,200,
1787684598.4758413,container,30.0,30.0,28.842,False,200,
1787684598.5091746,container,30.0,30.0,31.419,False,200,
1787684598.542508,container,30.0,30.0,37.243,False,200,
1787684598.5758412,container,30.0,30.0,32.879,False,200,
1787684598.6091745,container,30.0,30.0,24.228,False,200,
1787684598.6425078,container,30.0,30.0,23.372,False,200,
1787684598.675841,container,30.0,30.0,28.071,False,200,
1787684598.7091744,container,30.0,30.0,24.689,False,200,
1787684598.742508,container,30.0,30.0,29.81,False,200,
1787684598.7758412,container,30.0,30.0,26.84,False,200,
1787684598.8091745,container,30.0,30.0,24.322,False,200,
1787684598.8425078,container,30.0,30.0,26.749,False,200,
1787684598.8758411,container,30.0,30.0,31.306,False,200,
1787684598.9091744,container,30.0,30.0,26.877,False,200,
1787684598.9425077,container,30.0,30.0,30.19,False,200,
1787684598.9758413,container,30.0,30.0,28.32,False,200,
1787684599.0091746,container,30.0,30.0,30.217,False,200,
1787684599.042508,container,30.0,30.0,32.231,False,200,
1787684599.0758412,container,30.0,30.0,31.913,False,200,
1787684599.1091745,container,30.0,30.0,33.717,False,200,
1787684599.1425078,container,30.0,30.0,32.689,False,200,
1787684599.175841,container,30.0,30.0,30.737,False,200,
1787684599.2091744,container,30.0,30.0,27.536,False,200,
1787684599.242508,container,30.0,30.0,25.167,False,200,
1787684599.2758412,container,30.0,30.0,32.896,False,200,
1787684599.3091745,container,30.0,30.0,31.35,False,200,
1787684599.3425078,container,30.0,30.0,25.816,False,200,
1787684599.3758411,container,30.0,30.0,28.63,False,200,
1787684599.4091744,container,30.0,30.0,33.404,False,200,
1787684599.4425077,container,30.0,30.0,32.336,False,200,
1787684599.4758413,container,30.0,30.0,36.347,False,200,
1787684599.5091746,container,30.0,30.0,30.016,False,200,
1787684599.542508,container,30.0,30.0,22.562,False,200,
1787684599.5758412,container,30.0,30.0,28.966,False,200,
1787684599.6091745,container,30.0,30.0,30.244,False,200,
1787684599.6425078,container,30.0,30.0,26.808,False,200,
1787684599.675841,container,30.0,30.0,24.432,False,200,
1787684599.7091744,container,30.0,30.0,28.355,False,200,
1787684599.742508,container,30.0,30.0,24.554,False,200,
1787684599.7758412,container,30.0,30.0,27.068,False,200,
1787684599.8091745,container,30.0,30.0,28.686,False,200,
1787684599.8425078,container,30.0,30.0,28.711,False,200,
1787684599.8758411,container,30.0,30.0,23.829,False,200,
1787684599.9091744,container,30.0,30.0,29.333,False,200,
1787684599.9425077,container,30.0,30.0,31.869,False,200,
1787684599.9758413,container,30.0,30.0,40.913,False,200,
1787684600.0091746,container,30.0,30.0,33.211,False,200,
1787684600.042508,container,30.0,30.0,31.853,False,200,
1787684600.0758412,container,30.0,30.0,30.403,False,200,
1787684600.1091745,container,30.0,30.0,37.406,False,200,
1787684600.1425078,container,30.0,30.0,36.399,False,200,
1787684600.175841,container,30.0,30.0,30.13,False,200,
1787684600.2091744,container,30.0,30.0,27.199,False,200,
1787684600.242508,container,30.0,30.0,31.347,False,200,
1787684600.2758412,container,30.0,30.0,30.629,False,200,
1787684600.3091745,container,30.0,30.0,40.17,False,200,
1787684600.3425078,container,30.0,30.0,35.102,False,200,
1787684600.3758411,container,30.0,30.0,26.914,False,200,
1787684600.4091744,container,30.0,30.0,33.545,False,200,
1787684600.4425077,container,30.0,30.0,27.369,False,200,
1787684600.4758413,container,30.0,30.0,32.551,False,200,
1787684600.5091746,container,30.0,30.0,33.276,False,200,
1787684600.542508,container,30.0,30.0,26.586,False,200,
1787684600.5758412,container,30.0,30.0,34.591,False,200,
1787684600.6091745,container,30.0,30.0,34.503,False,200,
1787684600.6425078,container,30.0,30.0,39.873,False,200,
1787684600.675841,container,30.0,30.0,33.345,False,200,
1787684600.7091744,container,30.0,30.0,28.568,False,200,
1787684600.742508,container,30.0,30.0,29.191,False,200,
1787684600.7758412,container,30.0,30.0,35.109,False,200,
1787684600.8091745,container,30.0,30.0,33.87,False,200,
1787684600.8425078,container,30.0,30.0,25.905,False,200,
1787684600.8758411,container,30.0,30.0,26.693,False,200,
1787684600.9091744,container,30.0,30.0,38.0,False,200,
1787684600.9425077,container,30.0,30.0,23.096,False,200,
1787684600.9758413,container,30.0,30.0,27.267,False,200,
1787684601.0091746,container,30.0,30.0,32.18,False,200,
1787684601.042508,container,30.0,30.0,32.753,False,200,
1787684601.0758412,container,30.0,30.0,27.708,False,200,
1787684601.1091745,container,30.0,30.0,24.743,False,200,
1787684601.1425078,container,30.0,30.0,29.706,False,200,
1787684601.175841,container,30.0,30.0,31.416,False,200,
1787684601.2091744,container,30.0,30.0,38.383,False,200,
1787684601.242508,container,30.0,30.0,34.972,False,200,
1787684601.2758412,container,30.0,30.0,31.58,False,200,
1787684601.3091745,container,30.0,30.0,24.331,False,200,
1787684601.3425078,container,30.0,30.0,37.432,False,200,
1787684601.3758411,container,30.0,30.0,24.753,False,200,
1787684601.4091744,container,30.0,30.0,30.898,False,200,
1787684601.4425077,container,30.0,30.0,30.287,False,200,
1787684601.4758413,container,30.0,30.0,30.468,False,200,
1787684601.5091746,container,30.0,30.0,27.3,False,200,
1787684601.542508,container,30.0,30.0,31.239,False,200,
1787684601.5758412,container,30.0,30.0,31.874,False,200,
1787684601.6091745,container,30.0,30.0,27.817,False,200,
1787684601.6425078,container,30.0,30.0,29.143,False,200,
1787684601.675841,container,30.0,30.0,35.565,False,200,
1787684601.7091744,container,30.0,30.0,27.406,False,200,
1787684601.742508,container,30.0,30.0,35.806,False,200,
1787684601.7758412,container,30.0,30.0,31.286,False,200,
1787684601.8091745,container,30.0,30.0,31.278,False,200,
1787684601.8425078,container,30.0,30.0,33.561,False,200,
1787684601.8758411,container,30.0,30.0,27.257,False,200,
1787684601.9091744,container,30.0,30.0,31.29,False,200,
1787684601.9425077,container,30.0,30.0,23.571,False,200,
1787684601.9758413,container,30.0,30.0,32.934,False,200,
1787684602.0091746,container,30.0,30.0,32.311,False,200,
1787684602.042508,container,30.0,30.0,26.981,False,200,
1787684602.0758412,container,30.0,30.0,28.769,False,200,
1787684602.1091745,container,30.0,30.0,34.774,False,200,
1787684602.1425078,container,30.0,30.0,29.417,False,200,
1787684602.175841,container,30.0,30.0,29.063,False,200,
1787684602.2091744,container,30.0,30.0,31.344,False,200,
1787684602.242508,container,30.0,30.0,36.131,False,200,
1787684602.2758412,container,30.0,30.0,35.065,False,200,
1787684602.3091745,container,30.0,30.0,32.431,False,200,
1787684602.3425078,container,30.0,30.0,21.617,False,200,
1787684602.3758411,container,30.0,30.0,27.637,False,200,
1787684602.4091744,container,30.0,30.0,29.618,False,200,
1787684602.4425077,container,30.0,30.0,27.972,False,200,
1787684602.4758413,container,30.0,30.0,36.752,False,200,
1787684602.5091746,container,30.0,30.0,28.771,False,200,
1787684602.542508,container,30.0,30.0,33.411,False,200,
1787684602.5758412,container,30.0,30.0,26.713,False,200,
1787684602.6091745,container,30.0,30.0,35.612,False,200,
1787684602.6425078,container,30.0,30.0,33.997,False,200,
1787684602.675841,container,30.0,30.0,33.929,False,200,
1787684602.7091744,container,30.0,30.0,33.873,False,200,
1787684602.742508,container,30.0,30.0,26.993,False,200,
1787684602.7758412,container,30.0,30.0,32.135,False,200,
1787684602.8091745,container,30.0,30.0,38.112,False,200,
1787684602.8425078,container,30.0,30.0,29.645,False,200,
1787684602.8758411,container,30.0,30.0,31.646,False,200,
1787684602.9091744,container,30.0,30.0,30.644,False,200,
1787684602.9425077,container,30.0,30.0,25.237,False,200,
1787684602.9758413,container,30.0,30.0,30.473,False,200,
1787684603.0091746,container,30.0,30.0,35.876,False,200,
1787684603.042508,container,30.0,30.0,31.12,False,200,
1787684603.0758412,container,30.0,30.0,27.423,False,200,
1787684603.1091745,container,30.0,30.0,27.385,False,200,
1787684603.1425078,container,30.0,30.0,34.078,False,200,
1787684603.175841,container,30.0,30.0,24.965,False,200,
1787684603.2091744,container,30.0,30.0,26.044,False,200,
1787684603.242508,container,30.0,30.0,28.453,False,200,
1787684603.2758412,container,30.0,30.0,30.541,False,200,
1787684603.3091745,container,30.0,30.0,39.139,False,200,
1787684603.3425078,container,30.0,30.0,29.877,False,200,
1787684603.3758411,container,30.0,30.0,35.763,False,200,
1787684603.4091744,container,30.0,30.0,28.249,False,200,
1787684603.4425077,container,30.0,30.0,26.573,False,200,
1787684603.4758413,container,30.0,30.0,32.128,False,200,
1787684603.5091746,container,30.0,30.0,32.707,False,200,
1787684603.542508,container,30.0,30.0,20.698,False,200,
1787684603.5758412,container,30.0,30.0,31.907,False,200,
1787684603.6091745,container,30.0,30.0,23.14,False,200,
1787684603.6425078,container,30.0,30.0,25.73,False,200,
1787684603.675841,container,30.0,30.0,26.464,False,200,
1787684603.7091744,container,30.0,30.0,31.966,False,200,
1787684603.742508,container,30.0,30.0,29.55,False,200,
1787684603.7758412,container,30.0,30.0,36.792,False,200,
1787684603.8091745,container,30.0,30.0,27.057,False,200,
1787684603.8425078,container,30.0,30.0,23.695,False,200,
1787684603.8758411,container,30.0,30.0,31.053,False,200,
1787684603.9091744,container,30.0,30.0,27.348,False,200,
1787684603.9425077,container,30.0,30.0,29.815,False,200,
1787684603.9758413,container,30.0,30.0,30.472,False,200,
1787684604.0091746,container,30.0,30.0,30.848,False,200,
1787684604.042508,container,30.0,30.0,32.914,False,200,
1787684604.0758412,container,30.0,30.0,24.822,False,200,
1787684604.1091745,container,30.0,30.0,25.163,False,200,
1787684604.1425078,container,30.0,30.0,26.799,False,200,
1787684604.175841,container,30.0,30.0,40.198,False,200,
1787684604.2091744,container,30.0,30.0,33.641,False,200,
1787684604.242508,container,30.0,30.0,30.171,False,200,
1787684604.2758412,container,30.0,30.0,41.01,False,200,
1787684604.3091745,container,30.0,30.0,32.521,False,200,
1787684604.3425078,container,30.0,30.0,34.489,False,200,
1787684604.3758411,container,30.0,30.0,32.721,False,200,
1787684604.4091744,container,30.0,30.0,34.995,False,200,
1787684604.4425077,container,30.0,30.0,24.174,False,200,
1787684604.4758413,container,30.0,30.0,27.117,False,200,
1787684604.5091746,container,30.0,30.0,31.713,False,200,
1787684604.542508,container,30.0,30.0,22.723,False,200,
1787684604.5758412,container,30.0,30.0,32.861,False,200,
1787684604.6091745,container,30.0,30.0,31.522,False,200,
1787684604.6425078,container,30.0,30.0,31.428,False,200,
1787684604.675841,container,30.0,30.0,24.493,False,200,
1787684604.7091744,container,30.0,30.0,30.686,False,200,
1787684604.742508,container,30.0,30.0,30.914,False,200,
1787684604.7758412,container,30.0,30.0,30.042,False,200,
1787684604.8091745,container,30.0,30.0,32.393,False,200,
1787684604.8425078,container,30.0,30.0,39.637,False,200,
1787684604.8758411,container,30.0,30.0,24.664,False,200,
1787684604.9091744,container,30.0,30.0,37.711,False,200,
1787684604.9425077,container,30.0,30.0,26.582,False,200,
1787684604.9758413,container,30.0,30.0,31.257,False,200,
1787684605.0091746,container,30.0,30.0,27.84,False,200,
1787684605.042508,container,30.0,30.0,29.806,False,200,
1787684605.0758412,container,30.0,30.0,22.811,False,200,
1787684605.1091745,container,30.0,30.0,33.367,False,200,
1787684605.1425078,container,30.0,30.0,30.556,False,200,
1787684605.175841,container,30.0,30.0,33.947,False,200,
1787684605.2091744,container,30.0,30.0,29.605,False,200,
1787684605.242508,container,30.0,30.0,37.159,False,200,
1787684605.2758412,container,30.0,30.0,33.484,False,200,
1787684605.3091745,container,30.0,30.0,28.462,False,200,
1787684605.3425078,container,30.0,30.0,21.008,False,200,
1787684605.3758411,container,30.0,30.0,37.938,False,200,
1787684605.4091744,container,30.0,30.0,37.663,False,200,
1787684605.4425077,container,30.0,30.0,38.163,False,200,
1787684605.4758413,container,30.0,30.0,27.262,False,200,
1787684605.5091746,container,30.0,30.0,28.888,False,200,
1787684605.542508,container,30.0,30.0,25.454,False,200,
1787684605.5758412,container,30.0,30.0,33.473,False,200,
1787684605.6091745,container,30.0,30.0,32.817,False,200,
1787684605.6425078,container,30.0,30.0,38.198,False,200,
1787684605.675841,container,30.0,30.0,33.579,False,200,
1787684605.7091744,container,30.0,30.0,29.033,False,200,
1787684605.742508,container,30.0,30.0,27.436,False,200,
1787684605.7758412,container,30.0,30.0,28.546,False,200,
1787684605.8091745,container,30.0,30.0,29.283,False,200,
1787684605.8425078,container,30.0,30.0,26.197,False,200,
1787684605.8758411,container,30.0,30.0,24.798,False,200,
1787684605.9091744,container,30.0,30.0,22.955,False,200,
1787684605.9425077,container,30.0,30.0,26.483,False,200,
1787684605.9758413,container,30.0,30.0,31.868,False,200,
1787684606.0091746,container,30.0,30.0,38.959,False,200,
1787684606.042508,container,30.0,30.0,29.848,False,200,
1787684606.0758412,container,30.0,30.0,31.243,False,200,
1787684606.1091745,container,30.0,30.0,29.272,False,200,
1787684606.1425078,container,30.0,30.0,37.636,False,200,
1787684606.175841,container,30.0,30.0,28.086,False,200,
1787684606.2091744,container,30.0,30.0,30.087,False,200,
1787684606.242508,container,30.0,30.0,29.936,False,200,
1787684606.2758412,container,30.0,30.0,34.656,False,200,
1787684606.3091745,container,30.0,30.0,31.951,False,200,
1787684606.3425078,container,30.0,30.0,30.931,False,200,
1787684606.3758411,container,30.0,30.0,26.6,False,200,
1787684606.4091744,container,30.0,30.0,23.584,False,200,
1787684606.4425077,container,30.0,30.0,30.304,False,200,
1787684606.4758413,container,30.0,30.0,20.03,False,200,
1787684606.5091746,container,30.0,30.0,30.147,False,200,
1787684606.542508,container,30.0,30.0,24.511,False,200,
1787684606.5758412,container,30.0,30.0,30.099,False,200,
1787684606.6091745,container,30.0,30.0,22.305,False,200,
1787684606.6425078,container,30.0,30.0,24.748,False,200,
1787684606.675841,container,30.0,30.0,24.163,False,200,
1787684606.7091744,container,30.0,30.0,27.484,False,200,
1787684606.742508,container,30.0,30.0,29.579,False,200,
1787684606.7758412,container,30.0,30.0,29.8,False,200,
1787684606.8091745,container,30.0,30.0,31.703,False,200,
1787684606.8425078,container,30.0,30.0,26.876,False,200,
1787684606.8758411,container,30.0,30.0,35.24,False,200,
1787684606.9091744,container,30.0,30.0,34.344,False,200,
1787684606.9425077,container,30.0,30.0,26.32,False,200,
1787684606.9758413,container,30.0,30.0,23.095,False,200,
1787684607.0091746,container,30.0,30.0,37.143,False,200,
1787684607.042508,container,30.0,30.0,34.75,False,200,
1787684607.0758412,container,30.0,30.0,40.49,False,200,
1787684607.1091745,container,30.0,30.0,25.655,False,200,
1787684607.1425078,container,30.0,30.0,22.814,False,200,
1787684607.175841,container,30.0,30.0,19.639,False,200,
1787684607.2091744,container,30.0,30.0,23.741,False,200,
1787684607.242508,container,30.0,30.0,32.078,False,200,
1787684607.2758412,container,30.0,30.0,31.653,False,200,
1787684607.3091745,container,30.0,30.0,35.476,False,200,
1787684607.3425078,container,30.0,30.0,27.459,False,200,
1787684607.3758411,container,30.0,30.0,37.846,False,200,
1787684607.4091744,container,30.0,30.0,23.971,False,200,
1787684607.4425077,container,30.0,30.0,31.495,False,200,
1787684607.4758413,container,30.0,30.0,28.681,False,200,
1787684607.5091746,container,30.0,30.0,30.824,False,200,
1787684607.542508,container,30.0,30.0,24.666,False,200,
1787684607.5758412,container,30.0,30.0,26.805,False,200,
1787684607.6091745,container,30.0,30.0,29.417,False,200,
1787684607.6425078,container,30.0,30.0,34.939,False,200,
1787684607.675841,container,30.0,30.0,31.143,False,200,
1787684607.7091744,container,30.0,30.0,38.3,False,200,
1787684607.742508,container,30.0,30.0,28.709,False,200,
1787684607.7758412,container,30.0,30.0,28.726,False,200,
1787684607.8091745,container,30.0,30.0,21.753,False,200,
1787684607.8425078,container,30.0,30.0,29.251,False,200,
1787684607.8758411,container,30.0,30.0,22.654,False,200,
1787684607.9091744,container,30.0,30.0,32.093,False,200,
1787684607.9425077,container,30.0,30.0,24.589,False,200,
1787684607.9758413,container,30.0,30.0,28.523,False,200,
1787684608.0091746,container,30.0,30.0,27.412,False,200,
1787684608.042508,container,30.0,30.0,24.837,False,200,
1787684608.0758412,container,30.0,30.0,27.033,False,200,
1787684608.1091745,container,30.0,30.0,36.759,False,200,
1787684608.1425078,container,30.0,30.0,28.477,False,200,
1787684608.175841,container,30.0,30.0,41.847,False,200,
1787684608.2091744,container,30.0,30.0,40.63,False,200,
1787684608.242508,container,30.0,30.0,33.2,False,200,
1787684608.2758412,container,30.0,30.0,32.141,False,200,
1787684608.3091745,container,30.0,30.0,34.819,False,200,
1787684608.3425078,container,30.0,30.0,34.504,False,200,
1787684608.3758411,container,30.0,30.0,39.974,False,200,
1787684608.4091744,container,30.0,30.0,30.806,False,200,
1787684608.4425077,container,30.0,30.0,28.897,False,200,
1787684608.4758413,container,30.0,30.0,33.589,False,200,
1787684608.5091746,container,30.0,30.0,31.155,False,200,
1787684608.542508,container,30.0,30.0,34.699,False,200,
1787684608.5758412,container,30.0,30.0,32.768,False,200,
1787684608.6091745,container,30.0,30.0,29.813,False,200,
1787684608.6425078,container,30.0,30.0,30.9,False,200,
1787684608.675841,container,30.0,30.0,27.38,False,200,
1787684608.7091744,container,30.0,30.0,30.053,False,200,
1787684608.742508,container,30.0,30.0,26.776,False,200,
1787684608.7758412,container,30.0,30.0,25.822,False,200,
1787684608.8091745,container,30.0,30.0,29.73,False,200,
1787684608.8425078,container,30.0,30.0,23.82,False,200,
1787684608.8758411,container,30.0,30.0,33.396,False,200,
1787684608.9091744,container,30.0,30.0,30.304,False,200,
1787684608.9425077,container,30.0,30.0,29.875,False,200,
1787684608.9758413,container,30.0,30.0,23.263,False,200,
1787684609.0091746,container,30.0,30.0,32.206,False,200,
1787684609.042508,container,30.0,30.0,23.9,False,200,
1787684609.0758412,container,30.0,30.0,30.153,False,200,
1787684609.1091745,container,30.0,30.0,30.906,False,200,
1787684609.1425078,container,30.0,30.0,29.453,False,200,
1787684609.175841,container,30.0,30.0,28.541,False,200,
1787684609.2091744,container,30.0,30.0,28.047,False,200,
1787684609.242508,container,30.0,30.0,31.977,False,200,
1787684609.2758412,container,30.0,30.0,37.009,False,200,
1787684609.3091745,container,30.0,30.0,29.645,False,200,
1787684609.3425078,container,30.0,30.0,31.105,False,200,
1787684609.3758411,container,30.0,30.0,30.771,False,200,
1787684609.4091744,container,30.0,30.0,33.916,False,200,
1787684609.4425077,container,30.0,30.0,33.921,False,200,
1787684609.4758413,container,30.0,30.0,25.271,False,200,
1787684609.5091746,container,30.0,30.0,31.394,False,200,
1787684609.542508,container,30.0,30.0,29.549,False,200,
1787684609.5758412,container,30.0,30.0,29.306,False,200,
1787684609.6091745,container,30.0,30.0,38.484,False,200,
1787684609.6425078,container,30.0,30.0,24.696,False,200,
1787684609.675841,container,30.0,30.0,36.988,False,200,
1787684609.7091744,container,30.0,30.0,32.936,False,200,
1787684609.742508,container,30.0,30.0,37.065,False,200,
1787684609.7758412,container,30.0,30.0,29.149,False,200,
1787684609.8091745,container,30.0,30.0,27.265,False,200,
1787684609.8425078,container,30.0,30.0,37.227,False,200,
1787684609.8758411,container,30.0,30.0,26.347,False,200,
1787684609.9091744,container,30.0,30.0,40.054,False,200,
1787684609.9425077,container,30.0,30.0,25.929,False,200,
1787684609.9758413,container,30.0,30.0,29.874,False,200,
1787684610.0091746,container,30.0,30.0,28.049,False,200,
1787684610.042508,container,30.0,30.0,30.954,False,200,
1787684610.0758412,container,30.0,30.0,26.807,False,200,
1787684610.1091745,container,30.0,30.0,27.239,False,200,
1787684610.1425078,container,30.0,30.0,21.652,False,200,
1787684610.175841,container,30.0,30.0,30.595,False,200,
1787684610.2091744,container,30.0,30.0,25.618,False,200,
1787684610.242508,container,30.0,30.0,26.616,False,200,
1787684610.2758412,container,30.0,30.0,25.871,False,200,
1787684610.3091745,container,30.0,30.0,35.172,False,200,
1787684610.3425078,container,30.0,30.0,34.972,False,200,
1787684610.3758411,container,30.0,30.0,33.428,False,200,
1787684610.4091744,container,30.0,30.0,38.799,False,200,
1787684610.4425077,container,30.0,30.0,29.966,False,200,
1787684610.4758413,container,30.0,30.0,25.731,False,200,
1787684610.5091746,container,30.0,30.0,23.682,False,200,
1787684610.542508,container,30.0,30.0,23.681,False,200,
1787684610.5758412,container,30.0,30.0,22.102,False,200,
1787684610.6091745,container,30.0,30.0,32.38,False,200,
1787684610.6425078,container,30.0,30.0,22.382,False,200,
1787684610.675841,container,30.0,30.0,27.701,False,200,
1787684610.7091744,container,30.0,30.0,36.162,False,200,
1787684610.742508,container,30.0,30.0,30.74,False,200,
1787684610.7758412,container,30.0,30.0,34.392,False,200,
1787684610.8091745,container,30.0,30.0,28.013,False,200,
1787684610.8425078,container,30.0,30.0,37.893,False,200,
1787684610.8758411,container,30.0,30.0,31.322,False,200,
1787684610.9091744,container,30.0,30.0,27.021,False,200,
1787684610.9425077,container,30.0,30.0,30.322,False,200,
1787684610.9758413,container,30.0,30.0,21.168,False,200,
1787684611.0091746,container,30.0,30.0,30.136,False,200,
1787684611.042508,container,30.0,30.0,33.927,False,200,
1787684611.0758412,container,30.0,30.0,32.205,False,200,
1787684611.1091745,container,30.0,30.0,27.465,False,200,
1787684611.1425078,container,30.0,30.0,27.256,False,200,
1787684611.175841,container,30.0,30.0,32.741,False,200,
1787684611.2091744,container,30.0,30.0,33.704,False,200,
1787684611.242508,container,30.0,30.0,30.109,False,200,
1787684611.2758412,container,30.0,30.0,35.55,False,200,
1787684611.3091745,container,30.0,30.0,20.801,False,200,
1787684611.3425078,container,30.0,30.0,28.57,False,200,
1787684611.3758411,container,30.0,30.0,26.569,False,200,
1787684611.4091744,container,30.0,30.0,28.314,False,200,
1787684611.4425077,container,30.0,30.0,33.108,False,200,
1787684611.4758413,container,30.0,30.0,27.464,False,200,
1787684611.5091746,container,30.0,30.0,29.142,False,200,
1787684611.542508,container,30.0,30.0,22.291,False,200,
1787684611.5758412,container,30.0,30.0,38.311,False,200,
1787684611.6091745,container,30.0,30.0,43.988,False,200,
1787684611.6425078,container,30.0,30.0,31.222,False,200,
1787684611.675841,container,30.0,30.0,29.874,False,200,
1787684611.7091744,container,30.0,30.0,30.102,False,200,
1787684611.742508,container,30.0,30.0,31.103,False,200,
1787684611.7758412,container,30.0,30.0,24.021,False,200,
1787684611.8091745,container,30.0,30.0,44.127,False,200,
1787684611.8425078,container,30.0,30.0,36.39,False,200,
1787684611.8758411,container,30.0,30.0,32.338,False,200,
1787684611.9091744,container,30.0,30.0,27.524,False,200,
1787684611.9425077,container,30.0,30.0,32.299,False,200,
1787684611.9758413,container,30.0,30.0,28.788,False,200,
1787684612.0091746,container,30.0,30.0,29.864,False,200,
1787684612.042508,container,30.0,30.0,25.408,False,200,
1787684612.0758412,container,30.0,30.0,30.337,False,200,
1787684612.1091745,container,30.0,30.0,29.495,False,200,
1787684612.1425078,container,30.0,30.0,26.945,False,200,
1787684612.175841,container,30.0,30.0,36.268,False,200,
1787684612.2091744,container,30.0,30.0,29.158,False,200,
1787684612.242508,container,30.0,30.0,26.955,False,200,
1787684612.2758412,container,30.0,30.0,34.116,False,200,
1787684612.3091745,container,30.0,30.0,28.913,False,200,
1787684612.3425078,container,30.0,30.0,31.14,False,200,
1787684612.3758411,container,30.0,30.0,18.373,False,200,
1787684612.4091744,container,30.0,30.0,26.885,False,200,
1787684612.4425077,container,30.0,30.0,39.233,False,200,
1787684612.4758413,container,30.0,30.0,33.434,False,200,
1787684612.5091746,container,30.0,30.0,24.882,False,200,
1787684612.542508,container,30.0,30.0,25.408,False,200,
1787684612.5758412,container,30.0,30.0,26.402,False,200,
1787684612.6091745,container,30.0,30.0,32.028,False,200,
1787684612.6425078,container,30.0,30.0,35.226,False,200,
1787684612.675841,container,30.0,30.0,31.995,False,200,
1787684612.7091744,container,30.0,30.0,28.864,False,200,
1787684612.742508,container,30.0,30.0,34.223,False,200,
1787684612.7758412,container,30.0,30.0,32.967,False,200,
1787684612.8091745,container,30.0,30.0,31.782,False,200,
1787684612.8425078,container,30.0,30.0,31.468,False,200,
1787684612.8758411,container,30.0,30.0,24.689,False,200,
1787684612.9091744,container,30.0,30.0,32.115,False,200,
1787684612.9425077,container,30.0,30.0,28.27,False,200,
1787684612.9758413,container,30.0,30.0,29.491,False,200,
1787684613.0091746,container,30.0,30.0,27.511,False,200,
1787684613.042508,container,30.0,30.0,34.461,False,200,
1787684613.0758412,container,30.0,30.0,26.993,False,200,
1787684613.1091745,container,30.0,30.0,33.732,False,200,
1787684613.1425078,container,30.0,30.0,28.677,False,200,
1787684613.175841,container,30.0,30.0,34.064,False,200,
1787684613.2091744,container,30.0,30.0,40.544,False,200,
1787684613.242508,container,30.0,30.0,24.87,False,200,
1787684613.2758412,container,30.0,30.0,35.338,False,200,
1787684613.3091745,container,30.0,30.0,31.485,False,200,
1787684613.3425078,container,30.0,30.0,26.715,False,200,
1787684613.3758411,container,30.0,30.0,28.946,False,200,
1787684613.4091744,container,30.0,30.0,34.704,False,200,
1787684613.4425077,container,30.0,30.0,28.144,False,200,
1787684613.4758413,container,30.0,30.0,31.117,False,200,
1787684613.5091746,container,30.0,30.0,28.05,False,200,
1787684613.542508,container,30.0,30.0,29.107,False,200,
1787684613.5758412,container,30.0,30.0,26.868,False,200,
1787684613.6091745,container,30.0,30.0,27.889,False,200,
1787684613.6425078,container,30.0,30.0,24.35,False,200,
1787684613.675841,container,30.0,30.0,33.594,False,200,
1787684613.7091744,container,30.0,30.0,21.307,False,200,
1787684613.742508,container,30.0,30.0,34.107,False,200,
1787684613.7758412,container,30.0,30.0,30.465,False,200,
1787684613.8091745,container,30.0,30.0,21.127,False,200,
1787684613.8425078,container,30.0,30.0,31.432,False,200,
1787684613.8758411,container,30.0,30.0,32.515,False,200,
1787684613.9091744,container,30.0,30.0,26.58,False,200,
1787684613.9425077,container,30.0,30.0,33.046,False,200,
1787684613.9758413,container,30.0,30.0,38.893,False,200,
1787684614.0091746,container,30.0,30.0,41.334,False,200,
1787684614.042508,container,30.0,30.0,23.161,False,200,
1787684614.0758412,container,30.0,30.0,30.744,False,200,
1787684614.1091745,container,30.0,30.0,26.947,False,200,
1787684614.1425078,container,30.0,30.0,25.919,False,200,
1787684614.175841,container,30.0,30.0,30.931,False,200,
1787684614.2091744,container,30.0,30.0,27.195,False,200,
1787684614.242508,container,30.0,30.0,36.438,False,200,
1787684614.2758412,container,30.0,30.0,26.309,False,200,
1787684614.3091745,container,30.0,30.0,34.733,False,200,
1787684614.3425078,container,30.0,30.0,29.686,False,200,
1787684614.3758411,container,30.0,30.0,36.552,False,200,
1787684614.4091744,container,30.0,30.0,25.848,False,200,
1787684614.4425077,container,30.0,30.0,28.953,False,200,
1787684614.4758413,container,30.0,30.0,37.507,False,200,
1787684614.5091746,container,30.0,30.0,32.946,False,200,
1787684614.542508,container,30.0,30.0,39.06,False,200,
1787684614.5758412,container,30.0,30.0,29.423,False,200,
1787684614.6091745,container,30.0,30.0,25.743,False,200,
1787684614.6425078,container,30.0,30.0,27.895,False,200,
1787684614.675841,container,30.0,30.0,37.565,False,200,
1787684614.7091744,container,30.0,30.0,35.766,False,200,
1787684614.742508,container,30.0,30.0,21.362,False,200,
1787684614.7758412,container,30.0,30.0,31.049,False,200,
1787684614.8091745,container,30.0,30.0,30.389,False,200,
1787684614.8425078,container,30.0,30.0,27.964,False,200,
1787684614.8758411,container,30.0,30.0,27.104,False,200,
1787684614.9091744,container,30.0,30.0,33.735,False,200,
1787684614.9425077,container,30.0,30.0,28.213,False,200,
1787684614.9758413,container,30.0,30.0,33.263,False,200,
1787684615.0091746,container,30.0,30.0,23.152,False,200,
1787684615.042508,container,30.0,30.0,32.965,False,200,
1787684615.0758412,container,30.0,30.0,26.156,False,200,
1787684615.1091745,container,30.0,30.0,27.739,False,200,
1787684615.1425078,container,30.0,30.0,24.011,False,200,
1787684615.175841,container,30.0,30.0,29.43,False,200,
1787684615.2091744,container,30.0,30.0,43.407,False,200,
1787684615.242508,container,30.0,30.0,35.523,False,200,
1787684615.2758412,container,30.0,30.0,26.398,False,200,
1787684615.3091745,container,30.0,30.0,29.937,False,200,
1787684615.3425078,container,30.0,30.0,27.954,False,200,
1787684615.3758411,container,30.0,30.0,35.881,False,200,
1787684615.4091744,container,30.0,30.0,26.669,False,200,
1787684615.4425077,container,30.0,30.0,28.053,False,200,
1787684615.4758413,container,30.0,30.0,29.093,False,200,
1787684615.5091746,container,30.0,30.0,42.39,False,200,
1787684615.542508,container,30.0,30.0,34.625,False,200,
1787684615.5758412,container,30.0,30.0,27.198,False,200,
1787684615.6091745,container,30.0,30.0,32.054,False,200,
1787684615.6425078,container,30.0,30.0,35.045,False,200,
1787684615.675841,container,30.0,30.0,31.206,False,200,
1787684615.7091744,container,30.0,30.0,32.033,False,200,
1787684615.742508,container,30.0,30.0,29.738,False,200,
1787684615.7758412,container,30.0,30.0,32.448,False,200,
1787684615.8091745,container,30.0,30.0,41.717,False,200,
1787684615.8425078,container,30.0,30.0,24.113,False,200,
1787684615.8758411,container,30.0,30.0,31.875,False,200,
1787684615.9091744,container,30.0,30.0,26.07,False,200,
1787684615.9425077,container,30.0,30.0,30.509,False,200,
1787684615.9758413,container,30.0,30.0,28.134,False,200,
1787684616.0091746,container,30.0,30.0,21.921,False,200,
1787684616.042508,container,30.0,30.0,34.82,False,200,
1787684616.0758412,container,30.0,30.0,23.174,False,200,
1787684616.1091745,container,30.0,30.0,26.28,False,200,
1787684616.1425078,container,30.0,30.0,28.147,False,200,
1787684616.175841,container,30.0,30.0,38.797,False,200,
1787684616.2091744,container,30.0,30.0,26.928,False,200,
1787684616.242508,container,30.0,30.0,26.123,False,200,
1787684616.2758412,container,30.0,30.0,29.172,False,200,
1787684616.3091745,container,30.0,30.0,26.12,False,200,
1787684616.3425078,container,30.0,30.0,34.778,False,200,
1787684616.3758411,container,30.0,30.0,27.152,False,200,
1787684616.4091744,container,30.0,30.0,28.174,False,200,
1787684616.4425077,container,30.0,30.0,34.384,False,200,
1787684616.4758413,container,30.0,30.0,30.604,False,200,
1787684616.5091746,container,30.0,30.0,34.186,False,200,
1787684616.542508,container,30.0,30.0,35.005,False,200,
1787684616.5758412,container,30.0,30.0,31.562,False,200,
1787684616.6091745,container,30.0,30.0,35.501,False,200,
1787684616.6425078,container,30.0,30.0,28.081,False,200,
1787684616.675841,container,30.0,30.0,29.43,False,200,
1787684616.7091744,container,30.0,30.0,29.387,False,200,
1787684616.742508,container,30.0,30.0,31.619,False,200,
1787684616.7758412,container,30.0,30.0,37.214,False,200,
1787684616.8091745,container,30.0,30.0,27.375,False,200,
1787684616.8425078,container,30.0,30.0,36.117,False,200,
1787684616.8758411,container,30.0,30.0,24.564,False,200,
1787684616.9091744,container,30.0,30.0,29.45,False,200,
1787684616.9425077,container,30.0,30.0,28.875,False,200,
1787684616.9758413,container,30.0,30.0,37.623,False,200,
1787684617.0091746,container,30.0,30.0,28.603,False,200,
1787684617.042508,container,30.0,30.0,31.765,False,200,
1787684617.0758412,container,30.0,30.0,28.617,False,200,
1787684617.1091745,container,30.0,30.0,22.554,False,200,
1787684617.1425078,container,30.0,30.0,28.435,False,200,
1787684617.175841,container,30.0,30.0,19.554,False,200,
1787684617.2091744,container,30.0,30.0,27.305,False,200,
1787684617.242508,container,30.0,30.0,28.383,False,200,
1787684617.2758412,container,30.0,30.0,29.697,False,200,
1787684617.3091745,container,30.0,30.0,25.586,False,200,
1787684617.3425078,container,30.0,30.0,30.655,False,200,
1787684617.3758411,container,30.0,30.0,27.041,False,200,
1787684617.4091744,container,30.0,30.0,31.319,False,200,
1787684617.4425077,container,30.0,30.0,26.966,False,200,
1787684617.4758413,container,30.0,30.0,29.916,False,200,
1787684617.5091746,container,30.0,30.0,31.564,False,200,
1787684617.542508,container,30.0,30.0,26.072,False,200,
1787684617.5758412,container,30.0,30.0,20.493,False,200,
1787684617.6091745,container,30.0,30.0,32.27,False,200,
1787684617.6425078,container,30.0,30.0,29.759,False,200,
1787684617.675841,container,30.0,30.0,27.591,False,200,
1787684617.7091744,container,30.0,30.0,26.275,False,200,
1787684617.742508,container,30.0,30.0,22.053,False,200,
1787684617.7758412,container,30.0,30.0,31.563,False,200,
1787684617.8091745,container,30.0,30.0,27.429,False,200,
1787684617.8425078,container,30.0,30.0,31.106,False,200,
1787684617.8758411,container,30.0,30.0,29.533,False,200,
1787684617.9091744,container,30.0,30.0,27.35,False,200,
1787684617.9425077,container,30.0,30.0,33.478,False,200,
1787684617.9758413,container,30.0,30.0,31.497,False,200,
1787684618.0091746,container,30.0,30.0,29.645,False,200,
1787684618.042508,container,30.0,30.0,35.862,False,200,
1787684618.0758412,container,30.0,30.0,30.877,False,200,
1787684618.1091745,container,30.0,30.0,29.699,False,200,
1787684618.1425078,container,30.0,30.0,32.753,False,200,
1787684618.175841,container,30.0,30.0,23.205,False,200,
1787684618.2091744,container,30.0,30.0,40.497,False,200,
1787684618.242508,container,30.0,30.0,24.954,False,200,
1787684618.2758412,container,30.0,30.0,24.934,False,200,
1787684618.3091745,container,30.0,30.0,33.086,False,200,
1787684618.3425078,container,30.0,30.0,32.572,False,200,
1787684618.3758411,container,30.0,30.0,29.127,False,200,
1787684618.4091744,container,30.0,30.0,32.207,False,200,
1787684618.4425077,container,30.0,30.0,32.922,False,200,
1787684618.4758413,container,30.0,30.0,35.377,False,200,
1787684618.5091746,container,30.0,30.0,28.331,False,200,
1787684618.542508,container,30.0,30.0,31.434,False,200,
1787684618.5758412,container,30.0,30.0,24.982,False,200,
1787684618.6091745,container,30.0,30.0,30.122,False,200,
1787684618.6425078,container,30.0,30.0,42.015,False,200,
1787684618.675841,container,30.0,30.0,33.255,False,200,
1787684618.7091744,container,30.0,30.0,30.73,False,200,
1787684618.742508,container,30.0,30.0,33.481,False,200,
1787684618.7758412,container,30.0,30.0,32.47,False,200,
1787684618.8091745,container,30.0,30.0,30.33,False,200,
1787684618.8425078,container,30.0,30.0,29.861,False,200,
1787684618.8758411,container,30.0,30.0,31.034,False,200,
1787684618.9091744,container,30.0,30.0,39.104,False,200,
1787684618.9425077,container,30.0,30.0,30.376,False,200,
1787684618.9758413,container,30.0,30.0,43.817,False,200,
1787684619.0091746,container,30.0,30.0,25.53,False,200,
1787684619.042508,container,30.0,30.0,25.038,False,200,
1787684619.0758412,container,30.0,30.0,29.036,False,200,
1787684619.1091745,container,30.0,30.0,42.527,False,200,
1787684619.1425078,container,30.0,30.0,31.021,False,200,
1787684619.175841,container,30.0,30.0,35.626,False,200,
1787684619.2091744,container,30.0,30.0,30.046,False,200,
1787684619.242508,container,30.0,30.0,31.595,False,200,
1787684619.2758412,container,30.0,30.0,26.558,False,200,
1787684619.3091745,container,30.0,30.0,28.239,False,200,
1787684619.3425078,container,30.0,30.0,28.843,False,200,
1787684619.3758411,container,30.0,30.0,27.318,False,200,
1787684619.4091744,container,30.0,30.0,24.457,False,200,
1787684619.4425077,container,30.0,30.0,36.73,False,200,
1787684619.4758413,container,30.0,30.0,28.561,False,200,
1787684619.5091746,container,30.0,30.0,31.143,False,200,
1787684619.542508,container,30.0,30.0,32.309,False,200,
1787684619.5758412,container,30.0,30.0,34.232,False,200,
1787684619.6091745,container,30.0,30.0,31.397,False,200,
1787684619.6425078,container,30.0,30.0,28.857,False,200,
1787684619.675841,container,30.0,30.0,29.681,False,200,
1787684619.7091744,container,30.0,30.0,31.148,False,200,
1787684619.742508,container,30.0,30.0,34.452,False,200,
1787684619.7758412,container,30.0,30.0,33.208,False,200,
1787684619.8091745,container,30.0,30.0,37.2,False,200,
1787684619.8425078,container,30.0,30.0,24.252,False,200,
1787684619.8758411,container,30.0,30.0,39.304,False,200,
1787684619.9091744,container,30.0,30.0,21.933,False,200,
1787684619.9425077,container,30.0,30.0,31.057,False,200,
1787684619.9758413,container,30.0,30.0,33.334,False,200,
1787684620.0091746,container,30.0,30.0,26.677,False,200,
1787684620.042508,container,30.0,30.0,25.144,False,200,
1787684620.0758412,container,30.0,30.0,35.224,False,200,
1787684620.1091745,container,30.0,30.0,22.306,False,200,
1787684620.1425078,container,30.0,30.0,35.025,False,200,
1787684620.175841,container,30.0,30.0,31.227,False,200,
1787684620.2091744,container,30.0,30.0,27.954,False,200,
1787684620.242508,container,30.0,30.0,34.149,False,200,
1787684620.2758412,container,30.0,30.0,28.964,False,200,
1787684620.3091745,container,30.0,30.0,35.505,False,200,
1787684620.3425078,container,30.0,30.0,31.186,False,200,
1787684620.3758411,container,30.0,30.0,25.505,False,200,
1787684620.4091744,container,30.0,30.0,27.653,False,200,
1787684620.4425077,container,30.0,30.0,27.091,False,200,
1787684620.4758413,container,30.0,30.0,30.078,False,200,
1787684620.5091746,container,30.0,30.0,24.217,False,200,
1787684620.542508,container,30.0,30.0,26.494,False,200,
1787684620.5758412,container,30.0,30.0,23.21,False,200,
1787684620.6091745,container,30.0,30.0,28.353,False,200,
1787684620.6425078,container,30.0,30.0,29.863,False,200,
1787684620.675841,container,30.0,30.0,34.05,False,200,
1787684620.7091744,container,30.0,30.0,27.29,False,200,
1787684620.742508,container,30.0,30.0,28.105,False,200,
1787684620.7758412,container,30.0,30.0,26.647,False,200,
1787684620.8091745,container,30.0,30.0,29.157,False,200,
1787684620.8425078,container,30.0,30.0,29.421,False,200,
1787684620.8758411,container,30.0,30.0,30.184,False,200,
1787684620.9091744,container,30.0,30.0,36.928,False,200,
1787684620.9425077,container,30.0,30.0,37.604,False,200,
1787684620.9758413,container,30.0,30.0,32.992,False,200,
1787684621.0091746,container,30.0,30.0,29.023,False,200,
1787684621.042508,container,30.0,30.0,38.892,False,200,
1787684621.0758412,container,30.0,30.0,29.624,False,200,
1787684621.1091745,container,30.0,30.0,23.303,False,200,
1787684621.1425078,container,30.0,30.0,27.435,False,200,
1787684621.175841,container,30.0,30.0,25.828,False,200,
1787684621.2091744,container,30.0,30.0,28.795,False,200,
1787684621.242508,container,30.0,30.0,31.099,False,200,
1787684621.2758412,container,30.0,30.0,33.559,False,200,
1787684621.3091745,container,30.0,30.0,28.32,False,200,
1787684621.3425078,container,30.0,30.0,29.863,False,200,
1787684621.3758411,container,30.0,30.0,35.443,False,200,
1787684621.4091744,container,30.0,30.0,29.228,False,200,
1787684621.4425077,container,30.0,30.0,29.936,False,200,
1787684621.4758413,container,30.0,30.0,28.786,False,200,
1787684621.5091746,container,30.0,30.0,30.76,False,200,
1787684621.542508,container,30.0,30.0,30.15,False,200,
1787684621.5758412,container,30.0,30.0,31.735,False,200,
1787684621.6091745,container,30.0,30.0,28.29,False,200,
1787684621.6425078,container,30.0,30.0,25.613,False,200,
1787684621.675841,container,30.0,30.0,33.042,False,200,
1787684621.7091744,container,30.0,30.0,28.928,False,200,
1787684621.742508,container,30.0,30.0,29.524,False,200,
1787684621.7758412,container,30.0,30.0,34.643,False,200,
1787684621.8091745,container,30.0,30.0,37.725,False,200,
1787684621.8425078,container,30.0,30.0,30.988,False,200,
1787684621.8758411,container,30.0,30.0,25.396,False,200,
1787684621.9091744,container,30.0,30.0,28.317,False,200,
1787684621.9425077,container,30.0,30.0,29.715,False,200,
1787684621.9758413,container,30.0,30.0,28.413,False,200,
1787684622.0091746,container,30.0,30.0,23.058,False,200,
1787684622.042508,container,30.0,30.0,32.357,False,200,
1787684622.0758412,container,30.0,30.0,26.857,False,200,
1787684622.1091745,container,30.0,30.0,22.527,False,200,
1787684622.1425078,container,30.0,30.0,34.207,False,200,
1787684622.175841,container,30.0,30.0,29.351,False,200,
1787684622.2091744,container,30.0,30.0,29.972,False,200,
1787684622.242508,container,30.0,30.0,27.058,False,200,
1787684622.2758412,container,30.0,30.0,25.67,False,200,
1787684622.3091745,container,30.0,30.0,35.005,False,200,
1787684622.3425078,container,30.0,30.0,28.329,False,200,
1787684622.3758411,container,30.0,30.0,34.94,False,200,
1787684622.4091744,container,30.0,30.0,35.745,False,200,
1787684622.4425077,container,30.0,30.0,26.093,False,200,
1787684622.4758413,container,30.0,30.0,37.237,False,200,
1787684622.5091746,container,30.0,30.0,40.465,False,200,
1787684622.542508,container,30.0,30.0,29.089,False,200,
1787684622.5758412,container,30.0,30.0,28.611,False,200,
1787684622.6091745,container,30.0,30.0,34.038,False,200,
1787684622.6425078,container,30.0,30.0,24.68,False,200,
1787684622.675841,container,30.0,30.0,32.253,False,200,
1787684622.7091744,container,30.0,30.0,24.029,False,200,
1787684622.742508,container,30.0,30.0,25.556,False,200,
1787684622.7758412,container,30.0,30.0,26.342,False,200,
1787684622.8091745,container,30.0,30.0,31.987,False,200,
1787684622.8425078,container,30.0,30.0,31.809,False,200,
1787684622.8758411,container,30.0,30.0,26.623,False,200,
1787684622.9091744,container,30.0,30.0,35.363,False,200,
1787684622.9425077,container,30.0,30.0,34.222,False,200,
1787684622.9758413,container,30.0,30.0,31.873,False,200,
1787684623.0091746,container,30.0,30.0,25.137,False,200,
1787684623.042508,container,30.0,30.0,22.36,False,200,
1787684623.0758412,container,30.0,30.0,32.746,False,200,
1787684623.1091745,container,30.0,30.0,29.912,False,200,
1787684623.1425078,container,30.0,30.0,30.278,False,200,
1787684623.175841,container,30.0,30.0,20.57,False,200,
1787684623.2091744,container,30.0,30.0,28.496,False,200,
1787684623.242508,container,30.0,30.0,29.183,False,200,
1787684623.2758412,container,30.0,30.0,26.837,False,200,
1787684623.3091745,container,30.0,30.0,29.684,False,200,
1787684623.3425078,container,30.0,30.0,31.953,False,200,
1787684623.3758411,container,30.0,30.0,23.948,False,200,
1787684623.4091744,container,30.0,30.0,29.786,False,200,
1787684623.4425077,container,30.0,30.0,40.098,False,200,
1787684623.4758413,container,30.0,30.0,26.358,False,200,
1787684623.5091746,container,30.0,30.0,34.103,False,200,
1787684623.542508,container,30.0,30.0,33.379,False,200,
1787684623.5758412,container,30.0,30.0,34.359,False,200,
1787684623.6091745,container,30.0,30.0,23.859,False,200,
1787684623.6425078,container,30.0,30.0,33.904,False,200,
1787684623.675841,container,30.0,30.0,36.529,False,200,
1787684623.7091744,container,30.0,30.0,36.604,False,200,
1787684623.742508,container,30.0,30.0,26.756,False,200,
1787684623.7758412,container,30.0,30.0,30.821,False,200,
1787684623.8091745,container,30.0,30.0,31.503,False,200,
1787684623.8425078,container,30.0,30.0,24.821,False,200,
1787684623.8758411,container,30.0,30.0,30.159,False,200,
1787684623.9091744,container,30.0,30.0,23.21,False,200,
1787684623.9425077,container,30.0,30.0,30.344,False,200,
1787684623.9758413,container,30.0,30.0,26.408,False,200,
1787684624.0091746,container,30.0,30.0,30.231,False,200,
1787684624.042508,container,30.0,30.0,22.64,False,200,
1787684624.0758412,container,30.0,30.0,41.439,False,200,
1787684624.1091745,container,30.0,30.0,35.906,False,200,
1787684624.1425078,container,30.0,30.0,29.008,False,200,
1787684624.175841,container,30.0,30.0,30.858,False,200,
1787684624.2091744,container,30.0,30.0,26.222,False,200,
1787684624.242508,container,30.0,30.0,32.793,False,200,
1787684624.2758412,container,30.0,30.0,31.95,False,200,
1787684624.3091745,container,30.0,30.0,30.165,False,200,
1787684624.3425078,container,30.0,30.0,28.345,False,200,
1787684624.3758411,container,30.0,30.0,28.781,False,200,
1787684624.4091744,container,30.0,30.0,31.687,False,200,
1787684624.4425077,container,30.0,30.0,27.194,False,200,
1787684624.4758413,container,30.0,30.0,30.131,False,200,
1787684624.5091746,container,30.0,30.0,42.659,False,200,
1787684624.542508,container,30.0,30.0,30.445,False,200,
1787684624.5758412,container,30.0,30.0,24.903,False,200,
1787684624.6091745,container,30.0,30.0,30.664,False,200,
1787684624.6425078,container,30.0,30.0,36.127,False,200,
1787684624.675841,container,30.0,30.0,30.783,False,200,
1787684624.7091744,container,30.0,30.0,36.64,False,200,
1787684624.742508,container,30.0,30.0,31.745,False,200,
1787684624.7758412,container,30.0,30.0,29.391,False,200,
1787684624.8091745,container,30.0,30.0,30.201,False,200,
1787684624.8425078,container,30.0,30.0,33.064,False,200,
1787684624.8758411,container,30.0,30.0,36.733,False,200,
1787684624.9091744,container,30.0,30.0,36.762,False,200,
1787684624.9425077,container,30.0,30.0,29.399,False,200,
1787684624.9758413,container,30.0,30.0,29.595,False,200,
1787684625.0091746,container,30.0,30.0,24.483,False,200,
1787684625.042508,container,30.0,30.0,34.456,False,200,
1787684625.0758412,container,30.0,30.0,30.531,False,200,
1787684625.1091745,container,30.0,30.0,28.034,False,200,
1787684625.1425078,container,30.0,30.0,33.726,False,200,
1787684625.175841,container,30.0,30.0,30.938,False,200,
1787684625.2091744,container,30.0,30.0,25.143,False,200,
1787684625.242508,container,30.0,30.0,30.509,False,200,
1787684625.2758412,container,30.0,30.0,26.258,False,200,
1787684625.3091745,container,30.0,30.0,33.835,False,200,
1787684625.3425078,container,30.0,30.0,23.577,False,200,
1787684625.3758411,container,30.0,30.0,32.535,False,200,
1787684625.4091744,container,30.0,30.0,27.724,False,200,
1787684625.4425077,container,30.0,30.0,33.783,False,200,
1787684625.4758413,container,30.0,30.0,29.5,False,200,
1787684625.5091746,container,30.0,30.0,33.227,False,200,
1787684625.542508,container,30.0,30.0,31.135,False,200,
1787684625.5758412,container,30.0,30.0,23.59,False,200,
1787684625.6091745,container,30.0,30.0,34.229,False,200,
1787684625.6425078,container,30.0,30.0,34.112,False,200,
1787684625.675841,container,30.0,30.0,31.9,False,200,
1787684625.7091744,container,30.0,30.0,36.816,False,200,
1787684625.742508,container,30.0,30.0,32.092,False,200,
1787684625.7758412,container,30.0,30.0,25.917,False,200,
1787684625.8091745,container,30.0,30.0,21.726,False,200,
1787684625.8425078,container,30.0,30.0,28.933,False,200,
1787684625.8758411,container,30.0,30.0,30.269,False,200,
1787684625.9091744,container,30.0,30.0,33.237,False,200,
1787684625.9425077,container,30.0,30.0,31.973,False,200,
1787684625.9758413,container,30.0,30.0,31.788,False,200,
1787684626.0091746,container,30.0,30.0,26.317,False,200,
1787684626.042508,container,30.0,30.0,40.626,False,200,
1787684626.0758412,container,30.0,30.0,31.579,False,200,
1787684626.1091745,container,30.0,30.0,28.107,False,200,
1787684626.1425078,container,30.0,30.0,25.731,False,200,
1787684626.175841,container,30.0,30.0,23.767,False,200,
1787684626.2091744,container,30.0,30.0,29.539,False,200,
1787684626.242508,container,30.0,30.0,29.625,False,200,
1787684626.2758412,container,30.0,30.0,29.597,False,200,
1787684626.3091745,container,30.0,30.0,31.83,False,200,
1787684626.3425078,container,30.0,30.0,29.297,False,200,
1787684626.3758411,container,30.0,30.0,35.434,False,200,
1787684626.4091744,container,30.0,30.0,29.963,False,200,
1787684626.4425077,container,30.0,30.0,38.475,False,200,
1787684626.4758413,container,30.0,30.0,31.39,False,200,
1787684626.5091746,container,30.0,30.0,31.028,False,200,
1787684626.542508,container,30.0,30.0,29.323,False,200,
1787684626.5758412,container,30.0,30.0,26.531,False,200,
1787684626.6091745,container,30.0,30.0,32.019,False,200,
1787684626.6425078,container,30.0,30.0,31.744,False,200,
1787684626.675841,container,30.0,30.0,33.041,False,200,
1787684626.7091744,container,30.0,30.0,30.526,False,200,
1787684626.742508,container,30.0,30.0,28.061,False,200,
1787684626.7758412,container,30.0,30.0,36.041,False,200,
1787684626.8091745,container,30.0,30.0,29.189,False,200,
1787684626.8425078,container,30.0,30.0,22.998,False,200,
1787684626.8758411,container,30.0,30.0,21.372,False,200,
1787684626.9091744,container,30.0,30.0,23.193,False,200,
1787684626.9425077,container,30.0,30.0,37.432,False,200,
1787684626.9758413,container,30.0,30.0,33.876,False,200,
1787684627.0091746,container,30.0,30.0,29.866,False,200,
1787684627.042508,container,30.0,30.0,40.627,False,200,
1787684627.0758412,container,30.0,30.0,35.591,False,200,
1787684627.1091745,container,30.0,30.0,26.999,False,200,
1787684627.1425078,container,30.0,30.0,26.183,False,200,
1787684627.175841,container,30.0,30.0,35.388,False,200,
1787684627.2091744,container,30.0,30.0,26.562,False,200,
1787684627.242508,container,30.0,30.0,25.909,False,200,
1787684627.2758412,container,30.0,30.0,33.72,False,200,
1787684627.3091745,container,30.0,30.0,25.824,False,200,
1787684627.3425078,container,30.0,30.0,31.594,False,200,
1787684627.3758411,container,30.0,30.0,27.061,False,200,
1787684627.4091744,container,30.0,30.0,27.22,False,200,
1787684627.4425077,container,30.0,30.0,29.464,False,200,
1787684627.4758413,container,30.0,30.0,30.145,False,200,
1787684627.5091746,container,30.0,30.0,28.296,False,200,
1787684627.542508,container,30.0,30.0,29.715,False,200,
1787684627.5758412,container,30.0,30.0,30.326,False,200,
1787684627.6091745,container,30.0,30.0,36.456,False,200,
1787684627.6425078,container,30.0,30.0,32.49,False,200,
1787684627.675841,container,30.0,30.0,30.048,False,200,
1787684627.7091744,container,30.0,30.0,26.426,False,200,
1787684627.742508,container,30.0,30.0,32.75,False,200,
1787684627.7758412,container,30.0,30.0,26.399,False,200,
1787684627.8091745,container,30.0,30.0,24.623,False,200,
1787684627.8425078,container,30.0,30.0,25.568,False,200,
1787684627.8758411,container,30.0,30.0,27.935,False,200,
1787684627.9091744,container,30.0,30.0,28.697,False,200,
1787684627.9425077,container,30.0,30.0,31.159,False,200,
1787684627.9758413,container,30.0,30.0,24.051,False,200,
1787684628.0091746,container,30.0,30.0,28.316,False,200,
1787684628.042508,container,30.0,30.0,33.948,False,200,
1787684628.0758412,container,30.0,30.0,33.457,False,200,
1787684628.1091745,container,30.0,30.0,26.464,False,200,
1787684628.1425078,container,30.0,30.0,26.224,False,200,
1787684628.175841,container,30.0,30.0,22.402,False,200,
1787684628.2091744,container,30.0,30.0,27.748,False,200,
1787684628.242508,container,30.0,30.0,33.342,False,200,
1787684628.2758412,container,30.0,30.0,29.398,False,200,
1787684628.3091745,container,30.0,30.0,29.722,False,200,
1787684628.3425078,container,30.0,30.0,35.045,False,200,
1787684628.3758411,container,30.0,30.0,30.997,False,200,
1787684628.4091744,container,30.0,30.0,33.14,False,200,
1787684628.4425077,container,30.0,30.0,22.759,False,200,
1787684628.4758413,container,30.0,30.0,28.013,False,200,
1787684628.5091746,container,30.0,30.0,34.106,False,200,
1787684628.542508,container,30.0,30.0,27.469,False,200,
1787684628.5758412,container,30.0,30.0,31.53,False,200,
1787684628.6091745,container,30.0,30.0,29.15,False,200,
1787684628.6425078,container,30.0,30.0,25.52,False,200,
1787684628.675841,container,30.0,30.0,28.536,False,200,
1787684628.7091744,container,30.0,30.0,27.67,False,200,
1787684628.742508,container,30.0,30.0,29.173,False,200,
1787684628.7758412,container,30.0,30.0,40.597,False,200,
1787684628.8091745,container,30.0,30.0,31.161,False,200,
1787684628.8425078,container,30.0,30.0,22.464,False,200,
1787684628.8758411,container,30.0,30.0,31.654,False,200,
1787684628.9091744,container,30.0,30.0,38.024,False,200,
1787684628.9425077,container,30.0,30.0,22.921,False,200,
1787684628.9758413,container,30.0,30.0,30.891,False,200,
1787684629.0091746,container,30.0,30.0,26.515,False,200,
1787684629.042508,container,30.0,30.0,28.038,False,200,
1787684629.0758412,container,30.0,30.0,26.397,False,200,
1787684629.1091745,container,30.0,30.0,30.261,False,200,
1787684629.1425078,container,30.0,30.0,31.063,False,200,
1787684629.175841,container,30.0,30.0,36.155,False,200,
1787684629.2091744,container,30.0,30.0,30.663,False,200,
1787684629.242508,container,30.0,30.0,26.787,False,200,
1787684629.2758412,container,30.0,30.0,29.999,False,200,
1787684629.3091745,container,30.0,30.0,31.342,False,200,
1787684629.3425078,container,30.0,30.0,31.732,False,200,
1787684629.3758411,container,30.0,30.0,27.676,False,200,
1787684629.4091744,container,30.0,30.0,30.419,False,200,
1787684629.4425077,container,30.0,30.0,28.737,False,200,
1787684629.4758413,container,30.0,30.0,37.609,False,200,
1787684629.5091746,container,30.0,30.0,32.875,False,200,
1787684629.542508,container,30.0,30.0,30.064,False,200,
1787684629.5758412,container,30.0,30.0,30.885,False,200,
1787684629.6091745,container,30.0,30.0,30.78,False,200,
1787684629.6425078,container,30.0,30.0,39.032,False,200,
1787684629.675841,container,30.0,30.0,26.496,False,200,
1787684629.7091744,container,30.0,30.0,38.185,False,200,
1787684629.742508,container,30.0,30.0,38.062,False,200,
1787684629.7758412,container,30.0,30.0,25.168,False,200,
1787684629.8091745,container,30.0,30.0,27.111,False,200,
1787684629.8425078,container,30.0,30.0,32.837,False,200,
1787684629.8758411,container,30.0,30.0,32.523,False,200,
1787684629.9091744,container,30.0,30.0,45.483,False,200,
1787684629.9425077,container,30.0,30.0,36.268,False,200,
1787684629.9758413,container,30.0,30.0,26.653,False,200,
1787684630.0091746,container,30.0,30.0,28.825,False,200,
1787684630.042508,container,30.0,30.0,30.506,False,200,
1787684630.0758412,container,30.0,30.0,27.478,False,200,
1787684630.1091745,container,30.0,30.0,40.93,False,200,
1787684630.1425078,container,30.0,30.0,33.028,False,200,
1787684630.175841,container,30.0,30.0,25.109,False,200,
1787684630.2091744,container,30.0,30.0,30.043,False,200,
1787684630.242508,container,30.0,30.0,33.041,False,200,
1787684630.2758412,container,30.0,30.0,26.505,False,200,
1787684630.3091745,container,30.0,30.0,35.114,False,200,
1787684630.3425078,container,30.0,30.0,31.692,False,200,
1787684630.3758411,container,30.0,30.0,26.274,False,200,
1787684630.4091744,container,30.0,30.0,28.806,False,200,
1787684630.4425077,container,30.0,30.0,29.891,False,200,
1787684630.4758413,container,30.0,30.0,26.359,False,200,
1787684630.5091746,container,30.0,30.0,32.863,False,200,
1787684630.542508,container,30.0,30.0,27.402,False,200,
1787684630.5758412,container,30.0,30.0,36.34,False,200,
1787684630.6091745,container,30.0,30.0,26.305,False,200,
1787684630.6425078,container,30.0,30.0,26.352,False,200,
1787684630.675841,container,30.0,30.0,34.958,False,200,
1787684630.7091744,container,30.0,30.0,27.712,False,200,
1787684630.742508,container,30.0,30.0,30.418,False,200,
1787684630.7758412,container,30.0,30.0,31.465,False,200,
1787684630.8091745,container,30.0,30.0,35.572,False,200,
1787684630.8425078,container,30.0,30.0,28.741,False,200,
1787684630.8758411,container,30.0,30.0,31.373,False,200,
1787684630.9091744,container,30.0,30.0,28.804,False,200,
1787684630.9425077,container,30.0,30.0,32.193,False,200,
1787684630.9758413,container,30.0,30.0,28.699,False,200,
1787684631.0091746,container,30.0,30.0,33.69,False,200,
1787684631.042508,container,30.0,30.0,30.794,False,200,
1787684631.0758412,container,30.0,30.0,30.356,False,200,
1787684631.1091745,container,30.0,30.0,26.967,False,200,
1787684631.1425078,container,30.0,30.0,31.366,False,200,
1787684631.175841,container,30.0,30.0,34.661,False,200,
1787684631.2091744,container,30.0,30.0,35.163,False,200,
1787684631.242508,container,30.0,30.0,30.983,False,200,
1787684631.2758412,container,30.0,30.0,32.094,False,200,
1787684631.3091745,container,30.0,30.0,27.833,False,200,
1787684631.3425078,container,30.0,30.0,35.687,False,200,
1787684631.3758411,container,30.0,30.0,34.505,False,200,
1787684631.4091744,container,30.0,30.0,33.672,False,200,
1787684631.4425077,container,30.0,30.0,30.914,False,200,
1787684631.4758413,container,30.0,30.0,29.593,False,200,
1787684631.5091746,container,30.0,30.0,34.345,False,200,
1787684631.542508,container,30.0,30.0,23.614,False,200,
1787684631.5758412,container,30.0,30.0,26.553,False,200,
1787684631.6091745,container,30.0,30.0,28.056,False,200,
1787684631.6425078,container,30.0,30.0,29.733,False,200,
1787684631.675841,container,30.0,30.0,26.72,False,200,
1787684631.7091744,container,30.0,30.0,25.832,False,200,
1787684631.742508,container,30.0,30.0,35.064,False,200,
1787684631.7758412,container,30.0,30.0,28.345,False,200,
1787684631.8091745,container,30.0,30.0,27.837,False,200,
1787684631.8425078,container,30.0,30.0,29.851,False,200,
1787684631.8758411,container,30.0,30.0,30.535,False,200,
1787684631.9091744,container,30.0,30.0,25.901,False,200,
1787684631.9425077,container,30.0,30.0,35.485,False,200,
1787684631.9758413,container,30.0,30.0,29.489,False,200,
1787684632.0091746,container,30.0,30.0,33.509,False,200,
1787684632.042508,container,30.0,30.0,32.735,False,200,
1787684632.0758412,container,30.0,30.0,24.393,False,200,
1787684632.1091745,container,30.0,30.0,30.794,False,200,
1787684632.1425078,container,30.0,30.0,27.783,False,200,
1787684632.175841,container,30.0,30.0,33.025,False,200,
1787684632.2091744,container,30.0,30.0,31.486,False,200,
1787684632.242508,container,30.0,30.0,26.465,False,200,
1787684632.2758412,container,30.0,30.0,31.476,False,200,
1787684632.3091745,container,30.0,30.0,36.26,False,200,
1787684632.3425078,container,30.0,30.0,28.172,False,200,
1787684632.3758411,container,30.0,30.0,42.734,False,200,
1787684632.4091744,container,30.0,30.0,29.74,False,200,
1787684632.4425077,container,30.0,30.0,29.907,False,200,
1787684632.4758413,container,30.0,30.0,26.575,False,200,
1787684632.5091746,container,30.0,30.0,24.132,False,200,
1787684632.542508,container,30.0,30.0,39.605,False,200,
1787684632.5758412,container,30.0,30.0,36.96,False,200,
1787684632.6091745,container,30.0,30.0,33.773,False,200,
1787684632.6425078,container,30.0,30.0,32.997,False,200,
1787684632.675841,container,30.0,30.0,19.18,False,200,
1787684632.7091744,container,30.0,30.0,31.563,False,200,
1787684632.742508,container,30.0,30.0,31.458,False,200,
1787684632.7758412,container,30.0,30.0,35.148,False,200,
1787684632.8091745,container,30.0,30.0,31.239,False,200,
1787684632.8425078,container,30.0,30.0,31.752,False,200,
1787684632.8758411,container,30.0,30.0,25.836,False,200,
1787684632.9091744,container,30.0,30.0,26.704,False,200,
1787684632.9425077,container,30.0,30.0,33.663,False,200,
1787684632.9758413,container,30.0,30.0,27.359,False,200,
1787684633.0091746,container,30.0,30.0,31.803,False,200,
1787684633.042508,container,30.0,30.0,36.8,False,200,
1787684633.0758412,container,30.0,30.0,28.664,False,200,
1787684633.1091745,container,30.0,30.0,32.951,False,200,
1787684633.1425078,container,30.0,30.0,28.92,False,200,
1787684633.175841,container,30.0,30.0,30.029,False,200,
1787684633.2091744,container,30.0,30.0,29.727,False,200,
1787684633.242508,container,30.0,30.0,30.639,False,200,
1787684633.2758412,container,30.0,30.0,24.897,False,200,
1787684633.3091745,container,30.0,30.0,34.097,False,200,
1787684633.3425078,container,30.0,30.0,31.378,False,200,
1787684633.3758411,container,30.0,30.0,31.352,False,200,
1787684633.4091744,container,30.0,30.0,24.037,False,200,
1787684633.4425077,container,30.0,30.0,30.884,False,200,
1787684633.4758413,container,30.0,30.0,24.563,False,200,
1787684633.5091746,container,30.0,30.0,36.098,False,200,
1787684633.542508,container,30.0,30.0,36.006,False,200,
1787684633.5758412,container,30.0,30.0,24.931,False,200,
1787684633.6091745,container,30.0,30.0,33.085,False,200,
1787684633.6425078,container,30.0,30.0,31.406,False,200,
1787684633.675841,container,30.0,30.0,26.305,False,200,
1787684633.7091744,container,30.0,30.0,25.812,False,200,
1787684633.742508,container,30.0,30.0,40.914,False,200,
1787684633.7758412,container,30.0,30.0,42.935,False,200,
1787684633.8091745,container,30.0,30.0,27.324,False,200,
1787684633.8425078,container,30.0,30.0,43.267,False,200,
1787684633.8758411,container,30.0,30.0,26.028,False,200,
1787684633.9091744,container,30.0,30.0,29.241,False,200,
1787684633.9425077,container,30.0,30.0,28.526,False,200,
1787684633.9758413,container,30.0,30.0,25.897,False,200,
1787684634.0091746,container,30.0,30.0,21.133,False,200,
1787684634.042508,container,30.0,30.0,37.782,False,200,
1787684634.0758412,container,30.0,30.0,23.641,False,200,
1787684634.1091745,container,30.0,30.0,22.545,False,200,
1787684634.1425078,container,30.0,30.0,45.998,False,200,
1787684634.175841,container,30.0,30.0,32.516,False,200,
1787684634.2091744,container,30.0,30.0,29.195,False,200,
1787684634.242508,container,30.0,30.0,40.399,False,200,
1787684634.2758412,container,30.0,30.0,23.105,False,200,
1787684634.3091745,container,30.0,30.0,26.471,False,200,
1787684634.3425078,container,30.0,30.0,35.721,False,200,
1787684634.3758411,container,30.0,30.0,28.036,False,200,
1787684634.4091744,container,30.0,30.0,27.184,False,200,
1787684634.4425077,container,30.0,30.0,26.207,False,200,
1787684634.4758413,container,30.0,30.0,31.564,False,200,
1787684634.5091746,container,30.0,30.0,24.294,False,200,
1787684634.542508,container,30.0,30.0,33.032,False,200,
1787684634.5758412,container,30.0,30.0,30.132,False,200,
1787684634.6091745,container,30.0,30.0,32.994,False,200,
1787684634.6425078,container,30.0,30.0,29.977,False,200,
1787684634.675841,container,30.0,30.0,33.448,False,200,
1787684634.7091744,container,30.0,30.0,19.064,False,200,
1787684634.742508,container,30.0,30.0,37.024,False,200,
1787684634.7758412,container,30.0,30.0,28.496,False,200,
1787684634.8091745,container,30.0,30.0,32.83,False,200,
1787684634.8425078,container,30.0,30.0,24.056,False,200,
1787684634.8758411,container,30.0,30.0,29.332,False,200,
1787684634.9091744,container,30.0,30.0,28.54,False,200,
1787684634.9425077,container,30.0,30.0,27.776,False,200,
1787684634.9758413,container,30.0,30.0,28.206,False,200,
1787684635.0091746,container,30.0,30.0,43.71,False,200,
1787684635.042508,container,30.0,30.0,28.131,False,200,
1787684635.0758412,container,30.0,30.0,33.365,False,200,
1787684635.1091745,container,30.0,30.0,22.683,False,200,
1787684635.1425078,container,30.0,30.0,28.232,False,200,
1787684635.175841,container,30.0,30.0,26.095,False,200,
1787684635.2091744,container,30.0,30.0,25.509,False,200,
1787684635.242508,container,30.0,30.0,37.688,False,200,
1787684635.2758412,container,30.0,30.0,31.654,False,200,
1787684635.3091745,container,30.0,30.0,35.997,False,200,
1787684635.3425078,container,30.0,30.0,30.84,False,200,
1787684635.3758411,container,30.0,30.0,31.604,False,200,
1787684635.4091744,container,30.0,30.0,26.175,False,200,
1787684635.4425077,container,30.0,30.0,24.503,False,200,
1787684635.4758413,container,30.0,30.0,27.131,False,200,
1787684635.5091746,container,30.0,30.0,27.396,False,200,
1787684635.542508,container,30.0,30.0,23.747,False,200,
1787684635.5758412,container,30.0,30.0,26.148,False,200,
1787684635.6091745,container,30.0,30.0,31.667,False,200,
1787684635.6425078,container,30.0,30.0,26.825,False,200,
1787684635.675841,container,30.0,30.0,32.564,False,200,
1787684635.7091744,container,30.0,30.0,26.278,False,200,
1787684635.742508,container,30.0,30.0,20.186,False,200,
1787684635.7758412,container,30.0,30.0,28.012,False,200,
1787684635.8091745,container,30.0,30.0,32.954,False,200,
1787684635.8425078,container,30.0,30.0,25.958,False,200,
1787684635.8758411,container,30.0,30.0,27.359,False,200,
1787684635.9091744,container,30.0,30.0,29.747,False,200,
1787684635.9425077,container,30.0,30.0,24.778,False,200,
1787684635.9758413,container,30.0,30.0,36.747,False,200,
1787684636.0091746,container,30.0,30.0,39.971,False,200,
1787684636.042508,container,30.0,30.0,21.846,False,200,
1787684636.0758412,container,30.0,30.0,25.648,False,200,
1787684636.1091745,container,30.0,30.0,31.596,False,200,
1787684636.1425078,container,30.0,30.0,33.311,False,200,
1787684636.175841,container,30.0,30.0,23.881,False,200,
1787684636.2091744,container,30.0,30.0,28.971,False,200,
1787684636.242508,container,30.0,30.0,25.385,False,200,
1787684636.2758412,container,30.0,30.0,25.463,False,200,
1787684636.3091745,container,30.0,30.0,27.546,False,200,
1787684636.3425078,container,30.0,30.0,28.348,False,200,
1787684636.3758411,container,30.0,30.0,29.218,False,200,
1787684636.4091744,container,30.0,30.0,25.87,False,200,
1787684636.4425077,container,30.0,30.0,35.634,False,200,
1787684636.4758413,container,30.0,30.0,28.615,False,200,
1787684636.5091746,container,30.0,30.0,29.703,False,200,
1787684636.542508,container,30.0,30.0,29.026,False,200,
1787684636.5758412,container,30.0,30.0,31.975,False,200,
1787684636.6091745,container,30.0,30.0,31.528,False,200,
1787684636.6425078,container,30.0,30.0,24.69,False,200,
1787684636.675841,container,30.0,30.0,33.415,False,200,
1787684636.7091744,container,30.0,30.0,29.199,False,200,
1787684636.742508,container,30.0,30.0,28.436,False,200,
1787684636.7758412,container,30.0,30.0,27.421,False,200,
1787684636.8091745,container,30.0,30.0,33.741,False,200,
1787684636.8425078,container,30.0,30.0,28.462,False,200,
1787684636.8758411,container,30.0,30.0,25.421,False,200,
1787684636.9091744,container,30.0,30.0,26.471,False,200,
1787684636.9425077,container,30.0,30.0,37.301,False,200,
1787684636.9758413,container,30.0,30.0,29.492,False,200,
1787684637.0091746,container,30.0,30.0,30.828,False,200,
1787684637.042508,container,30.0,30.0,35.72,False,200,
1787684637.0758412,container,30.0,30.0,25.67,False,200,
1787684637.1091745,container,30.0,30.0,29.902,False,200,
1787684637.1425078,container,30.0,30.0,27.465,False,200,
1787684637.175841,container,30.0,30.0,30.402,False,200,
1787684637.2091744,container,30.0,30.0,33.901,False,200,
1787684637.242508,container,30.0,30.0,31.538,False,200,
1787684637.2758412,container,30.0,30.0,27.328,False,200,
1787684637.3091745,container,30.0,30.0,30.448,False,200,
1787684637.3425078,container,30.0,30.0,27.831,False,200,
1787684637.3758411,container,30.0,30.0,31.798,False,200,
1787684637.4091744,container,30.0,30.0,33.365,False,200,
1787684637.4425077,container,30.0,30.0,36.763,False,200,
1787684637.4758413,container,30.0,30.0,27.719,False,200,
1787684637.5091746,container,30.0,30.0,33.861,False,200,
1787684637.542508,container,30.0,30.0,23.046,False,200,
1787684637.5758412,container,30.0,30.0,35.592,False,200,
1787684637.6091745,container,30.0,30.0,26.4,False,200,
1787684637.6425078,container,30.0,30.0,27.251,False,200,
1787684637.675841,container,30.0,30.0,26.843,False,200,
1787684637.7091744,container,30.0,30.0,27.962,False,200,
1787684637.742508,container,30.0,30.0,32.628,False,200,
1787684637.7758412,container,30.0,30.0,31.368,False,200,
1787684637.8091745,container,30.0,30.0,26.188,False,200,
1787684637.8425078,container,30.0,30.0,36.2,False,200,
1787684637.8758411,container,30.0,30.0,26.535,False,200,
1787684637.9091744,container,30.0,30.0,29.102,False,200,
1787684637.9425077,container,30.0,30.0,30.232,False,200,
1787684637.9758413,container,30.0,30.0,27.367,False,200,
1787684638.0091746,container,30.0,30.0,28.829,False,200,
1787684638.042508,container,30.0,30.0,34.293,False,200,
1787684638.0758412,container,30.0,30.0,32.242,False,200,
1787684638.1091745,container,30.0,30.0,29.831,False,200,
1787684638.1425078,container,30.0,30.0,29.279,False,200,
1787684638.175841,container,30.0,30.0,34.684,False,200,
1787684638.2091744,container,30.0,30.0,36.791,False,200,
1787684638.242508,container,30.0,30.0,37.36,False,200,
1787684638.2758412,container,30.0,30.0,35.301,False,200,
1787684638.3091745,container,30.0,30.0,21.926,False,200,
1787684638.3425078,container,30.0,30.0,34.073,False,200,
1787684638.3758411,container,30.0,30.0,27.601,False,200,
1787684638.4091744,container,30.0,30.0,26.325,False,200,
1787684638.4425077,container,30.0,30.0,29.027,False,200,
1787684638.4758413,container,30.0,30.0,32.973,False,200,
1787684638.5091746,container,30.0,30.0,28.098,False,200,
1787684638.542508,container,30.0,30.0,34.538,False,200,
1787684638.5758412,container,30.0,30.0,38.045,False,200,
1787684638.6091745,container,30.0,30.0,24.032,False,200,
1787684638.6425078,container,30.0,30.0,24.841,False,200,
1787684638.675841,container,30.0,30.0,27.117,False,200,
1787684638.7091744,container,30.0,30.0,32.971,False,200,
1787684638.742508,container,30.0,30.0,24.4,False,200,
1787684638.7758412,container,30.0,30.0,32.261,False,200,
1787684638.8091745,container,30.0,30.0,36.357,False,200,
1787684638.8425078,container,30.0,30.0,32.457,False,200,
1787684638.8758411,container,30.0,30.0,29.467,False,200,
1787684638.9091744,container,30.0,30.0,35.553,False,200,
1787684638.9425077,container,30.0,30.0,27.934,False,200,
1787684638.9758413,container,30.0,30.0,28.983,False,200,
1787684639.0091746,container,30.0,30.0,29.949,False,200,
1787684639.042508,container,30.0,30.0,35.282,False,200,
1787684639.0758412,container,30.0,30.0,28.977,False,200,
1787684639.1091745,container,30.0,30.0,34.882,False,200,
1787684639.1425078,container,30.0,30.0,35.868,False,200,
1787684639.175841,container,30.0,30.0,44.396,False,200,
1787684639.2091744,container,30.0,30.0,29.05,False,200,
1787684639.242508,container,30.0,30.0,26.87,False,200,
1787684639.2758412,container,30.0,30.0,32.62,False,200,
1787684639.3091745,container,30.0,30.0,35.54,False,200,
1787684639.3425078,container,30.0,30.0,27.734,False,200,
1787684639.3758411,container,30.0,30.0,28.334,False,200,
1787684639.4091744,container,30.0,30.0,30.152,False,200,
1787684639.4425077,container,30.0,30.0,33.334,False,200,
1787684639.4758413,container,30.0,30.0,29.376,False,200,
1787684639.5091746,container,30.0,30.0,31.248,False,200,
1787684639.542508,container,30.0,30.0,25.218,False,200,
1787684639.5758412,container,30.0,30.0,30.155,False,200,
1787684639.6091745,container,30.0,30.0,31.933,False,200,
1787684639.6425078,container,30.0,30.0,38.482,False,200,
1787684639.675841,container,30.0,30.0,31.15,False,200,
1787684639.7091744,container,30.0,30.0,29.173,False,200,
1787684639.742508,container,30.0,30.0,28.607,False,200,
1787684639.7758412,container,30.0,30.0,28.473,False,200,
1787684639.8091745,container,30.0,30.0,30.621,False,200,
1787684639.8425078,container,30.0,30.0,28.557,False,200,
1787684639.8758411,container,30.0,30.0,34.4,False,200,
1787684639.9091744,container,30.0,30.0,24.804,False,200,
1787684639.9425077,container,30.0,30.0,23.809,False,200,
1787684639.9758413,container,30.0,30.0,30.039,False,200,
1787684640.0091746,container,30.0,30.0,32.235,False,200,
1787684640.042508,container,30.0,30.0,21.498,False,200,
1787684640.0758412,container,30.0,30.0,37.708,False,200,
1787684640.1091745,container,30.0,30.0,27.868,False,200,
1787684640.1425078,container,30.0,30.0,33.974,False,200,
1787684640.175841,container,30.0,30.0,34.115,False,200,
1787684640.2091744,container,30.0,30.0,34.207,False,200,
1787684640.242508,container,30.0,30.0,26.446,False,200,
1787684640.2758412,container,30.0,30.0,40.893,False,200,
1787684640.3091745,container,30.0,30.0,26.218,False,200,
1787684640.3425078,container,30.0,30.0,28.7,False,200,
1787684640.3758411,container,30.0,30.0,32.225,False,200,
1787684640.4091744,container,30.0,30.0,31.253,False,200,
1787684640.4425077,container,30.0,30.0,24.232,False,200,
1787684640.4758413,container,30.0,30.0,35.836,False,200,
1787684640.5091746,container,30.0,30.0,30.831,False,200,
1787684640.542508,container,30.0,30.0,23.365,False,200,
1787684640.5758412,container,30.0,30.0,26.602,False,200,
1787684640.6091745,container,30.0,30.0,26.876,False,200,
1787684640.6425078,container,30.0,30.0,32.705,False,200,
1787684640.675841,container,30.0,30.0,28.468,False,200,
1787684640.7091744,container,30.0,30.0,27.469,False,200,
1787684640.742508,container,30.0,30.0,31.774,False,200,
1787684640.7758412,container,30.0,30.0,30.651,False,200,
1787684640.8091745,container,30.0,30.0,27.686,False,200,
1787684640.8425078,container,30.0,30.0,38.799,False,200,
1787684640.8758411,container,30.0,30.0,29.958,False,200,
1787684640.9091744,container,30.0,30.0,34.401,False,200,
1787684640.9425077,container,30.0,30.0,29.36,False,200,
1787684640.9758413,container,30.0,30.0,37.695,False,200,
1787684641.0091746,container,30.0,30.0,34.146,False,200,
1787684641.042508,container,30.0,30.0,28.69,False,200,
1787684641.0758412,container,30.0,30.0,26.062,False,200,
1787684641.1091745,container,30.0,30.0,29.505,False,200,
1787684641.1425078,container,30.0,30.0,33.565,False,200,
1787684641.175841,container,30.0,30.0,26.52,False,200,
1787684641.2091744,container,30.0,30.0,24.253,False,200,
1787684641.242508,container,30.0,30.0,37.218,False,200,
1787684641.2758412,container,30.0,30.0,36.172,False,200,
1787684641.3091745,container,30.0,30.0,34.368,False,200,
1787684641.3425078,container,30.0,30.0,25.375,False,200,
1787684641.3758411,container,30.0,30.0,33.015,False,200,
1787684641.4091744,container,30.0,30.0,26.789,False,200,
1787684641.4425077,container,30.0,30.0,29.592,False,200,
1787684641.4758413,container,30.0,30.0,37.06,False,200,
1787684641.5091746,container,30.0,30.0,29.823,False,200,
1787684641.542508,container,30.0,30.0,31.097,False,200,
1787684641.5758412,container,30.0,30.0,25.508,False,200,
1787684641.6091745,container,30.0,30.0,34.306,False,200,
1787684641.6425078,container,30.0,30.0,35.965,False,200,
1787684641.675841,container,30.0,30.0,26.506,False,200,
1787684641.7091744,container,30.0,30.0,25.817,False,200,
1787684641.742508,container,30.0,30.0,39.039,False,200,
1787684641.7758412,container,30.0,30.0,26.412,False,200,
1787684641.8091745,container,30.0,30.0,41.531,False,200,
1787684641.8425078,container,30.0,30.0,30.1,False,200,
1787684641.8758411,container,30.0,30.0,34.292,False,200,
1787684641.9091744,container,30.0,30.0,26.026,False,200,
1787684641.9425077,container,30.0,30.0,34.865,False,200,
1787684641.9758413,container,30.0,30.0,33.054,False,200,
1787684642.0091746,container,30.0,30.0,24.564,False,200,
1787684642.042508,container,30.0,30.0,32.247,False,200,
1787684642.0758412,container,30.0,30.0,30.959,False,200,
1787684642.1091745,container,30.0,30.0,23.622,False,200,
1787684642.1425078,container,30.0,30.0,28.263,False,200,
1787684642.175841,container,30.0,30.0,33.323,False,200,
1787684642.2091744,container,30.0,30.0,37.275,False,200,
1787684642.242508,container,30.0,30.0,29.172,False,200,
1787684642.2758412,container,30.0,30.0,30.626,False,200,
1787684642.3091745,container,30.0,30.0,26.599,False,200,
1787684642.3425078,container,30.0,30.0,30.817,False,200,
1787684642.3758411,container,30.0,30.0,31.899,False,200,
1787684642.4091744,container,30.0,30.0,25.684,False,200,
1787684642.4425077,container,30.0,30.0,28.55,False,200,
1787684642.4758413,container,30.0,30.0,28.559,False,200,
1787684642.5091746,container,30.0,30.0,29.059,False,200,
1787684642.542508,container,30.0,30.0,42.93,False,200,
1787684642.5758412,container,30.0,30.0,32.852,False,200,
1787684642.6091745,container,30.0,30.0,27.426,False,200,
1787684642.6425078,container,30.0,30.0,24.531,False,200,
1787684642.675841,container,30.0,30.0,33.845,False,200,
1787684642.7091744,container,30.0,30.0,27.757,False,200,
1787684642.742508,container,30.0,30.0,33.216,False,200,
1787684642.7758412,container,30.0,30.0,34.594,False,200,
1787684642.8091745,container,30.0,30.0,31.585,False,200,
1787684642.8425078,container,30.0,30.0,32.148,False,200,
1787684642.8758411,container,30.0,30.0,28.834,False,200,
1787684642.9091744,container,30.0,30.0,25.915,False,200,
1787684642.9425077,container,30.0,30.0,41.417,False,200,
1787684642.9758413,container,30.0,30.0,33.394,False,200,
1787684643.0091746,container,30.0,30.0,25.938,False,200,
1787684643.042508,container,30.0,30.0,28.703,False,200,
1787684643.0758412,container,30.0,30.0,30.835,False,200,
1787684643.1091745,container,30.0,30.0,29.521,False,200,
1787684643.1425078,container,30.0,30.0,29.723,False,200,
1787684643.175841,container,30.0,30.0,29.482,False,200,
1787684643.2091744,container,30.0,30.0,34.247,False,200,
1787684643.242508,container,30.0,30.0,26.856,False,200,
1787684643.2758412,container,30.0,30.0,26.962,False,200,
1787684643.3091745,container,30.0,30.0,27.789,False,200,
1787684643.3425078,container,30.0,30.0,27.391,False,200,
1787684643.3758411,container,30.0,30.0,36.638,False,200,
1787684643.4091744,container,30.0,30.0,25.497,False,200,
1787684643.4425077,container,30.0,30.0,24.975,False,200,
1787684643.4758413,container,30.0,30.0,24.612,False,200,
1787684643.5091746,container,30.0,30.0,23.313,False,200,
1787684643.542508,container,30.0,30.0,26.803,False,200,
1787684643.5758412,container,30.0,30.0,23.393,False,200,
1787684643.6091745,container,30.0,30.0,30.561,False,200,
1787684643.6425078,container,30.0,30.0,25.776,False,200,
1787684643.675841,container,30.0,30.0,35.4,False,200,
1787684643.7091744,container,30.0,30.0,24.81,False,200,
1787684643.742508,container,30.0,30.0,26.311,False,200,
1787684643.7758412,container,30.0,30.0,36.669,False,200,
1787684643.8091745,container,30.0,30.0,20.24,False,200,
1787684643.8425078,container,30.0,30.0,28.99,False,200,
1787684643.8758411,container,30.0,30.0,37.348,False,200,
1787684643.9091744,container,30.0,30.0,28.414,False,200,
1787684643.9425077,container,30.0,30.0,32.69,False,200,
1787684643.9758413,container,30.0,30.0,22.892,False,200,
1787684644.0091746,container,30.0,30.0,31.078,False,200,
1787684644.042508,container,30.0,30.0,37.049,False,200,
1787684644.0758412,container,30.0,30.0,26.778,False,200,
1787684644.1091745,container,30.0,30.0,26.71,False,200,
1787684644.1425078,container,30.0,30.0,27.704,False,200,
1787684644.175841,container,30.0,30.0,27.224,False,200,
1787684644.2091744,container,30.0,30.0,40.347,False,200,
1787684644.242508,container,30.0,30.0,29.437,False,200,
1787684644.2758412,container,30.0,30.0,36.287,False,200,
1787684644.3091745,container,30.0,30.0,29.398,False,200,
1787684644.3425078,container,30.0,30.0,33.346,False,200,
1787684644.3758411,container,30.0,30.0,35.493,False,200,
1787684644.4091744,container,30.0,30.0,32.532,False,200,
1787684644.4425077,container,30.0,30.0,24.257,False,200,
1787684644.4758413,container,30.0,30.0,20.623,False,200,
1787684644.5091746,container,30.0,30.0,37.924,False,200,
1787684644.542508,container,30.0,30.0,25.769,False,200,
1787684644.5758412,container,30.0,30.0,25.24,False,200,
1787684644.6091745,container,30.0,30.0,32.999,False,200,
1787684644.6425078,container,30.0,30.0,35.487,False,200,
1787684644.675841,container,30.0,30.0,28.917,False,200,
1787684644.7091744,container,30.0,30.0,34.496,False,200,
1787684644.742508,container,30.0,30.0,32.58,False,200,
1787684644.7758412,container,30.0,30.0,28.066,False,200,
1787684644.8091745,container,30.0,30.0,25.524,False,200,
1787684644.8425078,container,30.0,30.0,25.729,False,200,
1787684644.8758411,container,30.0,30.0,36.01,False,200,
1787684644.9091744,container,30.0,30.0,33.17,False,200,
1787684644.9425077,container,30.0,30.0,33.319,False,200,
1787684644.9758413,container,30.0,30.0,27.901,False,200,
1787684645.0091746,container,30.0,30.0,32.696,False,200,
1787684645.042508,container,30.0,30.0,25.755,False,200,
1787684645.0758412,container,30.0,30.0,24.67,False,200,
1787684645.1091745,container,30.0,30.0,33.573,False,200,
1787684645.1425078,container,30.0,30.0,22.977,False,200,
1787684645.175841,container,30.0,30.0,34.441,False,200,
1787684645.2091744,container,30.0,30.0,31.866,False,200,
1787684645.242508,container,30.0,30.0,22.659,False,200,
1787684645.2758412,container,30.0,30.0,31.001,False,200,
1787684645.3091745,container,30.0,30.0,34.882,False,200,
1787684645.3425078,container,30.0,30.0,33.286,False,200,
1787684645.3758411,container,30.0,30.0,31.543,False,200,
1787684645.4091744,container,30.0,30.0,25.321,False,200,
1787684645.4425077,container,30.0,30.0,29.733,False,200,
1787684645.4758413,container,30.0,30.0,29.978,False,200,
1787684645.5091746,container,30.0,30.0,22.974,False,200,
1787684645.542508,container,30.0,30.0,33.795,False,200,
1787684645.5758412,container,30.0,30.0,31.206,False,200,
1787684645.6091745,container,30.0,30.0,41.161,False,200,
1787684645.6425078,container,30.0,30.0,33.774,False,200,
1787684645.675841,container,30.0,30.0,32.414,False,200,
1787684645.7091744,container,30.0,30.0,27.164,False,200,
1787684645.742508,container,30.0,30.0,37.67,False,200,
1787684645.7758412,container,30.0,30.0,27.213,False,200,
1787684645.8091745,container,30.0,30.0,29.18,False,200,
1787684645.8425078,container,30.0,30.0,30.893,False,200,
1787684645.8758411,container,30.0,30.0,27.351,False,200,
1787684645.9091744,container,30.0,30.0,36.543,False,200,
1787684645.9425077,container,30.0,30.0,31.642,False,200,
1787684645.9758413,container,30.0,30.0,24.353,False,200,
1787684646.0091746,container,30.0,30.0,35.619,False,200,
1787684646.042508,container,30.0,30.0,31.002,False,200,
1787684646.0758412,container,30.0,30.0,40.754,False,200,
1787684646.1091745,container,30.0,30.0,25.96,False,200,
1787684646.1425078,container,30.0,30.0,34.684,False,200,
1787684646.175841,container,30.0,30.0,31.168,False,200,
1787684646.2091744,container,30.0,30.0,28.16,False,200,
1787684646.242508,container,30.0,30.0,29.161,False,200,
1787684646.2758412,container,30.0,30.0,29.778,False,200,
1787684646.3091745,container,30.0,30.0,27.14,False,200,
1787684646.3425078,container,30.0,30.0,23.557,False,200,
1787684646.3758411,container,30.0,30.0,30.21,False,200,
1787684646.4091744,container,30.0,30.0,26.704,False,200,
1787684646.4425077,container,30.0,30.0,31.157,False,200,
1787684646.4758413,container,30.0,30.0,24.673,False,200,
1787684646.5091746,container,30.0,30.0,33.416,False,200,
1787684646.542508,container,30.0,30.0,29.344,False,200,
1787684646.5758412,container,30.0,30.0,36.352,False,200,
1787684646.6091745,container,30.0,30.0,27.006,False,200,
1787684646.6425078,container,30.0,30.0,40.129,False,200,
1787684646.675841,container,30.0,30.0,24.96,False,200,
1787684646.7091744,container,30.0,30.0,33.067,False,200,
1787684646.742508,container,30.0,30.0,28.982,False,200,
1787684646.7758412,container,30.0,30.0,35.821,False,200,
1787684646.8091745,container,30.0,30.0,22.707,False,200,
1787684646.8425078,container,30.0,30.0,20.812,False,200,
1787684646.8758411,container,30.0,30.0,29.275,False,200,
1787684646.9091744,container,30.0,30.0,30.214,False,200,
1787684646.9425077,container,30.0,30.0,27.982,False,200,
1787684646.9758413,container,30.0,30.0,30.85,False,200,
1787684647.0091746,container,30.0,30.0,31.788,False,200,
1787684647.042508,container,30.0,30.0,25.359,False,200,
1787684647.0758412,container,30.0,30.0,29.146,False,200,
1787684647.1091745,container,30.0,30.0,27.852,False,200,
1787684647.1425078,container,30.0,30.0,33.335,False,200,
1787684647.175841,container,30.0,30.0,37.884,False,200,
1787684647.2091744,container,30.0,30.0,36.388,False,200,
1787684647.242508,container,30.0,30.0,28.26,False,200,
1787684647.2758412,container,30.0,30.0,25.744,False,200,
1787684647.3091745,container,30.0,30.0,33.36,False,200,
1787684647.3425078,container,30.0,30.0,27.728,False,200,
1787684647.3758411,container,30.0,30.0,26.606,False,200,
1787684647.4091744,container,30.0,30.0,27.317,False,200,
1787684647.4425077,container,30.0,30.0,35.283,False,200,
1787684647.4758413,container,30.0,30.0,26.561,False,200,
1787684647.5091746,container,30.0,30.0,27.503,False,200,
1787684647.542508,container,30.0,30.0,30.177,False,200,
1787684647.5758412,container,30.0,30.0,23.133,False,200,
1787684647.6091745,container,30.0,30.0,37.704,False,200,
1787684647.6425078,container,30.0,30.0,31.992,False,200,
1787684647.675841,container,30.0,30.0,25.807,False,200,
1787684647.7091744,container,30.0,30.0,31.034,False,200,
1787684647.742508,container,30.0,30.0,31.696,False,200,
1787684647.7758412,container,30.0,30.0,36.58,False,200,
1787684647.8091745,container,30.0,30.0,23.968,False,200,
1787684647.8425078,container,30.0,30.0,22.268,False,200,
1787684647.8758411,container,30.0,30.0,26.224,False,200,
1787684647.9091744,container,30.0,30.0,29.101,False,200,
1787684647.9425077,container,30.0,30.0,29.515,False,200,
1787684647.9758413,container,30.0,30.0,26.473,False,200,
1787684648.0091746,container,30.0,30.0,33.502,False,200,
1787684648.042508,container,30.0,30.0,26.4,False,200,
1787684648.0758412,container,30.0,30.0,27.85,False,200,
1787684648.1091745,container,30.0,30.0,23.279,False,200,
1787684648.1425078,container,30.0,30.0,25.842,False,200,
1787684648.175841,container,30.0,30.0,31.684,False,200,
1787684648.2091744,container,30.0,30.0,27.138,False,200,
1787684648.242508,container,30.0,30.0,29.735,False,200,
1787684648.2758412,container,30.0,30.0,29.436,False,200,
1787684648.3091745,container,30.0,30.0,19.532,False,200,
1787684648.3425078,container,30.0,30.0,33.426,False,200,
1787684648.3758411,container,30.0,30.0,25.642,False,200,
1787684648.4091744,container,30.0,30.0,29.043,False,200,
1787684648.4425077,container,30.0,30.0,29.0,False,200,
1787684648.4758413,container,30.0,30.0,24.103,False,200,
1787684648.5091746,container,30.0,30.0,25.87,False,200,
1787684648.542508,container,30.0,30.0,28.333,False,200,
1787684648.5758412,container,30.0,30.0,30.617,False,200,
1787684648.6091745,container,30.0,30.0,33.742,False,200,
1787684648.6425078,container,30.0,30.0,32.563,False,200,
1787684648.675841,container,30.0,30.0,24.339,False,200,
1787684648.7091744,container,30.0,30.0,34.284,False,200,
1787684648.742508,container,30.0,30.0,27.86,False,200,
1787684648.7758412,container,30.0,30.0,26.71,False,200,
1787684648.8091745,container,30.0,30.0,29.331,False,200,
1787684648.8425078,container,30.0,30.0,27.119,False,200,
1787684648.8758411,container,30.0,30.0,34.968,False,200,
1787684648.9091744,container,30.0,30.0,34.309,False,200,
1787684648.9425077,container,30.0,30.0,40.092,False,200,
1787684648.9758413,container,30.0,30.0,34.37,False,200,
1787684649.0091746,container,30.0,30.0,24.587,False,200,
1787684649.042508,container,30.0,30.0,31.337,False,200,
1787684649.0758412,container,30.0,30.0,33.502,False,200,
1787684649.1091745,container,30.0,30.0,42.314,False,200,
1787684649.1425078,container,30.0,30.0,32.262,False,200,
1787684649.175841,container,30.0,30.0,34.075,False,200,
1787684649.2091744,container,30.0,30.0,29.933,False,200,
1787684649.242508,container,30.0,30.0,22.584,False,200,
1787684649.2758412,container,30.0,30.0,24.9,False,200,
1787684649.3091745,container,30.0,30.0,35.529,False,200,
1787684649.3425078,container,30.0,30.0,21.938,False,200,
1787684649.3758411,container,30.0,30.0,32.913,False,200,
1787684649.4091744,container,30.0,30.0,31.966,False,200,
1787684649.4425077,container,30.0,30.0,38.379,False,200,
1787684649.4758413,container,30.0,30.0,27.532,False,200,
1787684649.5091746,container,30.0,30.0,22.621,False,200,
1787684649.542508,container,30.0,30.0,25.166,False,200,
1787684649.5758412,container,30.0,30.0,32.124,False,200,
1787684649.6091745,container,30.0,30.0,38.498,False,200,
1787684649.6425078,container,30.0,30.0,25.386,False,200,
1787684649.675841,container,30.0,30.0,36.524,False,200,
1787684649.7091744,container,30.0,30.0,29.475,False,200,
1787684649.742508,container,30.0,30.0,25.508,False,200,
1787684649.7758412,container,30.0,30.0,23.998,False,200,
1787684649.8091745,container,30.0,30.0,27.817,False,200,
1787684649.8425078,container,30.0,30.0,27.462,False,200,
1787684649.8758411,container,30.0,30.0,32.161,False,200,
1787684649.9091744,container,30.0,30.0,36.309,False,200,
1787684649.9425077,container,30.0,30.0,33.769,False,200,
1787684649.9758413,container,30.0,30.0,36.94,False,200,
1787684650.0091746,container,30.0,30.0,25.21,False,200,
1787684650.042508,container,30.0,30.0,27.701,False,200,
1787684650.0758412,container,30.0,30.0,26.967,False,200,
1787684650.1091745,container,30.0,30.0,30.291,False,200,
1787684650.1425078,container,30.0,30.0,28.867,False,200,
1787684650.175841,container,30.0,30.0,29.168,False,200,
1787684650.2091744,container,30.0,30.0,37.954,False,200,
1787684650.242508,container,30.0,30.0,26.562,False,200,
1787684650.2758412,container,30.0,30.0,35.149,False,200,
1787684650.3091745,container,30.0,30.0,32.664,False,200,
1787684650.3425078,container,30.0,30.0,29.668,False,200,
1787684650.3758411,container,30.0,30.0,30.38,False,200,
1787684650.4091744,container,30.0,30.0,30.871,False,200,
1787684650.4425077,container,30.0,30.0,33.614,False,200,
1787684650.4758413,container,30.0,30.0,31.898,False,200,
1787684650.5091746,container,30.0,30.0,30.362,False,200,
1787684650.542508,container,30.0,30.0,27.874,False,200,
1787684650.5758412,container,30.0,30.0,26.642,False,200,
1787684650.6091745,container,30.0,30.0,32.608,False,200,
1787684650.6425078,container,30.0,30.0,28.973,False,200,
1787684650.675841,container,30.0,30.0,30.371,False,200,
1787684650.7091744,container,30.0,30.0,26.876,False,200,
1787684650.742508,container,30.0,30.0,33.237,False,200,
1787684650.7758412,container,30.0,30.0,30.512,False,200,
1787684650.8091745,container,30.0,30.0,30.146,False,200,
1787684650.8425078,container,30.0,30.0,35.524,False,200,
1787684650.8758411,container,30.0,30.0,26.426,False,200,
1787684650.9091744,container,30.0,30.0,27.23,False,200,
1787684650.9425077,container,30.0,30.0,28.581,False,200,
1787684650.9758413,container,30.0,30.0,32.827,False,200,
1787684651.0091746,container,30.0,30.0,30.28,False,200,
1787684651.042508,container,30.0,30.0,27.968,False,200,
1787684651.0758412,container,30.0,30.0,33.001,False,200,
1787684651.1091745,container,30.0,30.0,26.401,False,200,
1787684651.1425078,container,30.0,30.0,35.876,False,200,
1787684651.175841,container,30.0,30.0,31.864,False,200,
1787684651.2091744,container,30.0,30.0,26.055,False,200,
1787684651.242508,container,30.0,30.0,28.507,False,200,
1787684651.2758412,container,30.0,30.0,34.442,False,200,
1787684651.3091745,container,30.0,30.0,26.919,False,200,
1787684651.3425078,container,30.0,30.0,23.711,False,200,
1787684651.3758411,container,30.0,30.0,27.957,False,200,
1787684651.4091744,container,30.0,30.0,32.374,False,200,
1787684651.4425077,container,30.0,30.0,29.317,False,200,
1787684651.4758413,container,30.0,30.0,29.829,False,200,
1787684651.5091746,container,30.0,30.0,28.752,False,200,
1787684651.542508,container,30.0,30.0,28.138,False,200,
1787684651.5758412,container,30.0,30.0,35.324,False,200,
1787684651.6091745,container,30.0,30.0,26.533,False,200,
1787684651.6425078,container,30.0,30.0,43.101,False,200,
1787684651.675841,container,30.0,30.0,30.44,False,200,
1787684651.7091744,container,30.0,30.0,27.201,False,200,
1787684651.742508,container,30.0,30.0,30.786,False,200,
1787684651.7758412,container,30.0,30.0,33.342,False,200,
1787684651.8091745,container,30.0,30.0,32.233,False,200,
1787684651.8425078,container,30.0,30.0,29.778,False,200,
1787684651.8758411,container,30.0,30.0,36.171,False,200,
1787684651.9091744,container,30.0,30.0,30.031,False,200,
1787684651.9425077,container,30.0,30.0,28.483,False,200,
1787684651.9758413,container,30.0,30.0,27.222,False,200,
1787684652.0091746,container,30.0,30.0,31.554,False,200,
1787684652.042508,container,30.0,30.0,34.644,False,200,
1787684652.0758412,container,30.0,30.0,27.545,False,200,
1787684652.1091745,container,30.0,30.0,32.658,False,200,
1787684652.1425078,container,30.0,30.0,24.698,False,200,
1787684652.175841,container,30.0,30.0,31.277,False,200,
1787684652.2091744,container,30.0,30.0,34.64,False,200,
1787684652.242508,container,30.0,30.0,26.679,False,200,
1787684652.2758412,container,30.0,30.0,25.733,False,200,
1787684652.3091745,container,30.0,30.0,28.133,False,200,
1787684652.3425078,container,30.0,30.0,30.078,False,200,
1787684652.3758411,container,30.0,30.0,29.352,False,200,
1787684652.4091744,container,30.0,30.0,29.639,False,200,
1787684652.4425077,container,30.0,30.0,31.566,False,200,
1787684652.4758413,container,30.0,30.0,34.383,False,200,
1787684652.5091746,container,30.0,30.0,24.996,False,200,
1787684652.542508,container,30.0,30.0,26.82,False,200,
1787684652.5758412,container,30.0,30.0,22.15,False,200,
1787684652.6091745,container,30.0,30.0,31.512,False,200,
1787684652.6425078,container,30.0,30.0,33.433,False,200,
1787684652.675841,container,30.0,30.0,39.276,False,200,
1787684652.7091744,container,30.0,30.0,33.08,False,200,
1787684652.742508,container,30.0,30.0,36.057,False,200,
1787684652.7758412,container,30.0,30.0,27.546,False,200,
1787684652.8091745,container,30.0,30.0,28.395,False,200,
1787684652.8425078,container,30.0,30.0,24.619,False,200,
1787684652.8758411,container,30.0,30.0,34.022,False,200,
1787684652.9091744,container,30.0,30.0,26.327,False,200,
1787684652.9425077,container,30.0,30.0,33.698,False,200,
1787684652.9758413,container,30.0,30.0,34.606,False,200,
1787684653.0091746,container,30.0,30.0,26.465,False,200,
1787684653.042508,container,30.0,30.0,30.675,False,200,
1787684653.0758412,container,30.0,30.0,32.288,False,200,
1787684653.1091745,container,30.0,30.0,28.721,False,200,
1787684653.1425078,container,30.0,30.0,29.153,False,200,
1787684653.175841,container,30.0,30.0,27.862,False,200,
1787684653.2091744,container,30.0,30.0,24.302,False,200,
1787684653.242508,container,30.0,30.0,29.616,False,200,
1787684653.2758412,container,30.0,30.0,32.139,False,200,
1787684653.3091745,container,30.0,30.0,32.831,False,200,
1787684653.3425078,container,30.0,30.0,30.96,False,200,
1787684653.3758411,container,30.0,30.0,33.843,False,200,
1787684653.4091744,container,30.0,30.0,31.432,False,200,
1787684653.4425077,container,30.0,30.0,35.649,False,200,
1787684653.4758413,container,30.0,30.0,26.574,False,200,
1787684653.5091746,container,30.0,30.0,25.839,False,200,
1787684653.542508,container,30.0,30.0,30.929,False,200,
1787684653.5758412,container,30.0,30.0,31.506,False,200,
1787684653.6091745,container,30.0,30.0,26.585,False,200,
1787684653.6425078,container,30.0,30.0,26.94,False,200,
1787684653.675841,container,30.0,30.0,25.048,False,200,
1787684653.7091744,container,30.0,30.0,37.179,False,200,
1787684653.742508,container,30.0,30.0,19.082,False,200,
1787684653.7758412,container,30.0,30.0,31.463,False,200,
1787684653.8091745,container,30.0,30.0,23.908,False,200,
1787684653.8425078,container,30.0,30.0,28.972,False,200,
1787684653.8758411,container,30.0,30.0,22.816,False,200,
1787684653.9091744,container,30.0,30.0,24.697,False,200,
1787684653.9425077,container,30.0,30.0,26.372,False,200,
1787684653.9758413,container,30.0,30.0,34.249,False,200,
1787684654.0091746,container,30.0,30.0,26.825,False,200,
1787684654.042508,container,30.0,30.0,41.483,False,200,
1787684654.0758412,container,30.0,30.0,25.092,False,200,
1787684654.1091745,container,30.0,30.0,27.958,False,200,
1787684654.1425078,container,30.0,30.0,31.323,False,200,
1787684654.175841,container,30.0,30.0,33.025,False,200,
1787684654.2091744,container,30.0,30.0,21.04,False,200,
1787684654.242508,container,30.0,30.0,23.469,False,200,
1787684654.2758412,container,30.0,30.0,31.729,False,200,
1787684654.3091745,container,30.0,30.0,19.958,False,200,
1787684654.3425078,container,30.0,30.0,31.847,False,200,
1787684654.3758411,container,30.0,30.0,32.569,False,200,
1787684654.4091744,container,30.0,30.0,30.493,False,200,
1787684654.4425077,container,30.0,30.0,27.312,False,200,
1787684654.4758413,container,30.0,30.0,28.315,False,200,
1787684654.5091746,container,30.0,30.0,28.032,False,200,
1787684654.542508,container,30.0,30.0,34.849,False,200,
1787684654.5758412,container,30.0,30.0,27.202,False,200,
1787684654.6091745,container,30.0,30.0,31.309,False,200,
1787684654.6425078,container,30.0,30.0,26.917,False,200,
1787684654.675841,container,30.0,30.0,39.158,False,200,
1787684654.7091744,container,30.0,30.0,32.383,False,200,
1787684654.742508,container,30.0,30.0,30.285,False,200,
1787684654.7758412,container,30.0,30.0,34.4,False,200,
1787684654.8091745,container,30.0,30.0,27.163,False,200,
1787684654.8425078,container,30.0,30.0,29.785,False,200,
1787684654.8758411,container,30.0,30.0,31.656,False,200,
1787684654.9091744,container,30.0,30.0,39.107,False,200,
1787684654.9425077,container,30.0,30.0,20.153,False,200,
1787684654.9758413,container,30.0,30.0,32.321,False,200,
1787684655.0091746,container,30.0,30.0,24.582,False,200,
1787684655.042508,container,30.0,30.0,26.912,False,200,
1787684655.0758412,container,30.0,30.0,42.809,False,200,
1787684655.1091745,container,30.0,30.0,33.494,False,200,
1787684655.1425078,container,30.0,30.0,31.266,False,200,
1787684655.175841,container,30.0,30.0,26.205,False,200,
1787684655.2091744,container,30.0,30.0,37.35,False,200,
1787684655.242508,container,30.0,30.0,29.436,False,200,
1787684655.2758412,container,30.0,30.0,37.961,False,200,
1787684655.3091745,container,30.0,30.0,22.136,False,200,
1787684655.3425078,container,30.0,30.0,31.01,False,200,
1787684655.3758411,container,30.0,30.0,27.3,False,200,
1787684655.4091744,container,30.0,30.0,43.704,False,200,
1787684655.4425077,container,30.0,30.0,36.354,False,200,
1787684655.4758413,container,30.0,30.0,33.137,False,200,
1787684655.5091746,container,30.0,30.0,27.474,False,200,
1787684655.542508,container,30.0,30.0,26.256,False,200,
1787684655.5758412,container,30.0,30.0,33.778,False,200,
1787684655.6091745,container,30.0,30.0,29.352,False,200,
1787684655.6425078,container,30.0,30.0,27.899,False,200,
1787684655.675841,container,30.0,30.0,26.033,False,200,
1787684655.7091744,container,30.0,30.0,27.924,False,200,
1787684655.742508,container,30.0,30.0,25.461,False,200,
1787684655.7758412,container,30.0,30.0,42.189,False,200,
1787684655.8091745,container,30.0,30.0,49.131,False,200,
1787684655.8425078,container,30.0,30.0,32.119,False,200,
1787684655.8758411,container,30.0,30.0,26.526,False,200,
1787684655.9091744,container,30.0,30.0,37.369,False,200,
1787684655.9425077,container,30.0,30.0,31.516,False,200,
1787684655.9758413,container,30.0,30.0,22.102,False,200,
1787684656.0091746,container,30.0,30.0,31.929,False,200,
1787684656.042508,container,30.0,30.0,25.004,False,200,
1787684656.0758412,container,30.0,30.0,35.149,False,200,
1787684656.1091745,container,30.0,30.0,24.539,False,200,
1787684656.1425078,container,30.0,30.0,25.739,False,200,
1787684656.175841,container,30.0,30.0,31.664,False,200,
1787684656.2091744,container,30.0,30.0,26.899,False,200,
1787684656.242508,container,30.0,30.0,26.233,False,200,
1787684656.2758412,container,30.0,30.0,29.654,False,200,
1787684656.3091745,container,30.0,30.0,37.304,False,200,
1787684656.3425078,container,30.0,30.0,33.493,False,200,
1787684656.3758411,container,30.0,30.0,28.034,False,200,
1787684656.4091744,container,30.0,30.0,36.16,False,200,
1787684656.4425077,container,30.0,30.0,27.075,False,200,
1787684656.4758413,container,30.0,30.0,22.292,False,200,
1787684656.5091746,container,30.0,30.0,36.44,False,200,
1787684656.542508,container,30.0,30.0,31.114,False,200,
1787684656.5758412,container,30.0,30.0,29.094,False,200,
1787684656.6091745,container,30.0,30.0,30.065,False,200,
1787684656.6425078,container,30.0,30.0,36.208,False,200,
1787684656.675841,container,30.0,30.0,32.177,False,200,
1787684656.7091744,container,30.0,30.0,32.774,False,200,
1787684656.742508,container,30.0,30.0,26.581,False,200,
1787684656.7758412,container,30.0,30.0,25.997,False,200,
1787684656.8091745,container,30.0,30.0,30.28,False,200,
1787684656.8425078,container,30.0,30.0,35.258,False,200,
1787684656.8758411,container,30.0,30.0,28.255,False,200,
1787684656.9091744,container,30.0,30.0,34.372,False,200,
1787684656.9425077,container,30.0,30.0,37.244,False,200,
1787684656.9758413,container,30.0,30.0,21.822,False,200,
1787684657.0091746,container,30.0,30.0,36.4,False,200,
1787684657.042508,container,30.0,30.0,26.378,False,200,
1787684657.0758412,container,30.0,30.0,26.704,False,200,
1787684657.1091745,container,30.0,30.0,33.003,False,200,
1787684657.1425078,container,30.0,30.0,28.887,False,200,
1787684657.175841,container,30.0,30.0,30.598,False,200,
1787684657.2091744,container,30.0,30.0,28.835,False,200,
1787684657.242508,container,30.0,30.0,28.283,False,200,
1787684657.2758412,container,30.0,30.0,29.214,False,200,
1787684657.3091745,container,30.0,30.0,41.297,False,200,
1787684657.3425078,container,30.0,30.0,38.206,False,200,
1787684657.3758411,container,30.0,30.0,33.369,False,200,
1787684657.4091744,container,30.0,30.0,30.327,False,200,
1787684657.4425077,container,30.0,30.0,33.31,False,200,
1787684657.4758413,container,30.0,30.0,42.968,False,200,
1787684657.5091746,container,30.0,30.0,31.68,False,200,
1787684657.542508,container,30.0,30.0,29.802,False,200,
1787684657.5758412,container,30.0,30.0,32.831,False,200,
1787684657.6091745,container,30.0,30.0,36.328,False,200,
1787684657.6425078,container,30.0,30.0,27.441,False,200,
1787684657.675841,container,30.0,30.0,33.193,False,200,
1787684657.7091744,container,30.0,30.0,28.79,False,200,
1787684657.742508,container,30.0,30.0,29.57,False,200,
1787684657.7758412,container,30.0,30.0,29.746,False,200,
1787684657.8091745,container,30.0,30.0,30.145,False,200,
1787684657.8425078,container,30.0,30.0,28.884,False,200,
1787684657.8758411,container,30.0,30.0,31.857,False,200,
1787684657.9091744,container,30.0,30.0,27.099,False,200,
1787684657.9425077,container,30.0,30.0,27.415,False,200,
1787684657.9758413,container,30.0,30.0,26.673,False,200,
1787684658.0091746,container,30.0,30.0,27.024,False,200,
1787684658.042508,container,30.0,30.0,26.433,False,200,
1787684658.0758412,container,30.0,30.0,28.678,False,200,
1787684658.1091745,container,30.0,30.0,22.977,False,200,
1787684658.1425078,container,30.0,30.0,26.061,False,200,
1787684658.175841,container,30.0,30.0,32.722,False,200,
1787684658.2091744,container,30.0,30.0,32.824,False,200,
1787684658.242508,container,30.0,30.0,34.357,False,200,
1787684658.2758412,container,30.0,30.0,31.567,False,200,
1787684658.3091745,container,30.0,30.0,29.455,False,200,
1787684658.3425078,container,30.0,30.0,38.513,False,200,
1787684658.3758411,container,30.0,30.0,35.108,False,200,
1787684658.4091744,container,30.0,30.0,30.925,False,200,
1787684658.4425077,container,30.0,30.0,34.593,False,200,
1787684658.4758413,container,30.0,30.0,37.283,False,200,
1787684658.5091746,container,30.0,30.0,32.352,False,200,
1787684658.542508,container,30.0,30.0,33.512,False,200,
1787684658.5758412,container,30.0,30.0,30.958,False,200,
1787684658.6091745,container,30.0,30.0,25.8,False,200,
1787684658.6425078,container,30.0,30.0,38.84,False,200,
1787684658.675841,container,30.0,30.0,29.605,False,200,
1787684658.7091744,container,30.0,30.0,34.998,False,200,
1787684658.742508,container,30.0,30.0,32.752,False,200,
1787684658.7758412,container,30.0,30.0,26.647,False,200,
1787684658.8091745,container,30.0,30.0,32.739,False,200,
1787684658.8425078,container,30.0,30.0,38.647,False,200,
1787684658.8758411,container,30.0,30.0,28.972,False,200,
1787684658.9091744,container,30.0,30.0,30.981,False,200,
1787684658.9425077,container,30.0,30.0,32.597,False,200,
1787684658.9758413,container,30.0,30.0,37.439,False,200,
1787684659.0091746,container,30.0,30.0,26.351,False,200,
1787684659.042508,container,30.0,30.0,27.875,False,200,
1787684659.0758412,container,30.0,30.0,27.612,False,200,
1787684659.1091745,container,30.0,30.0,29.883,False,200,
1787684659.1425078,container,30.0,30.0,28.582,False,200,
1787684659.175841,container,30.0,30.0,33.762,False,200,
1787684659.2091744,container,30.0,30.0,30.89,False,200,
1787684659.242508,container,30.0,30.0,20.428,False,200,
1787684659.2758412,container,30.0,30.0,28.629,False,200,
1787684659.3091745,container,30.0,30.0,25.804,False,200,
1787684659.3425078,container,30.0,30.0,33.164,False,200,
1787684659.3758411,container,30.0,30.0,38.64,False,200,
1787684659.4091744,container,30.0,30.0,27.175,False,200,
1787684659.4425077,container,30.0,30.0,25.217,False,200,
1787684659.4758413,container,30.0,30.0,35.559,False,200,
1787684659.5091746,container,30.0,30.0,28.609,False,200,
1787684659.542508,container,30.0,30.0,25.912,False,200,
1787684659.5758412,container,30.0,30.0,29.043,False,200,
1787684659.6091745,container,30.0,30.0,27.064,False,200,
1787684659.6425078,container,30.0,30.0,25.682,False,200,
1787684659.675841,container,30.0,30.0,29.377,False,200,
1787684659.7091744,container,30.0,30.0,27.802,False,200,
1787684659.742508,container,30.0,30.0,25.027,False,200,
1787684659.7758412,container,30.0,30.0,35.057,False,200,
1787684659.8091745,container,30.0,30.0,29.339,False,200,
1787684659.8425078,container,30.0,30.0,23.745,False,200,
1787684659.8758411,container,30.0,30.0,25.899,False,200,
1787684659.9091744,container,30.0,30.0,33.618,False,200,
1787684659.9425077,container,30.0,30.0,25.513,False,200,
1787684659.9758413,container,30.0,30.0,33.143,False,200,
1787684660.0091746,container,30.0,30.0,37.071,False,200,
1787684660.042508,container,30.0,30.0,34.692,False,200,
1787684660.0758412,container,30.0,30.0,35.4,False,200,
1787684660.1091745,container,30.0,30.0,23.359,False,200,
1787684660.1425078,container,30.0,30.0,35.088,False,200,
1787684660.175841,container,30.0,30.0,32.218,False,200,
1787684660.2091744,container,30.0,30.0,28.511,False,200,
1787684660.242508,container,30.0,30.0,29.162,False,200,
1787684660.2758412,container,30.0,30.0,29.092,False,200,
1787684660.3091745,container,30.0,30.0,25.863,False,200,
1787684660.3425078,container,30.0,30.0,28.356,False,200,
1787684660.3758411,container,30.0,30.0,32.8,False,200,
1787684660.4091744,container,30.0,30.0,25.864,False,200,
1787684660.4425077,container,30.0,30.0,29.694,False,200,
1787684660.4758413,container,30.0,30.0,30.25,False,200,
1787684660.5091746,container,30.0,30.0,35.226,False,200,
1787684660.542508,container,30.0,30.0,30.532,False,200,
1787684660.5758412,container,30.0,30.0,27.324,False,200,
1787684660.6091745,container,30.0,30.0,23.262,False,200,
1787684660.6425078,container,30.0,30.0,29.18,False,200,
1787684660.675841,container,30.0,30.0,31.256,False,200,
1787684660.7091744,container,30.0,30.0,30.379,False,200,
1787684660.742508,container,30.0,30.0,26.275,False,200,
1787684660.7758412,container,30.0,30.0,39.145,False,200,
1787684660.8091745,container,30.0,30.0,28.532,False,200,
1787684660.8425078,container,30.0,30.0,42.772,False,200,
1787684660.8758411,container,30.0,30.0,30.821,False,200,
1787684660.9091744,container,30.0,30.0,24.255,False,200,
1787684660.9425077,container,30.0,30.0,26.358,False,200,
1787684660.9758413,container,30.0,30.0,33.33,False,200,
1787684661.0091746,container,30.0,30.0,22.277,False,200,
1787684661.042508,container,30.0,30.0,22.818,False,200,
1787684661.0758412,container,30.0,30.0,28.177,False,200,
1787684661.1091745,container,30.0,30.0,23.161,False,200,
1787684661.1425078,container,30.0,30.0,28.414,False,200,
1787684661.175841,container,30.0,30.0,23.925,False,200,
1787684661.2091744,container,30.0,30.0,38.445,False,200,
1787684661.242508,container,30.0,30.0,32.651,False,200,
1787684661.2758412,container,30.0,30.0,30.762,False,200,
1787684661.3091745,container,30.0,30.0,32.889,False,200,
1787684661.3425078,container,30.0,30.0,28.531,False,200,
1787684661.3758411,container,30.0,30.0,28.885,False,200,
1787684661.4091744,container,30.0,30.0,32.173,False,200,
1787684661.4425077,container,30.0,30.0,24.721,False,200,
1787684661.4758413,container,30.0,30.0,23.94,False,200,
1787684661.5091746,container,30.0,30.0,26.68,False,200,
1787684661.542508,container,30.0,30.0,31.322,False,200,
1787684661.5758412,container,30.0,30.0,35.974,False,200,
1787684661.6091745,container,30.0,30.0,28.633,False,200,
1787684661.6425078,container,30.0,30.0,29.646,False,200,
1787684661.675841,container,30.0,30.0,33.137,False,200,
1787684661.7091744,container,30.0,30.0,30.138,False,200,
1787684661.742508,container,30.0,30.0,26.455,False,200,
1787684661.7758412,container,30.0,30.0,34.523,False,200,
1787684661.8091745,container,30.0,30.0,35.464,False,200,
1787684661.8425078,container,30.0,30.0,33.359,False,200,
1787684661.8758411,container,30.0,30.0,27.124,False,200,
1787684661.9091744,container,30.0,30.0,29.372,False,200,
1787684661.9425077,container,30.0,30.0,28.265,False,200,
1787684661.9758413,container,30.0,30.0,34.128,False,200,
1787684662.0091746,container,30.0,30.0,26.713,False,200,
1787684662.042508,container,30.0,30.0,30.677,False,200,
1787684662.0758412,container,30.0,30.0,31.556,False,200,
1787684662.1091745,container,30.0,30.0,29.796,False,200,
1787684662.1425078,container,30.0,30.0,29.465,False,200,
1787684662.175841,container,30.0,30.0,31.088,False,200,
1787684662.2091744,container,30.0,30.0,32.119,False,200,
1787684662.242508,container,30.0,30.0,23.762,False,200,
1787684662.2758412,container,30.0,30.0,43.344,False,200,
1787684662.3091745,container,30.0,30.0,28.123,False,200,
1787684662.3425078,container,30.0,30.0,28.921,False,200,
1787684662.3758411,container,30.0,30.0,30.411,False,200,
1787684662.4091744,container,30.0,30.0,31.699,False,200,
1787684662.4425077,container,30.0,30.0,23.728,False,200,
1787684662.4758413,container,30.0,30.0,27.527,False,200,
1787684662.5091746,container,30.0,30.0,27.726,False,200,
1787684662.542508,container,30.0,30.0,26.735,False,200,
1787684662.5758412,container,30.0,30.0,39.761,False,200,
1787684662.6091745,container,30.0,30.0,38.006,False,200,
1787684662.6425078,container,30.0,30.0,31.34,False,200,
1787684662.675841,container,30.0,30.0,28.169,False,200,
1787684662.7091744,container,30.0,30.0,24.247,False,200,
1787684662.742508,container,30.0,30.0,27.015,False,200,
1787684662.7758412,container,30.0,30.0,29.813,False,200,
1787684662.8091745,container,30.0,30.0,24.768,False,200,
1787684662.8425078,container,30.0,30.0,33.251,False,200,
1787684662.8758411,container,30.0,30.0,23.767,False,200,
1787684662.9091744,container,30.0,30.0,24.045,False,200,
1787684662.9425077,container,30.0,30.0,31.194,False,200,
1787684662.9758413,container,30.0,30.0,32.385,False,200,
1787684663.0091746,container,30.0,30.0,27.643,False,200,
1787684663.042508,container,30.0,30.0,23.293,False,200,
1787684663.0758412,container,30.0,30.0,28.886,False,200,
1787684663.1091745,container,30.0,30.0,32.459,False,200,
1787684663.1425078,container,30.0,30.0,41.447,False,200,
1787684663.175841,container,30.0,30.0,36.257,False,200,
1787684663.2091744,container,30.0,30.0,32.572,False,200,
1787684663.242508,container,30.0,30.0,28.766,False,200,
1787684663.2758412,container,30.0,30.0,28.895,False,200,
1787684663.3091745,container,30.0,30.0,34.772,False,200,
1787684663.3425078,container,30.0,30.0,29.46,False,200,
1787684663.3758411,container,30.0,30.0,34.844,False,200,
1787684663.4091744,container,30.0,30.0,23.52,False,200,
1787684663.4425077,container,30.0,30.0,32.235,False,200,
1787684663.4758413,container,30.0,30.0,30.484,False,200,
1787684663.5091746,container,30.0,30.0,27.852,False,200,
1787684663.542508,container,30.0,30.0,35.712,False,200,
1787684663.5758412,container,30.0,30.0,26.109,False,200,
1787684663.6091745,container,30.0,30.0,29.004,False,200,
1787684663.6425078,container,30.0,30.0,27.213,False,200,
1787684663.675841,container,30.0,30.0,26.084,False,200,
1787684663.7091744,container,30.0,30.0,33.061,False,200,
1787684663.742508,container,30.0,30.0,23.074,False,200,
1787684663.7758412,container,30.0,30.0,38.382,False,200,
1787684663.8091745,container,30.0,30.0,31.722,False,200,
1787684663.8425078,container,30.0,30.0,27.324,False,200,
1787684663.8758411,container,30.0,30.0,31.345,False,200,
1787684663.9091744,container,30.0,30.0,30.156,False,200,
1787684663.9425077,container,30.0,30.0,25.681,False,200,
1787684663.9758413,container,30.0,30.0,34.435,False,200,
1787684664.0091746,container,30.0,30.0,30.256,False,200,
1787684664.042508,container,30.0,30.0,30.476,False,200,
1787684664.0758412,container,30.0,30.0,27.132,False,200,
1787684664.1091745,container,30.0,30.0,26.342,False,200,
1787684664.1425078,container,30.0,30.0,28.63,False,200,
1787684664.175841,container,30.0,30.0,24.536,False,200,
1787684664.2091744,container,30.0,30.0,29.608,False,200,
1787684664.242508,container,30.0,30.0,27.293,False,200,
1787684664.2758412,container,30.0,30.0,33.558,False,200,
1787684664.3091745,container,30.0,30.0,32.672,False,200,
1787684664.3425078,container,30.0,30.0,24.594,False,200,
1787684664.3758411,container,30.0,30.0,28.515,False,200,
1787684664.4091744,container,30.0,30.0,33.15,False,200,
1787684664.4425077,container,30.0,30.0,34.326,False,200,
1787684664.4758413,container,30.0,30.0,27.815,False,200,
1787684664.5091746,container,30.0,30.0,23.587,False,200,
1787684664.542508,container,30.0,30.0,35.282,False,200,
1787684664.5758412,container,30.0,30.0,31.383,False,200,
1787684664.6091745,container,30.0,30.0,31.919,False,200,
1787684664.6425078,container,30.0,30.0,26.329,False,200,
1787684664.675841,container,30.0,30.0,25.624,False,200,
1787684664.7091744,container,30.0,30.0,35.43,False,200,
1787684664.742508,container,30.0,30.0,31.938,False,200,
1787684664.7758412,container,30.0,30.0,34.998,False,200,
1787684664.8091745,container,30.0,30.0,38.154,False,200,
1787684664.8425078,container,30.0,30.0,31.863,False,200,
1787684664.8758411,container,30.0,30.0,30.006,False,200,
1787684664.9091744,container,30.0,30.0,31.271,False,200,
1787684664.9425077,container,30.0,30.0,29.377,False,200,
1787684664.9758413,container,30.0,30.0,30.839,False,200,
1787684665.0091746,container,30.0,30.0,32.085,False,200,
1787684665.042508,container,30.0,30.0,31.644,False,200,
1787684665.0758412,container,30.0,30.0,28.197,False,200,
1787684665.1091745,container,30.0,30.0,25.843,False,200,
1787684665.1425078,container,30.0,30.0,27.803,False,200,
1787684665.175841,container,30.0,30.0,26.111,False,200,
1787684665.2091744,container,30.0,30.0,46.62,False,200,
1787684665.242508,container,30.0,30.0,31.618,False,200,
1787684665.2758412,container,30.0,30.0,31.26,False,200,
1787684665.3091745,container,30.0,30.0,32.182,False,200,
1787684665.3425078,container,30.0,30.0,28.773,False,200,
1787684665.3758411,container,30.0,30.0,30.645,False,200,
1787684665.4091744,container,30.0,30.0,27.051,False,200,
1787684665.4425077,container,30.0,30.0,27.381,False,200,
1787684665.4758413,container,30.0,30.0,28.698,False,200,
1787684665.5091746,container,30.0,30.0,30.509,False,200,
1787684665.542508,container,30.0,30.0,34.293,False,200,
1787684665.5758412,container,30.0,30.0,28.389,False,200,
1787684665.6091745,container,30.0,30.0,24.605,False,200,
1787684665.6425078,container,30.0,30.0,30.568,False,200,
1787684665.675841,container,30.0,30.0,38.65,False,200,
1787684665.7091744,container,30.0,30.0,29.501,False,200,
1787684665.742508,container,30.0,30.0,23.579,False,200,
1787684665.7758412,container,30.0,30.0,24.162,False,200,
1787684665.8091745,container,30.0,30.0,32.205,False,200,
1787684665.8425078,container,30.0,30.0,41.307,False,200,
1787684665.8758411,container,30.0,30.0,29.005,False,200,
1787684665.9091744,container,30.0,30.0,40.289,False,200,
1787684665.9425077,container,30.0,30.0,26.45,False,200,
1787684665.9758413,container,30.0,30.0,24.89,False,200,
1787684666.0091746,container,30.0,30.0,31.549,False,200,
1787684666.042508,container,30.0,30.0,23.028,False,200,
1787684666.0758412,container,30.0,30.0,28.648,False,200,
1787684666.1091745,container,30.0,30.0,25.581,False,200,
1787684666.1425078,container,30.0,30.0,29.188,False,200,
1787684666.175841,container,30.0,30.0,41.933,False,200,
1787684666.2091744,container,30.0,30.0,21.761,False,200,
1787684666.242508,container,30.0,30.0,28.804,False,200,
1787684666.2758412,container,30.0,30.0,40.299,False,200,
1787684666.3091745,container,30.0,30.0,30.628,False,200,
1787684666.3425078,container,30.0,30.0,42.039,False,200,
1787684666.3758411,container,30.0,30.0,28.246,False,200,
1787684666.4091744,container,30.0,30.0,32.497,False,200,
1787684666.4425077,container,30.0,30.0,26.495,False,200,
1787684666.4758413,container,30.0,30.0,31.069,False,200,
1787684666.5091746,container,30.0,30.0,26.493,False,200,
1787684666.542508,container,30.0,30.0,34.071,False,200,
1787684666.5758412,container,30.0,30.0,29.297,False,200,
1787684666.6091745,container,30.0,30.0,31.31,False,200,
1787684666.6425078,container,30.0,30.0,32.363,False,200,
1787684666.675841,container,30.0,30.0,28.054,False,200,
1787684666.7091744,container,30.0,30.0,27.855,False,200,
1787684666.742508,container,30.0,30.0,24.342,False,200,
1787684666.7758412,container,30.0,30.0,28.071,False,200,
1787684666.8091745,container,30.0,30.0,27.138,False,200,
1787684666.8425078,container,30.0,30.0,28.398,False,200,
1787684666.8758411,container,30.0,30.0,21.486,False,200,
1787684666.9091744,container,30.0,30.0,34.287,False,200,
1787684666.9425077,container,30.0,30.0,38.708,False,200,
1787684666.9758413,container,30.0,30.0,22.724,False,200,
1787684667.0091746,container,30.0,30.0,32.492,False,200,
1787684667.042508,container,30.0,30.0,26.25,False,200,
1787684667.0758412,container,30.0,30.0,32.554,False,200,
1787684667.1091745,container,30.0,30.0,23.448,False,200,
1787684667.1425078,container,30.0,30.0,39.465,False,200,
1787684667.175841,container,30.0,30.0,26.36,False,200,
1787684667.2091744,container,30.0,30.0,29.245,False,200,
1787684667.242508,container,30.0,30.0,28.127,False,200,
1787684667.2758412,container,30.0,30.0,38.12,False,200,
1787684667.3091745,container,30.0,30.0,26.909,False,200,
1787684667.3425078,container,30.0,30.0,25.17,False,200,
1787684667.3758411,container,30.0,30.0,32.171,False,200,
1787684667.4091744,container,30.0,30.0,27.785,False,200,
1787684667.4425077,container,30.0,30.0,30.114,False,200,
1787684667.4758413,container,30.0,30.0,34.999,False,200,
1787684667.5091746,container,30.0,30.0,29.053,False,200,
1787684667.542508,container,30.0,30.0,30.453,False,200,
1787684667.5758412,container,30.0,30.0,33.718,False,200,
1787684667.6091745,container,30.0,30.0,32.23,False,200,
1787684667.6425078,container,30.0,30.0,32.936,False,200,
1787684667.675841,container,30.0,30.0,32.027,False,200,
1787684667.7091744,container,30.0,30.0,34.132,False,200,
1787684667.742508,container,30.0,30.0,23.616,False,200,
1787684667.7758412,container,30.0,30.0,29.509,False,200,
1787684667.8091745,container,30.0,30.0,31.422,False,200,
1787684667.8425078,container,30.0,30.0,27.126,False,200,
1787684667.8758411,container,30.0,30.0,35.596,False,200,
1787684667.9091744,container,30.0,30.0,30.459,False,200,
1787684667.9425077,container,30.0,30.0,37.597,False,200,
1787684667.9758413,container,30.0,30.0,34.076,False,200,
1787684668.0091746,container,30.0,30.0,22.885,False,200,
1787684668.042508,container,30.0,30.0,36.793,False,200,
1787684668.0758412,container,30.0,30.0,34.426,False,200,
1787684668.1091745,container,30.0,30.0,34.744,False,200,
1787684668.1425078,container,30.0,30.0,25.217,False,200,
1787684668.175841,container,30.0,30.0,27.853,False,200,
1787684668.2091744,container,30.0,30.0,33.641,False,200,
1787684668.242508,container,30.0,30.0,27.58,False,200,
1787684668.2758412,container,30.0,30.0,30.218,False,200,
1787684668.3091745,container,30.0,30.0,28.649,False,200,
1787684668.3425078,container,30.0,30.0,36.408,False,200,
1787684668.3758411,container,30.0,30.0,29.957,False,200,
1787684668.4091744,container,30.0,30.0,28.824,False,200,
1787684668.4425077,container,30.0,30.0,26.799,False,200,
1787684668.4758413,container,30.0,30.0,30.908,False,200,
1787684668.5091746,container,30.0,30.0,27.113,False,200,
1787684668.542508,container,30.0,30.0,33.477,False,200,
1787684668.5758412,container,30.0,30.0,36.626,False,200,
1787684668.6091745,container,30.0,30.0,33.038,False,200,
1787684668.6425078,container,30.0,30.0,25.077,False,200,
1787684668.675841,container,30.0,30.0,27.733,False,200,
1787684668.7091744,container,30.0,30.0,29.321,False,200,
1787684668.742508,container,30.0,30.0,38.684,False,200,
1787684668.7758412,container,30.0,30.0,23.577,False,200,
1787684668.8091745,container,30.0,30.0,31.869,False,200,
1787684668.8425078,container,30.0,30.0,30.023,False,200,
1787684668.8758411,container,30.0,30.0,32.381,False,200,
1787684668.9091744,container,30.0,30.0,29.984,False,200,
1787684668.9425077,container,30.0,30.0,23.445,False,200,
1787684668.9758413,container,30.0,30.0,29.385,False,200,
1787684669.0091746,container,30.0,30.0,27.049,False,200,
1787684669.042508,container,30.0,30.0,26.27,False,200,
1787684669.0758412,container,30.0,30.0,26.365,False,200,
1787684669.1091745,container,30.0,30.0,28.897,False,200,
1787684669.1425078,container,30.0,30.0,34.672,False,200,
1787684669.175841,container,30.0,30.0,30.29,False,200,
1787684669.2091744,container,30.0,30.0,35.808,False,200,
1787684669.242508,container,30.0,30.0,29.989,False,200,
1787684669.2758412,container,30.0,30.0,23.295,False,200,
1787684669.3091745,container,30.0,30.0,23.928,False,200,
1787684669.3425078,container,30.0,30.0,33.447,False,200,
1787684669.3758411,container,30.0,30.0,36.98,False,200,
1787684669.4091744,container,30.0,30.0,44.313,False,200,
1787684669.4425077,container,30.0,30.0,24.592,False,200,
1787684669.4758413,container,30.0,30.0,36.906,False,200,
1787684669.5091746,container,30.0,30.0,33.36,False,200,
1787684669.542508,container,30.0,30.0,39.88,False,200,
1787684669.5758412,container,30.0,30.0,30.414,False,200,
1787684669.6091745,container,30.0,30.0,35.623,False,200,
1787684669.6425078,container,30.0,30.0,22.15,False,200,
1787684669.675841,container,30.0,30.0,30.55,False,200,
1787684669.7091744,container,30.0,30.0,25.245,False,200,
1787684669.742508,container,30.0,30.0,25.597,False,200,
1787684669.7758412,container,30.0,30.0,31.361,False,200,
1787684669.8091745,container,30.0,30.0,29.962,False,200,
1787684669.8425078,container,30.0,30.0,31.808,False,200,
1787684669.8758411,container,30.0,30.0,28.998,False,200,
1787684669.9091744,container,30.0,30.0,29.458,False,200,
1787684669.9425077,container,30.0,30.0,32.093,False,200,
1787684669.9758413,container,30.0,30.0,35.036,False,200,
1787684670.0091746,container,30.0,30.0,40.507,False,200,
1787684670.042508,container,30.0,30.0,34.958,False,200,
1787684670.0758412,container,30.0,30.0,36.596,False,200,
1787684670.1091745,container,30.0,30.0,34.096,False,200,
1787684670.1425078,container,30.0,30.0,35.455,False,200,
1787684670.175841,container,30.0,30.0,32.196,False,200,
1787684670.2091744,container,30.0,30.0,29.863,False,200,
1787684670.242508,container,30.0,30.0,25.227,False,200,
1787684670.2758412,container,30.0,30.0,30.407,False,200,
1787684670.3091745,container,30.0,30.0,28.371,False,200,
1787684670.3425078,container,30.0,30.0,37.191,False,200,
1787684670.3758411,container,30.0,30.0,24.257,False,200,
1787684670.4091744,container,30.0,30.0,31.325,False,200,
1787684670.4425077,container,30.0,30.0,34.912,False,200,
1787684670.4758413,container,30.0,30.0,32.499,False,200,
1787684670.5091746,container,30.0,30.0,32.586,False,200,
1787684670.542508,container,30.0,30.0,29.977,False,200,
1787684670.5758412,container,30.0,30.0,27.521,False,200,
1787684670.6091745,container,30.0,30.0,29.932,False,200,
1787684670.6425078,container,30.0,30.0,28.35,False,200,
1787684670.675841,container,30.0,30.0,30.264,False,200,
1787684670.7091744,container,30.0,30.0,40.324,False,200,
1787684670.742508,container,30.0,30.0,39.111,False,200,
1787684670.7758412,container,30.0,30.0,39.301,False,200,
1787684670.8091745,container,30.0,30.0,28.37,False,200,
1787684670.8425078,container,30.0,30.0,33.24,False,200,
1787684670.8758411,container,30.0,30.0,31.144,False,200,
1787684670.9091744,container,30.0,30.0,23.676,False,200,
1787684670.9425077,container,30.0,30.0,27.67,False,200,
1787684670.9758413,container,30.0,30.0,34.24,False,200,
1787684671.0091746,container,30.0,30.0,30.998,False,200,
1787684671.042508,container,30.0,30.0,31.581,False,200,
1787684671.0758412,container,30.0,30.0,23.285,False,200,
1787684671.1091745,container,30.0,30.0,29.833,False,200,
1787684671.1425078,container,30.0,30.0,28.92,False,200,
1787684671.175841,container,30.0,30.0,25.176,False,200,
1787684671.2091744,container,30.0,30.0,24.356,False,200,
1787684671.242508,container,30.0,30.0,27.297,False,200,
1787684671.2758412,container,30.0,30.0,21.255,False,200,
1787684671.3091745,container,30.0,30.0,30.788,False,200,
1787684671.3425078,container,30.0,30.0,33.624,False,200,
1787684671.3758411,container,30.0,30.0,30.327,False,200,
1787684671.4091744,container,30.0,30.0,24.307,False,200,
1787684671.4425077,container,30.0,30.0,30.421,False,200,
1787684671.4758413,container,30.0,30.0,38.737,False,200,
1787684671.5091746,container,30.0,30.0,26.925,False,200,
1787684671.542508,container,30.0,30.0,27.312,False,200,
1787684671.5758412,container,30.0,30.0,23.703,False,200,
1787684671.6091745,container,30.0,30.0,33.001,False,200,
1787684671.6425078,container,30.0,30.0,26.293,False,200,
1787684671.675841,container,30.0,30.0,23.705,False,200,
1787684671.7091744,container,30.0,30.0,29.771,False,200,
1787684671.742508,container,30.0,30.0,25.631,False,200,
1787684671.7758412,container,30.0,30.0,32.585,False,200,
1787684671.8091745,container,30.0,30.0,21.011,False,200,
1787684671.8425078,container,30.0,30.0,28.745,False,200,
1787684671.8758411,container,30.0,30.0,30.484,False,200,
1787684671.9091744,container,30.0,30.0,21.835,False,200,
1787684671.9425077,container,30.0,30.0,26.577,False,200,
1787684671.9758413,container,30.0,30.0,33.029,False,200,
1787684672.0091746,container,30.0,30.0,35.495,False,200,
1787684672.042508,container,30.0,30.0,32.225,False,200,
1787684672.0758412,container,30.0,30.0,30.373,False,200,
1787684672.1091745,container,30.0,30.0,28.736,False,200,
1787684672.1425078,container,30.0,30.0,34.685,False,200,
1787684672.175841,container,30.0,30.0,40.814,False,200,
1787684672.2091744,container,30.0,30.0,32.165,False,200,
1787684672.242508,container,30.0,30.0,31.436,False,200,
1787684672.2758412,container,30.0,30.0,38.694,False,200,
1787684672.3091745,container,30.0,30.0,29.733,False,200,
1787684672.3425078,container,30.0,30.0,32.127,False,200,
1787684672.3758411,container,30.0,30.0,30.991,False,200,
1787684672.4091744,container,30.0,30.0,32.086,False,200,
1787684672.4425077,container,30.0,30.0,20.697,False,200,
1787684672.4758413,container,30.0,30.0,30.105,False,200,
1787684672.5091746,container,30.0,30.0,26.878,False,200,
1787684672.542508,container,30.0,30.0,32.381,False,200,
1787684672.5758412,container,30.0,30.0,27.073,False,200,
1787684672.6091745,container,30.0,30.0,32.083,False,200,
1787684672.6425078,container,30.0,30.0,29.843,False,200,
1787684672.675841,container,30.0,30.0,31.503,False,200,
1787684672.7091744,container,30.0,30.0,26.793,False,200,
1787684672.742508,container,30.0,30.0,37.771,False,200,
1787684672.7758412,container,30.0,30.0,29.063,False,200,
1787684672.8091745,container,30.0,30.0,37.109,False,200,
1787684672.8425078,container,30.0,30.0,28.532,False,200,
1787684672.8758411,container,30.0,30.0,30.789,False,200,
1787684672.9091744,container,30.0,30.0,30.468,False,200,
1787684672.9425077,container,30.0,30.0,35.471,False,200,
1787684672.9758413,container,30.0,30.0,30.998,False,200,
1787684673.0091746,container,30.0,30.0,24.206,False,200,
1787684673.042508,container,30.0,30.0,27.255,False,200,
1787684673.0758412,container,30.0,30.0,33.576,False,200,
1787684673.1091745,container,30.0,30.0,26.243,False,200,
1787684673.1425078,container,30.0,30.0,28.384,False,200,
1787684673.175841,container,30.0,30.0,33.975,False,200,
1787684673.2091744,container,30.0,30.0,37.213,False,200,
1787684673.242508,container,30.0,30.0,21.715,False,200,
1787684673.2758412,container,30.0,30.0,28.458,False,200,
1787684673.3091745,container,30.0,30.0,34.357,False,200,
1787684673.3425078,container,30.0,30.0,27.166,False,200,
1787684673.3758411,container,30.0,30.0,30.972,False,200,
1787684673.4091744,container,30.0,30.0,30.334,False,200,
1787684673.4425077,container,30.0,30.0,34.715,False,200,
1787684673.4758413,container,30.0,30.0,38.228,False,200,
1787684673.5091746,container,30.0,30.0,36.412,False,200,
1787684673.542508,container,30.0,30.0,31.121,False,200,
1787684673.5758412,container,30.0,30.0,30.466,False,200,
1787684673.6091745,container,30.0,30.0,32.775,False,200,
1787684673.6425078,container,30.0,30.0,28.167,False,200,
1787684673.675841,container,30.0,30.0,35.634,False,200,
1787684673.7091744,container,30.0,30.0,18.347,False,200,
1787684673.742508,container,30.0,30.0,32.702,False,200,
1787684673.7758412,container,30.0,30.0,30.909,False,200,
1787684673.8091745,container,30.0,30.0,22.723,False,200,
1787684673.8425078,container,30.0,30.0,37.404,False,200,
1787684673.8758411,container,30.0,30.0,27.366,False,200,
1787684673.9091744,container,30.0,30.0,25.454,False,200,
1787684673.9425077,container,30.0,30.0,37.061,False,200,
1787684673.9758413,container,30.0,30.0,26.961,False,200,
1787684674.0091746,container,30.0,30.0,27.582,False,200,
1787684674.042508,container,30.0,30.0,30.566,False,200,
1787684674.0758412,container,30.0,30.0,29.844,False,200,
1787684674.1091745,container,30.0,30.0,34.126,False,200,
1787684674.1425078,container,30.0,30.0,29.207,False,200,
1787684674.175841,container,30.0,30.0,27.595,False,200,
1787684674.2091744,container,30.0,30.0,43.95,False,200,
1787684674.242508,container,30.0,30.0,30.701,False,200,
1787684674.2758412,container,30.0,30.0,33.852,False,200,
1787684674.3091745,container,30.0,30.0,30.725,False,200,
1787684674.3425078,container,30.0,30.0,26.364,False,200,
1787684674.3758411,container,30.0,30.0,29.986,False,200,
1787684674.4091744,container,30.0,30.0,32.414,False,200,
1787684674.4425077,container,30.0,30.0,33.8,False,200,
1787684674.4758413,container,30.0,30.0,32.44,False,200,
1787684674.5091746,container,30.0,30.0,31.593,False,200,
1787684674.542508,container,30.0,30.0,34.793,False,200,
1787684674.5758412,container,30.0,30.0,28.514,False,200,
1787684674.6091745,container,30.0,30.0,34.134,False,200,
1787684674.6425078,container,30.0,30.0,34.892,False,200,
1787684674.675841,container,30.0,30.0,30.933,False,200,
1787684674.7091744,container,30.0,30.0,30.432,False,200,
1787684674.742508,container,30.0,30.0,32.915,False,200,
1787684674.7758412,container,30.0,30.0,25.779,False,200,
1787684674.8091745,container,30.0,30.0,34.518,False,200,
1787684674.8425078,container,30.0,30.0,35.325,False,200,
1787684674.8758411,container,30.0,30.0,25.033,False,200,
1787684674.9091744,container,30.0,30.0,37.362,False,200,
1787684674.9425077,container,30.0,30.0,30.044,False,200,
1787684674.9758413,container,30.0,30.0,28.945,False,200,
1787684675.0091746,container,30.0,30.0,25.392,False,200,
1787684675.042508,container,30.0,30.0,28.852,False,200,
1787684675.0758412,container,30.0,30.0,27.166,False,200,
1787684675.1091745,container,30.0,30.0,22.048,False,200,
1787684675.1425078,container,30.0,30.0,30.07,False,200,
1787684675.175841,container,30.0,30.0,27.935,False,200,
1787684675.2091744,container,30.0,30.0,29.258,False,200,
1787684675.242508,container,30.0,30.0,34.237,False,200,
1787684675.2758412,container,30.0,30.0,31.143,False,200,
1787684675.3091745,container,30.0,30.0,31.889,False,200,
1787684675.3425078,container,30.0,30.0,30.761,False,200,
1787684675.3758411,container,30.0,30.0,34.048,False,200,
1787684675.4091744,container,30.0,30.0,25.278,False,200,
1787684675.4425077,container,30.0,30.0,24.956,False,200,
1787684675.4758413,container,30.0,30.0,27.96,False,200,
1787684675.5091746,container,30.0,30.0,29.323,False,200,
1787684675.542508,container,30.0,30.0,39.624,False,200,
1787684675.5758412,container,30.0,30.0,26.177,False,200,
1787684675.6091745,container,30.0,30.0,29.455,False,200,
1787684675.6425078,container,30.0,30.0,34.492,False,200,
1787684675.675841,container,30.0,30.0,28.217,False,200,
1787684675.7091744,container,30.0,30.0,34.473,False,200,
1787684675.742508,container,30.0,30.0,24.004,False,200,
1787684675.7758412,container,30.0,30.0,31.255,False,200,
1787684675.8091745,container,30.0,30.0,27.109,False,200,
1787684675.8425078,container,30.0,30.0,25.416,False,200,
1787684675.8758411,container,30.0,30.0,35.987,False,200,
1787684675.9091744,container,30.0,30.0,28.231,False,200,
1787684675.9425077,container,30.0,30.0,27.116,False,200,
1787684675.9758413,container,30.0,30.0,34.751,False,200,
1787684676.0091746,container,30.0,30.0,31.15,False,200,
1787684676.042508,container,30.0,30.0,45.089,False,200,
1787684676.0758412,container,30.0,30.0,35.185,False,200,
1787684676.1091745,container,30.0,30.0,25.257,False,200,
1787684676.1425078,container,30.0,30.0,26.512,False,200,
1787684676.175841,container,30.0,30.0,32.952,False,200,
1787684676.2091744,container,30.0,30.0,27.067,False,200,
1787684676.242508,container,30.0,30.0,25.3,False,200,
1787684676.2758412,container,30.0,30.0,30.63,False,200,
1787684676.3091745,container,30.0,30.0,28.178,False,200,
1787684676.3425078,container,30.0,30.0,31.755,False,200,
1787684676.3758411,container,30.0,30.0,37.537,False,200,
1787684676.4091744,container,30.0,30.0,27.882,False,200,
1787684676.4425077,container,30.0,30.0,33.395,False,200,
1787684676.4758413,container,30.0,30.0,26.627,False,200,
1787684676.5091746,container,30.0,30.0,25.286,False,200,
1787684676.542508,container,30.0,30.0,24.008,False,200,
1787684676.5758412,container,30.0,30.0,29.746,False,200,
1787684676.6091745,container,30.0,30.0,32.991,False,200,
1787684676.6425078,container,30.0,30.0,27.819,False,200,
1787684676.675841,container,30.0,30.0,33.9,False,200,
1787684676.7091744,container,30.0,30.0,31.108,False,200,
1787684676.742508,container,30.0,30.0,22.726,False,200,
1787684676.7758412,container,30.0,30.0,32.549,False,200,
1787684676.8091745,container,30.0,30.0,31.465,False,200,
1787684676.8425078,container,30.0,30.0,28.42,False,200,
1787684676.8758411,container,30.0,30.0,30.189,False,200,
1787684676.9091744,container,30.0,30.0,27.609,False,200,
1787684676.9425077,container,30.0,30.0,26.402,False,200,
1787684676.9758413,container,30.0,30.0,28.017,False,200,
1787684677.0091746,container,30.0,30.0,32.946,False,200,
1787684677.042508,container,30.0,30.0,30.02,False,200,
1787684677.0758412,container,30.0,30.0,30.258,False,200,
1787684677.1091745,container,30.0,30.0,32.593,False,200,
1787684677.1425078,container,30.0,30.0,36.35,False,200,
1787684677.175841,container,30.0,30.0,33.37,False,200,
1787684677.2091744,container,30.0,30.0,35.659,False,200,
1787684677.242508,container,30.0,30.0,32.989,False,200,
1787684677.2758412,container,30.0,30.0,27.216,False,200,
1787684677.3091745,container,30.0,30.0,39.666,False,200,
1787684677.3425078,container,30.0,30.0,40.02,False,200,
1787684677.3758411,container,30.0,30.0,33.912,False,200,
1787684677.4091744,container,30.0,30.0,27.952,False,200,
1787684677.4425077,container,30.0,30.0,31.788,False,200,
1787684677.4758413,container,30.0,30.0,34.161,False,200,
1787684677.5091746,container,30.0,30.0,31.307,False,200,
1787684677.542508,container,30.0,30.0,34.427,False,200,
1787684677.5758412,container,30.0,30.0,27.852,False,200,
1787684677.6091745,container,30.0,30.0,22.975,False,200,
1787684677.6425078,container,30.0,30.0,27.411,False,200,
1787684677.675841,container,30.0,30.0,24.432,False,200,
1787684677.7091744,container,30.0,30.0,28.915,False,200,
1787684677.742508,container,30.0,30.0,30.234,False,200,
1787684677.7758412,container,30.0,30.0,23.354,False,200,
1787684677.8091745,container,30.0,30.0,32.038,False,200,
1787684677.8425078,container,30.0,30.0,20.988,False,200,
1787684677.8758411,container,30.0,30.0,28.008,False,200,
1787684677.9091744,container,30.0,30.0,29.217,False,200,
1787684677.9425077,container,30.0,30.0,28.34,False,200,
1787684677.9758413,container,30.0,30.0,32.96,False,200,
1787684678.0091746,container,30.0,30.0,33.993,False,200,
1787684678.042508,container,30.0,30.0,26.251,False,200,
1787684678.0758412,container,30.0,30.0,26.399,False,200,
1787684678.1091745,container,30.0,30.0,31.825,False,200,
1787684678.1425078,container,30.0,30.0,27.332,False,200,
1787684678.175841,container,30.0,30.0,33.137,False,200,
1787684678.2091744,container,30.0,30.0,31.302,False,200,
1787684678.242508,container,30.0,30.0,27.417,False,200,
1787684678.2758412,container,30.0,30.0,31.842,False,200,
1787684678.3091745,container,30.0,30.0,36.612,False,200,
1787684678.3425078,container,30.0,30.0,37.197,False,200,
1787684678.3758411,container,30.0,30.0,31.237,False,200,
1787684678.4091744,container,30.0,30.0,28.255,False,200,
1787684678.4425077,container,30.0,30.0,29.585,False,200,
1787684678.4758413,container,30.0,30.0,24.987,False,200,
1787684678.5091746,container,30.0,30.0,40.822,False,200,
1787684678.542508,container,30.0,30.0,32.446,False,200,
1787684678.5758412,container,30.0,30.0,29.686,False,200,
1787684678.6091745,container,30.0,30.0,35.215,False,200,
1787684678.6425078,container,30.0,30.0,28.351,False,200,
1787684678.675841,container,30.0,30.0,27.496,False,200,
1787684678.7091744,container,30.0,30.0,30.172,False,200,
1787684678.742508,container,30.0,30.0,26.926,False,200,
1787684678.7758412,container,30.0,30.0,21.44,False,200,
1787684678.8091745,container,30.0,30.0,29.342,False,200,
1787684678.8425078,container,30.0,30.0,31.825,False,200,
1787684678.8758411,container,30.0,30.0,30.303,False,200,
1787684678.9091744,container,30.0,30.0,41.891,False,200,
1787684678.9425077,container,30.0,30.0,25.8,False,200,
1787684678.9758413,container,30.0,30.0,32.931,False,200,
1787684679.0091746,container,30.0,30.0,37.305,False,200,
1787684679.042508,container,30.0,30.0,22.292,False,200,
1787684679.0758412,container,30.0,30.0,29.683,False,200,
1787684679.1091745,container,30.0,30.0,29.914,False,200,
1787684679.1425078,container,30.0,30.0,32.845,False,200,
1787684679.175841,container,30.0,30.0,31.534,False,200,
1787684679.2091744,container,30.0,30.0,21.156,False,200,
1787684679.242508,container,30.0,30.0,33.373,False,200,
1787684679.2758412,container,30.0,30.0,39.501,False,200,
1787684679.3091745,container,30.0,30.0,25.231,False,200,
1787684679.3425078,container,30.0,30.0,27.023,False,200,
1787684679.3758411,container,30.0,30.0,21.182,False,200,
1787684679.4091744,container,30.0,30.0,24.053,False,200,
1787684679.4425077,container,30.0,30.0,25.545,False,200,
1787684679.4758413,container,30.0,30.0,27.053,False,200,
1787684679.5091746,container,30.0,30.0,36.645,False,200,
1787684679.542508,container,30.0,30.0,27.068,False,200,
1787684679.5758412,container,30.0,30.0,32.007,False,200,
1787684679.6091745,container,30.0,30.0,23.946,False,200,
1787684679.6425078,container,30.0,30.0,27.73,False,200,
1787684679.675841,container,30.0,30.0,29.205,False,200,
1787684679.7091744,container,30.0,30.0,28.182,False,200,
1787684679.742508,container,30.0,30.0,33.899,False,200,
1787684679.7758412,container,30.0,30.0,28.645,False,200,
1787684679.8091745,container,30.0,30.0,27.107,False,200,
1787684679.8425078,container,30.0,30.0,36.968,False,200,
1787684679.8758411,container,30.0,30.0,41.175,False,200,
1787684679.9091744,container,30.0,30.0,26.246,False,200,
1787684679.9425077,container,30.0,30.0,30.926,False,200,
1787684679.9758413,container,30.0,30.0,30.568,False,200,
1787684680.0091746,container,30.0,30.0,36.05,False,200,
1787684680.042508,container,30.0,30.0,33.005,False,200,
1787684680.0758412,container,30.0,30.0,31.738,False,200,
1787684680.1091745,container,30.0,30.0,32.391,False,200,
1787684680.1425078,container,30.0,30.0,27.221,False,200,
1787684680.175841,container,30.0,30.0,29.321,False,200,
1787684680.2091744,container,30.0,30.0,38.996,False,200,
1787684680.242508,container,30.0,30.0,32.323,False,200,
1787684680.2758412,container,30.0,30.0,31.524,False,200,
1787684680.3091745,container,30.0,30.0,38.297,False,200,
1787684680.3425078,container,30.0,30.0,24.712,False,200,
1787684680.3758411,container,30.0,30.0,21.43,False,200,
1787684680.4091744,container,30.0,30.0,28.336,False,200,
1787684680.4425077,container,30.0,30.0,31.249,False,200,
1787684680.4758413,container,30.0,30.0,20.08,False,200,
1787684680.5091746,container,30.0,30.0,32.095,False,200,
1787684680.542508,container,30.0,30.0,27.132,False,200,
1787684680.5758412,container,30.0,30.0,27.768,False,200,
1787684680.6091745,container,30.0,30.0,29.197,False,200,
1787684680.6425078,container,30.0,30.0,28.819,False,200,
1787684680.675841,container,30.0,30.0,24.646,False,200,
1787684680.7091744,container,30.0,30.0,36.436,False,200,
1787684680.742508,container,30.0,30.0,24.829,False,200,
1787684680.7758412,container,30.0,30.0,28.098,False,200,
1787684680.8091745,container,30.0,30.0,27.811,False,200,
1787684680.8425078,container,30.0,30.0,26.474,False,200,
1787684680.8758411,container,30.0,30.0,40.136,False,200,
1787684680.9091744,container,30.0,30.0,23.578,False,200,
1787684680.9425077,container,30.0,30.0,34.835,False,200,
1787684680.9758413,container,30.0,30.0,33.938,False,200,
1787684681.0091746,container,30.0,30.0,29.976,False,200,
1787684681.042508,container,30.0,30.0,28.549,False,200,
1787684681.0758412,container,30.0,30.0,28.951,False,200,
1787684681.1091745,container,30.0,30.0,27.915,False,200,
1787684681.1425078,container,30.0,30.0,25.21,False,200,
1787684681.175841,container,30.0,30.0,29.744,False,200,
1787684681.2091744,container,30.0,30.0,27.261,False,200,
1787684681.242508,container,30.0,30.0,31.174,False,200,
1787684681.2758412,container,30.0,30.0,23.103,False,200,
1787684681.3091745,container,30.0,30.0,28.91,False,200,
1787684681.3425078,container,30.0,30.0,30.144,False,200,
1787684681.3758411,container,30.0,30.0,21.594,False,200,
1787684681.4091744,container,30.0,30.0,22.319,False,200,
1787684681.4425077,container,30.0,30.0,34.34,False,200,
1787684681.4758413,container,30.0,30.0,26.153,False,200,
1787684681.5091746,container,30.0,30.0,27.925,False,200,
1787684681.542508,container,30.0,30.0,40.317,False,200,
1787684681.5758412,container,30.0,30.0,24.064,False,200,
1787684681.6091745,container,30.0,30.0,29.173,False,200,
1787684681.6425078,container,30.0,30.0,30.582,False,200,
1787684681.675841,container,30.0,30.0,32.171,False,200,
1787684681.7091744,container,30.0,30.0,35.945,False,200,
1787684681.742508,container,30.0,30.0,26.799,False,200,
1787684681.7758412,container,30.0,30.0,28.348,False,200,
1787684681.8091745,container,30.0,30.0,30.35,False,200,
1787684681.8425078,container,30.0,30.0,38.966,False,200,
1787684681.8758411,container,30.0,30.0,28.658,False,200,
1787684681.9091744,container,30.0,30.0,26.496,False,200,
1787684681.9425077,container,30.0,30.0,29.331,False,200,
1787684681.9758413,container,30.0,30.0,34.068,False,200,
1787684682.0091746,container,30.0,30.0,28.339,False,200,
1787684682.042508,container,30.0,30.0,23.009,False,200,
1787684682.0758412,container,30.0,30.0,30.476,False,200,
1787684682.1091745,container,30.0,30.0,26.263,False,200,
1787684682.1425078,container,30.0,30.0,28.472,False,200,
1787684682.175841,container,30.0,30.0,30.728,False,200,
1787684682.2091744,container,30.0,30.0,22.726,False,200,
1787684682.242508,container,30.0,30.0,24.824,False,200,
1787684682.2758412,container,30.0,30.0,32.499,False,200,
1787684682.3091745,container,30.0,30.0,27.26,False,200,
1787684682.3425078,container,30.0,30.0,33.663,False,200,
1787684682.3758411,container,30.0,30.0,33.597,False,200,
1787684682.4091744,container,30.0,30.0,27.896,False,200,
1787684682.4425077,container,30.0,30.0,37.672,False,200,
1787684682.4758413,container,30.0,30.0,26.986,False,200,
1787684682.5091746,container,30.0,30.0,28.791,False,200,
1787684682.542508,container,30.0,30.0,35.236,False,200,
1787684682.5758412,container,30.0,30.0,24.69,False,200,
1787684682.6091745,container,30.0,30.0,28.759,False,200,
1787684682.6425078,container,30.0,30.0,28.15,False,200,
1787684682.675841,container,30.0,30.0,33.104,False,200,
1787684682.7091744,container,30.0,30.0,31.975,False,200,
1787684682.742508,container,30.0,30.0,29.844,False,200,
1787684682.7758412,container,30.0,30.0,28.583,False,200,
1787684682.8091745,container,30.0,30.0,26.857,False,200,
1787684682.8425078,container,30.0,30.0,27.413,False,200,
1787684682.8758411,container,30.0,30.0,31.773,False,200,
1787684682.9091744,container,30.0,30.0,34.024,False,200,
1787684682.9425077,container,30.0,30.0,28.253,False,200,
1787684682.9758413,container,30.0,30.0,31.552,False,200,
1787684683.0091746,container,30.0,30.0,27.705,False,200,
1787684683.042508,container,30.0,30.0,22.045,False,200,
1787684683.0758412,container,30.0,30.0,22.344,False,200,
1787684683.1091745,container,30.0,30.0,39.569,False,200,
1787684683.1425078,container,30.0,30.0,27.817,False,200,
1787684683.175841,container,30.0,30.0,31.51,False,200,
1787684683.2091744,container,30.0,30.0,29.053,False,200,
1787684683.242508,container,30.0,30.0,29.534,False,200,
1787684683.2758412,container,30.0,30.0,38.845,False,200,
1787684683.3091745,container,30.0,30.0,27.131,False,200,
1787684683.3425078,container,30.0,30.0,28.437,False,200,
1787684683.3758411,container,30.0,30.0,29.77,False,200,
1787684683.4091744,container,30.0,30.0,32.394,False,200,
1787684683.4425077,container,30.0,30.0,23.528,False,200,
1787684683.4758413,container,30.0,30.0,28.113,False,200,
1787684683.5091746,container,30.0,30.0,29.25,False,200,
1787684683.542508,container,30.0,30.0,30.473,False,200,
1787684683.5758412,container,30.0,30.0,29.392,False,200,
1787684683.6091745,container,30.0,30.0,27.022,False,200,
1787684683.6425078,container,30.0,30.0,31.074,False,200,
1787684683.675841,container,30.0,30.0,33.385,False,200,
1787684683.7091744,container,30.0,30.0,32.302,False,200,
1787684683.742508,container,30.0,30.0,19.53,False,200,
1787684683.7758412,container,30.0,30.0,30.16,False,200,
1787684683.8091745,container,30.0,30.0,25.177,False,200,
1787684683.8425078,container,30.0,30.0,34.108,False,200,
1787684683.8758411,container,30.0,30.0,38.56,False,200,
1787684683.9091744,container,30.0,30.0,26.775,False,200,
1787684683.9425077,container,30.0,30.0,29.275,False,200,
1787684683.9758413,container,30.0,30.0,32.071,False,200,
1787684684.0091746,container,30.0,30.0,31.72,False,200,
1787684684.042508,container,30.0,30.0,38.249,False,200,
1787684684.0758412,container,30.0,30.0,30.428,False,200,
1787684684.1091745,container,30.0,30.0,46.19,False,200,
1787684684.1425078,container,30.0,30.0,31.625,False,200,
1787684684.175841,container,30.0,30.0,31.054,False,200,
1787684684.2091744,container,30.0,30.0,26.349,False,200,
1787684684.242508,container,30.0,30.0,31.914,False,200,
1787684684.2758412,container,30.0,30.0,31.744,False,200,
1787684684.3091745,container,30.0,30.0,25.068,False,200,
1787684684.3425078,container,30.0,30.0,33.428,False,200,
1787684684.3758411,container,30.0,30.0,33.991,False,200,
1787684684.4091744,container,30.0,30.0,31.544,False,200,
1787684684.4425077,container,30.0,30.0,34.331,False,200,
1787684684.4758413,container,30.0,30.0,23.639,False,200,
1787684684.5091746,container,30.0,30.0,28.359,False,200,
1787684684.542508,container,30.0,30.0,22.929,False,200,
1787684684.5758412,container,30.0,30.0,34.011,False,200,
1787684684.6091745,container,30.0,30.0,26.008,False,200,
1787684684.6425078,container,30.0,30.0,27.271,False,200,
1787684684.675841,container,30.0,30.0,32.752,False,200,
1787684684.7091744,container,30.0,30.0,30.436,False,200,
1787684684.742508,container,30.0,30.0,25.003,False,200,
1787684684.7758412,container,30.0,30.0,36.992,False,200,
1787684684.8091745,container,30.0,30.0,31.29,False,200,
1787684684.8425078,container,30.0,30.0,39.963,False,200,
1787684684.8758411,container,30.0,30.0,24.393,False,200,
1787684684.9091744,container,30.0,30.0,26.414,False,200,
1787684684.9425077,container,30.0,30.0,30.131,False,200,
1787684684.9758413,container,30.0,30.0,23.39,False,200,
1787684685.0091746,container,30.0,30.0,31.737,False,200,
1787684685.042508,container,30.0,30.0,28.447,False,200,
1787684685.0758412,container,30.0,30.0,24.406,False,200,
1787684685.1091745,container,30.0,30.0,28.225,False,200,
1787684685.1425078,container,30.0,30.0,25.168,False,200,
1787684685.175841,container,30.0,30.0,23.455,False,200,
1787684685.2091744,container,30.0,30.0,23.574,False,200,
1787684685.242508,container,30.0,30.0,22.895,False,200,
1787684685.2758412,container,30.0,30.0,29.73,False,200,
1787684685.3091745,container,30.0,30.0,33.839,False,200,
1787684685.3425078,container,30.0,30.0,26.547,False,200,
1787684685.3758411,container,30.0,30.0,36.754,False,200,
1787684685.4091744,container,30.0,30.0,26.84,False,200,
1787684685.4425077,container,30.0,30.0,25.28,False,200,
1787684685.4758413,container,30.0,30.0,34.116,False,200,
1787684685.5091746,container,30.0,30.0,24.477,False,200,
1787684685.542508,container,30.0,30.0,25.679,False,200,
1787684685.5758412,container,30.0,30.0,31.856,False,200,
1787684685.6091745,container,30.0,30.0,38.169,False,200,
1787684685.6425078,container,30.0,30.0,28.106,False,200,
1787684685.675841,container,30.0,30.0,28.264,False,200,
1787684685.7091744,container,30.0,30.0,35.577,False,200,
1787684685.742508,container,30.0,30.0,24.816,False,200,
1787684685.7758412,container,30.0,30.0,30.836,False,200,
1787684685.8091745,container,30.0,30.0,28.84,False,200,
1787684685.8425078,container,30.0,30.0,27.576,False,200,
1787684685.8758411,container,30.0,30.0,26.318,False,200,
1787684685.9091744,container,30.0,30.0,20.901,False,200,
1787684685.9425077,container,30.0,30.0,34.745,False,200,
1787684685.9758413,container,30.0,30.0,29.982,False,200,
1787684686.0091746,container,30.0,30.0,32.918,False,200,
1787684686.042508,container,30.0,30.0,25.039,False,200,
1787684686.0758412,container,30.0,30.0,28.87,False,200,
1787684686.1091745,container,30.0,30.0,30.71,False,200,
1787684686.1425078,container,30.0,30.0,26.412,False,200,
1787684686.175841,container,30.0,30.0,29.198,False,200,
1787684686.2091744,container,30.0,30.0,32.297,False,200,
1787684686.242508,container,30.0,30.0,25.344,False,200,
1787684686.2758412,container,30.0,30.0,30.023,False,200,
1787684686.3091745,container,30.0,30.0,30.194,False,200,
1787684686.3425078,container,30.0,30.0,35.312,False,200,
1787684686.3758411,container,30.0,30.0,20.689,False,200,
1787684686.4091744,container,30.0,30.0,28.178,False,200,
1787684686.4425077,container,30.0,30.0,33.161,False,200,
1787684686.4758413,container,30.0,30.0,30.634,False,200,
1787684686.5091746,container,30.0,30.0,29.566,False,200,
1787684686.542508,container,30.0,30.0,31.746,False,200,
1787684686.5758412,container,30.0,30.0,34.802,False,200,
1787684686.6091745,container,30.0,30.0,35.756,False,200,
1787684686.6425078,container,30.0,30.0,31.006,False,200,
1787684686.675841,container,30.0,30.0,38.35,False,200,
1787684686.7091744,container,30.0,30.0,27.815,False,200,
1787684686.742508,container,30.0,30.0,30.043,False,200,
1787684686.7758412,container,30.0,30.0,32.023,False,200,
1787684686.8091745,container,30.0,30.0,25.931,False,200,
1787684686.8425078,container,30.0,30.0,23.708,False,200,
1787684686.8758411,container,30.0,30.0,32.656,False,200,
1787684686.9091744,container,30.0,30.0,27.859,False,200,
1787684686.9425077,container,30.0,30.0,31.54,False,200,
1787684686.9758413,container,30.0,30.0,29.599,False,200,
1787684687.0091746,container,30.0,30.0,35.51,False,200,
1787684687.042508,container,30.0,30.0,28.319,False,200,
1787684687.0758412,container,30.0,30.0,31.222,False,200,
1787684687.1091745,container,30.0,30.0,30.731,False,200,
1787684687.1425078,container,30.0,30.0,29.599,False,200,
1787684687.175841,container,30.0,30.0,26.759,False,200,
1787684687.2091744,container,30.0,30.0,29.406,False,200,
1787684687.242508,container,30.0,30.0,28.786,False,200,
1787684687.2758412,container,30.0,30.0,29.714,False,200,
1787684687.3091745,container,30.0,30.0,28.95,False,200,
1787684687.3425078,container,30.0,30.0,30.414,False,200,
1787684687.3758411,container,30.0,30.0,27.064,False,200,
1787684687.4091744,container,30.0,30.0,35.249,False,200,
1787684687.4425077,container,30.0,30.0,27.255,False,200,
1787684687.4758413,container,30.0,30.0,28.588,False,200,
1787684687.5091746,container,30.0,30.0,27.622,False,200,
1787684687.542508,container,30.0,30.0,32.245,False,200,
1787684687.5758412,container,30.0,30.0,31.965,False,200,
1787684687.6091745,container,30.0,30.0,27.783,False,200,
1787684687.6425078,container,30.0,30.0,33.05,False,200,
1787684687.675841,container,30.0,30.0,28.798,False,200,
1787684687.7091744,container,30.0,30.0,26.763,False,200,
1787684687.742508,container,30.0,30.0,31.088,False,200,
1787684687.7758412,container,30.0,30.0,24.377,False,200,
1787684687.8091745,container,30.0,30.0,27.356,False,200,
1787684687.8425078,container,30.0,30.0,32.028,False,200,
1787684687.8758411,container,30.0,30.0,27.875,False,200,
1787684687.9091744,container,30.0,30.0,33.306,False,200,
1787684687.9425077,container,30.0,30.0,27.224,False,200,
1787684687.9758413,container,30.0,30.0,20.868,False,200,
1787684688.0091746,container,30.0,30.0,31.273,False,200,
1787684688.042508,container,30.0,30.0,32.388,False,200,
1787684688.0758412,container,30.0,30.0,26.644,False,200,
1787684688.1091745,container,30.0,30.0,31.211,False,200,
1787684688.1425078,container,30.0,30.0,36.439,False,200,
1787684688.175841,container,30.0,30.0,29.416,False,200,
1787684688.2091744,container,30.0,30.0,32.906,False,200,
1787684688.242508,container,30.0,30.0,30.624,False,200,
1787684688.2758412,container,30.0,30.0,30.385,False,200,
1787684688.3091745,container,30.0,30.0,35.441,False,200,
1787684688.3425078,container,30.0,30.0,28.906,False,200,
1787684688.3758411,container,30.0,30.0,40.588,False,200,
1787684688.4091744,container,30.0,30.0,35.491,False,200,
1787684688.4425077,container,30.0,30.0,31.572,False,200,
1787684688.4758413,container,30.0,30.0,32.67,False,200,
1787684688.5091746,container,30.0,30.0,25.7,False,200,
1787684688.542508,container,30.0,30.0,24.435,False,200,
1787684688.5758412,container,30.0,30.0,25.221,False,200,
1787684688.6091745,container,30.0,30.0,26.87,False,200,
1787684688.6425078,container,30.0,30.0,24.424,False,200,
1787684688.675841,container,30.0,30.0,28.408,False,200,
1787684688.7091744,container,30.0,30.0,33.146,False,200,
1787684688.742508,container,30.0,30.0,27.916,False,200,
1787684688.7758412,container,30.0,30.0,29.743,False,200,
1787684688.8091745,container,30.0,30.0,32.102,False,200,
1787684688.8425078,container,30.0,30.0,32.131,False,200,
1787684688.8758411,container,30.0,30.0,30.259,False,200,
1787684688.9091744,container,30.0,30.0,23.529,False,200,
1787684688.9425077,container,30.0,30.0,26.653,False,200,
1787684688.9758413,container,30.0,30.0,31.234,False,200,
1787684689.0091746,container,30.0,30.0,28.458,False,200,
1787684689.042508,container,30.0,30.0,23.244,False,200,
1787684689.0758412,container,30.0,30.0,41.872,False,200,
1787684689.1091745,container,30.0,30.0,30.514,False,200,
1787684689.1425078,container,30.0,30.0,30.625,False,200,
1787684689.175841,container,30.0,30.0,36.555,False,200,
1787684689.2091744,container,30.0,30.0,27.791,False,200,
1787684689.242508,container,30.0,30.0,33.409,False,200,
1787684689.2758412,container,30.0,30.0,32.478,False,200,
1787684689.3091745,container,30.0,30.0,27.157,False,200,
1787684689.3425078,container,30.0,30.0,30.79,False,200,
1787684689.3758411,container,30.0,30.0,33.171,False,200,
1787684689.4091744,container,30.0,30.0,24.332,False,200,
1787684689.4425077,container,30.0,30.0,28.427,False,200,
1787684689.4758413,container,30.0,30.0,39.596,False,200,
1787684689.5091746,container,30.0,30.0,29.232,False,200,
1787684689.542508,container,30.0,30.0,33.779,False,200,
1787684689.5758412,container,30.0,30.0,22.601,False,200,
1787684689.6091745,container,30.0,30.0,32.478,False,200,
1787684689.6425078,container,30.0,30.0,30.644,False,200,
1787684689.675841,container,30.0,30.0,30.223,False,200,
1787684689.7091744,container,30.0,30.0,27.249,False,200,
1787684689.742508,container,30.0,30.0,34.836,False,200,
1787684689.7758412,container,30.0,30.0,45.476,False,200,
1787684689.8091745,container,30.0,30.0,32.31,False,200,
1787684689.8425078,container,30.0,30.0,31.984,False,200,
1787684689.8758411,container,30.0,30.0,27.904,False,200,
1787684689.9091744,container,30.0,30.0,27.834,False,200,
1787684689.9425077,container,30.0,30.0,30.477,False,200,
1787684689.9758413,container,30.0,30.0,37.182,False,200,
1787684690.0091746,container,30.0,30.0,33.616,False,200,
1787684690.042508,container,30.0,30.0,22.555,False,200,
1787684690.0758412,container,30.0,30.0,30.666,False,200,
1787684690.1091745,container,30.0,30.0,35.808,False,200,
1787684690.1425078,container,30.0,30.0,35.412,False,200,
1787684690.175841,container,30.0,30.0,30.667,False,200,
1787684690.2091744,container,30.0,30.0,28.927,False,200,
1787684690.242508,container,30.0,30.0,26.89,False,200,
1787684690.2758412,container,30.0,30.0,31.122,False,200,
1787684690.3091745,container,30.0,30.0,27.091,False,200,
1787684690.3425078,container,30.0,30.0,27.926,False,200,
1787684690.3758411,container,30.0,30.0,23.034,False,200,
1787684690.4091744,container,30.0,30.0,31.417,False,200,
1787684690.4425077,container,30.0,30.0,26.329,False,200,
1787684690.4758413,container,30.0,30.0,27.955,False,200,
1787684690.5091746,container,30.0,30.0,29.386,False,200,
1787684690.542508,container,30.0,30.0,24.034,False,200,
1787684690.5758412,container,30.0,30.0,27.998,False,200,
1787684690.6091745,container,30.0,30.0,27.629,False,200,
1787684690.6425078,container,30.0,30.0,32.952,False,200,
1787684690.675841,container,30.0,30.0,23.048,False,200,
1787684690.7091744,container,30.0,30.0,29.907,False,200,
1787684690.742508,container,30.0,30.0,28.443,False,200,
1787684690.7758412,container,30.0,30.0,24.729,False,200,
1787684690.8091745,container,30.0,30.0,33.307,False,200,
1787684690.8425078,container,30.0,30.0,29.336,False,200,
1787684690.8758411,container,30.0,30.0,23.407,False,200,
1787684690.9091744,container,30.0,30.0,30.065,False,200,
1787684690.9425077,container,30.0,30.0,34.507,False,200,
1787684690.9758413,container,30.0,30.0,30.725,False,200,
1787684691.0091746,container,30.0,30.0,32.681,False,200,
1787684691.042508,container,30.0,30.0,27.128,False,200,
1787684691.0758412,container,30.0,30.0,31.639,False,200,
1787684691.1091745,container,30.0,30.0,32.591,False,200,
1787684691.1425078,container,30.0,30.0,27.726,False,200,
1787684691.175841,container,30.0,30.0,25.572,False,200,
1787684691.2091744,container,30.0,30.0,29.61,False,200,
1787684691.242508,container,30.0,30.0,31.257,False,200,
1787684691.2758412,container,30.0,30.0,22.613,False,200,
1787684691.3091745,container,30.0,30.0,33.248,False,200,
1787684691.3425078,container,30.0,30.0,25.164,False,200,
1787684691.3758411,container,30.0,30.0,39.575,False,200,
1787684691.4091744,container,30.0,30.0,35.37,False,200,
1787684691.4425077,container,30.0,30.0,23.829,False,200,
1787684691.4758413,container,30.0,30.0,26.979,False,200,
1787684691.5091746,container,30.0,30.0,36.147,False,200,
1787684691.542508,container,30.0,30.0,22.838,False,200,
1787684691.5758412,container,30.0,30.0,31.868,False,200,
1787684691.6091745,container,30.0,30.0,33.242,False,200,
1787684691.6425078,container,30.0,30.0,32.577,False,200,
1787684691.675841,container,30.0,30.0,33.634,False,200,
1787684691.7091744,container,30.0,30.0,28.527,False,200,
1787684691.742508,container,30.0,30.0,30.692,False,200,
1787684691.7758412,container,30.0,30.0,34.271,False,200,
1787684691.8091745,container,30.0,30.0,26.098,False,200,
1787684691.8425078,container,30.0,30.0,24.582,False,200,
1787684691.8758411,container,30.0,30.0,33.967,False,200,
1787684691.9091744,container,30.0,30.0,35.525,False,200,
1787684691.9425077,container,30.0,30.0,30.015,False,200,
1787684691.9758413,container,30.0,30.0,29.752,False,200,
1787684692.0091746,container,30.0,30.0,27.651,False,200,
1787684692.042508,container,30.0,30.0,31.723,False,200,
1787684692.0758412,container,30.0,30.0,26.697,False,200,
1787684692.1091745,container,30.0,30.0,26.936,False,200,
1787684692.1425078,container,30.0,30.0,30.405,False,200,
1787684692.175841,container,30.0,30.0,27.137,False,200,
1787684692.2091744,container,30.0,30.0,26.933,False,200,
1787684692.242508,container,30.0,30.0,36.734,False,200,
1787684692.2758412,container,30.0,30.0,37.853,False,200,
1787684692.3091745,container,30.0,30.0,26.615,False,200,
1787684692.3425078,container,30.0,30.0,31.998,False,200,
1787684692.3758411,container,30.0,30.0,27.572,False,200,
1787684692.4091744,container,30.0,30.0,28.522,False,200,
1787684692.4425077,container,30.0,30.0,29.631,False,200,
1787684692.4758413,container,30.0,30.0,24.428,False,200,
1787684692.5091746,container,30.0,30.0,32.713,False,200,
1787684692.542508,container,30.0,30.0,27.111,False,200,
1787684692.5758412,container,30.0,30.0,25.09,False,200,
1787684692.6091745,container,30.0,30.0,34.106,False,200,
1787684692.6425078,container,30.0,30.0,34.787,False,200,
1787684692.675841,container,30.0,30.0,29.482,False,200,
1787684692.7091744,container,30.0,30.0,29.809,False,200,
1787684692.742508,container,30.0,30.0,30.169,False,200,
1787684692.7758412,container,30.0,30.0,29.422,False,200,
1787684692.8091745,container,30.0,30.0,26.796,False,200,
1787684692.8425078,container,30.0,30.0,31.028,False,200,
1787684692.8758411,container,30.0,30.0,32.161,False,200,
1787684692.9091744,container,30.0,30.0,32.107,False,200,
1787684692.9425077,container,30.0,30.0,31.498,False,200,
1787684692.9758413,container,30.0,30.0,23.361,False,200,
1787684693.0091746,container,30.0,30.0,27.582,False,200,
1787684693.042508,container,30.0,30.0,37.763,False,200,
1787684693.0758412,container,30.0,30.0,26.886,False,200,
1787684693.1091745,container,30.0,30.0,29.815,False,200,
1787684693.1425078,container,30.0,30.0,25.302,False,200,
1787684693.175841,container,30.0,30.0,28.199,False,200,
1787684693.2091744,container,30.0,30.0,32.827,False,200,
1787684693.242508,container,30.0,30.0,32.492,False,200,
1787684693.2758412,container,30.0,30.0,27.346,False,200,
1787684693.3091745,container,30.0,30.0,30.152,False,200,
1787684693.3425078,container,30.0,30.0,32.953,False,200,
1787684693.3758411,container,30.0,30.0,34.092,False,200,
1787684693.4091744,container,30.0,30.0,29.16,False,200,
1787684693.4425077,container,30.0,30.0,33.383,False,200,
1787684693.4758413,container,30.0,30.0,26.303,False,200,
1787684693.5091746,container,30.0,30.0,37.968,False,200,
1787684693.542508,container,30.0,30.0,28.389,False,200,
1787684693.5758412,container,30.0,30.0,31.782,False,200,
1787684693.6091745,container,30.0,30.0,30.46,False,200,
1787684693.6425078,container,30.0,30.0,32.647,False,200,
1787684693.675841,container,30.0,30.0,29.552,False,200,
1787684693.7091744,container,30.0,30.0,34.959,False,200,
1787684693.742508,container,30.0,30.0,34.735,False,200,
1787684693.7758412,container,30.0,30.0,25.141,False,200,
1787684693.8091745,container,30.0,30.0,24.378,False,200,
1787684693.8425078,container,30.0,30.0,30.893,False,200,
1787684693.8758411,container,30.0,30.0,33.372,False,200,
1787684693.9091744,container,30.0,30.0,36.598,False,200,
1787684693.9425077,container,30.0,30.0,28.874,False,200,
1787684693.9758413,container,30.0,30.0,29.089,False,200,
1787684694.0091746,container,30.0,30.0,38.212,False,200,
1787684694.042508,container,30.0,30.0,32.338,False,200,
1787684694.0758412,container,30.0,30.0,32.874,False,200,
1787684694.1091745,container,30.0,30.0,29.196,False,200,
1787684694.1425078,container,30.0,30.0,27.474,False,200,
1787684694.175841,container,30.0,30.0,30.651,False,200,
1787684694.2091744,container,30.0,30.0,33.549,False,200,
1787684694.242508,container,30.0,30.0,34.316,False,200,
1787684694.2758412,container,30.0,30.0,29.085,False,200,
1787684694.3091745,container,30.0,30.0,38.021,False,200,
1787684694.3425078,container,30.0,30.0,31.637,False,200,
1787684694.3758411,container,30.0,30.0,29.654,False,200,
1787684694.4091744,container,30.0,30.0,35.962,False,200,
1787684694.4425077,container,30.0,30.0,26.615,False,200,
1787684694.4758413,container,30.0,30.0,30.688,False,200,
1787684694.5091746,container,30.0,30.0,28.039,False,200,
1787684694.542508,container,30.0,30.0,33.718,False,200,
1787684694.5758412,container,30.0,30.0,32.19,False,200,
1787684694.6091745,container,30.0,30.0,41.399,False,200,
1787684694.6425078,container,30.0,30.0,30.365,False,200,
1787684694.675841,container,30.0,30.0,28.011,False,200,
1787684694.7091744,container,30.0,30.0,25.708,False,200,
1787684694.742508,container,30.0,30.0,31.816,False,200,
1787684694.7758412,container,30.0,30.0,30.97,False,200,
1787684694.8091745,container,30.0,30.0,29.805,False,200,
1787684694.8425078,container,30.0,30.0,27.795,False,200,
1787684694.8758411,container,30.0,30.0,29.528,False,200,
1787684694.9091744,container,30.0,30.0,39.785,False,200,
1787684694.9425077,container,30.0,30.0,28.532,False,200,
1787684694.9758413,container,30.0,30.0,34.939,False,200,
1787684695.0091746,container,30.0,30.0,28.744,False,200,
1787684695.042508,container,30.0,30.0,32.247,False,200,
1787684695.0758412,container,30.0,30.0,26.107,False,200,
1787684695.1091745,container,30.0,30.0,34.768,False,200,
1787684695.1425078,container,30.0,30.0,31.425,False,200,
1787684695.175841,container,30.0,30.0,32.787,False,200,
1787684695.2091744,container,30.0,30.0,24.737,False,200,
1787684695.242508,container,30.0,30.0,35.191,False,200,
1787684695.2758412,container,30.0,30.0,37.684,False,200,
1787684695.3091745,container,30.0,30.0,30.973,False,200,
1787684695.3425078,container,30.0,30.0,25.321,False,200,
1787684695.3758411,container,30.0,30.0,31.9,False,200,
1787684695.4091744,container,30.0,30.0,23.038,False,200,
1787684695.4425077,container,30.0,30.0,27.198,False,200,
1787684695.4758413,container,30.0,30.0,28.637,False,200,
1787684695.5091746,container,30.0,30.0,30.256,False,200,
1787684695.542508,container,30.0,30.0,25.714,False,200,
1787684695.5758412,container,30.0,30.0,25.558,False,200,
1787684695.6091745,container,30.0,30.0,27.342,False,200,
1787684695.6425078,container,30.0,30.0,30.302,False,200,
1787684695.675841,container,30.0,30.0,27.243,False,200,
1787684695.7091744,container,30.0,30.0,31.387,False,200,
1787684695.742508,container,30.0,30.0,27.057,False,200,
1787684695.7758412,container,30.0,30.0,29.494,False,200,
1787684695.8091745,container,30.0,30.0,27.068,False,200,
1787684695.8425078,container,30.0,30.0,28.606,False,200,
1787684695.8758411,container,30.0,30.0,36.389,False,200,
1787684695.9091744,container,30.0,30.0,22.76,False,200,
1787684695.9425077,container,30.0,30.0,34.805,False,200,
1787684695.9758413,container,30.0,30.0,35.306,False,200,
1787684696.0091746,container,30.0,30.0,28.88,False,200,
1787684696.042508,container,30.0,30.0,24.473,False,200,
1787684696.0758412,container,30.0,30.0,32.521,False,200,
1787684696.1091745,container,30.0,30.0,37.412,False,200,
1787684696.1425078,container,30.0,30.0,33.097,False,200,
1787684696.175841,container,30.0,30.0,30.485,False,200,
1787684696.2091744,container,30.0,30.0,31.947,False,200,
1787684696.242508,container,30.0,30.0,27.164,False,200,
1787684696.2758412,container,30.0,30.0,27.009,False,200,
1787684696.3091745,container,30.0,30.0,24.583,False,200,
1787684696.3425078,container,30.0,30.0,35.747,False,200,
1787684696.3758411,container,30.0,30.0,33.454,False,200,
1787684696.4091744,container,30.0,30.0,25.98,False,200,
1787684696.4425077,container,30.0,30.0,28.198,False,200,
1787684696.4758413,container,30.0,30.0,26.149,False,200,
1787684696.5091746,container,30.0,30.0,34.426,False,200,
1787684696.542508,container,30.0,30.0,26.802,False,200,
1787684696.5758412,container,30.0,30.0,28.443,False,200,
1787684696.6091745,container,30.0,30.0,28.702,False,200,
1787684696.6425078,container,30.0,30.0,31.059,False,200,
1787684696.675841,container,30.0,30.0,24.65,False,200,
1787684696.7091744,container,30.0,30.0,28.678,False,200,
1787684696.742508,container,30.0,30.0,29.37,False,200,
1787684696.7758412,container,30.0,30.0,26.505,False,200,
1787684696.8091745,container,30.0,30.0,26.344,False,200,
1787684696.8425078,container,30.0,30.0,30.532,False,200,
1787684696.8758411,container,30.0,30.0,32.048,False,200,
1787684696.9091744,container,30.0,30.0,31.959,False,200,
1787684696.9425077,container,30.0,30.0,29.19,False,200,
1787684696.9758413,container,30.0,30.0,27.114,False,200,
1787684697.0091746,container,30.0,30.0,32.685,False,200,
1787684697.042508,container,30.0,30.0,30.795,False,200,
1787684697.0758412,container,30.0,30.0,24.075,False,200,
1787684697.1091745,container,30.0,30.0,31.533,False,200,
1787684697.1425078,container,30.0,30.0,28.246,False,200,
1787684697.175841,container,30.0,30.0,35.546,False,200,
1787684697.2091744,container,30.0,30.0,24.79,False,200,
1787684697.242508,container,30.0,30.0,30.778,False,200,
1787684697.2758412,container,30.0,30.0,35.575,False,200,
1787684697.3091745,container,30.0,30.0,40.486,False,200,
1787684697.3425078,container,30.0,30.0,27.768,False,200,
1787684697.3758411,container,30.0,30.0,24.349,False,200,
1787684697.4091744,container,30.0,30.0,31.896,False,200,
1787684697.4425077,container,30.0,30.0,22.356,False,200,
1787684697.4758413,container,30.0,30.0,32.517,False,200,
1787684697.5091746,container,30.0,30.0,29.744,False,200,
1787684697.542508,container,30.0,30.0,24.601,False,200,
1787684697.5758412,container,30.0,30.0,28.287,False,200,
1787684697.6091745,container,30.0,30.0,27.192,False,200,
1787684697.6425078,container,30.0,30.0,28.702,False,200,
1787684697.675841,container,30.0,30.0,25.072,False,200,
1787684697.7091744,container,30.0,30.0,28.684,False,200,
1787684697.742508,container,30.0,30.0,27.264,False,200,
1787684697.7758412,container,30.0,30.0,25.77,False,200,
1787684697.8091745,container,30.0,30.0,28.92,False,200,
1787684697.8425078,container,30.0,30.0,26.486,False,200,
1787684697.8758411,container,30.0,30.0,34.772,False,200,
1787684697.9091744,container,30.0,30.0,26.182,False,200,
1787684697.9425077,container,30.0,30.0,28.752,False,200,
1787684697.9758413,container,30.0,30.0,34.149,False,200,
1787684698.0091746,container,30.0,30.0,31.097,False,200,
1787684698.042508,container,30.0,30.0,28.758,False,200,
1787684698.0758412,container,30.0,30.0,34.617,False,200,
1787684698.1091745,container,30.0,30.0,31.084,False,200,
1787684698.1425078,container,30.0,30.0,25.187,False,200,
1787684698.175841,container,30.0,30.0,42.381,False,200,
1787684698.2091744,container,30.0,30.0,34.175,False,200,
1787684698.242508,container,30.0,30.0,30.027,False,200,
1787684698.2758412,container,30.0,30.0,26.111,False,200,
1787684698.3091745,container,30.0,30.0,28.372,False,200,
1787684698.3425078,container,30.0,30.0,35.662,False,200,
1787684698.3758411,container,30.0,30.0,25.149,False,200,
1787684698.4091744,container,30.0,30.0,30.898,False,200,
1787684698.4425077,container,30.0,30.0,29.337,False,200,
1787684698.4758413,container,30.0,30.0,28.27,False,200,
1787684698.5091746,container,30.0,30.0,28.292,False,200,
1787684698.542508,container,30.0,30.0,26.954,False,200,
1787684698.5758412,container,30.0,30.0,24.128,False,200,
1787684698.6091745,container,30.0,30.0,36.616,False,200,
1787684698.6425078,container,30.0,30.0,33.68,False,200,
1787684698.675841,container,30.0,30.0,34.748,False,200,
1787684698.7091744,container,30.0,30.0,28.179,False,200,
1787684698.742508,container,30.0,30.0,31.019,False,200,
1787684698.7758412,container,30.0,30.0,23.443,False,200,
1787684698.8091745,container,30.0,30.0,24.551,False,200,
1787684698.8425078,container,30.0,30.0,39.444,False,200,
1787684698.8758411,container,30.0,30.0,36.03,False,200,
1787684698.9091744,container,30.0,30.0,31.528,False,200,
1787684698.9425077,container,30.0,30.0,29.712,False,200,
1787684698.9758413,container,30.0,30.0,39.614,False,200,
1787684699.0091746,container,30.0,30.0,39.098,False,200,
1787684699.042508,container,30.0,30.0,23.717,False,200,
1787684699.0758412,container,30.0,30.0,37.762,False,200,
1787684699.1091745,container,30.0,30.0,32.368,False,200,
1787684699.1425078,container,30.0,30.0,34.022,False,200,
1787684699.175841,container,30.0,30.0,21.562,False,200,
1787684699.2091744,container,30.0,30.0,27.416,False,200,
1787684699.242508,container,30.0,30.0,27.302,False,200,
1787684699.2758412,container,30.0,30.0,30.032,False,200,
1787684699.3091745,container,30.0,30.0,29.3,False,200,
1787684699.3425078,container,30.0,30.0,23.034,False,200,
1787684699.3758411,container,30.0,30.0,35.426,False,200,
1787684699.4091744,container,30.0,30.0,36.511,False,200,
1787684699.4425077,container,30.0,30.0,33.823,False,200,
1787684699.4758413,container,30.0,30.0,36.699,False,200,
1787684699.5091746,container,30.0,30.0,26.469,False,200,
1787684699.542508,container,30.0,30.0,29.583,False,200,
1787684699.5758412,container,30.0,30.0,31.277,False,200,
1787684699.6091745,container,30.0,30.0,23.538,False,200,
1787684699.6425078,container,30.0,30.0,34.757,False,200,
1787684699.675841,container,30.0,30.0,31.072,False,200,
1787684699.7091744,container,30.0,30.0,30.093,False,200,
1787684699.742508,container,30.0,30.0,19.441,False,200,
1787684699.7758412,container,30.0,30.0,29.49,False,200,
1787684699.8091745,container,30.0,30.0,30.505,False,200,
1787684699.8425078,container,30.0,30.0,34.654,False,200,
1787684699.8758411,container,30.0,30.0,34.786,False,200,
1787684699.9091744,container,30.0,30.0,31.789,False,200,
1787684699.9425077,container,30.0,30.0,28.246,False,200,
1787684699.9758413,container,30.0,30.0,35.522,False,200,
1787684700.0091746,container,30.0,30.0,21.701,False,200,
1787684700.042508,container,30.0,30.0,39.203,False,200,
1787684700.0758412,container,30.0,30.0,27.978,False,200,
1787684700.1091745,container,30.0,30.0,23.351,False,200,
1787684700.1425078,container,30.0,30.0,26.63,False,200,
1787684700.175841,container,30.0,30.0,31.842,False,200,
1787684700.2091744,container,30.0,30.0,32.774,False,200,
1787684700.242508,container,30.0,30.0,34.528,False,200,
1787684700.2758412,container,30.0,30.0,25.114,False,200,
1787684700.3091745,container,30.0,30.0,31.49,False,200,
1787684700.3425078,container,30.0,30.0,30.85,False,200,
1787684700.3758411,container,30.0,30.0,31.153,False,200,
1787684700.4091744,container,30.0,30.0,26.425,False,200,
1787684700.4425077,container,30.0,30.0,33.222,False,200,
1787684700.4758413,container,30.0,30.0,28.664,False,200,
1787684700.5091746,container,30.0,30.0,25.807,False,200,
1787684700.542508,container,30.0,30.0,40.972,False,200,
1787684700.5758412,container,30.0,30.0,30.472,False,200,
1787684700.6091745,container,30.0,30.0,37.537,False,200,
1787684700.6425078,container,30.0,30.0,39.207,False,200,
1787684700.675841,container,30.0,30.0,31.889,False,200,
1787684700.7091744,container,30.0,30.0,24.157,False,200,
1787684700.742508,container,30.0,30.0,31.436,False,200,
1787684700.7758412,container,30.0,30.0,25.971,False,200,
1787684700.8091745,container,30.0,30.0,28.73,False,200,
1787684700.8425078,container,30.0,30.0,27.75,False,200,
1787684700.8758411,container,30.0,30.0,29.099,False,200,
1787684700.9091744,container,30.0,30.0,28.45,False,200,
1787684700.9425077,container,30.0,30.0,31.78,False,200,
1787684700.9758413,container,30.0,30.0,38.439,False,200,
1787684701.0091746,container,30.0,30.0,28.752,False,200,
1787684701.042508,container,30.0,30.0,28.696,False,200,
1787684701.0758412,container,30.0,30.0,26.497,False,200,
1787684701.1091745,container,30.0,30.0,26.468,False,200,
1787684701.1425078,container,30.0,30.0,25.881,False,200,
1787684701.175841,container,30.0,30.0,36.309,False,200,
1787684701.2091744,container,30.0,30.0,29.639,False,200,
1787684701.242508,container,30.0,30.0,30.946,False,200,
1787684701.2758412,container,30.0,30.0,28.353,False,200,
1787684701.3091745,container,30.0,30.0,22.873,False,200,
1787684701.3425078,container,30.0,30.0,29.622,False,200,
1787684701.3758411,container,30.0,30.0,29.311,False,200,
1787684701.4091744,container,30.0,30.0,24.516,False,200,
1787684701.4425077,container,30.0,30.0,28.851,False,200,
1787684701.4758413,container,30.0,30.0,30.667,False,200,
1787684701.5091746,container,30.0,30.0,33.762,False,200,
1787684701.542508,container,30.0,30.0,23.787,False,200,
1787684701.5758412,container,30.0,30.0,31.353,False,200,
1787684701.6091745,container,30.0,30.0,24.92,False,200,
1787684701.6425078,container,30.0,30.0,24.422,False,200,
1787684701.675841,container,30.0,30.0,29.497,False,200,
1787684701.7091744,container,30.0,30.0,28.173,False,200,
1787684701.742508,container,30.0,30.0,33.858,False,200,
1787684701.7758412,container,30.0,30.0,29.096,False,200,
1787684701.8091745,container,30.0,30.0,37.019,False,200,
1787684701.8425078,container,30.0,30.0,32.687,False,200,
1787684701.8758411,container,30.0,30.0,33.912,False,200,
1787684701.9091744,container,30.0,30.0,30.119,False,200,
1787684701.9425077,container,30.0,30.0,29.687,False,200,
1787684701.9758413,container,30.0,30.0,28.135,False,200,
1787684702.0091746,container,30.0,30.0,31.017,False,200,
1787684702.042508,container,30.0,30.0,30.449,False,200,
1787684702.0758412,container,30.0,30.0,32.76,False,200,
1787684702.1091745,container,30.0,30.0,32.549,False,200,
1787684702.1425078,container,30.0,30.0,27.435,False,200,
1787684702.175841,container,30.0,30.0,25.803,False,200,
1787684702.2091744,container,30.0,30.0,26.516,False,200,
1787684702.242508,container,30.0,30.0,26.989,False,200,
1787684702.2758412,container,30.0,30.0,36.321,False,200,
1787684702.3091745,container,30.0,30.0,39.045,False,200,
1787684702.3425078,container,30.0,30.0,31.35,False,200,
1787684702.3758411,container,30.0,30.0,28.965,False,200,
1787684702.4091744,container,30.0,30.0,37.744,False,200,
1787684702.4425077,container,30.0,30.0,38.94,False,200,
1787684702.4758413,container,30.0,30.0,46.171,False,200,
1787684702.5091746,container,30.0,30.0,37.645,False,200,
1787684702.542508,container,30.0,30.0,26.826,False,200,
1787684702.5758412,container,30.0,30.0,42.545,False,200,
1787684702.6091745,container,30.0,30.0,31.056,False,200,
1787684702.6425078,container,30.0,30.0,28.237,False,200,
1787684702.675841,container,30.0,30.0,36.583,False,200,
1787684702.7091744,container,30.0,30.0,26.627,False,200,
1787684702.742508,container,30.0,30.0,25.071,False,200,
1787684702.7758412,container,30.0,30.0,23.632,False,200,
1787684702.8091745,container,30.0,30.0,31.136,False,200,
1787684702.8425078,container,30.0,30.0,31.394,False,200,
1787684702.8758411,container,30.0,30.0,28.473,False,200,
1787684702.9091744,container,30.0,30.0,33.533,False,200,
1787684702.9425077,container,30.0,30.0,36.298,False,200,
1787684702.9758413,container,30.0,30.0,29.546,False,200,
1787684703.0091746,container,30.0,30.0,32.457,False,200,
1787684703.042508,container,30.0,30.0,35.409,False,200,
1787684703.0758412,container,30.0,30.0,27.765,False,200,
1787684703.1091745,container,30.0,30.0,22.219,False,200,
1787684703.1425078,container,30.0,30.0,30.9,False,200,
1787684703.175841,container,30.0,30.0,28.184,False,200,
1787684703.2091744,container,30.0,30.0,28.984,False,200,
1787684703.242508,container,30.0,30.0,31.89,False,200,
1787684703.2758412,container,30.0,30.0,25.847,False,200,
1787684703.3091745,container,30.0,30.0,28.771,False,200,
1787684703.3425078,container,30.0,30.0,42.188,False,200,
1787684703.3758411,container,30.0,30.0,34.253,False,200,
1787684703.4091744,container,30.0,30.0,34.701,False,200,
1787684703.4425077,container,30.0,30.0,27.077,False,200,
1787684703.4758413,container,30.0,30.0,29.507,False,200,
1787684703.5091746,container,30.0,30.0,34.225,False,200,
1787684703.542508,container,30.0,30.0,23.31,False,200,
1787684703.5758412,container,30.0,30.0,26.44,False,200,
1787684703.6091745,container,30.0,30.0,24.635,False,200,
1787684703.6425078,container,30.0,30.0,31.612,False,200,
1787684703.675841,container,30.0,30.0,33.7,False,200,
1787684703.7091744,container,30.0,30.0,30.257,False,200,
1787684703.742508,container,30.0,30.0,27.896,False,200,
1787684703.7758412,container,30.0,30.0,24.566,False,200,
1787684703.8091745,container,30.0,30.0,29.584,False,200,
1787684703.8425078,container,30.0,30.0,34.788,False,200,
1787684703.8758411,container,30.0,30.0,32.785,False,200,
1787684703.9091744,container,30.0,30.0,37.668,False,200,
1787684703.9425077,container,30.0,30.0,30.907,False,200,
1787684703.9758413,container,30.0,30.0,24.529,False,200,
1787684704.0091746,container,30.0,30.0,23.26,False,200,
1787684704.042508,container,30.0,30.0,32.296,False,200,
1787684704.0758412,container,30.0,30.0,26.507,False,200,
1787684704.1091745,container,30.0,30.0,24.997,False,200,
1787684704.1425078,container,30.0,30.0,24.673,False,200,
1787684704.175841,container,30.0,30.0,33.944,False,200,
1787684704.2091744,container,30.0,30.0,32.931,False,200,
1787684704.242508,container,30.0,30.0,36.414,False,200,
1787684704.2758412,container,30.0,30.0,23.928,False,200,
1787684704.3091745,container,30.0,30.0,27.888,False,200,
1787684704.3425078,container,30.0,30.0,29.363,False,200,
1787684704.3758411,container,30.0,30.0,33.482,False,200,
1787684704.4091744,container,30.0,30.0,36.818,False,200,
1787684704.4425077,container,30.0,30.0,24.436,False,200,
1787684704.4758413,container,30.0,30.0,24.608,False,200,
1787684704.5091746,container,30.0,30.0,33.711,False,200,
1787684704.542508,container,30.0,30.0,28.29,False,200,
1787684704.5758412,container,30.0,30.0,32.832,False,200,
1787684704.6091745,container,30.0,30.0,25.613,False,200,
1787684704.6425078,container,30.0,30.0,32.093,False,200,
1787684704.675841,container,30.0,30.0,30.563,False,200,
1787684704.7091744,container,30.0,30.0,37.217,False,200,
1787684704.742508,container,30.0,30.0,29.933,False,200,
1787684704.7758412,container,30.0,30.0,36.805,False,200,
1787684704.8091745,container,30.0,30.0,26.29,False,200,
1787684704.8425078,container,30.0,30.0,26.859,False,200,
1787684704.8758411,container,30.0,30.0,40.22,False,200,
1787684704.9091744,container,30.0,30.0,33.554,False,200,
1787684704.9425077,container,30.0,30.0,29.064,False,200,
1787684704.9758413,container,30.0,30.0,24.917,False,200,
1787684705.0091746,container,30.0,30.0,32.243,False,200,
1787684705.042508,container,30.0,30.0,30.03,False,200,
1787684705.0758412,container,30.0,30.0,33.961,False,200,
1787684705.1091745,container,30.0,30.0,29.208,False,200,
1787684705.1425078,container,30.0,30.0,20.505,False,200,
1787684705.175841,container,30.0,30.0,27.69,False,200,
1787684705.2091744,container,30.0,30.0,30.474,False,200,
1787684705.242508,container,30.0,30.0,38.084,False,200,
1787684705.2758412,container,30.0,30.0,29.625,False,200,
1787684705.3091745,container,30.0,30.0,33.343,False,200,
1787684705.3425078,container,30.0,30.0,31.657,False,200,
1787684705.3758411,container,30.0,30.0,36.435,False,200,
1787684705.4091744,container,30.0,30.0,26.125,False,200,
1787684705.4425077,container,30.0,30.0,33.809,False,200,
1787684705.4758413,container,30.0,30.0,34.704,False,200,
1787684705.5091746,container,30.0,30.0,27.981,False,200,
1787684705.542508,container,30.0,30.0,38.153,False,200,
1787684705.5758412,container,30.0,30.0,29.044,False,200,
1787684705.6091745,container,30.0,30.0,33.259,False,200,
1787684705.6425078,container,30.0,30.0,25.153,False,200,
1787684705.675841,container,30.0,30.0,39.102,False,200,
1787684705.7091744,container,30.0,30.0,31.004,False,200,
1787684705.742508,container,30.0,30.0,42.976,False,200,
1787684705.7758412,container,30.0,30.0,33.323,False,200,
1787684705.8091745,container,30.0,30.0,35.394,False,200,
1787684705.8425078,container,30.0,30.0,31.694,False,200,
1787684705.8758411,container,30.0,30.0,36.309,False,200,
1787684705.9091744,container,30.0,30.0,22.528,False,200,
1787684705.9425077,container,30.0,30.0,41.096,False,200,
1787684705.9758413,container,30.0,30.0,32.193,False,200,
1787684706.0091746,container,30.0,30.0,26.97,False,200,
1787684706.042508,container,30.0,30.0,27.164,False,200,
1787684706.0758412,container,30.0,30.0,28.635,False,200,
1787684706.1091745,container,30.0,30.0,31.22,False,200,
1787684706.1425078,container,30.0,30.0,31.827,False,200,
1787684706.175841,container,30.0,30.0,34.115,False,200,
1787684706.2091744,container,30.0,30.0,38.122,False,200,
1787684706.242508,container,30.0,30.0,41.071,False,200,
1787684706.2758412,container,30.0,30.0,34.196,False,200,
1787684706.3091745,container,30.0,30.0,35.961,False,200,
1787684706.3425078,container,30.0,30.0,34.375,False,200,
1787684706.3758411,container,30.0,30.0,27.647,False,200,
1787684706.4091744,container,30.0,30.0,39.587,False,200,
1787684706.4425077,container,30.0,30.0,32.657,False,200,
1787684706.4758413,container,30.0,30.0,25.177,False,200,
1787684706.5091746,container,30.0,30.0,27.628,False,200,
1787684706.542508,container,30.0,30.0,32.279,False,200,
1787684706.5758412,container,30.0,30.0,26.812,False,200,
1787684706.6091745,container,30.0,30.0,39.247,False,200,
1787684706.6425078,container,30.0,30.0,38.118,False,200,
1787684706.675841,container,30.0,30.0,32.728,False,200,
1787684706.7091744,container,30.0,30.0,28.033,False,200,
1787684706.742508,container,30.0,30.0,33.194,False,200,
1787684706.7758412,container,30.0,30.0,32.971,False,200,
1787684706.8091745,container,30.0,30.0,33.169,False,200,
1787684706.8425078,container,30.0,30.0,32.349,False,200,
1787684706.8758411,container,30.0,30.0,26.718,False,200,
1787684706.9091744,container,30.0,30.0,32.138,False,200,
1787684706.9425077,container,30.0,30.0,22.93,False,200,
1787684706.9758413,container,30.0,30.0,22.84,False,200,
1787684707.0091746,container,30.0,30.0,22.14,False,200,
1787684707.042508,container,30.0,30.0,26.787,False,200,
1787684707.0758412,container,30.0,30.0,30.357,False,200,
1787684707.1091745,container,30.0,30.0,35.807,False,200,
1787684707.1425078,container,30.0,30.0,31.88,False,200,
1787684707.175841,container,30.0,30.0,31.584,False,200,
1787684707.2091744,container,30.0,30.0,28.892,False,200,
1787684707.242508,container,30.0,30.0,22.83,False,200,
1787684707.2758412,container,30.0,30.0,24.851,False,200,
1787684707.3091745,container,30.0,30.0,28.853,False,200,
1787684707.3425078,container,30.0,30.0,21.862,False,200,
1787684707.3758411,container,30.0,30.0,29.871,False,200,
1787684707.4091744,container,30.0,30.0,34.7,False,200,
1787684707.4425077,container,30.0,30.0,26.991,False,200,
1787684707.4758413,container,30.0,30.0,30.782,False,200,
1787684707.5091746,container,30.0,30.0,26.506,False,200,
1787684707.542508,container,30.0,30.0,27.317,False,200,
1787684707.5758412,container,30.0,30.0,27.47,False,200,
1787684707.6091745,container,30.0,30.0,31.046,False,200,
1787684707.6425078,container,30.0,30.0,28.858,False,200,
1787684707.675841,container,30.0,30.0,31.303,False,200,
1787684707.7091744,container,30.0,30.0,27.066,False,200,
1787684707.742508,container,30.0,30.0,25.015,False,200,
1787684707.7758412,container,30.0,30.0,32.895,False,200,
1787684707.8091745,container,30.0,30.0,34.906,False,200,
1787684707.8425078,container,30.0,30.0,30.441,False,200,
1787684707.8758411,container,30.0,30.0,31.167,False,200,
1787684707.9091744,container,30.0,30.0,35.512,False,200,
1787684707.9425077,container,30.0,30.0,27.478,False,200,
1787684707.9758413,container,30.0,30.0,22.695,False,200,
1787684708.0091746,container,30.0,30.0,40.652,False,200,
1787684708.042508,container,30.0,30.0,28.239,False,200,
1787684708.0758412,container,30.0,30.0,28.402,False,200,
1787684708.1091745,container,30.0,30.0,29.645,False,200,
1787684708.1425078,container,30.0,30.0,35.252,False,200,
1787684708.175841,container,30.0,30.0,24.123,False,200,
1787684708.2091744,container,30.0,30.0,32.672,False,200,
1787684708.242508,container,30.0,30.0,23.521,False,200,
1787684708.2758412,container,30.0,30.0,29.126,False,200,
1787684708.3091745,container,30.0,30.0,42.712,False,200,
1787684708.3425078,container,30.0,30.0,36.91,False,200,
1787684708.3758411,container,30.0,30.0,29.648,False,200,
1787684708.4091744,container,30.0,30.0,24.006,False,200,
1787684708.4425077,container,30.0,30.0,22.364,False,200,
1787684708.4758413,container,30.0,30.0,24.723,False,200,
1787684708.5091746,container,30.0,30.0,28.852,False,200,
1787684708.542508,container,30.0,30.0,36.457,False,200,
1787684708.5758412,container,30.0,30.0,34.158,False,200,
1787684708.6091745,container,30.0,30.0,39.607,False,200,
1787684708.6425078,container,30.0,30.0,20.141,False,200,
1787684708.675841,container,30.0,30.0,23.316,False,200,
1787684708.7091744,container,30.0,30.0,33.571,False,200,
1787684708.742508,container,30.0,30.0,31.54,False,200,
1787684708.7758412,container,30.0,30.0,33.247,False,200,
1787684708.8091745,container,30.0,30.0,24.502,False,200,
1787684708.8425078,container,30.0,30.0,35.197,False,200,
1787684708.8758411,container,30.0,30.0,27.44,False,200,
1787684708.9091744,container,30.0,30.0,26.755,False,200,
1787684708.9425077,container,30.0,30.0,36.368,False,200,
1787684708.9758413,container,30.0,30.0,34.529,False,200,
1787684709.0091746,container,30.0,30.0,21.519,False,200,
1787684709.042508,container,30.0,30.0,29.759,False,200,
1787684709.0758412,container,30.0,30.0,30.665,False,200,
1787684709.1091745,container,30.0,30.0,25.704,False,200,
1787684709.1425078,container,30.0,30.0,33.763,False,200,
1787684709.175841,container,30.0,30.0,36.81,False,200,
1787684709.2091744,container,30.0,30.0,29.237,False,200,
1787684709.242508,container,30.0,30.0,30.551,False,200,
1787684709.2758412,container,30.0,30.0,25.976,False,200,
1787684709.3091745,container,30.0,30.0,29.447,False,200,
1787684709.3425078,container,30.0,30.0,22.414,False,200,
1787684709.3758411,container,30.0,30.0,26.665,False,200,
1787684709.4091744,container,30.0,30.0,27.367,False,200,
1787684709.4425077,container,30.0,30.0,40.382,False,200,
1787684709.4758413,container,30.0,30.0,35.989,False,200,
1787684709.5091746,container,30.0,30.0,28.047,False,200,
1787684709.542508,container,30.0,30.0,29.64,False,200,
1787684709.5758412,container,30.0,30.0,29.527,False,200,
1787684709.6091745,container,30.0,30.0,25.318,False,200,
1787684709.6425078,container,30.0,30.0,29.289,False,200,
1787684709.675841,container,30.0,30.0,33.322,False,200,
1787684709.7091744,container,30.0,30.0,28.34,False,200,
1787684709.742508,container,30.0,30.0,36.786,False,200,
1787684709.7758412,container,30.0,30.0,45.979,False,200,
1787684709.8091745,container,30.0,30.0,38.239,False,200,
1787684709.8425078,container,30.0,30.0,23.156,False,200,
1787684709.8758411,container,30.0,30.0,28.172,False,200,
1787684709.9091744,container,30.0,30.0,25.0,False,200,
1787684709.9425077,container,30.0,30.0,31.011,False,200,
1787684709.9758413,container,30.0,30.0,32.457,False,200,
1787684710.0091746,container,30.0,30.0,36.039,False,200,
1787684710.042508,container,30.0,30.0,31.044,False,200,
1787684710.0758412,container,30.0,30.0,27.249,False,200,
1787684710.1091745,container,30.0,30.0,33.507,False,200,
1787684710.1425078,container,30.0,30.0,25.411,False,200,
1787684710.175841,container,30.0,30.0,34.075,False,200,
1787684710.2091744,container,30.0,30.0,32.603,False,200,
1787684710.242508,container,30.0,30.0,36.252,False,200,
1787684710.2758412,container,30.0,30.0,25.213,False,200,
1787684710.3091745,container,30.0,30.0,36.405,False,200,
1787684710.3425078,container,30.0,30.0,24.694,False,200,
1787684710.3758411,container,30.0,30.0,29.045,False,200,
1787684710.4091744,container,30.0,30.0,30.714,False,200,
1787684710.4425077,container,30.0,30.0,31.136,False,200,
1787684710.4758413,container,30.0,30.0,37.373,False,200,
1787684710.5091746,container,30.0,30.0,27.255,False,200,
1787684710.542508,container,30.0,30.0,27.987,False,200,
1787684710.5758412,container,30.0,30.0,38.37,False,200,
1787684710.6091745,container,30.0,30.0,24.623,False,200,
1787684710.6425078,container,30.0,30.0,36.055,False,200,
1787684710.675841,container,30.0,30.0,32.091,False,200,
1787684710.7091744,container,30.0,30.0,32.187,False,200,
1787684710.742508,container,30.0,30.0,30.818,False,200,
1787684710.7758412,container,30.0,30.0,35.223,False,200,
1787684710.8091745,container,30.0,30.0,32.296,False,200,
1787684710.8425078,container,30.0,30.0,24.708,False,200,
1787684710.8758411,container,30.0,30.0,27.223,False,200,
1787684710.9091744,container,30.0,30.0,44.175,False,200,
1787684710.9425077,container,30.0,30.0,24.759,False,200,
1787684710.9758413,container,30.0,30.0,27.429,False,200,
1787684711.0091746,container,30.0,30.0,23.94,False,200,
1787684711.042508,container,30.0,30.0,33.831,False,200,
1787684711.0758412,container,30.0,30.0,24.079,False,200,
1787684711.1091745,container,30.0,30.0,28.255,False,200,
1787684711.1425078,container,30.0,30.0,27.801,False,200,
1787684711.175841,container,30.0,30.0,38.646,False,200,
1787684711.2091744,container,30.0,30.0,26.89,False,200,
1787684711.242508,container,30.0,30.0,31.848,False,200,
1787684711.2758412,container,30.0,30.0,35.215,False,200,
1787684711.3091745,container,30.0,30.0,28.506,False,200,
1787684711.3425078,container,30.0,30.0,31.202,False,200,
1787684711.3758411,container,30.0,30.0,34.1,False,200,
1787684711.4091744,container,30.0,30.0,29.967,False,200,
1787684711.4425077,container,30.0,30.0,35.172,False,200,
1787684711.4758413,container,30.0,30.0,27.782,False,200,
1787684711.5091746,container,30.0,30.0,33.189,False,200,
1787684711.542508,container,30.0,30.0,25.01,False,200,
1787684711.5758412,container,30.0,30.0,28.216,False,200,
1787684711.6091745,container,30.0,30.0,26.822,False,200,
1787684711.6425078,container,30.0,30.0,25.928,False,200,
1787684711.675841,container,30.0,30.0,32.622,False,200,
1787684711.7091744,container,30.0,30.0,21.948,False,200,
1787684711.742508,container,30.0,30.0,26.032,False,200,
1787684711.7758412,container,30.0,30.0,34.304,False,200,
1787684711.8091745,container,30.0,30.0,26.884,False,200,
1787684711.8425078,container,30.0,30.0,26.71,False,200,
1787684711.8758411,container,30.0,30.0,27.392,False,200,
1787684711.9091744,container,30.0,30.0,31.903,False,200,
1787684711.9425077,container,30.0,30.0,38.438,False,200,
1787684711.9758413,container,30.0,30.0,24.548,False,200,
1787684712.0091746,container,30.0,30.0,28.678,False,200,
1787684712.042508,container,30.0,30.0,26.564,False,200,
1787684712.0758412,container,30.0,30.0,29.219,False,200,
1787684712.1091745,container,30.0,30.0,28.191,False,200,
1787684712.1425078,container,30.0,30.0,27.978,False,200,
1787684712.175841,container,30.0,30.0,30.627,False,200,
1787684712.2091744,container,30.0,30.0,29.184,False,200,
1787684712.242508,container,30.0,30.0,38.503,False,200,
1787684712.2758412,container,30.0,30.0,31.369,False,200,
1787684712.3091745,container,30.0,30.0,27.461,False,200,
1787684712.3425078,container,30.0,30.0,33.063,False,200,
1787684712.3758411,container,30.0,30.0,23.505,False,200,
1787684712.4091744,container,30.0,30.0,31.11,False,200,
1787684712.4425077,container,30.0,30.0,34.715,False,200,
1787684712.4758413,container,30.0,30.0,40.975,False,200,
1787684712.5091746,container,30.0,30.0,32.598,False,200,
1787684712.542508,container,30.0,30.0,28.425,False,200,
1787684712.5758412,container,30.0,30.0,37.945,False,200,
1787684712.6091745,container,30.0,30.0,30.384,False,200,
1787684712.6425078,container,30.0,30.0,37.212,False,200,
1787684712.675841,container,30.0,30.0,34.059,False,200,
1787684712.7091744,container,30.0,30.0,39.213,False,200,
1787684712.742508,container,30.0,30.0,29.936,False,200,
1787684712.7758412,container,30.0,30.0,32.948,False,200,
1787684712.8091745,container,30.0,30.0,35.923,False,200,
1787684712.8425078,container,30.0,30.0,31.46,False,200,
1787684712.8758411,container,30.0,30.0,24.511,False,200,
1787684712.9091744,container,30.0,30.0,22.542,False,200,
1787684712.9425077,container,30.0,30.0,29.243,False,200,
1787684712.9758413,container,30.0,30.0,26.252,False,200,
1787684713.0091746,container,30.0,30.0,29.694,False,200,
1787684713.042508,container,30.0,30.0,23.857,False,200,
1787684713.0758412,container,30.0,30.0,27.838,False,200,
1787684713.1091745,container,30.0,30.0,30.103,False,200,
1787684713.1425078,container,30.0,30.0,26.876,False,200,
1787684713.175841,container,30.0,30.0,32.401,False,200,
1787684713.2091744,container,30.0,30.0,35.588,False,200,
1787684713.242508,container,30.0,30.0,26.044,False,200,
1787684713.2758412,container,30.0,30.0,32.114,False,200,
1787684713.3091745,container,30.0,30.0,24.21,False,200,
1787684713.3425078,container,30.0,30.0,44.228,False,200,
1787684713.3758411,container,30.0,30.0,28.029,False,200,
1787684713.4091744,container,30.0,30.0,32.166,False,200,
1787684713.4425077,container,30.0,30.0,25.78,False,200,
1787684713.4758413,container,30.0,30.0,31.426,False,200,
1787684713.5091746,container,30.0,30.0,29.006,False,200,
1787684713.542508,container,30.0,30.0,33.755,False,200,
1787684713.5758412,container,30.0,30.0,34.67,False,200,
1787684713.6091745,container,30.0,30.0,32.888,False,200,
1787684713.6425078,container,30.0,30.0,32.76,False,200,
1787684713.675841,container,30.0,30.0,27.708,False,200,
1787684713.7091744,container,30.0,30.0,33.775,False,200,
1787684713.742508,container,30.0,30.0,21.587,False,200,
1787684713.7758412,container,30.0,30.0,26.903,False,200,
1787684713.8091745,container,30.0,30.0,35.995,False,200,
1787684713.8425078,container,30.0,30.0,24.836,False,200,
1787684713.8758411,container,30.0,30.0,31.957,False,200,
1787684713.9091744,container,30.0,30.0,25.393,False,200,
1787684713.9425077,container,30.0,30.0,23.504,False,200,
1787684713.9758413,container,30.0,30.0,24.057,False,200,
1787684714.0091746,container,30.0,30.0,34.357,False,200,
1787684714.042508,container,30.0,30.0,25.421,False,200,
1787684714.0758412,container,30.0,30.0,42.105,False,200,
1787684714.1091745,container,30.0,30.0,39.254,False,200,
1787684714.1425078,container,30.0,30.0,34.759,False,200,
1787684714.175841,container,30.0,30.0,29.04,False,200,
1787684714.2091744,container,30.0,30.0,27.712,False,200,
1787684714.242508,container,30.0,30.0,25.548,False,200,
1787684714.2758412,container,30.0,30.0,28.384,False,200,
1787684714.3091745,container,30.0,30.0,25.192,False,200,
1787684714.3425078,container,30.0,30.0,25.495,False,200,
1787684714.3758411,container,30.0,30.0,27.037,False,200,
1787684714.4091744,container,30.0,30.0,30.02,False,200,
1787684714.4425077,container,30.0,30.0,28.012,False,200,
1787684714.4758413,container,30.0,30.0,34.239,False,200,
1787684714.5091746,container,30.0,30.0,28.318,False,200,
1787684714.542508,container,30.0,30.0,34.624,False,200,
1787684714.5758412,container,30.0,30.0,32.125,False,200,
1787684714.6091745,container,30.0,30.0,39.284,False,200,
1787684714.6425078,container,30.0,30.0,34.635,False,200,
1787684714.675841,container,30.0,30.0,32.292,False,200,
1787684714.7091744,container,30.0,30.0,31.593,False,200,
1787684714.742508,container,30.0,30.0,34.502,False,200,
1787684714.7758412,container,30.0,30.0,37.986,False,200,
1787684714.8091745,container,30.0,30.0,29.59,False,200,
1787684714.8425078,container,30.0,30.0,27.63,False,200,
1787684714.8758411,container,30.0,30.0,22.967,False,200,
1787684714.9091744,container,30.0,30.0,26.84,False,200,
1787684714.9425077,container,30.0,30.0,29.9,False,200,
1787684714.9758413,container,30.0,30.0,35.503,False,200,
1787684715.0091746,container,30.0,30.0,26.703,False,200,
1787684715.042508,container,30.0,30.0,32.413,False,200,
1787684715.0758412,container,30.0,30.0,32.848,False,200,
1787684715.1091745,container,30.0,30.0,29.935,False,200,
1787684715.1425078,container,30.0,30.0,28.346,False,200,
1787684715.175841,container,30.0,30.0,35.983,False,200,
1787684715.2091744,container,30.0,30.0,28.892,False,200,
1787684715.242508,container,30.0,30.0,30.103,False,200,
1787684715.2758412,container,30.0,30.0,30.119,False,200,
1787684715.3091745,container,30.0,30.0,29.326,False,200,
1787684715.3425078,container,30.0,30.0,28.038,False,200,
1787684715.3758411,container,30.0,30.0,32.885,False,200,
1787684715.4091744,container,30.0,30.0,28.468,False,200,
1787684715.4425077,container,30.0,30.0,35.079,False,200,
1787684715.4758413,container,30.0,30.0,31.853,False,200,
1787684715.5091746,container,30.0,30.0,33.359,False,200,
1787684715.542508,container,30.0,30.0,33.375,False,200,
1787684715.5758412,container,30.0,30.0,24.494,False,200,
1787684715.6091745,container,30.0,30.0,33.951,False,200,
1787684715.6425078,container,30.0,30.0,27.402,False,200,
1787684715.675841,container,30.0,30.0,30.473,False,200,
1787684715.7091744,container,30.0,30.0,34.444,False,200,
1787684715.742508,container,30.0,30.0,27.787,False,200,
1787684715.7758412,container,30.0,30.0,40.626,False,200,
1787684715.8091745,container,30.0,30.0,36.26,False,200,
1787684715.8425078,container,30.0,30.0,31.582,False,200,
1787684715.8758411,container,30.0,30.0,32.886,False,200,
1787684715.9091744,container,30.0,30.0,32.785,False,200,
1787684715.9425077,container,30.0,30.0,25.143,False,200,
1787684715.9758413,container,30.0,30.0,27.137,False,200,
1787684716.0091746,container,30.0,30.0,24.549,False,200,
1787684716.042508,container,30.0,30.0,35.83,False,200,
1787684716.0758412,container,30.0,30.0,30.644,False,200,
1787684716.1091745,container,30.0,30.0,30.345,False,200,
1787684716.1425078,container,30.0,30.0,31.655,False,200,
1787684716.175841,container,30.0,30.0,32.155,False,200,
1787684716.2091744,container,30.0,30.0,34.363,False,200,
1787684716.242508,container,30.0,30.0,24.748,False,200,
1787684716.2758412,container,30.0,30.0,35.166,False,200,
1787684716.3091745,container,30.0,30.0,42.554,False,200,
1787684716.3425078,container,30.0,30.0,31.437,False,200,
1787684716.3758411,container,30.0,30.0,29.488,False,200,
1787684716.4091744,container,30.0,30.0,24.171,False,200,
1787684716.4425077,container,30.0,30.0,29.249,False,200,
1787684716.4758413,container,30.0,30.0,32.221,False,200,
1787684716.5091746,container,30.0,30.0,33.027,False,200,
1787684716.542508,container,30.0,30.0,32.292,False,200,
1787684716.5758412,container,30.0,30.0,35.443,False,200,
1787684716.6091745,container,30.0,30.0,30.363,False,200,
1787684716.6425078,container,30.0,30.0,29.648,False,200,
1787684716.675841,container,30.0,30.0,27.856,False,200,
1787684716.7091744,container,30.0,30.0,31.014,False,200,
1787684716.742508,container,30.0,30.0,28.601,False,200,
1787684716.7758412,container,30.0,30.0,27.428,False,200,
1787684716.8091745,container,30.0,30.0,25.106,False,200,
1787684716.8425078,container,30.0,30.0,28.11,False,200,
1787684716.8758411,container,30.0,30.0,31.182,False,200,
1787684716.9091744,container,30.0,30.0,25.224,False,200,
1787684716.9425077,container,30.0,30.0,26.262,False,200,
1787684716.9758413,container,30.0,30.0,34.326,False,200,
1787684717.0091746,container,30.0,30.0,31.459,False,200,
1787684717.042508,container,30.0,30.0,31.097,False,200,
1787684717.0758412,container,30.0,30.0,32.274,False,200,
1787684717.1091745,container,30.0,30.0,30.333,False,200,
1787684717.1425078,container,30.0,30.0,31.388,False,200,
1787684717.175841,container,30.0,30.0,30.106,False,200,
1787684717.2091744,container,30.0,30.0,23.163,False,200,
1787684717.242508,container,30.0,30.0,31.548,False,200,
1787684717.2758412,container,30.0,30.0,34.706,False,200,
1787684717.3091745,container,30.0,30.0,23.172,False,200,
1787684717.3425078,container,30.0,30.0,25.437,False,200,
1787684717.3758411,container,30.0,30.0,32.377,False,200,
1787684717.4091744,container,30.0,30.0,23.551,False,200,
1787684717.4425077,container,30.0,30.0,30.801,False,200,
1787684717.4758413,container,30.0,30.0,27.567,False,200,
1787684717.5091746,container,30.0,30.0,23.805,False,200,
1787684717.542508,container,30.0,30.0,31.458,False,200,
1787684717.5758412,container,30.0,30.0,30.556,False,200,
1787684717.6091745,container,30.0,30.0,29.219,False,200,
1787684717.6425078,container,30.0,30.0,27.78,False,200,
1787684717.675841,container,30.0,30.0,29.282,False,200,
1787684717.7091744,container,30.0,30.0,25.644,False,200,
1787684717.742508,container,30.0,30.0,32.416,False,200,
1787684717.7758412,container,30.0,30.0,27.089,False,200,
1787684717.8091745,container,30.0,30.0,31.386,False,200,
1787684717.8425078,container,30.0,30.0,25.777,False,200,
1787684717.8758411,container,30.0,30.0,37.587,False,200,
1787684717.9091744,container,30.0,30.0,29.424,False,200,
1787684717.9425077,container,30.0,30.0,27.161,False,200,
1787684717.9758413,container,30.0,30.0,25.142,False,200,
1787684718.0091746,container,30.0,30.0,38.415,False,200,
1787684718.042508,container,30.0,30.0,31.968,False,200,
1787684718.0758412,container,30.0,30.0,25.186,False,200,
1787684718.1091745,container,30.0,30.0,24.666,False,200,
1787684718.1425078,container,30.0,30.0,28.583,False,200,
1787684718.175841,container,30.0,30.0,31.655,False,200,
1787684718.2091744,container,30.0,30.0,31.775,False,200,
1787684718.242508,container,30.0,30.0,30.035,False,200,
1787684718.2758412,container,30.0,30.0,31.19,False,200,
1787684718.3091745,container,30.0,30.0,32.54,False,200,
1787684718.3425078,container,30.0,30.0,36.466,False,200,
1787684718.3758411,container,30.0,30.0,26.484,False,200,
1787684718.4091744,container,30.0,30.0,25.88,False,200,
1787684718.4425077,container,30.0,30.0,26.18,False,200,
1787684718.4758413,container,30.0,30.0,26.302,False,200,
1787684718.5091746,container,30.0,30.0,27.156,False,200,
1787684718.542508,container,30.0,30.0,25.692,False,200,
1787684718.5758412,container,30.0,30.0,25.553,False,200,
1787684718.6091745,container,30.0,30.0,28.701,False,200,
1787684718.6425078,container,30.0,30.0,34.546,False,200,
1787684718.675841,container,30.0,30.0,36.958,False,200,
1787684718.7091744,container,30.0,30.0,27.867,False,200,
1787684718.742508,container,30.0,30.0,25.783,False,200,
1787684718.7758412,container,30.0,30.0,24.602,False,200,
1787684718.8091745,container,30.0,30.0,32.704,False,200,
1787684718.8425078,container,30.0,30.0,28.067,False,200,
1787684718.8758411,container,30.0,30.0,26.717,False,200,
1787684718.9091744,container,30.0,30.0,31.324,False,200,
1787684718.9425077,container,30.0,30.0,25.783,False,200,
1787684718.9758413,container,30.0,30.0,29.112,False,200,
1787684719.0091746,container,30.0,30.0,30.553,False,200,
1787684719.042508,container,30.0,30.0,38.783,False,200,
1787684719.0758412,container,30.0,30.0,34.036,False,200,
1787684719.1091745,container,30.0,30.0,35.003,False,200,
1787684719.1425078,container,30.0,30.0,30.646,False,200,
1787684719.175841,container,30.0,30.0,22.329,False,200,
1787684719.2091744,container,30.0,30.0,35.535,False,200,
1787684719.242508,container,30.0,30.0,30.232,False,200,
1787684719.2758412,container,30.0,30.0,26.289,False,200,
1787684719.3091745,container,30.0,30.0,39.135,False,200,
1787684719.3425078,container,30.0,30.0,27.439,False,200,
1787684719.3758411,container,30.0,30.0,30.209,False,200,
1787684719.4091744,container,30.0,30.0,26.577,False,200,
1787684719.4425077,container,30.0,30.0,26.785,False,200,
1787684719.4758413,container,30.0,30.0,31.877,False,200,
1787684719.5091746,container,30.0,30.0,22.521,False,200,
1787684719.542508,container,30.0,30.0,26.667,False,200,
1787684719.5758412,container,30.0,30.0,26.487,False,200,
1787684719.6091745,container,30.0,30.0,26.814,False,200,
1787684719.6425078,container,30.0,30.0,30.783,False,200,
1787684719.675841,container,30.0,30.0,39.889,False,200,
1787684719.7091744,container,30.0,30.0,27.611,False,200,
1787684719.742508,container,30.0,30.0,26.367,False,200,
1787684719.7758412,container,30.0,30.0,30.493,False,200,
1787684719.8091745,container,30.0,30.0,33.427,False,200,
1787684719.8425078,container,30.0,30.0,20.806,False,200,
1787684719.8758411,container,30.0,30.0,26.334,False,200,
1787684719.9091744,container,30.0,30.0,27.75,False,200,
1787684719.9425077,container,30.0,30.0,36.603,False,200,
1787684719.9758413,container,30.0,30.0,22.859,False,200,
1787684720.0091746,container,30.0,30.0,30.822,False,200,
1787684720.042508,container,30.0,30.0,37.289,False,200,
1787684720.0758412,container,30.0,30.0,26.926,False,200,
1787684720.1091745,container,30.0,30.0,26.882,False,200,
1787684720.1425078,container,30.0,30.0,29.084,False,200,
1787684720.175841,container,30.0,30.0,25.666,False,200,
1787684720.2091744,container,30.0,30.0,23.457,False,200,
1787684720.242508,container,30.0,30.0,38.123,False,200,
1787684720.2758412,container,30.0,30.0,29.982,False,200,
1787684720.3091745,container,30.0,30.0,34.886,False,200,
1787684720.3425078,container,30.0,30.0,28.496,False,200,
1787684720.3758411,container,30.0,30.0,27.58,False,200,
1787684720.4091744,container,30.0,30.0,27.251,False,200,
1787684720.4425077,container,30.0,30.0,22.758,False,200,
1787684720.4758413,container,30.0,30.0,37.232,False,200,
1787684720.5091746,container,30.0,30.0,24.962,False,200,
1787684720.542508,container,30.0,30.0,27.452,False,200,
1787684720.5758412,container,30.0,30.0,29.974,False,200,
1787684720.6091745,container,30.0,30.0,23.013,False,200,
1787684720.6425078,container,30.0,30.0,24.091,False,200,
1787684720.675841,container,30.0,30.0,34.542,False,200,
1787684720.7091744,container,30.0,30.0,29.488,False,200,
1787684720.742508,container,30.0,30.0,30.824,False,200,
1787684720.7758412,container,30.0,30.0,22.362,False,200,
1787684720.8091745,container,30.0,30.0,33.676,False,200,
1787684720.8425078,container,30.0,30.0,32.955,False,200,
1787684720.8758411,container,30.0,30.0,30.52,False,200,
1787684720.9091744,container,30.0,30.0,28.033,False,200,
1787684720.9425077,container,30.0,30.0,30.016,False,200,
1787684720.9758413,container,30.0,30.0,25.948,False,200,
1787684721.0091746,container,30.0,30.0,24.435,False,200,
1787684721.042508,container,30.0,30.0,29.735,False,200,
1787684721.0758412,container,30.0,30.0,39.609,False,200,
1787684721.1091745,container,30.0,30.0,30.66,False,200,
1787684721.1425078,container,30.0,30.0,30.058,False,200,
1787684721.175841,container,30.0,30.0,23.913,False,200,
1787684721.2091744,container,30.0,30.0,25.963,False,200,
1787684721.242508,container,30.0,30.0,31.986,False,200,
1787684721.2758412,container,30.0,30.0,29.892,False,200,
1787684721.3091745,container,30.0,30.0,27.564,False,200,
1787684721.3425078,container,30.0,30.0,31.119,False,200,
1787684721.3758411,container,30.0,30.0,29.706,False,200,
1787684721.4091744,container,30.0,30.0,27.836,False,200,
1787684721.4425077,container,30.0,30.0,23.911,False,200,
1787684721.4758413,container,30.0,30.0,31.454,False,200,
1787684721.5091746,container,30.0,30.0,31.75,False,200,
1787684721.542508,container,30.0,30.0,31.197,False,200,
1787684721.5758412,container,30.0,30.0,35.214,False,200,
1787684721.6091745,container,30.0,30.0,26.898,False,200,
1787684721.6425078,container,30.0,30.0,26.711,False,200,
1787684721.675841,container,30.0,30.0,35.02,False,200,
1787684721.7091744,container,30.0,30.0,36.346,False,200,
1787684721.742508,container,30.0,30.0,30.464,False,200,
1787684721.7758412,container,30.0,30.0,29.048,False,200,
1787684721.8091745,container,30.0,30.0,23.39,False,200,
1787684721.8425078,container,30.0,30.0,33.855,False,200,
1787684721.8758411,container,30.0,30.0,32.494,False,200,
1787684721.9091744,container,30.0,30.0,37.365,False,200,
1787684721.9425077,container,30.0,30.0,28.219,False,200,
1787684721.9758413,container,30.0,30.0,20.722,False,200,
1787684722.0091746,container,30.0,30.0,35.416,False,200,
1787684722.042508,container,30.0,30.0,29.655,False,200,
1787684722.0758412,container,30.0,30.0,25.346,False,200,
1787684722.1091745,container,30.0,30.0,37.573,False,200,
1787684722.1425078,container,30.0,30.0,40.438,False,200,
1787684722.175841,container,30.0,30.0,24.513,False,200,
1787684722.2091744,container,30.0,30.0,36.342,False,200,
1787684722.242508,container,30.0,30.0,33.259,False,200,
1787684722.2758412,container,30.0,30.0,29.304,False,200,
1787684722.3091745,container,30.0,30.0,38.78,False,200,
1787684722.3425078,container,30.0,30.0,27.893,False,200,
1787684722.3758411,container,30.0,30.0,30.507,False,200,
1787684722.4091744,container,30.0,30.0,34.366,False,200,
1787684722.4425077,container,30.0,30.0,30.734,False,200,
1787684722.4758413,container,30.0,30.0,27.029,False,200,
1787684722.5091746,container,30.0,30.0,24.757,False,200,
1787684722.542508,container,30.0,30.0,34.625,False,200,
1787684722.5758412,container,30.0,30.0,36.203,False,200,
1787684722.6091745,container,30.0,30.0,31.876,False,200,
1787684722.6425078,container,30.0,30.0,26.781,False,200,
1787684722.675841,container,30.0,30.0,33.531,False,200,
1787684722.7091744,container,30.0,30.0,30.084,False,200,
1787684722.742508,container,30.0,30.0,24.885,False,200,
1787684722.7758412,container,30.0,30.0,27.733,False,200,
1787684722.8091745,container,30.0,30.0,28.781,False,200,
