timestamp,deployment_mode,rps_target,rps_actual,latency_ms,is_cold_start,status_code,error
1787684422.7981846,container,10.0,10.0,34.578,False,200,
1787684422.8981845,container,10.0,10.0,28.675,False,200,
1787684422.9981847,container,10.0,10.0,29.174,False,200,
1787684423.0981846,container,10.0,10.0,43.815,False,200,
1787684423.1981847,container,10.0,10.0,27.934,False,200,
1787684423.2981846,container,10.0,10.0,38.91,False,200,
1787684423.3981845,container,10.0,10.0,28.896,False,200,
1787684423.4981847,container,10.0,10.0,27.703,False,200,
1787684423.5981846,container,10.0,10.0,34.494,False,200,
1787684423.6981847,container,10.0,10.0,37.591,False,200,
1787684423.7981846,container,10.0,10.0,23.194,False,200,
1787684423.8981845,container,10.0,10.0,34.328,False,200,
1787684423.9981847,container,10.0,10.0,32.325,False,200,
1787684424.0981846,container,10.0,10.0,31.253,False,200,
1787684424.1981847,container,10.0,10.0,34.179,False,200,
1787684424.2981846,container,10.0,10.0,31.328,False,200,
1787684424.3981845,container,10.0,10.0,27.404,False,200,
1787684424.4981847,container,10.0,10.0,28.101,False,200,
1787684424.5981846,container,10.0,10.0,32.905,False,200,
1787684424.6981847,container,10.0,10.0,35.551,False,200,
1787684424.7981846,container,10.0,10.0,30.752,False,200,
1787684424.8981845,container,10.0,10.0,25.369,False,200,
1787684424.9981847,container,10.0,10.0,35.039,False,200,
1787684425.0981846,container,10.0,10.0,31.248,False,200,
1787684425.1981847,container,10.0,10.0,24.176,False,200,
1787684425.2981846,container,10.0,10.0,38.839,False,200,
1787684425.3981845,container,10.0,10.0,30.482,False,200,
1787684425.4981847,container,10.0,10.0,33.637,False,200,
1787684425.5981846,container,10.0,10.0,28.854,False,200,
1787684425.6981847,container,10.0,10.0,29.13,False,200,
1787684425.7981846,container,10.0,10.0,27.808,False,200,
1787684425.8981845,container,10.0,10.0,26.285,False,200,
1787684425.9981847,container,10.0,10.0,34.041,False,200,
1787684426.0981846,container,10.0,10.0,28.932,False,200,
1787684426.1981847,container,10.0,10.0,28.314,False,200,
1787684426.2981846,container,10.0,10.0,33.069,False,200,
1787684426.3981845,container,10.0,10.0,34.748,False,200,
1787684426.4981847,container,10.0,10.0,24.032,False,200,
1787684426.5981846,container,10.0,10.0,28.845,False,200,
1787684426.6981847,container,10.0,10.0,22.518,False,200,
1787684426.7981846,container,10.0,10.0,29.459,False,200,
1787684426.8981845,container,10.0,10.0,28.584,False,200,
1787684426.9981847,container,10.0,10.0,28.333,False,200,
1787684427.0981846,container,10.0,10.0,33.163,False,200,
1787684427.1981847,container,10.0,10.0,24.905,False,200,
1787684427.2981846,container,10.0,10.0,29.716,False,200,
1787684427.3981845,container,10.0,10.0,22.477,False,200,
1787684427.4981847,container,10.0,10.0,26.12,False,200,
1787684427.5981846,container,10.0,10.0,30.636,False,200,
1787684427.6981847,container,10.0,10.0,32.688,False,200,
1787684427.7981846,container,10.0,10.0,30.502,False,200,
1787684427.8981845,container,10.0,10.0,28.066,False,200,
1787684427.9981847,container,10.0,10.0,29.866,False,200,
1787684428.0981846,container,10.0,10.0,35.158,False,200,
1787684428.1981847,container,10.0,10.0,26.471,False,200,
1787684428.2981846,container,10.0,10.0,34.006,False,200,
1787684428.3981845,container,10.0,10.0,30.427,False,200,
1787684428.4981847,container,10.0,10.0,27.098,False,200,
1787684428.5981846,container,10.0,10.0,22.031,False,200,
1787684428.6981847,container,10.0,10.0,29.254,False,200,
1787684428.7981846,container,10.0,10.0,29.91,False,200,
1787684428.8981845,container,10.0,10.0,32.55,False,200,
1787684428.9981847,container,10.0,10.0,28.667,False,200,
1787684429.0981846,container,10.0,10.0,30.684,False,200,
1787684429.1981847,container,10.0,10.0,33.426,False,200,
1787684429.2981846,container,10.0,10.0,31.196,False,200,
1787684429.3981845,container,10.0,10.0,25.302,False,200,
1787684429.4981847,container,10.0,10.0,37.077,False,200,
1787684429.5981846,container,10.0,10.0,30.815,False,200,
1787684429.6981847,container,10.0,10.0,32.089,False,200,
1787684429.7981846,container,10.0,10.0,27.259,False,200,
1787684429.8981845,container,10.0,10.0,31.636,False,200,
1787684429.9981847,container,10.0,10.0,39.873,False,200,
1787684430.0981846,container,10.0,10.0,36.045,False,200,
1787684430.1981847,container,10.0,10.0,31.195,False,200,
1787684430.2981846,container,10.0,10.0,31.291,False,200,
1787684430.3981845,container,10.0,10.0,28.661,False,200,
1787684430.4981847,container,10.0,10.0,35.759,False,200,
1787684430.5981846,container,10.0,10.0,32.972,False,200,
1787684430.6981847,container,10.0,10.0,30.537,False,200,
1787684430.7981846,container,10.0,10.0,34.839,False,200,
1787684430.8981845,container,10.0,10.0,27.908,False,200,
1787684430.9981847,container,10.0,10.0,31.404,False,200,
1787684431.0981846,container,10.0,10.0,28.642,False,200,
1787684431.1981847,container,10.0,10.0,32.393,False,200,
1787684431.2981846,container,10.0,10.0,34.908,False,200,
1787684431.3981845,container,10.0,10.0,26.144,False,200,
1787684431.4981847,container,10.0,10.0,31.669,False,200,
1787684431.5981846,container,10.0,10.0,30.022,False,200,
1787684431.6981847,container,10.0,10.0,24.546,False,200,
1787684431.7981846,container,10.0,10.0,31.137,False,200,
1787684431.8981845,container,10.0,10.0,27.646,False,200,
1787684431.9981847,container,10.0,10.0,39.906,False,200,
1787684432.0981846,container,10.0,10.0,40.956,False,200,
1787684432.1981847,container,10.0,10.0,27.039,False,200,
1787684432.2981846,container,10.0,10.0,29.79,False,200,
1787684432.3981845,container,10.0,10.0,27.091,False,200,
1787684432.4981847,container,10.0,10.0,27.13,False,200,
1787684432.5981846,container,10.0,10.0,27.546,False,200,
1787684432.6981847,container,10.0,10.0,30.013,False,200,
1787684432.7981846,container,10.0,10.0,35.293,False,200,
1787684432.8981845,container,10.0,10.0,29.99,False,200,
1787684432.9981847,container,10.0,10.0,24.74,False,200,
1787684433.0981846,container,10.0,10.0,28.929,False,200,
1787684433.1981847,container,10.0,10.0,41.983,False,200,
1787684433.2981846,container,10.0,10.0,24.502,False,200,
1787684433.3981845,container,10.0,10.0,30.411,False,200,
1787684433.4981847,container,10.0,10.0,30.443,False,200,
1787684433.5981846,container,10.0,10.0,38.417,False,200,
1787684433.6981847,container,10.0,10.0,27.638,False,200,
1787684433.7981846,container,10.0,10.0,25.864,False,200,
1787684433.8981845,container,10.0,10.0,32.671,False,200,
1787684433.9981847,container,10.0,10.0,30.716,False,200,
1787684434.0981846,container,10.0,10.0,34.893,False,200,
1787684434.1981847,container,10.0,10.0,34.227,False,200,
1787684434.2981846,container,10.0,10.0,32.834,False,200,
1787684434.3981845,container,10.0,10.0,29.506,False,200,
1787684434.4981847,container,10.0,10.0,30.737,False,200,
1787684434.5981846,container,10.0,10.0,28.252,False,200,
1787684434.6981847,container,10.0,10.0,31.054,False,200,
1787684434.7981846,container,10.0,10.0,35.871,False,200,
1787684434.8981845,container,10.0,10.0,26.839,False,200,
1787684434.9981847,container,10.0,10.0,28.569,False,200,
1787684435.0981846,container,10.0,10.0,29.934,False,200,
1787684435.1981847,container,10.0,10.0,27.736,False,200,
1787684435.2981846,container,10.0,10.0,36.198,False,200,
1787684435.3981845,container,10.0,10.0,34.216,False,200,
1787684435.4981847,container,10.0,10.0,32.618,False,200,
1787684435.5981846,container,10.0,10.0,32.935,False,200,
1787684435.6981847,container,10.0,10.0,33.263,False,200,
1787684435.7981846,container,10.0,10.0,27.921,False,200,
1787684435.8981845,container,10.0,10.0,42.62,False,200,
1787684435.9981847,container,10.0,10.0,29.296,False,200,
1787684436.0981846,container,10.0,10.0,35.54,False,200,
1787684436.1981847,container,10.0,10.0,31.225,False,200,
1787684436.2981846,container,10.0,10.0,25.879,False,200,
1787684436.3981845,container,10.0,10.0,30.801,False,200,
1787684436.4981847,container,10.0,10.0,29.299,False,200,
1787684436.5981846,container,10.0,10.0,27.454,False,200,
1787684436.6981847,container,10.0,10.0,28.283,False,200,
1787684436.7981846,container,10.0,10.0,25.723,False,200,
1787684436.8981845,container,10.0,10.0,28.999,False,200,
1787684436.9981847,container,10.0,10.0,35.289,False,200,
1787684437.0981846,container,10.0,10.0,32.105,False,200,
1787684437.1981847,container,10.0,10.0,33.213,False,200,
1787684437.2981846,container,10.0,10.0,31.507,False,200,
1787684437.3981845,container,10.0,10.0,30.063,False,200,
1787684437.4981847,container,10.0,10.0,42.868,False,200,
1787684437.5981846,container,10.0,10.0,25.765,False,200,
1787684437.6981847,container,10.0,10.0,31.424,False,200,
1787684437.7981846,container,10.0,10.0,27.63,False,200,
1787684437.8981845,container,10.0,10.0,22.708,False,200,
1787684437.9981847,container,10.0,10.0,33.249,False,200,
1787684438.0981846,container,10.0,10.0,34.485,False,200,
1787684438.1981847,container,10.0,10.0,39.901,False,200,
1787684438.2981846,container,10.0,10.0,24.384,False,200,
1787684438.3981845,container,10.0,10.0,27.367,False,200,
1787684438.4981847,container,10.0,10.0,28.302,False,200,
1787684438.5981846,container,10.0,10.0,28.951,False,200,
1787684438.6981847,container,10.0,10.0,31.707,False,200,
1787684438.7981846,container,10.0,10.0,33.701,False,200,
1787684438.8981845,container,10.0,10.0,30.755,False,200,
1787684438.9981847,container,10.0,10.0,36.609,False,200,
1787684439.0981846,container,10.0,10.0,23.341,False,200,
1787684439.1981847,container,10.0,10.0,26.444,False,200,
1787684439.2981846,container,10.0,10.0,33.11,False,200,
1787684439.3981845,container,10.0,10.0,23.559,False,200,
1787684439.4981847,container,10.0,10.0,34.738,False,200,
1787684439.5981846,container,10.0,10.0,27.815,False,200,
1787684439.6981847,container,10.0,10.0,32.482,False,200,
1787684439.7981846,container,10.0,10.0,32.3,False,200,
1787684439.8981845,container,10.0,10.0,31.179,False,200,
1787684439.9981847,container,10.0,10.0,24.666,False,200,
1787684440.0981846,container,10.0,10.0,34.555,False,200,
1787684440.1981847,container,10.0,10.0,43.097,False,200,
1787684440.2981846,container,10.0,10.0,46.522,False,200,
1787684440.3981845,container,10.0,10.0,27.468,False,200,
1787684440.4981847,container,10.0,10.0,33.4,False,200,
1787684440.5981846,container,10.0,10.0,33.369,False,200,
1787684440.6981847,container,10.0,10.0,32.785,False,200,
1787684440.7981846,container,10.0,10.0,23.636,False,200,
1787684440.8981845,container,10.0,10.0,25.953,False,200,
1787684440.9981847,container,10.0,10.0,25.373,False,200,
1787684441.0981846,container,10.0,10.0,29.794,False,200,
1787684441.1981847,container,10.0,10.0,24.203,False,200,
1787684441.2981846,container,10.0,10.0,32.177,False,200,
1787684441.3981845,container,10.0,10.0,31.297,False,200,
1787684441.4981847,container,10.0,10.0,35.413,False,200,
1787684441.5981846,container,10.0,10.0,24.596,False,200,
1787684441.6981847,container,10.0,10.0,37.093,False,200,
1787684441.7981846,container,10.0,10.0,32.033,False,200,
1787684441.8981845,container,10.0,10.0,25.044,False,200,
1787684441.9981847,container,10.0,10.0,25.084,False,200,
1787684442.0981846,container,10.0,10.0,25.715,False,200,
1787684442.1981847,container,10.0,10.0,29.403,False,200,
1787684442.2981846,container,10.0,10.0,29.405,False,200,
1787684442.3981845,container,10.0,10.0,23.963,False,200,
1787684442.4981847,container,10.0,10.0,30.179,False,200,
1787684442.5981846,container,10.0,10.0,35.941,False,200,
1787684442.6981847,container,10.0,10.0,35.304,False,200,
1787684442.7981846,container,10.0,10.0,22.526,False,200,
1787684442.8981845,container,10.0,10.0,22.872,False,200,
1787684442.9981847,container,10.0,10.0,29.093,False,200,
1787684443.0981846,container,10.0,10.0,27.4,False,200,
1787684443.1981847,container,10.0,10.0,31.96,False,200,
1787684443.2981846,container,10.0,10.0,34.441,False,200,
1787684443.3981845,container,10.0,10.0,28.625,False,200,
1787684443.4981847,container,10.0,10.0,28.027,False,200,
1787684443.5981846,container,10.0,10.0,28.681,False,200,
1787684443.6981847,container,10.0,10.0,29.979,False,200,
1787684443.7981846,container,10.0,10.0,28.256,False,200,
1787684443.8981845,container,10.0,10.0,25.733,False,200,
1787684443.9981847,container,10.0,10.0,33.373,False,200,
1787684444.0981846,container,10.0,10.0,27.038,False,200,
1787684444.1981847,container,10.0,10.0,31.676,False,200,
1787684444.2981846,container,10.0,10.0,26.087,False,200,
1787684444.3981845,container,10.0,10.0,32.858,False,200,
1787684444.4981847,container,10.0,10.0,26.364,False,200,
1787684444.5981846,container,10.0,10.0,32.579,False,200,
1787684444.6981847,container,10.0,10.0,28.915,False,200,
1787684444.7981846,container,10.0,10.0,34.552,False,200,
1787684444.8981845,container,10.0,10.0,25.4,False,200,
1787684444.9981847,container,10.0,10.0,23.33,False,200,
1787684445.0981846,container,10.0,10.0,24.727,False,200,
1787684445.1981847,container,10.0,10.0,28.484,False,200,
1787684445.2981846,container,10.0,10.0,22.046,False,200,
1787684445.3981845,container,10.0,10.0,28.323,False,200,
1787684445.4981847,container,10.0,10.0,38.078,False,200,
1787684445.5981846,container,10.0,10.0,40.514,False,200,
1787684445.6981847,container,10.0,10.0,30.615,False,200,
1787684445.7981846,container,10.0,10.0,25.979,False,200,
1787684445.8981845,container,10.0,10.0,33.128,False,200,
1787684445.9981847,container,10.0,10.0,26.374,False,200,
1787684446.0981846,container,10.0,10.0,30.471,False,200,
1787684446.1981847,container,10.0,10.0,30.578,False,200,
1787684446.2981846,container,10.0,10.0,34.655,False,200,
1787684446.3981845,container,10.0,10.0,24.772,False,200,
1787684446.4981847,container,10.0,10.0,29.296,False,200,
1787684446.5981846,container,10.0,10.0,33.782,False,200,
1787684446.6981847,container,10.0,10.0,29.786,False,200,
1787684446.7981846,container,10.0,10.0,42.41,False,200,
1787684446.8981845,container,10.0,10.0,31.918,False,200,
1787684446.9981847,container,10.0,10.0,29.95,False,200,
1787684447.0981846,container,10.0,10.0,35.912,False,200,
1787684447.1981847,container,10.0,10.0,33.094,False,200,
1787684447.2981846,container,10.0,10.0,30.022,False,200,
1787684447.3981845,container,10.0,10.0,39.758,False,200,
1787684447.4981847,container,10.0,10.0,33.486,False,200,
1787684447.5981846,container,10.0,10.0,25.995,False,200,
1787684447.6981847,container,10.0,10.0,28.315,False,200,
1787684447.7981846,container,10.0,10.0,24.191,False,200,
1787684447.8981845,container,10.0,10.0,36.641,False,200,
1787684447.9981847,container,10.0,10.0,30.696,False,200,
1787684448.0981846,container,10.0,10.0,41.053,False,200,
1787684448.1981847,container,10.0,10.0,30.283,False,200,
1787684448.2981846,container,10.0,10.0,30.569,False,200,
1787684448.3981845,container,10.0,10.0,29.86,False,200,
1787684448.4981847,container,10.0,10.0,43.332,False,200,
1787684448.5981846,container,10.0,10.0,33.277,False,200,
1787684448.6981847,container,10.0,10.0,24.297,False,200,
1787684448.7981846,container,10.0,10.0,32.788,False,200,
1787684448.8981845,container,10.0,10.0,36.751,False,200,
1787684448.9981847,container,10.0,10.0,31.083,False,200,
1787684449.0981846,container,10.0,10.0,34.898,False,200,
1787684449.1981847,container,10.0,10.0,35.251,False,200,
1787684449.2981846,container,10.0,10.0,31.727,False,200,
1787684449.3981845,container,10.0,10.0,35.08,False,200,
1787684449.4981847,container,10.0,10.0,34.443,False,200,
1787684449.5981846,container,10.0,10.0,34.42,False,200,
1787684449.6981847,container,10.0,10.0,30.755,False,200,
1787684449.7981846,container,10.0,10.0,28.049,False,200,
1787684449.8981845,container,10.0,10.0,26.304,False,200,
1787684449.9981847,container,10.0,10.0,33.201,False,200,
1787684450.0981846,container,10.0,10.0,34.649,False,200,
1787684450.1981847,container,10.0,10.0,30.065,False,200,
1787684450.2981846,container,10.0,10.0,32.008,False,200,
1787684450.3981845,container,10.0,10.0,29.565,False,200,
1787684450.4981847,container,10.0,10.0,34.048,False,200,
1787684450.5981846,container,10.0,10.0,30.961,False,200,
1787684450.6981847,container,10.0,10.0,23.672,False,200,
1787684450.7981846,container,10.0,10.0,29.571,False,200,
1787684450.8981845,container,10.0,10.0,26.384,False,200,
1787684450.9981847,container,10.0,10.0,27.467,False,200,
1787684451.0981846,container,10.0,10.0,27.766,False,200,
1787684451.1981847,container,10.0,10.0,33.69,False,200,
1787684451.2981846,container,10.0,10.0,38.38,False,200,
1787684451.3981845,container,10.0,10.0,29.427,False,200,
1787684451.4981847,container,10.0,10.0,30.568,False,200,
1787684451.5981846,container,10.0,10.0,28.913,False,200,
1787684451.6981847,container,10.0,10.0,36.276,False,200,
1787684451.7981846,container,10.0,10.0,31.667,False,200,
1787684451.8981845,container,10.0,10.0,37.369,False,200,
1787684451.9981847,container,10.0,10.0,33.003,False,200,
1787684452.0981846,container,10.0,10.0,28.088,False,200,
1787684452.1981847,container,10.0,10.0,33.511,False,200,
1787684452.2981846,container,10.0,10.0,29.91,False,200,
1787684452.3981845,container,10.0,10.0,29.422,False,200,
1787684452.4981847,container,10.0,10.0,32.036,False,200,
1787684452.5981846,container,10.0,10.0,29.4,False,200,
1787684452.6981847,container,10.0,10.0,29.469,False,200,
1787684452.7981846,container,10.0,10.0,26.014,False,200,
1787684452.8981845,container,10.0,10.0,28.25,False,200,
1787684452.9981847,container,10.0,10.0,26.465,False,200,
1787684453.0981846,container,10.0,10.0,25.772,False,200,
1787684453.1981847,container,10.0,10.0,23.535,False,200,
1787684453.2981846,container,10.0,10.0,24.495,False,200,
1787684453.3981845,container,10.0,10.0,27.885,False,200,
1787684453.4981847,container,10.0,10.0,25.151,False,200,
1787684453.5981846,container,10.0,10.0,32.501,False,200,
1787684453.6981847,container,10.0,10.0,32.941,False,200,
1787684453.7981846,container,10.0,10.0,30.035,False,200,
1787684453.8981845,container,10.0,10.0,36.044,False,200,
1787684453.9981847,container,10.0,10.0,27.379,False,200,
1787684454.0981846,container,10.0,10.0,32.868,False,200,
1787684454.1981847,container,10.0,10.0,29.801,False,200,
1787684454.2981846,container,10.0,10.0,29.429,False,200,
1787684454.3981845,container,10.0,10.0,35.418,False,200,
1787684454.4981847,container,10.0,10.0,27.439,False,200,
1787684454.5981846,container,10.0,10.0,24.592,False,200,
1787684454.6981847,container,10.0,10.0,27.741,False,200,
1787684454.7981846,container,10.0,10.0,37.528,False,200,
1787684454.8981845,container,10.0,10.0,36.118,False,200,
1787684454.9981847,container,10.0,10.0,31.074,False,200,
1787684455.0981846,container,10.0,10.0,35.318,False,200,
1787684455.1981847,container,10.0,10.0,29.035,False,200,
1787684455.2981846,container,10.0,10.0,25.646,False,200,
1787684455.3981845,container,10.0,10.0,29.228,False,200,
1787684455.4981847,container,10.0,10.0,32.972,False,200,
1787684455.5981846,container,10.0,10.0,32.669,False,200,
1787684455.6981847,container,10.0,10.0,31.619,False,200,
1787684455.7981846,container,10.0,10.0,28.473,False,200,
1787684455.8981845,container,10.0,10.0,29.478,False,200,
1787684455.9981847,container,10.0,10.0,21.741,False,200,
1787684456.0981846,container,10.0,10.0,31.212,False,200,
1787684456.1981847,container,10.0,10.0,32.626,False,200,
1787684456.2981846,container,10.0,10.0,31.516,False,200,
1787684456.3981845,container,10.0,10.0,38.374,False,200,
1787684456.4981847,container,10.0,10.0,28.165,False,200,
1787684456.5981846,container,10.0,10.0,29.37,False,200,
1787684456.6981847,container,10.0,10.0,24.117,False,200,
1787684456.7981846,container,10.0,10.0,31.166,False,200,
1787684456.8981845,container,10.0,10.0,30.936,False,200,
1787684456.9981847,container,10.0,10.0,26.086,False,200,
1787684457.0981846,container,10.0,10.0,29.904,False,200,
1787684457.1981847,container,10.0,10.0,26.466,False,200,
1787684457.2981846,container,10.0,10.0,33.803,False,200,
1787684457.3981845,container,10.0,10.0,35.816,False,200,
1787684457.4981847,container,10.0,10.0,31.628,False,200,
1787684457.5981846,container,10.0,10.0,35.056,False,200,
1787684457.6981847,container,10.0,10.0,35.649,False,200,
1787684457.7981846,container,10.0,10.0,31.59,False,200,
1787684457.8981845,container,10.0,10.0,27.923,False,200,
1787684457.9981847,container,10.0,10.0,31.543,False,200,
1787684458.0981846,container,10.0,10.0,31.597,False,200,
1787684458.1981847,container,10.0,10.0,28.253,False,200,
1787684458.2981846,container,10.0,10.0,36.412,False,200,
1787684458.3981845,container,10.0,10.0,30.804,False,200,
1787684458.4981847,container,10.0,10.0,37.273,False,200,
1787684458.5981846,container,10.0,10.0,28.426,False,200,
1787684458.6981847,container,10.0,10.0,38.374,False,200,
1787684458.7981846,container,10.0,10.0,26.996,False,200,
1787684458.8981845,container,10.0,10.0,20.936,False,200,
1787684458.9981847,container,10.0,10.0,29.155,False,200,
1787684459.0981846,container,10.0,10.0,25.612,False,200,
1787684459.1981847,container,10.0,10.0,37.384,False,200,
1787684459.2981846,container,10.0,10.0,23.706,False,200,
1787684459.3981845,container,10.0,10.0,26.813,False,200,
1787684459.4981847,container,10.0,10.0,35.865,False,200,
1787684459.5981846,container,10.0,10.0,25.572,False,200,
1787684459.6981847,container,10.0,10.0,40.041,False,200,
1787684459.7981846,container,10.0,10.0,26.979,False,200,
1787684459.8981845,container,10.0,10.0,30.138,False,200,
1787684459.9981847,container,10.0,10.0,24.077,False,200,
1787684460.0981846,container,10.0,10.0,31.899,False,200,
1787684460.1981847,container,10.0,10.0,31.072,False,200,
1787684460.2981846,container,10.0,10.0,29.291,False,200,
1787684460.3981845,container,10.0,10.0,37.13,False,200,
1787684460.4981847,container,10.0,10.0,36.285,False,200,
1787684460.5981846,container,10.0,10.0,32.54,False,200,
1787684460.6981847,container,10.0,10.0,39.775,False,200,
1787684460.7981846,container,10.0,10.0,32.353,False,200,
1787684460.8981845,container,10.0,10.0,34.836,False,200,
1787684460.9981847,container,10.0,10.0,34.785,False,200,
1787684461.0981846,container,10.0,10.0,24.491,False,200,
1787684461.1981847,container,10.0,10.0,36.37,False,200,
1787684461.2981846,container,10.0,10.0,24.365,False,200,
1787684461.3981845,container,10.0,10.0,27.669,False,200,
1787684461.4981847,container,10.0,10.0,32.055,False,200,
1787684461.5981846,container,10.0,10.0,24.068,False,200,
1787684461.6981847,container,10.0,10.0,25.506,False,200,
1787684461.7981846,container,10.0,10.0,30.883,False,200,
1787684461.8981845,container,10.0,10.0,32.167,False,200,
1787684461.9981847,container,10.0,10.0,26.978,False,200,
1787684462.0981846,container,10.0,10.0,32.116,False,200,
1787684462.1981847,container,10.0,10.0,29.06,False,200,
1787684462.2981846,container,10.0,10.0,25.144,False,200,
1787684462.3981845,container,10.0,10.0,28.552,False,200,
1787684462.4981847,container,10.0,10.0,33.928,False,200,
1787684462.5981846,container,10.0,10.0,31.94,False,200,
1787684462.6981847,container,10.0,10.0,28.279,False,200,
1787684462.7981846,container,10.0,10.0,32.974,False,200,
1787684462.8981845,container,10.0,10.0,33.546,False,200,
1787684462.9981847,container,10.0,10.0,32.742,False,200,
1787684463.0981846,container,10.0,10.0,24.486,False,200,
1787684463.1981847,container,10.0,10.0,30.456,False,200,
1787684463.2981846,container,10.0,10.0,29.085,False,200,
1787684463.3981845,container,10.0,10.0,40.02,False,200,
1787684463.4981847,container,10.0,10.0,31.363,False,200,
1787684463.5981846,container,10.0,10.0,27.244,False,200,
1787684463.6981847,container,10.0,10.0,26.058,False,200,
1787684463.7981846,container,10.0,10.0,30.382,False,200,
1787684463.8981845,container,10.0,10.0,37.986,False,200,
1787684463.9981847,container,10.0,10.0,28.793,False,200,
1787684464.0981846,container,10.0,10.0,32.476,False,200,
1787684464.1981847,container,10.0,10.0,31.647,False,200,
1787684464.2981846,container,10.0,10.0,32.044,False,200,
1787684464.3981845,container,10.0,10.0,31.34,False,200,
1787684464.4981847,container,10.0,10.0,28.072,False,200,
1787684464.5981846,container,10.0,10.0,30.747,False,200,
1787684464.6981847,container,10.0,10.0,33.38,False,200,
1787684464.7981846,container,10.0,10.0,31.597,False,200,
1787684464.8981845,container,10.0,10.0,29.177,False,200,
1787684464.9981847,container,10.0,10.0,23.551,False,200,
1787684465.0981846,container,10.0,10.0,37.166,False,200,
1787684465.1981847,container,10.0,10.0,27.47,False,200,
1787684465.2981846,container,10.0,10.0,23.992,False,200,
1787684465.3981845,container,10.0,10.0,35.345,False,200,
1787684465.4981847,container,10.0,10.0,35.327,False,200,
1787684465.5981846,container,10.0,10.0,37.648,False,200,
1787684465.6981847,container,10.0,10.0,33.31,False,200,
1787684465.7981846,container,10.0,10.0,25.698,False,200,
1787684465.8981845,container,10.0,10.0,39.234,False,200,
1787684465.9981847,container,10.0,10.0,32.419,False,200,
1787684466.0981846,container,10.0,10.0,30.173,False,200,
1787684466.1981847,container,10.0,10.0,25.528,False,200,
1787684466.2981846,container,10.0,10.0,29.443,False,200,
1787684466.3981845,container,10.0,10.0,35.755,False,200,
1787684466.4981847,container,10.0,10.0,28.421,False,200,
1787684466.5981846,container,10.0,10.0,26.126,False,200,
1787684466.6981847,container,10.0,10.0,29.444,False,200,
1787684466.7981846,container,10.0,10.0,29.813,False,200,
1787684466.8981845,container,10.0,10.0,36.916,False,200,
1787684466.9981847,container,10.0,10.0,27.931,False,200,
1787684467.0981846,container,10.0,10.0,31.187,False,200,
1787684467.1981847,container,10.0,10.0,28.029,False,200,
1787684467.2981846,container,10.0,10.0,32.684,False,200,
1787684467.3981845,container,10.0,10.0,25.371,False,200,
1787684467.4981847,container,10.0,10.0,34.491,False,200,
1787684467.5981846,container,10.0,10.0,36.354,False,200,
1787684467.6981847,container,10.0,10.0,42.035,False,200,
1787684467.7981846,container,10.0,10.0,30.002,False,200,
1787684467.8981845,container,10.0,10.0,32.13,False,200,
1787684467.9981847,container,10.0,10.0,27.304,False,200,
1787684468.0981846,container,10.0,10.0,25.173,False,200,
1787684468.1981847,container,10.0,10.0,29.118,False,200,
1787684468.2981846,container,10.0,10.0,34.711,False,200,
1787684468.3981845,container,10.0,10.0,25.627,False,200,
1787684468.4981847,container,10.0,10.0,34.418,False,200,
1787684468.5981846,container,10.0,10.0,31.058,False,200,
1787684468.6981847,container,10.0,10.0,24.914,False,200,
1787684468.7981846,container,10.0,10.0,31.334,False,200,
1787684468.8981845,container,10.0,10.0,31.958,False,200,
1787684468.9981847,container,10.0,10.0,34.724,False,200,
1787684469.0981846,container,10.0,10.0,27.343,False,200,
1787684469.1981847,container,10.0,10.0,41.213,False,200,
1787684469.2981846,container,10.0,10.0,34.634,False,200,
1787684469.3981845,container,10.0,10.0,36.673,False,200,
1787684469.4981847,container,10.0,10.0,29.047,False,200,
1787684469.5981846,container,10.0,10.0,28.972,False,200,
1787684469.6981847,container,10.0,10.0,28.233,False,200,
1787684469.7981846,container,10.0,10.0,29.751,False,200,
1787684469.8981845,container,10.0,10.0,21.593,False,200,
1787684469.9981847,container,10.0,10.0,28.268,False,200,
1787684470.0981846,container,10.0,10.0,25.113,False,200,
1787684470.1981847,container,10.0,10.0,35.225,False,200,
1787684470.2981846,container,10.0,10.0,32.377,False,200,
1787684470.3981845,container,10.0,10.0,29.558,False,200,
1787684470.4981847,container,10.0,10.0,29.281,False,200,
1787684470.5981846,container,10.0,10.0,28.783,False,200,
1787684470.6981847,container,10.0,10.0,30.214,False,200,
1787684470.7981846,container,10.0,10.0,28.813,False,200,
1787684470.8981845,container,10.0,10.0,30.861,False,200,
1787684470.9981847,container,10.0,10.0,32.676,False,200,
1787684471.0981846,container,10.0,10.0,28.477,False,200,
1787684471.1981847,container,10.0,10.0,31.359,False,200,
1787684471.2981846,container,10.0,10.0,31.915,False,200,
1787684471.3981845,container,10.0,10.0,33.803,False,200,
1787684471.4981847,container,10.0,10.0,31.411,False,200,
1787684471.5981846,container,10.0,10.0,30.274,False,200,
1787684471.6981847,container,10.0,10.0,31.537,False,200,
1787684471.7981846,container,10.0,10.0,33.777,False,200,
1787684471.8981845,container,10.0,10.0,27.335,False,200,
1787684471.9981847,container,10.0,10.0,23.403,False,200,
1787684472.0981846,container,10.0,10.0,30.857,False,200,
1787684472.1981847,container,10.0,10.0,28.212,False,200,
1787684472.2981846,container,10.0,10.0,26.761,False,200,
1787684472.3981845,container,10.0,10.0,23.661,False,200,
1787684472.4981847,container,10.0,10.0,35.81,False,200,
1787684472.5981846,container,10.0,10.0,28.854,False,200,
1787684472.6981847,container,10.0,10.0,25.826,False,200,
1787684472.7981846,container,10.0,10.0,28.155,False,200,
1787684472.8981845,container,10.0,10.0,30.535,False,200,
1787684472.9981847,container,10.0,10.0,24.089,False,200,
1787684473.0981846,container,10.0,10.0,32.434,False,200,
1787684473.1981847,container,10.0,10.0,35.361,False,200,
1787684473.2981846,container,10.0,10.0,24.443,False,200,
1787684473.3981845,container,10.0,10.0,23.785,False,200,
1787684473.4981847,container,10.0,10.0,25.984,False,200,
1787684473.5981846,container,10.0,10.0,27.697,False,200,
1787684473.6981847,container,10.0,10.0,31.576,False,200,
1787684473.7981846,container,10.0,10.0,31.159,False,200,
1787684473.8981845,container,10.0,10.0,29.435,False,200,
1787684473.9981847,container,10.0,10.0,24.844,False,200,
1787684474.0981846,container,10.0,10.0,36.022,False,200,
1787684474.1981847,container,10.0,10.0,44.466,False,200,
1787684474.2981846,container,10.0,10.0,30.823,False,200,
1787684474.3981845,container,10.0,10.0,33.119,False,200,
1787684474.4981847,container,10.0,10.0,35.23,False,200,
1787684474.5981846,container,10.0,10.0,41.43,False,200,
1787684474.6981847,container,10.0,10.0,35.058,False,200,
1787684474.7981846,container,10.0,10.0,31.649,False,200,
1787684474.8981845,container,10.0,10.0,35.248,False,200,
1787684474.9981847,container,10.0,10.0,18.645,False,200,
1787684475.0981846,container,10.0,10.0,28.937,False,200,
1787684475.1981847,container,10.0,10.0,31.002,False,200,
1787684475.2981846,container,10.0,10.0,37.649,False,200,
1787684475.3981845,container,10.0,10.0,24.968,False,200,
1787684475.4981847,container,10.0,10.0,26.75,False,200,
1787684475.5981846,container,10.0,10.0,41.069,False,200,
1787684475.6981847,container,10.0,10.0,20.573,False,200,
1787684475.7981846,container,10.0,10.0,29.646,False,200,
1787684475.8981845,container,10.0,10.0,32.498,False,200,
1787684475.9981847,container,10.0,10.0,27.972,False,200,
1787684476.0981846,container,10.0,10.0,31.587,False,200,
1787684476.1981847,container,10.0,10.0,29.456,False,200,
1787684476.2981846,container,10.0,10.0,30.558,False,200,
1787684476.3981845,container,10.0,10.0,34.76,False,200,
1787684476.4981847,container,10.0,10.0,29.346,False,200,
1787684476.5981846,container,10.0,10.0,27.467,False,200,
1787684476.6981847,container,10.0,10.0,27.146,False,200,
1787684476.7981846,container,10.0,10.0,25.69,False,200,
1787684476.8981845,container,10.0,10.0,26.221,False,200,
1787684476.9981847,container,10.0,10.0,32.314,False,200,
1787684477.0981846,container,10.0,10.0,27.053,False,200,
1787684477.1981847,container,10.0,10.0,37.136,False,200,
1787684477.2981846,container,10.0,10.0,27.34,False,200,
1787684477.3981845,container,10.0,10.0,26.793,False,200,
1787684477.4981847,container,10.0,10.0,32.246,False,200,
1787684477.5981846,container,10.0,10.0,25.268,False,200,
1787684477.6981847,container,10.0,10.0,37.703,False,200,
1787684477.7981846,container,10.0,10.0,29.976,False,200,
1787684477.8981845,container,10.0,10.0,32.024,False,200,
1787684477.9981847,container,10.0,10.0,31.832,False,200,
1787684478.0981846,container,10.0,10.0,25.384,False,200,
1787684478.1981847,container,10.0,10.0,30.806,False,200,
1787684478.2981846,container,10.0,10.0,24.614,False,200,
1787684478.3981845,container,10.0,10.0,31.868,False,200,
1787684478.4981847,container,10.0,10.0,31.616,False,200,
1787684478.5981846,container,10.0,10.0,27.249,False,200,
1787684478.6981847,container,10.0,10.0,35.688,False,200,
1787684478.7981846,container,10.0,10.0,33.089,False,200,
1787684478.8981845,container,10.0,10.0,37.45,False,200,
1787684478.9981847,container,10.0,10.0,30.638,False,200,
1787684479.0981846,container,10.0,10.0,36.64,False,200,
1787684479.1981847,container,10.0,10.0,27.176,False,200,
1787684479.2981846,container,10.0,10.0,30.881,False,200,
1787684479.3981845,container,10.0,10.0,29.666,False,200,
1787684479.4981847,container,10.0,10.0,30.162,False,200,
1787684479.5981846,container,10.0,10.0,31.771,False,200,
1787684479.6981847,container,10.0,10.0,31.595,False,200,
1787684479.7981846,container,10.0,10.0,34.083,False,200,
1787684479.8981845,container,10.0,10.0,28.514,False,200,
1787684479.9981847,container,10.0,10.0,33.307,False,200,
1787684480.0981846,container,10.0,10.0,36.412,False,200,
1787684480.1981847,container,10.0,10.0,38.319,False,200,
1787684480.2981846,container,10.0,10.0,38.222,False,200,
1787684480.3981845,container,10.0,10.0,38.267,False,200,
1787684480.4981847,container,10.0,10.0,36.116,False,200,
1787684480.5981846,container,10.0,10.0,33.047,False,200,
1787684480.6981847,container,10.0,10.0,30.01,False,200,
1787684480.7981846,container,10.0,10.0,30.368,False,200,
1787684480.8981845,container,10.0,10.0,32.465,False,200,
1787684480.9981847,container,10.0,10.0,37.18,False,200,
1787684481.0981846,container,10.0,10.0,35.267,False,200,
1787684481.1981847,container,10.0,10.0,23.466,False,200,
1787684481.2981846,container,10.0,10.0,27.464,False,200,
1787684481.3981845,container,10.0,10.0,32.82,False,200,
1787684481.4981847,container,10.0,10.0,29.538,False,200,
1787684481.5981846,container,10.0,10.0,26.079,False,200,
1787684481.6981847,container,10.0,10.0,29.019,False,200,
1787684481.7981846,container,10.0,10.0,32.903,False,200,
1787684481.8981845,container,10.0,10.0,31.47,False,200,
1787684481.9981847,container,10.0,10.0,25.107,False,200,
1787684482.0981846,container,10.0,10.0,27.711,False,200,
1787684482.1981847,container,10.0,10.0,22.51,False,200,
1787684482.2981846,container,10.0,10.0,29.771,False,200,
1787684482.3981845,container,10.0,10.0,31.22,False,200,
1787684482.4981847,container,10.0,10.0,27.225,False,200,
1787684482.5981846,container,10.0,10.0,34.849,False,200,
1787684482.6981847,container,10.0,10.0,25.492,False,200,
1787684482.7981846,container,10.0,10.0,33.462,False,200,
1787684482.8981845,container,10.0,10.0,26.493,False,200,
1787684482.9981847,container,10.0,10.0,29.759,False,200,
1787684483.0981846,container,10.0,10.0,28.584,False,200,
1787684483.1981847,container,10.0,10.0,33.603,False,200,
1787684483.2981846,container,10.0,10.0,28.415,False,200,
1787684483.3981845,container,10.0,10.0,26.311,False,200,
1787684483.4981847,container,10.0,10.0,23.759,False,200,
1787684483.5981846,container,10.0,10.0,34.28,False,200,
1787684483.6981847,container,10.0,10.0,29.527,False,200,
1787684483.7981846,container,10.0,10.0,27.27,False,200,
1787684483.8981845,container,10.0,10.0,26.436,False,200,
1787684483.9981847,container,10.0,10.0,37.143,False,200,
1787684484.0981846,container,10.0,10.0,28.887,False,200,
1787684484.1981847,container,10.0,10.0,35.17,False,200,
1787684484.2981846,container,10.0,10.0,24.415,False,200,
1787684484.3981845,container,10.0,10.0,33.393,False,200,
1787684484.4981847,container,10.0,10.0,45.157,False,200,
1787684484.5981846,container,10.0,10.0,41.889,False,200,
1787684484.6981847,container,10.0,10.0,33.792,False,200,
1787684484.7981846,container,10.0,10.0,34.461,False,200,
1787684484.8981845,container,10.0,10.0,29.224,False,200,
1787684484.9981847,container,10.0,10.0,35.154,False,200,
1787684485.0981846,container,10.0,10.0,28.31,False,200,
1787684485.1981847,container,10.0,10.0,27.783,False,200,
1787684485.2981846,container,10.0,10.0,22.415,False,200,
1787684485.3981845,container,10.0,10.0,37.418,False,200,
1787684485.4981847,container,10.0,10.0,34.288,False,200,
1787684485.5981846,container,10.0,10.0,26.442,False,200,
1787684485.6981847,container,10.0,10.0,21.967,False,200,
1787684485.7981846,container,10.0,10.0,26.316,False,200,
1787684485.8981845,container,10.0,10.0,37.594,False,200,
1787684485.9981847,container,10.0,10.0,28.072,False,200,
1787684486.0981846,container,10.0,10.0,23.208,False,200,
1787684486.1981847,container,10.0,10.0,25.9,False,200,
1787684486.2981846,container,10.0,10.0,27.345,False,200,
1787684486.3981845,container,10.0,10.0,28.702,False,200,
1787684486.4981847,container,10.0,10.0,25.711,False,200,
1787684486.5981846,container,10.0,10.0,29.706,False,200,
1787684486.6981847,container,10.0,10.0,27.155,False,200,
1787684486.7981846,container,10.0,10.0,31.219,False,200,
1787684486.8981845,container,10.0,10.0,27.996,False,200,
1787684486.9981847,container,10.0,10.0,34.034,False,200,
1787684487.0981846,container,10.0,10.0,26.037,False,200,
1787684487.1981847,container,10.0,10.0,29.893,False,200,
1787684487.2981846,container,10.0,10.0,31.444,False,200,
1787684487.3981845,container,10.0,10.0,36.403,False,200,
1787684487.4981847,container,10.0,10.0,41.443,False,200,
1787684487.5981846,container,10.0,10.0,25.923,False,200,
1787684487.6981847,container,10.0,10.0,29.48,False,200,
1787684487.7981846,container,10.0,10.0,25.706,False,200,
1787684487.8981845,container,10.0,10.0,22.74,False,200,
1787684487.9981847,container,10.0,10.0,30.173,False,200,
1787684488.0981846,container,10.0,10.0,32.315,False,200,
1787684488.1981847,container,10.0,10.0,26.676,False,200,
1787684488.2981846,container,10.0,10.0,28.389,False,200,
1787684488.3981845,container,10.0,10.0,28.789,False,200,
1787684488.4981847,container,10.0,10.0,28.694,False,200,
1787684488.5981846,container,10.0,10.0,47.217,False,200,
1787684488.6981847,container,10.0,10.0,33.579,False,200,
1787684488.7981846,container,10.0,10.0,37.836,False,200,
1787684488.8981845,container,10.0,10.0,32.159,False,200,
1787684488.9981847,container,10.0,10.0,25.753,False,200,
1787684489.0981846,container,10.0,10.0,26.972,False,200,
1787684489.1981847,container,10.0,10.0,39.97,False,200,
1787684489.2981846,container,10.0,10.0,34.921,False,200,
1787684489.3981845,container,10.0,10.0,25.749,False,200,
1787684489.4981847,container,10.0,10.0,33.648,False,200,
1787684489.5981846,container,10.0,10.0,41.729,False,200,
1787684489.6981847,container,10.0,10.0,25.182,False,200,
1787684489.7981846,container,10.0,10.0,21.604,False,200,
1787684489.8981845,container,10.0,10.0,31.199,False,200,
1787684489.9981847,container,10.0,10.0,26.003,False,200,
1787684490.0981846,container,10.0,10.0,23.996,False,200,
1787684490.1981847,container,10.0,10.0,26.568,False,200,
1787684490.2981846,container,10.0,10.0,36.018,False,200,
1787684490.3981845,container,10.0,10.0,28.144,False,200,
1787684490.4981847,container,10.0,10.0,31.638,False,200,
1787684490.5981846,container,10.0,10.0,28.14,False,200,
1787684490.6981847,container,10.0,10.0,23.417,False,200,
1787684490.7981846,container,10.0,10.0,24.75,False,200,
1787684490.8981845,container,10.0,10.0,27.075,False,200,
1787684490.9981847,container,10.0,10.0,28.48,False,200,
1787684491.0981846,container,10.0,10.0,27.97,False,200,
1787684491.1981847,container,10.0,10.0,23.628,False,200,
1787684491.2981846,container,10.0,10.0,26.062,False,200,
1787684491.3981845,container,10.0,10.0,31.676,False,200,
1787684491.4981847,container,10.0,10.0,31.186,False,200,
1787684491.5981846,container,10.0,10.0,26.718,False,200,
1787684491.6981847,container,10.0,10.0,26.384,False,200,
1787684491.7981846,container,10.0,10.0,29.665,False,200,
1787684491.8981845,container,10.0,10.0,27.8,False,200,
1787684491.9981847,container,10.0,10.0,24.228,False,200,
1787684492.0981846,container,10.0,10.0,21.748,False,200,
1787684492.1981847,container,10.0,10.0,31.309,False,200,
1787684492.2981846,container,10.0,10.0,32.044,False,200,
1787684492.3981845,container,10.0,10.0,31.758,False,200,
1787684492.4981847,container,10.0,10.0,36.387,False,200,
1787684492.5981846,container,10.0,10.0,31.455,False,200,
1787684492.6981847,container,10.0,10.0,40.756,False,200,
1787684492.7981846,container,10.0,10.0,33.552,False,200,
1787684492.8981845,container,10.0,10.0,29.173,False,200,
1787684492.9981847,container,10.0,10.0,27.518,False,200,
1787684493.0981846,container,10.0,10.0,26.481,False,200,
1787684493.1981847,container,10.0,10.0,34.985,False,200,
1787684493.2981846,container,10.0,10.0,32.405,False,200,
1787684493.3981845,container,10.0,10.0,30.207,False,200,
1787684493.4981847,container,10.0,10.0,34.927,False,200,
1787684493.5981846,container,10.0,10.0,40.293,False,200,
1787684493.6981847,container,10.0,10.0,35.208,False,200,
1787684493.7981846,container,10.0,10.0,29.582,False,200,
1787684493.8981845,container,10.0,10.0,23.804,False,200,
1787684493.9981847,container,10.0,10.0,32.416,False,200,
1787684494.0981846,container,10.0,10.0,29.49,False,200,
1787684494.1981847,container,10.0,10.0,28.203,False,200,
1787684494.2981846,container,10.0,10.0,26.497,False,200,
1787684494.3981845,container,10.0,10.0,28.851,False,200,
1787684494.4981847,container,10.0,10.0,28.241,False,200,
1787684494.5981846,container,10.0,10.0,28.369,False,200,
1787684494.6981847,container,10.0,10.0,33.589,False,200,
1787684494.7981846,container,10.0,10.0,24.825,False,200,
1787684494.8981845,container,10.0,10.0,26.153,False,200,
1787684494.9981847,container,10.0,10.0,25.706,False,200,
1787684495.0981846,container,10.0,10.0,25.42,False,200,
1787684495.1981847,container,10.0,10.0,32.067,False,200,
1787684495.2981846,container,10.0,10.0,32.88,False,200,
1787684495.3981845,container,10.0,10.0,34.214,False,200,
1787684495.4981847,container,10.0,10.0,32.161,False,200,
1787684495.5981846,container,10.0,10.0,31.436,False,200,
1787684495.6981847,container,10.0,10.0,25.716,False,200,
1787684495.7981846,container,10.0,10.0,28.426,False,200,
1787684495.8981845,container,10.0,10.0,35.791,False,200,
1787684495.9981847,container,10.0,10.0,36.686,False,200,
1787684496.0981846,container,10.0,10.0,23.274,False,200,
1787684496.1981847,container,10.0,10.0,29.622,False,200,
1787684496.2981846,container,10.0,10.0,27.237,False,200,
1787684496.3981845,container,10.0,10.0,21.355,False,200,
1787684496.4981847,container,10.0,10.0,30.161,False,200,
1787684496.5981846,container,10.0,10.0,24.094,False,200,
1787684496.6981847,container,10.0,10.0,30.97,False,200,
1787684496.7981846,container,10.0,10.0,24.576,False,200,
1787684496.8981845,container,10.0,10.0,28.952,False,200,
1787684496.9981847,container,10.0,10.0,34.792,False,200,
1787684497.0981846,container,10.0,10.0,30.623,False,200,
1787684497.1981847,container,10.0,10.0,31.019,False,200,
1787684497.2981846,container,10.0,10.0,28.463,False,200,
1787684497.3981845,container,10.0,10.0,26.169,False,200,
1787684497.4981847,container,10.0,10.0,33.592,False,200,
1787684497.5981846,container,10.0,10.0,28.841,False,200,
1787684497.6981847,container,10.0,10.0,32.604,False,200,
1787684497.7981846,container,10.0,10.0,32.241,False,200,
1787684497.8981845,container,10.0,10.0,34.517,False,200,
1787684497.9981847,container,10.0,10.0,35.289,False,200,
1787684498.0981846,container,10.0,10.0,24.762,False,200,
1787684498.1981847,container,10.0,10.0,38.367,False,200,
1787684498.2981846,container,10.0,10.0,34.985,False,200,
1787684498.3981845,container,10.0,10.0,33.614,False,200,
1787684498.4981847,container,10.0,10.0,32.9,False,200,
1787684498.5981846,container,10.0,10.0,28.484,False,200,
1787684498.6981847,container,10.0,10.0,29.09,False,200,
1787684498.7981846,container,10.0,10.0,31.9,False,200,
1787684498.8981845,container,10.0,10.0,26.744,False,200,
1787684498.9981847,container,10.0,10.0,29.418,False,200,
1787684499.0981846,container,10.0,10.0,35.985,False,200,
1787684499.1981847,container,10.0,10.0,29.48,False,200,
1787684499.2981846,container,10.0,10.0,24.883,False,200,
1787684499.3981845,container,10.0,10.0,31.87,False,200,
1787684499.4981847,container,10.0,10.0,35.497,False,200,
1787684499.5981846,container,10.0,10.0,32.521,False,200,
1787684499.6981847,container,10.0,10.0,29.857,False,200,
1787684499.7981846,container,10.0,10.0,31.288,False,200,
1787684499.8981845,container,10.0,10.0,35.725,False,200,
1787684499.9981847,container,10.0,10.0,32.757,False,200,
1787684500.0981846,container,10.0,10.0,34.724,False,200,
1787684500.1981847,container,10.0,10.0,33.025,False,200,
1787684500.2981846,container,10.0,10.0,30.999,False,200,
1787684500.3981845,container,10.0,10.0,29.945,False,200,
1787684500.4981847,container,10.0,10.0,28.94,False,200,
1787684500.5981846,container,10.0,10.0,33.465,False,200,
1787684500.6981847,container,10.0,10.0,25.847,False,200,
1787684500.7981846,container,10.0,10.0,33.79,False,200,
1787684500.8981845,container,10.0,10.0,27.134,False,200,
1787684500.9981847,container,10.0,10.0,33.167,False,200,
1787684501.0981846,container,10.0,10.0,32.007,False,200,
1787684501.1981847,container,10.0,10.0,26.594,False,200,
1787684501.2981846,container,10.0,10.0,27.109,False,200,
1787684501.3981845,container,10.0,10.0,28.758,False,200,
1787684501.4981847,container,10.0,10.0,31.417,False,200,
1787684501.5981846,container,10.0,10.0,37.348,False,200,
1787684501.6981847,container,10.0,10.0,31.91,False,200,
1787684501.7981846,container,10.0,10.0,31.24,False,200,
1787684501.8981845,container,10.0,10.0,34.111,False,200,
1787684501.9981847,container,10.0,10.0,28.182,False,200,
1787684502.0981846,container,10.0,10.0,29.847,False,200,
1787684502.1981847,container,10.0,10.0,31.073,False,200,
1787684502.2981846,container,10.0,10.0,30.767,False,200,
1787684502.3981845,container,10.0,10.0,30.74,False,200,
1787684502.4981847,container,10.0,10.0,25.301,False,200,
1787684502.5981846,container,10.0,10.0,27.614,False,200,
1787684502.6981847,container,10.0,10.0,24.996,False,200,
1787684502.7981846,container,10.0,10.0,32.219,False,200,
1787684502.8981845,container,10.0,10.0,35.316,False,200,
1787684502.9981847,container,10.0,10.0,28.7,False,200,
1787684503.0981846,container,10.0,10.0,29.581,False,200,
1787684503.1981847,container,10.0,10.0,34.019,False,200,
1787684503.2981846,container,10.0,10.0,32.155,False,200,
1787684503.3981845,container,10.0,10.0,31.762,False,200,
1787684503.4981847,container,10.0,10.0,26.989,False,200,
1787684503.5981846,container,10.0,10.0,27.338,False,200,
1787684503.6981847,container,10.0,10.0,35.379,False,200,
1787684503.7981846,container,10.0,10.0,27.858,False,200,
1787684503.8981845,container,10.0,10.0,33.787,False,200,
1787684503.9981847,container,10.0,10.0,38.153,False,200,
1787684504.0981846,container,10.0,10.0,32.047,False,200,
1787684504.1981847,container,10.0,10.0,28.918,False,200,
1787684504.2981846,container,10.0,10.0,45.5,False,200,
1787684504.3981845,container,10.0,10.0,22.998,False,200,
1787684504.4981847,container,10.0,10.0,39.102,False,200,
1787684504.5981846,container,10.0,10.0,28.739,False,200,
1787684504.6981847,container,10.0,10.0,34.773,False,200,
1787684504.7981846,container,10.0,10.0,28.971,False,200,
1787684504.8981845,container,10.0,10.0,28.318,False,200,
1787684504.9981847,container,10.0,10.0,26.869,False,200,
1787684505.0981846,container,10.0,10.0,35.83,False,200,
1787684505.1981847,container,10.0,10.0,36.131,False,200,
1787684505.2981846,container,10.0,10.0,26.312,False,200,
1787684505.3981845,container,10.0,10.0,29.944,False,200,
1787684505.4981847,container,10.0,10.0,30.505,False,200,
1787684505.5981846,container,10.0,10.0,31.904,False,200,
1787684505.6981847,container,10.0,10.0,27.644,False,200,
1787684505.7981846,container,10.0,10.0,24.232,False,200,
1787684505.8981845,container,10.0,10.0,29.613,False,200,
1787684505.9981847,container,10.0,10.0,33.557,False,200,
1787684506.0981846,container,10.0,10.0,30.747,False,200,
1787684506.1981847,container,10.0,10.0,29.276,False,200,
1787684506.2981846,container,10.0,10.0,28.359,False,200,
1787684506.3981845,container,10.0,10.0,39.968,False,200,
1787684506.4981847,container,10.0,10.0,27.818,False,200,
1787684506.5981846,container,10.0,10.0,35.699,False,200,
1787684506.6981847,container,10.0,10.0,31.388,False,200,
1787684506.7981846,container,10.0,10.0,28.281,False,200,
1787684506.8981845,container,10.0,10.0,32.599,False,200,
1787684506.9981847,container,10.0,10.0,36.959,False,200,
1787684507.0981846,container,10.0,10.0,30.691,False,200,
1787684507.1981847,container,10.0,10.0,35.823,False,200,
1787684507.2981846,container,10.0,10.0,33.274,False,200,
1787684507.3981845,container,10.0,10.0,35.986,False,200,
1787684507.4981847,container,10.0,10.0,25.485,False,200,
1787684507.5981846,container,10.0,10.0,31.209,False,200,
1787684507.6981847,container,10.0,10.0,31.315,False,200,
1787684507.7981846,container,10.0,10.0,23.273,False,200,
1787684507.8981845,container,10.0,10.0,24.38,False,200,
1787684507.9981847,container,10.0,10.0,25.212,False,200,
1787684508.0981846,container,10.0,10.0,33.702,False,200,
1787684508.1981847,container,10.0,10.0,31.326,False,200,
1787684508.2981846,container,10.0,10.0,31.436,False,200,
1787684508.3981845,container,10.0,10.0,31.291,False,200,
1787684508.4981847,container,10.0,10.0,30.349,False,200,
1787684508.5981846,container,10.0,10.0,26.269,False,200,
1787684508.6981847,container,10.0,10.0,37.731,False,200,
1787684508.7981846,container,10.0,10.0,25.194,False,200,
1787684508.8981845,container,10.0,10.0,32.796,False,200,
1787684508.9981847,container,10.0,10.0,30.151,False,200,
1787684509.0981846,container,10.0,10.0,37.023,False,200,
1787684509.1981847,container,10.0,10.0,26.625,False,200,
1787684509.2981846,container,10.0,10.0,28.695,False,200,
1787684509.3981845,container,10.0,10.0,23.544,False,200,
1787684509.4981847,container,10.0,10.0,29.061,False,200,
1787684509.5981846,container,10.0,10.0,25.728,False,200,
1787684509.6981847,container,10.0,10.0,29.144,False,200,
1787684509.7981846,container,10.0,10.0,33.157,False,200,
1787684509.8981845,container,10.0,10.0,23.963,False,200,
1787684509.9981847,container,10.0,10.0,30.037,False,200,
1787684510.0981846,container,10.0,10.0,33.325,False,200,
1787684510.1981847,container,10.0,10.0,25.198,False,200,
1787684510.2981846,container,10.0,10.0,33.907,False,200,
1787684510.3981845,container,10.0,10.0,29.415,False,200,
1787684510.4981847,container,10.0,10.0,37.275,False,200,
1787684510.5981846,container,10.0,10.0,23.035,False,200,
1787684510.6981847,container,10.0,10.0,26.616,False,200,
1787684510.7981846,container,10.0,10.0,33.42,False,200,
1787684510.8981845,container,10.0,10.0,30.194,False,200,
1787684510.9981847,container,10.0,10.0,21.341,False,200,
1787684511.0981846,container,10.0,10.0,24.82,False,200,
1787684511.1981847,container,10.0,10.0,31.972,False,200,
1787684511.2981846,container,10.0,10.0,34.426,False,200,
1787684511.3981845,container,10.0,10.0,30.618,False,200,
1787684511.4981847,container,10.0,10.0,31.598,False,200,
1787684511.5981846,container,10.0,10.0,27.496,False,200,
1787684511.6981847,container,10.0,10.0,27.384,False,200,
1787684511.7981846,container,10.0,10.0,26.488,False,200,
1787684511.8981845,container,10.0,10.0,27.689,False,200,
1787684511.9981847,container,10.0,10.0,26.929,False,200,
1787684512.0981846,container,10.0,10.0,24.751,False,200,
1787684512.1981847,container,10.0,10.0,24.216,False,200,
1787684512.2981846,container,10.0,10.0,35.082,False,200,
1787684512.3981845,container,10.0,10.0,34.241,False,200,
1787684512.4981847,container,10.0,10.0,37.41,False,200,
1787684512.5981846,container,10.0,10.0,38.078,False,200,
1787684512.6981847,container,10.0,10.0,25.724,False,200,
1787684512.7981846,container,10.0,10.0,29.768,False,200,
1787684512.8981845,container,10.0,10.0,23.783,False,200,
1787684512.9981847,container,10.0,10.0,35.772,False,200,
1787684513.0981846,container,10.0,10.0,32.331,False,200,
1787684513.1981847,container,10.0,10.0,34.05,False,200,
1787684513.2981846,container,10.0,10.0,24.813,False,200,
1787684513.3981845,container,10.0,10.0,32.512,False,200,
1787684513.4981847,container,10.0,10.0,28.86,False,200,
1787684513.5981846,container,10.0,10.0,27.879,False,200,
1787684513.6981847,container,10.0,10.0,33.378,False,200,
1787684513.7981846,container,10.0,10.0,29.714,False,200,
1787684513.8981845,container,10.0,10.0,27.41,False,200,
1787684513.9981847,container,10.0,10.0,26.979,False,200,
1787684514.0981846,container,10.0,10.0,25.525,False,200,
1787684514.1981847,container,10.0,10.0,33.011,False,200,
1787684514.2981846,container,10.0,10.0,27.186,False,200,
1787684514.3981845,container,10.0,10.0,30.037,False,200,
1787684514.4981847,container,10.0,10.0,31.67,False,200,
1787684514.5981846,container,10.0,10.0,27.299,False,200,
1787684514.6981847,container,10.0,10.0,31.871,False,200,
1787684514.7981846,container,10.0,10.0,26.136,False,200,
1787684514.8981845,container,10.0,10.0,27.449,False,200,
1787684514.9981847,container,10.0,10.0,27.277,False,200,
1787684515.0981846,container,10.0,10.0,28.071,False,200,
1787684515.1981847,container,10.0,10.0,27.552,False,200,
1787684515.2981846,container,10.0,10.0,27.891,False,200,
1787684515.3981845,container,10.0,10.0,29.169,False,200,
1787684515.4981847,container,10.0,10.0,37.303,False,200,
1787684515.5981846,container,10.0,10.0,31.094,False,200,
1787684515.6981847,container,10.0,10.0,36.781,False,200,
1787684515.7981846,container,10.0,10.0,28.66,False,200,
1787684515.8981845,container,10.0,10.0,37.907,False,200,
1787684515.9981847,container,10.0,10.0,33.157,False,200,
1787684516.0981846,container,10.0,10.0,32.71,False,200,
1787684516.1981847,container,10.0,10.0,34.503,False,200,
1787684516.2981846,container,10.0,10.0,32.78,False,200,
1787684516.3981845,container,10.0,10.0,31.465,False,200,
1787684516.4981847,container,10.0,10.0,27.514,False,200,
1787684516.5981846,container,10.0,10.0,37.518,False,200,
1787684516.6981847,container,10.0,10.0,23.088,False,200,
1787684516.7981846,container,10.0,10.0,31.307,False,200,
1787684516.8981845,container,10.0,10.0,30.441,False,200,
1787684516.9981847,container,10.0,10.0,24.159,False,200,
1787684517.0981846,container,10.0,10.0,35.121,False,200,
1787684517.1981847,container,10.0,10.0,36.464,False,200,
1787684517.2981846,container,10.0,10.0,22.566,False,200,
1787684517.3981845,container,10.0,10.0,37.713,False,200,
1787684517.4981847,container,10.0,10.0,27.082,False,200,
1787684517.5981846,container,10.0,10.0,29.049,False,200,
1787684517.6981847,container,10.0,10.0,29.64,False,200,
1787684517.7981846,container,10.0,10.0,33.11,False,200,
1787684517.8981845,container,10.0,10.0,29.824,False,200,
1787684517.9981847,container,10.0,10.0,28.574,False,200,
1787684518.0981846,container,10.0,10.0,27.383,False,200,
1787684518.1981847,container,10.0,10.0,26.832,False,200,
1787684518.2981846,container,10.0,10.0,24.403,False,200,
1787684518.3981845,container,10.0,10.0,25.289,False,200,
1787684518.4981847,container,10.0,10.0,28.717,False,200,
1787684518.5981846,container,10.0,10.0,30.902,False,200,
1787684518.6981847,container,10.0,10.0,35.327,False,200,
1787684518.7981846,container,10.0,10.0,25.705,False,200,
1787684518.8981845,container,10.0,10.0,20.656,False,200,
1787684518.9981847,container,10.0,10.0,27.275,False,200,
1787684519.0981846,container,10.0,10.0,29.816,False,200,
1787684519.1981847,container,10.0,10.0,29.108,False,200,
1787684519.2981846,container,10.0,10.0,25.454,False,200,
1787684519.3981845,container,10.0,10.0,34.087,False,200,
1787684519.4981847,container,10.0,10.0,32.971,False,200,
1787684519.5981846,container,10.0,10.0,27.968,False,200,
1787684519.6981847,container,10.0,10.0,32.449,False,200,
1787684519.7981846,container,10.0,10.0,29.752,False,200,
1787684519.8981845,container,10.0,10.0,44.351,False,200,
1787684519.9981847,container,10.0,10.0,42.057,False,200,
1787684520.0981846,container,10.0,10.0,27.833,False,200,
1787684520.1981847,container,10.0,10.0,28.025,False,200,
1787684520.2981846,container,10.0,10.0,37.37,False,200,
1787684520.3981845,container,10.0,10.0,23.492,False,200,
1787684520.4981847,container,10.0,10.0,31.563,False,200,
1787684520.5981846,container,10.0,10.0,37.475,False,200,
1787684520.6981847,container,10.0,10.0,36.667,False,200,
1787684520.7981846,container,10.0,10.0,29.068,False,200,
1787684520.8981845,container,10.0,10.0,26.275,False,200,
1787684520.9981847,container,10.0,10.0,28.73,False,200,
1787684521.0981846,container,10.0,10.0,35.83,False,200,
1787684521.1981847,container,10.0,10.0,31.018,False,200,
1787684521.2981846,container,10.0,10.0,28.023,False,200,
1787684521.3981845,container,10.0,10.0,36.134,False,200,
1787684521.4981847,container,10.0,10.0,30.857,False,200,
1787684521.5981846,container,10.0,10.0,39.658,False,200,
1787684521.6981847,container,10.0,10.0,31.912,False,200,
1787684521.7981846,container,10.0,10.0,28.265,False,200,
1787684521.8981845,container,10.0,10.0,26.385,False,200,
1787684521.9981847,container,10.0,10.0,31.674,False,200,
1787684522.0981846,container,10.0,10.0,21.758,False,200,
1787684522.1981847,container,10.0,10.0,30.786,False,200,
1787684522.2981846,container,10.0,10.0,31.448,False,200,
1787684522.3981845,container,10.0,10.0,43.117,False,200,
1787684522.4981847,container,10.0,10.0,23.673,False,200,
1787684522.5981846,container,10.0,10.0,40.902,False,200,
1787684522.6981847,container,10.0,10.0,26.961,False,200,
1787684522.7981846,container,10.0,10.0,30.937,False,200,
1787684522.8981845,container,10.0,10.0,33.22,False,200,
1787684522.9981847,container,10.0,10.0,19.31,False,200,
1787684523.0981846,container,10.0,10.0,28.577,False,200,
1787684523.1981847,container,10.0,10.0,29.379,False,200,
1787684523.2981846,container,10.0,10.0,31.763,False,200,
1787684523.3981845,container,10.0,10.0,32.674,False,200,
1787684523.4981847,container,10.0,10.0,34.579,False,200,
1787684523.5981846,container,10.0,10.0,25.638,False,200,
1787684523.6981847,container,10.0,10.0,28.157,False,200,
1787684523.7981846,container,10.0,10.0,38.941,False,200,
1787684523.8981845,container,10.0,10.0,38.172,False,200,
1787684523.9981847,container,10.0,10.0,29.835,False,200,
1787684524.0981846,container,10.0,10.0,26.965,False,200,
1787684524.1981847,container,10.0,10.0,24.532,False,200,
1787684524.2981846,container,10.0,10.0,33.399,False,200,
1787684524.3981845,container,10.0,10.0,34.267,False,200,
1787684524.4981847,container,10.0,10.0,32.101,False,200,
1787684524.5981846,container,10.0,10.0,33.046,False,200,
1787684524.6981847,container,10.0,10.0,26.887,False,200,
1787684524.7981846,container,10.0,10.0,27.653,False,200,
1787684524.8981845,container,10.0,10.0,25.889,False,200,
1787684524.9981847,container,10.0,10.0,33.974,False,200,
1787684525.0981846,container,10.0,10.0,32.707,False,200,
1787684525.1981847,container,10.0,10.0,34.724,False,200,
1787684525.2981846,container,10.0,10.0,31.63,False,200,
1787684525.3981845,container,10.0,10.0,35.877,False,200,
1787684525.4981847,container,10.0,10.0,25.187,False,200,
1787684525.5981846,container,10.0,10.0,30.716,False,200,
1787684525.6981847,container,10.0,10.0,30.452,False,200,
1787684525.7981846,container,10.0,10.0,28.476,False,200,
1787684525.8981845,container,10.0,10.0,29.52,False,200,
1787684525.9981847,container,10.0,10.0,23.085,False,200,
1787684526.0981846,container,10.0,10.0,33.517,False,200,
1787684526.1981847,container,10.0,10.0,31.566,False,200,
1787684526.2981846,container,10.0,10.0,32.347,False,200,
1787684526.3981845,container,10.0,10.0,32.12,False,200,
1787684526.4981847,container,10.0,10.0,26.813,False,200,
1787684526.5981846,container,10.0,10.0,32.483,False,200,
1787684526.6981847,container,10.0,10.0,32.519,False,200,
1787684526.7981846,container,10.0,10.0,31.794,False,200,
1787684526.8981845,container,10.0,10.0,24.167,False,200,
1787684526.9981847,container,10.0,10.0,27.408,False,200,
1787684527.0981846,container,10.0,10.0,23.11,False,200,
1787684527.1981847,container,10.0,10.0,35.731,False,200,
1787684527.2981846,container,10.0,10.0,39.489,False,200,
1787684527.3981845,container,10.0,10.0,28.929,False,200,
1787684527.4981847,container,10.0,10.0,27.942,False,200,
1787684527.5981846,container,10.0,10.0,29.266,False,200,
1787684527.6981847,container,10.0,10.0,28.498,False,200,
1787684527.7981846,container,10.0,10.0,23.062,False,200,
1787684527.8981845,container,10.0,10.0,28.965,False,200,
1787684527.9981847,container,10.0,10.0,28.254,False,200,
1787684528.0981846,container,10.0,10.0,31.466,False,200,
1787684528.1981847,container,10.0,10.0,23.476,False,200,
1787684528.2981846,container,10.0,10.0,31.11,False,200,
1787684528.3981845,container,10.0,10.0,31.946,False,200,
1787684528.4981847,container,10.0,10.0,30.465,False,200,
1787684528.5981846,container,10.0,10.0,25.942,False,200,
1787684528.6981847,container,10.0,10.0,37.886,False,200,
1787684528.7981846,container,10.0,10.0,26.369,False,200,
1787684528.8981845,container,10.0,10.0,34.864,False,200,
1787684528.9981847,container,10.0,10.0,40.419,False,200,
1787684529.0981846,container,10.0,10.0,31.505,False,200,
1787684529.1981847,container,10.0,10.0,30.712,False,200,
1787684529.2981846,container,10.0,10.0,31.441,False,200,
1787684529.3981845,container,10.0,10.0,43.545,False,200,
1787684529.4981847,container,10.0,10.0,30.386,False,200,
1787684529.5981846,container,10.0,10.0,31.893,False,200,
1787684529.6981847,container,10.0,10.0,30.906,False,200,
1787684529.7981846,container,10.0,10.0,26.453,False,200,
1787684529.8981845,container,10.0,10.0,38.454,False,200,
1787684529.9981847,container,10.0,10.0,21.928,False,200,
1787684530.0981846,container,10.0,10.0,31.395,False,200,
1787684530.1981847,container,10.0,10.0,35.726,False,200,
1787684530.2981846,container,10.0,10.0,38.502,False,200,
1787684530.3981845,container,10.0,10.0,22.988,False,200,
1787684530.4981847,container,10.0,10.0,26.29,False,200,
1787684530.5981846,container,10.0,10.0,26.869,False,200,
1787684530.6981847,container,10.0,10.0,36.175,False,200,
1787684530.7981846,container,10.0,10.0,29.799,False,200,
1787684530.8981845,container,10.0,10.0,27.905,False,200,
1787684530.9981847,container,10.0,10.0,33.712,False,200,
1787684531.0981846,container,10.0,10.0,32.256,False,200,
1787684531.1981847,container,10.0,10.0,26.76,False,200,
1787684531.2981846,container,10.0,10.0,22.478,False,200,
1787684531.3981845,container,10.0,10.0,28.715,False,200,
1787684531.4981847,container,10.0,10.0,26.123,False,200,
1787684531.5981846,container,10.0,10.0,26.324,False,200,
1787684531.6981847,container,10.0,10.0,22.341,False,200,
1787684531.7981846,container,10.0,10.0,27.264,False,200,
1787684531.8981845,container,10.0,10.0,24.824,False,200,
1787684531.9981847,container,10.0,10.0,32.83,False,200,
1787684532.0981846,container,10.0,10.0,34.803,False,200,
1787684532.1981847,container,10.0,10.0,40.154,False,200,
1787684532.2981846,container,10.0,10.0,33.545,False,200,
1787684532.3981845,container,10.0,10.0,20.464,False,200,
1787684532.4981847,container,10.0,10.0,33.19,False,200,
1787684532.5981846,container,10.0,10.0,33.33,False,200,
1787684532.6981847,container,10.0,10.0,30.448,False,200,
1787684532.7981846,container,10.0,10.0,31.884,False,200,
1787684532.8981845,container,10.0,10.0,32.07,False,200,
1787684532.9981847,container,10.0,10.0,32.528,False,200,
1787684533.0981846,container,10.0,10.0,30.976,False,200,
1787684533.1981847,container,10.0,10.0,32.532,False,200,
1787684533.2981846,container,10.0,10.0,27.122,False,200,
1787684533.3981845,container,10.0,10.0,32.598,False,200,
1787684533.4981847,container,10.0,10.0,26.983,False,200,
1787684533.5981846,container,10.0,10.0,19.81,False,200,
1787684533.6981847,container,10.0,10.0,31.909,False,200,
1787684533.7981846,container,10.0,10.0,33.869,False,200,
1787684533.8981845,container,10.0,10.0,23.902,False,200,
1787684533.9981847,container,10.0,10.0,27.466,False,200,
1787684534.0981846,container,10.0,10.0,35.806,False,200,
1787684534.1981847,container,10.0,10.0,30.028,False,200,
1787684534.2981846,container,10.0,10.0,32.864,False,200,
1787684534.3981845,container,10.0,10.0,25.088,False,200,
1787684534.4981847,container,10.0,10.0,35.023,False,200,
1787684534.5981846,container,10.0,10.0,33.037,False,200,
1787684534.6981847,container,10.0,10.0,28.81,False,200,
1787684534.7981846,container,10.0,10.0,27.94,False,200,
1787684534.8981845,container,10.0,10.0,35.075,False,200,
1787684534.9981847,container,10.0,10.0,34.187,False,200,
1787684535.0981846,container,10.0,10.0,25.163,False,200,
1787684535.1981847,container,10.0,10.0,31.29,False,200,
1787684535.2981846,container,10.0,10.0,31.994,False,200,
1787684535.3981845,container,10.0,10.0,26.251,False,200,
1787684535.4981847,container,10.0,10.0,29.092,False,200,
1787684535.5981846,container,10.0,10.0,33.504,False,200,
1787684535.6981847,container,10.0,10.0,27.517,False,200,
1787684535.7981846,container,10.0,10.0,28.822,False,200,
1787684535.8981845,container,10.0,10.0,44.549,False,200,
1787684535.9981847,container,10.0,10.0,33.672,False,200,
1787684536.0981846,container,10.0,10.0,25.355,False,200,
1787684536.1981847,container,10.0,10.0,31.162,False,200,
1787684536.2981846,container,10.0,10.0,31.309,False,200,
1787684536.3981845,container,10.0,10.0,28.663,False,200,
1787684536.4981847,container,10.0,10.0,28.626,False,200,
1787684536.5981846,container,10.0,10.0,25.755,False,200,
1787684536.6981847,container,10.0,10.0,31.985,False,200,
1787684536.7981846,container,10.0,10.0,36.138,False,200,
1787684536.8981845,container,10.0,10.0,36.562,False,200,
1787684536.9981847,container,10.0,10.0,34.339,False,200,
1787684537.0981846,container,10.0,10.0,35.625,False,200,
1787684537.1981847,container,10.0,10.0,21.773,False,200,
1787684537.2981846,container,10.0,10.0,26.781,False,200,
1787684537.3981845,container,10.0,10.0,36.486,False,200,
1787684537.4981847,container,10.0,10.0,28.847,False,200,
1787684537.5981846,container,10.0,10.0,25.555,False,200,
1787684537.6981847,container,10.0,10.0,27.27,False,200,
1787684537.7981846,container,10.0,10.0,27.785,False,200,
1787684537.8981845,container,10.0,10.0,28.683,False,200,
1787684537.9981847,container,10.0,10.0,32.943,False,200,
1787684538.0981846,container,10.0,10.0,38.256,False,200,
1787684538.1981847,container,10.0,10.0,37.19,False,200,
1787684538.2981846,container,10.0,10.0,32.243,False,200,
1787684538.3981845,container,10.0,10.0,31.577,False,200,
1787684538.4981847,container,10.0,10.0,23.891,False,200,
1787684538.5981846,container,10.0,10.0,27.085,False,200,
1787684538.6981847,container,10.0,10.0,28.027,False,200,
1787684538.7981846,container,10.0,10.0,29.731,False,200,
1787684538.8981845,container,10.0,10.0,26.039,False,200,
1787684538.9981847,container,10.0,10.0,28.181,False,200,
1787684539.0981846,container,10.0,10.0,28.54,False,200,
1787684539.1981847,container,10.0,10.0,36.09,False,200,
1787684539.2981846,container,10.0,10.0,25.249,False,200,
1787684539.3981845,container,10.0,10.0,27.554,False,200,
1787684539.4981847,container,10.0,10.0,27.909,False,200,
1787684539.5981846,container,10.0,10.0,38.362,False,200,
1787684539.6981847,container,10.0,10.0,21.657,False,200,
1787684539.7981846,container,10.0,10.0,32.535,False,200,
1787684539.8981845,container,10.0,10.0,28.794,False,200,
1787684539.9981847,container,10.0,10.0,29.86,False,200,
1787684540.0981846,container,10.0,10.0,33.853,False,200,
1787684540.1981847,container,10.0,10.0,37.475,False,200,
1787684540.2981846,container,10.0,10.0,24.908,False,200,
1787684540.3981845,container,10.0,10.0,31.856,False,200,
1787684540.4981847,container,10.0,10.0,30.856,False,200,
1787684540.5981846,container,10.0,10.0,23.541,False,200,
1787684540.6981847,container,10.0,10.0,28.057,False,200,
1787684540.7981846,container,10.0,10.0,35.358,False,200,
1787684540.8981845,container,10.0,10.0,19.944,False,200,
1787684540.9981847,container,10.0,10.0,27.455,False,200,
1787684541.0981846,container,10.0,10.0,27.163,False,200,
1787684541.1981847,container,10.0,10.0,20.389,False,200,
1787684541.2981846,container,10.0,10.0,31.95,False,200,
1787684541.3981845,container,10.0,10.0,26.984,False,200,
1787684541.4981847,container,10.0,10.0,40.854,False,200,
1787684541.5981846,container,10.0,10.0,36.711,False,200,
1787684541.6981847,container,10.0,10.0,27.454,False,200,
1787684541.7981846,container,10.0,10.0,37.155,False,200,
1787684541.8981845,container,10.0,10.0,26.609,False,200,
1787684541.9981847,container,10.0,10.0,28.252,False,200,
1787684542.0981846,container,10.0,10.0,29.99,False,200,
1787684542.1981847,container,10.0,10.0,26.62,False,200,
1787684542.2981846,container,10.0,10.0,33.034,False,200,
1787684542.3981845,container,10.0,10.0,28.315,False,200,
1787684542.4981847,container,10.0,10.0,30.249,False,200,
1787684542.5981846,container,10.0,10.0,33.389,False,200,
1787684542.6981847,container,10.0,10.0,28.358,False,200,
1787684542.7981846,container,10.0,10.0,28.756,False,200,
1787684542.8981845,container,10.0,10.0,25.462,False,200,
1787684542.9981847,container,10.0,10.0,28.123,False,200,
1787684543.0981846,container,10.0,10.0,28.986,False,200,
1787684543.1981847,container,10.0,10.0,27.0,False,200,
1787684543.2981846,container,10.0,10.0,30.015,False,200,
1787684543.3981845,container,10.0,10.0,28.516,False,200,
1787684543.4981847,container,10.0,10.0,29.12,False,200,
1787684543.5981846,container,10.0,10.0,35.863,False,200,
1787684543.6981847,container,10.0,10.0,29.448,False,200,
1787684543.7981846,container,10.0,10.0,28.152,False,200,
1787684543.8981845,container,10.0,10.0,30.649,False,200,
1787684543.9981847,container,10.0,10.0,22.758,False,200,
1787684544.0981846,container,10.0,10.0,22.121,False,200,
1787684544.1981847,container,10.0,10.0,24.783,False,200,
1787684544.2981846,container,10.0,10.0,28.833,False,200,
1787684544.3981845,container,10.0,10.0,29.095,False,200,
1787684544.4981847,container,10.0,10.0,30.185,False,200,
1787684544.5981846,container,10.0,10.0,29.552,False,200,
1787684544.6981847,container,10.0,10.0,33.639,False,200,
1787684544.7981846,container,10.0,10.0,29.498,False,200,
1787684544.8981845,container,10.0,10.0,22.29,False,200,
1787684544.9981847,container,10.0,10.0,31.294,False,200,
1787684545.0981846,container,10.0,10.0,27.416,False,200,
1787684545.1981847,container,10.0,10.0,29.127,False,200,
1787684545.2981846,container,10.0,10.0,28.286,False,200,
1787684545.3981845,container,10.0,10.0,30.377,False,200,
1787684545.4981847,container,10.0,10.0,33.52,False,200,
1787684545.5981846,container,10.0,10.0,32.237,False,200,
1787684545.6981847,container,10.0,10.0,27.199,False,200,
1787684545.7981846,container,10.0,10.0,25.61,False,200,
1787684545.8981845,container,10.0,10.0,30.095,False,200,
1787684545.9981847,container,10.0,10.0,26.752,False,200,
1787684546.0981846,container,10.0,10.0,26.316,False,200,
1787684546.1981847,container,10.0,10.0,32.724,False,200,
1787684546.2981846,container,10.0,10.0,29.844,False,200,
1787684546.3981845,container,10.0,10.0,36.122,False,200,
1787684546.4981847,container,10.0,10.0,35.751,False,200,
1787684546.5981846,container,10.0,10.0,24.926,False,200,
1787684546.6981847,container,10.0,10.0,36.066,False,200,
1787684546.7981846,container,10.0,10.0,27.087,False,200,
1787684546.8981845,container,10.0,10.0,27.263,False,200,
1787684546.9981847,container,10.0,10.0,26.684,False,200,
1787684547.0981846,container,10.0,10.0,33.833,False,200,
1787684547.1981847,container,10.0,10.0,27.957,False,200,
1787684547.2981846,container,10.0,10.0,34.432,False,200,
1787684547.3981845,container,10.0,10.0,34.546,False,200,
1787684547.4981847,container,10.0,10.0,29.894,False,200,
1787684547.5981846,container,10.0,10.0,28.448,False,200,
1787684547.6981847,container,10.0,10.0,30.033,False,200,
1787684547.7981846,container,10.0,10.0,31.54,False,200,
1787684547.8981845,container,10.0,10.0,36.509,False,200,
1787684547.9981847,container,10.0,10.0,26.544,False,200,
1787684548.0981846,container,10.0,10.0,29.353,False,200,
1787684548.1981847,container,10.0,10.0,25.752,False,200,
1787684548.2981846,container,10.0,10.0,28.96,False,200,
1787684548.3981845,container,10.0,10.0,32.924,False,200,
1787684548.4981847,container,10.0,10.0,31.019,False,200,
1787684548.5981846,container,10.0,10.0,26.642,False,200,
1787684548.6981847,container,10.0,10.0,36.647,False,200,
1787684548.7981846,container,10.0,10.0,35.395,False,200,
1787684548.8981845,container,10.0,10.0,31.828,False,200,
1787684548.9981847,container,10.0,10.0,26.697,False,200,
1787684549.0981846,container,10.0,10.0,28.306,False,200,
1787684549.1981847,container,10.0,10.0,32.985,False,200,
1787684549.2981846,container,10.0,10.0,28.364,False,200,
1787684549.3981845,container,10.0,10.0,27.897,False,200,
1787684549.4981847,container,10.0,10.0,31.899,False,200,
1787684549.5981846,container,10.0,10.0,32.575,False,200,
1787684549.6981847,container,10.0,10.0,28.668,False,200,
1787684549.7981846,container,10.0,10.0,43.062,False,200,
1787684549.8981845,container,10.0,10.0,34.888,False,200,
1787684549.9981847,container,10.0,10.0,24.066,False,200,
1787684550.0981846,container,10.0,10.0,35.02,False,200,
1787684550.1981847,container,10.0,10.0,26.461,False,200,
1787684550.2981846,container,10.0,10.0,35.275,False,200,
1787684550.3981845,container,10.0,10.0,31.589,False,200,
1787684550.4981847,container,10.0,10.0,23.479,False,200,
1787684550.5981846,container,10.0,10.0,30.291,False,200,
1787684550.6981847,container,10.0,10.0,29.093,False,200,
1787684550.7981846,container,10.0,10.0,33.716,False,200,
1787684550.8981845,container,10.0,10.0,31.013,False,200,
1787684550.9981847,container,10.0,10.0,26.523,False,200,
1787684551.0981846,container,10.0,10.0,29.13,False,200,
1787684551.1981847,container,10.0,10.0,37.764,False,200,
1787684551.2981846,container,10.0,10.0,39.997,False,200,
1787684551.3981845,container,10.0,10.0,30.387,False,200,
1787684551.4981847,container,10.0,10.0,25.403,False,200,
1787684551.5981846,container,10.0,10.0,28.513,False,200,
1787684551.6981847,container,10.0,10.0,31.81,False,200,
1787684551.7981846,container,10.0,10.0,32.123,False,200,
1787684551.8981845,container,10.0,10.0,27.295,False,200,
1787684551.9981847,container,10.0,10.0,37.221,False,200,
1787684552.0981846,container,10.0,10.0,28.469,False,200,
1787684552.1981847,container,10.0,10.0,29.845,False,200,
1787684552.2981846,container,10.0,10.0,29.498,False,200,
1787684552.3981845,container,10.0,10.0,34.939,False,200,
1787684552.4981847,container,10.0,10.0,23.024,False,200,
1787684552.5981846,container,10.0,10.0,25.718,False,200,
1787684552.6981847,container,10.0,10.0,30.171,False,200,
1787684552.7981846,container,10.0,10.0,32.014,False,200,
1787684552.8981845,container,10.0,10.0,27.475,False,200,
1787684552.9981847,container,10.0,10.0,31.161,False,200,
1787684553.0981846,container,10.0,10.0,25.015,False,200,
1787684553.1981847,container,10.0,10.0,35.545,False,200,
1787684553.2981846,container,10.0,10.0,41.627,False,200,
1787684553.3981845,container,10.0,10.0,27.744,False,200,
1787684553.4981847,container,10.0,10.0,33.17,False,200,
1787684553.5981846,container,10.0,10.0,35.125,False,200,
1787684553.6981847,container,10.0,10.0,31.785,False,200,
1787684553.7981846,container,10.0,10.0,30.183,False,200,
1787684553.8981845,container,10.0,10.0,32.832,False,200,
1787684553.9981847,container,10.0,10.0,28.131,False,200,
1787684554.0981846,container,10.0,10.0,33.839,False,200,
1787684554.1981847,container,10.0,10.0,32.435,False,200,
1787684554.2981846,container,10.0,10.0,29.069,False,200,
1787684554.3981845,container,10.0,10.0,21.004,False,200,
1787684554.4981847,container,10.0,10.0,24.753,False,200,
1787684554.5981846,container,10.0,10.0,26.972,False,200,
1787684554.6981847,container,10.0,10.0,33.05,False,200,
1787684554.7981846,container,10.0,10.0,36.391,False,200,
1787684554.8981845,container,10.0,10.0,27.654,False,200,
1787684554.9981847,container,10.0,10.0,29.141,False,200,
1787684555.0981846,container,10.0,10.0,24.408,False,200,
1787684555.1981847,container,10.0,10.0,36.74,False,200,
1787684555.2981846,container,10.0,10.0,28.567,False,200,
1787684555.3981845,container,10.0,10.0,29.271,False,200,
1787684555.4981847,container,10.0,10.0,37.205,False,200,
1787684555.5981846,container,10.0,10.0,31.955,False,200,
1787684555.6981847,container,10.0,10.0,33.711,False,200,
1787684555.7981846,container,10.0,10.0,34.952,False,200,
1787684555.8981845,container,10.0,10.0,35.773,False,200,
1787684555.9981847,container,10.0,10.0,32.058,False,200,
1787684556.0981846,container,10.0,10.0,29.774,False,200,
1787684556.1981847,container,10.0,10.0,43.299,False,200,
1787684556.2981846,container,10.0,10.0,27.378,False,200,
1787684556.3981845,container,10.0,10.0,28.974,False,200,
1787684556.4981847,container,10.0,10.0,28.641,False,200,
1787684556.5981846,container,10.0,10.0,36.007,False,200,
1787684556.6981847,container,10.0,10.0,29.016,False,200,
1787684556.7981846,container,10.0,10.0,29.013,False,200,
1787684556.8981845,container,10.0,10.0,32.029,False,200,
1787684556.9981847,container,10.0,10.0,30.122,False,200,
1787684557.0981846,container,10.0,10.0,26.385,False,200,
1787684557.1981847,container,10.0,10.0,33.272,False,200,
1787684557.2981846,container,10.0,10.0,31.581,False,200,
1787684557.3981845,container,10.0,10.0,31.934,False,200,
1787684557.4981847,container,10.0,10.0,28.74,False,200,
1787684557.5981846,container,10.0,10.0,25.775,False,200,
1787684557.6981847,container,10.0,10.0,27.137,False,200,
1787684557.7981846,container,10.0,10.0,30.158,False,200,
1787684557.8981845,container,10.0,10.0,35.284,False,200,
1787684557.9981847,container,10.0,10.0,32.939,False,200,
1787684558.0981846,container,10.0,10.0,34.348,False,200,
1787684558.1981847,container,10.0,10.0,26.57,False,200,
1787684558.2981846,container,10.0,10.0,33.044,False,200,
1787684558.3981845,container,10.0,10.0,31.247,False,200,
1787684558.4981847,container,10.0,10.0,34.417,False,200,
1787684558.5981846,container,10.0,10.0,34.04,False,200,
1787684558.6981847,container,10.0,10.0,34.5,False,200,
1787684558.7981846,container,10.0,10.0,31.995,False,200,
1787684558.8981845,container,10.0,10.0,25.947,False,200,
1787684558.9981847,container,10.0,10.0,31.258,False,200,
1787684559.0981846,container,10.0,10.0,33.42,False,200,
1787684559.1981847,container,10.0,10.0,24.5,False,200,
1787684559.2981846,container,10.0,10.0,21.219,False,200,
1787684559.3981845,container,10.0,10.0,26.64,False,200,
1787684559.4981847,container,10.0,10.0,24.488,False,200,
1787684559.5981846,container,10.0,10.0,28.071,False,200,
1787684559.6981847,container,10.0,10.0,31.173,False,200,
1787684559.7981846,container,10.0,10.0,24.305,False,200,
1787684559.8981845,container,10.0,10.0,31.209,False,200,
1787684559.9981847,container,10.0,10.0,37.446,False,200,
1787684560.0981846,container,10.0,10.0,31.932,False,200,
1787684560.1981847,container,10.0,10.0,28.963,False,200,
1787684560.2981846,container,10.0,10.0,34.279,False,200,
1787684560.3981845,container,10.0,10.0,36.311,False,200,
1787684560.4981847,container,10.0,10.0,34.081,False,200,
1787684560.5981846,container,10.0,10.0,26.377,False,200,
1787684560.6981847,container,10.0,10.0,27.532,False,200,
1787684560.7981846,container,10.0,10.0,29.608,False,200,
1787684560.8981845,container,10.0,10.0,33.572,False,200,
1787684560.9981847,container,10.0,10.0,25.083,False,200,
1787684561.0981846,container,10.0,10.0,24.301,False,200,
1787684561.1981847,container,10.0,10.0,35.112,False,200,
1787684561.2981846,container,10.0,10.0,27.744,False,200,
1787684561.3981845,container,10.0,10.0,26.113,False,200,
1787684561.4981847,container,10.0,10.0,27.918,False,200,
1787684561.5981846,container,10.0,10.0,26.342,False,200,
1787684561.6981847,container,10.0,10.0,29.017,False,200,
1787684561.7981846,container,10.0,10.0,24.924,False,200,
1787684561.8981845,container,10.0,10.0,30.83,False,200,
1787684561.9981847,container,10.0,10.0,34.561,False,200,
1787684562.0981846,container,10.0,10.0,26.029,False,200,
1787684562.1981847,container,10.0,10.0,30.515,False,200,
1787684562.2981846,container,10.0,10.0,21.332,False,200,
1787684562.3981845,container,10.0,10.0,23.128,False,200,
1787684562.4981847,container,10.0,10.0,28.229,False,200,
1787684562.5981846,container,10.0,10.0,26.732,False,200,
1787684562.6981847,container,10.0,10.0,24.702,False,200,
1787684562.7981846,container,10.0,10.0,28.674,False,200,
1787684562.8981845,container,10.0,10.0,37.36,False,200,
1787684562.9981847,container,10.0,10.0,28.132,False,200,
1787684563.0981846,container,10.0,10.0,29.38,False,200,
1787684563.1981847,container,10.0,10.0,30.363,False,200,
1787684563.2981846,container,10.0,10.0,29.762,False,200,
1787684563.3981845,container,10.0,10.0,35.804,False,200,
1787684563.4981847,container,10.0,10.0,24.501,False,200,
1787684563.5981846,container,10.0,10.0,29.845,False,200,
1787684563.6981847,container,10.0,10.0,42.547,False,200,
1787684563.7981846,container,10.0,10.0,35.829,False,200,
1787684563.8981845,container,10.0,10.0,29.481,False,200,
1787684563.9981847,container,10.0,10.0,34.067,False,200,
1787684564.0981846,container,10.0,10.0,23.743,False,200,
1787684564.1981847,container,10.0,10.0,29.362,False,200,
1787684564.2981846,container,10.0,10.0,37.119,False,200,
1787684564.3981845,container,10.0,10.0,32.22,False,200,
1787684564.4981847,container,10.0,10.0,31.49,False,200,
1787684564.5981846,container,10.0,10.0,30.644,False,200,
1787684564.6981847,container,10.0,10.0,28.46,False,200,
1787684564.7981846,container,10.0,10.0,43.134,False,200,
1787684564.8981845,container,10.0,10.0,29.827,False,200,
1787684564.9981847,container,10.0,10.0,28.471,False,200,
1787684565.0981846,container,10.0,10.0,32.001,False,200,
1787684565.1981847,container,10.0,10.0,27.434,False,200,
1787684565.2981846,container,10.0,10.0,26.199,False,200,
1787684565.3981845,container,10.0,10.0,28.376,False,200,
1787684565.4981847,container,10.0,10.0,43.324,False,200,
1787684565.5981846,container,10.0,10.0,35.981,False,200,
1787684565.6981847,container,10.0,10.0,40.062,False,200,
1787684565.7981846,container,10.0,10.0,29.996,False,200,
1787684565.8981845,container,10.0,10.0,27.187,False,200,
1787684565.9981847,container,10.0,10.0,35.492,False,200,
1787684566.0981846,container,10.0,10.0,34.629,False,200,
1787684566.1981847,container,10.0,10.0,30.205,False,200,
1787684566.2981846,container,10.0,10.0,30.603,False,200,
1787684566.3981845,container,10.0,10.0,26.611,False,200,
1787684566.4981847,container,10.0,10.0,30.204,False,200,
1787684566.5981846,container,10.0,10.0,28.517,False,200,
1787684566.6981847,container,10.0,10.0,32.644,False,200,
1787684566.7981846,container,10.0,10.0,35.845,False,200,
1787684566.8981845,container,10.0,10.0,29.93,False,200,
1787684566.9981847,container,10.0,10.0,26.795,False,200,
1787684567.0981846,container,10.0,10.0,36.675,False,200,
1787684567.1981847,container,10.0,10.0,34.206,False,200,
1787684567.2981846,container,10.0,10.0,28.613,False,200,
1787684567.3981845,container,10.0,10.0,23.323,False,200,
1787684567.4981847,container,10.0,10.0,34.476,False,200,
1787684567.5981846,container,10.0,10.0,36.284,False,200,
1787684567.6981847,container,10.0,10.0,31.774,False,200,
1787684567.7981846,container,10.0,10.0,32.142,False,200,
1787684567.8981845,container,10.0,10.0,32.186,False,200,
1787684567.9981847,container,10.0,10.0,26.537,False,200,
1787684568.0981846,container,10.0,10.0,37.663,False,200,
1787684568.1981847,container,10.0,10.0,34.652,False,200,
1787684568.2981846,container,10.0,10.0,31.417,False,200,
1787684568.3981845,container,10.0,10.0,35.855,False,200,
1787684568.4981847,container,10.0,10.0,32.729,False,200,
1787684568.5981846,container,10.0,10.0,31.796,False,200,
1787684568.6981847,container,10.0,10.0,28.281,False,200,
1787684568.7981846,container,10.0,10.0,28.272,False,200,
1787684568.8981845,container,10.0,10.0,26.572,False,200,
1787684568.9981847,container,10.0,10.0,31.486,False,200,
1787684569.0981846,container,10.0,10.0,27.671,False,200,
1787684569.1981847,container,10.0,10.0,26.634,False,200,
1787684569.2981846,container,10.0,10.0,28.536,False,200,
1787684569.3981845,container,10.0,10.0,34.444,False,200,
1787684569.4981847,container,10.0,10.0,29.15,False,200,
1787684569.5981846,container,10.0,10.0,46.428,False,200,
1787684569.6981847,container,10.0,10.0,42.772,False,200,
1787684569.7981846,container,10.0,10.0,26.611,False,200,
1787684569.8981845,container,10.0,10.0,38.055,False,200,
1787684569.9981847,container,10.0,10.0,25.171,False,200,
1787684570.0981846,container,10.0,10.0,30.551,False,200,
1787684570.1981847,container,10.0,10.0,28.192,False,200,
1787684570.2981846,container,10.0,10.0,32.124,False,200,
1787684570.3981845,container,10.0,10.0,29.362,False,200,
1787684570.4981847,container,10.0,10.0,29.287,False,200,
1787684570.5981846,container,10.0,10.0,30.917,False,200,
1787684570.6981847,container,10.0,10.0,30.02,False,200,
1787684570.7981846,container,10.0,10.0,30.081,False,200,
1787684570.8981845,container,10.0,10.0,24.031,False,200,
1787684570.9981847,container,10.0,10.0,26.21,False,200,
1787684571.0981846,container,10.0,10.0,34.29,False,200,
1787684571.1981847,container,10.0,10.0,29.361,False,200,
1787684571.2981846,container,10.0,10.0,34.94,False,200,
1787684571.3981845,container,10.0,10.0,35.259,False,200,
1787684571.4981847,container,10.0,10.0,24.45,False,200,
1787684571.5981846,container,10.0,10.0,27.374,False,200,
1787684571.6981847,container,10.0,10.0,36.572,False,200,
1787684571.7981846,container,10.0,10.0,30.985,False,200,
1787684571.8981845,container,10.0,10.0,29.387,False,200,
1787684571.9981847,container,10.0,10.0,31.014,False,200,
1787684572.0981846,container,10.0,10.0,26.431,False,200,
1787684572.1981847,container,10.0,10.0,24.205,False,200,
1787684572.2981846,container,10.0,10.0,31.876,False,200,
1787684572.3981845,container,10.0,10.0,19.373,False,200,
1787684572.4981847,container,10.0,10.0,23.797,False,200,
1787684572.5981846,container,10.0,10.0,24.688,False,200,
1787684572.6981847,container,10.0,10.0,25.936,False,200,
1787684572.7981846,container,10.0,10.0,36.407,False,200,
1787684572.8981845,container,10.0,10.0,26.484,False,200,
1787684572.9981847,container,10.0,10.0,26.701,False,200,
1787684573.0981846,container,10.0,10.0,24.967,False,200,
1787684573.1981847,container,10.0,10.0,32.413,False,200,
1787684573.2981846,container,10.0,10.0,29.42,False,200,
1787684573.3981845,container,10.0,10.0,30.298,False,200,
1787684573.4981847,container,10.0,10.0,28.534,False,200,
1787684573.5981846,container,10.0,10.0,25.187,False,200,
1787684573.6981847,container,10.0,10.0,33.002,False,200,
1787684573.7981846,container,10.0,10.0,33.942,False,200,
1787684573.8981845,container,10.0,10.0,35.436,False,200,
1787684573.9981847,container,10.0,10.0,26.961,False,200,
1787684574.0981846,container,10.0,10.0,35.687,False,200,
1787684574.1981847,container,10.0,10.0,33.988,False,200,
1787684574.2981846,container,10.0,10.0,23.45,False,200,
1787684574.3981845,container,10.0,10.0,35.388,False,200,
1787684574.4981847,container,10.0,10.0,25.409,False,200,
1787684574.5981846,container,10.0,10.0,27.011,False,200,
1787684574.6981847,container,10.0,10.0,28.535,False,200,
1787684574.7981846,container,10.0,10.0,27.538,False,200,
1787684574.8981845,container,10.0,10.0,25.524,False,200,
1787684574.9981847,container,10.0,10.0,26.23,False,200,
1787684575.0981846,container,10.0,10.0,34.264,False,200,
1787684575.1981847,container,10.0,10.0,26.964,False,200,
1787684575.2981846,container,10.0,10.0,20.84,False,200,
1787684575.3981845,container,10.0,10.0,30.992,False,200,
1787684575.4981847,container,10.0,10.0,24.204,False,200,
1787684575.5981846,container,10.0,10.0,32.493,False,200,
1787684575.6981847,container,10.0,10.0,23.775,False,200,
1787684575.7981846,container,10.0,10.0,29.586,False,200,
1787684575.8981845,container,10.0,10.0,23.056,False,200,
1787684575.9981847,container,10.0,10.0,30.084,False,200,
1787684576.0981846,container,10.0,10.0,28.048,False,200,
1787684576.1981847,container,10.0,10.0,26.59,False,200,
1787684576.2981846,container,10.0,10.0,22.558,False,200,
1787684576.3981845,container,10.0,10.0,27.609,False,200,
1787684576.4981847,container,10.0,10.0,39.75,False,200,
1787684576.5981846,container,10.0,10.0,25.483,False,200,
1787684576.6981847,container,10.0,10.0,31.423,False,200,
1787684576.7981846,container,10.0,10.0,27.882,False,200,
1787684576.8981845,container,10.0,10.0,27.092,False,200,
1787684576.9981847,container,10.0,10.0,34.505,False,200,
1787684577.0981846,container,10.0,10.0,26.037,False,200,
1787684577.1981847,container,10.0,10.0,24.237,False,200,
1787684577.2981846,container,10.0,10.0,27.054,False,200,
1787684577.3981845,container,10.0,10.0,32.778,False,200,
1787684577.4981847,container,10.0,10.0,33.388,False,200,
1787684577.5981846,container,10.0,10.0,26.527,False,200,
1787684577.6981847,container,10.0,10.0,37.111,False,200,
1787684577.7981846,container,10.0,10.0,32.09,False,200,
1787684577.8981845,container,10.0,10.0,25.927,False,200,
1787684577.9981847,container,10.0,10.0,36.388,False,200,
1787684578.0981846,container,10.0,10.0,29.801,False,200,
1787684578.1981847,container,10.0,10.0,26.247,False,200,
1787684578.2981846,container,10.0,10.0,29.784,False,200,
1787684578.3981845,container,10.0,10.0,33.779,False,200,
1787684578.4981847,container,10.0,10.0,26.088,False,200,
1787684578.5981846,container,10.0,10.0,28.021,False,200,
1787684578.6981847,container,10.0,10.0,24.204,False,200,
1787684578.7981846,container,10.0,10.0,32.16,False,200,
1787684578.8981845,container,10.0,10.0,31.583,False,200,
1787684578.9981847,container,10.0,10.0,32.432,False,200,
1787684579.0981846,container,10.0,10.0,33.059,False,200,
1787684579.1981847,container,10.0,10.0,28.107,False,200,
1787684579.2981846,container,10.0,10.0,32.366,False,200,
1787684579.3981845,container,10.0,10.0,29.42,False,200,
1787684579.4981847,container,10.0,10.0,26.824,False,200,
1787684579.5981846,container,10.0,10.0,45.563,False,200,
1787684579.6981847,container,10.0,10.0,25.852,False,200,
1787684579.7981846,container,10.0,10.0,36.595,False,200,
1787684579.8981845,container,10.0,10.0,26.602,False,200,
1787684579.9981847,container,10.0,10.0,33.51,False,200,
1787684580.0981846,container,10.0,10.0,28.28,False,200,
1787684580.1981847,container,10.0,10.0,32.032,False,200,
1787684580.2981846,container,10.0,10.0,30.75,False,200,
1787684580.3981845,container,10.0,10.0,30.466,False,200,
1787684580.4981847,container,10.0,10.0,38.435,False,200,
1787684580.5981846,container,10.0,10.0,30.156,False,200,
1787684580.6981847,container,10.0,10.0,30.056,False,200,
1787684580.7981846,container,10.0,10.0,37.671,False,200,
1787684580.8981845,container,10.0,10.0,41.777,False,200,
1787684580.9981847,container,10.0,10.0,30.672,False,200,
1787684581.0981846,container,10.0,10.0,31.058,False,200,
1787684581.1981847,container,10.0,10.0,38.854,False,200,
1787684581.2981846,container,10.0,10.0,30.145,False,200,
1787684581.3981845,container,10.0,10.0,25.982,False,200,
1787684581.4981847,container,10.0,10.0,32.159,False,200,
1787684581.5981846,container,10.0,10.0,28.723,False,200,
1787684581.6981847,container,10.0,10.0,31.109,False,200,
1787684581.7981846,container,10.0,10.0,29.337,False,200,
1787684581.8981845,container,10.0,10.0,26.155,False,200,
1787684581.9981847,container,10.0,10.0,29.166,False,200,
1787684582.0981846,container,10.0,10.0,33.678,False,200,
1787684582.1981847,container,10.0,10.0,31.789,False,200,
1787684582.2981846,container,10.0,10.0,28.214,False,200,
1787684582.3981845,container,10.0,10.0,31.143,False,200,
1787684582.4981847,container,10.0,10.0,35.129,False,200,
1787684582.5981846,container,10.0,10.0,26.384,False,200,
1787684582.6981847,container,10.0,10.0,21.483,False,200,
1787684582.7981846,container,10.0,10.0,34.009,False,200,
1787684582.8981845,container,10.0,10.0,28.33,False,200,
1787684582.9981847,container,10.0,10.0,22.708,False,200,
1787684583.0981846,container,10.0,10.0,32.025,False,200,
1787684583.1981847,container,10.0,10.0,28.403,False,200,
1787684583.2981846,container,10.0,10.0,26.035,False,200,
1787684583.3981845,container,10.0,10.0,37.61,False,200,
1787684583.4981847,container,10.0,10.0,23.835,False,200,
1787684583.5981846,container,10.0,10.0,31.472,False,200,
1787684583.6981847,container,10.0,10.0,23.386,False,200,
1787684583.7981846,container,10.0,10.0,39.632,False,200,
1787684583.8981845,container,10.0,10.0,28.244,False,200,
1787684583.9981847,container,10.0,10.0,32.642,False,200,
1787684584.0981846,container,10.0,10.0,30.027,False,200,
1787684584.1981847,container,10.0,10.0,28.953,False,200,
1787684584.2981846,container,10.0,10.0,26.924,False,200,
1787684584.3981845,container,10.0,10.0,32.566,False,200,
1787684584.4981847,container,10.0,10.0,27.299,False,200,
1787684584.5981846,container,10.0,10.0,32.687,False,200,
1787684584.6981847,container,10.0,10.0,27.547,False,200,
1787684584.7981846,container,10.0,10.0,29.205,False,200,
1787684584.8981845,container,10.0,10.0,31.974,False,200,
1787684584.9981847,container,10.0,10.0,32.905,False,200,
1787684585.0981846,container,10.0,10.0,25.033,False,200,
1787684585.1981847,container,10.0,10.0,29.741,False,200,
1787684585.2981846,container,10.0,10.0,30.09,False,200,
1787684585.3981845,container,10.0,10.0,28.449,False,200,
1787684585.4981847,container,10.0,10.0,31.168,False,200,
1787684585.5981846,container,10.0,10.0,25.575,False,200,
1787684585.6981847,container,10.0,10.0,34.483,False,200,
1787684585.7981846,container,10.0,10.0,30.434,False,200,
1787684585.8981845,container,10.0,10.0,28.128,False,200,
1787684585.9981847,container,10.0,10.0,41.272,False,200,
1787684586.0981846,container,10.0,10.0,25.79,False,200,
1787684586.1981847,container,10.0,10.0,25.419,False,200,
1787684586.2981846,container,10.0,10.0,26.845,False,200,
1787684586.3981845,container,10.0,10.0,35.964,False,200,
1787684586.4981847,container,10.0,10.0,31.506,False,200,
1787684586.5981846,container,10.0,10.0,31.312,False,200,
1787684586.6981847,container,10.0,10.0,33.968,False,200,
1787684586.7981846,container,10.0,10.0,30.667,False,200,
1787684586.8981845,container,10.0,10.0,33.696,False,200,
1787684586.9981847,container,10.0,10.0,30.972,False,200,
1787684587.0981846,container,10.0,10.0,29.654,False,200,
1787684587.1981847,container,10.0,10.0,32.086,False,200,
1787684587.2981846,container,10.0,10.0,32.951,False,200,
1787684587.3981845,container,10.0,10.0,35.395,False,200,
1787684587.4981847,container,10.0,10.0,32.388,False,200,
1787684587.5981846,container,10.0,10.0,28.549,False,200,
1787684587.6981847,container,10.0,10.0,26.327,False,200,
1787684587.7981846,container,10.0,10.0,33.065,False,200,
1787684587.8981845,container,10.0,10.0,23.51,False,200,
1787684587.9981847,container,10.0,10.0,29.16,False,200,
1787684588.0981846,container,10.0,10.0,31.254,False,200,
1787684588.1981847,container,10.0,10.0,27.27,False,200,
1787684588.2981846,container,10.0,10.0,28.161,False,200,
1787684588.3981845,container,10.0,10.0,35.582,False,200,
1787684588.4981847,container,10.0,10.0,37.836,False,200,
1787684588.5981846,container,10.0,10.0,29.925,False,200,
1787684588.6981847,container,10.0,10.0,27.414,False,200,
1787684588.7981846,container,10.0,10.0,26.937,False,200,
1787684588.8981845,container,10.0,10.0,34.084,False,200,
1787684588.9981847,container,10.0,10.0,27.935,False,200,
1787684589.0981846,container,10.0,10.0,29.039,False,200,
1787684589.1981847,container,10.0,10.0,23.618,False,200,
1787684589.2981846,container,10.0,10.0,28.162,False,200,
1787684589.3981845,container,10.0,10.0,29.669,False,200,
1787684589.4981847,container,10.0,10.0,34.498,False,200,
1787684589.5981846,container,10.0,10.0,34.902,False,200,
1787684589.6981847,container,10.0,10.0,24.431,False,200,
1787684589.7981846,container,10.0,10.0,29.381,False,200,
1787684589.8981845,container,10.0,10.0,30.037,False,200,
1787684589.9981847,container,10.0,10.0,28.003,False,200,
1787684590.0981846,container,10.0,10.0,32.314,False,200,
1787684590.1981847,container,10.0,10.0,34.063,False,200,
1787684590.2981846,container,10.0,10.0,26.251,False,200,
1787684590.3981845,container,10.0,10.0,23.889,False,200,
1787684590.4981847,container,10.0,10.0,26.403,False,200,
1787684590.5981846,container,10.0,10.0,25.792,False,200,
1787684590.6981847,container,10.0,10.0,23.487,False,200,
1787684590.7981846,container,10.0,10.0,33.446,False,200,
1787684590.8981845,container,10.0,10.0,28.295,False,200,
1787684590.9981847,container,10.0,10.0,36.781,False,200,
1787684591.0981846,container,10.0,10.0,27.607,False,200,
1787684591.1981847,container,10.0,10.0,32.37,False,200,
1787684591.2981846,container,10.0,10.0,27.963,False,200,
1787684591.3981845,container,10.0,10.0,24.708,False,200,
1787684591.4981847,container,10.0,10.0,23.28,False,200,
1787684591.5981846,container,10.0,10.0,45.776,False,200,
1787684591.6981847,container,10.0,10.0,33.057,False,200,
1787684591.7981846,container,10.0,10.0,30.052,False,200,
1787684591.8981845,container,10.0,10.0,30.722,False,200,
1787684591.9981847,container,10.0,10.0,27.419,False,200,
1787684592.0981846,container,10.0,10.0,27.0,False,200,
1787684592.1981847,container,10.0,10.0,29.514,False,200,
1787684592.2981846,container,10.0,10.0,40.128,False,200,
1787684592.3981845,container,10.0,10.0,25.121,False,200,
1787684592.4981847,container,10.0,10.0,32.819,False,200,
1787684592.5981846,container,10.0,10.0,25.171,False,200,
1787684592.6981847,container,10.0,10.0,27.309,False,200,
1787684592.7981846,container,10.0,10.0,37.034,False,200,
1787684592.8981845,container,10.0,10.0,33.081,False,200,
1787684592.9981847,container,10.0,10.0,26.317,False,200,
1787684593.0981846,container,10.0,10.0,29.319,False,200,
1787684593.1981847,container,10.0,10.0,26.786,False,200,
1787684593.2981846,container,10.0,10.0,22.678,False,200,
1787684593.3981845,container,10.0,10.0,36.713,False,200,
1787684593.4981847,container,10.0,10.0,29.328,False,200,
1787684593.5981846,container,10.0,10.0,24.395,False,200,
1787684593.6981847,container,10.0,10.0,33.377,False,200,
1787684593.7981846,container,10.0,10.0,36.984,False,200,
1787684593.8981845,container,10.0,10.0,24.346,False,200,
1787684593.9981847,container,10.0,10.0,31.049,False,200,
1787684594.0981846,container,10.0,10.0,33.823,False,200,
1787684594.1981847,container,10.0,10.0,28.563,False,200,
1787684594.2981846,container,10.0,10.0,24.069,False,200,
1787684594.3981845,container,10.0,10.0,27.99,False,200,
1787684594.4981847,container,10.0,10.0,33.432,False,200,
1787684594.5981846,container,10.0,10.0,31.804,False,200,
1787684594.6981847,container,10.0,10.0,29.61,False,200,
1787684594.7981846,container,10.0,10.0,24.388,False,200,
1787684594.8981845,container,10.0,10.0,29.515,False,200,
1787684594.9981847,container,10.0,10.0,27.593,False,200,
1787684595.0981846,container,10.0,10.0,39.295,False,200,
1787684595.1981847,container,10.0,10.0,29.622,False,200,
1787684595.2981846,container,10.0,10.0,26.001,False,200,
1787684595.3981845,container,10.0,10.0,28.888,False,200,
1787684595.4981847,container,10.0,10.0,26.983,False,200,
1787684595.5981846,container,10.0,10.0,33.593,False,200,
1787684595.6981847,container,10.0,10.0,28.391,False,200,
1787684595.7981846,container,10.0,10.0,28.197,False,200,
1787684595.8981845,container,10.0,10.0,27.465,False,200,
1787684595.9981847,container,10.0,10.0,26.984,False,200,
1787684596.0981846,container,10.0,10.0,29.109,False,200,
1787684596.1981847,container,10.0,10.0,31.063,False,200,
1787684596.2981846,container,10.0,10.0,26.725,False,200,
1787684596.3981845,container,10.0,10.0,23.733,False,200,
1787684596.4981847,container,10.0,10.0,26.345,False,200,
1787684596.5981846,container,10.0,10.0,22.441,False,200,
1787684596.6981847,container,10.0,10.0,32.448,False,200,
1787684596.7981846,container,10.0,10.0,23.832,False,200,
1787684596.8981845,container,10.0,10.0,26.202,False,200,
1787684596.9981847,container,10.0,10.0,36.643,False,200,
1787684597.0981846,container,10.0,10.0,34.429,False,200,
1787684597.1981847,container,10.0,10.0,30.61,False,200,
1787684597.2981846,container,10.0,10.0,33.638,False,200,
1787684597.3981845,container,10.0,10.0,29.984,False,200,
1787684597.4981847,container,10.0,10.0,28.861,False,200,
1787684597.5981846,container,10.0,10.0,26.915,False,200,
1787684597.6981847,container,10.0,10.0,25.546,False,200,
1787684597.7981846,container,10.0,10.0,24.217,False,200,
1787684597.8981845,container,10.0,10.0,31.376,False,200,
1787684597.9981847,container,10.0,10.0,31.458,False,200,
1787684598.0981846,container,10.0,10.0,35.726,False,200,
1787684598.1981847,container,10.0,10.0,34.497,False,200,
1787684598.2981846,container,10.0,10.0,30.14,False,200,
1787684598.3981845,container,10.0,10.0,31.604,False,200,
1787684598.4981847,container,10.0,10.0,29.523,False,200,
1787684598.5981846,container,10.0,10.0,29.274,False,200,
1787684598.6981847,container,10.0,10.0,34.01,False,200,
1787684598.7981846,container,10.0,10.0,32.281,False,200,
1787684598.8981845,container,10.0,10.0,32.706,False,200,
1787684598.9981847,container,10.0,10.0,18.991,False,200,
1787684599.0981846,container,10.0,10.0,31.125,False,200,
1787684599.1981847,container,10.0,10.0,32.06,False,200,
1787684599.2981846,container,10.0,10.0,33.757,False,200,
1787684599.3981845,container,10.0,10.0,36.347,False,200,
1787684599.4981847,container,10.0,10.0,24.984,False,200,
1787684599.5981846,container,10.0,10.0,29.079,False,200,
1787684599.6981847,container,10.0,10.0,28.096,False,200,
1787684599.7981846,container,10.0,10.0,37.119,False,200,
1787684599.8981845,container,10.0,10.0,29.519,False,200,
1787684599.9981847,container,10.0,10.0,36.019,False,200,
1787684600.0981846,container,10.0,10.0,36.518,False,200,
1787684600.1981847,container,10.0,10.0,29.99,False,200,
1787684600.2981846,container,10.0,10.0,32.317,False,200,
1787684600.3981845,container,10.0,10.0,29.452,False,200,
1787684600.4981847,container,10.0,10.0,29.715,False,200,
1787684600.5981846,container,10.0,10.0,26.887,False,200,
1787684600.6981847,container,10.0,10.0,27.117,False,200,
1787684600.7981846,container,10.0,10.0,28.328,False,200,
1787684600.8981845,container,10.0,10.0,30.961,False,200,
1787684600.9981847,container,10.0,10.0,35.137,False,200,
1787684601.0981846,container,10.0,10.0,32.167,False,200,
1787684601.1981847,container,10.0,10.0,22.938,False,200,
1787684601.2981846,container,10.0,10.0,23.014,False,200,
1787684601.3981845,container,10.0,10.0,42.553,False,200,
1787684601.4981847,container,10.0,10.0,23.992,False,200,
1787684601.5981846,container,10.0,10.0,26.269,False,200,
1787684601.6981847,container,10.0,10.0,44.838,False,200,
1787684601.7981846,container,10.0,10.0,25.63,False,200,
1787684601.8981845,container,10.0,10.0,34.852,False,200,
1787684601.9981847,container,10.0,10.0,33.87,False,200,
1787684602.0981846,container,10.0,10.0,39.693,False,200,
1787684602.1981847,container,10.0,10.0,22.311,False,200,
1787684602.2981846,container,10.0,10.0,30.11,False,200,
1787684602.3981845,container,10.0,10.0,22.621,False,200,
1787684602.4981847,container,10.0,10.0,26.386,False,200,
1787684602.5981846,container,10.0,10.0,27.903,False,200,
1787684602.6981847,container,10.0,10.0,32.635,False,200,
1787684602.7981846,container,10.0,10.0,28.263,False,200,
1787684602.8981845,container,10.0,10.0,27.596,False,200,
1787684602.9981847,container,10.0,10.0,35.816,False,200,
1787684603.0981846,container,10.0,10.0,29.67,False,200,
1787684603.1981847,container,10.0,10.0,24.142,False,200,
1787684603.2981846,container,10.0,10.0,24.873,False,200,
1787684603.3981845,container,10.0,10.0,23.759,False,200,
1787684603.4981847,container,10.0,10.0,28.454,False,200,
1787684603.5981846,container,10.0,10.0,25.951,False,200,
1787684603.6981847,container,10.0,10.0,35.871,False,200,
1787684603.7981846,container,10.0,10.0,25.118,False,200,
1787684603.8981845,container,10.0,10.0,32.667,False,200,
1787684603.9981847,container,10.0,10.0,28.765,False,200,
1787684604.0981846,container,10.0,10.0,29.556,False,200,
1787684604.1981847,container,10.0,10.0,25.795,False,200,
1787684604.2981846,container,10.0,10.0,34.925,False,200,
1787684604.3981845,container,10.0,10.0,32.264,False,200,
1787684604.4981847,container,10.0,10.0,31.026,False,200,
1787684604.5981846,container,10.0,10.0,23.162,False,200,
1787684604.6981847,container,10.0,10.0,27.326,False,200,
1787684604.7981846,container,10.0,10.0,24.271,False,200,
1787684604.8981845,container,10.0,10.0,26.966,False,200,
1787684604.9981847,container,10.0,10.0,26.819,False,200,
1787684605.0981846,container,10.0,10.0,32.309,False,200,
1787684605.1981847,container,10.0,10.0,30.154,False,200,
1787684605.2981846,container,10.0,10.0,30.512,False,200,
1787684605.3981845,container,10.0,10.0,33.607,False,200,
1787684605.4981847,container,10.0,10.0,33.126,False,200,
1787684605.5981846,container,10.0,10.0,42.804,False,200,
1787684605.6981847,container,10.0,10.0,31.101,False,200,
1787684605.7981846,container,10.0,10.0,36.236,False,200,
1787684605.8981845,container,10.0,10.0,32.242,False,200,
1787684605.9981847,container,10.0,10.0,37.098,False,200,
1787684606.0981846,container,10.0,10.0,37.893,False,200,
1787684606.1981847,container,10.0,10.0,24.701,False,200,
1787684606.2981846,container,10.0,10.0,36.408,False,200,
1787684606.3981845,container,10.0,10.0,30.772,False,200,
1787684606.4981847,container,10.0,10.0,37.373,False,200,
1787684606.5981846,container,10.0,10.0,31.512,False,200,
1787684606.6981847,container,10.0,10.0,22.945,False,200,
1787684606.7981846,container,10.0,10.0,29.587,False,200,
1787684606.8981845,container,10.0,10.0,27.71,False,200,
1787684606.9981847,container,10.0,10.0,29.202,False,200,
1787684607.0981846,container,10.0,10.0,33.061,False,200,
1787684607.1981847,container,10.0,10.0,28.963,False,200,
1787684607.2981846,container,10.0,10.0,35.469,False,200,
1787684607.3981845,container,10.0,10.0,23.088,False,200,
1787684607.4981847,container,10.0,10.0,31.01,False,200,
1787684607.5981846,container,10.0,10.0,29.69,False,200,
1787684607.6981847,container,10.0,10.0,34.286,False,200,
1787684607.7981846,container,10.0,10.0,29.408,False,200,
1787684607.8981845,container,10.0,10.0,22.03,False,200,
1787684607.9981847,container,10.0,10.0,28.466,False,200,
1787684608.0981846,container,10.0,10.0,33.583,False,200,
1787684608.1981847,container,10.0,10.0,34.909,False,200,
1787684608.2981846,container,10.0,10.0,32.313,False,200,
1787684608.3981845,container,10.0,10.0,28.002,False,200,
1787684608.4981847,container,10.0,10.0,29.112,False,200,
1787684608.5981846,container,10.0,10.0,23.267,False,200,
1787684608.6981847,container,10.0,10.0,28.073,False,200,
1787684608.7981846,container,10.0,10.0,24.036,False,200,
1787684608.8981845,container,10.0,10.0,24.899,False,200,
1787684608.9981847,container,10.0,10.0,32.221,False,200,
1787684609.0981846,container,10.0,10.0,25.968,False,200,
1787684609.1981847,container,10.0,10.0,30.653,False,200,
1787684609.2981846,container,10.0,10.0,33.688,False,200,
1787684609.3981845,container,10.0,10.0,29.911,False,200,
1787684609.4981847,container,10.0,10.0,42.592,False,200,
1787684609.5981846,container,10.0,10.0,29.491,False,200,
1787684609.6981847,container,10.0,10.0,25.886,False,200,
1787684609.7981846,container,10.0,10.0,31.82,False,200,
1787684609.8981845,container,10.0,10.0,30.44,False,200,
1787684609.9981847,container,10.0,10.0,31.688,False,200,
1787684610.0981846,container,10.0,10.0,39.237,False,200,
1787684610.1981847,container,10.0,10.0,22.18,False,200,
1787684610.2981846,container,10.0,10.0,25.909,False,200,
1787684610.3981845,container,10.0,10.0,32.977,False,200,
1787684610.4981847,container,10.0,10.0,29.467,False,200,
1787684610.5981846,container,10.0,10.0,28.389,False,200,
1787684610.6981847,container,10.0,10.0,29.016,False,200,
1787684610.7981846,container,10.0,10.0,36.359,False,200,
1787684610.8981845,container,10.0,10.0,35.441,False,200,
1787684610.9981847,container,10.0,10.0,35.282,False,200,
1787684611.0981846,container,10.0,10.0,37.71,False,200,
1787684611.1981847,container,10.0,10.0,24.201,False,200,
1787684611.2981846,container,10.0,10.0,26.964,False,200,
1787684611.3981845,container,10.0,10.0,39.043,False,200,
1787684611.4981847,container,10.0,10.0,21.747,False,200,
1787684611.5981846,container,10.0,10.0,34.647,False,200,
1787684611.6981847,container,10.0,10.0,36.668,False,200,
1787684611.7981846,container,10.0,10.0,32.485,False,200,
1787684611.8981845,container,10.0,10.0,32.971,False,200,
1787684611.9981847,container,10.0,10.0,30.486,False,200,
1787684612.0981846,container,10.0,10.0,35.901,False,200,
1787684612.1981847,container,10.0,10.0,24.678,False,200,
1787684612.2981846,container,10.0,10.0,30.945,False,200,
1787684612.3981845,container,10.0,10.0,31.163,False,200,
1787684612.4981847,container,10.0,10.0,26.857,False,200,
1787684612.5981846,container,10.0,10.0,41.122,False,200,
1787684612.6981847,container,10.0,10.0,32.835,False,200,
1787684612.7981846,container,10.0,10.0,34.566,False,200,
1787684612.8981845,container,10.0,10.0,28.465,False,200,
1787684612.9981847,container,10.0,10.0,32.431,False,200,
1787684613.0981846,container,10.0,10.0,28.745,False,200,
1787684613.1981847,container,10.0,10.0,30.698,False,200,
1787684613.2981846,container,10.0,10.0,30.855,False,200,
1787684613.3981845,container,10.0,10.0,28.485,False,200,
1787684613.4981847,container,10.0,10.0,22.18,False,200,
1787684613.5981846,container,10.0,10.0,32.001,False,200,
1787684613.6981847,container,10.0,10.0,32.122,False,200,
1787684613.7981846,container,10.0,10.0,31.577,False,200,
1787684613.8981845,container,10.0,10.0,24.283,False,200,
1787684613.9981847,container,10.0,10.0,32.9,False,200,
1787684614.0981846,container,10.0,10.0,32.965,False,200,
1787684614.1981847,container,10.0,10.0,37.927,False,200,
1787684614.2981846,container,10.0,10.0,29.51,False,200,
1787684614.3981845,container,10.0,10.0,25.155,False,200,
1787684614.4981847,container,10.0,10.0,24.501,False,200,
1787684614.5981846,container,10.0,10.0,27.966,False,200,
1787684614.6981847,container,10.0,10.0,30.628,False,200,
1787684614.7981846,container,10.0,10.0,31.138,False,200,
1787684614.8981845,container,10.0,10.0,27.82,False,200,
1787684614.9981847,container,10.0,10.0,28.584,False,200,
1787684615.0981846,container,10.0,10.0,22.941,False,200,
1787684615.1981847,container,10.0,10.0,26.932,False,200,
1787684615.2981846,container,10.0,10.0,31.063,False,200,
1787684615.3981845,container,10.0,10.0,30.946,False,200,
1787684615.4981847,container,10.0,10.0,40.049,False,200,
1787684615.5981846,container,10.0,10.0,33.699,False,200,
1787684615.6981847,container,10.0,10.0,27.658,False,200,
1787684615.7981846,container,10.0,10.0,32.067,False,200,
1787684615.8981845,container,10.0,10.0,22.762,False,200,
1787684615.9981847,container,10.0,10.0,28.759,False,200,
1787684616.0981846,container,10.0,10.0,28.758,False,200,
1787684616.1981847,container,10.0,10.0,31.765,False,200,
1787684616.2981846,container,10.0,10.0,32.281,False,200,
1787684616.3981845,container,10.0,10.0,33.082,False,200,
1787684616.4981847,container,10.0,10.0,28.971,False,200,
1787684616.5981846,container,10.0,10.0,51.448,False,200,
1787684616.6981847,container,10.0,10.0,31.543,False,200,
1787684616.7981846,container,10.0,10.0,36.393,False,200,
1787684616.8981845,container,10.0,10.0,28.721,False,200,
1787684616.9981847,container,10.0,10.0,28.261,False,200,
1787684617.0981846,container,10.0,10.0,28.054,False,200,
1787684617.1981847,container,10.0,10.0,27.033,False,200,
1787684617.2981846,container,10.0,10.0,46.0,False,200,
1787684617.3981845,container,10.0,10.0,25.085,False,200,
1787684617.4981847,container,10.0,10.0,36.71,False,200,
1787684617.5981846,container,10.0,10.0,29.144,False,200,
1787684617.6981847,container,10.0,10.0,31.671,False,200,
1787684617.7981846,container,10.0,10.0,29.705,False,200,
1787684617.8981845,container,10.0,10.0,37.63,False,200,
1787684617.9981847,container,10.0,10.0,22.161,False,200,
1787684618.0981846,container,10.0,10.0,31.743,False,200,
1787684618.1981847,container,10.0,10.0,32.513,False,200,
1787684618.2981846,container,10.0,10.0,24.888,False,200,
1787684618.3981845,container,10.0,10.0,33.854,False,200,
1787684618.4981847,container,10.0,10.0,27.041,False,200,
1787684618.5981846,container,10.0,10.0,24.658,False,200,
1787684618.6981847,container,10.0,10.0,23.651,False,200,
1787684618.7981846,container,10.0,10.0,31.771,False,200,
1787684618.8981845,container,10.0,10.0,23.264,False,200,
1787684618.9981847,container,10.0,10.0,28.582,False,200,
1787684619.0981846,container,10.0,10.0,33.231,False,200,
1787684619.1981847,container,10.0,10.0,30.396,False,200,
1787684619.2981846,container,10.0,10.0,31.519,False,200,
1787684619.3981845,container,10.0,10.0,22.688,False,200,
1787684619.4981847,container,10.0,10.0,28.492,False,200,
1787684619.5981846,container,10.0,10.0,38.13,False,200,
1787684619.6981847,container,10.0,10.0,28.277,False,200,
1787684619.7981846,container,10.0,10.0,27.472,False,200,
1787684619.8981845,container,10.0,10.0,40.097,False,200,
1787684619.9981847,container,10.0,10.0,23.411,False,200,
1787684620.0981846,container,10.0,10.0,27.194,False,200,
1787684620.1981847,container,10.0,10.0,34.507,False,200,
1787684620.2981846,container,10.0,10.0,31.253,False,200,
1787684620.3981845,container,10.0,10.0,27.928,False,200,
1787684620.4981847,container,10.0,10.0,24.548,False,200,
1787684620.5981846,container,10.0,10.0,36.537,False,200,
1787684620.6981847,container,10.0,10.0,23.712,False,200,
1787684620.7981846,container,10.0,10.0,32.438,False,200,
1787684620.8981845,container,10.0,10.0,29.945,False,200,
1787684620.9981847,container,10.0,10.0,28.021,False,200,
1787684621.0981846,container,10.0,10.0,24.9,False,200,
1787684621.1981847,container,10.0,10.0,35.365,False,200,
1787684621.2981846,container,10.0,10.0,31.905,False,200,
1787684621.3981845,container,10.0,10.0,22.168,False,200,
1787684621.4981847,container,10.0,10.0,28.768,False,200,
1787684621.5981846,container,10.0,10.0,26.482,False,200,
1787684621.6981847,container,10.0,10.0,32.121,False,200,
1787684621.7981846,container,10.0,10.0,25.864,False,200,
1787684621.8981845,container,10.0,10.0,30.739,False,200,
1787684621.9981847,container,10.0,10.0,31.654,False,200,
1787684622.0981846,container,10.0,10.0,25.62,False,200,
1787684622.1981847,container,10.0,10.0,26.467,False,200,
1787684622.2981846,container,10.0,10.0,32.762,False,200,
1787684622.3981845,container,10.0,10.0,29.4,False,200,
1787684622.4981847,container,10.0,10.0,31.84,False,200,
1787684622.5981846,container,10.0,10.0,26.791,False,200,
1787684622.6981847,container,10.0,10.0,31.392,False,200,
1787684622.7981846,container,10.0,10.0,32.241,False,200,
1787684622.8981845,container,10.0,10.0,41.353,False,200,
1787684622.9981847,container,10.0,10.0,35.338,False,200,
1787684623.0981846,container,10.0,10.0,31.324,False,200,
1787684623.1981847,container,10.0,10.0,28.706,False,200,
1787684623.2981846,container,10.0,10.0,27.218,False,200,
1787684623.3981845,container,10.0,10.0,31.568,False,200,
1787684623.4981847,container,10.0,10.0,30.165,False,200,
1787684623.5981846,container,10.0,10.0,26.144,False,200,
1787684623.6981847,container,10.0,10.0,39.781,False,200,
1787684623.7981846,container,10.0,10.0,34.317,False,200,
1787684623.8981845,container,10.0,10.0,34.664,False,200,
1787684623.9981847,container,10.0,10.0,37.426,False,200,
1787684624.0981846,container,10.0,10.0,24.714,False,200,
1787684624.1981847,container,10.0,10.0,27.083,False,200,
1787684624.2981846,container,10.0,10.0,27.318,False,200,
1787684624.3981845,container,10.0,10.0,28.03,False,200,
1787684624.4981847,container,10.0,10.0,30.463,False,200,
1787684624.5981846,container,10.0,10.0,31.909,False,200,
1787684624.6981847,container,10.0,10.0,31.021,False,200,
1787684624.7981846,container,10.0,10.0,28.254,False,200,
1787684624.8981845,container,10.0,10.0,28.935,False,200,
1787684624.9981847,container,10.0,10.0,34.626,False,200,
1787684625.0981846,container,10.0,10.0,26.55,False,200,
1787684625.1981847,container,10.0,10.0,40.025,False,200,
1787684625.2981846,container,10.0,10.0,27.195,False,200,
1787684625.3981845,container,10.0,10.0,35.807,False,200,
1787684625.4981847,container,10.0,10.0,37.44,False,200,
1787684625.5981846,container,10.0,10.0,26.381,False,200,
1787684625.6981847,container,10.0,10.0,29.519,False,200,
1787684625.7981846,container,10.0,10.0,27.362,False,200,
1787684625.8981845,container,10.0,10.0,28.69,False,200,
1787684625.9981847,container,10.0,10.0,39.673,False,200,
1787684626.0981846,container,10.0,10.0,32.233,False,200,
1787684626.1981847,container,10.0,10.0,30.181,False,200,
1787684626.2981846,container,10.0,10.0,29.432,False,200,
1787684626.3981845,container,10.0,10.0,27.507,False,200,
1787684626.4981847,container,10.0,10.0,30.049,False,200,
1787684626.5981846,container,10.0,10.0,28.731,False,200,
1787684626.6981847,container,10.0,10.0,30.509,False,200,
1787684626.7981846,container,10.0,10.0,27.915,False,200,
1787684626.8981845,container,10.0,10.0,29.884,False,200,
1787684626.9981847,container,10.0,10.0,26.738,False,200,
1787684627.0981846,container,10.0,10.0,29.786,False,200,
1787684627.1981847,container,10.0,10.0,35.107,False,200,
1787684627.2981846,container,10.0,10.0,39.367,False,200,
1787684627.3981845,container,10.0,10.0,29.903,False,200,
1787684627.4981847,container,10.0,10.0,29.241,False,200,
1787684627.5981846,container,10.0,10.0,25.742,False,200,
1787684627.6981847,container,10.0,10.0,26.771,False,200,
1787684627.7981846,container,10.0,10.0,27.283,False,200,
1787684627.8981845,container,10.0,10.0,34.646,False,200,
1787684627.9981847,container,10.0,10.0,32.356,False,200,
1787684628.0981846,container,10.0,10.0,24.636,False,200,
1787684628.1981847,container,10.0,10.0,26.19,False,200,
1787684628.2981846,container,10.0,10.0,26.911,False,200,
1787684628.3981845,container,10.0,10.0,30.364,False,200,
1787684628.4981847,container,10.0,10.0,33.66,False,200,
1787684628.5981846,container,10.0,10.0,30.647,False,200,
1787684628.6981847,container,10.0,10.0,24.192,False,200,
1787684628.7981846,container,10.0,10.0,27.423,False,200,
1787684628.8981845,container,10.0,10.0,31.108,False,200,
1787684628.9981847,container,10.0,10.0,30.571,False,200,
1787684629.0981846,container,10.0,10.0,31.816,False,200,
1787684629.1981847,container,10.0,10.0,19.803,False,200,
1787684629.2981846,container,10.0,10.0,27.938,False,200,
1787684629.3981845,container,10.0,10.0,29.68,False,200,
1787684629.4981847,container,10.0,10.0,26.186,False,200,
1787684629.5981846,container,10.0,10.0,25.93,False,200,
1787684629.6981847,container,10.0,10.0,23.774,False,200,
1787684629.7981846,container,10.0,10.0,32.586,False,200,
1787684629.8981845,container,10.0,10.0,30.553,False,200,
1787684629.9981847,container,10.0,10.0,33.053,False,200,
1787684630.0981846,container,10.0,10.0,30.094,False,200,
1787684630.1981847,container,10.0,10.0,38.785,False,200,
1787684630.2981846,container,10.0,10.0,25.013,False,200,
1787684630.3981845,container,10.0,10.0,34.012,False,200,
1787684630.4981847,container,10.0,10.0,40.441,False,200,
1787684630.5981846,container,10.0,10.0,43.003,False,200,
1787684630.6981847,container,10.0,10.0,32.47,False,200,
1787684630.7981846,container,10.0,10.0,33.841,False,200,
1787684630.8981845,container,10.0,10.0,29.77,False,200,
1787684630.9981847,container,10.0,10.0,35.547,False,200,
1787684631.0981846,container,10.0,10.0,24.488,False,200,
1787684631.1981847,container,10.0,10.0,36.133,False,200,
1787684631.2981846,container,10.0,10.0,27.803,False,200,
1787684631.3981845,container,10.0,10.0,32.876,False,200,
1787684631.4981847,container,10.0,10.0,27.448,False,200,
1787684631.5981846,container,10.0,10.0,20.864,False,200,
1787684631.6981847,container,10.0,10.0,39.007,False,200,
1787684631.7981846,container,10.0,10.0,31.901,False,200,
1787684631.8981845,container,10.0,10.0,26.969,False,200,
1787684631.9981847,container,10.0,10.0,36.145,False,200,
1787684632.0981846,container,10.0,10.0,28.318,False,200,
1787684632.1981847,container,10.0,10.0,23.84,False,200,
1787684632.2981846,container,10.0,10.0,32.288,False,200,
1787684632.3981845,container,10.0,10.0,26.432,False,200,
1787684632.4981847,container,10.0,10.0,42.439,False,200,
1787684632.5981846,container,10.0,10.0,28.391,False,200,
1787684632.6981847,container,10.0,10.0,34.134,False,200,
1787684632.7981846,container,10.0,10.0,24.14,False,200,
1787684632.8981845,container,10.0,10.0,34.92,False,200,
1787684632.9981847,container,10.0,10.0,31.061,False,200,
1787684633.0981846,container,10.0,10.0,34.692,False,200,
1787684633.1981847,container,10.0,10.0,21.913,False,200,
1787684633.2981846,container,10.0,10.0,30.426,False,200,
1787684633.3981845,container,10.0,10.0,19.925,False,200,
1787684633.4981847,container,10.0,10.0,31.152,False,200,
1787684633.5981846,container,10.0,10.0,27.841,False,200,
1787684633.6981847,container,10.0,10.0,26.144,False,200,
1787684633.7981846,container,10.0,10.0,26.122,False,200,
1787684633.8981845,container,10.0,10.0,30.321,False,200,
1787684633.9981847,container,10.0,10.0,25.75,False,200,
1787684634.0981846,container,10.0,10.0,29.697,False,200,
1787684634.1981847,container,10.0,10.0,33.06,False,200,
1787684634.2981846,container,10.0,10.0,24.966,False,200,
1787684634.3981845,container,10.0,10.0,30.464,False,200,
1787684634.4981847,container,10.0,10.0,26.438,False,200,
1787684634.5981846,container,10.0,10.0,36.366,False,200,
1787684634.6981847,container,10.0,10.0,31.288,False,200,
1787684634.7981846,container,10.0,10.0,37.75,False,200,
1787684634.8981845,container,10.0,10.0,24.713,False,200,
1787684634.9981847,container,10.0,10.0,26.719,False,200,
1787684635.0981846,container,10.0,10.0,27.912,False,200,
1787684635.1981847,container,10.0,10.0,25.16,False,200,
1787684635.2981846,container,10.0,10.0,32.24,False,200,
1787684635.3981845,container,10.0,10.0,19.921,False,200,
1787684635.4981847,container,10.0,10.0,27.67,False,200,
1787684635.5981846,container,10.0,10.0,33.734,False,200,
1787684635.6981847,container,10.0,10.0,29.045,False,200,
1787684635.7981846,container,10.0,10.0,29.098,False,200,
1787684635.8981845,container,10.0,10.0,36.118,False,200,
1787684635.9981847,container,10.0,10.0,29.895,False,200,
1787684636.0981846,container,10.0,10.0,42.44,False,200,
1787684636.1981847,container,10.0,10.0,32.63,False,200,
1787684636.2981846,container,10.0,10.0,26.278,False,200,
1787684636.3981845,container,10.0,10.0,33.541,False,200,
1787684636.4981847,container,10.0,10.0,30.839,False,200,
1787684636.5981846,container,10.0,10.0,37.264,False,200,
1787684636.6981847,container,10.0,10.0,28.875,False,200,
1787684636.7981846,container,10.0,10.0,30.221,False,200,
1787684636.8981845,container,10.0,10.0,31.554,False,200,
1787684636.9981847,container,10.0,10.0,38.651,False,200,
1787684637.0981846,container,10.0,10.0,30.829,False,200,
1787684637.1981847,container,10.0,10.0,35.664,False,200,
1787684637.2981846,container,10.0,10.0,28.94,False,200,
1787684637.3981845,container,10.0,10.0,25.388,False,200,
1787684637.4981847,container,10.0,10.0,26.592,False,200,
1787684637.5981846,container,10.0,10.0,33.143,False,200,
1787684637.6981847,container,10.0,10.0,34.86,False,200,
1787684637.7981846,container,10.0,10.0,29.678,False,200,
1787684637.8981845,container,10.0,10.0,24.36,False,200,
1787684637.9981847,container,10.0,10.0,29.98,False,200,
1787684638.0981846,container,10.0,10.0,27.832,False,200,
1787684638.1981847,container,10.0,10.0,31.519,False,200,
1787684638.2981846,container,10.0,10.0,38.724,False,200,
1787684638.3981845,container,10.0,10.0,35.108,False,200,
1787684638.4981847,container,10.0,10.0,33.835,False,200,
1787684638.5981846,container,10.0,10.0,20.765,False,200,
1787684638.6981847,container,10.0,10.0,31.087,False,200,
1787684638.7981846,container,10.0,10.0,38.442,False,200,
1787684638.8981845,container,10.0,10.0,29.971,False,200,
1787684638.9981847,container,10.0,10.0,36.469,False,200,
1787684639.0981846,container,10.0,10.0,30.594,False,200,
1787684639.1981847,container,10.0,10.0,26.719,False,200,
1787684639.2981846,container,10.0,10.0,34.008,False,200,
1787684639.3981845,container,10.0,10.0,34.673,False,200,
1787684639.4981847,container,10.0,10.0,23.984,False,200,
1787684639.5981846,container,10.0,10.0,28.198,False,200,
1787684639.6981847,container,10.0,10.0,37.023,False,200,
1787684639.7981846,container,10.0,10.0,31.312,False,200,
1787684639.8981845,container,10.0,10.0,29.489,False,200,
1787684639.9981847,container,10.0,10.0,26.081,False,200,
1787684640.0981846,container,10.0,10.0,26.219,False,200,
1787684640.1981847,container,10.0,10.0,28.68,False,200,
1787684640.2981846,container,10.0,10.0,28.329,False,200,
1787684640.3981845,container,10.0,10.0,37.259,False,200,
1787684640.4981847,container,10.0,10.0,24.39,False,200,
1787684640.5981846,container,10.0,10.0,33.994,False,200,
1787684640.6981847,container,10.0,10.0,29.99,False,200,
1787684640.7981846,container,10.0,10.0,33.375,False,200,
1787684640.8981845,container,10.0,10.0,39.217,False,200,
1787684640.9981847,container,10.0,10.0,35.478,False,200,
1787684641.0981846,container,10.0,10.0,28.967,False,200,
1787684641.1981847,container,10.0,10.0,35.089,False,200,
1787684641.2981846,container,10.0,10.0,34.313,False,200,
1787684641.3981845,container,10.0,10.0,37.369,False,200,
1787684641.4981847,container,10.0,10.0,27.527,False,200,
1787684641.5981846,container,10.0,10.0,29.482,False,200,
1787684641.6981847,container,10.0,10.0,34.53,False,200,
1787684641.7981846,container,10.0,10.0,34.133,False,200,
1787684641.8981845,container,10.0,10.0,39.117,False,200,
1787684641.9981847,container,10.0,10.0,26.806,False,200,
1787684642.0981846,container,10.0,10.0,24.06,False,200,
1787684642.1981847,container,10.0,10.0,30.621,False,200,
1787684642.2981846,container,10.0,10.0,33.322,False,200,
1787684642.3981845,container,10.0,10.0,31.498,False,200,
1787684642.4981847,container,10.0,10.0,29.897,False,200,
1787684642.5981846,container,10.0,10.0,28.575,False,200,
1787684642.6981847,container,10.0,10.0,25.943,False,200,
1787684642.7981846,container,10.0,10.0,30.915,False,200,
1787684642.8981845,container,10.0,10.0,31.61,False,200,
1787684642.9981847,container,10.0,10.0,34.192,False,200,
1787684643.0981846,container,10.0,10.0,22.005,False,200,
1787684643.1981847,container,10.0,10.0,31.346,False,200,
1787684643.2981846,container,10.0,10.0,29.297,False,200,
1787684643.3981845,container,10.0,10.0,32.105,False,200,
1787684643.4981847,container,10.0,10.0,29.401,False,200,
1787684643.5981846,container,10.0,10.0,36.435,False,200,
1787684643.6981847,container,10.0,10.0,26.786,False,200,
1787684643.7981846,container,10.0,10.0,30.28,False,200,
1787684643.8981845,container,10.0,10.0,28.475,False,200,
1787684643.9981847,container,10.0,10.0,36.059,False,200,
1787684644.0981846,container,10.0,10.0,37.39,False,200,
1787684644.1981847,container,10.0,10.0,26.845,False,200,
1787684644.2981846,container,10.0,10.0,38.21,False,200,
1787684644.3981845,container,10.0,10.0,25.768,False,200,
1787684644.4981847,container,10.0,10.0,32.631,False,200,
1787684644.5981846,container,10.0,10.0,26.138,False,200,
1787684644.6981847,container,10.0,10.0,31.978,False,200,
1787684644.7981846,container,10.0,10.0,26.012,False,200,
1787684644.8981845,container,10.0,10.0,24.208,False,200,
1787684644.9981847,container,10.0,10.0,34.173,False,200,
1787684645.0981846,container,10.0,10.0,30.47,False,200,
1787684645.1981847,container,10.0,10.0,29.465,False,200,
1787684645.2981846,container,10.0,10.0,31.853,False,200,
1787684645.3981845,container,10.0,10.0,33.091,False,200,
1787684645.4981847,container,10.0,10.0,24.857,False,200,
1787684645.5981846,container,10.0,10.0,25.325,False,200,
1787684645.6981847,container,10.0,10.0,25.699,False,200,
1787684645.7981846,container,10.0,10.0,22.995,False,200,
1787684645.8981845,container,10.0,10.0,33.458,False,200,
1787684645.9981847,container,10.0,10.0,32.737,False,200,
1787684646.0981846,container,10.0,10.0,31.54,False,200,
1787684646.1981847,container,10.0,10.0,28.879,False,200,
1787684646.2981846,container,10.0,10.0,36.151,False,200,
1787684646.3981845,container,10.0,10.0,29.038,False,200,
1787684646.4981847,container,10.0,10.0,25.272,False,200,
1787684646.5981846,container,10.0,10.0,31.447,False,200,
1787684646.6981847,container,10.0,10.0,31.563,False,200,
1787684646.7981846,container,10.0,10.0,37.83,False,200,
1787684646.8981845,container,10.0,10.0,30.684,False,200,
1787684646.9981847,container,10.0,10.0,33.753,False,200,
1787684647.0981846,container,10.0,10.0,33.859,False,200,
1787684647.1981847,container,10.0,10.0,27.071,False,200,
1787684647.2981846,container,10.0,10.0,27.112,False,200,
1787684647.3981845,container,10.0,10.0,34.094,False,200,
1787684647.4981847,container,10.0,10.0,36.059,False,200,
1787684647.5981846,container,10.0,10.0,28.63,False,200,
1787684647.6981847,container,10.0,10.0,36.324,False,200,
1787684647.7981846,container,10.0,10.0,25.232,False,200,
1787684647.8981845,container,10.0,10.0,22.209,False,200,
1787684647.9981847,container,10.0,10.0,23.686,False,200,
1787684648.0981846,container,10.0,10.0,34.675,False,200,
1787684648.1981847,container,10.0,10.0,30.854,False,200,
1787684648.2981846,container,10.0,10.0,27.64,False,200,
1787684648.3981845,container,10.0,10.0,23.939,False,200,
1787684648.4981847,container,10.0,10.0,20.685,False,200,
1787684648.5981846,container,10.0,10.0,28.517,False,200,
1787684648.6981847,container,10.0,10.0,37.121,False,200,
1787684648.7981846,container,10.0,10.0,44.758,False,200,
1787684648.8981845,container,10.0,10.0,39.072,False,200,
1787684648.9981847,container,10.0,10.0,31.797,False,200,
1787684649.0981846,container,10.0,10.0,27.676,False,200,
1787684649.1981847,container,10.0,10.0,30.344,False,200,
1787684649.2981846,container,10.0,10.0,24.875,False,200,
1787684649.3981845,container,10.0,10.0,37.56,False,200,
1787684649.4981847,container,10.0,10.0,39.289,False,200,
1787684649.5981846,container,10.0,10.0,27.789,False,200,
1787684649.6981847,container,10.0,10.0,37.052,False,200,
1787684649.7981846,container,10.0,10.0,29.528,False,200,
1787684649.8981845,container,10.0,10.0,31.69,False,200,
1787684649.9981847,container,10.0,10.0,34.766,False,200,
1787684650.0981846,container,10.0,10.0,28.138,False,200,
1787684650.1981847,container,10.0,10.0,25.55,False,200,
1787684650.2981846,container,10.0,10.0,30.159,False,200,
1787684650.3981845,container,10.0,10.0,24.18,False,200,
1787684650.4981847,container,10.0,10.0,25.31,False,200,
1787684650.5981846,container,10.0,10.0,24.824,False,200,
1787684650.6981847,container,10.0,10.0,31.721,False,200,
1787684650.7981846,container,10.0,10.0,34.785,False,200,
1787684650.8981845,container,10.0,10.0,30.476,False,200,
1787684650.9981847,container,10.0,10.0,26.538,False,200,
1787684651.0981846,container,10.0,10.0,27.659,False,200,
1787684651.1981847,container,10.0,10.0,21.365,False,200,
1787684651.2981846,container,10.0,10.0,28.73,False,200,
1787684651.3981845,container,10.0,10.0,40.885,False,200,
1787684651.4981847,container,10.0,10.0,25.241,False,200,
1787684651.5981846,container,10.0,10.0,22.375,False,200,
1787684651.6981847,container,10.0,10.0,37.153,False,200,
1787684651.7981846,container,10.0,10.0,33.985,False,200,
1787684651.8981845,container,10.0,10.0,32.558,False,200,
1787684651.9981847,container,10.0,10.0,32.007,False,200,
1787684652.0981846,container,10.0,10.0,31.075,False,200,
1787684652.1981847,container,10.0,10.0,27.931,False,200,
1787684652.2981846,container,10.0,10.0,31.097,False,200,
1787684652.3981845,container,10.0,10.0,26.505,False,200,
1787684652.4981847,container,10.0,10.0,35.381,False,200,
1787684652.5981846,container,10.0,10.0,24.642,False,200,
1787684652.6981847,container,10.0,10.0,20.283,False,200,
1787684652.7981846,container,10.0,10.0,31.381,False,200,
1787684652.8981845,container,10.0,10.0,31.117,False,200,
1787684652.9981847,container,10.0,10.0,27.767,False,200,
1787684653.0981846,container,10.0,10.0,39.574,False,200,
1787684653.1981847,container,10.0,10.0,35.759,False,200,
1787684653.2981846,container,10.0,10.0,24.596,False,200,
1787684653.3981845,container,10.0,10.0,25.555,False,200,
1787684653.4981847,container,10.0,10.0,19.579,False,200,
1787684653.5981846,container,10.0,10.0,30.448,False,200,
1787684653.6981847,container,10.0,10.0,37.116,False,200,
1787684653.7981846,container,10.0,10.0,27.366,False,200,
1787684653.8981845,container,10.0,10.0,26.544,False,200,
1787684653.9981847,container,10.0,10.0,35.289,False,200,
1787684654.0981846,container,10.0,10.0,27.97,False,200,
1787684654.1981847,container,10.0,10.0,23.84,False,200,
1787684654.2981846,container,10.0,10.0,32.1,False,200,
1787684654.3981845,container,10.0,10.0,27.85,False,200,
1787684654.4981847,container,10.0,10.0,28.155,False,200,
1787684654.5981846,container,10.0,10.0,31.526,False,200,
1787684654.6981847,container,10.0,10.0,30.674,False,200,
1787684654.7981846,container,10.0,10.0,29.152,False,200,
1787684654.8981845,container,10.0,10.0,27.938,False,200,
1787684654.9981847,container,10.0,10.0,24.999,False,200,
1787684655.0981846,container,10.0,10.0,27.018,False,200,
1787684655.1981847,container,10.0,10.0,24.929,False,200,
1787684655.2981846,container,10.0,10.0,31.361,False,200,
1787684655.3981845,container,10.0,10.0,29.129,False,200,
1787684655.4981847,container,10.0,10.0,26.694,False,200,
1787684655.5981846,container,10.0,10.0,26.732,False,200,
1787684655.6981847,container,10.0,10.0,33.965,False,200,
1787684655.7981846,container,10.0,10.0,25.827,False,200,
1787684655.8981845,container,10.0,10.0,30.905,False,200,
1787684655.9981847,container,10.0,10.0,25.358,False,200,
1787684656.0981846,container,10.0,10.0,25.955,False,200,
1787684656.1981847,container,10.0,10.0,26.544,False,200,
1787684656.2981846,container,10.0,10.0,36.392,False,200,
1787684656.3981845,container,10.0,10.0,29.604,False,200,
1787684656.4981847,container,10.0,10.0,46.411,False,200,
1787684656.5981846,container,10.0,10.0,25.706,False,200,
1787684656.6981847,container,10.0,10.0,34.635,False,200,
1787684656.7981846,container,10.0,10.0,29.361,False,200,
1787684656.8981845,container,10.0,10.0,30.099,False,200,
1787684656.9981847,container,10.0,10.0,27.062,False,200,
1787684657.0981846,container,10.0,10.0,36.925,False,200,
1787684657.1981847,container,10.0,10.0,31.028,False,200,
1787684657.2981846,container,10.0,10.0,30.89,False,200,
1787684657.3981845,container,10.0,10.0,27.725,False,200,
1787684657.4981847,container,10.0,10.0,24.404,False,200,
1787684657.5981846,container,10.0,10.0,27.401,False,200,
1787684657.6981847,container,10.0,10.0,24.472,False,200,
1787684657.7981846,container,10.0,10.0,28.579,False,200,
1787684657.8981845,container,10.0,10.0,28.818,False,200,
1787684657.9981847,container,10.0,10.0,28.794,False,200,
1787684658.0981846,container,10.0,10.0,37.19,False,200,
1787684658.1981847,container,10.0,10.0,33.318,False,200,
1787684658.2981846,container,10.0,10.0,26.227,False,200,
1787684658.3981845,container,10.0,10.0,33.197,False,200,
1787684658.4981847,container,10.0,10.0,25.964,False,200,
1787684658.5981846,container,10.0,10.0,25.269,False,200,
1787684658.6981847,container,10.0,10.0,30.914,False,200,
1787684658.7981846,container,10.0,10.0,31.606,False,200,
1787684658.8981845,container,10.0,10.0,30.84,False,200,
1787684658.9981847,container,10.0,10.0,24.43,False,200,
1787684659.0981846,container,10.0,10.0,28.082,False,200,
1787684659.1981847,container,10.0,10.0,25.041,False,200,
1787684659.2981846,container,10.0,10.0,23.989,False,200,
1787684659.3981845,container,10.0,10.0,25.882,False,200,
1787684659.4981847,container,10.0,10.0,27.973,False,200,
1787684659.5981846,container,10.0,10.0,34.813,False,200,
1787684659.6981847,container,10.0,10.0,30.985,False,200,
1787684659.7981846,container,10.0,10.0,28.501,False,200,
1787684659.8981845,container,10.0,10.0,27.33,False,200,
1787684659.9981847,container,10.0,10.0,26.723,False,200,
1787684660.0981846,container,10.0,10.0,33.668,False,200,
1787684660.1981847,container,10.0,10.0,32.321,False,200,
1787684660.2981846,container,10.0,10.0,28.228,False,200,
1787684660.3981845,container,10.0,10.0,31.13,False,200,
1787684660.4981847,container,10.0,10.0,26.388,False,200,
1787684660.5981846,container,10.0,10.0,31.514,False,200,
1787684660.6981847,container,10.0,10.0,30.743,False,200,
1787684660.7981846,container,10.0,10.0,34.465,False,200,
1787684660.8981845,container,10.0,10.0,35.004,False,200,
1787684660.9981847,container,10.0,10.0,21.561,False,200,
1787684661.0981846,container,10.0,10.0,35.413,False,200,
1787684661.1981847,container,10.0,10.0,32.438,False,200,
1787684661.2981846,container,10.0,10.0,25.512,False,200,
1787684661.3981845,container,10.0,10.0,30.87,False,200,
1787684661.4981847,container,10.0,10.0,31.338,False,200,
1787684661.5981846,container,10.0,10.0,33.498,False,200,
1787684661.6981847,container,10.0,10.0,22.52,False,200,
1787684661.7981846,container,10.0,10.0,30.781,False,200,
1787684661.8981845,container,10.0,10.0,27.498,False,200,
1787684661.9981847,container,10.0,10.0,36.922,False,200,
1787684662.0981846,container,10.0,10.0,32.658,False,200,
1787684662.1981847,container,10.0,10.0,25.257,False,200,
1787684662.2981846,container,10.0,10.0,26.853,False,200,
1787684662.3981845,container,10.0,10.0,40.94,False,200,
1787684662.4981847,container,10.0,10.0,30.223,False,200,
1787684662.5981846,container,10.0,10.0,32.034,False,200,
1787684662.6981847,container,10.0,10.0,24.506,False,200,
1787684662.7981846,container,10.0,10.0,33.292,False,200,
1787684662.8981845,container,10.0,10.0,38.949,False,200,
1787684662.9981847,container,10.0,10.0,31.863,False,200,
1787684663.0981846,container,10.0,10.0,30.581,False,200,
1787684663.1981847,container,10.0,10.0,33.945,False,200,
1787684663.2981846,container,10.0,10.0,30.485,False,200,
1787684663.3981845,container,10.0,10.0,33.195,False,200,
1787684663.4981847,container,10.0,10.0,32.55,False,200,
1787684663.5981846,container,10.0,10.0,33.59,False,200,
1787684663.6981847,container,10.0,10.0,25.266,False,200,
1787684663.7981846,container,10.0,10.0,23.564,False,200,
1787684663.8981845,container,10.0,10.0,24.715,False,200,
1787684663.9981847,container,10.0,10.0,28.993,False,200,
1787684664.0981846,container,10.0,10.0,23.58,False,200,
1787684664.1981847,container,10.0,10.0,30.713,False,200,
1787684664.2981846,container,10.0,10.0,25.079,False,200,
1787684664.3981845,container,10.0,10.0,26.886,False,200,
1787684664.4981847,container,10.0,10.0,24.11,False,200,
1787684664.5981846,container,10.0,10.0,32.366,False,200,
1787684664.6981847,container,10.0,10.0,21.893,False,200,
1787684664.7981846,container,10.0,10.0,31.899,False,200,
1787684664.8981845,container,10.0,10.0,31.655,False,200,
1787684664.9981847,container,10.0,10.0,28.29,False,200,
1787684665.0981846,container,10.0,10.0,28.496,False,200,
1787684665.1981847,container,10.0,10.0,30.844,False,200,
1787684665.2981846,container,10.0,10.0,34.7,False,200,
1787684665.3981845,container,10.0,10.0,34.246,False,200,
1787684665.4981847,container,10.0,10.0,29.276,False,200,
1787684665.5981846,container,10.0,10.0,32.313,False,200,
1787684665.6981847,container,10.0,10.0,27.619,False,200,
1787684665.7981846,container,10.0,10.0,28.605,False,200,
1787684665.8981845,container,10.0,10.0,26.287,False,200,
1787684665.9981847,container,10.0,10.0,27.511,False,200,
1787684666.0981846,container,10.0,10.0,31.262,False,200,
1787684666.1981847,container,10.0,10.0,36.949,False,200,
1787684666.2981846,container,10.0,10.0,29.093,False,200,
1787684666.3981845,container,10.0,10.0,29.101,False,200,
1787684666.4981847,container,10.0,10.0,35.899,False,200,
1787684666.5981846,container,10.0,10.0,34.76,False,200,
1787684666.6981847,container,10.0,10.0,27.358,False,200,
1787684666.7981846,container,10.0,10.0,33.792,False,200,
1787684666.8981845,container,10.0,10.0,21.189,False,200,
1787684666.9981847,container,10.0,10.0,36.768,False,200,
1787684667.0981846,container,10.0,10.0,24.674,False,200,
1787684667.1981847,container,10.0,10.0,34.553,False,200,
1787684667.2981846,container,10.0,10.0,22.838,False,200,
1787684667.3981845,container,10.0,10.0,25.163,False,200,
1787684667.4981847,container,10.0,10.0,29.48,False,200,
1787684667.5981846,container,10.0,10.0,31.554,False,200,
1787684667.6981847,container,10.0,10.0,26.769,False,200,
1787684667.7981846,container,10.0,10.0,22.329,False,200,
1787684667.8981845,container,10.0,10.0,25.147,False,200,
1787684667.9981847,container,10.0,10.0,31.781,False,200,
1787684668.0981846,container,10.0,10.0,34.206,False,200,
1787684668.1981847,container,10.0,10.0,35.815,False,200,
1787684668.2981846,container,10.0,10.0,29.848,False,200,
1787684668.3981845,container,10.0,10.0,40.699,False,200,
1787684668.4981847,container,10.0,10.0,22.596,False,200,
1787684668.5981846,container,10.0,10.0,31.682,False,200,
1787684668.6981847,container,10.0,10.0,33.78,False,200,
1787684668.7981846,container,10.0,10.0,28.521,False,200,
1787684668.8981845,container,10.0,10.0,32.446,False,200,
1787684668.9981847,container,10.0,10.0,34.71,False,200,
1787684669.0981846,container,10.0,10.0,30.021,False,200,
1787684669.1981847,container,10.0,10.0,25.496,False,200,
1787684669.2981846,container,10.0,10.0,25.276,False,200,
1787684669.3981845,container,10.0,10.0,24.257,False,200,
1787684669.4981847,container,10.0,10.0,35.596,False,200,
1787684669.5981846,container,10.0,10.0,34.022,False,200,
1787684669.6981847,container,10.0,10.0,26.882,False,200,
1787684669.7981846,container,10.0,10.0,28.236,False,200,
1787684669.8981845,container,10.0,10.0,30.168,False,200,
1787684669.9981847,container,10.0,10.0,24.485,False,200,
1787684670.0981846,container,10.0,10.0,32.5,False,200,
1787684670.1981847,container,10.0,10.0,37.747,False,200,
1787684670.2981846,container,10.0,10.0,34.256,False,200,
1787684670.3981845,container,10.0,10.0,28.18,False,200,
1787684670.4981847,container,10.0,10.0,26.788,False,200,
1787684670.5981846,container,10.0,10.0,38.894,False,200,
1787684670.6981847,container,10.0,10.0,30.247,False,200,
1787684670.7981846,container,10.0,10.0,36.555,False,200,
1787684670.8981845,container,10.0,10.0,41.957,False,200,
1787684670.9981847,container,10.0,10.0,23.34,False,200,
1787684671.0981846,container,10.0,10.0,31.841,False,200,
1787684671.1981847,container,10.0,10.0,34.89,False,200,
1787684671.2981846,container,10.0,10.0,36.78,False,200,
1787684671.3981845,container,10.0,10.0,31.535,False,200,
1787684671.4981847,container,10.0,10.0,33.569,False,200,
1787684671.5981846,container,10.0,10.0,30.085,False,200,
1787684671.6981847,container,10.0,10.0,27.52,False,200,
1787684671.7981846,container,10.0,10.0,27.67,False,200,
1787684671.8981845,container,10.0,10.0,23.167,False,200,
1787684671.9981847,container,10.0,10.0,24.393,False,200,
1787684672.0981846,container,10.0,10.0,32.238,False,200,
1787684672.1981847,container,10.0,10.0,35.298,False,200,
1787684672.2981846,container,10.0,10.0,31.632,False,200,
1787684672.3981845,container,10.0,10.0,29.531,False,200,
1787684672.4981847,container,10.0,10.0,36.321,False,200,
1787684672.5981846,container,10.0,10.0,31.907,False,200,
1787684672.6981847,container,10.0,10.0,36.548,False,200,
1787684672.7981846,container,10.0,10.0,26.443,False,200,
1787684672.8981845,container,10.0,10.0,39.801,False,200,
1787684672.9981847,container,10.0,10.0,30.97,False,200,
1787684673.0981846,container,10.0,10.0,26.455,False,200,
1787684673.1981847,container,10.0,10.0,26.936,False,200,
1787684673.2981846,container,10.0,10.0,26.926,False,200,
1787684673.3981845,container,10.0,10.0,29.636,False,200,
1787684673.4981847,container,10.0,10.0,31.297,False,200,
1787684673.5981846,container,10.0,10.0,31.802,False,200,
1787684673.6981847,container,10.0,10.0,26.622,False,200,
1787684673.7981846,container,10.0,10.0,35.238,False,200,
1787684673.8981845,container,10.0,10.0,30.803,False,200,
1787684673.9981847,container,10.0,10.0,24.393,False,200,
1787684674.0981846,container,10.0,10.0,34.573,False,200,
1787684674.1981847,container,10.0,10.0,31.838,False,200,
1787684674.2981846,container,10.0,10.0,25.338,False,200,
1787684674.3981845,container,10.0,10.0,32.127,False,200,
1787684674.4981847,container,10.0,10.0,34.249,False,200,
1787684674.5981846,container,10.0,10.0,31.979,False,200,
1787684674.6981847,container,10.0,10.0,36.817,False,200,
1787684674.7981846,container,10.0,10.0,34.511,False,200,
1787684674.8981845,container,10.0,10.0,30.701,False,200,
1787684674.9981847,container,10.0,10.0,35.42,False,200,
1787684675.0981846,container,10.0,10.0,28.962,False,200,
1787684675.1981847,container,10.0,10.0,22.922,False,200,
1787684675.2981846,container,10.0,10.0,24.577,False,200,
1787684675.3981845,container,10.0,10.0,31.712,False,200,
1787684675.4981847,container,10.0,10.0,33.176,False,200,
1787684675.5981846,container,10.0,10.0,25.858,False,200,
1787684675.6981847,container,10.0,10.0,31.308,False,200,
1787684675.7981846,container,10.0,10.0,28.547,False,200,
1787684675.8981845,container,10.0,10.0,21.618,False,200,
1787684675.9981847,container,10.0,10.0,30.825,False,200,
1787684676.0981846,container,10.0,10.0,30.484,False,200,
1787684676.1981847,container,10.0,10.0,31.831,False,200,
1787684676.2981846,container,10.0,10.0,29.038,False,200,
1787684676.3981845,container,10.0,10.0,36.933,False,200,
1787684676.4981847,container,10.0,10.0,26.126,False,200,
1787684676.5981846,container,10.0,10.0,19.289,False,200,
1787684676.6981847,container,10.0,10.0,32.182,False,200,
1787684676.7981846,container,10.0,10.0,29.286,False,200,
1787684676.8981845,container,10.0,10.0,26.75,False,200,
1787684676.9981847,container,10.0,10.0,37.234,False,200,
1787684677.0981846,container,10.0,10.0,28.626,False,200,
1787684677.1981847,container,10.0,10.0,32.974,False,200,
1787684677.2981846,container,10.0,10.0,26.315,False,200,
1787684677.3981845,container,10.0,10.0,24.446,False,200,
1787684677.4981847,container,10.0,10.0,28.462,False,200,
1787684677.5981846,container,10.0,10.0,26.647,False,200,
1787684677.6981847,container,10.0,10.0,28.847,False,200,
1787684677.7981846,container,10.0,10.0,31.094,False,200,
1787684677.8981845,container,10.0,10.0,31.613,False,200,
1787684677.9981847,container,10.0,10.0,35.142,False,200,
1787684678.0981846,container,10.0,10.0,25.692,False,200,
1787684678.1981847,container,10.0,10.0,29.188,False,200,
1787684678.2981846,container,10.0,10.0,36.094,False,200,
1787684678.3981845,container,10.0,10.0,25.827,False,200,
1787684678.4981847,container,10.0,10.0,29.048,False,200,
1787684678.5981846,container,10.0,10.0,32.486,False,200,
1787684678.6981847,container,10.0,10.0,22.68,False,200,
1787684678.7981846,container,10.0,10.0,22.196,False,200,
1787684678.8981845,container,10.0,10.0,29.71,False,200,
1787684678.9981847,container,10.0,10.0,33.994,False,200,
1787684679.0981846,container,10.0,10.0,28.474,False,200,
1787684679.1981847,container,10.0,10.0,39.591,False,200,
1787684679.2981846,container,10.0,10.0,24.684,False,200,
1787684679.3981845,container,10.0,10.0,34.404,False,200,
1787684679.4981847,container,10.0,10.0,23.735,False,200,
1787684679.5981846,container,10.0,10.0,30.682,False,200,
1787684679.6981847,container,10.0,10.0,44.357,False,200,
1787684679.7981846,container,10.0,10.0,23.733,False,200,
1787684679.8981845,container,10.0,10.0,29.975,False,200,
1787684679.9981847,container,10.0,10.0,27.564,False,200,
1787684680.0981846,container,10.0,10.0,36.889,False,200,
1787684680.1981847,container,10.0,10.0,42.472,False,200,
1787684680.2981846,container,10.0,10.0,36.85,False,200,
1787684680.3981845,container,10.0,10.0,28.552,False,200,
1787684680.4981847,container,10.0,10.0,22.365,False,200,
1787684680.5981846,container,10.0,10.0,44.687,False,200,
1787684680.6981847,container,10.0,10.0,22.877,False,200,
1787684680.7981846,container,10.0,10.0,30.983,False,200,
1787684680.8981845,container,10.0,10.0,24.75,False,200,
1787684680.9981847,container,10.0,10.0,21.14,False,200,
1787684681.0981846,container,10.0,10.0,25.635,False,200,
1787684681.1981847,container,10.0,10.0,26.834,False,200,
1787684681.2981846,container,10.0,10.0,28.977,False,200,
1787684681.3981845,container,10.0,10.0,25.075,False,200,
1787684681.4981847,container,10.0,10.0,24.424,False,200,
1787684681.5981846,container,10.0,10.0,30.82,False,200,
1787684681.6981847,container,10.0,10.0,32.712,False,200,
1787684681.7981846,container,10.0,10.0,20.579,False,200,
1787684681.8981845,container,10.0,10.0,28.981,False,200,
1787684681.9981847,container,10.0,10.0,27.033,False,200,
1787684682.0981846,container,10.0,10.0,34.379,False,200,
1787684682.1981847,container,10.0,10.0,33.866,False,200,
1787684682.2981846,container,10.0,10.0,39.224,False,200,
1787684682.3981845,container,10.0,10.0,26.341,False,200,
1787684682.4981847,container,10.0,10.0,27.457,False,200,
1787684682.5981846,container,10.0,10.0,25.069,False,200,
1787684682.6981847,container,10.0,10.0,37.99,False,200,
1787684682.7981846,container,10.0,10.0,31.006,False,200,
1787684682.8981845,container,10.0,10.0,29.291,False,200,
1787684682.9981847,container,10.0,10.0,33.322,False,200,
1787684683.0981846,container,10.0,10.0,25.874,False,200,
1787684683.1981847,container,10.0,10.0,36.956,False,200,
1787684683.2981846,container,10.0,10.0,32.007,False,200,
1787684683.3981845,container,10.0,10.0,28.564,False,200,
1787684683.4981847,container,10.0,10.0,30.605,False,200,
1787684683.5981846,container,10.0,10.0,32.14,False,200,
1787684683.6981847,container,10.0,10.0,24.43,False,200,
1787684683.7981846,container,10.0,10.0,32.524,False,200,
1787684683.8981845,container,10.0,10.0,40.555,False,200,
1787684683.9981847,container,10.0,10.0,31.342,False,200,
1787684684.0981846,container,10.0,10.0,26.271,False,200,
1787684684.1981847,container,10.0,10.0,40.628,False,200,
1787684684.2981846,container,10.0,10.0,28.365,False,200,
1787684684.3981845,container,10.0,10.0,35.029,False,200,
1787684684.4981847,container,10.0,10.0,40.497,False,200,
1787684684.5981846,container,10.0,10.0,34.744,False,200,
1787684684.6981847,container,10.0,10.0,31.606,False,200,
1787684684.7981846,container,10.0,10.0,39.376,False,200,
1787684684.8981845,container,10.0,10.0,26.43,False,200,
1787684684.9981847,container,10.0,10.0,28.105,False,200,
1787684685.0981846,container,10.0,10.0,26.862,False,200,
1787684685.1981847,container,10.0,10.0,36.063,False,200,
1787684685.2981846,container,10.0,10.0,42.295,False,200,
1787684685.3981845,container,10.0,10.0,30.424,False,200,
1787684685.4981847,container,10.0,10.0,27.782,False,200,
1787684685.5981846,container,10.0,10.0,34.95,False,200,
1787684685.6981847,container,10.0,10.0,29.364,False,200,
1787684685.7981846,container,10.0,10.0,34.633,False,200,
1787684685.8981845,container,10.0,10.0,26.501,False,200,
1787684685.9981847,container,10.0,10.0,28.319,False,200,
1787684686.0981846,container,10.0,10.0,27.237,False,200,
1787684686.1981847,container,10.0,10.0,32.879,False,200,
1787684686.2981846,container,10.0,10.0,32.318,False,200,
1787684686.3981845,container,10.0,10.0,29.643,False,200,
1787684686.4981847,container,10.0,10.0,34.715,False,200,
1787684686.5981846,container,10.0,10.0,24.107,False,200,
1787684686.6981847,container,10.0,10.0,24.354,False,200,
1787684686.7981846,container,10.0,10.0,35.339,False,200,
1787684686.8981845,container,10.0,10.0,29.971,False,200,
1787684686.9981847,container,10.0,10.0,38.217,False,200,
1787684687.0981846,container,10.0,10.0,33.334,False,200,
1787684687.1981847,container,10.0,10.0,35.911,False,200,
1787684687.2981846,container,10.0,10.0,35.241,False,200,
1787684687.3981845,container,10.0,10.0,32.889,False,200,
1787684687.4981847,container,10.0,10.0,33.528,False,200,
1787684687.5981846,container,10.0,10.0,31.468,False,200,
1787684687.6981847,container,10.0,10.0,29.326,False,200,
1787684687.7981846,container,10.0,10.0,27.204,False,200,
1787684687.8981845,container,10.0,10.0,30.823,False,200,
1787684687.9981847,container,10.0,10.0,25.013,False,200,
1787684688.0981846,container,10.0,10.0,28.542,False,200,
1787684688.1981847,container,10.0,10.0,27.306,False,200,
1787684688.2981846,container,10.0,10.0,30.74,False,200,
1787684688.3981845,container,10.0,10.0,23.117,False,200,
1787684688.4981847,container,10.0,10.0,34.179,False,200,
1787684688.5981846,container,10.0,10.0,30.473,False,200,
1787684688.6981847,container,10.0,10.0,27.087,False,200,
1787684688.7981846,container,10.0,10.0,33.07,False,200,
1787684688.8981845,container,10.0,10.0,25.322,False,200,
1787684688.9981847,container,10.0,10.0,35.206,False,200,
1787684689.0981846,container,10.0,10.0,39.397,False,200,
1787684689.1981847,container,10.0,10.0,26.853,False,200,
1787684689.2981846,container,10.0,10.0,23.411,False,200,
1787684689.3981845,container,10.0,10.0,31.59,False,200,
1787684689.4981847,container,10.0,10.0,32.407,False,200,
1787684689.5981846,container,10.0,10.0,33.7,False,200,
1787684689.6981847,container,10.0,10.0,30.328,False,200,
1787684689.7981846,container,10.0,10.0,33.86,False,200,
1787684689.8981845,container,10.0,10.0,28.454,False,200,
1787684689.9981847,container,10.0,10.0,32.815,False,200,
1787684690.0981846,container,10.0,10.0,37.186,False,200,
1787684690.1981847,container,10.0,10.0,29.796,False,200,
1787684690.2981846,container,10.0,10.0,28.699,False,200,
1787684690.3981845,container,10.0,10.0,33.165,False,200,
1787684690.4981847,container,10.0,10.0,27.749,False,200,
1787684690.5981846,container,10.0,10.0,32.838,False,200,
1787684690.6981847,container,10.0,10.0,36.819,False,200,
1787684690.7981846,container,10.0,10.0,30.073,False,200,
1787684690.8981845,container,10.0,10.0,26.755,False,200,
1787684690.9981847,container,10.0,10.0,33.452,False,200,
1787684691.0981846,container,10.0,10.0,22.994,False,200,
1787684691.1981847,container,10.0,10.0,26.123,False,200,
1787684691.2981846,container,10.0,10.0,30.822,False,200,
1787684691.3981845,container,10.0,10.0,37.903,False,200,
1787684691.4981847,container,10.0,10.0,28.607,False,200,
1787684691.5981846,container,10.0,10.0,29.984,False,200,
1787684691.6981847,container,10.0,10.0,34.854,False,200,
1787684691.7981846,container,10.0,10.0,35.544,False,200,
1787684691.8981845,container,10.0,10.0,35.453,False,200,
1787684691.9981847,container,10.0,10.0,31.996,False,200,
1787684692.0981846,container,10.0,10.0,36.209,False,200,
1787684692.1981847,container,10.0,10.0,29.372,False,200,
1787684692.2981846,container,10.0,10.0,30.078,False,200,
1787684692.3981845,container,10.0,10.0,37.855,False,200,
1787684692.4981847,container,10.0,10.0,28.642,False,200,
1787684692.5981846,container,10.0,10.0,20.536,False,200,
1787684692.6981847,container,10.0,10.0,30.193,False,200,
1787684692.7981846,container,10.0,10.0,36.104,False,200,
1787684692.8981845,container,10.0,10.0,23.822,False,200,
1787684692.9981847,container,10.0,10.0,34.161,False,200,
1787684693.0981846,container,10.0,10.0,31.997,False,200,
1787684693.1981847,container,10.0,10.0,26.17,False,200,
1787684693.2981846,container,10.0,10.0,22.647,False,200,
1787684693.3981845,container,10.0,10.0,23.73,False,200,
1787684693.4981847,container,10.0,10.0,32.255,False,200,
1787684693.5981846,container,10.0,10.0,23.437,False,200,
1787684693.6981847,container,10.0,10.0,36.326,False,200,
1787684693.7981846,container,10.0,10.0,24.654,False,200,
1787684693.8981845,container,10.0,10.0,28.389,False,200,
1787684693.9981847,container,10.0,10.0,30.95,False,200,
1787684694.0981846,container,10.0,10.0,35.818,False,200,
1787684694.1981847,container,10.0,10.0,36.67,False,200,
1787684694.2981846,container,10.0,10.0,34.053,False,200,
1787684694.3981845,container,10.0,10.0,31.618,False,200,
1787684694.4981847,container,10.0,10.0,35.724,False,200,
1787684694.5981846,container,10.0,10.0,25.884,False,200,
1787684694.6981847,container,10.0,10.0,31.285,False,200,
1787684694.7981846,container,10.0,10.0,28.517,False,200,
1787684694.8981845,container,10.0,10.0,24.4,False,200,
1787684694.9981847,container,10.0,10.0,34.407,False,200,
1787684695.0981846,container,10.0,10.0,38.503,False,200,
1787684695.1981847,container,10.0,10.0,24.649,False,200,
1787684695.2981846,container,10.0,10.0,30.141,False,200,
1787684695.3981845,container,10.0,10.0,22.393,False,200,
1787684695.4981847,container,10.0,10.0,29.957,False,200,
1787684695.5981846,container,10.0,10.0,36.091,False,200,
1787684695.6981847,container,10.0,10.0,32.793,False,200,
1787684695.7981846,container,10.0,10.0,26.761,False,200,
1787684695.8981845,container,10.0,10.0,31.442,False,200,
1787684695.9981847,container,10.0,10.0,25.648,False,200,
1787684696.0981846,container,10.0,10.0,32.103,False,200,
1787684696.1981847,container,10.0,10.0,25.083,False,200,
1787684696.2981846,container,10.0,10.0,25.494,False,200,
1787684696.3981845,container,10.0,10.0,32.637,False,200,
1787684696.4981847,container,10.0,10.0,33.914,False,200,
1787684696.5981846,container,10.0,10.0,24.145,False,200,
1787684696.6981847,container,10.0,10.0,26.0,False,200,
1787684696.7981846,container,10.0,10.0,22.253,False,200,
1787684696.8981845,container,10.0,10.0,26.192,False,200,
1787684696.9981847,container,10.0,10.0,33.706,False,200,
1787684697.0981846,container,10.0,10.0,33.724,False,200,
1787684697.1981847,container,10.0,10.0,30.464,False,200,
1787684697.2981846,container,10.0,10.0,32.636,False,200,
1787684697.3981845,container,10.0,10.0,27.49,False,200,
1787684697.4981847,container,10.0,10.0,25.86,False,200,
1787684697.5981846,container,10.0,10.0,25.626,False,200,
1787684697.6981847,container,10.0,10.0,36.44,False,200,
1787684697.7981846,container,10.0,10.0,26.035,False,200,
1787684697.8981845,container,10.0,10.0,26.051,False,200,
1787684697.9981847,container,10.0,10.0,26.104,False,200,
1787684698.0981846,container,10.0,10.0,34.509,False,200,
1787684698.1981847,container,10.0,10.0,32.82,False,200,
1787684698.2981846,container,10.0,10.0,37.614,False,200,
1787684698.3981845,container,10.0,10.0,32.609,False,200,
1787684698.4981847,container,10.0,10.0,29.793,False,200,
1787684698.5981846,container,10.0,10.0,27.17,False,200,
1787684698.6981847,container,10.0,10.0,29.444,False,200,
1787684698.7981846,container,10.0,10.0,33.644,False,200,
1787684698.8981845,container,10.0,10.0,32.97,False,200,
1787684698.9981847,container,10.0,10.0,34.323,False,200,
1787684699.0981846,container,10.0,10.0,34.751,False,200,
1787684699.1981847,container,10.0,10.0,29.256,False,200,
1787684699.2981846,container,10.0,10.0,29.329,False,200,
1787684699.3981845,container,10.0,10.0,30.924,False,200,
1787684699.4981847,container,10.0,10.0,30.774,False,200,
1787684699.5981846,container,10.0,10.0,34.41,False,200,
1787684699.6981847,container,10.0,10.0,34.068,False,200,
1787684699.7981846,container,10.0,10.0,28.972,False,200,
1787684699.8981845,container,10.0,10.0,27.243,False,200,
1787684699.9981847,container,10.0,10.0,28.702,False,200,
1787684700.0981846,container,10.0,10.0,22.379,False,200,
1787684700.1981847,container,10.0,10.0,29.122,False,200,
1787684700.2981846,container,10.0,10.0,25.85,False,200,
1787684700.3981845,container,10.0,10.0,34.308,False,200,
1787684700.4981847,container,10.0,10.0,24.05,False,200,
1787684700.5981846,container,10.0,10.0,28.768,False,200,
1787684700.6981847,container,10.0,10.0,35.042,False,200,
1787684700.7981846,container,10.0,10.0,26.922,False,200,
1787684700.8981845,container,10.0,10.0,35.882,False,200,
1787684700.9981847,container,10.0,10.0,36.943,False,200,
1787684701.0981846,container,10.0,10.0,36.138,False,200,
1787684701.1981847,container,10.0,10.0,25.58,False,200,
1787684701.2981846,container,10.0,10.0,29.447,False,200,
1787684701.3981845,container,10.0,10.0,28.077,False,200,
1787684701.4981847,container,10.0,10.0,28.017,False,200,
1787684701.5981846,container,10.0,10.0,32.07,False,200,
1787684701.6981847,container,10.0,10.0,28.926,False,200,
1787684701.7981846,container,10.0,10.0,36.841,False,200,
1787684701.8981845,container,10.0,10.0,37.266,False,200,
1787684701.9981847,container,10.0,10.0,34.807,False,200,
1787684702.0981846,container,10.0,10.0,30.967,False,200,
1787684702.1981847,container,10.0,10.0,29.57,False,200,
1787684702.2981846,container,10.0,10.0,34.477,False,200,
1787684702.3981845,container,10.0,10.0,21.796,False,200,
1787684702.4981847,container,10.0,10.0,30.752,False,200,
1787684702.5981846,container,10.0,10.0,27.804,False,200,
1787684702.6981847,container,10.0,10.0,30.872,False,200,
1787684702.7981846,container,10.0,10.0,29.212,False,200,
1787684702.8981845,container,10.0,10.0,22.819,False,200,
1787684702.9981847,container,10.0,10.0,27.122,False,200,
1787684703.0981846,container,10.0,10.0,30.672,False,200,
1787684703.1981847,container,10.0,10.0,28.456,False,200,
1787684703.2981846,container,10.0,10.0,39.074,False,200,
1787684703.3981845,container,10.0,10.0,30.112,False,200,
1787684703.4981847,container,10.0,10.0,27.789,False,200,
1787684703.5981846,container,10.0,10.0,35.491,False,200,
1787684703.6981847,container,10.0,10.0,33.396,False,200,
1787684703.7981846,container,10.0,10.0,26.278,False,200,
1787684703.8981845,container,10.0,10.0,28.13,False,200,
1787684703.9981847,container,10.0,10.0,28.798,False,200,
1787684704.0981846,container,10.0,10.0,29.677,False,200,
1787684704.1981847,container,10.0,10.0,33.881,False,200,
1787684704.2981846,container,10.0,10.0,36.088,False,200,
1787684704.3981845,container,10.0,10.0,28.62,False,200,
1787684704.4981847,container,10.0,10.0,34.148,False,200,
1787684704.5981846,container,10.0,10.0,32.211,False,200,
1787684704.6981847,container,10.0,10.0,22.72,False,200,
1787684704.7981846,container,10.0,10.0,36.286,False,200,
1787684704.8981845,container,10.0,10.0,22.94,False,200,
1787684704.9981847,container,10.0,10.0,26.863,False,200,
1787684705.0981846,container,10.0,10.0,31.182,False,200,
1787684705.1981847,container,10.0,10.0,30.555,False,200,
1787684705.2981846,container,10.0,10.0,32.711,False,200,
1787684705.3981845,container,10.0,10.0,29.792,False,200,
1787684705.4981847,container,10.0,10.0,27.908,False,200,
1787684705.5981846,container,10.0,10.0,25.436,False,200,
1787684705.6981847,container,10.0,10.0,32.649,False,200,
1787684705.7981846,container,10.0,10.0,31.265,False,200,
1787684705.8981845,container,10.0,10.0,38.894,False,200,
1787684705.9981847,container,10.0,10.0,27.124,False,200,
1787684706.0981846,container,10.0,10.0,33.405,False,200,
1787684706.1981847,container,10.0,10.0,24.443,False,200,
1787684706.2981846,container,10.0,10.0,29.585,False,200,
1787684706.3981845,container,10.0,10.0,31.822,False,200,
1787684706.4981847,container,10.0,10.0,41.856,False,200,
1787684706.5981846,container,10.0,10.0,37.594,False,200,
1787684706.6981847,container,10.0,10.0,29.679,False,200,
1787684706.7981846,container,10.0,10.0,29.522,False,200,
1787684706.8981845,container,10.0,10.0,28.889,False,200,
1787684706.9981847,container,10.0,10.0,26.357,False,200,
1787684707.0981846,container,10.0,10.0,45.643,False,200,
1787684707.1981847,container,10.0,10.0,30.1,False,200,
1787684707.2981846,container,10.0,10.0,35.891,False,200,
1787684707.3981845,container,10.0,10.0,33.498,False,200,
1787684707.4981847,container,10.0,10.0,31.178,False,200,
1787684707.5981846,container,10.0,10.0,32.0,False,200,
1787684707.6981847,container,10.0,10.0,30.899,False,200,
1787684707.7981846,container,10.0,10.0,35.987,False,200,
1787684707.8981845,container,10.0,10.0,34.016,False,200,
1787684707.9981847,container,10.0,10.0,26.848,False,200,
1787684708.0981846,container,10.0,10.0,36.995,False,200,
1787684708.1981847,container,10.0,10.0,32.679,False,200,
1787684708.2981846,container,10.0,10.0,34.953,False,200,
1787684708.3981845,container,10.0,10.0,40.159,False,200,
1787684708.4981847,container,10.0,10.0,30.728,False,200,
1787684708.5981846,container,10.0,10.0,26.503,False,200,
1787684708.6981847,container,10.0,10.0,29.144,False,200,
1787684708.7981846,container,10.0,10.0,29.205,False,200,
1787684708.8981845,container,10.0,10.0,31.856,False,200,
1787684708.9981847,container,10.0,10.0,24.068,False,200,
1787684709.0981846,container,10.0,10.0,29.159,False,200,
1787684709.1981847,container,10.0,10.0,37.874,False,200,
1787684709.2981846,container,10.0,10.0,36.358,False,200,
1787684709.3981845,container,10.0,10.0,26.297,False,200,
1787684709.4981847,container,10.0,10.0,29.2,False,200,
1787684709.5981846,container,10.0,10.0,35.913,False,200,
1787684709.6981847,container,10.0,10.0,27.941,False,200,
1787684709.7981846,container,10.0,10.0,27.789,False,200,
1787684709.8981845,container,10.0,10.0,35.428,False,200,
1787684709.9981847,container,10.0,10.0,29.28,False,200,
1787684710.0981846,container,10.0,10.0,34.033,False,200,
1787684710.1981847,container,10.0,10.0,28.668,False,200,
1787684710.2981846,container,10.0,10.0,34.563,False,200,
1787684710.3981845,container,10.0,10.0,32.41,False,200,
1787684710.4981847,container,10.0,10.0,26.408,False,200,
1787684710.5981846,container,10.0,10.0,23.577,False,200,
1787684710.6981847,container,10.0,10.0,43.559,False,200,
1787684710.7981846,container,10.0,10.0,27.553,False,200,
1787684710.8981845,container,10.0,10.0,36.455,False,200,
1787684710.9981847,container,10.0,10.0,28.202,False,200,
1787684711.0981846,container,10.0,10.0,36.701,False,200,
1787684711.1981847,container,10.0,10.0,31.104,False,200,
1787684711.2981846,container,10.0,10.0,31.431,False,200,
1787684711.3981845,container,10.0,10.0,27.102,False,200,
1787684711.4981847,container,10.0,10.0,25.067,False,200,
1787684711.5981846,container,10.0,10.0,24.498,False,200,
1787684711.6981847,container,10.0,10.0,30.097,False,200,
1787684711.7981846,container,10.0,10.0,29.986,False,200,
1787684711.8981845,container,10.0,10.0,26.37,False,200,
1787684711.9981847,container,10.0,10.0,29.405,False,200,
1787684712.0981846,container,10.0,10.0,32.928,False,200,
1787684712.1981847,container,10.0,10.0,27.841,False,200,
1787684712.2981846,container,10.0,10.0,26.969,False,200,
1787684712.3981845,container,10.0,10.0,28.771,False,200,
1787684712.4981847,container,10.0,10.0,31.809,False,200,
1787684712.5981846,container,10.0,10.0,37.336,False,200,
1787684712.6981847,container,10.0,10.0,32.244,False,200,
1787684712.7981846,container,10.0,10.0,27.954,False,200,
1787684712.8981845,container,10.0,10.0,32.204,False,200,
1787684712.9981847,container,10.0,10.0,31.638,False,200,
1787684713.0981846,container,10.0,10.0,23.359,False,200,
1787684713.1981847,container,10.0,10.0,30.636,False,200,
1787684713.2981846,container,10.0,10.0,33.217,False,200,
1787684713.3981845,container,10.0,10.0,37.237,False,200,
1787684713.4981847,container,10.0,10.0,29.698,False,200,
1787684713.5981846,container,10.0,10.0,41.713,False,200,
1787684713.6981847,container,10.0,10.0,23.784,False,200,
1787684713.7981846,container,10.0,10.0,22.087,False,200,
1787684713.8981845,container,10.0,10.0,31.014,False,200,
1787684713.9981847,container,10.0,10.0,37.776,False,200,
1787684714.0981846,container,10.0,10.0,25.995,False,200,
1787684714.1981847,container,10.0,10.0,31.635,False,200,
1787684714.2981846,container,10.0,10.0,27.54,False,200,
1787684714.3981845,container,10.0,10.0,34.348,False,200,
1787684714.4981847,container,10.0,10.0,21.652,False,200,
1787684714.5981846,container,10.0,10.0,25.923,False,200,
1787684714.6981847,container,10.0,10.0,32.511,False,200,
1787684714.7981846,container,10.0,10.0,32.67,False,200,
1787684714.8981845,container,10.0,10.0,29.252,False,200,
1787684714.9981847,container,10.0,10.0,22.062,False,200,
1787684715.0981846,container,10.0,10.0,35.542,False,200,
1787684715.1981847,container,10.0,10.0,23.606,False,200,
1787684715.2981846,container,10.0,10.0,28.142,False,200,
1787684715.3981845,container,10.0,10.0,27.435,False,200,
1787684715.4981847,container,10.0,10.0,28.939,False,200,
1787684715.5981846,container,10.0,10.0,27.32,False,200,
1787684715.6981847,container,10.0,10.0,29.789,False,200,
1787684715.7981846,container,10.0,10.0,24.932,False,200,
1787684715.8981845,container,10.0,10.0,32.49,False,200,
1787684715.9981847,container,10.0,10.0,29.27,False,200,
1787684716.0981846,container,10.0,10.0,41.115,False,200,
1787684716.1981847,container,10.0,10.0,29.348,False,200,
1787684716.2981846,container,10.0,10.0,24.97,False,200,
1787684716.3981845,container,10.0,10.0,38.845,False,200,
1787684716.4981847,container,10.0,10.0,23.425,False,200,
1787684716.5981846,container,10.0,10.0,39.173,False,200,
1787684716.6981847,container,10.0,10.0,22.02,False,200,
1787684716.7981846,container,10.0,10.0,31.283,False,200,
1787684716.8981845,container,10.0,10.0,27.923,False,200,
1787684716.9981847,container,10.0,10.0,26.506,False,200,
1787684717.0981846,container,10.0,10.0,28.443,False,200,
1787684717.1981847,container,10.0,10.0,34.843,False,200,
1787684717.2981846,container,10.0,10.0,25.293,False,200,
1787684717.3981845,container,10.0,10.0,34.154,False,200,
1787684717.4981847,container,10.0,10.0,24.488,False,200,
1787684717.5981846,container,10.0,10.0,33.061,False,200,
1787684717.6981847,container,10.0,10.0,31.599,False,200,
1787684717.7981846,container,10.0,10.0,33.069,False,200,
1787684717.8981845,container,10.0,10.0,27.408,False,200,
1787684717.9981847,container,10.0,10.0,25.925,False,200,
1787684718.0981846,container,10.0,10.0,37.755,False,200,
1787684718.1981847,container,10.0,10.0,39.206,False,200,
1787684718.2981846,container,10.0,10.0,28.733,False,200,
1787684718.3981845,container,10.0,10.0,41.594,False,200,
1787684718.4981847,container,10.0,10.0,29.007,False,200,
1787684718.5981846,container,10.0,10.0,32.554,False,200,
1787684718.6981847,container,10.0,10.0,36.975,False,200,
1787684718.7981846,container,10.0,10.0,28.565,False,200,
1787684718.8981845,container,10.0,10.0,29.953,False,200,
1787684718.9981847,container,10.0,10.0,25.273,False,200,
1787684719.0981846,container,10.0,10.0,29.469,False,200,
1787684719.1981847,container,10.0,10.0,27.705,False,200,
1787684719.2981846,container,10.0,10.0,25.361,False,200,
1787684719.3981845,container,10.0,10.0,31.424,False,200,
1787684719.4981847,container,10.0,10.0,26.706,False,200,
1787684719.5981846,container,10.0,10.0,27.568,False,200,
1787684719.6981847,container,10.0,10.0,28.041,False,200,
1787684719.7981846,container,10.0,10.0,30.741,False,200,
1787684719.8981845,container,10.0,10.0,42.817,False,200,
1787684719.9981847,container,10.0,10.0,25.346,False,200,
1787684720.0981846,container,10.0,10.0,28.421,False,200,
1787684720.1981847,container,10.0,10.0,28.804,False,200,
1787684720.2981846,container,10.0,10.0,35.464,False,200,
1787684720.3981845,container,10.0,10.0,23.558,False,200,
1787684720.4981847,container,10.0,10.0,33.29,False,200,
1787684720.5981846,container,10.0,10.0,33.055,False,200,
1787684720.6981847,container,10.0,10.0,32.264,False,200,
1787684720.7981846,container,10.0,10.0,26.069,False,200,
1787684720.8981845,container,10.0,10.0,27.5,False,200,
1787684720.9981847,container,10.0,10.0,33.718,False,200,
1787684721.0981846,container,10.0,10.0,31.157,False,200,
1787684721.1981847,container,10.0,10.0,30.559,False,200,
1787684721.2981846,container,10.0,10.0,20.901,False,200,
1787684721.3981845,container,10.0,10.0,32.788,False,200,
1787684721.4981847,container,10.0,10.0,32.935,False,200,
1787684721.5981846,container,10.0,10.0,29.511,False,200,
1787684721.6981847,container,10.0,10.0,26.516,False,200,
1787684721.7981846,container,10.0,10.0,30.554,False,200,
1787684721.8981845,container,10.0,10.0,32.647,False,200,
1787684721.9981847,container,10.0,10.0,25.833,False,200,
1787684722.0981846,container,10.0,10.0,32.083,False,200,
1787684722.1981847,container,10.0,10.0,26.58,False,200,
1787684722.2981846,container,10.0,10.0,32.401,False,200,
1787684722.3981845,container,10.0,10.0,38.199,False,200,
1787684722.4981847,container,10.0,10.0,28.917,False,200,
1787684722.5981846,container,10.0,10.0,27.544,False,200,
1787684722.6981847,container,10.0,10.0,34.656,False,200,
