timestamp,deployment_mode,rps_target,rps_actual,latency_ms,is_cold_start,status_code,error
1787722067.316948,container,10.0,10.0,29.38,False,200,
1787722067.4169478,container,10.0,10.0,34.611,False,200,
1787722067.516948,container,10.0,10.0,31.211,False,200,
1787722067.616948,container,10.0,10.0,31.809,False,200,
1787722067.716948,container,10.0,10.0,27.891,False,200,
1787722067.816948,container,10.0,10.0,26.833,False,200,
1787722067.9169478,container,10.0,10.0,37.22,False,200,
1787722068.016948,container,10.0,10.0,34.795,False,200,
1787722068.116948,container,10.0,10.0,25.138,False,200,
1787722068.216948,container,10.0,10.0,35.085,False,200,
1787722068.316948,container,10.0,10.0,27.866,False,200,
1787722068.4169478,container,10.0,10.0,25.771,False,200,
1787722068.516948,container,10.0,10.0,21.942,False,200,
1787722068.616948,container,10.0,10.0,36.307,False,200,
1787722068.716948,container,10.0,10.0,28.196,False,200,
1787722068.816948,container,10.0,10.0,27.622,False,200,
1787722068.9169478,container,10.0,10.0,35.735,False,200,
1787722069.016948,container,10.0,10.0,22.811,False,200,
1787722069.116948,container,10.0,10.0,28.0,False,200,
1787722069.216948,container,10.0,10.0,30.655,False,200,
1787722069.316948,container,10.0,10.0,26.784,False,200,
1787722069.4169478,container,10.0,10.0,32.205,False,200,
1787722069.516948,container,10.0,10.0,20.558,False,200,
1787722069.616948,container,10.0,10.0,25.608,False,200,
1787722069.716948,container,10.0,10.0,32.281,False,200,
1787722069.816948,container,10.0,10.0,25.349,False,200,
1787722069.9169478,container,10.0,10.0,38.199,False,200,
1787722070.016948,container,10.0,10.0,26.524,False,200,
1787722070.116948,container,10.0,10.0,24.937,False,200,
1787722070.216948,container,10.0,10.0,26.756,False,200,
1787722070.316948,container,10.0,10.0,21.292,False,200,
1787722070.4169478,container,10.0,10.0,23.3,False,200,
1787722070.516948,container,10.0,10.0,27.011,False,200,
1787722070.616948,container,10.0,10.0,30.16,False,200,
1787722070.716948,container,10.0,10.0,32.233,False,200,
1787722070.816948,container,10.0,10.0,30.42,False,200,
1787722070.9169478,container,10.0,10.0,29.593,False,200,
1787722071.016948,container,10.0,10.0,23.213,False,200,
1787722071.116948,container,10.0,10.0,27.965,False,200,
1787722071.216948,container,10.0,10.0,29.79,False,200,
1787722071.316948,container,10.0,10.0,32.044,False,200,
1787722071.4169478,container,10.0,10.0,28.049,False,200,
1787722071.516948,container,10.0,10.0,31.237,False,200,
1787722071.616948,container,10.0,10.0,27.941,False,200,
1787722071.716948,container,10.0,10.0,31.631,False,200,
1787722071.816948,container,10.0,10.0,30.89,False,200,
1787722071.9169478,container,10.0,10.0,29.024,False,200,
1787722072.016948,container,10.0,10.0,32.754,False,200,
1787722072.116948,container,10.0,10.0,34.039,False,200,
1787722072.216948,container,10.0,10.0,25.035,False,200,
1787722072.316948,container,10.0,10.0,36.121,False,200,
1787722072.4169478,container,10.0,10.0,29.945,False,200,
1787722072.516948,container,10.0,10.0,38.817,False,200,
1787722072.616948,container,10.0,10.0,38.279,False,200,
1787722072.716948,container,10.0,10.0,33.695,False,200,
1787722072.816948,container,10.0,10.0,35.968,False,200,
1787722072.9169478,container,10.0,10.0,29.984,False,200,
1787722073.016948,container,10.0,10.0,30.166,False,200,
1787722073.116948,container,10.0,10.0,24.602,False,200,
1787722073.216948,container,10.0,10.0,29.374,False,200,
1787722073.316948,container,10.0,10.0,29.804,False,200,
1787722073.4169478,container,10.0,10.0,37.577,False,200,
1787722073.516948,container,10.0,10.0,38.813,False,200,
1787722073.616948,container,10.0,10.0,24.754,False,200,
1787722073.716948,container,10.0,10.0,31.098,False,200,
1787722073.816948,container,10.0,10.0,37.716,False,200,
1787722073.9169478,container,10.0,10.0,25.951,False,200,
1787722074.016948,container,10.0,10.0,31.645,False,200,
1787722074.116948,container,10.0,10.0,32.743,False,200,
1787722074.216948,container,10.0,10.0,24.827,False,200,
1787722074.316948,container,10.0,10.0,39.22,False,200,
1787722074.4169478,container,10.0,10.0,30.905,False,200,
1787722074.516948,container,10.0,10.0,31.511,False,200,
1787722074.616948,container,10.0,10.0,30.332,False,200,
1787722074.716948,container,10.0,10.0,36.268,False,200,
1787722074.816948,container,10.0,10.0,29.03,False,200,
1787722074.9169478,container,10.0,10.0,29.065,False,200,
1787722075.016948,container,10.0,10.0,28.572,False,200,
1787722075.116948,container,10.0,10.0,31.834,False,200,
1787722075.216948,container,10.0,10.0,33.667,False,200,
1787722075.316948,container,10.0,10.0,31.323,False,200,
1787722075.4169478,container,10.0,10.0,29.699,False,200,
1787722075.516948,container,10.0,10.0,25.388,False,200,
1787722075.616948,container,10.0,10.0,31.646,False,200,
1787722075.716948,container,10.0,10.0,27.435,False,200,
1787722075.816948,container,10.0,10.0,25.443,False,200,
1787722075.9169478,container,10.0,10.0,34.105,False,200,
1787722076.016948,container,10.0,10.0,28.775,False,200,
1787722076.116948,container,10.0,10.0,32.411,False,200,
1787722076.216948,container,10.0,10.0,33.993,False,200,
1787722076.316948,container,10.0,10.0,33.594,False,200,
1787722076.4169478,container,10.0,10.0,38.787,False,200,
1787722076.516948,container,10.0,10.0,28.498,False,200,
1787722076.616948,container,10.0,10.0,32.126,False,200,
1787722076.716948,container,10.0,10.0,31.246,False,200,
1787722076.816948,container,10.0,10.0,28.819,False,200,
1787722076.9169478,container,10.0,10.0,28.8,False,200,
1787722077.016948,container,10.0,10.0,35.347,False,200,
1787722077.116948,container,10.0,10.0,36.819,False,200,
1787722077.216948,container,10.0,10.0,40.843,False,200,
1787722077.316948,container,10.0,10.0,30.971,False,200,
1787722077.4169478,container,10.0,10.0,35.497,False,200,
1787722077.516948,container,10.0,10.0,29.246,False,200,
1787722077.616948,container,10.0,10.0,28.609,False,200,
1787722077.716948,container,10.0,10.0,39.292,False,200,
1787722077.816948,container,10.0,10.0,33.161,False,200,
1787722077.9169478,container,10.0,10.0,30.03,False,200,
1787722078.016948,container,10.0,10.0,32.238,False,200,
1787722078.116948,container,10.0,10.0,32.6,False,200,
1787722078.216948,container,10.0,10.0,32.522,False,200,
1787722078.316948,container,10.0,10.0,36.989,False,200,
1787722078.4169478,container,10.0,10.0,40.64,False,200,
1787722078.516948,container,10.0,10.0,33.799,False,200,
1787722078.616948,container,10.0,10.0,28.317,False,200,
1787722078.716948,container,10.0,10.0,28.679,False,200,
1787722078.816948,container,10.0,10.0,21.15,False,200,
1787722078.9169478,container,10.0,10.0,29.742,False,200,
1787722079.016948,container,10.0,10.0,29.683,False,200,
1787722079.116948,container,10.0,10.0,28.691,False,200,
1787722079.216948,container,10.0,10.0,19.822,False,200,
1787722079.316948,container,10.0,10.0,33.684,False,200,
1787722079.4169478,container,10.0,10.0,32.989,False,200,
1787722079.516948,container,10.0,10.0,30.17,False,200,
1787722079.616948,container,10.0,10.0,25.89,False,200,
1787722079.716948,container,10.0,10.0,28.563,False,200,
1787722079.816948,container,10.0,10.0,29.368,False,200,
1787722079.9169478,container,10.0,10.0,33.884,False,200,
1787722080.016948,container,10.0,10.0,25.377,False,200,
1787722080.116948,container,10.0,10.0,25.728,False,200,
1787722080.216948,container,10.0,10.0,32.536,False,200,
1787722080.316948,container,10.0,10.0,23.315,False,200,
1787722080.4169478,container,10.0,10.0,29.347,False,200,
1787722080.516948,container,10.0,10.0,27.39,False,200,
1787722080.616948,container,10.0,10.0,37.198,False,200,
1787722080.716948,container,10.0,10.0,24.212,False,200,
1787722080.816948,container,10.0,10.0,33.508,False,200,
1787722080.9169478,container,10.0,10.0,27.543,False,200,
1787722081.016948,container,10.0,10.0,28.098,False,200,
1787722081.116948,container,10.0,10.0,31.714,False,200,
1787722081.216948,container,10.0,10.0,23.412,False,200,
1787722081.316948,container,10.0,10.0,33.375,False,200,
1787722081.4169478,container,10.0,10.0,25.232,False,200,
1787722081.516948,container,10.0,10.0,30.974,False,200,
1787722081.616948,container,10.0,10.0,29.736,False,200,
1787722081.716948,container,10.0,10.0,33.778,False,200,
1787722081.816948,container,10.0,10.0,28.873,False,200,
1787722081.9169478,container,10.0,10.0,29.981,False,200,
1787722082.016948,container,10.0,10.0,33.42,False,200,
1787722082.116948,container,10.0,10.0,27.26,False,200,
1787722082.216948,container,10.0,10.0,27.924,False,200,
1787722082.316948,container,10.0,10.0,37.61,False,200,
1787722082.4169478,container,10.0,10.0,22.193,False,200,
1787722082.516948,container,10.0,10.0,28.571,False,200,
1787722082.616948,container,10.0,10.0,20.577,False,200,
1787722082.716948,container,10.0,10.0,32.654,False,200,
1787722082.816948,container,10.0,10.0,35.045,False,200,
1787722082.9169478,container,10.0,10.0,28.108,False,200,
1787722083.016948,container,10.0,10.0,33.628,False,200,
1787722083.116948,container,10.0,10.0,27.783,False,200,
1787722083.216948,container,10.0,10.0,30.933,False,200,
1787722083.316948,container,10.0,10.0,28.057,False,200,
1787722083.4169478,container,10.0,10.0,29.999,False,200,
1787722083.516948,container,10.0,10.0,27.665,False,200,
1787722083.616948,container,10.0,10.0,25.877,False,200,
1787722083.716948,container,10.0,10.0,32.466,False,200,
1787722083.816948,container,10.0,10.0,28.809,False,200,
1787722083.9169478,container,10.0,10.0,28.034,False,200,
1787722084.016948,container,10.0,10.0,35.467,False,200,
1787722084.116948,container,10.0,10.0,26.974,False,200,
1787722084.216948,container,10.0,10.0,30.319,False,200,
1787722084.316948,container,10.0,10.0,40.023,False,200,
1787722084.4169478,container,10.0,10.0,32.883,False,200,
1787722084.516948,container,10.0,10.0,28.81,False,200,
1787722084.616948,container,10.0,10.0,30.639,False,200,
1787722084.716948,container,10.0,10.0,28.535,False,200,
1787722084.816948,container,10.0,10.0,32.431,False,200,
1787722084.9169478,container,10.0,10.0,24.931,False,200,
1787722085.016948,container,10.0,10.0,26.325,False,200,
1787722085.116948,container,10.0,10.0,24.188,False,200,
1787722085.216948,container,10.0,10.0,32.921,False,200,
1787722085.316948,container,10.0,10.0,23.954,False,200,
1787722085.4169478,container,10.0,10.0,36.681,False,200,
1787722085.516948,container,10.0,10.0,23.608,False,200,
1787722085.616948,container,10.0,10.0,31.511,False,200,
1787722085.716948,container,10.0,10.0,27.945,False,200,
1787722085.816948,container,10.0,10.0,35.221,False,200,
1787722085.9169478,container,10.0,10.0,26.408,False,200,
1787722086.016948,container,10.0,10.0,29.539,False,200,
1787722086.116948,container,10.0,10.0,26.426,False,200,
1787722086.216948,container,10.0,10.0,32.509,False,200,
1787722086.316948,container,10.0,10.0,22.345,False,200,
1787722086.4169478,container,10.0,10.0,26.129,False,200,
1787722086.516948,container,10.0,10.0,30.412,False,200,
1787722086.616948,container,10.0,10.0,40.65,False,200,
1787722086.716948,container,10.0,10.0,28.255,False,200,
1787722086.816948,container,10.0,10.0,25.09,False,200,
1787722086.9169478,container,10.0,10.0,30.197,False,200,
1787722087.016948,container,10.0,10.0,24.378,False,200,
1787722087.116948,container,10.0,10.0,23.083,False,200,
1787722087.216948,container,10.0,10.0,33.943,False,200,
1787722087.316948,container,10.0,10.0,28.935,False,200,
1787722087.4169478,container,10.0,10.0,30.804,False,200,
1787722087.516948,container,10.0,10.0,32.284,False,200,
1787722087.616948,container,10.0,10.0,32.495,False,200,
1787722087.716948,container,10.0,10.0,32.079,False,200,
1787722087.816948,container,10.0,10.0,22.909,False,200,
1787722087.9169478,container,10.0,10.0,29.547,False,200,
1787722088.016948,container,10.0,10.0,31.966,False,200,
1787722088.116948,container,10.0,10.0,28.552,False,200,
1787722088.216948,container,10.0,10.0,28.397,False,200,
1787722088.316948,container,10.0,10.0,29.213,False,200,
1787722088.4169478,container,10.0,10.0,36.461,False,200,
1787722088.516948,container,10.0,10.0,34.306,False,200,
1787722088.616948,container,10.0,10.0,22.921,False,200,
1787722088.716948,container,10.0,10.0,23.514,False,200,
1787722088.816948,container,10.0,10.0,26.918,False,200,
1787722088.9169478,container,10.0,10.0,30.516,False,200,
1787722089.016948,container,10.0,10.0,29.967,False,200,
1787722089.116948,container,10.0,10.0,36.147,False,200,
1787722089.216948,container,10.0,10.0,28.872,False,200,
1787722089.316948,container,10.0,10.0,31.137,False,200,
1787722089.4169478,container,10.0,10.0,26.199,False,200,
1787722089.516948,container,10.0,10.0,29.033,False,200,
1787722089.616948,container,10.0,10.0,30.299,False,200,
1787722089.716948,container,10.0,10.0,27.819,False,200,
1787722089.816948,container,10.0,10.0,28.484,False,200,
1787722089.9169478,container,10.0,10.0,31.094,False,200,
1787722090.016948,container,10.0,10.0,32.99,False,200,
1787722090.116948,container,10.0,10.0,23.014,False,200,
1787722090.216948,container,10.0,10.0,25.215,False,200,
1787722090.316948,container,10.0,10.0,33.429,False,200,
1787722090.4169478,container,10.0,10.0,32.969,False,200,
1787722090.516948,container,10.0,10.0,21.794,False,200,
1787722090.616948,container,10.0,10.0,25.804,False,200,
1787722090.716948,container,10.0,10.0,25.551,False,200,
1787722090.816948,container,10.0,10.0,28.596,False,200,
1787722090.9169478,container,10.0,10.0,29.282,False,200,
1787722091.016948,container,10.0,10.0,25.201,False,200,
1787722091.116948,container,10.0,10.0,23.719,False,200,
1787722091.216948,container,10.0,10.0,34.634,False,200,
1787722091.316948,container,10.0,10.0,22.707,False,200,
1787722091.4169478,container,10.0,10.0,29.985,False,200,
1787722091.516948,container,10.0,10.0,36.727,False,200,
1787722091.616948,container,10.0,10.0,29.793,False,200,
1787722091.716948,container,10.0,10.0,25.573,False,200,
1787722091.816948,container,10.0,10.0,28.136,False,200,
1787722091.9169478,container,10.0,10.0,29.413,False,200,
1787722092.016948,container,10.0,10.0,29.771,False,200,
1787722092.116948,container,10.0,10.0,24.976,False,200,
1787722092.216948,container,10.0,10.0,27.546,False,200,
1787722092.316948,container,10.0,10.0,32.472,False,200,
1787722092.4169478,container,10.0,10.0,33.471,False,200,
1787722092.516948,container,10.0,10.0,30.372,False,200,
1787722092.616948,container,10.0,10.0,29.883,False,200,
1787722092.716948,container,10.0,10.0,29.685,False,200,
1787722092.816948,container,10.0,10.0,30.556,False,200,
1787722092.9169478,container,10.0,10.0,30.539,False,200,
1787722093.016948,container,10.0,10.0,28.24,False,200,
1787722093.116948,container,10.0,10.0,33.375,False,200,
1787722093.216948,container,10.0,10.0,27.435,False,200,
1787722093.316948,container,10.0,10.0,32.501,False,200,
1787722093.4169478,container,10.0,10.0,30.754,False,200,
1787722093.516948,container,10.0,10.0,27.64,False,200,
1787722093.616948,container,10.0,10.0,36.065,False,200,
1787722093.716948,container,10.0,10.0,26.801,False,200,
1787722093.816948,container,10.0,10.0,23.586,False,200,
1787722093.9169478,container,10.0,10.0,28.86,False,200,
1787722094.016948,container,10.0,10.0,28.833,False,200,
1787722094.116948,container,10.0,10.0,31.538,False,200,
1787722094.216948,container,10.0,10.0,30.602,False,200,
1787722094.316948,container,10.0,10.0,30.926,False,200,
1787722094.4169478,container,10.0,10.0,31.702,False,200,
1787722094.516948,container,10.0,10.0,37.54,False,200,
1787722094.616948,container,10.0,10.0,27.14,False,200,
1787722094.716948,container,10.0,10.0,35.175,False,200,
1787722094.816948,container,10.0,10.0,33.942,False,200,
1787722094.9169478,container,10.0,10.0,30.707,False,200,
1787722095.016948,container,10.0,10.0,38.039,False,200,
1787722095.116948,container,10.0,10.0,33.938,False,200,
1787722095.216948,container,10.0,10.0,22.935,False,200,
1787722095.316948,container,10.0,10.0,28.571,False,200,
1787722095.4169478,container,10.0,10.0,34.749,False,200,
1787722095.516948,container,10.0,10.0,33.88,False,200,
1787722095.616948,container,10.0,10.0,28.0,False,200,
1787722095.716948,container,10.0,10.0,31.782,False,200,
1787722095.816948,container,10.0,10.0,22.258,False,200,
1787722095.9169478,container,10.0,10.0,24.874,False,200,
1787722096.016948,container,10.0,10.0,33.068,False,200,
1787722096.116948,container,10.0,10.0,34.036,False,200,
1787722096.216948,container,10.0,10.0,24.988,False,200,
1787722096.316948,container,10.0,10.0,31.049,False,200,
1787722096.4169478,container,10.0,10.0,31.851,False,200,
1787722096.516948,container,10.0,10.0,31.51,False,200,
1787722096.616948,container,10.0,10.0,28.268,False,200,
1787722096.716948,container,10.0,10.0,29.172,False,200,
1787722096.816948,container,10.0,10.0,25.887,False,200,
1787722096.9169478,container,10.0,10.0,30.702,False,200,
1787722097.016948,container,10.0,10.0,34.853,False,200,
1787722097.116948,container,10.0,10.0,35.531,False,200,
1787722097.216948,container,10.0,10.0,44.898,False,200,
1787722097.316948,container,10.0,10.0,27.66,False,200,
1787722097.4169478,container,10.0,10.0,34.757,False,200,
1787722097.516948,container,10.0,10.0,31.896,False,200,
1787722097.616948,container,10.0,10.0,32.69,False,200,
1787722097.716948,container,10.0,10.0,30.464,False,200,
1787722097.816948,container,10.0,10.0,25.547,False,200,
1787722097.9169478,container,10.0,10.0,31.758,False,200,
1787722098.016948,container,10.0,10.0,30.57,False,200,
1787722098.116948,container,10.0,10.0,32.023,False,200,
1787722098.216948,container,10.0,10.0,27.504,False,200,
1787722098.316948,container,10.0,10.0,29.689,False,200,
1787722098.4169478,container,10.0,10.0,27.69,False,200,
1787722098.516948,container,10.0,10.0,27.954,False,200,
1787722098.616948,container,10.0,10.0,32.352,False,200,
1787722098.716948,container,10.0,10.0,24.522,False,200,
1787722098.816948,container,10.0,10.0,49.05,False,200,
1787722098.9169478,container,10.0,10.0,32.409,False,200,
1787722099.016948,container,10.0,10.0,24.509,False,200,
1787722099.116948,container,10.0,10.0,29.986,False,200,
1787722099.216948,container,10.0,10.0,22.981,False,200,
1787722099.316948,container,10.0,10.0,30.564,False,200,
1787722099.4169478,container,10.0,10.0,27.05,False,200,
1787722099.516948,container,10.0,10.0,30.256,False,200,
1787722099.616948,container,10.0,10.0,32.517,False,200,
1787722099.716948,container,10.0,10.0,34.069,False,200,
1787722099.816948,container,10.0,10.0,27.389,False,200,
1787722099.9169478,container,10.0,10.0,37.144,False,200,
1787722100.016948,container,10.0,10.0,36.693,False,200,
1787722100.116948,container,10.0,10.0,31.268,False,200,
1787722100.216948,container,10.0,10.0,32.777,False,200,
1787722100.316948,container,10.0,10.0,29.732,False,200,
1787722100.4169478,container,10.0,10.0,30.503,False,200,
1787722100.516948,container,10.0,10.0,31.668,False,200,
1787722100.616948,container,10.0,10.0,34.022,False,200,
1787722100.716948,container,10.0,10.0,27.951,False,200,
1787722100.816948,container,10.0,10.0,38.988,False,200,
1787722100.9169478,container,10.0,10.0,36.715,False,200,
1787722101.016948,container,10.0,10.0,31.857,False,200,
1787722101.116948,container,10.0,10.0,27.428,False,200,
1787722101.216948,container,10.0,10.0,20.721,False,200,
1787722101.316948,container,10.0,10.0,32.418,False,200,
1787722101.4169478,container,10.0,10.0,30.125,False,200,
1787722101.516948,container,10.0,10.0,26.648,False,200,
1787722101.616948,container,10.0,10.0,27.827,False,200,
1787722101.716948,container,10.0,10.0,29.855,False,200,
1787722101.816948,container,10.0,10.0,33.734,False,200,
1787722101.9169478,container,10.0,10.0,42.603,False,200,
1787722102.016948,container,10.0,10.0,27.759,False,200,
1787722102.116948,container,10.0,10.0,29.402,False,200,
1787722102.216948,container,10.0,10.0,29.849,False,200,
1787722102.316948,container,10.0,10.0,25.233,False,200,
1787722102.4169478,container,10.0,10.0,29.639,False,200,
1787722102.516948,container,10.0,10.0,33.186,False,200,
1787722102.616948,container,10.0,10.0,32.627,False,200,
1787722102.716948,container,10.0,10.0,34.099,False,200,
1787722102.816948,container,10.0,10.0,34.083,False,200,
1787722102.9169478,container,10.0,10.0,35.338,False,200,
1787722103.016948,container,10.0,10.0,22.234,False,200,
1787722103.116948,container,10.0,10.0,35.812,False,200,
1787722103.216948,container,10.0,10.0,28.663,False,200,
1787722103.316948,container,10.0,10.0,35.544,False,200,
1787722103.4169478,container,10.0,10.0,24.208,False,200,
1787722103.516948,container,10.0,10.0,21.957,False,200,
1787722103.616948,container,10.0,10.0,32.516,False,200,
1787722103.716948,container,10.0,10.0,29.744,False,200,
1787722103.816948,container,10.0,10.0,23.944,False,200,
1787722103.9169478,container,10.0,10.0,24.911,False,200,
1787722104.016948,container,10.0,10.0,31.972,False,200,
1787722104.116948,container,10.0,10.0,21.025,False,200,
1787722104.216948,container,10.0,10.0,38.708,False,200,
1787722104.316948,container,10.0,10.0,26.958,False,200,
1787722104.4169478,container,10.0,10.0,29.189,False,200,
1787722104.516948,container,10.0,10.0,39.717,False,200,
1787722104.616948,container,10.0,10.0,34.2,False,200,
1787722104.716948,container,10.0,10.0,31.438,False,200,
1787722104.816948,container,10.0,10.0,28.761,False,200,
1787722104.9169478,container,10.0,10.0,39.457,False,200,
1787722105.016948,container,10.0,10.0,32.598,False,200,
1787722105.116948,container,10.0,10.0,27.957,False,200,
1787722105.216948,container,10.0,10.0,29.292,False,200,
1787722105.316948,container,10.0,10.0,30.275,False,200,
1787722105.4169478,container,10.0,10.0,29.154,False,200,
1787722105.516948,container,10.0,10.0,31.46,False,200,
1787722105.616948,container,10.0,10.0,36.597,False,200,
1787722105.716948,container,10.0,10.0,27.05,False,200,
1787722105.816948,container,10.0,10.0,30.24,False,200,
1787722105.9169478,container,10.0,10.0,32.533,False,200,
1787722106.016948,container,10.0,10.0,30.99,False,200,
1787722106.116948,container,10.0,10.0,26.603,False,200,
1787722106.216948,container,10.0,10.0,37.083,False,200,
1787722106.316948,container,10.0,10.0,24.095,False,200,
1787722106.4169478,container,10.0,10.0,32.126,False,200,
1787722106.516948,container,10.0,10.0,34.636,False,200,
1787722106.616948,container,10.0,10.0,30.942,False,200,
1787722106.716948,container,10.0,10.0,36.107,False,200,
1787722106.816948,container,10.0,10.0,26.449,False,200,
1787722106.9169478,container,10.0,10.0,29.97,False,200,
1787722107.016948,container,10.0,10.0,27.653,False,200,
1787722107.116948,container,10.0,10.0,27.147,False,200,
1787722107.216948,container,10.0,10.0,29.062,False,200,
1787722107.316948,container,10.0,10.0,27.193,False,200,
1787722107.4169478,container,10.0,10.0,26.589,False,200,
1787722107.516948,container,10.0,10.0,29.53,False,200,
1787722107.616948,container,10.0,10.0,30.987,False,200,
1787722107.716948,container,10.0,10.0,31.295,False,200,
1787722107.816948,container,10.0,10.0,31.82,False,200,
1787722107.9169478,container,10.0,10.0,31.8,False,200,
1787722108.016948,container,10.0,10.0,38.48,False,200,
1787722108.116948,container,10.0,10.0,29.574,False,200,
1787722108.216948,container,10.0,10.0,27.927,False,200,
1787722108.316948,container,10.0,10.0,28.063,False,200,
1787722108.4169478,container,10.0,10.0,24.8,False,200,
1787722108.516948,container,10.0,10.0,29.882,False,200,
1787722108.616948,container,10.0,10.0,29.919,False,200,
1787722108.716948,container,10.0,10.0,27.013,False,200,
1787722108.816948,container,10.0,10.0,26.965,False,200,
1787722108.9169478,container,10.0,10.0,28.595,False,200,
1787722109.016948,container,10.0,10.0,24.534,False,200,
1787722109.116948,container,10.0,10.0,33.06,False,200,
1787722109.216948,container,10.0,10.0,29.791,False,200,
1787722109.316948,container,10.0,10.0,33.74,False,200,
1787722109.4169478,container,10.0,10.0,28.208,False,200,
1787722109.516948,container,10.0,10.0,26.095,False,200,
1787722109.616948,container,10.0,10.0,27.977,False,200,
1787722109.716948,container,10.0,10.0,23.983,False,200,
1787722109.816948,container,10.0,10.0,27.021,False,200,
1787722109.9169478,container,10.0,10.0,28.338,False,200,
1787722110.016948,container,10.0,10.0,31.866,False,200,
1787722110.116948,container,10.0,10.0,29.976,False,200,
1787722110.216948,container,10.0,10.0,33.682,False,200,
1787722110.316948,container,10.0,10.0,20.784,False,200,
1787722110.4169478,container,10.0,10.0,36.63,False,200,
1787722110.516948,container,10.0,10.0,30.853,False,200,
1787722110.616948,container,10.0,10.0,25.504,False,200,
1787722110.716948,container,10.0,10.0,31.476,False,200,
1787722110.816948,container,10.0,10.0,29.527,False,200,
1787722110.9169478,container,10.0,10.0,27.989,False,200,
1787722111.016948,container,10.0,10.0,29.919,False,200,
1787722111.116948,container,10.0,10.0,20.819,False,200,
1787722111.216948,container,10.0,10.0,28.462,False,200,
1787722111.316948,container,10.0,10.0,27.446,False,200,
1787722111.4169478,container,10.0,10.0,29.099,False,200,
1787722111.516948,container,10.0,10.0,29.307,False,200,
1787722111.616948,container,10.0,10.0,37.252,False,200,
1787722111.716948,container,10.0,10.0,41.916,False,200,
1787722111.816948,container,10.0,10.0,26.093,False,200,
1787722111.9169478,container,10.0,10.0,25.948,False,200,
1787722112.016948,container,10.0,10.0,26.82,False,200,
1787722112.116948,container,10.0,10.0,32.113,False,200,
1787722112.216948,container,10.0,10.0,34.997,False,200,
1787722112.316948,container,10.0,10.0,36.844,False,200,
1787722112.4169478,container,10.0,10.0,30.194,False,200,
1787722112.516948,container,10.0,10.0,32.977,False,200,
1787722112.616948,container,10.0,10.0,34.532,False,200,
1787722112.716948,container,10.0,10.0,32.357,False,200,
1787722112.816948,container,10.0,10.0,31.076,False,200,
1787722112.9169478,container,10.0,10.0,35.301,False,200,
1787722113.016948,container,10.0,10.0,25.397,False,200,
1787722113.116948,container,10.0,10.0,25.143,False,200,
1787722113.216948,container,10.0,10.0,29.493,False,200,
1787722113.316948,container,10.0,10.0,27.879,False,200,
1787722113.4169478,container,10.0,10.0,29.695,False,200,
1787722113.516948,container,10.0,10.0,35.384,False,200,
1787722113.616948,container,10.0,10.0,36.545,False,200,
1787722113.716948,container,10.0,10.0,31.594,False,200,
1787722113.816948,container,10.0,10.0,27.094,False,200,
1787722113.9169478,container,10.0,10.0,29.342,False,200,
1787722114.016948,container,10.0,10.0,29.604,False,200,
1787722114.116948,container,10.0,10.0,31.778,False,200,
1787722114.216948,container,10.0,10.0,40.901,False,200,
1787722114.316948,container,10.0,10.0,33.998,False,200,
1787722114.4169478,container,10.0,10.0,29.127,False,200,
1787722114.516948,container,10.0,10.0,26.854,False,200,
1787722114.616948,container,10.0,10.0,35.425,False,200,
1787722114.716948,container,10.0,10.0,27.911,False,200,
1787722114.816948,container,10.0,10.0,30.865,False,200,
1787722114.9169478,container,10.0,10.0,25.698,False,200,
1787722115.016948,container,10.0,10.0,28.129,False,200,
1787722115.116948,container,10.0,10.0,39.361,False,200,
1787722115.216948,container,10.0,10.0,27.218,False,200,
1787722115.316948,container,10.0,10.0,33.232,False,200,
1787722115.4169478,container,10.0,10.0,25.898,False,200,
1787722115.516948,container,10.0,10.0,23.027,False,200,
1787722115.616948,container,10.0,10.0,39.232,False,200,
1787722115.716948,container,10.0,10.0,23.1,False,200,
1787722115.816948,container,10.0,10.0,29.449,False,200,
1787722115.9169478,container,10.0,10.0,27.534,False,200,
1787722116.016948,container,10.0,10.0,23.914,False,200,
1787722116.116948,container,10.0,10.0,34.168,False,200,
1787722116.216948,container,10.0,10.0,28.329,False,200,
1787722116.316948,container,10.0,10.0,40.759,False,200,
1787722116.4169478,container,10.0,10.0,41.138,False,200,
1787722116.516948,container,10.0,10.0,32.735,False,200,
1787722116.616948,container,10.0,10.0,29.38,False,200,
1787722116.716948,container,10.0,10.0,25.57,False,200,
1787722116.816948,container,10.0,10.0,29.017,False,200,
1787722116.9169478,container,10.0,10.0,27.505,False,200,
1787722117.016948,container,10.0,10.0,25.828,False,200,
1787722117.116948,container,10.0,10.0,26.84,False,200,
1787722117.216948,container,10.0,10.0,30.055,False,200,
1787722117.316948,container,10.0,10.0,27.414,False,200,
1787722117.4169478,container,10.0,10.0,30.713,False,200,
1787722117.516948,container,10.0,10.0,26.033,False,200,
1787722117.616948,container,10.0,10.0,28.965,False,200,
1787722117.716948,container,10.0,10.0,29.429,False,200,
1787722117.816948,container,10.0,10.0,28.407,False,200,
1787722117.9169478,container,10.0,10.0,31.009,False,200,
1787722118.016948,container,10.0,10.0,29.084,False,200,
1787722118.116948,container,10.0,10.0,41.553,False,200,
1787722118.216948,container,10.0,10.0,29.415,False,200,
1787722118.316948,container,10.0,10.0,30.254,False,200,
1787722118.4169478,container,10.0,10.0,30.089,False,200,
1787722118.516948,container,10.0,10.0,22.765,False,200,
1787722118.616948,container,10.0,10.0,26.102,False,200,
1787722118.716948,container,10.0,10.0,25.514,False,200,
1787722118.816948,container,10.0,10.0,33.057,False,200,
1787722118.9169478,container,10.0,10.0,31.231,False,200,
1787722119.016948,container,10.0,10.0,27.162,False,200,
1787722119.116948,container,10.0,10.0,27.821,False,200,
1787722119.216948,container,10.0,10.0,30.686,False,200,
1787722119.316948,container,10.0,10.0,34.649,False,200,
1787722119.4169478,container,10.0,10.0,31.385,False,200,
1787722119.516948,container,10.0,10.0,28.497,False,200,
1787722119.616948,container,10.0,10.0,33.469,False,200,
1787722119.716948,container,10.0,10.0,34.28,False,200,
1787722119.816948,container,10.0,10.0,34.33,False,200,
1787722119.9169478,container,10.0,10.0,24.442,False,200,
1787722120.016948,container,10.0,10.0,33.7,False,200,
1787722120.116948,container,10.0,10.0,30.601,False,200,
1787722120.216948,container,10.0,10.0,39.86,False,200,
1787722120.316948,container,10.0,10.0,29.543,False,200,
1787722120.4169478,container,10.0,10.0,29.385,False,200,
1787722120.516948,container,10.0,10.0,29.945,False,200,
1787722120.616948,container,10.0,10.0,28.876,False,200,
1787722120.716948,container,10.0,10.0,24.787,False,200,
1787722120.816948,container,10.0,10.0,39.544,False,200,
1787722120.9169478,container,10.0,10.0,34.003,False,200,
1787722121.016948,container,10.0,10.0,33.054,False,200,
1787722121.116948,container,10.0,10.0,41.519,False,200,
1787722121.216948,container,10.0,10.0,30.782,False,200,
1787722121.316948,container,10.0,10.0,28.605,False,200,
1787722121.4169478,container,10.0,10.0,30.91,False,200,
1787722121.516948,container,10.0,10.0,27.972,False,200,
1787722121.616948,container,10.0,10.0,28.472,False,200,
1787722121.716948,container,10.0,10.0,30.342,False,200,
1787722121.816948,container,10.0,10.0,28.459,False,200,
1787722121.9169478,container,10.0,10.0,31.547,False,200,
1787722122.016948,container,10.0,10.0,28.993,False,200,
1787722122.116948,container,10.0,10.0,30.716,False,200,
1787722122.216948,container,10.0,10.0,35.747,False,200,
1787722122.316948,container,10.0,10.0,29.891,False,200,
1787722122.4169478,container,10.0,10.0,39.455,False,200,
1787722122.516948,container,10.0,10.0,35.905,False,200,
1787722122.616948,container,10.0,10.0,26.793,False,200,
1787722122.716948,container,10.0,10.0,28.989,False,200,
1787722122.816948,container,10.0,10.0,34.199,False,200,
1787722122.9169478,container,10.0,10.0,40.874,False,200,
1787722123.016948,container,10.0,10.0,34.263,False,200,
1787722123.116948,container,10.0,10.0,25.817,False,200,
1787722123.216948,container,10.0,10.0,29.441,False,200,
1787722123.316948,container,10.0,10.0,31.835,False,200,
1787722123.4169478,container,10.0,10.0,28.204,False,200,
1787722123.516948,container,10.0,10.0,31.265,False,200,
1787722123.616948,container,10.0,10.0,26.07,False,200,
1787722123.716948,container,10.0,10.0,33.257,False,200,
1787722123.816948,container,10.0,10.0,24.981,False,200,
1787722123.9169478,container,10.0,10.0,27.463,False,200,
1787722124.016948,container,10.0,10.0,31.922,False,200,
1787722124.116948,container,10.0,10.0,36.67,False,200,
1787722124.216948,container,10.0,10.0,31.484,False,200,
1787722124.316948,container,10.0,10.0,22.023,False,200,
1787722124.4169478,container,10.0,10.0,34.385,False,200,
1787722124.516948,container,10.0,10.0,29.425,False,200,
1787722124.616948,container,10.0,10.0,30.479,False,200,
1787722124.716948,container,10.0,10.0,29.806,False,200,
1787722124.816948,container,10.0,10.0,35.483,False,200,
1787722124.9169478,container,10.0,10.0,27.395,False,200,
1787722125.016948,container,10.0,10.0,27.416,False,200,
1787722125.116948,container,10.0,10.0,32.712,False,200,
1787722125.216948,container,10.0,10.0,31.037,False,200,
1787722125.316948,container,10.0,10.0,32.257,False,200,
1787722125.4169478,container,10.0,10.0,31.235,False,200,
1787722125.516948,container,10.0,10.0,26.697,False,200,
1787722125.616948,container,10.0,10.0,30.638,False,200,
1787722125.716948,container,10.0,10.0,27.492,False,200,
1787722125.816948,container,10.0,10.0,39.793,False,200,
1787722125.9169478,container,10.0,10.0,35.92,False,200,
1787722126.016948,container,10.0,10.0,27.896,False,200,
1787722126.116948,container,10.0,10.0,28.052,False,200,
1787722126.216948,container,10.0,10.0,37.122,False,200,
1787722126.316948,container,10.0,10.0,33.398,False,200,
1787722126.4169478,container,10.0,10.0,28.615,False,200,
1787722126.516948,container,10.0,10.0,39.106,False,200,
1787722126.616948,container,10.0,10.0,37.018,False,200,
1787722126.716948,container,10.0,10.0,37.987,False,200,
1787722126.816948,container,10.0,10.0,23.709,False,200,
1787722126.9169478,container,10.0,10.0,34.626,False,200,
1787722127.016948,container,10.0,10.0,24.558,False,200,
1787722127.116948,container,10.0,10.0,28.178,False,200,
1787722127.216948,container,10.0,10.0,31.309,False,200,
1787722127.316948,container,10.0,10.0,22.137,False,200,
1787722127.4169478,container,10.0,10.0,34.816,False,200,
1787722127.516948,container,10.0,10.0,37.07,False,200,
1787722127.616948,container,10.0,10.0,29.974,False,200,
1787722127.716948,container,10.0,10.0,33.019,False,200,
1787722127.816948,container,10.0,10.0,26.624,False,200,
1787722127.9169478,container,10.0,10.0,27.983,False,200,
1787722128.016948,container,10.0,10.0,35.687,False,200,
1787722128.116948,container,10.0,10.0,30.255,False,200,
1787722128.216948,container,10.0,10.0,34.262,False,200,
1787722128.316948,container,10.0,10.0,39.926,False,200,
1787722128.4169478,container,10.0,10.0,31.113,False,200,
1787722128.516948,container,10.0,10.0,31.463,False,200,
1787722128.616948,container,10.0,10.0,33.946,False,200,
1787722128.716948,container,10.0,10.0,34.885,False,200,
1787722128.816948,container,10.0,10.0,34.714,False,200,
1787722128.9169478,container,10.0,10.0,36.254,False,200,
1787722129.016948,container,10.0,10.0,26.734,False,200,
1787722129.116948,container,10.0,10.0,29.754,False,200,
1787722129.216948,container,10.0,10.0,33.709,False,200,
1787722129.316948,container,10.0,10.0,28.519,False,200,
1787722129.4169478,container,10.0,10.0,29.503,False,200,
1787722129.516948,container,10.0,10.0,34.575,False,200,
1787722129.616948,container,10.0,10.0,27.156,False,200,
1787722129.716948,container,10.0,10.0,37.958,False,200,
1787722129.816948,container,10.0,10.0,34.969,False,200,
1787722129.9169478,container,10.0,10.0,32.536,False,200,
1787722130.016948,container,10.0,10.0,23.509,False,200,
1787722130.116948,container,10.0,10.0,33.829,False,200,
1787722130.216948,container,10.0,10.0,26.536,False,200,
1787722130.316948,container,10.0,10.0,27.413,False,200,
1787722130.4169478,container,10.0,10.0,32.143,False,200,
1787722130.516948,container,10.0,10.0,29.979,False,200,
1787722130.616948,container,10.0,10.0,34.426,False,200,
1787722130.716948,container,10.0,10.0,29.994,False,200,
1787722130.816948,container,10.0,10.0,35.881,False,200,
1787722130.9169478,container,10.0,10.0,30.675,False,200,
1787722131.016948,container,10.0,10.0,29.229,False,200,
1787722131.116948,container,10.0,10.0,33.743,False,200,
1787722131.216948,container,10.0,10.0,31.59,False,200,
1787722131.316948,container,10.0,10.0,27.397,False,200,
1787722131.4169478,container,10.0,10.0,27.44,False,200,
1787722131.516948,container,10.0,10.0,26.96,False,200,
1787722131.616948,container,10.0,10.0,31.392,False,200,
1787722131.716948,container,10.0,10.0,33.578,False,200,
1787722131.816948,container,10.0,10.0,37.312,False,200,
1787722131.9169478,container,10.0,10.0,27.253,False,200,
1787722132.016948,container,10.0,10.0,37.318,False,200,
1787722132.116948,container,10.0,10.0,25.459,False,200,
1787722132.216948,container,10.0,10.0,30.506,False,200,
1787722132.316948,container,10.0,10.0,35.723,False,200,
1787722132.4169478,container,10.0,10.0,33.687,False,200,
1787722132.516948,container,10.0,10.0,27.712,False,200,
1787722132.616948,container,10.0,10.0,31.759,False,200,
1787722132.716948,container,10.0,10.0,23.501,False,200,
1787722132.816948,container,10.0,10.0,29.8,False,200,
1787722132.9169478,container,10.0,10.0,22.867,False,200,
1787722133.016948,container,10.0,10.0,31.342,False,200,
1787722133.116948,container,10.0,10.0,32.613,False,200,
1787722133.216948,container,10.0,10.0,32.992,False,200,
1787722133.316948,container,10.0,10.0,30.737,False,200,
1787722133.4169478,container,10.0,10.0,51.347,False,200,
1787722133.516948,container,10.0,10.0,31.85,False,200,
1787722133.616948,container,10.0,10.0,26.958,False,200,
1787722133.716948,container,10.0,10.0,26.677,False,200,
1787722133.816948,container,10.0,10.0,27.785,False,200,
1787722133.9169478,container,10.0,10.0,29.777,False,200,
1787722134.016948,container,10.0,10.0,36.037,False,200,
1787722134.116948,container,10.0,10.0,40.183,False,200,
1787722134.216948,container,10.0,10.0,38.844,False,200,
1787722134.316948,container,10.0,10.0,29.604,False,200,
1787722134.4169478,container,10.0,10.0,32.199,False,200,
1787722134.516948,container,10.0,10.0,28.523,False,200,
1787722134.616948,container,10.0,10.0,35.002,False,200,
1787722134.716948,container,10.0,10.0,31.396,False,200,
1787722134.816948,container,10.0,10.0,21.977,False,200,
1787722134.9169478,container,10.0,10.0,26.648,False,200,
1787722135.016948,container,10.0,10.0,29.53,False,200,
1787722135.116948,container,10.0,10.0,19.06,False,200,
1787722135.216948,container,10.0,10.0,29.398,False,200,
1787722135.316948,container,10.0,10.0,32.071,False,200,
1787722135.4169478,container,10.0,10.0,35.989,False,200,
1787722135.516948,container,10.0,10.0,32.483,False,200,
1787722135.616948,container,10.0,10.0,27.736,False,200,
1787722135.716948,container,10.0,10.0,35.023,False,200,
1787722135.816948,container,10.0,10.0,35.498,False,200,
1787722135.9169478,container,10.0,10.0,35.902,False,200,
1787722136.016948,container,10.0,10.0,27.179,False,200,
1787722136.116948,container,10.0,10.0,29.793,False,200,
1787722136.216948,container,10.0,10.0,34.328,False,200,
1787722136.316948,container,10.0,10.0,32.445,False,200,
1787722136.4169478,container,10.0,10.0,31.927,False,200,
1787722136.516948,container,10.0,10.0,25.325,False,200,
1787722136.616948,container,10.0,10.0,33.118,False,200,
1787722136.716948,container,10.0,10.0,36.192,False,200,
1787722136.816948,container,10.0,10.0,27.22,False,200,
1787722136.9169478,container,10.0,10.0,25.281,False,200,
1787722137.016948,container,10.0,10.0,24.929,False,200,
1787722137.116948,container,10.0,10.0,47.8,False,200,
1787722137.216948,container,10.0,10.0,26.214,False,200,
1787722137.316948,container,10.0,10.0,25.511,False,200,
1787722137.4169478,container,10.0,10.0,30.561,False,200,
1787722137.516948,container,10.0,10.0,32.95,False,200,
1787722137.616948,container,10.0,10.0,27.689,False,200,
1787722137.716948,container,10.0,10.0,36.34,False,200,
1787722137.816948,container,10.0,10.0,32.338,False,200,
1787722137.9169478,container,10.0,10.0,29.09,False,200,
1787722138.016948,container,10.0,10.0,28.728,False,200,
1787722138.116948,container,10.0,10.0,35.986,False,200,
1787722138.216948,container,10.0,10.0,31.455,False,200,
1787722138.316948,container,10.0,10.0,39.551,False,200,
1787722138.4169478,container,10.0,10.0,31.556,False,200,
1787722138.516948,container,10.0,10.0,32.264,False,200,
1787722138.616948,container,10.0,10.0,35.002,False,200,
1787722138.716948,container,10.0,10.0,26.237,False,200,
1787722138.816948,container,10.0,10.0,28.155,False,200,
1787722138.9169478,container,10.0,10.0,30.084,False,200,
1787722139.016948,container,10.0,10.0,27.055,False,200,
1787722139.116948,container,10.0,10.0,23.846,False,200,
1787722139.216948,container,10.0,10.0,29.053,False,200,
1787722139.316948,container,10.0,10.0,23.812,False,200,
1787722139.4169478,container,10.0,10.0,27.011,False,200,
1787722139.516948,container,10.0,10.0,24.104,False,200,
1787722139.616948,container,10.0,10.0,29.04,False,200,
1787722139.716948,container,10.0,10.0,32.684,False,200,
1787722139.816948,container,10.0,10.0,23.724,False,200,
1787722139.9169478,container,10.0,10.0,31.219,False,200,
1787722140.016948,container,10.0,10.0,29.408,False,200,
1787722140.116948,container,10.0,10.0,31.761,False,200,
1787722140.216948,container,10.0,10.0,32.876,False,200,
1787722140.316948,container,10.0,10.0,30.527,False,200,
1787722140.4169478,container,10.0,10.0,34.038,False,200,
1787722140.516948,container,10.0,10.0,31.421,False,200,
1787722140.616948,container,10.0,10.0,25.894,False,200,
1787722140.716948,container,10.0,10.0,29.87,False,200,
1787722140.816948,container,10.0,10.0,32.684,False,200,
1787722140.9169478,container,10.0,10.0,34.995,False,200,
1787722141.016948,container,10.0,10.0,30.914,False,200,
1787722141.116948,container,10.0,10.0,32.327,False,200,
1787722141.216948,container,10.0,10.0,27.006,False,200,
1787722141.316948,container,10.0,10.0,28.582,False,200,
1787722141.4169478,container,10.0,10.0,24.721,False,200,
1787722141.516948,container,10.0,10.0,25.901,False,200,
1787722141.616948,container,10.0,10.0,31.153,False,200,
1787722141.716948,container,10.0,10.0,28.702,False,200,
1787722141.816948,container,10.0,10.0,27.02,False,200,
1787722141.9169478,container,10.0,10.0,31.658,False,200,
1787722142.016948,container,10.0,10.0,30.312,False,200,
1787722142.116948,container,10.0,10.0,22.741,False,200,
1787722142.216948,container,10.0,10.0,28.947,False,200,
1787722142.316948,container,10.0,10.0,30.594,False,200,
1787722142.4169478,container,10.0,10.0,37.657,False,200,
1787722142.516948,container,10.0,10.0,28.578,False,200,
1787722142.616948,container,10.0,10.0,30.577,False,200,
1787722142.716948,container,10.0,10.0,37.26,False,200,
1787722142.816948,container,10.0,10.0,33.554,False,200,
1787722142.9169478,container,10.0,10.0,24.196,False,200,
1787722143.016948,container,10.0,10.0,34.238,False,200,
1787722143.116948,container,10.0,10.0,40.138,False,200,
1787722143.216948,container,10.0,10.0,31.544,False,200,
1787722143.316948,container,10.0,10.0,26.179,False,200,
1787722143.4169478,container,10.0,10.0,29.973,False,200,
1787722143.516948,container,10.0,10.0,24.717,False,200,
1787722143.616948,container,10.0,10.0,25.264,False,200,
1787722143.716948,container,10.0,10.0,33.956,False,200,
1787722143.816948,container,10.0,10.0,29.101,False,200,
1787722143.9169478,container,10.0,10.0,31.477,False,200,
1787722144.016948,container,10.0,10.0,31.054,False,200,
1787722144.116948,container,10.0,10.0,30.154,False,200,
1787722144.216948,container,10.0,10.0,25.78,False,200,
1787722144.316948,container,10.0,10.0,27.206,False,200,
1787722144.4169478,container,10.0,10.0,30.113,False,200,
1787722144.516948,container,10.0,10.0,25.449,False,200,
1787722144.616948,container,10.0,10.0,29.069,False,200,
1787722144.716948,container,10.0,10.0,25.492,False,200,
1787722144.816948,container,10.0,10.0,35.796,False,200,
1787722144.9169478,container,10.0,10.0,29.733,False,200,
1787722145.016948,container,10.0,10.0,33.878,False,200,
1787722145.116948,container,10.0,10.0,27.606,False,200,
1787722145.216948,container,10.0,10.0,26.987,False,200,
1787722145.316948,container,10.0,10.0,27.731,False,200,
1787722145.4169478,container,10.0,10.0,34.655,False,200,
1787722145.516948,container,10.0,10.0,29.439,False,200,
1787722145.616948,container,10.0,10.0,33.187,False,200,
1787722145.716948,container,10.0,10.0,31.54,False,200,
1787722145.816948,container,10.0,10.0,35.364,False,200,
1787722145.9169478,container,10.0,10.0,40.063,False,200,
1787722146.016948,container,10.0,10.0,31.098,False,200,
1787722146.116948,container,10.0,10.0,29.115,False,200,
1787722146.216948,container,10.0,10.0,21.031,False,200,
1787722146.316948,container,10.0,10.0,33.043,False,200,
1787722146.4169478,container,10.0,10.0,27.725,False,200,
1787722146.516948,container,10.0,10.0,32.118,False,200,
1787722146.616948,container,10.0,10.0,25.004,False,200,
1787722146.716948,container,10.0,10.0,40.161,False,200,
1787722146.816948,container,10.0,10.0,27.82,False,200,
1787722146.9169478,container,10.0,10.0,30.573,False,200,
1787722147.016948,container,10.0,10.0,26.596,False,200,
1787722147.116948,container,10.0,10.0,30.687,False,200,
1787722147.216948,container,10.0,10.0,28.053,False,200,
1787722147.316948,container,10.0,10.0,26.739,False,200,
1787722147.4169478,container,10.0,10.0,25.916,False,200,
1787722147.516948,container,10.0,10.0,25.326,False,200,
1787722147.616948,container,10.0,10.0,20.42,False,200,
1787722147.716948,container,10.0,10.0,32.957,False,200,
1787722147.816948,container,10.0,10.0,27.903,False,200,
1787722147.9169478,container,10.0,10.0,38.571,False,200,
1787722148.016948,container,10.0,10.0,30.058,False,200,
1787722148.116948,container,10.0,10.0,26.2,False,200,
1787722148.216948,container,10.0,10.0,25.307,False,200,
1787722148.316948,container,10.0,10.0,26.443,False,200,
1787722148.4169478,container,10.0,10.0,29.719,False,200,
1787722148.516948,container,10.0,10.0,31.931,False,200,
1787722148.616948,container,10.0,10.0,32.265,False,200,
1787722148.716948,container,10.0,10.0,31.949,False,200,
1787722148.816948,container,10.0,10.0,30.264,False,200,
1787722148.9169478,container,10.0,10.0,23.213,False,200,
1787722149.016948,container,10.0,10.0,36.952,False,200,
1787722149.116948,container,10.0,10.0,28.536,False,200,
1787722149.216948,container,10.0,10.0,26.024,False,200,
1787722149.316948,container,10.0,10.0,29.573,False,200,
1787722149.4169478,container,10.0,10.0,25.589,False,200,
1787722149.516948,container,10.0,10.0,23.265,False,200,
1787722149.616948,container,10.0,10.0,29.364,False,200,
1787722149.716948,container,10.0,10.0,31.785,False,200,
1787722149.816948,container,10.0,10.0,36.252,False,200,
1787722149.9169478,container,10.0,10.0,31.728,False,200,
1787722150.016948,container,10.0,10.0,41.746,False,200,
1787722150.116948,container,10.0,10.0,31.395,False,200,
1787722150.216948,container,10.0,10.0,25.946,False,200,
1787722150.316948,container,10.0,10.0,33.167,False,200,
1787722150.4169478,container,10.0,10.0,36.888,False,200,
1787722150.516948,container,10.0,10.0,28.785,False,200,
1787722150.616948,container,10.0,10.0,35.909,False,200,
1787722150.716948,container,10.0,10.0,33.275,False,200,
1787722150.816948,container,10.0,10.0,24.958,False,200,
1787722150.9169478,container,10.0,10.0,25.096,False,200,
1787722151.016948,container,10.0,10.0,33.734,False,200,
1787722151.116948,container,10.0,10.0,32.033,False,200,
1787722151.216948,container,10.0,10.0,36.825,False,200,
1787722151.316948,container,10.0,10.0,31.211,False,200,
1787722151.4169478,container,10.0,10.0,29.243,False,200,
1787722151.516948,container,10.0,10.0,34.293,False,200,
1787722151.616948,container,10.0,10.0,32.516,False,200,
1787722151.716948,container,10.0,10.0,31.828,False,200,
1787722151.816948,container,10.0,10.0,26.087,False,200,
1787722151.9169478,container,10.0,10.0,27.152,False,200,
1787722152.016948,container,10.0,10.0,38.295,False,200,
1787722152.116948,container,10.0,10.0,27.444,False,200,
1787722152.216948,container,10.0,10.0,25.706,False,200,
1787722152.316948,container,10.0,10.0,32.177,False,200,
1787722152.4169478,container,10.0,10.0,32.311,False,200,
1787722152.516948,container,10.0,10.0,29.838,False,200,
1787722152.616948,container,10.0,10.0,33.89,False,200,
1787722152.716948,container,10.0,10.0,35.927,False,200,
1787722152.816948,container,10.0,10.0,32.725,False,200,
1787722152.9169478,container,10.0,10.0,29.481,False,200,
1787722153.016948,container,10.0,10.0,29.258,False,200,
1787722153.116948,container,10.0,10.0,25.887,False,200,
1787722153.216948,container,10.0,10.0,27.906,False,200,
1787722153.316948,container,10.0,10.0,35.9,False,200,
1787722153.4169478,container,10.0,10.0,31.607,False,200,
1787722153.516948,container,10.0,10.0,27.828,False,200,
1787722153.616948,container,10.0,10.0,31.244,False,200,
1787722153.716948,container,10.0,10.0,35.007,False,200,
1787722153.816948,container,10.0,10.0,32.947,False,200,
1787722153.9169478,container,10.0,10.0,27.795,False,200,
1787722154.016948,container,10.0,10.0,26.908,False,200,
1787722154.116948,container,10.0,10.0,27.346,False,200,
1787722154.216948,container,10.0,10.0,30.424,False,200,
1787722154.316948,container,10.0,10.0,47.32,False,200,
1787722154.4169478,container,10.0,10.0,33.29,False,200,
1787722154.516948,container,10.0,10.0,30.838,False,200,
1787722154.616948,container,10.0,10.0,33.986,False,200,
1787722154.716948,container,10.0,10.0,33.674,False,200,
1787722154.816948,container,10.0,10.0,29.315,False,200,
1787722154.9169478,container,10.0,10.0,39.92,False,200,
1787722155.016948,container,10.0,10.0,40.464,False,200,
1787722155.116948,container,10.0,10.0,26.892,False,200,
1787722155.216948,container,10.0,10.0,32.285,False,200,
1787722155.316948,container,10.0,10.0,24.105,False,200,
1787722155.4169478,container,10.0,10.0,32.554,False,200,
1787722155.516948,container,10.0,10.0,43.538,False,200,
1787722155.616948,container,10.0,10.0,28.455,False,200,
1787722155.716948,container,10.0,10.0,30.922,False,200,
1787722155.816948,container,10.0,10.0,31.466,False,200,
1787722155.9169478,container,10.0,10.0,24.85,False,200,
1787722156.016948,container,10.0,10.0,33.107,False,200,
1787722156.116948,container,10.0,10.0,26.62,False,200,
1787722156.216948,container,10.0,10.0,32.084,False,200,
1787722156.316948,container,10.0,10.0,25.1,False,200,
1787722156.4169478,container,10.0,10.0,26.133,False,200,
1787722156.516948,container,10.0,10.0,25.954,False,200,
1787722156.616948,container,10.0,10.0,35.388,False,200,
1787722156.716948,container,10.0,10.0,29.648,False,200,
1787722156.816948,container,10.0,10.0,29.422,False,200,
1787722156.9169478,container,10.0,10.0,26.447,False,200,
1787722157.016948,container,10.0,10.0,38.147,False,200,
1787722157.116948,container,10.0,10.0,36.02,False,200,
1787722157.216948,container,10.0,10.0,30.217,False,200,
1787722157.316948,container,10.0,10.0,30.753,False,200,
1787722157.4169478,container,10.0,10.0,29.608,False,200,
1787722157.516948,container,10.0,10.0,28.272,False,200,
1787722157.616948,container,10.0,10.0,37.282,False,200,
1787722157.716948,container,10.0,10.0,26.658,False,200,
1787722157.816948,container,10.0,10.0,25.555,False,200,
1787722157.9169478,container,10.0,10.0,32.383,False,200,
1787722158.016948,container,10.0,10.0,32.485,False,200,
1787722158.116948,container,10.0,10.0,23.096,False,200,
1787722158.216948,container,10.0,10.0,28.64,False,200,
1787722158.316948,container,10.0,10.0,27.552,False,200,
1787722158.4169478,container,10.0,10.0,32.279,False,200,
1787722158.516948,container,10.0,10.0,29.241,False,200,
1787722158.616948,container,10.0,10.0,25.184,False,200,
1787722158.716948,container,10.0,10.0,25.158,False,200,
1787722158.816948,container,10.0,10.0,37.68,False,200,
1787722158.9169478,container,10.0,10.0,26.459,False,200,
1787722159.016948,container,10.0,10.0,34.972,False,200,
1787722159.116948,container,10.0,10.0,29.0,False,200,
1787722159.216948,container,10.0,10.0,26.194,False,200,
1787722159.316948,container,10.0,10.0,39.956,False,200,
1787722159.4169478,container,10.0,10.0,24.52,False,200,
1787722159.516948,container,10.0,10.0,34.091,False,200,
1787722159.616948,container,10.0,10.0,42.326,False,200,
1787722159.716948,container,10.0,10.0,31.456,False,200,
1787722159.816948,container,10.0,10.0,29.633,False,200,
1787722159.9169478,container,10.0,10.0,40.612,False,200,
1787722160.016948,container,10.0,10.0,36.774,False,200,
1787722160.116948,container,10.0,10.0,22.666,False,200,
1787722160.216948,container,10.0,10.0,29.769,False,200,
1787722160.316948,container,10.0,10.0,26.409,False,200,
1787722160.4169478,container,10.0,10.0,24.422,False,200,
1787722160.516948,container,10.0,10.0,32.353,False,200,
1787722160.616948,container,10.0,10.0,32.414,False,200,
1787722160.716948,container,10.0,10.0,31.775,False,200,
1787722160.816948,container,10.0,10.0,33.225,False,200,
1787722160.9169478,container,10.0,10.0,28.811,False,200,
1787722161.016948,container,10.0,10.0,30.279,False,200,
1787722161.116948,container,10.0,10.0,25.897,False,200,
1787722161.216948,container,10.0,10.0,38.427,False,200,
1787722161.316948,container,10.0,10.0,33.015,False,200,
1787722161.4169478,container,10.0,10.0,27.293,False,200,
1787722161.516948,container,10.0,10.0,34.22,False,200,
1787722161.616948,container,10.0,10.0,27.082,False,200,
1787722161.716948,container,10.0,10.0,25.592,False,200,
1787722161.816948,container,10.0,10.0,38.158,False,200,
1787722161.9169478,container,10.0,10.0,32.097,False,200,
1787722162.016948,container,10.0,10.0,37.182,False,200,
1787722162.116948,container,10.0,10.0,32.997,False,200,
1787722162.216948,container,10.0,10.0,32.19,False,200,
1787722162.316948,container,10.0,10.0,37.048,False,200,
1787722162.4169478,container,10.0,10.0,32.777,False,200,
1787722162.516948,container,10.0,10.0,37.196,False,200,
1787722162.616948,container,10.0,10.0,31.056,False,200,
1787722162.716948,container,10.0,10.0,32.676,False,200,
1787722162.816948,container,10.0,10.0,35.029,False,200,
1787722162.9169478,container,10.0,10.0,27.059,False,200,
1787722163.016948,container,10.0,10.0,27.08,False,200,
1787722163.116948,container,10.0,10.0,25.151,False,200,
1787722163.216948,container,10.0,10.0,46.104,False,200,
1787722163.316948,container,10.0,10.0,32.082,False,200,
1787722163.4169478,container,10.0,10.0,28.32,False,200,
1787722163.516948,container,10.0,10.0,30.051,False,200,
1787722163.616948,container,10.0,10.0,31.745,False,200,
1787722163.716948,container,10.0,10.0,37.939,False,200,
1787722163.816948,container,10.0,10.0,30.775,False,200,
1787722163.9169478,container,10.0,10.0,33.05,False,200,
1787722164.016948,container,10.0,10.0,29.73,False,200,
1787722164.116948,container,10.0,10.0,37.337,False,200,
1787722164.216948,container,10.0,10.0,22.321,False,200,
1787722164.316948,container,10.0,10.0,31.937,False,200,
1787722164.4169478,container,10.0,10.0,30.325,False,200,
1787722164.516948,container,10.0,10.0,28.302,False,200,
1787722164.616948,container,10.0,10.0,28.844,False,200,
1787722164.716948,container,10.0,10.0,27.693,False,200,
1787722164.816948,container,10.0,10.0,43.069,False,200,
1787722164.9169478,container,10.0,10.0,23.314,False,200,
1787722165.016948,container,10.0,10.0,31.278,False,200,
1787722165.116948,container,10.0,10.0,23.673,False,200,
1787722165.216948,container,10.0,10.0,29.308,False,200,
1787722165.316948,container,10.0,10.0,24.718,False,200,
1787722165.4169478,container,10.0,10.0,33.401,False,200,
1787722165.516948,container,10.0,10.0,29.699,False,200,
1787722165.616948,container,10.0,10.0,25.914,False,200,
1787722165.716948,container,10.0,10.0,38.876,False,200,
1787722165.816948,container,10.0,10.0,33.394,False,200,
1787722165.9169478,container,10.0,10.0,30.292,False,200,
1787722166.016948,container,10.0,10.0,37.257,False,200,
1787722166.116948,container,10.0,10.0,25.051,False,200,
1787722166.216948,container,10.0,10.0,23.141,False,200,
1787722166.316948,container,10.0,10.0,28.068,False,200,
1787722166.4169478,container,10.0,10.0,33.259,False,200,
1787722166.516948,container,10.0,10.0,22.815,False,200,
1787722166.616948,container,10.0,10.0,26.039,False,200,
1787722166.716948,container,10.0,10.0,24.189,False,200,
1787722166.816948,container,10.0,10.0,43.073,False,200,
1787722166.9169478,container,10.0,10.0,26.737,False,200,
1787722167.016948,container,10.0,10.0,20.237,False,200,
1787722167.116948,container,10.0,10.0,30.858,False,200,
1787722167.216948,container,10.0,10.0,29.338,False,200,
1787722167.316948,container,10.0,10.0,33.771,False,200,
1787722167.4169478,container,10.0,10.0,33.896,False,200,
1787722167.516948,container,10.0,10.0,25.926,False,200,
1787722167.616948,container,10.0,10.0,35.159,False,200,
1787722167.716948,container,10.0,10.0,39.118,False,200,
1787722167.816948,container,10.0,10.0,30.819,False,200,
1787722167.9169478,container,10.0,10.0,34.972,False,200,
1787722168.016948,container,10.0,10.0,30.053,False,200,
1787722168.116948,container,10.0,10.0,39.444,False,200,
1787722168.216948,container,10.0,10.0,26.189,False,200,
1787722168.316948,container,10.0,10.0,36.964,False,200,
1787722168.4169478,container,10.0,10.0,30.377,False,200,
1787722168.516948,container,10.0,10.0,33.284,False,200,
1787722168.616948,container,10.0,10.0,27.052,False,200,
1787722168.716948,container,10.0,10.0,32.031,False,200,
1787722168.816948,container,10.0,10.0,29.699,False,200,
1787722168.9169478,container,10.0,10.0,22.262,False,200,
1787722169.016948,container,10.0,10.0,31.613,False,200,
1787722169.116948,container,10.0,10.0,31.186,False,200,
1787722169.216948,container,10.0,10.0,27.418,False,200,
1787722169.316948,container,10.0,10.0,27.238,False,200,
1787722169.4169478,container,10.0,10.0,36.211,False,200,
1787722169.516948,container,10.0,10.0,27.304,False,200,
1787722169.616948,container,10.0,10.0,41.833,False,200,
1787722169.716948,container,10.0,10.0,29.064,False,200,
1787722169.816948,container,10.0,10.0,31.757,False,200,
1787722169.9169478,container,10.0,10.0,33.026,False,200,
1787722170.016948,container,10.0,10.0,31.803,False,200,
1787722170.116948,container,10.0,10.0,27.947,False,200,
1787722170.216948,container,10.0,10.0,25.64,False,200,
1787722170.316948,container,10.0,10.0,38.326,False,200,
1787722170.4169478,container,10.0,10.0,28.578,False,200,
1787722170.516948,container,10.0,10.0,31.474,False,200,
1787722170.616948,container,10.0,10.0,32.633,False,200,
1787722170.716948,container,10.0,10.0,35.199,False,200,
1787722170.816948,container,10.0,10.0,36.109,False,200,
1787722170.9169478,container,10.0,10.0,33.864,False,200,
1787722171.016948,container,10.0,10.0,34.462,False,200,
1787722171.116948,container,10.0,10.0,24.717,False,200,
1787722171.216948,container,10.0,10.0,27.366,False,200,
1787722171.316948,container,10.0,10.0,30.848,False,200,
1787722171.4169478,container,10.0,10.0,22.638,False,200,
1787722171.516948,container,10.0,10.0,30.96,False,200,
1787722171.616948,container,10.0,10.0,23.82,False,200,
1787722171.716948,container,10.0,10.0,28.592,False,200,
1787722171.816948,container,10.0,10.0,26.587,False,200,
1787722171.9169478,container,10.0,10.0,32.049,False,200,
1787722172.016948,container,10.0,10.0,31.16,False,200,
1787722172.116948,container,10.0,10.0,28.731,False,200,
1787722172.216948,container,10.0,10.0,33.408,False,200,
1787722172.316948,container,10.0,10.0,25.777,False,200,
1787722172.4169478,container,10.0,10.0,36.613,False,200,
1787722172.516948,container,10.0,10.0,25.842,False,200,
1787722172.616948,container,10.0,10.0,26.303,False,200,
1787722172.716948,container,10.0,10.0,39.468,False,200,
1787722172.816948,container,10.0,10.0,33.296,False,200,
1787722172.9169478,container,10.0,10.0,28.937,False,200,
1787722173.016948,container,10.0,10.0,27.816,False,200,
1787722173.116948,container,10.0,10.0,32.982,False,200,
1787722173.216948,container,10.0,10.0,26.02,False,200,
1787722173.316948,container,10.0,10.0,32.198,False,200,
1787722173.4169478,container,10.0,10.0,24.943,False,200,
1787722173.516948,container,10.0,10.0,47.491,False,200,
1787722173.616948,container,10.0,10.0,30.829,False,200,
1787722173.716948,container,10.0,10.0,25.85,False,200,
1787722173.816948,container,10.0,10.0,35.135,False,200,
1787722173.9169478,container,10.0,10.0,28.116,False,200,
1787722174.016948,container,10.0,10.0,23.512,False,200,
1787722174.116948,container,10.0,10.0,37.237,False,200,
1787722174.216948,container,10.0,10.0,32.986,False,200,
1787722174.316948,container,10.0,10.0,32.249,False,200,
1787722174.4169478,container,10.0,10.0,33.257,False,200,
1787722174.516948,container,10.0,10.0,25.298,False,200,
1787722174.616948,container,10.0,10.0,32.545,False,200,
1787722174.716948,container,10.0,10.0,25.085,False,200,
1787722174.816948,container,10.0,10.0,29.644,False,200,
1787722174.9169478,container,10.0,10.0,32.926,False,200,
1787722175.016948,container,10.0,10.0,25.598,False,200,
1787722175.116948,container,10.0,10.0,28.122,False,200,
1787722175.216948,container,10.0,10.0,21.866,False,200,
1787722175.316948,container,10.0,10.0,37.626,False,200,
1787722175.4169478,container,10.0,10.0,26.41,False,200,
1787722175.516948,container,10.0,10.0,27.888,False,200,
1787722175.616948,container,10.0,10.0,29.944,False,200,
1787722175.716948,container,10.0,10.0,32.319,False,200,
1787722175.816948,container,10.0,10.0,31.719,False,200,
1787722175.9169478,container,10.0,10.0,31.362,False,200,
1787722176.016948,container,10.0,10.0,27.606,False,200,
1787722176.116948,container,10.0,10.0,23.847,False,200,
1787722176.216948,container,10.0,10.0,29.029,False,200,
1787722176.316948,container,10.0,10.0,26.037,False,200,
1787722176.4169478,container,10.0,10.0,33.53,False,200,
1787722176.516948,container,10.0,10.0,28.528,False,200,
1787722176.616948,container,10.0,10.0,30.687,False,200,
1787722176.716948,container,10.0,10.0,33.034,False,200,
1787722176.816948,container,10.0,10.0,28.418,False,200,
1787722176.9169478,container,10.0,10.0,18.246,False,200,
1787722177.016948,container,10.0,10.0,30.095,False,200,
1787722177.116948,container,10.0,10.0,31.816,False,200,
1787722177.216948,container,10.0,10.0,30.716,False,200,
1787722177.316948,container,10.0,10.0,28.457,False,200,
1787722177.4169478,container,10.0,10.0,31.519,False,200,
1787722177.516948,container,10.0,10.0,33.186,False,200,
1787722177.616948,container,10.0,10.0,35.69,False,200,
1787722177.716948,container,10.0,10.0,29.785,False,200,
1787722177.816948,container,10.0,10.0,30.545,False,200,
1787722177.9169478,container,10.0,10.0,23.774,False,200,
1787722178.016948,container,10.0,10.0,34.237,False,200,
1787722178.116948,container,10.0,10.0,30.426,False,200,
1787722178.216948,container,10.0,10.0,30.118,False,200,
1787722178.316948,container,10.0,10.0,35.898,False,200,
1787722178.4169478,container,10.0,10.0,30.901,False,200,
1787722178.516948,container,10.0,10.0,29.335,False,200,
1787722178.616948,container,10.0,10.0,31.916,False,200,
1787722178.716948,container,10.0,10.0,34.523,False,200,
1787722178.816948,container,10.0,10.0,22.944,False,200,
1787722178.9169478,container,10.0,10.0,26.127,False,200,
1787722179.016948,container,10.0,10.0,30.97,False,200,
1787722179.116948,container,10.0,10.0,31.647,False,200,
1787722179.216948,container,10.0,10.0,27.629,False,200,
1787722179.316948,container,10.0,10.0,32.55,False,200,
1787722179.4169478,container,10.0,10.0,29.009,False,200,
1787722179.516948,container,10.0,10.0,23.84,False,200,
1787722179.616948,container,10.0,10.0,27.838,False,200,
1787722179.716948,container,10.0,10.0,24.941,False,200,
1787722179.816948,container,10.0,10.0,29.986,False,200,
1787722179.9169478,container,10.0,10.0,25.867,False,200,
1787722180.016948,container,10.0,10.0,24.829,False,200,
1787722180.116948,container,10.0,10.0,31.917,False,200,
1787722180.216948,container,10.0,10.0,28.272,False,200,
1787722180.316948,container,10.0,10.0,26.111,False,200,
1787722180.4169478,container,10.0,10.0,30.938,False,200,
1787722180.516948,container,10.0,10.0,27.895,False,200,
1787722180.616948,container,10.0,10.0,35.238,False,200,
1787722180.716948,container,10.0,10.0,32.437,False,200,
1787722180.816948,container,10.0,10.0,30.344,False,200,
1787722180.9169478,container,10.0,10.0,25.233,False,200,
1787722181.016948,container,10.0,10.0,31.885,False,200,
1787722181.116948,container,10.0,10.0,22.989,False,200,
1787722181.216948,container,10.0,10.0,25.435,False,200,
1787722181.316948,container,10.0,10.0,37.183,False,200,
1787722181.4169478,container,10.0,10.0,42.411,False,200,
1787722181.516948,container,10.0,10.0,31.668,False,200,
1787722181.616948,container,10.0,10.0,30.141,False,200,
1787722181.716948,container,10.0,10.0,39.242,False,200,
1787722181.816948,container,10.0,10.0,27.753,False,200,
1787722181.9169478,container,10.0,10.0,35.996,False,200,
1787722182.016948,container,10.0,10.0,31.736,False,200,
1787722182.116948,container,10.0,10.0,30.685,False,200,
1787722182.216948,container,10.0,10.0,33.368,False,200,
1787722182.316948,container,10.0,10.0,31.177,False,200,
1787722182.4169478,container,10.0,10.0,32.244,False,200,
1787722182.516948,container,10.0,10.0,24.28,False,200,
1787722182.616948,container,10.0,10.0,28.909,False,200,
1787722182.716948,container,10.0,10.0,32.861,False,200,
1787722182.816948,container,10.0,10.0,27.739,False,200,
1787722182.9169478,container,10.0,10.0,37.103,False,200,
1787722183.016948,container,10.0,10.0,32.997,False,200,
1787722183.116948,container,10.0,10.0,33.065,False,200,
1787722183.216948,container,10.0,10.0,29.861,False,200,
1787722183.316948,container,10.0,10.0,30.851,False,200,
1787722183.4169478,container,10.0,10.0,39.016,False,200,
1787722183.516948,container,10.0,10.0,25.904,False,200,
1787722183.616948,container,10.0,10.0,28.262,False,200,
1787722183.716948,container,10.0,10.0,27.205,False,200,
1787722183.816948,container,10.0,10.0,26.429,False,200,
1787722183.9169478,container,10.0,10.0,30.822,False,200,
1787722184.016948,container,10.0,10.0,24.556,False,200,
1787722184.116948,container,10.0,10.0,32.216,False,200,
1787722184.216948,container,10.0,10.0,40.183,False,200,
1787722184.316948,container,10.0,10.0,25.112,False,200,
1787722184.4169478,container,10.0,10.0,24.622,False,200,
1787722184.516948,container,10.0,10.0,36.557,False,200,
1787722184.616948,container,10.0,10.0,35.074,False,200,
1787722184.716948,container,10.0,10.0,38.656,False,200,
1787722184.816948,container,10.0,10.0,26.926,False,200,
1787722184.9169478,container,10.0,10.0,30.663,False,200,
1787722185.016948,container,10.0,10.0,24.651,False,200,
1787722185.116948,container,10.0,10.0,25.838,False,200,
1787722185.216948,container,10.0,10.0,26.982,False,200,
1787722185.316948,container,10.0,10.0,36.044,False,200,
1787722185.4169478,container,10.0,10.0,44.722,False,200,
1787722185.516948,container,10.0,10.0,20.937,False,200,
1787722185.616948,container,10.0,10.0,24.57,False,200,
1787722185.716948,container,10.0,10.0,24.863,False,200,
1787722185.816948,container,10.0,10.0,34.935,False,200,
1787722185.9169478,container,10.0,10.0,28.201,False,200,
1787722186.016948,container,10.0,10.0,28.755,False,200,
1787722186.116948,container,10.0,10.0,25.071,False,200,
1787722186.216948,container,10.0,10.0,25.888,False,200,
1787722186.316948,container,10.0,10.0,28.183,False,200,
1787722186.4169478,container,10.0,10.0,37.6,False,200,
1787722186.516948,container,10.0,10.0,25.728,False,200,
1787722186.616948,container,10.0,10.0,25.772,False,200,
1787722186.716948,container,10.0,10.0,24.619,False,200,
1787722186.816948,container,10.0,10.0,32.723,False,200,
1787722186.9169478,container,10.0,10.0,34.267,False,200,
1787722187.016948,container,10.0,10.0,35.178,False,200,
1787722187.116948,container,10.0,10.0,26.429,False,200,
1787722187.216948,container,10.0,10.0,39.98,False,200,
1787722187.316948,container,10.0,10.0,33.36,False,200,
1787722187.4169478,container,10.0,10.0,23.704,False,200,
1787722187.516948,container,10.0,10.0,38.042,False,200,
1787722187.616948,container,10.0,10.0,28.82,False,200,
1787722187.716948,container,10.0,10.0,23.316,False,200,
1787722187.816948,container,10.0,10.0,28.017,False,200,
1787722187.9169478,container,10.0,10.0,28.337,False,200,
1787722188.016948,container,10.0,10.0,26.033,False,200,
1787722188.116948,container,10.0,10.0,32.46,False,200,
1787722188.216948,container,10.0,10.0,28.92,False,200,
1787722188.316948,container,10.0,10.0,28.84,False,200,
1787722188.4169478,container,10.0,10.0,21.606,False,200,
1787722188.516948,container,10.0,10.0,40.172,False,200,
1787722188.616948,container,10.0,10.0,32.829,False,200,
1787722188.716948,container,10.0,10.0,34.678,False,200,
1787722188.816948,container,10.0,10.0,24.479,False,200,
1787722188.9169478,container,10.0,10.0,20.091,False,200,
1787722189.016948,container,10.0,10.0,30.006,False,200,
1787722189.116948,container,10.0,10.0,28.144,False,200,
1787722189.216948,container,10.0,10.0,23.12,False,200,
1787722189.316948,container,10.0,10.0,30.663,False,200,
1787722189.4169478,container,10.0,10.0,26.962,False,200,
1787722189.516948,container,10.0,10.0,26.83,False,200,
1787722189.616948,container,10.0,10.0,28.179,False,200,
1787722189.716948,container,10.0,10.0,27.131,False,200,
1787722189.816948,container,10.0,10.0,23.619,False,200,
1787722189.9169478,container,10.0,10.0,30.279,False,200,
1787722190.016948,container,10.0,10.0,36.11,False,200,
1787722190.116948,container,10.0,10.0,33.018,False,200,
1787722190.216948,container,10.0,10.0,26.565,False,200,
1787722190.316948,container,10.0,10.0,25.914,False,200,
1787722190.4169478,container,10.0,10.0,36.206,False,200,
1787722190.516948,container,10.0,10.0,30.069,False,200,
1787722190.616948,container,10.0,10.0,30.697,False,200,
1787722190.716948,container,10.0,10.0,33.405,False,200,
1787722190.816948,container,10.0,10.0,25.492,False,200,
1787722190.9169478,container,10.0,10.0,33.116,False,200,
1787722191.016948,container,10.0,10.0,34.802,False,200,
1787722191.116948,container,10.0,10.0,24.832,False,200,
1787722191.216948,container,10.0,10.0,37.901,False,200,
1787722191.316948,container,10.0,10.0,23.787,False,200,
1787722191.4169478,container,10.0,10.0,27.532,False,200,
1787722191.516948,container,10.0,10.0,32.552,False,200,
1787722191.616948,container,10.0,10.0,32.987,False,200,
1787722191.716948,container,10.0,10.0,32.994,False,200,
1787722191.816948,container,10.0,10.0,28.491,False,200,
1787722191.9169478,container,10.0,10.0,28.73,False,200,
1787722192.016948,container,10.0,10.0,32.308,False,200,
1787722192.116948,container,10.0,10.0,31.795,False,200,
1787722192.216948,container,10.0,10.0,29.912,False,200,
1787722192.316948,container,10.0,10.0,27.7,False,200,
1787722192.4169478,container,10.0,10.0,28.886,False,200,
1787722192.516948,container,10.0,10.0,32.921,False,200,
1787722192.616948,container,10.0,10.0,27.242,False,200,
1787722192.716948,container,10.0,10.0,32.713,False,200,
1787722192.816948,container,10.0,10.0,29.83,False,200,
1787722192.9169478,container,10.0,10.0,26.677,False,200,
1787722193.016948,container,10.0,10.0,29.058,False,200,
1787722193.116948,container,10.0,10.0,29.449,False,200,
1787722193.216948,container,10.0,10.0,24.38,False,200,
1787722193.316948,container,10.0,10.0,26.836,False,200,
1787722193.4169478,container,10.0,10.0,34.216,False,200,
1787722193.516948,container,10.0,10.0,27.263,False,200,
1787722193.616948,container,10.0,10.0,33.378,False,200,
1787722193.716948,container,10.0,10.0,31.751,False,200,
1787722193.816948,container,10.0,10.0,23.431,False,200,
1787722193.9169478,container,10.0,10.0,32.434,False,200,
1787722194.016948,container,10.0,10.0,23.466,False,200,
1787722194.116948,container,10.0,10.0,25.497,False,200,
1787722194.216948,container,10.0,10.0,30.917,False,200,
1787722194.316948,container,10.0,10.0,24.538,False,200,
1787722194.4169478,container,10.0,10.0,33.127,False,200,
1787722194.516948,container,10.0,10.0,35.405,False,200,
1787722194.616948,container,10.0,10.0,25.767,False,200,
1787722194.716948,container,10.0,10.0,36.388,False,200,
1787722194.816948,container,10.0,10.0,33.281,False,200,
1787722194.9169478,container,10.0,10.0,31.214,False,200,
1787722195.016948,container,10.0,10.0,26.277,False,200,
1787722195.116948,container,10.0,10.0,27.072,False,200,
1787722195.216948,container,10.0,10.0,30.331,False,200,
1787722195.316948,container,10.0,10.0,33.99,False,200,
1787722195.4169478,container,10.0,10.0,28.885,False,200,
1787722195.516948,container,10.0,10.0,31.554,False,200,
1787722195.616948,container,10.0,10.0,27.061,False,200,
1787722195.716948,container,10.0,10.0,27.448,False,200,
1787722195.816948,container,10.0,10.0,28.54,False,200,
1787722195.9169478,container,10.0,10.0,30.445,False,200,
1787722196.016948,container,10.0,10.0,24.775,False,200,
1787722196.116948,container,10.0,10.0,33.834,False,200,
1787722196.216948,container,10.0,10.0,24.01,False,200,
1787722196.316948,container,10.0,10.0,26.83,False,200,
1787722196.4169478,container,10.0,10.0,35.126,False,200,
1787722196.516948,container,10.0,10.0,33.402,False,200,
1787722196.616948,container,10.0,10.0,22.114,False,200,
1787722196.716948,container,10.0,10.0,28.998,False,200,
1787722196.816948,container,10.0,10.0,41.333,False,200,
1787722196.9169478,container,10.0,10.0,32.339,False,200,
1787722197.016948,container,10.0,10.0,34.202,False,200,
1787722197.116948,container,10.0,10.0,25.855,False,200,
1787722197.216948,container,10.0,10.0,28.643,False,200,
1787722197.316948,container,10.0,10.0,31.331,False,200,
1787722197.4169478,container,10.0,10.0,26.808,False,200,
1787722197.516948,container,10.0,10.0,33.506,False,200,
1787722197.616948,container,10.0,10.0,28.693,False,200,
1787722197.716948,container,10.0,10.0,31.012,False,200,
1787722197.816948,container,10.0,10.0,42.926,False,200,
1787722197.9169478,container,10.0,10.0,34.158,False,200,
1787722198.016948,container,10.0,10.0,19.473,False,200,
1787722198.116948,container,10.0,10.0,37.722,False,200,
1787722198.216948,container,10.0,10.0,29.659,False,200,
1787722198.316948,container,10.0,10.0,26.073,False,200,
1787722198.4169478,container,10.0,10.0,30.305,False,200,
1787722198.516948,container,10.0,10.0,25.838,False,200,
1787722198.616948,container,10.0,10.0,36.731,False,200,
1787722198.716948,container,10.0,10.0,24.23,False,200,
1787722198.816948,container,10.0,10.0,33.187,False,200,
1787722198.9169478,container,10.0,10.0,26.658,False,200,
1787722199.016948,container,10.0,10.0,29.567,False,200,
1787722199.116948,container,10.0,10.0,29.053,False,200,
1787722199.216948,container,10.0,10.0,29.052,False,200,
1787722199.316948,container,10.0,10.0,33.896,False,200,
1787722199.4169478,container,10.0,10.0,38.854,False,200,
1787722199.516948,container,10.0,10.0,29.707,False,200,
1787722199.616948,container,10.0,10.0,30.808,False,200,
1787722199.716948,container,10.0,10.0,29.376,False,200,
1787722199.816948,container,10.0,10.0,23.603,False,200,
1787722199.9169478,container,10.0,10.0,35.434,False,200,
1787722200.016948,container,10.0,10.0,32.371,False,200,
1787722200.116948,container,10.0,10.0,41.307,False,200,
1787722200.216948,container,10.0,10.0,37.874,False,200,
1787722200.316948,container,10.0,10.0,25.519,False,200,
1787722200.4169478,container,10.0,10.0,26.663,False,200,
1787722200.516948,container,10.0,10.0,32.515,False,200,
1787722200.616948,container,10.0,10.0,31.661,False,200,
1787722200.716948,container,10.0,10.0,36.261,False,200,
1787722200.816948,container,10.0,10.0,37.623,False,200,
1787722200.9169478,container,10.0,10.0,26.208,False,200,
1787722201.016948,container,10.0,10.0,31.115,False,200,
1787722201.116948,container,10.0,10.0,31.374,False,200,
1787722201.216948,container,10.0,10.0,29.865,False,200,
1787722201.316948,container,10.0,10.0,37.053,False,200,
1787722201.4169478,container,10.0,10.0,30.65,False,200,
1787722201.516948,container,10.0,10.0,31.593,False,200,
1787722201.616948,container,10.0,10.0,32.944,False,200,
1787722201.716948,container,10.0,10.0,28.581,False,200,
1787722201.816948,container,10.0,10.0,46.273,False,200,
1787722201.9169478,container,10.0,10.0,32.995,False,200,
1787722202.016948,container,10.0,10.0,30.634,False,200,
1787722202.116948,container,10.0,10.0,25.45,False,200,
1787722202.216948,container,10.0,10.0,27.894,False,200,
1787722202.316948,container,10.0,10.0,31.244,False,200,
1787722202.4169478,container,10.0,10.0,24.516,False,200,
1787722202.516948,container,10.0,10.0,31.926,False,200,
1787722202.616948,container,10.0,10.0,35.368,False,200,
1787722202.716948,container,10.0,10.0,26.928,False,200,
1787722202.816948,container,10.0,10.0,25.063,False,200,
1787722202.9169478,container,10.0,10.0,24.308,False,200,
1787722203.016948,container,10.0,10.0,25.193,False,200,
1787722203.116948,container,10.0,10.0,30.472,False,200,
1787722203.216948,container,10.0,10.0,33.313,False,200,
1787722203.316948,container,10.0,10.0,28.992,False,200,
1787722203.4169478,container,10.0,10.0,27.547,False,200,
1787722203.516948,container,10.0,10.0,28.002,False,200,
1787722203.616948,container,10.0,10.0,31.83,False,200,
1787722203.716948,container,10.0,10.0,32.418,False,200,
1787722203.816948,container,10.0,10.0,31.025,False,200,
1787722203.9169478,container,10.0,10.0,31.573,False,200,
1787722204.016948,container,10.0,10.0,26.847,False,200,
1787722204.116948,container,10.0,10.0,31.211,False,200,
1787722204.216948,container,10.0,10.0,29.617,False,200,
1787722204.316948,container,10.0,10.0,35.722,False,200,
1787722204.4169478,container,10.0,10.0,31.678,False,200,
1787722204.516948,container,10.0,10.0,30.375,False,200,
1787722204.616948,container,10.0,10.0,25.075,False,200,
1787722204.716948,container,10.0,10.0,30.471,False,200,
1787722204.816948,container,10.0,10.0,29.922,False,200,
1787722204.9169478,container,10.0,10.0,27.6,False,200,
1787722205.016948,container,10.0,10.0,36.567,False,200,
1787722205.116948,container,10.0,10.0,51.261,False,200,
1787722205.216948,container,10.0,10.0,32.738,False,200,
1787722205.316948,container,10.0,10.0,27.129,False,200,
1787722205.4169478,container,10.0,10.0,32.338,False,200,
1787722205.516948,container,10.0,10.0,28.649,False,200,
1787722205.616948,container,10.0,10.0,28.953,False,200,
1787722205.716948,container,10.0,10.0,34.428,False,200,
1787722205.816948,container,10.0,10.0,26.684,False,200,
1787722205.9169478,container,10.0,10.0,33.153,False,200,
1787722206.016948,container,10.0,10.0,28.28,False,200,
1787722206.116948,container,10.0,10.0,27.742,False,200,
1787722206.216948,container,10.0,10.0,31.57,False,200,
1787722206.316948,container,10.0,10.0,32.209,False,200,
1787722206.4169478,container,10.0,10.0,31.756,False,200,
1787722206.516948,container,10.0,10.0,35.708,False,200,
1787722206.616948,container,10.0,10.0,29.129,False,200,
1787722206.716948,container,10.0,10.0,25.195,False,200,
1787722206.816948,container,10.0,10.0,30.65,False,200,
1787722206.9169478,container,10.0,10.0,25.639,False,200,
1787722207.016948,container,10.0,10.0,26.452,False,200,
1787722207.116948,container,10.0,10.0,27.468,False,200,
1787722207.216948,container,10.0,10.0,31.761,False,200,
1787722207.316948,container,10.0,10.0,30.373,False,200,
1787722207.4169478,container,10.0,10.0,41.763,False,200,
1787722207.516948,container,10.0,10.0,27.128,False,200,
1787722207.616948,container,10.0,10.0,30.132,False,200,
1787722207.716948,container,10.0,10.0,30.311,False,200,
1787722207.816948,container,10.0,10.0,30.948,False,200,
1787722207.9169478,container,10.0,10.0,23.813,False,200,
1787722208.016948,container,10.0,10.0,25.902,False,200,
1787722208.116948,container,10.0,10.0,33.745,False,200,
1787722208.216948,container,10.0,10.0,30.295,False,200,
1787722208.316948,container,10.0,10.0,28.94,False,200,
1787722208.4169478,container,10.0,10.0,26.608,False,200,
1787722208.516948,container,10.0,10.0,34.892,False,200,
1787722208.616948,container,10.0,10.0,24.858,False,200,
1787722208.716948,container,10.0,10.0,31.374,False,200,
1787722208.816948,container,10.0,10.0,27.251,False,200,
1787722208.9169478,container,10.0,10.0,33.09,False,200,
1787722209.016948,container,10.0,10.0,26.367,False,200,
1787722209.116948,container,10.0,10.0,30.496,False,200,
1787722209.216948,container,10.0,10.0,30.151,False,200,
1787722209.316948,container,10.0,10.0,30.247,False,200,
1787722209.4169478,container,10.0,10.0,21.898,False,200,
1787722209.516948,container,10.0,10.0,27.075,False,200,
1787722209.616948,container,10.0,10.0,37.546,False,200,
1787722209.716948,container,10.0,10.0,24.382,False,200,
1787722209.816948,container,10.0,10.0,29.09,False,200,
1787722209.9169478,container,10.0,10.0,32.909,False,200,
1787722210.016948,container,10.0,10.0,26.173,False,200,
1787722210.116948,container,10.0,10.0,39.814,False,200,
1787722210.216948,container,10.0,10.0,33.663,False,200,
1787722210.316948,container,10.0,10.0,37.594,False,200,
1787722210.4169478,container,10.0,10.0,26.802,False,200,
1787722210.516948,container,10.0,10.0,29.739,False,200,
1787722210.616948,container,10.0,10.0,27.982,False,200,
1787722210.716948,container,10.0,10.0,23.685,False,200,
1787722210.816948,container,10.0,10.0,33.685,False,200,
1787722210.9169478,container,10.0,10.0,33.103,False,200,
1787722211.016948,container,10.0,10.0,40.763,False,200,
1787722211.116948,container,10.0,10.0,19.404,False,200,
1787722211.216948,container,10.0,10.0,31.446,False,200,
1787722211.316948,container,10.0,10.0,27.758,False,200,
1787722211.4169478,container,10.0,10.0,18.787,False,200,
1787722211.516948,container,10.0,10.0,29.479,False,200,
1787722211.616948,container,10.0,10.0,31.196,False,200,
1787722211.716948,container,10.0,10.0,31.874,False,200,
1787722211.816948,container,10.0,10.0,26.012,False,200,
1787722211.9169478,container,10.0,10.0,42.029,False,200,
1787722212.016948,container,10.0,10.0,23.969,False,200,
1787722212.116948,container,10.0,10.0,19.932,False,200,
1787722212.216948,container,10.0,10.0,29.782,False,200,
1787722212.316948,container,10.0,10.0,32.42,False,200,
1787722212.4169478,container,10.0,10.0,21.612,False,200,
1787722212.516948,container,10.0,10.0,35.811,False,200,
1787722212.616948,container,10.0,10.0,36.206,False,200,
1787722212.716948,container,10.0,10.0,36.348,False,200,
1787722212.816948,container,10.0,10.0,35.144,False,200,
1787722212.9169478,container,10.0,10.0,35.313,False,200,
1787722213.016948,container,10.0,10.0,29.467,False,200,
1787722213.116948,container,10.0,10.0,29.735,False,200,
1787722213.216948,container,10.0,10.0,29.13,False,200,
1787722213.316948,container,10.0,10.0,32.49,False,200,
1787722213.4169478,container,10.0,10.0,33.885,False,200,
1787722213.516948,container,10.0,10.0,23.293,False,200,
1787722213.616948,container,10.0,10.0,28.891,False,200,
1787722213.716948,container,10.0,10.0,25.796,False,200,
1787722213.816948,container,10.0,10.0,29.829,False,200,
1787722213.9169478,container,10.0,10.0,27.32,False,200,
1787722214.016948,container,10.0,10.0,32.663,False,200,
1787722214.116948,container,10.0,10.0,27.784,False,200,
1787722214.216948,container,10.0,10.0,32.202,False,200,
1787722214.316948,container,10.0,10.0,28.699,False,200,
1787722214.4169478,container,10.0,10.0,27.051,False,200,
1787722214.516948,container,10.0,10.0,31.373,False,200,
1787722214.616948,container,10.0,10.0,28.467,False,200,
1787722214.716948,container,10.0,10.0,27.242,False,200,
1787722214.816948,container,10.0,10.0,26.607,False,200,
1787722214.9169478,container,10.0,10.0,31.269,False,200,
1787722215.016948,container,10.0,10.0,33.858,False,200,
1787722215.116948,container,10.0,10.0,28.356,False,200,
1787722215.216948,container,10.0,10.0,28.774,False,200,
1787722215.316948,container,10.0,10.0,26.576,False,200,
1787722215.4169478,container,10.0,10.0,24.283,False,200,
1787722215.516948,container,10.0,10.0,26.215,False,200,
1787722215.616948,container,10.0,10.0,32.597,False,200,
1787722215.716948,container,10.0,10.0,25.524,False,200,
1787722215.816948,container,10.0,10.0,32.536,False,200,
1787722215.9169478,container,10.0,10.0,28.808,False,200,
1787722216.016948,container,10.0,10.0,34.506,False,200,
1787722216.116948,container,10.0,10.0,22.827,False,200,
1787722216.216948,container,10.0,10.0,39.903,False,200,
1787722216.316948,container,10.0,10.0,27.145,False,200,
1787722216.4169478,container,10.0,10.0,36.705,False,200,
1787722216.516948,container,10.0,10.0,27.325,False,200,
1787722216.616948,container,10.0,10.0,22.336,False,200,
1787722216.716948,container,10.0,10.0,40.156,False,200,
1787722216.816948,container,10.0,10.0,37.116,False,200,
1787722216.9169478,container,10.0,10.0,27.377,False,200,
1787722217.016948,container,10.0,10.0,23.181,False,200,
1787722217.116948,container,10.0,10.0,32.246,False,200,
1787722217.216948,container,10.0,10.0,39.88,False,200,
1787722217.316948,container,10.0,10.0,22.25,False,200,
1787722217.4169478,container,10.0,10.0,30.752,False,200,
1787722217.516948,container,10.0,10.0,26.628,False,200,
1787722217.616948,container,10.0,10.0,43.15,False,200,
1787722217.716948,container,10.0,10.0,31.078,False,200,
1787722217.816948,container,10.0,10.0,31.014,False,200,
1787722217.9169478,container,10.0,10.0,30.958,False,200,
1787722218.016948,container,10.0,10.0,29.511,False,200,
1787722218.116948,container,10.0,10.0,29.996,False,200,
1787722218.216948,container,10.0,10.0,30.692,False,200,
1787722218.316948,container,10.0,10.0,31.188,False,200,
1787722218.4169478,container,10.0,10.0,26.644,False,200,
1787722218.516948,container,10.0,10.0,28.728,False,200,
1787722218.616948,container,10.0,10.0,22.735,False,200,
1787722218.716948,container,10.0,10.0,37.274,False,200,
1787722218.816948,container,10.0,10.0,25.93,False,200,
1787722218.9169478,container,10.0,10.0,32.7,False,200,
1787722219.016948,container,10.0,10.0,28.933,False,200,
1787722219.116948,container,10.0,10.0,30.739,False,200,
1787722219.216948,container,10.0,10.0,27.293,False,200,
1787722219.316948,container,10.0,10.0,38.654,False,200,
1787722219.4169478,container,10.0,10.0,33.79,False,200,
1787722219.516948,container,10.0,10.0,23.735,False,200,
1787722219.616948,container,10.0,10.0,27.721,False,200,
1787722219.716948,container,10.0,10.0,22.596,False,200,
1787722219.816948,container,10.0,10.0,32.833,False,200,
1787722219.9169478,container,10.0,10.0,23.747,False,200,
1787722220.016948,container,10.0,10.0,32.061,False,200,
1787722220.116948,container,10.0,10.0,33.75,False,200,
1787722220.216948,container,10.0,10.0,29.848,False,200,
1787722220.316948,container,10.0,10.0,26.28,False,200,
1787722220.4169478,container,10.0,10.0,28.651,False,200,
1787722220.516948,container,10.0,10.0,30.058,False,200,
1787722220.616948,container,10.0,10.0,34.055,False,200,
1787722220.716948,container,10.0,10.0,36.526,False,200,
1787722220.816948,container,10.0,10.0,29.635,False,200,
1787722220.9169478,container,10.0,10.0,30.924,False,200,
1787722221.016948,container,10.0,10.0,27.571,False,200,
1787722221.116948,container,10.0,10.0,27.698,False,200,
1787722221.216948,container,10.0,10.0,34.218,False,200,
1787722221.316948,container,10.0,10.0,30.618,False,200,
1787722221.4169478,container,10.0,10.0,22.316,False,200,
1787722221.516948,container,10.0,10.0,30.992,False,200,
1787722221.616948,container,10.0,10.0,34.934,False,200,
1787722221.716948,container,10.0,10.0,32.198,False,200,
1787722221.816948,container,10.0,10.0,24.869,False,200,
1787722221.9169478,container,10.0,10.0,39.243,False,200,
1787722222.016948,container,10.0,10.0,34.253,False,200,
1787722222.116948,container,10.0,10.0,27.106,False,200,
1787722222.216948,container,10.0,10.0,30.104,False,200,
1787722222.316948,container,10.0,10.0,27.497,False,200,
1787722222.4169478,container,10.0,10.0,28.949,False,200,
1787722222.516948,container,10.0,10.0,32.098,False,200,
1787722222.616948,container,10.0,10.0,29.508,False,200,
1787722222.716948,container,10.0,10.0,26.934,False,200,
1787722222.816948,container,10.0,10.0,26.312,False,200,
1787722222.9169478,container,10.0,10.0,29.714,False,200,
1787722223.016948,container,10.0,10.0,31.388,False,200,
1787722223.116948,container,10.0,10.0,22.916,False,200,
1787722223.216948,container,10.0,10.0,27.486,False,200,
1787722223.316948,container,10.0,10.0,31.577,False,200,
1787722223.4169478,container,10.0,10.0,29.017,False,200,
1787722223.516948,container,10.0,10.0,28.64,False,200,
1787722223.616948,container,10.0,10.0,32.523,False,200,
1787722223.716948,container,10.0,10.0,32.537,False,200,
1787722223.816948,container,10.0,10.0,29.379,False,200,
1787722223.9169478,container,10.0,10.0,27.614,False,200,
1787722224.016948,container,10.0,10.0,30.04,False,200,
1787722224.116948,container,10.0,10.0,35.171,False,200,
1787722224.216948,container,10.0,10.0,23.409,False,200,
1787722224.316948,container,10.0,10.0,30.894,False,200,
1787722224.4169478,container,10.0,10.0,32.518,False,200,
1787722224.516948,container,10.0,10.0,28.186,False,200,
1787722224.616948,container,10.0,10.0,24.759,False,200,
1787722224.716948,container,10.0,10.0,24.28,False,200,
1787722224.816948,container,10.0,10.0,26.964,False,200,
1787722224.9169478,container,10.0,10.0,20.485,False,200,
1787722225.016948,container,10.0,10.0,27.949,False,200,
1787722225.116948,container,10.0,10.0,37.322,False,200,
1787722225.216948,container,10.0,10.0,25.2,False,200,
1787722225.316948,container,10.0,10.0,23.931,False,200,
1787722225.4169478,container,10.0,10.0,35.628,False,200,
1787722225.516948,container,10.0,10.0,31.354,False,200,
1787722225.616948,container,10.0,10.0,30.156,False,200,
1787722225.716948,container,10.0,10.0,39.02,False,200,
1787722225.816948,container,10.0,10.0,29.575,False,200,
1787722225.9169478,container,10.0,10.0,29.638,False,200,
1787722226.016948,container,10.0,10.0,31.63,False,200,
1787722226.116948,container,10.0,10.0,43.408,False,200,
1787722226.216948,container,10.0,10.0,30.022,False,200,
1787722226.316948,container,10.0,10.0,29.429,False,200,
1787722226.4169478,container,10.0,10.0,45.437,False,200,
1787722226.516948,container,10.0,10.0,24.3,False,200,
1787722226.616948,container,10.0,10.0,27.682,False,200,
1787722226.716948,container,10.0,10.0,30.051,False,200,
1787722226.816948,container,10.0,10.0,35.253,False,200,
1787722226.9169478,container,10.0,10.0,27.516,False,200,
1787722227.016948,container,10.0,10.0,37.453,False,200,
1787722227.116948,container,10.0,10.0,27.293,False,200,
1787722227.216948,container,10.0,10.0,37.897,False,200,
1787722227.316948,container,10.0,10.0,24.595,False,200,
1787722227.4169478,container,10.0,10.0,29.685,False,200,
1787722227.516948,container,10.0,10.0,30.816,False,200,
1787722227.616948,container,10.0,10.0,29.068,False,200,
1787722227.716948,container,10.0,10.0,35.528,False,200,
1787722227.816948,container,10.0,10.0,26.1,False,200,
1787722227.9169478,container,10.0,10.0,31.908,False,200,
1787722228.016948,container,10.0,10.0,33.87,False,200,
1787722228.116948,container,10.0,10.0,35.446,False,200,
1787722228.216948,container,10.0,10.0,26.314,False,200,
1787722228.316948,container,10.0,10.0,28.071,False,200,
1787722228.4169478,container,10.0,10.0,31.632,False,200,
1787722228.516948,container,10.0,10.0,35.629,False,200,
1787722228.616948,container,10.0,10.0,24.332,False,200,
1787722228.716948,container,10.0,10.0,31.656,False,200,
1787722228.816948,container,10.0,10.0,30.257,False,200,
1787722228.9169478,container,10.0,10.0,36.869,False,200,
1787722229.016948,container,10.0,10.0,23.772,False,200,
1787722229.116948,container,10.0,10.0,25.137,False,200,
1787722229.216948,container,10.0,10.0,27.955,False,200,
1787722229.316948,container,10.0,10.0,33.808,False,200,
1787722229.4169478,container,10.0,10.0,28.576,False,200,
1787722229.516948,container,10.0,10.0,31.652,False,200,
1787722229.616948,container,10.0,10.0,31.273,False,200,
1787722229.716948,container,10.0,10.0,24.101,False,200,
1787722229.816948,container,10.0,10.0,26.167,False,200,
1787722229.9169478,container,10.0,10.0,33.365,False,200,
1787722230.016948,container,10.0,10.0,37.927,False,200,
1787722230.116948,container,10.0,10.0,33.013,False,200,
1787722230.216948,container,10.0,10.0,32.004,False,200,
1787722230.316948,container,10.0,10.0,27.158,False,200,
1787722230.4169478,container,10.0,10.0,34.154,False,200,
1787722230.516948,container,10.0,10.0,27.456,False,200,
1787722230.616948,container,10.0,10.0,27.716,False,200,
1787722230.716948,container,10.0,10.0,40.474,False,200,
1787722230.816948,container,10.0,10.0,36.69,False,200,
1787722230.9169478,container,10.0,10.0,25.239,False,200,
1787722231.016948,container,10.0,10.0,30.695,False,200,
1787722231.116948,container,10.0,10.0,32.201,False,200,
1787722231.216948,container,10.0,10.0,31.538,False,200,
1787722231.316948,container,10.0,10.0,25.014,False,200,
1787722231.4169478,container,10.0,10.0,29.498,False,200,
1787722231.516948,container,10.0,10.0,23.521,False,200,
1787722231.616948,container,10.0,10.0,35.25,False,200,
1787722231.716948,container,10.0,10.0,25.216,False,200,
1787722231.816948,container,10.0,10.0,19.973,False,200,
1787722231.9169478,container,10.0,10.0,39.325,False,200,
1787722232.016948,container,10.0,10.0,28.358,False,200,
1787722232.116948,container,10.0,10.0,34.894,False,200,
1787722232.216948,container,10.0,10.0,27.729,False,200,
1787722232.316948,container,10.0,10.0,29.808,False,200,
1787722232.4169478,container,10.0,10.0,39.983,False,200,
1787722232.516948,container,10.0,10.0,33.845,False,200,
1787722232.616948,container,10.0,10.0,30.885,False,200,
1787722232.716948,container,10.0,10.0,31.33,False,200,
1787722232.816948,container,10.0,10.0,42.144,False,200,
1787722232.9169478,container,10.0,10.0,27.073,False,200,
1787722233.016948,container,10.0,10.0,28.487,False,200,
1787722233.116948,container,10.0,10.0,31.241,False,200,
1787722233.216948,container,10.0,10.0,30.898,False,200,
1787722233.316948,container,10.0,10.0,38.197,False,200,
1787722233.4169478,container,10.0,10.0,26.185,False,200,
1787722233.516948,container,10.0,10.0,33.735,False,200,
1787722233.616948,container,10.0,10.0,28.739,False,200,
1787722233.716948,container,10.0,10.0,24.947,False,200,
1787722233.816948,container,10.0,10.0,26.508,False,200,
1787722233.9169478,container,10.0,10.0,30.13,False,200,
1787722234.016948,container,10.0,10.0,33.268,False,200,
1787722234.116948,container,10.0,10.0,27.908,False,200,
1787722234.216948,container,10.0,10.0,33.838,False,200,
1787722234.316948,container,10.0,10.0,31.145,False,200,
1787722234.4169478,container,10.0,10.0,30.758,False,200,
1787722234.516948,container,10.0,10.0,32.664,False,200,
1787722234.616948,container,10.0,10.0,29.678,False,200,
1787722234.716948,container,10.0,10.0,27.253,False,200,
1787722234.816948,container,10.0,10.0,30.867,False,200,
1787722234.9169478,container,10.0,10.0,35.589,False,200,
1787722235.016948,container,10.0,10.0,25.086,False,200,
1787722235.116948,container,10.0,10.0,22.181,False,200,
1787722235.216948,container,10.0,10.0,31.726,False,200,
1787722235.316948,container,10.0,10.0,22.809,False,200,
1787722235.4169478,container,10.0,10.0,31.183,False,200,
1787722235.516948,container,10.0,10.0,25.974,False,200,
1787722235.616948,container,10.0,10.0,32.827,False,200,
1787722235.716948,container,10.0,10.0,32.033,False,200,
1787722235.816948,container,10.0,10.0,21.13,False,200,
1787722235.9169478,container,10.0,10.0,22.904,False,200,
1787722236.016948,container,10.0,10.0,27.022,False,200,
1787722236.116948,container,10.0,10.0,37.518,False,200,
1787722236.216948,container,10.0,10.0,21.323,False,200,
1787722236.316948,container,10.0,10.0,28.3,False,200,
1787722236.4169478,container,10.0,10.0,34.661,False,200,
1787722236.516948,container,10.0,10.0,30.747,False,200,
1787722236.616948,container,10.0,10.0,29.681,False,200,
1787722236.716948,container,10.0,10.0,22.502,False,200,
1787722236.816948,container,10.0,10.0,35.505,False,200,
1787722236.9169478,container,10.0,10.0,26.22,False,200,
1787722237.016948,container,10.0,10.0,33.781,False,200,
1787722237.116948,container,10.0,10.0,22.321,False,200,
1787722237.216948,container,10.0,10.0,34.492,False,200,
1787722237.316948,container,10.0,10.0,24.011,False,200,
1787722237.4169478,container,10.0,10.0,34.208,False,200,
1787722237.516948,container,10.0,10.0,27.2,False,200,
1787722237.616948,container,10.0,10.0,23.504,False,200,
1787722237.716948,container,10.0,10.0,30.102,False,200,
1787722237.816948,container,10.0,10.0,26.449,False,200,
1787722237.9169478,container,10.0,10.0,27.014,False,200,
1787722238.016948,container,10.0,10.0,39.856,False,200,
1787722238.116948,container,10.0,10.0,36.042,False,200,
1787722238.216948,container,10.0,10.0,29.068,False,200,
1787722238.316948,container,10.0,10.0,24.289,False,200,
1787722238.4169478,container,10.0,10.0,43.497,False,200,
1787722238.516948,container,10.0,10.0,33.494,False,200,
1787722238.616948,container,10.0,10.0,28.879,False,200,
1787722238.716948,container,10.0,10.0,30.432,False,200,
1787722238.816948,container,10.0,10.0,29.292,False,200,
1787722238.9169478,container,10.0,10.0,30.18,False,200,
1787722239.016948,container,10.0,10.0,32.633,False,200,
1787722239.116948,container,10.0,10.0,30.597,False,200,
1787722239.216948,container,10.0,10.0,35.732,False,200,
1787722239.316948,container,10.0,10.0,26.275,False,200,
1787722239.4169478,container,10.0,10.0,31.755,False,200,
1787722239.516948,container,10.0,10.0,29.9,False,200,
1787722239.616948,container,10.0,10.0,31.692,False,200,
1787722239.716948,container,10.0,10.0,21.614,False,200,
1787722239.816948,container,10.0,10.0,39.03,False,200,
1787722239.9169478,container,10.0,10.0,23.39,False,200,
1787722240.016948,container,10.0,10.0,30.034,False,200,
1787722240.116948,container,10.0,10.0,34.095,False,200,
1787722240.216948,container,10.0,10.0,24.211,False,200,
1787722240.316948,container,10.0,10.0,32.485,False,200,
1787722240.4169478,container,10.0,10.0,34.728,False,200,
1787722240.516948,container,10.0,10.0,24.316,False,200,
1787722240.616948,container,10.0,10.0,35.84,False,200,
1787722240.716948,container,10.0,10.0,27.019,False,200,
1787722240.816948,container,10.0,10.0,31.012,False,200,
1787722240.9169478,container,10.0,10.0,25.546,False,200,
1787722241.016948,container,10.0,10.0,25.688,False,200,
1787722241.116948,container,10.0,10.0,27.068,False,200,
1787722241.216948,container,10.0,10.0,24.419,False,200,
1787722241.316948,container,10.0,10.0,25.131,False,200,
1787722241.4169478,container,10.0,10.0,32.836,False,200,
1787722241.516948,container,10.0,10.0,26.587,False,200,
1787722241.616948,container,10.0,10.0,29.562,False,200,
1787722241.716948,container,10.0,10.0,32.36,False,200,
1787722241.816948,container,10.0,10.0,29.447,False,200,
1787722241.9169478,container,10.0,10.0,33.359,False,200,
1787722242.016948,container,10.0,10.0,32.126,False,200,
1787722242.116948,container,10.0,10.0,30.296,False,200,
1787722242.216948,container,10.0,10.0,27.978,False,200,
1787722242.316948,container,10.0,10.0,27.99,False,200,
1787722242.4169478,container,10.0,10.0,42.699,False,200,
1787722242.516948,container,10.0,10.0,28.585,False,200,
1787722242.616948,container,10.0,10.0,35.77,False,200,
1787722242.716948,container,10.0,10.0,29.345,False,200,
1787722242.816948,container,10.0,10.0,29.318,False,200,
1787722242.9169478,container,10.0,10.0,30.399,False,200,
1787722243.016948,container,10.0,10.0,31.485,False,200,
1787722243.116948,container,10.0,10.0,32.297,False,200,
1787722243.216948,container,10.0,10.0,30.676,False,200,
1787722243.316948,container,10.0,10.0,27.249,False,200,
1787722243.4169478,container,10.0,10.0,30.635,False,200,
1787722243.516948,container,10.0,10.0,32.261,False,200,
1787722243.616948,container,10.0,10.0,40.258,False,200,
1787722243.716948,container,10.0,10.0,32.576,False,200,
1787722243.816948,container,10.0,10.0,28.222,False,200,
1787722243.9169478,container,10.0,10.0,31.375,False,200,
1787722244.016948,container,10.0,10.0,24.636,False,200,
1787722244.116948,container,10.0,10.0,24.465,False,200,
1787722244.216948,container,10.0,10.0,36.212,False,200,
1787722244.316948,container,10.0,10.0,31.214,False,200,
1787722244.4169478,container,10.0,10.0,23.949,False,200,
1787722244.516948,container,10.0,10.0,25.667,False,200,
1787722244.616948,container,10.0,10.0,25.497,False,200,
1787722244.716948,container,10.0,10.0,24.661,False,200,
1787722244.816948,container,10.0,10.0,28.381,False,200,
1787722244.9169478,container,10.0,10.0,32.685,False,200,
1787722245.016948,container,10.0,10.0,21.94,False,200,
1787722245.116948,container,10.0,10.0,31.543,False,200,
1787722245.216948,container,10.0,10.0,36.265,False,200,
1787722245.316948,container,10.0,10.0,33.655,False,200,
1787722245.4169478,container,10.0,10.0,27.255,False,200,
1787722245.516948,container,10.0,10.0,22.212,False,200,
1787722245.616948,container,10.0,10.0,30.47,False,200,
1787722245.716948,container,10.0,10.0,22.523,False,200,
1787722245.816948,container,10.0,10.0,26.613,False,200,
1787722245.9169478,container,10.0,10.0,28.245,False,200,
1787722246.016948,container,10.0,10.0,27.337,False,200,
1787722246.116948,container,10.0,10.0,35.051,False,200,
1787722246.216948,container,10.0,10.0,37.898,False,200,
1787722246.316948,container,10.0,10.0,22.369,False,200,
1787722246.4169478,container,10.0,10.0,29.65,False,200,
1787722246.516948,container,10.0,10.0,41.427,False,200,
1787722246.616948,container,10.0,10.0,35.435,False,200,
1787722246.716948,container,10.0,10.0,22.503,False,200,
1787722246.816948,container,10.0,10.0,25.291,False,200,
1787722246.9169478,container,10.0,10.0,27.9,False,200,
1787722247.016948,container,10.0,10.0,30.825,False,200,
1787722247.116948,container,10.0,10.0,29.869,False,200,
1787722247.216948,container,10.0,10.0,27.231,False,200,
1787722247.316948,container,10.0,10.0,28.787,False,200,
1787722247.4169478,container,10.0,10.0,27.909,False,200,
1787722247.516948,container,10.0,10.0,23.658,False,200,
1787722247.616948,container,10.0,10.0,25.408,False,200,
1787722247.716948,container,10.0,10.0,34.661,False,200,
1787722247.816948,container,10.0,10.0,22.589,False,200,
1787722247.9169478,container,10.0,10.0,27.976,False,200,
1787722248.016948,container,10.0,10.0,42.29,False,200,
1787722248.116948,container,10.0,10.0,28.076,False,200,
1787722248.216948,container,10.0,10.0,40.003,False,200,
1787722248.316948,container,10.0,10.0,29.909,False,200,
1787722248.4169478,container,10.0,10.0,30.398,False,200,
1787722248.516948,container,10.0,10.0,24.982,False,200,
1787722248.616948,container,10.0,10.0,27.539,False,200,
1787722248.716948,container,10.0,10.0,23.534,False,200,
1787722248.816948,container,10.0,10.0,35.809,False,200,
1787722248.9169478,container,10.0,10.0,25.287,False,200,
1787722249.016948,container,10.0,10.0,28.552,False,200,
1787722249.116948,container,10.0,10.0,35.564,False,200,
1787722249.216948,container,10.0,10.0,36.596,False,200,
1787722249.316948,container,10.0,10.0,34.708,False,200,
1787722249.4169478,container,10.0,10.0,31.008,False,200,
1787722249.516948,container,10.0,10.0,20.208,False,200,
1787722249.616948,container,10.0,10.0,32.748,False,200,
1787722249.716948,container,10.0,10.0,25.584,False,200,
1787722249.816948,container,10.0,10.0,38.896,False,200,
1787722249.9169478,container,10.0,10.0,27.107,False,200,
1787722250.016948,container,10.0,10.0,30.629,False,200,
1787722250.116948,container,10.0,10.0,32.053,False,200,
1787722250.216948,container,10.0,10.0,37.745,False,200,
1787722250.316948,container,10.0,10.0,35.023,False,200,
1787722250.4169478,container,10.0,10.0,29.001,False,200,
1787722250.516948,container,10.0,10.0,29.38,False,200,
1787722250.616948,container,10.0,10.0,25.731,False,200,
1787722250.716948,container,10.0,10.0,30.629,False,200,
1787722250.816948,container,10.0,10.0,32.27,False,200,
1787722250.9169478,container,10.0,10.0,29.599,False,200,
1787722251.016948,container,10.0,10.0,31.809,False,200,
1787722251.116948,container,10.0,10.0,39.106,False,200,
1787722251.216948,container,10.0,10.0,28.784,False,200,
1787722251.316948,container,10.0,10.0,34.394,False,200,
1787722251.4169478,container,10.0,10.0,36.257,False,200,
1787722251.516948,container,10.0,10.0,30.99,False,200,
1787722251.616948,container,10.0,10.0,28.855,False,200,
1787722251.716948,container,10.0,10.0,31.144,False,200,
1787722251.816948,container,10.0,10.0,40.55,False,200,
1787722251.9169478,container,10.0,10.0,32.797,False,200,
1787722252.016948,container,10.0,10.0,27.228,False,200,
1787722252.116948,container,10.0,10.0,27.988,False,200,
1787722252.216948,container,10.0,10.0,27.767,False,200,
1787722252.316948,container,10.0,10.0,25.412,False,200,
1787722252.4169478,container,10.0,10.0,26.121,False,200,
1787722252.516948,container,10.0,10.0,37.742,False,200,
1787722252.616948,container,10.0,10.0,26.485,False,200,
1787722252.716948,container,10.0,10.0,36.371,False,200,
1787722252.816948,container,10.0,10.0,26.454,False,200,
1787722252.9169478,container,10.0,10.0,31.029,False,200,
1787722253.016948,container,10.0,10.0,29.18,False,200,
1787722253.116948,container,10.0,10.0,28.459,False,200,
1787722253.216948,container,10.0,10.0,33.772,False,200,
1787722253.316948,container,10.0,10.0,24.833,False,200,
1787722253.4169478,container,10.0,10.0,29.093,False,200,
1787722253.516948,container,10.0,10.0,26.644,False,200,
1787722253.616948,container,10.0,10.0,32.427,False,200,
1787722253.716948,container,10.0,10.0,21.574,False,200,
1787722253.816948,container,10.0,10.0,34.949,False,200,
1787722253.9169478,container,10.0,10.0,31.614,False,200,
1787722254.016948,container,10.0,10.0,26.449,False,200,
1787722254.116948,container,10.0,10.0,30.463,False,200,
1787722254.216948,container,10.0,10.0,36.335,False,200,
1787722254.316948,container,10.0,10.0,26.571,False,200,
1787722254.4169478,container,10.0,10.0,32.06,False,200,
1787722254.516948,container,10.0,10.0,31.526,False,200,
1787722254.616948,container,10.0,10.0,38.964,False,200,
1787722254.716948,container,10.0,10.0,30.616,False,200,
1787722254.816948,container,10.0,10.0,30.148,False,200,
1787722254.9169478,container,10.0,10.0,31.732,False,200,
1787722255.016948,container,10.0,10.0,21.005,False,200,
1787722255.116948,container,10.0,10.0,30.711,False,200,
1787722255.216948,container,10.0,10.0,22.471,False,200,
1787722255.316948,container,10.0,10.0,34.306,False,200,
1787722255.4169478,container,10.0,10.0,33.181,False,200,
1787722255.516948,container,10.0,10.0,32.5,False,200,
1787722255.616948,container,10.0,10.0,31.622,False,200,
1787722255.716948,container,10.0,10.0,33.244,False,200,
1787722255.816948,container,10.0,10.0,29.517,False,200,
1787722255.9169478,container,10.0,10.0,29.32,False,200,
1787722256.016948,container,10.0,10.0,43.778,False,200,
1787722256.116948,container,10.0,10.0,31.24,False,200,
1787722256.216948,container,10.0,10.0,26.807,False,200,
1787722256.316948,container,10.0,10.0,30.609,False,200,
1787722256.4169478,container,10.0,10.0,25.288,False,200,
1787722256.516948,container,10.0,10.0,29.4,False,200,
1787722256.616948,container,10.0,10.0,34.71,False,200,
1787722256.716948,container,10.0,10.0,32.299,False,200,
1787722256.816948,container,10.0,10.0,33.757,False,200,
1787722256.9169478,container,10.0,10.0,30.029,False,200,
1787722257.016948,container,10.0,10.0,28.597,False,200,
1787722257.116948,container,10.0,10.0,29.645,False,200,
1787722257.216948,container,10.0,10.0,28.631,False,200,
1787722257.316948,container,10.0,10.0,32.148,False,200,
1787722257.4169478,container,10.0,10.0,34.593,False,200,
1787722257.516948,container,10.0,10.0,31.027,False,200,
1787722257.616948,container,10.0,10.0,42.758,False,200,
1787722257.716948,container,10.0,10.0,25.884,False,200,
1787722257.816948,container,10.0,10.0,27.248,False,200,
1787722257.9169478,container,10.0,10.0,33.941,False,200,
1787722258.016948,container,10.0,10.0,25.231,False,200,
1787722258.116948,container,10.0,10.0,33.99,False,200,
1787722258.216948,container,10.0,10.0,29.356,False,200,
1787722258.316948,container,10.0,10.0,23.234,False,200,
1787722258.4169478,container,10.0,10.0,32.63,False,200,
1787722258.516948,container,10.0,10.0,28.428,False,200,
1787722258.616948,container,10.0,10.0,31.248,False,200,
1787722258.716948,container,10.0,10.0,28.437,False,200,
1787722258.816948,container,10.0,10.0,26.146,False,200,
1787722258.9169478,container,10.0,10.0,31.716,False,200,
1787722259.016948,container,10.0,10.0,27.11,False,200,
1787722259.116948,container,10.0,10.0,26.792,False,200,
1787722259.216948,container,10.0,10.0,30.234,False,200,
1787722259.316948,container,10.0,10.0,29.319,False,200,
1787722259.4169478,container,10.0,10.0,26.128,False,200,
1787722259.516948,container,10.0,10.0,43.494,False,200,
1787722259.616948,container,10.0,10.0,32.063,False,200,
1787722259.716948,container,10.0,10.0,32.119,False,200,
1787722259.816948,container,10.0,10.0,29.46,False,200,
1787722259.9169478,container,10.0,10.0,29.416,False,200,
1787722260.016948,container,10.0,10.0,31.092,False,200,
1787722260.116948,container,10.0,10.0,32.312,False,200,
1787722260.216948,container,10.0,10.0,39.68,False,200,
1787722260.316948,container,10.0,10.0,36.805,False,200,
1787722260.4169478,container,10.0,10.0,26.907,False,200,
1787722260.516948,container,10.0,10.0,25.429,False,200,
1787722260.616948,container,10.0,10.0,25.271,False,200,
1787722260.716948,container,10.0,10.0,38.981,False,200,
1787722260.816948,container,10.0,10.0,39.503,False,200,
1787722260.9169478,container,10.0,10.0,23.62,False,200,
1787722261.016948,container,10.0,10.0,33.393,False,200,
1787722261.116948,container,10.0,10.0,30.899,False,200,
1787722261.216948,container,10.0,10.0,28.497,False,200,
1787722261.316948,container,10.0,10.0,35.617,False,200,
1787722261.4169478,container,10.0,10.0,24.721,False,200,
1787722261.516948,container,10.0,10.0,26.852,False,200,
1787722261.616948,container,10.0,10.0,37.627,False,200,
1787722261.716948,container,10.0,10.0,36.463,False,200,
1787722261.816948,container,10.0,10.0,33.86,False,200,
1787722261.9169478,container,10.0,10.0,30.093,False,200,
1787722262.016948,container,10.0,10.0,28.282,False,200,
1787722262.116948,container,10.0,10.0,33.242,False,200,
1787722262.216948,container,10.0,10.0,28.686,False,200,
1787722262.316948,container,10.0,10.0,36.776,False,200,
1787722262.4169478,container,10.0,10.0,41.766,False,200,
1787722262.516948,container,10.0,10.0,30.555,False,200,
1787722262.616948,container,10.0,10.0,26.955,False,200,
1787722262.716948,container,10.0,10.0,32.939,False,200,
1787722262.816948,container,10.0,10.0,31.022,False,200,
1787722262.9169478,container,10.0,10.0,33.136,False,200,
1787722263.016948,container,10.0,10.0,26.356,False,200,
1787722263.116948,container,10.0,10.0,27.793,False,200,
1787722263.216948,container,10.0,10.0,32.155,False,200,
1787722263.316948,container,10.0,10.0,28.799,False,200,
1787722263.4169478,container,10.0,10.0,35.92,False,200,
1787722263.516948,container,10.0,10.0,33.95,False,200,
1787722263.616948,container,10.0,10.0,35.227,False,200,
1787722263.716948,container,10.0,10.0,23.465,False,200,
1787722263.816948,container,10.0,10.0,30.632,False,200,
1787722263.9169478,container,10.0,10.0,36.891,False,200,
1787722264.016948,container,10.0,10.0,29.046,False,200,
1787722264.116948,container,10.0,10.0,26.662,False,200,
1787722264.216948,container,10.0,10.0,29.378,False,200,
1787722264.316948,container,10.0,10.0,26.882,False,200,
1787722264.4169478,container,10.0,10.0,32.827,False,200,
1787722264.516948,container,10.0,10.0,30.794,False,200,
1787722264.616948,container,10.0,10.0,34.339,False,200,
1787722264.716948,container,10.0,10.0,32.196,False,200,
1787722264.816948,container,10.0,10.0,33.151,False,200,
1787722264.9169478,container,10.0,10.0,27.897,False,200,
1787722265.016948,container,10.0,10.0,29.059,False,200,
1787722265.116948,container,10.0,10.0,31.601,False,200,
1787722265.216948,container,10.0,10.0,30.128,False,200,
1787722265.316948,container,10.0,10.0,27.71,False,200,
1787722265.4169478,container,10.0,10.0,31.133,False,200,
1787722265.516948,container,10.0,10.0,25.581,False,200,
1787722265.616948,container,10.0,10.0,30.045,False,200,
1787722265.716948,container,10.0,10.0,31.465,False,200,
1787722265.816948,container,10.0,10.0,38.363,False,200,
1787722265.9169478,container,10.0,10.0,22.857,False,200,
1787722266.016948,container,10.0,10.0,30.381,False,200,
1787722266.116948,container,10.0,10.0,32.281,False,200,
1787722266.216948,container,10.0,10.0,28.732,False,200,
1787722266.316948,container,10.0,10.0,19.274,False,200,
1787722266.4169478,container,10.0,10.0,26.806,False,200,
1787722266.516948,container,10.0,10.0,34.356,False,200,
1787722266.616948,container,10.0,10.0,31.695,False,200,
1787722266.716948,container,10.0,10.0,38.023,False,200,
1787722266.816948,container,10.0,10.0,25.306,False,200,
1787722266.9169478,container,10.0,10.0,28.416,False,200,
1787722267.016948,container,10.0,10.0,29.372,False,200,
1787722267.116948,container,10.0,10.0,28.878,False,200,
1787722267.216948,container,10.0,10.0,27.698,False,200,
1787722267.316948,container,10.0,10.0,27.06,False,200,
1787722267.4169478,container,10.0,10.0,37.673,False,200,
1787722267.516948,container,10.0,10.0,25.9,False,200,
1787722267.616948,container,10.0,10.0,37.78,False,200,
1787722267.716948,container,10.0,10.0,26.751,False,200,
1787722267.816948,container,10.0,10.0,36.002,False,200,
1787722267.9169478,container,10.0,10.0,23.246,False,200,
1787722268.016948,container,10.0,10.0,28.127,False,200,
1787722268.116948,container,10.0,10.0,33.149,False,200,
1787722268.216948,container,10.0,10.0,46.749,False,200,
1787722268.316948,container,10.0,10.0,36.228,False,200,
1787722268.4169478,container,10.0,10.0,26.492,False,200,
1787722268.516948,container,10.0,10.0,34.131,False,200,
1787722268.616948,container,10.0,10.0,28.38,False,200,
1787722268.716948,container,10.0,10.0,26.288,False,200,
1787722268.816948,container,10.0,10.0,33.196,False,200,
1787722268.9169478,container,10.0,10.0,26.13,False,200,
1787722269.016948,container,10.0,10.0,29.893,False,200,
1787722269.116948,container,10.0,10.0,29.894,False,200,
1787722269.216948,container,10.0,10.0,29.729,False,200,
1787722269.316948,container,10.0,10.0,32.624,False,200,
1787722269.4169478,container,10.0,10.0,26.278,False,200,
1787722269.516948,container,10.0,10.0,27.228,False,200,
1787722269.616948,container,10.0,10.0,24.91,False,200,
1787722269.716948,container,10.0,10.0,27.196,False,200,
1787722269.816948,container,10.0,10.0,30.957,False,200,
1787722269.9169478,container,10.0,10.0,25.745,False,200,
1787722270.016948,container,10.0,10.0,44.725,False,200,
1787722270.116948,container,10.0,10.0,36.789,False,200,
1787722270.216948,container,10.0,10.0,31.498,False,200,
1787722270.316948,container,10.0,10.0,28.387,False,200,
1787722270.4169478,container,10.0,10.0,26.927,False,200,
1787722270.516948,container,10.0,10.0,35.196,False,200,
1787722270.616948,container,10.0,10.0,28.654,False,200,
1787722270.716948,container,10.0,10.0,31.091,False,200,
1787722270.816948,container,10.0,10.0,25.642,False,200,
1787722270.9169478,container,10.0,10.0,23.498,False,200,
1787722271.016948,container,10.0,10.0,23.283,False,200,
1787722271.116948,container,10.0,10.0,38.547,False,200,
1787722271.216948,container,10.0,10.0,27.328,False,200,
1787722271.316948,container,10.0,10.0,37.119,False,200,
1787722271.4169478,container,10.0,10.0,24.267,False,200,
1787722271.516948,container,10.0,10.0,26.34,False,200,
1787722271.616948,container,10.0,10.0,38.863,False,200,
1787722271.716948,container,10.0,10.0,24.723,False,200,
1787722271.816948,container,10.0,10.0,20.582,False,200,
1787722271.9169478,container,10.0,10.0,36.795,False,200,
1787722272.016948,container,10.0,10.0,24.939,False,200,
1787722272.116948,container,10.0,10.0,35.547,False,200,
1787722272.216948,container,10.0,10.0,32.198,False,200,
1787722272.316948,container,10.0,10.0,28.208,False,200,
1787722272.4169478,container,10.0,10.0,26.371,False,200,
1787722272.516948,container,10.0,10.0,27.169,False,200,
1787722272.616948,container,10.0,10.0,25.95,False,200,
1787722272.716948,container,10.0,10.0,32.202,False,200,
1787722272.816948,container,10.0,10.0,29.428,False,200,
1787722272.9169478,container,10.0,10.0,29.476,False,200,
1787722273.016948,container,10.0,10.0,37.905,False,200,
1787722273.116948,container,10.0,10.0,27.885,False,200,
1787722273.216948,container,10.0,10.0,28.049,False,200,
1787722273.316948,container,10.0,10.0,27.678,False,200,
1787722273.4169478,container,10.0,10.0,27.798,False,200,
1787722273.516948,container,10.0,10.0,28.476,False,200,
1787722273.616948,container,10.0,10.0,31.189,False,200,
1787722273.716948,container,10.0,10.0,23.042,False,200,
1787722273.816948,container,10.0,10.0,28.971,False,200,
1787722273.9169478,container,10.0,10.0,27.677,False,200,
1787722274.016948,container,10.0,10.0,22.641,False,200,
1787722274.116948,container,10.0,10.0,33.221,False,200,
1787722274.216948,container,10.0,10.0,19.54,False,200,
1787722274.316948,container,10.0,10.0,35.569,False,200,
1787722274.4169478,container,10.0,10.0,25.264,False,200,
1787722274.516948,container,10.0,10.0,29.818,False,200,
1787722274.616948,container,10.0,10.0,32.869,False,200,
1787722274.716948,container,10.0,10.0,32.969,False,200,
1787722274.816948,container,10.0,10.0,25.992,False,200,
1787722274.9169478,container,10.0,10.0,26.154,False,200,
1787722275.016948,container,10.0,10.0,24.183,False,200,
1787722275.116948,container,10.0,10.0,24.889,False,200,
1787722275.216948,container,10.0,10.0,27.837,False,200,
1787722275.316948,container,10.0,10.0,26.067,False,200,
1787722275.4169478,container,10.0,10.0,28.984,False,200,
1787722275.516948,container,10.0,10.0,26.531,False,200,
1787722275.616948,container,10.0,10.0,36.15,False,200,
1787722275.716948,container,10.0,10.0,32.224,False,200,
1787722275.816948,container,10.0,10.0,31.27,False,200,
1787722275.9169478,container,10.0,10.0,28.229,False,200,
1787722276.016948,container,10.0,10.0,23.774,False,200,
1787722276.116948,container,10.0,10.0,29.177,False,200,
1787722276.216948,container,10.0,10.0,40.391,False,200,
1787722276.316948,container,10.0,10.0,33.715,False,200,
1787722276.4169478,container,10.0,10.0,23.688,False,200,
1787722276.516948,container,10.0,10.0,27.728,False,200,
1787722276.616948,container,10.0,10.0,33.463,False,200,
1787722276.716948,container,10.0,10.0,36.606,False,200,
1787722276.816948,container,10.0,10.0,29.848,False,200,
1787722276.9169478,container,10.0,10.0,33.001,False,200,
1787722277.016948,container,10.0,10.0,28.384,False,200,
1787722277.116948,container,10.0,10.0,29.71,False,200,
1787722277.216948,container,10.0,10.0,29.553,False,200,
1787722277.316948,container,10.0,10.0,31.617,False,200,
1787722277.4169478,container,10.0,10.0,32.231,False,200,
1787722277.516948,container,10.0,10.0,27.823,False,200,
1787722277.616948,container,10.0,10.0,25.173,False,200,
1787722277.716948,container,10.0,10.0,28.785,False,200,
1787722277.816948,container,10.0,10.0,32.585,False,200,
1787722277.9169478,container,10.0,10.0,27.767,False,200,
1787722278.016948,container,10.0,10.0,26.376,False,200,
1787722278.116948,container,10.0,10.0,24.88,False,200,
1787722278.216948,container,10.0,10.0,33.822,False,200,
1787722278.316948,container,10.0,10.0,29.469,False,200,
1787722278.4169478,container,10.0,10.0,36.295,False,200,
1787722278.516948,container,10.0,10.0,23.637,False,200,
1787722278.616948,container,10.0,10.0,29.553,False,200,
1787722278.716948,container,10.0,10.0,34.054,False,200,
1787722278.816948,container,10.0,10.0,34.43,False,200,
1787722278.9169478,container,10.0,10.0,30.94,False,200,
1787722279.016948,container,10.0,10.0,34.114,False,200,
1787722279.116948,container,10.0,10.0,29.022,False,200,
1787722279.216948,container,10.0,10.0,29.013,False,200,
1787722279.316948,container,10.0,10.0,28.621,False,200,
1787722279.4169478,container,10.0,10.0,30.758,False,200,
1787722279.516948,container,10.0,10.0,24.07,False,200,
1787722279.616948,container,10.0,10.0,38.652,False,200,
1787722279.716948,container,10.0,10.0,35.418,False,200,
1787722279.816948,container,10.0,10.0,29.352,False,200,
1787722279.9169478,container,10.0,10.0,30.73,False,200,
1787722280.016948,container,10.0,10.0,35.961,False,200,
1787722280.116948,container,10.0,10.0,25.922,False,200,
1787722280.216948,container,10.0,10.0,31.825,False,200,
1787722280.316948,container,10.0,10.0,32.248,False,200,
1787722280.4169478,container,10.0,10.0,28.812,False,200,
1787722280.516948,container,10.0,10.0,36.736,False,200,
1787722280.616948,container,10.0,10.0,26.506,False,200,
1787722280.716948,container,10.0,10.0,27.988,False,200,
1787722280.816948,container,10.0,10.0,24.618,False,200,
1787722280.9169478,container,10.0,10.0,35.594,False,200,
1787722281.016948,container,10.0,10.0,35.589,False,200,
1787722281.116948,container,10.0,10.0,32.347,False,200,
1787722281.216948,container,10.0,10.0,28.801,False,200,
1787722281.316948,container,10.0,10.0,28.579,False,200,
1787722281.4169478,container,10.0,10.0,26.552,False,200,
1787722281.516948,container,10.0,10.0,32.988,False,200,
1787722281.616948,container,10.0,10.0,32.33,False,200,
1787722281.716948,container,10.0,10.0,28.416,False,200,
1787722281.816948,container,10.0,10.0,31.806,False,200,
1787722281.9169478,container,10.0,10.0,30.34,False,200,
1787722282.016948,container,10.0,10.0,33.501,False,200,
1787722282.116948,container,10.0,10.0,24.961,False,200,
1787722282.216948,container,10.0,10.0,35.422,False,200,
1787722282.316948,container,10.0,10.0,35.911,False,200,
1787722282.4169478,container,10.0,10.0,32.175,False,200,
1787722282.516948,container,10.0,10.0,32.541,False,200,
1787722282.616948,container,10.0,10.0,21.407,False,200,
1787722282.716948,container,10.0,10.0,31.827,False,200,
1787722282.816948,container,10.0,10.0,29.197,False,200,
1787722282.9169478,container,10.0,10.0,33.977,False,200,
1787722283.016948,container,10.0,10.0,28.948,False,200,
1787722283.116948,container,10.0,10.0,23.513,False,200,
1787722283.216948,container,10.0,10.0,27.615,False,200,
1787722283.316948,container,10.0,10.0,22.515,False,200,
1787722283.4169478,container,10.0,10.0,26.516,False,200,
1787722283.516948,container,10.0,10.0,28.533,False,200,
1787722283.616948,container,10.0,10.0,26.252,False,200,
1787722283.716948,container,10.0,10.0,33.349,False,200,
1787722283.816948,container,10.0,10.0,23.684,False,200,
1787722283.9169478,container,10.0,10.0,31.128,False,200,
1787722284.016948,container,10.0,10.0,31.247,False,200,
1787722284.116948,container,10.0,10.0,30.295,False,200,
1787722284.216948,container,10.0,10.0,32.134,False,200,
1787722284.316948,container,10.0,10.0,25.098,False,200,
1787722284.4169478,container,10.0,10.0,28.795,False,200,
1787722284.516948,container,10.0,10.0,33.695,False,200,
1787722284.616948,container,10.0,10.0,23.973,False,200,
1787722284.716948,container,10.0,10.0,29.418,False,200,
1787722284.816948,container,10.0,10.0,32.093,False,200,
1787722284.9169478,container,10.0,10.0,32.294,False,200,
1787722285.016948,container,10.0,10.0,29.231,False,200,
1787722285.116948,container,10.0,10.0,31.348,False,200,
1787722285.216948,container,10.0,10.0,24.11,False,200,
1787722285.316948,container,10.0,10.0,28.066,False,200,
1787722285.4169478,container,10.0,10.0,27.214,False,200,
1787722285.516948,container,10.0,10.0,36.727,False,200,
1787722285.616948,container,10.0,10.0,28.236,False,200,
1787722285.716948,container,10.0,10.0,38.134,False,200,
1787722285.816948,container,10.0,10.0,25.806,False,200,
1787722285.9169478,container,10.0,10.0,26.003,False,200,
1787722286.016948,container,10.0,10.0,41.301,False,200,
1787722286.116948,container,10.0,10.0,34.774,False,200,
1787722286.216948,container,10.0,10.0,26.614,False,200,
1787722286.316948,container,10.0,10.0,34.978,False,200,
1787722286.4169478,container,10.0,10.0,23.11,False,200,
1787722286.516948,container,10.0,10.0,30.113,False,200,
1787722286.616948,container,10.0,10.0,33.741,False,200,
1787722286.716948,container,10.0,10.0,33.725,False,200,
1787722286.816948,container,10.0,10.0,32.325,False,200,
1787722286.9169478,container,10.0,10.0,24.618,False,200,
1787722287.016948,container,10.0,10.0,33.131,False,200,
1787722287.116948,container,10.0,10.0,28.9,False,200,
1787722287.216948,container,10.0,10.0,34.867,False,200,
1787722287.316948,container,10.0,10.0,31.041,False,200,
1787722287.4169478,container,10.0,10.0,25.795,False,200,
1787722287.516948,container,10.0,10.0,27.894,False,200,
1787722287.616948,container,10.0,10.0,38.15,False,200,
1787722287.716948,container,10.0,10.0,21.839,False,200,
1787722287.816948,container,10.0,10.0,21.423,False,200,
1787722287.9169478,container,10.0,10.0,30.318,False,200,
1787722288.016948,container,10.0,10.0,28.51,False,200,
1787722288.116948,container,10.0,10.0,25.518,False,200,
1787722288.216948,container,10.0,10.0,28.793,False,200,
1787722288.316948,container,10.0,10.0,30.075,False,200,
1787722288.4169478,container,10.0,10.0,30.96,False,200,
1787722288.516948,container,10.0,10.0,28.201,False,200,
1787722288.616948,container,10.0,10.0,30.328,False,200,
1787722288.716948,container,10.0,10.0,37.896,False,200,
1787722288.816948,container,10.0,10.0,25.918,False,200,
1787722288.9169478,container,10.0,10.0,33.289,False,200,
1787722289.016948,container,10.0,10.0,35.098,False,200,
1787722289.116948,container,10.0,10.0,27.881,False,200,
1787722289.216948,container,10.0,10.0,24.926,False,200,
1787722289.316948,container,10.0,10.0,39.915,False,200,
1787722289.4169478,container,10.0,10.0,31.487,False,200,
1787722289.516948,container,10.0,10.0,33.718,False,200,
1787722289.616948,container,10.0,10.0,29.423,False,200,
1787722289.716948,container,10.0,10.0,35.429,False,200,
1787722289.816948,container,10.0,10.0,25.125,False,200,
1787722289.9169478,container,10.0,10.0,32.311,False,200,
1787722290.016948,container,10.0,10.0,25.772,False,200,
1787722290.116948,container,10.0,10.0,30.46,False,200,
1787722290.216948,container,10.0,10.0,26.867,False,200,
1787722290.316948,container,10.0,10.0,29.169,False,200,
1787722290.4169478,container,10.0,10.0,33.52,False,200,
1787722290.516948,container,10.0,10.0,36.698,False,200,
1787722290.616948,container,10.0,10.0,26.238,False,200,
1787722290.716948,container,10.0,10.0,21.494,False,200,
1787722290.816948,container,10.0,10.0,24.332,False,200,
1787722290.9169478,container,10.0,10.0,30.418,False,200,
1787722291.016948,container,10.0,10.0,34.378,False,200,
1787722291.116948,container,10.0,10.0,36.526,False,200,
1787722291.216948,container,10.0,10.0,28.44,False,200,
1787722291.316948,container,10.0,10.0,26.406,False,200,
1787722291.4169478,container,10.0,10.0,43.228,False,200,
1787722291.516948,container,10.0,10.0,25.329,False,200,
1787722291.616948,container,10.0,10.0,36.246,False,200,
1787722291.716948,container,10.0,10.0,20.625,False,200,
1787722291.816948,container,10.0,10.0,26.946,False,200,
1787722291.9169478,container,10.0,10.0,31.496,False,200,
1787722292.016948,container,10.0,10.0,26.864,False,200,
1787722292.116948,container,10.0,10.0,31.176,False,200,
1787722292.216948,container,10.0,10.0,28.142,False,200,
1787722292.316948,container,10.0,10.0,33.58,False,200,
1787722292.4169478,container,10.0,10.0,28.345,False,200,
1787722292.516948,container,10.0,10.0,26.974,False,200,
1787722292.616948,container,10.0,10.0,25.368,False,200,
1787722292.716948,container,10.0,10.0,31.466,False,200,
1787722292.816948,container,10.0,10.0,23.694,False,200,
1787722292.9169478,container,10.0,10.0,28.398,False,200,
1787722293.016948,container,10.0,10.0,34.71,False,200,
1787722293.116948,container,10.0,10.0,33.446,False,200,
1787722293.216948,container,10.0,10.0,30.684,False,200,
1787722293.316948,container,10.0,10.0,24.896,False,200,
1787722293.4169478,container,10.0,10.0,36.024,False,200,
1787722293.516948,container,10.0,10.0,25.801,False,200,
1787722293.616948,container,10.0,10.0,24.784,False,200,
1787722293.716948,container,10.0,10.0,28.53,False,200,
1787722293.816948,container,10.0,10.0,29.664,False,200,
1787722293.9169478,container,10.0,10.0,26.199,False,200,
1787722294.016948,container,10.0,10.0,25.58,False,200,
1787722294.116948,container,10.0,10.0,29.357,False,200,
1787722294.216948,container,10.0,10.0,28.942,False,200,
1787722294.316948,container,10.0,10.0,33.2,False,200,
1787722294.4169478,container,10.0,10.0,23.263,False,200,
1787722294.516948,container,10.0,10.0,23.9,False,200,
1787722294.616948,container,10.0,10.0,35.244,False,200,
1787722294.716948,container,10.0,10.0,29.254,False,200,
1787722294.816948,container,10.0,10.0,36.667,False,200,
1787722294.9169478,container,10.0,10.0,31.23,False,200,
1787722295.016948,container,10.0,10.0,36.639,False,200,
1787722295.116948,container,10.0,10.0,32.052,False,200,
1787722295.216948,container,10.0,10.0,23.026,False,200,
1787722295.316948,container,10.0,10.0,32.879,False,200,
1787722295.4169478,container,10.0,10.0,29.834,False,200,
1787722295.516948,container,10.0,10.0,30.308,False,200,
1787722295.616948,container,10.0,10.0,25.846,False,200,
1787722295.716948,container,10.0,10.0,24.93,False,200,
1787722295.816948,container,10.0,10.0,28.459,False,200,
1787722295.9169478,container,10.0,10.0,19.905,False,200,
1787722296.016948,container,10.0,10.0,34.634,False,200,
1787722296.116948,container,10.0,10.0,29.901,False,200,
1787722296.216948,container,10.0,10.0,25.803,False,200,
1787722296.316948,container,10.0,10.0,27.036,False,200,
1787722296.4169478,container,10.0,10.0,24.83,False,200,
1787722296.516948,container,10.0,10.0,33.118,False,200,
1787722296.616948,container,10.0,10.0,33.358,False,200,
1787722296.716948,container,10.0,10.0,27.219,False,200,
1787722296.816948,container,10.0,10.0,26.396,False,200,
1787722296.9169478,container,10.0,10.0,25.39,False,200,
1787722297.016948,container,10.0,10.0,35.925,False,200,
1787722297.116948,container,10.0,10.0,32.386,False,200,
1787722297.216948,container,10.0,10.0,40.851,False,200,
1787722297.316948,container,10.0,10.0,27.993,False,200,
1787722297.4169478,container,10.0,10.0,30.114,False,200,
1787722297.516948,container,10.0,10.0,31.345,False,200,
1787722297.616948,container,10.0,10.0,25.933,False,200,
1787722297.716948,container,10.0,10.0,31.654,False,200,
1787722297.816948,container,10.0,10.0,32.099,False,200,
1787722297.9169478,container,10.0,10.0,28.139,False,200,
1787722298.016948,container,10.0,10.0,30.744,False,200,
1787722298.116948,container,10.0,10.0,32.704,False,200,
1787722298.216948,container,10.0,10.0,28.947,False,200,
1787722298.316948,container,10.0,10.0,28.586,False,200,
1787722298.4169478,container,10.0,10.0,40.053,False,200,
1787722298.516948,container,10.0,10.0,33.154,False,200,
1787722298.616948,container,10.0,10.0,30.101,False,200,
1787722298.716948,container,10.0,10.0,34.716,False,200,
1787722298.816948,container,10.0,10.0,32.584,False,200,
1787722298.9169478,container,10.0,10.0,28.091,False,200,
1787722299.016948,container,10.0,10.0,28.011,False,200,
1787722299.116948,container,10.0,10.0,34.862,False,200,
1787722299.216948,container,10.0,10.0,27.061,False,200,
1787722299.316948,container,10.0,10.0,26.937,False,200,
1787722299.4169478,container,10.0,10.0,26.768,False,200,
1787722299.516948,container,10.0,10.0,37.005,False,200,
1787722299.616948,container,10.0,10.0,34.313,False,200,
1787722299.716948,container,10.0,10.0,26.798,False,200,
1787722299.816948,container,10.0,10.0,31.475,False,200,
1787722299.9169478,container,10.0,10.0,40.945,False,200,
1787722300.016948,container,10.0,10.0,23.454,False,200,
1787722300.116948,container,10.0,10.0,28.272,False,200,
1787722300.216948,container,10.0,10.0,32.548,False,200,
1787722300.316948,container,10.0,10.0,32.217,False,200,
1787722300.4169478,container,10.0,10.0,27.482,False,200,
1787722300.516948,container,10.0,10.0,26.757,False,200,
1787722300.616948,container,10.0,10.0,33.629,False,200,
1787722300.716948,container,10.0,10.0,30.003,False,200,
1787722300.816948,container,10.0,10.0,26.147,False,200,
1787722300.9169478,container,10.0,10.0,22.92,False,200,
1787722301.016948,container,10.0,10.0,38.08,False,200,
1787722301.116948,container,10.0,10.0,29.639,False,200,
1787722301.216948,container,10.0,10.0,25.017,False,200,
1787722301.316948,container,10.0,10.0,37.432,False,200,
1787722301.4169478,container,10.0,10.0,29.979,False,200,
1787722301.516948,container,10.0,10.0,27.923,False,200,
1787722301.616948,container,10.0,10.0,23.578,False,200,
1787722301.716948,container,10.0,10.0,36.84,False,200,
1787722301.816948,container,10.0,10.0,25.501,False,200,
1787722301.9169478,container,10.0,10.0,26.971,False,200,
1787722302.016948,container,10.0,10.0,26.128,False,200,
1787722302.116948,container,10.0,10.0,31.126,False,200,
1787722302.216948,container,10.0,10.0,22.24,False,200,
1787722302.316948,container,10.0,10.0,32.495,False,200,
1787722302.4169478,container,10.0,10.0,31.076,False,200,
1787722302.516948,container,10.0,10.0,31.749,False,200,
1787722302.616948,container,10.0,10.0,33.309,False,200,
1787722302.716948,container,10.0,10.0,33.112,False,200,
1787722302.816948,container,10.0,10.0,37.287,False,200,
1787722302.9169478,container,10.0,10.0,37.59,False,200,
1787722303.016948,container,10.0,10.0,26.228,False,200,
1787722303.116948,container,10.0,10.0,37.041,False,200,
1787722303.216948,container,10.0,10.0,30.602,False,200,
1787722303.316948,container,10.0,10.0,26.102,False,200,
1787722303.4169478,container,10.0,10.0,31.896,False,200,
1787722303.516948,container,10.0,10.0,30.941,False,200,
1787722303.616948,container,10.0,10.0,36.915,False,200,
1787722303.716948,container,10.0,10.0,31.06,False,200,
1787722303.816948,container,10.0,10.0,37.895,False,200,
1787722303.9169478,container,10.0,10.0,29.073,False,200,
1787722304.016948,container,10.0,10.0,28.434,False,200,
1787722304.116948,container,10.0,10.0,35.023,False,200,
1787722304.216948,container,10.0,10.0,25.962,False,200,
1787722304.316948,container,10.0,10.0,29.135,False,200,
1787722304.4169478,container,10.0,10.0,36.512,False,200,
1787722304.516948,container,10.0,10.0,31.271,False,200,
1787722304.616948,container,10.0,10.0,29.13,False,200,
1787722304.716948,container,10.0,10.0,32.159,False,200,
1787722304.816948,container,10.0,10.0,31.306,False,200,
1787722304.9169478,container,10.0,10.0,32.177,False,200,
1787722305.016948,container,10.0,10.0,49.998,False,200,
1787722305.116948,container,10.0,10.0,38.212,False,200,
1787722305.216948,container,10.0,10.0,33.636,False,200,
1787722305.316948,container,10.0,10.0,31.073,False,200,
1787722305.4169478,container,10.0,10.0,31.491,False,200,
1787722305.516948,container,10.0,10.0,40.217,False,200,
1787722305.616948,container,10.0,10.0,24.692,False,200,
1787722305.716948,container,10.0,10.0,33.756,False,200,
1787722305.816948,container,10.0,10.0,26.087,False,200,
1787722305.9169478,container,10.0,10.0,26.169,False,200,
1787722306.016948,container,10.0,10.0,32.854,False,200,
1787722306.116948,container,10.0,10.0,28.556,False,200,
1787722306.216948,container,10.0,10.0,31.963,False,200,
1787722306.316948,container,10.0,10.0,28.219,False,200,
1787722306.4169478,container,10.0,10.0,38.183,False,200,
1787722306.516948,container,10.0,10.0,32.835,False,200,
1787722306.616948,container,10.0,10.0,29.691,False,200,
1787722306.716948,container,10.0,10.0,31.693,False,200,
1787722306.816948,container,10.0,10.0,30.357,False,200,
1787722306.9169478,container,10.0,10.0,30.239,False,200,
1787722307.016948,container,10.0,10.0,30.6,False,200,
1787722307.116948,container,10.0,10.0,30.744,False,200,
1787722307.216948,container,10.0,10.0,23.017,False,200,
1787722307.316948,container,10.0,10.0,27.02,False,200,
1787722307.4169478,container,10.0,10.0,28.711,False,200,
1787722307.516948,container,10.0,10.0,24.396,False,200,
1787722307.616948,container,10.0,10.0,28.32,False,200,
1787722307.716948,container,10.0,10.0,39.065,False,200,
1787722307.816948,container,10.0,10.0,43.876,False,200,
1787722307.9169478,container,10.0,10.0,28.845,False,200,
1787722308.016948,container,10.0,10.0,33.776,False,200,
1787722308.116948,container,10.0,10.0,29.112,False,200,
1787722308.216948,container,10.0,10.0,26.139,False,200,
1787722308.316948,container,10.0,10.0,34.074,False,200,
1787722308.4169478,container,10.0,10.0,23.743,False,200,
1787722308.516948,container,10.0,10.0,29.434,False,200,
1787722308.616948,container,10.0,10.0,33.081,False,200,
1787722308.716948,container,10.0,10.0,31.585,False,200,
1787722308.816948,container,10.0,10.0,34.366,False,200,
1787722308.9169478,container,10.0,10.0,28.914,False,200,
1787722309.016948,container,10.0,10.0,39.94,False,200,
1787722309.116948,container,10.0,10.0,29.606,False,200,
1787722309.216948,container,10.0,10.0,29.372,False,200,
1787722309.316948,container,10.0,10.0,30.314,False,200,
1787722309.4169478,container,10.0,10.0,25.346,False,200,
1787722309.516948,container,10.0,10.0,24.092,False,200,
1787722309.616948,container,10.0,10.0,26.073,False,200,
1787722309.716948,container,10.0,10.0,38.147,False,200,
1787722309.816948,container,10.0,10.0,22.661,False,200,
1787722309.9169478,container,10.0,10.0,32.523,False,200,
1787722310.016948,container,10.0,10.0,18.974,False,200,
1787722310.116948,container,10.0,10.0,38.224,False,200,
1787722310.216948,container,10.0,10.0,30.367,False,200,
1787722310.316948,container,10.0,10.0,22.888,False,200,
1787722310.4169478,container,10.0,10.0,28.268,False,200,
1787722310.516948,container,10.0,10.0,27.383,False,200,
1787722310.616948,container,10.0,10.0,30.954,False,200,
1787722310.716948,container,10.0,10.0,27.509,False,200,
1787722310.816948,container,10.0,10.0,30.41,False,200,
1787722310.9169478,container,10.0,10.0,31.758,False,200,
1787722311.016948,container,10.0,10.0,29.659,False,200,
1787722311.116948,container,10.0,10.0,27.16,False,200,
1787722311.216948,container,10.0,10.0,36.74,False,200,
1787722311.316948,container,10.0,10.0,28.088,False,200,
1787722311.4169478,container,10.0,10.0,30.296,False,200,
1787722311.516948,container,10.0,10.0,33.657,False,200,
1787722311.616948,container,10.0,10.0,27.197,False,200,
1787722311.716948,container,10.0,10.0,29.414,False,200,
1787722311.816948,container,10.0,10.0,36.924,False,200,
1787722311.9169478,container,10.0,10.0,28.004,False,200,
1787722312.016948,container,10.0,10.0,21.814,False,200,
1787722312.116948,container,10.0,10.0,27.898,False,200,
1787722312.216948,container,10.0,10.0,33.526,False,200,
1787722312.316948,container,10.0,10.0,31.865,False,200,
1787722312.4169478,container,10.0,10.0,24.756,False,200,
1787722312.516948,container,10.0,10.0,26.321,False,200,
1787722312.616948,container,10.0,10.0,25.114,False,200,
1787722312.716948,container,10.0,10.0,35.587,False,200,
1787722312.816948,container,10.0,10.0,35.382,False,200,
1787722312.9169478,container,10.0,10.0,36.563,False,200,
1787722313.016948,container,10.0,10.0,35.148,False,200,
1787722313.116948,container,10.0,10.0,36.756,False,200,
1787722313.216948,container,10.0,10.0,31.514,False,200,
1787722313.316948,container,10.0,10.0,33.509,False,200,
1787722313.4169478,container,10.0,10.0,35.657,False,200,
1787722313.516948,container,10.0,10.0,34.435,False,200,
1787722313.616948,container,10.0,10.0,39.319,False,200,
1787722313.716948,container,10.0,10.0,29.589,False,200,
1787722313.816948,container,10.0,10.0,28.52,False,200,
1787722313.9169478,container,10.0,10.0,38.811,False,200,
1787722314.016948,container,10.0,10.0,26.963,False,200,
1787722314.116948,container,10.0,10.0,36.185,False,200,
1787722314.216948,container,10.0,10.0,26.662,False,200,
1787722314.316948,container,10.0,10.0,33.651,False,200,
1787722314.4169478,container,10.0,10.0,32.086,False,200,
1787722314.516948,container,10.0,10.0,27.964,False,200,
1787722314.616948,container,10.0,10.0,32.635,False,200,
1787722314.716948,container,10.0,10.0,23.053,False,200,
1787722314.816948,container,10.0,10.0,34.672,False,200,
1787722314.9169478,container,10.0,10.0,33.485,False,200,
1787722315.016948,container,10.0,10.0,32.059,False,200,
1787722315.116948,container,10.0,10.0,22.738,False,200,
1787722315.216948,container,10.0,10.0,32.77,False,200,
1787722315.316948,container,10.0,10.0,30.844,False,200,
1787722315.4169478,container,10.0,10.0,29.326,False,200,
1787722315.516948,container,10.0,10.0,25.36,False,200,
1787722315.616948,container,10.0,10.0,24.825,False,200,
1787722315.716948,container,10.0,10.0,29.556,False,200,
1787722315.816948,container,10.0,10.0,30.652,False,200,
1787722315.9169478,container,10.0,10.0,27.96,False,200,
1787722316.016948,container,10.0,10.0,28.311,False,200,
1787722316.116948,container,10.0,10.0,22.473,False,200,
1787722316.216948,container,10.0,10.0,27.815,False,200,
1787722316.316948,container,10.0,10.0,33.63,False,200,
1787722316.4169478,container,10.0,10.0,35.079,False,200,
1787722316.516948,container,10.0,10.0,28.969,False,200,
1787722316.616948,container,10.0,10.0,39.028,False,200,
1787722316.716948,container,10.0,10.0,31.031,False,200,
1787722316.816948,container,10.0,10.0,39.495,False,200,
1787722316.9169478,container,10.0,10.0,30.249,False,200,
1787722317.016948,container,10.0,10.0,20.662,False,200,
1787722317.116948,container,10.0,10.0,23.091,False,200,
1787722317.216948,container,10.0,10.0,26.274,False,200,
1787722317.316948,container,10.0,10.0,32.282,False,200,
1787722317.4169478,container,10.0,10.0,29.993,False,200,
1787722317.516948,container,10.0,10.0,37.207,False,200,
1787722317.616948,container,10.0,10.0,30.264,False,200,
1787722317.716948,container,10.0,10.0,28.207,False,200,
1787722317.816948,container,10.0,10.0,24.616,False,200,
1787722317.9169478,container,10.0,10.0,25.475,False,200,
1787722318.016948,container,10.0,10.0,36.056,False,200,
1787722318.116948,container,10.0,10.0,23.721,False,200,
1787722318.216948,container,10.0,10.0,26.651,False,200,
1787722318.316948,container,10.0,10.0,25.323,False,200,
1787722318.4169478,container,10.0,10.0,32.497,False,200,
1787722318.516948,container,10.0,10.0,24.572,False,200,
1787722318.616948,container,10.0,10.0,30.477,False,200,
1787722318.716948,container,10.0,10.0,38.449,False,200,
1787722318.816948,container,10.0,10.0,24.49,False,200,
1787722318.9169478,container,10.0,10.0,34.293,False,200,
1787722319.016948,container,10.0,10.0,30.544,False,200,
1787722319.116948,container,10.0,10.0,37.233,False,200,
1787722319.216948,container,10.0,10.0,29.701,False,200,
1787722319.316948,container,10.0,10.0,32.715,False,200,
1787722319.4169478,container,10.0,10.0,21.545,False,200,
1787722319.516948,container,10.0,10.0,30.352,False,200,
1787722319.616948,container,10.0,10.0,32.047,False,200,
1787722319.716948,container,10.0,10.0,27.396,False,200,
1787722319.816948,container,10.0,10.0,27.186,False,200,
1787722319.9169478,container,10.0,10.0,28.996,False,200,
1787722320.016948,container,10.0,10.0,29.673,False,200,
1787722320.116948,container,10.0,10.0,35.649,False,200,
1787722320.216948,container,10.0,10.0,21.375,False,200,
1787722320.316948,container,10.0,10.0,33.238,False,200,
1787722320.4169478,container,10.0,10.0,40.361,False,200,
1787722320.516948,container,10.0,10.0,21.925,False,200,
1787722320.616948,container,10.0,10.0,25.231,False,200,
1787722320.716948,container,10.0,10.0,29.954,False,200,
1787722320.816948,container,10.0,10.0,31.272,False,200,
1787722320.9169478,container,10.0,10.0,26.954,False,200,
1787722321.016948,container,10.0,10.0,34.535,False,200,
1787722321.116948,container,10.0,10.0,28.266,False,200,
1787722321.216948,container,10.0,10.0,35.784,False,200,
1787722321.316948,container,10.0,10.0,38.151,False,200,
1787722321.4169478,container,10.0,10.0,28.893,False,200,
1787722321.516948,container,10.0,10.0,30.34,False,200,
1787722321.616948,container,10.0,10.0,35.201,False,200,
1787722321.716948,container,10.0,10.0,23.995,False,200,
1787722321.816948,container,10.0,10.0,42.783,False,200,
1787722321.9169478,container,10.0,10.0,29.743,False,200,
1787722322.016948,container,10.0,10.0,26.062,False,200,
1787722322.116948,container,10.0,10.0,34.621,False,200,
1787722322.216948,container,10.0,10.0,26.466,False,200,
1787722322.316948,container,10.0,10.0,27.384,False,200,
1787722322.4169478,container,10.0,10.0,32.945,False,200,
1787722322.516948,container,10.0,10.0,31.903,False,200,
1787722322.616948,container,10.0,10.0,30.3,False,200,
1787722322.716948,container,10.0,10.0,26.484,False,200,
1787722322.816948,container,10.0,10.0,29.39,False,200,
1787722322.9169478,container,10.0,10.0,35.548,False,200,
1787722323.016948,container,10.0,10.0,26.227,False,200,
1787722323.116948,container,10.0,10.0,27.436,False,200,
1787722323.216948,container,10.0,10.0,24.869,False,200,
1787722323.316948,container,10.0,10.0,29.995,False,200,
1787722323.4169478,container,10.0,10.0,38.471,False,200,
1787722323.516948,container,10.0,10.0,27.4,False,200,
1787722323.616948,container,10.0,10.0,33.704,False,200,
1787722323.716948,container,10.0,10.0,27.358,False,200,
1787722323.816948,container,10.0,10.0,34.577,False,200,
1787722323.9169478,container,10.0,10.0,32.913,False,200,
1787722324.016948,container,10.0,10.0,24.878,False,200,
1787722324.116948,container,10.0,10.0,37.882,False,200,
1787722324.216948,container,10.0,10.0,23.405,False,200,
1787722324.316948,container,10.0,10.0,31.306,False,200,
1787722324.4169478,container,10.0,10.0,28.666,False,200,
1787722324.516948,container,10.0,10.0,35.353,False,200,
1787722324.616948,container,10.0,10.0,28.751,False,200,
1787722324.716948,container,10.0,10.0,25.413,False,200,
1787722324.816948,container,10.0,10.0,39.032,False,200,
1787722324.9169478,container,10.0,10.0,41.13,False,200,
1787722325.016948,container,10.0,10.0,37.446,False,200,
1787722325.116948,container,10.0,10.0,33.041,False,200,
1787722325.216948,container,10.0,10.0,31.272,False,200,
1787722325.316948,container,10.0,10.0,38.597,False,200,
1787722325.4169478,container,10.0,10.0,28.07,False,200,
1787722325.516948,container,10.0,10.0,33.032,False,200,
1787722325.616948,container,10.0,10.0,33.248,False,200,
1787722325.716948,container,10.0,10.0,33.411,False,200,
1787722325.816948,container,10.0,10.0,28.44,False,200,
1787722325.9169478,container,10.0,10.0,26.113,False,200,
1787722326.016948,container,10.0,10.0,37.151,False,200,
1787722326.116948,container,10.0,10.0,35.663,False,200,
1787722326.216948,container,10.0,10.0,30.182,False,200,
1787722326.316948,container,10.0,10.0,29.728,False,200,
1787722326.4169478,container,10.0,10.0,32.299,False,200,
1787722326.516948,container,10.0,10.0,26.313,False,200,
1787722326.616948,container,10.0,10.0,31.719,False,200,
1787722326.716948,container,10.0,10.0,32.945,False,200,
1787722326.816948,container,10.0,10.0,41.162,False,200,
1787722326.9169478,container,10.0,10.0,37.458,False,200,
1787722327.016948,container,10.0,10.0,24.4,False,200,
1787722327.116948,container,10.0,10.0,36.167,False,200,
1787722327.216948,container,10.0,10.0,37.241,False,200,
1787722327.316948,container,10.0,10.0,30.771,False,200,
1787722327.4169478,container,10.0,10.0,31.817,False,200,
1787722327.516948,container,10.0,10.0,31.441,False,200,
1787722327.616948,container,10.0,10.0,19.55,False,200,
1787722327.716948,container,10.0,10.0,31.254,False,200,
1787722327.816948,container,10.0,10.0,32.501,False,200,
1787722327.9169478,container,10.0,10.0,30.697,False,200,
1787722328.016948,container,10.0,10.0,39.125,False,200,
1787722328.116948,container,10.0,10.0,37.334,False,200,
1787722328.216948,container,10.0,10.0,38.4,False,200,
1787722328.316948,container,10.0,10.0,27.459,False,200,
1787722328.4169478,container,10.0,10.0,29.805,False,200,
1787722328.516948,container,10.0,10.0,34.665,False,200,
1787722328.616948,container,10.0,10.0,34.072,False,200,
1787722328.716948,container,10.0,10.0,29.154,False,200,
1787722328.816948,container,10.0,10.0,25.912,False,200,
1787722328.9169478,container,10.0,10.0,33.085,False,200,
1787722329.016948,container,10.0,10.0,24.424,False,200,
1787722329.116948,container,10.0,10.0,30.942,False,200,
1787722329.216948,container,10.0,10.0,30.6,False,200,
1787722329.316948,container,10.0,10.0,27.743,False,200,
1787722329.4169478,container,10.0,10.0,37.171,False,200,
1787722329.516948,container,10.0,10.0,21.674,False,200,
1787722329.616948,container,10.0,10.0,33.749,False,200,
1787722329.716948,container,10.0,10.0,28.326,False,200,
1787722329.816948,container,10.0,10.0,41.789,False,200,
1787722329.9169478,container,10.0,10.0,27.42,False,200,
1787722330.016948,container,10.0,10.0,31.964,False,200,
1787722330.116948,container,10.0,10.0,30.757,False,200,
1787722330.216948,container,10.0,10.0,28.911,False,200,
1787722330.316948,container,10.0,10.0,28.227,False,200,
1787722330.4169478,container,10.0,10.0,29.668,False,200,
1787722330.516948,container,10.0,10.0,28.265,False,200,
1787722330.616948,container,10.0,10.0,27.974,False,200,
1787722330.716948,container,10.0,10.0,28.433,False,200,
1787722330.816948,container,10.0,10.0,35.736,False,200,
1787722330.9169478,container,10.0,10.0,24.412,False,200,
1787722331.016948,container,10.0,10.0,31.691,False,200,
1787722331.116948,container,10.0,10.0,21.845,False,200,
1787722331.216948,container,10.0,10.0,32.494,False,200,
1787722331.316948,container,10.0,10.0,24.014,False,200,
1787722331.4169478,container,10.0,10.0,28.512,False,200,
1787722331.516948,container,10.0,10.0,26.042,False,200,
1787722331.616948,container,10.0,10.0,29.545,False,200,
1787722331.716948,container,10.0,10.0,32.256,False,200,
1787722331.816948,container,10.0,10.0,31.29,False,200,
1787722331.9169478,container,10.0,10.0,32.592,False,200,
1787722332.016948,container,10.0,10.0,23.624,False,200,
1787722332.116948,container,10.0,10.0,35.535,False,200,
1787722332.216948,container,10.0,10.0,41.452,False,200,
1787722332.316948,container,10.0,10.0,34.29,False,200,
1787722332.4169478,container,10.0,10.0,24.084,False,200,
1787722332.516948,container,10.0,10.0,37.565,False,200,
1787722332.616948,container,10.0,10.0,32.905,False,200,
1787722332.716948,container,10.0,10.0,24.689,False,200,
1787722332.816948,container,10.0,10.0,28.495,False,200,
1787722332.9169478,container,10.0,10.0,27.775,False,200,
1787722333.016948,container,10.0,10.0,21.753,False,200,
1787722333.116948,container,10.0,10.0,35.125,False,200,
1787722333.216948,container,10.0,10.0,29.717,False,200,
1787722333.316948,container,10.0,10.0,32.12,False,200,
1787722333.4169478,container,10.0,10.0,26.698,False,200,
1787722333.516948,container,10.0,10.0,25.486,False,200,
1787722333.616948,container,10.0,10.0,31.052,False,200,
1787722333.716948,container,10.0,10.0,24.496,False,200,
1787722333.816948,container,10.0,10.0,22.412,False,200,
1787722333.9169478,container,10.0,10.0,24.346,False,200,
1787722334.016948,container,10.0,10.0,35.596,False,200,
1787722334.116948,container,10.0,10.0,22.603,False,200,
1787722334.216948,container,10.0,10.0,31.033,False,200,
1787722334.316948,container,10.0,10.0,39.276,False,200,
1787722334.4169478,container,10.0,10.0,31.19,False,200,
1787722334.516948,container,10.0,10.0,30.569,False,200,
1787722334.616948,container,10.0,10.0,26.577,False,200,
1787722334.716948,container,10.0,10.0,28.597,False,200,
1787722334.816948,container,10.0,10.0,28.69,False,200,
1787722334.9169478,container,10.0,10.0,25.533,False,200,
1787722335.016948,container,10.0,10.0,29.518,False,200,
1787722335.116948,container,10.0,10.0,30.149,False,200,
1787722335.216948,container,10.0,10.0,31.666,False,200,
1787722335.316948,container,10.0,10.0,24.106,False,200,
1787722335.4169478,container,10.0,10.0,30.28,False,200,
1787722335.516948,container,10.0,10.0,28.556,False,200,
1787722335.616948,container,10.0,10.0,28.486,False,200,
1787722335.716948,container,10.0,10.0,30.577,False,200,
1787722335.816948,container,10.0,10.0,32.753,False,200,
1787722335.9169478,container,10.0,10.0,27.075,False,200,
1787722336.016948,container,10.0,10.0,39.685,False,200,
1787722336.116948,container,10.0,10.0,27.235,False,200,
1787722336.216948,container,10.0,10.0,33.582,False,200,
1787722336.316948,container,10.0,10.0,30.501,False,200,
1787722336.4169478,container,10.0,10.0,33.642,False,200,
1787722336.516948,container,10.0,10.0,25.842,False,200,
1787722336.616948,container,10.0,10.0,36.797,False,200,
1787722336.716948,container,10.0,10.0,25.853,False,200,
1787722336.816948,container,10.0,10.0,27.061,False,200,
1787722336.9169478,container,10.0,10.0,28.84,False,200,
1787722337.016948,container,10.0,10.0,31.263,False,200,
1787722337.116948,container,10.0,10.0,27.174,False,200,
1787722337.216948,container,10.0,10.0,26.869,False,200,
1787722337.316948,container,10.0,10.0,28.402,False,200,
1787722337.4169478,container,10.0,10.0,25.722,False,200,
1787722337.516948,container,10.0,10.0,21.479,False,200,
1787722337.616948,container,10.0,10.0,23.967,False,200,
1787722337.716948,container,10.0,10.0,36.127,False,200,
1787722337.816948,container,10.0,10.0,25.213,False,200,
1787722337.9169478,container,10.0,10.0,31.803,False,200,
1787722338.016948,container,10.0,10.0,27.258,False,200,
1787722338.116948,container,10.0,10.0,33.175,False,200,
1787722338.216948,container,10.0,10.0,32.83,False,200,
1787722338.316948,container,10.0,10.0,36.446,False,200,
1787722338.4169478,container,10.0,10.0,27.492,False,200,
1787722338.516948,container,10.0,10.0,36.544,False,200,
1787722338.616948,container,10.0,10.0,26.149,False,200,
1787722338.716948,container,10.0,10.0,26.859,False,200,
1787722338.816948,container,10.0,10.0,32.619,False,200,
1787722338.9169478,container,10.0,10.0,25.955,False,200,
1787722339.016948,container,10.0,10.0,27.985,False,200,
1787722339.116948,container,10.0,10.0,33.01,False,200,
1787722339.216948,container,10.0,10.0,28.469,False,200,
1787722339.316948,container,10.0,10.0,28.354,False,200,
1787722339.4169478,container,10.0,10.0,29.738,False,200,
1787722339.516948,container,10.0,10.0,32.697,False,200,
1787722339.616948,container,10.0,10.0,40.595,False,200,
1787722339.716948,container,10.0,10.0,28.266,False,200,
1787722339.816948,container,10.0,10.0,28.678,False,200,
1787722339.9169478,container,10.0,10.0,34.341,False,200,
1787722340.016948,container,10.0,10.0,33.734,False,200,
1787722340.116948,container,10.0,10.0,24.598,False,200,
1787722340.216948,container,10.0,10.0,28.445,False,200,
1787722340.316948,container,10.0,10.0,26.183,False,200,
1787722340.4169478,container,10.0,10.0,26.604,False,200,
1787722340.516948,container,10.0,10.0,35.343,False,200,
1787722340.616948,container,10.0,10.0,32.657,False,200,
1787722340.716948,container,10.0,10.0,28.432,False,200,
1787722340.816948,container,10.0,10.0,34.016,False,200,
1787722340.9169478,container,10.0,10.0,27.979,False,200,
1787722341.016948,container,10.0,10.0,30.356,False,200,
1787722341.116948,container,10.0,10.0,30.312,False,200,
1787722341.216948,container,10.0,10.0,30.6,False,200,
1787722341.316948,container,10.0,10.0,28.841,False,200,
1787722341.4169478,container,10.0,10.0,29.881,False,200,
1787722341.516948,container,10.0,10.0,32.073,False,200,
1787722341.616948,container,10.0,10.0,34.786,False,200,
1787722341.716948,container,10.0,10.0,33.281,False,200,
1787722341.816948,container,10.0,10.0,27.85,False,200,
1787722341.9169478,container,10.0,10.0,22.501,False,200,
1787722342.016948,container,10.0,10.0,38.543,False,200,
1787722342.116948,container,10.0,10.0,37.593,False,200,
1787722342.216948,container,10.0,10.0,34.354,False,200,
1787722342.316948,container,10.0,10.0,27.549,False,200,
1787722342.4169478,container,10.0,10.0,26.473,False,200,
1787722342.516948,container,10.0,10.0,28.712,False,200,
1787722342.616948,container,10.0,10.0,35.84,False,200,
1787722342.716948,container,10.0,10.0,27.47,False,200,
1787722342.816948,container,10.0,10.0,32.676,False,200,
1787722342.9169478,container,10.0,10.0,35.375,False,200,
1787722343.016948,container,10.0,10.0,28.478,False,200,
1787722343.116948,container,10.0,10.0,41.182,False,200,
1787722343.216948,container,10.0,10.0,33.908,False,200,
1787722343.316948,container,10.0,10.0,30.924,False,200,
1787722343.4169478,container,10.0,10.0,22.604,False,200,
1787722343.516948,container,10.0,10.0,26.252,False,200,
1787722343.616948,container,10.0,10.0,21.504,False,200,
1787722343.716948,container,10.0,10.0,22.839,False,200,
1787722343.816948,container,10.0,10.0,23.979,False,200,
1787722343.9169478,container,10.0,10.0,23.107,False,200,
1787722344.016948,container,10.0,10.0,32.87,False,200,
1787722344.116948,container,10.0,10.0,36.682,False,200,
1787722344.216948,container,10.0,10.0,29.687,False,200,
1787722344.316948,container,10.0,10.0,32.759,False,200,
1787722344.4169478,container,10.0,10.0,23.408,False,200,
1787722344.516948,container,10.0,10.0,29.819,False,200,
1787722344.616948,container,10.0,10.0,26.323,False,200,
1787722344.716948,container,10.0,10.0,39.907,False,200,
1787722344.816948,container,10.0,10.0,29.492,False,200,
1787722344.9169478,container,10.0,10.0,26.737,False,200,
1787722345.016948,container,10.0,10.0,25.353,False,200,
1787722345.116948,container,10.0,10.0,26.383,False,200,
1787722345.216948,container,10.0,10.0,26.997,False,200,
1787722345.316948,container,10.0,10.0,40.884,False,200,
1787722345.4169478,container,10.0,10.0,32.228,False,200,
1787722345.516948,container,10.0,10.0,30.618,False,200,
1787722345.616948,container,10.0,10.0,31.188,False,200,
1787722345.716948,container,10.0,10.0,28.97,False,200,
1787722345.816948,container,10.0,10.0,30.729,False,200,
1787722345.9169478,container,10.0,10.0,34.919,False,200,
1787722346.016948,container,10.0,10.0,32.088,False,200,
1787722346.116948,container,10.0,10.0,31.541,False,200,
1787722346.216948,container,10.0,10.0,42.423,False,200,
1787722346.316948,container,10.0,10.0,33.616,False,200,
1787722346.4169478,container,10.0,10.0,36.404,False,200,
1787722346.516948,container,10.0,10.0,30.205,False,200,
1787722346.616948,container,10.0,10.0,40.117,False,200,
1787722346.716948,container,10.0,10.0,35.715,False,200,
1787722346.816948,container,10.0,10.0,28.678,False,200,
1787722346.9169478,container,10.0,10.0,29.549,False,200,
1787722347.016948,container,10.0,10.0,27.939,False,200,
1787722347.116948,container,10.0,10.0,30.445,False,200,
1787722347.216948,container,10.0,10.0,18.968,False,200,
1787722347.316948,container,10.0,10.0,26.022,False,200,
1787722347.4169478,container,10.0,10.0,31.133,False,200,
1787722347.516948,container,10.0,10.0,28.127,False,200,
1787722347.616948,container,10.0,10.0,29.633,False,200,
1787722347.716948,container,10.0,10.0,29.633,False,200,
1787722347.816948,container,10.0,10.0,28.084,False,200,
1787722347.9169478,container,10.0,10.0,30.254,False,200,
1787722348.016948,container,10.0,10.0,32.883,False,200,
1787722348.116948,container,10.0,10.0,34.199,False,200,
1787722348.216948,container,10.0,10.0,39.554,False,200,
1787722348.316948,container,10.0,10.0,28.625,False,200,
1787722348.4169478,container,10.0,10.0,21.693,False,200,
1787722348.516948,container,10.0,10.0,25.97,False,200,
1787722348.616948,container,10.0,10.0,27.938,False,200,
1787722348.716948,container,10.0,10.0,36.387,False,200,
1787722348.816948,container,10.0,10.0,29.276,False,200,
1787722348.9169478,container,10.0,10.0,32.086,False,200,
1787722349.016948,container,10.0,10.0,30.586,False,200,
1787722349.116948,container,10.0,10.0,26.229,False,200,
1787722349.216948,container,10.0,10.0,31.835,False,200,
1787722349.316948,container,10.0,10.0,27.534,False,200,
1787722349.4169478,container,10.0,10.0,25.336,False,200,
1787722349.516948,container,10.0,10.0,26.336,False,200,
1787722349.616948,container,10.0,10.0,29.783,False,200,
1787722349.716948,container,10.0,10.0,29.647,False,200,
1787722349.816948,container,10.0,10.0,34.423,False,200,
1787722349.9169478,container,10.0,10.0,44.866,False,200,
1787722350.016948,container,10.0,10.0,34.23,False,200,
1787722350.116948,container,10.0,10.0,28.176,False,200,
1787722350.216948,container,10.0,10.0,26.527,False,200,
1787722350.316948,container,10.0,10.0,29.597,False,200,
1787722350.4169478,container,10.0,10.0,31.276,False,200,
1787722350.516948,container,10.0,10.0,40.106,False,200,
1787722350.616948,container,10.0,10.0,35.992,False,200,
1787722350.716948,container,10.0,10.0,29.166,False,200,
1787722350.816948,container,10.0,10.0,32.948,False,200,
1787722350.9169478,container,10.0,10.0,36.748,False,200,
1787722351.016948,container,10.0,10.0,33.219,False,200,
1787722351.116948,container,10.0,10.0,27.662,False,200,
1787722351.216948,container,10.0,10.0,32.015,False,200,
1787722351.316948,container,10.0,10.0,22.953,False,200,
1787722351.4169478,container,10.0,10.0,29.596,False,200,
1787722351.516948,container,10.0,10.0,32.498,False,200,
1787722351.616948,container,10.0,10.0,33.056,False,200,
1787722351.716948,container,10.0,10.0,24.142,False,200,
1787722351.816948,container,10.0,10.0,28.315,False,200,
1787722351.9169478,container,10.0,10.0,36.186,False,200,
1787722352.016948,container,10.0,10.0,28.708,False,200,
1787722352.116948,container,10.0,10.0,31.242,False,200,
1787722352.216948,container,10.0,10.0,31.832,False,200,
1787722352.316948,container,10.0,10.0,25.581,False,200,
1787722352.4169478,container,10.0,10.0,27.504,False,200,
1787722352.516948,container,10.0,10.0,32.822,False,200,
1787722352.616948,container,10.0,10.0,27.31,False,200,
1787722352.716948,container,10.0,10.0,30.288,False,200,
1787722352.816948,container,10.0,10.0,37.976,False,200,
1787722352.9169478,container,10.0,10.0,29.077,False,200,
1787722353.016948,container,10.0,10.0,34.515,False,200,
1787722353.116948,container,10.0,10.0,36.337,False,200,
1787722353.216948,container,10.0,10.0,29.819,False,200,
1787722353.316948,container,10.0,10.0,35.784,False,200,
1787722353.4169478,container,10.0,10.0,30.664,False,200,
1787722353.516948,container,10.0,10.0,37.363,False,200,
1787722353.616948,container,10.0,10.0,30.362,False,200,
1787722353.716948,container,10.0,10.0,28.052,False,200,
1787722353.816948,container,10.0,10.0,41.889,False,200,
1787722353.9169478,container,10.0,10.0,31.241,False,200,
1787722354.016948,container,10.0,10.0,26.628,False,200,
1787722354.116948,container,10.0,10.0,21.069,False,200,
1787722354.216948,container,10.0,10.0,31.618,False,200,
1787722354.316948,container,10.0,10.0,32.546,False,200,
1787722354.4169478,container,10.0,10.0,29.967,False,200,
1787722354.516948,container,10.0,10.0,27.258,False,200,
1787722354.616948,container,10.0,10.0,29.447,False,200,
1787722354.716948,container,10.0,10.0,31.09,False,200,
1787722354.816948,container,10.0,10.0,28.107,False,200,
1787722354.9169478,container,10.0,10.0,32.267,False,200,
1787722355.016948,container,10.0,10.0,30.573,False,200,
1787722355.116948,container,10.0,10.0,32.636,False,200,
1787722355.216948,container,10.0,10.0,29.612,False,200,
1787722355.316948,container,10.0,10.0,35.681,False,200,
1787722355.4169478,container,10.0,10.0,32.072,False,200,
1787722355.516948,container,10.0,10.0,30.493,False,200,
1787722355.616948,container,10.0,10.0,24.741,False,200,
1787722355.716948,container,10.0,10.0,32.596,False,200,
1787722355.816948,container,10.0,10.0,25.771,False,200,
1787722355.9169478,container,10.0,10.0,33.282,False,200,
1787722356.016948,container,10.0,10.0,21.564,False,200,
1787722356.116948,container,10.0,10.0,33.25,False,200,
1787722356.216948,container,10.0,10.0,27.838,False,200,
1787722356.316948,container,10.0,10.0,29.497,False,200,
1787722356.4169478,container,10.0,10.0,34.888,False,200,
1787722356.516948,container,10.0,10.0,32.044,False,200,
1787722356.616948,container,10.0,10.0,31.066,False,200,
1787722356.716948,container,10.0,10.0,38.65,False,200,
1787722356.816948,container,10.0,10.0,30.32,False,200,
1787722356.9169478,container,10.0,10.0,31.256,False,200,
1787722357.016948,container,10.0,10.0,33.704,False,200,
1787722357.116948,container,10.0,10.0,21.087,False,200,
1787722357.216948,container,10.0,10.0,23.468,False,200,
1787722357.316948,container,10.0,10.0,30.605,False,200,
1787722357.4169478,container,10.0,10.0,33.051,False,200,
1787722357.516948,container,10.0,10.0,29.852,False,200,
1787722357.616948,container,10.0,10.0,31.103,False,200,
1787722357.716948,container,10.0,10.0,24.725,False,200,
1787722357.816948,container,10.0,10.0,35.638,False,200,
1787722357.9169478,container,10.0,10.0,28.172,False,200,
1787722358.016948,container,10.0,10.0,23.691,False,200,
1787722358.116948,container,10.0,10.0,32.067,False,200,
1787722358.216948,container,10.0,10.0,28.734,False,200,
1787722358.316948,container,10.0,10.0,33.017,False,200,
1787722358.4169478,container,10.0,10.0,29.765,False,200,
1787722358.516948,container,10.0,10.0,31.486,False,200,
1787722358.616948,container,10.0,10.0,23.855,False,200,
1787722358.716948,container,10.0,10.0,29.862,False,200,
1787722358.816948,container,10.0,10.0,23.668,False,200,
1787722358.9169478,container,10.0,10.0,29.88,False,200,
1787722359.016948,container,10.0,10.0,27.042,False,200,
1787722359.116948,container,10.0,10.0,38.225,False,200,
1787722359.216948,container,10.0,10.0,30.29,False,200,
1787722359.316948,container,10.0,10.0,27.602,False,200,
1787722359.4169478,container,10.0,10.0,25.141,False,200,
1787722359.516948,container,10.0,10.0,21.809,False,200,
1787722359.616948,container,10.0,10.0,26.53,False,200,
1787722359.716948,container,10.0,10.0,31.129,False,200,
1787722359.816948,container,10.0,10.0,35.784,False,200,
1787722359.9169478,container,10.0,10.0,31.305,False,200,
1787722360.016948,container,10.0,10.0,30.636,False,200,
1787722360.116948,container,10.0,10.0,33.699,False,200,
1787722360.216948,container,10.0,10.0,29.134,False,200,
1787722360.316948,container,10.0,10.0,23.357,False,200,
1787722360.4169478,container,10.0,10.0,29.057,False,200,
1787722360.516948,container,10.0,10.0,34.717,False,200,
1787722360.616948,container,10.0,10.0,35.082,False,200,
1787722360.716948,container,10.0,10.0,38.109,False,200,
1787722360.816948,container,10.0,10.0,30.791,False,200,
1787722360.9169478,container,10.0,10.0,27.42,False,200,
1787722361.016948,container,10.0,10.0,24.824,False,200,
1787722361.116948,container,10.0,10.0,30.729,False,200,
1787722361.216948,container,10.0,10.0,25.489,False,200,
1787722361.316948,container,10.0,10.0,26.908,False,200,
1787722361.4169478,container,10.0,10.0,41.982,False,200,
1787722361.516948,container,10.0,10.0,30.146,False,200,
1787722361.616948,container,10.0,10.0,26.804,False,200,
1787722361.716948,container,10.0,10.0,35.069,False,200,
1787722361.816948,container,10.0,10.0,27.953,False,200,
1787722361.9169478,container,10.0,10.0,34.062,False,200,
1787722362.016948,container,10.0,10.0,28.046,False,200,
1787722362.116948,container,10.0,10.0,32.723,False,200,
1787722362.216948,container,10.0,10.0,28.089,False,200,
1787722362.316948,container,10.0,10.0,32.647,False,200,
1787722362.4169478,container,10.0,10.0,39.385,False,200,
1787722362.516948,container,10.0,10.0,21.326,False,200,
1787722362.616948,container,10.0,10.0,38.457,False,200,
1787722362.716948,container,10.0,10.0,33.669,False,200,
1787722362.816948,container,10.0,10.0,41.019,False,200,
1787722362.9169478,container,10.0,10.0,32.111,False,200,
1787722363.016948,container,10.0,10.0,29.712,False,200,
1787722363.116948,container,10.0,10.0,31.246,False,200,
1787722363.216948,container,10.0,10.0,36.383,False,200,
1787722363.316948,container,10.0,10.0,32.485,False,200,
1787722363.4169478,container,10.0,10.0,31.153,False,200,
1787722363.516948,container,10.0,10.0,35.894,False,200,
1787722363.616948,container,10.0,10.0,27.765,False,200,
1787722363.716948,container,10.0,10.0,34.12,False,200,
1787722363.816948,container,10.0,10.0,33.678,False,200,
1787722363.9169478,container,10.0,10.0,30.92,False,200,
1787722364.016948,container,10.0,10.0,26.222,False,200,
1787722364.116948,container,10.0,10.0,33.442,False,200,
1787722364.216948,container,10.0,10.0,36.396,False,200,
1787722364.316948,container,10.0,10.0,32.92,False,200,
1787722364.4169478,container,10.0,10.0,24.883,False,200,
1787722364.516948,container,10.0,10.0,36.042,False,200,
1787722364.616948,container,10.0,10.0,25.683,False,200,
1787722364.716948,container,10.0,10.0,33.292,False,200,
1787722364.816948,container,10.0,10.0,31.15,False,200,
1787722364.9169478,container,10.0,10.0,23.449,False,200,
1787722365.016948,container,10.0,10.0,23.808,False,200,
1787722365.116948,container,10.0,10.0,29.703,False,200,
1787722365.216948,container,10.0,10.0,32.363,False,200,
1787722365.316948,container,10.0,10.0,28.823,False,200,
1787722365.4169478,container,10.0,10.0,32.581,False,200,
1787722365.516948,container,10.0,10.0,28.128,False,200,
1787722365.616948,container,10.0,10.0,36.059,False,200,
1787722365.716948,container,10.0,10.0,28.711,False,200,
1787722365.816948,container,10.0,10.0,30.314,False,200,
1787722365.9169478,container,10.0,10.0,32.25,False,200,
1787722366.016948,container,10.0,10.0,33.672,False,200,
1787722366.116948,container,10.0,10.0,31.953,False,200,
1787722366.216948,container,10.0,10.0,26.761,False,200,
1787722366.316948,container,10.0,10.0,41.834,False,200,
1787722366.4169478,container,10.0,10.0,34.789,False,200,
1787722366.516948,container,10.0,10.0,32.201,False,200,
1787722366.616948,container,10.0,10.0,31.858,False,200,
1787722366.716948,container,10.0,10.0,29.44,False,200,
1787722366.816948,container,10.0,10.0,29.543,False,200,
1787722366.9169478,container,10.0,10.0,33.9,False,200,
1787722367.016948,container,10.0,10.0,31.568,False,200,
1787722367.116948,container,10.0,10.0,37.194,False,200,
1787722367.216948,container,10.0,10.0,41.485,False,200,
