timestamp,deployment_mode,rps_target,rps_actual,latency_ms,is_cold_start,status_code,error
1787722067.329873,container,30.0,30.0,28.36,False,200,
1787722067.3632064,container,30.0,30.0,39.663,False,200,
1787722067.3965397,container,30.0,30.0,28.242,False,200,
1787722067.429873,container,30.0,30.0,27.713,False,200,
1787722067.4632065,container,30.0,30.0,31.161,False,200,
1787722067.4965398,container,30.0,30.0,34.893,False,200,
1787722067.5298731,container,30.0,30.0,28.998,False,200,
1787722067.5632064,container,30.0,30.0,28.426,False,200,
1787722067.5965397,container,30.0,30.0,30.18,False,200,
1787722067.629873,container,30.0,30.0,30.257,False,200,
1787722067.6632063,container,30.0,30.0,24.138,False,200,
1787722067.6965396,container,30.0,30.0,42.305,False,200,
1787722067.7298732,container,30.0,30.0,32.367,False,200,
1787722067.7632065,container,30.0,30.0,24.933,False,200,
1787722067.7965398,container,30.0,30.0,28.102,False,200,
1787722067.829873,container,30.0,30.0,38.39,False,200,
1787722067.8632064,container,30.0,30.0,28.014,False,200,
1787722067.8965397,container,30.0,30.0,33.612,False,200,
1787722067.929873,container,30.0,30.0,36.296,False,200,
1787722067.9632065,container,30.0,30.0,27.04,False,200,
1787722067.9965398,container,30.0,30.0,27.118,False,200,
1787722068.0298731,container,30.0,30.0,24.888,False,200,
1787722068.0632064,container,30.0,30.0,23.402,False,200,
1787722068.0965397,container,30.0,30.0,32.297,False,200,
1787722068.129873,container,30.0,30.0,32.284,False,200,
1787722068.1632063,container,30.0,30.0,30.374,False,200,
1787722068.1965396,container,30.0,30.0,25.546,False,200,
1787722068.2298732,container,30.0,30.0,30.579,False,200,
1787722068.2632065,container,30.0,30.0,34.144,False,200,
1787722068.2965398,container,30.0,30.0,27.834,False,200,
1787722068.329873,container,30.0,30.0,32.803,False,200,
1787722068.3632064,container,30.0,30.0,34.497,False,200,
1787722068.3965397,container,30.0,30.0,29.891,False,200,
1787722068.429873,container,30.0,30.0,26.694,False,200,
1787722068.4632065,container,30.0,30.0,29.176,False,200,
1787722068.4965398,container,30.0,30.0,29.548,False,200,
1787722068.5298731,container,30.0,30.0,30.515,False,200,
1787722068.5632064,container,30.0,30.0,31.658,False,200,
1787722068.5965397,container,30.0,30.0,28.251,False,200,
1787722068.629873,container,30.0,30.0,27.239,False,200,
1787722068.6632063,container,30.0,30.0,26.659,False,200,
1787722068.6965396,container,30.0,30.0,22.62,False,200,
1787722068.7298732,container,30.0,30.0,32.391,False,200,
1787722068.7632065,container,30.0,30.0,27.303,False,200,
1787722068.7965398,container,30.0,30.0,32.182,False,200,
1787722068.829873,container,30.0,30.0,23.143,False,200,
1787722068.8632064,container,30.0,30.0,33.148,False,200,
1787722068.8965397,container,30.0,30.0,35.926,False,200,
1787722068.929873,container,30.0,30.0,31.625,False,200,
1787722068.9632065,container,30.0,30.0,29.353,False,200,
1787722068.9965398,container,30.0,30.0,30.964,False,200,
1787722069.0298731,container,30.0,30.0,28.818,False,200,
1787722069.0632064,container,30.0,30.0,26.602,False,200,
1787722069.0965397,container,30.0,30.0,25.391,False,200,
1787722069.129873,container,30.0,30.0,31.431,False,200,
1787722069.1632063,container,30.0,30.0,26.099,False,200,
1787722069.1965396,container,30.0,30.0,30.473,False,200,
1787722069.2298732,container,30.0,30.0,33.046,False,200,
1787722069.2632065,container,30.0,30.0,30.959,False,200,
1787722069.2965398,container,30.0,30.0,33.106,False,200,
1787722069.329873,container,30.0,30.0,42.04,False,200,
1787722069.3632064,container,30.0,30.0,29.58,False,200,
1787722069.3965397,container,30.0,30.0,34.549,False,200,
1787722069.429873,container,30.0,30.0,34.732,False,200,
1787722069.4632065,container,30.0,30.0,31.22,False,200,
1787722069.4965398,container,30.0,30.0,36.937,False,200,
1787722069.5298731,container,30.0,30.0,36.255,False,200,
1787722069.5632064,container,30.0,30.0,31.093,False,200,
1787722069.5965397,container,30.0,30.0,29.042,False,200,
1787722069.629873,container,30.0,30.0,30.143,False,200,
1787722069.6632063,container,30.0,30.0,27.373,False,200,
1787722069.6965396,container,30.0,30.0,32.149,False,200,
1787722069.7298732,container,30.0,30.0,37.051,False,200,
1787722069.7632065,container,30.0,30.0,30.469,False,200,
1787722069.7965398,container,30.0,30.0,33.708,False,200,
1787722069.829873,container,30.0,30.0,30.288,False,200,
1787722069.8632064,container,30.0,30.0,39.537,False,200,
1787722069.8965397,container,30.0,30.0,31.29,False,200,
1787722069.929873,container,30.0,30.0,28.558,False,200,
1787722069.9632065,container,30.0,30.0,31.471,False,200,
1787722069.9965398,container,30.0,30.0,30.677,False,200,
1787722070.0298731,container,30.0,30.0,31.696,False,200,
1787722070.0632064,container,30.0,30.0,31.059,False,200,
1787722070.0965397,container,30.0,30.0,33.325,False,200,
1787722070.129873,container,30.0,30.0,27.028,False,200,
1787722070.1632063,container,30.0,30.0,28.667,False,200,
1787722070.1965396,container,30.0,30.0,34.84,False,200,
1787722070.2298732,container,30.0,30.0,27.585,False,200,
1787722070.2632065,container,30.0,30.0,22.433,False,200,
1787722070.2965398,container,30.0,30.0,29.364,False,200,
1787722070.329873,container,30.0,30.0,31.983,False,200,
1787722070.3632064,container,30.0,30.0,39.643,False,200,
1787722070.3965397,container,30.0,30.0,31.334,False,200,
1787722070.429873,container,30.0,30.0,28.757,False,200,
1787722070.4632065,container,30.0,30.0,26.335,False,200,
1787722070.4965398,container,30.0,30.0,28.43,False,200,
1787722070.5298731,container,30.0,30.0,40.151,False,200,
1787722070.5632064,container,30.0,30.0,23.764,False,200,
1787722070.5965397,container,30.0,30.0,35.347,False,200,
1787722070.629873,container,30.0,30.0,32.288,False,200,
1787722070.6632063,container,30.0,30.0,31.009,False,200,
1787722070.6965396,container,30.0,30.0,26.004,False,200,
1787722070.7298732,container,30.0,30.0,35.81,False,200,
1787722070.7632065,container,30.0,30.0,27.434,False,200,
1787722070.7965398,container,30.0,30.0,27.951,False,200,
1787722070.829873,container,30.0,30.0,21.874,False,200,
1787722070.8632064,container,30.0,30.0,21.764,False,200,
1787722070.8965397,container,30.0,30.0,32.551,False,200,
1787722070.929873,container,30.0,30.0,27.066,False,200,
1787722070.9632065,container,30.0,30.0,27.867,False,200,
1787722070.9965398,container,30.0,30.0,28.241,False,200,
1787722071.0298731,container,30.0,30.0,28.452,False,200,
1787722071.0632064,container,30.0,30.0,32.563,False,200,
1787722071.0965397,container,30.0,30.0,33.169,False,200,
1787722071.129873,container,30.0,30.0,33.516,False,200,
1787722071.1632063,container,30.0,30.0,26.524,False,200,
1787722071.1965396,container,30.0,30.0,28.268,False,200,
1787722071.2298732,container,30.0,30.0,21.36,False,200,
1787722071.2632065,container,30.0,30.0,34.054,False,200,
1787722071.2965398,container,30.0,30.0,29.776,False,200,
1787722071.329873,container,30.0,30.0,32.118,False,200,
1787722071.3632064,container,30.0,30.0,33.32,False,200,
1787722071.3965397,container,30.0,30.0,26.862,False,200,
1787722071.429873,container,30.0,30.0,36.649,False,200,
1787722071.4632065,container,30.0,30.0,33.336,False,200,
1787722071.4965398,container,30.0,30.0,30.345,False,200,
1787722071.5298731,container,30.0,30.0,29.767,False,200,
1787722071.5632064,container,30.0,30.0,32.687,False,200,
1787722071.5965397,container,30.0,30.0,29.527,False,200,
1787722071.629873,container,30.0,30.0,30.18,False,200,
1787722071.6632063,container,30.0,30.0,38.147,False,200,
1787722071.6965396,container,30.0,30.0,30.34,False,200,
1787722071.7298732,container,30.0,30.0,25.393,False,200,
1787722071.7632065,container,30.0,30.0,26.743,False,200,
1787722071.7965398,container,30.0,30.0,22.04,False,200,
1787722071.829873,container,30.0,30.0,33.63,False,200,
1787722071.8632064,container,30.0,30.0,30.617,False,200,
1787722071.8965397,container,30.0,30.0,29.202,False,200,
1787722071.929873,container,30.0,30.0,37.073,False,200,
1787722071.9632065,container,30.0,30.0,21.759,False,200,
1787722071.9965398,container,30.0,30.0,31.892,False,200,
1787722072.0298731,container,30.0,30.0,32.07,False,200,
1787722072.0632064,container,30.0,30.0,27.337,False,200,
1787722072.0965397,container,30.0,30.0,28.147,False,200,
1787722072.129873,container,30.0,30.0,33.844,False,200,
1787722072.1632063,container,30.0,30.0,31.984,False,200,
1787722072.1965396,container,30.0,30.0,27.561,False,200,
1787722072.2298732,container,30.0,30.0,26.873,False,200,
1787722072.2632065,container,30.0,30.0,32.285,False,200,
1787722072.2965398,container,30.0,30.0,23.036,False,200,
1787722072.329873,container,30.0,30.0,30.378,False,200,
1787722072.3632064,container,30.0,30.0,30.225,False,200,
1787722072.3965397,container,30.0,30.0,26.145,False,200,
1787722072.429873,container,30.0,30.0,33.488,False,200,
1787722072.4632065,container,30.0,30.0,31.332,False,200,
1787722072.4965398,container,30.0,30.0,33.624,False,200,
1787722072.5298731,container,30.0,30.0,25.073,False,200,
1787722072.5632064,container,30.0,30.0,32.272,False,200,
1787722072.5965397,container,30.0,30.0,27.179,False,200,
1787722072.629873,container,30.0,30.0,27.69,False,200,
1787722072.6632063,container,30.0,30.0,28.922,False,200,
1787722072.6965396,container,30.0,30.0,30.369,False,200,
1787722072.7298732,container,30.0,30.0,27.018,False,200,
1787722072.7632065,container,30.0,30.0,30.069,False,200,
1787722072.7965398,container,30.0,30.0,25.681,False,200,
1787722072.829873,container,30.0,30.0,28.664,False,200,
1787722072.8632064,container,30.0,30.0,30.494,False,200,
1787722072.8965397,container,30.0,30.0,31.293,False,200,
1787722072.929873,container,30.0,30.0,23.71,False,200,
1787722072.9632065,container,30.0,30.0,30.926,False,200,
1787722072.9965398,container,30.0,30.0,27.738,False,200,
1787722073.0298731,container,30.0,30.0,23.839,False,200,
1787722073.0632064,container,30.0,30.0,28.65,False,200,
1787722073.0965397,container,30.0,30.0,30.761,False,200,
1787722073.129873,container,30.0,30.0,35.437,False,200,
1787722073.1632063,container,30.0,30.0,31.355,False,200,
1787722073.1965396,container,30.0,30.0,20.168,False,200,
1787722073.2298732,container,30.0,30.0,23.666,False,200,
1787722073.2632065,container,30.0,30.0,26.29,False,200,
1787722073.2965398,container,30.0,30.0,33.445,False,200,
1787722073.329873,container,30.0,30.0,31.822,False,200,
1787722073.3632064,container,30.0,30.0,30.474,False,200,
1787722073.3965397,container,30.0,30.0,28.715,False,200,
1787722073.429873,container,30.0,30.0,20.908,False,200,
1787722073.4632065,container,30.0,30.0,32.866,False,200,
1787722073.4965398,container,30.0,30.0,31.914,False,200,
1787722073.5298731,container,30.0,30.0,32.657,False,200,
1787722073.5632064,container,30.0,30.0,29.506,False,200,
1787722073.5965397,container,30.0,30.0,35.608,False,200,
1787722073.629873,container,30.0,30.0,22.866,False,200,
1787722073.6632063,container,30.0,30.0,32.851,False,200,
1787722073.6965396,container,30.0,30.0,26.261,False,200,
1787722073.7298732,container,30.0,30.0,19.308,False,200,
1787722073.7632065,container,30.0,30.0,45.161,False,200,
1787722073.7965398,container,30.0,30.0,32.302,False,200,
1787722073.829873,container,30.0,30.0,27.918,False,200,
1787722073.8632064,container,30.0,30.0,30.256,False,200,
1787722073.8965397,container,30.0,30.0,26.789,False,200,
1787722073.929873,container,30.0,30.0,22.983,False,200,
1787722073.9632065,container,30.0,30.0,26.197,False,200,
1787722073.9965398,container,30.0,30.0,27.691,False,200,
1787722074.0298731,container,30.0,30.0,25.08,False,200,
1787722074.0632064,container,30.0,30.0,18.381,False,200,
1787722074.0965397,container,30.0,30.0,29.673,False,200,
1787722074.129873,container,30.0,30.0,35.422,False,200,
1787722074.1632063,container,30.0,30.0,26.715,False,200,
1787722074.1965396,container,30.0,30.0,32.944,False,200,
1787722074.2298732,container,30.0,30.0,37.004,False,200,
1787722074.2632065,container,30.0,30.0,35.763,False,200,
1787722074.2965398,container,30.0,30.0,24.227,False,200,
1787722074.329873,container,30.0,30.0,24.234,False,200,
1787722074.3632064,container,30.0,30.0,29.745,False,200,
1787722074.3965397,container,30.0,30.0,31.74,False,200,
1787722074.429873,container,30.0,30.0,27.532,False,200,
1787722074.4632065,container,30.0,30.0,33.733,False,200,
1787722074.4965398,container,30.0,30.0,29.537,False,200,
1787722074.5298731,container,30.0,30.0,29.213,False,200,
1787722074.5632064,container,30.0,30.0,31.87,False,200,
1787722074.5965397,container,30.0,30.0,34.312,False,200,
1787722074.629873,container,30.0,30.0,23.541,False,200,
1787722074.6632063,container,30.0,30.0,29.639,False,200,
1787722074.6965396,container,30.0,30.0,31.427,False,200,
1787722074.7298732,container,30.0,30.0,29.456,False,200,
1787722074.7632065,container,30.0,30.0,29.624,False,200,
1787722074.7965398,container,30.0,30.0,30.074,False,200,
1787722074.829873,container,30.0,30.0,32.266,False,200,
1787722074.8632064,container,30.0,30.0,27.547,False,200,
1787722074.8965397,container,30.0,30.0,31.913,False,200,
1787722074.929873,container,30.0,30.0,33.88,False,200,
1787722074.9632065,container,30.0,30.0,27.278,False,200,
1787722074.9965398,container,30.0,30.0,25.125,False,200,
1787722075.0298731,container,30.0,30.0,29.364,False,200,
1787722075.0632064,container,30.0,30.0,33.203,False,200,
1787722075.0965397,container,30.0,30.0,32.473,False,200,
1787722075.129873,container,30.0,30.0,30.733,False,200,
1787722075.1632063,container,30.0,30.0,35.154,False,200,
1787722075.1965396,container,30.0,30.0,24.285,False,200,
1787722075.2298732,container,30.0,30.0,30.325,False,200,
1787722075.2632065,container,30.0,30.0,31.105,False,200,
1787722075.2965398,container,30.0,30.0,30.535,False,200,
1787722075.329873,container,30.0,30.0,26.779,False,200,
1787722075.3632064,container,30.0,30.0,33.744,False,200,
1787722075.3965397,container,30.0,30.0,21.131,False,200,
1787722075.429873,container,30.0,30.0,40.589,False,200,
1787722075.4632065,container,30.0,30.0,27.063,False,200,
1787722075.4965398,container,30.0,30.0,28.2,False,200,
1787722075.5298731,container,30.0,30.0,30.721,False,200,
1787722075.5632064,container,30.0,30.0,34.352,False,200,
1787722075.5965397,container,30.0,30.0,29.019,False,200,
1787722075.629873,container,30.0,30.0,30.388,False,200,
1787722075.6632063,container,30.0,30.0,29.85,False,200,
1787722075.6965396,container,30.0,30.0,27.084,False,200,
1787722075.7298732,container,30.0,30.0,47.208,False,200,
1787722075.7632065,container,30.0,30.0,36.017,False,200,
1787722075.7965398,container,30.0,30.0,31.077,False,200,
1787722075.829873,container,30.0,30.0,27.067,False,200,
1787722075.8632064,container,30.0,30.0,18.909,False,200,
1787722075.8965397,container,30.0,30.0,36.375,False,200,
1787722075.929873,container,30.0,30.0,42.139,False,200,
1787722075.9632065,container,30.0,30.0,22.575,False,200,
1787722075.9965398,container,30.0,30.0,30.186,False,200,
1787722076.0298731,container,30.0,30.0,27.495,False,200,
1787722076.0632064,container,30.0,30.0,28.028,False,200,
1787722076.0965397,container,30.0,30.0,36.53,False,200,
1787722076.129873,container,30.0,30.0,31.573,False,200,
1787722076.1632063,container,30.0,30.0,37.323,False,200,
1787722076.1965396,container,30.0,30.0,30.994,False,200,
1787722076.2298732,container,30.0,30.0,32.151,False,200,
1787722076.2632065,container,30.0,30.0,41.0,False,200,
1787722076.2965398,container,30.0,30.0,32.053,False,200,
1787722076.329873,container,30.0,30.0,24.697,False,200,
1787722076.3632064,container,30.0,30.0,25.839,False,200,
1787722076.3965397,container,30.0,30.0,21.527,False,200,
1787722076.429873,container,30.0,30.0,26.854,False,200,
1787722076.4632065,container,30.0,30.0,31.314,False,200,
1787722076.4965398,container,30.0,30.0,30.401,False,200,
1787722076.5298731,container,30.0,30.0,30.608,False,200,
1787722076.5632064,container,30.0,30.0,33.862,False,200,
1787722076.5965397,container,30.0,30.0,32.227,False,200,
1787722076.629873,container,30.0,30.0,27.464,False,200,
1787722076.6632063,container,30.0,30.0,29.86,False,200,
1787722076.6965396,container,30.0,30.0,31.731,False,200,
1787722076.7298732,container,30.0,30.0,38.564,False,200,
1787722076.7632065,container,30.0,30.0,29.595,False,200,
1787722076.7965398,container,30.0,30.0,39.733,False,200,
1787722076.829873,container,30.0,30.0,29.281,False,200,
1787722076.8632064,container,30.0,30.0,28.441,False,200,
1787722076.8965397,container,30.0,30.0,37.498,False,200,
1787722076.929873,container,30.0,30.0,34.456,False,200,
1787722076.9632065,container,30.0,30.0,29.487,False,200,
1787722076.9965398,container,30.0,30.0,26.113,False,200,
1787722077.0298731,container,30.0,30.0,32.55,False,200,
1787722077.0632064,container,30.0,30.0,32.851,False,200,
1787722077.0965397,container,30.0,30.0,31.583,False,200,
1787722077.129873,container,30.0,30.0,22.905,False,200,
1787722077.1632063,container,30.0,30.0,29.107,False,200,
1787722077.1965396,container,30.0,30.0,36.097,False,200,
1787722077.2298732,container,30.0,30.0,28.436,False,200,
1787722077.2632065,container,30.0,30.0,23.53,False,200,
1787722077.2965398,container,30.0,30.0,27.62,False,200,
1787722077.329873,container,30.0,30.0,36.056,False,200,
1787722077.3632064,container,30.0,30.0,24.25,False,200,
1787722077.3965397,container,30.0,30.0,25.379,False,200,
1787722077.429873,container,30.0,30.0,41.905,False,200,
1787722077.4632065,container,30.0,30.0,27.128,False,200,
1787722077.4965398,container,30.0,30.0,21.0,False,200,
1787722077.5298731,container,30.0,30.0,29.779,False,200,
1787722077.5632064,container,30.0,30.0,29.987,False,200,
1787722077.5965397,container,30.0,30.0,31.104,False,200,
1787722077.629873,container,30.0,30.0,40.011,False,200,
1787722077.6632063,container,30.0,30.0,29.423,False,200,
1787722077.6965396,container,30.0,30.0,37.389,False,200,
1787722077.7298732,container,30.0,30.0,27.539,False,200,
1787722077.7632065,container,30.0,30.0,34.21,False,200,
1787722077.7965398,container,30.0,30.0,30.281,False,200,
1787722077.829873,container,30.0,30.0,29.607,False,200,
1787722077.8632064,container,30.0,30.0,29.532,False,200,
1787722077.8965397,container,30.0,30.0,30.041,False,200,
1787722077.929873,container,30.0,30.0,31.022,False,200,
1787722077.9632065,container,30.0,30.0,23.387,False,200,
1787722077.9965398,container,30.0,30.0,30.452,False,200,
1787722078.0298731,container,30.0,30.0,26.524,False,200,
1787722078.0632064,container,30.0,30.0,27.759,False,200,
1787722078.0965397,container,30.0,30.0,25.202,False,200,
1787722078.129873,container,30.0,30.0,34.827,False,200,
1787722078.1632063,container,30.0,30.0,29.352,False,200,
1787722078.1965396,container,30.0,30.0,24.521,False,200,
1787722078.2298732,container,30.0,30.0,26.658,False,200,
1787722078.2632065,container,30.0,30.0,28.578,False,200,
1787722078.2965398,container,30.0,30.0,32.074,False,200,
1787722078.329873,container,30.0,30.0,37.326,False,200,
1787722078.3632064,container,30.0,30.0,30.055,False,200,
1787722078.3965397,container,30.0,30.0,30.006,False,200,
1787722078.429873,container,30.0,30.0,28.167,False,200,
1787722078.4632065,container,30.0,30.0,31.052,False,200,
1787722078.4965398,container,30.0,30.0,29.388,False,200,
1787722078.5298731,container,30.0,30.0,34.777,False,200,
1787722078.5632064,container,30.0,30.0,27.918,False,200,
1787722078.5965397,container,30.0,30.0,23.881,False,200,
1787722078.629873,container,30.0,30.0,42.854,False,200,
1787722078.6632063,container,30.0,30.0,27.728,False,200,
1787722078.6965396,container,30.0,30.0,25.943,False,200,
1787722078.7298732,container,30.0,30.0,32.365,False,200,
1787722078.7632065,container,30.0,30.0,33.982,False,200,
1787722078.7965398,container,30.0,30.0,24.176,False,200,
1787722078.829873,container,30.0,30.0,29.088,False,200,
1787722078.8632064,container,30.0,30.0,26.241,False,200,
1787722078.8965397,container,30.0,30.0,22.065,False,200,
1787722078.929873,container,30.0,30.0,32.503,False,200,
1787722078.9632065,container,30.0,30.0,39.151,False,200,
1787722078.9965398,container,30.0,30.0,34.356,False,200,
1787722079.0298731,container,30.0,30.0,31.218,False,200,
1787722079.0632064,container,30.0,30.0,34.956,False,200,
1787722079.0965397,container,30.0,30.0,31.589,False,200,
1787722079.129873,container,30.0,30.0,31.844,False,200,
1787722079.1632063,container,30.0,30.0,28.47,False,200,
1787722079.1965396,container,30.0,30.0,27.507,False,200,
1787722079.2298732,container,30.0,30.0,32.274,False,200,
1787722079.2632065,container,30.0,30.0,26.374,False,200,
1787722079.2965398,container,30.0,30.0,28.067,False,200,
1787722079.329873,container,30.0,30.0,33.739,False,200,
1787722079.3632064,container,30.0,30.0,24.911,False,200,
1787722079.3965397,container,30.0,30.0,34.859,False,200,
1787722079.429873,container,30.0,30.0,30.714,False,200,
1787722079.4632065,container,30.0,30.0,28.106,False,200,
1787722079.4965398,container,30.0,30.0,33.6,False,200,
1787722079.5298731,container,30.0,30.0,27.492,False,200,
1787722079.5632064,container,30.0,30.0,31.779,False,200,
1787722079.5965397,container,30.0,30.0,19.576,False,200,
1787722079.629873,container,30.0,30.0,30.443,False,200,
1787722079.6632063,container,30.0,30.0,33.912,False,200,
1787722079.6965396,container,30.0,30.0,31.639,False,200,
1787722079.7298732,container,30.0,30.0,27.848,False,200,
1787722079.7632065,container,30.0,30.0,35.612,False,200,
1787722079.7965398,container,30.0,30.0,37.122,False,200,
1787722079.829873,container,30.0,30.0,30.55,False,200,
1787722079.8632064,container,30.0,30.0,30.199,False,200,
1787722079.8965397,container,30.0,30.0,28.987,False,200,
1787722079.929873,container,30.0,30.0,30.233,False,200,
1787722079.9632065,container,30.0,30.0,34.241,False,200,
1787722079.9965398,container,30.0,30.0,37.935,False,200,
1787722080.0298731,container,30.0,30.0,24.712,False,200,
1787722080.0632064,container,30.0,30.0,30.823,False,200,
1787722080.0965397,container,30.0,30.0,27.416,False,200,
1787722080.129873,container,30.0,30.0,31.242,False,200,
1787722080.1632063,container,30.0,30.0,33.789,False,200,
1787722080.1965396,container,30.0,30.0,26.468,False,200,
1787722080.2298732,container,30.0,30.0,18.725,False,200,
1787722080.2632065,container,30.0,30.0,31.144,False,200,
1787722080.2965398,container,30.0,30.0,20.73,False,200,
1787722080.329873,container,30.0,30.0,33.584,False,200,
1787722080.3632064,container,30.0,30.0,27.662,False,200,
1787722080.3965397,container,30.0,30.0,28.297,False,200,
1787722080.429873,container,30.0,30.0,32.143,False,200,
1787722080.4632065,container,30.0,30.0,31.175,False,200,
1787722080.4965398,container,30.0,30.0,35.093,False,200,
1787722080.5298731,container,30.0,30.0,20.405,False,200,
1787722080.5632064,container,30.0,30.0,31.498,False,200,
1787722080.5965397,container,30.0,30.0,33.336,False,200,
1787722080.629873,container,30.0,30.0,40.776,False,200,
1787722080.6632063,container,30.0,30.0,31.733,False,200,
1787722080.6965396,container,30.0,30.0,23.336,False,200,
1787722080.7298732,container,30.0,30.0,27.373,False,200,
1787722080.7632065,container,30.0,30.0,25.475,False,200,
1787722080.7965398,container,30.0,30.0,32.151,False,200,
1787722080.829873,container,30.0,30.0,25.492,False,200,
1787722080.8632064,container,30.0,30.0,29.636,False,200,
1787722080.8965397,container,30.0,30.0,37.83,False,200,
1787722080.929873,container,30.0,30.0,30.435,False,200,
1787722080.9632065,container,30.0,30.0,23.789,False,200,
1787722080.9965398,container,30.0,30.0,32.755,False,200,
1787722081.0298731,container,30.0,30.0,28.377,False,200,
1787722081.0632064,container,30.0,30.0,28.089,False,200,
1787722081.0965397,container,30.0,30.0,34.215,False,200,
1787722081.129873,container,30.0,30.0,27.245,False,200,
1787722081.1632063,container,30.0,30.0,29.023,False,200,
1787722081.1965396,container,30.0,30.0,32.434,False,200,
1787722081.2298732,container,30.0,30.0,36.612,False,200,
1787722081.2632065,container,30.0,30.0,31.59,False,200,
1787722081.2965398,container,30.0,30.0,27.754,False,200,
1787722081.329873,container,30.0,30.0,26.869,False,200,
1787722081.3632064,container,30.0,30.0,31.665,False,200,
1787722081.3965397,container,30.0,30.0,26.588,False,200,
1787722081.429873,container,30.0,30.0,35.192,False,200,
1787722081.4632065,container,30.0,30.0,36.052,False,200,
1787722081.4965398,container,30.0,30.0,23.001,False,200,
1787722081.5298731,container,30.0,30.0,29.381,False,200,
1787722081.5632064,container,30.0,30.0,23.088,False,200,
1787722081.5965397,container,30.0,30.0,30.314,False,200,
1787722081.629873,container,30.0,30.0,35.671,False,200,
1787722081.6632063,container,30.0,30.0,30.233,False,200,
1787722081.6965396,container,30.0,30.0,35.941,False,200,
1787722081.7298732,container,30.0,30.0,34.473,False,200,
1787722081.7632065,container,30.0,30.0,22.85,False,200,
1787722081.7965398,container,30.0,30.0,26.168,False,200,
1787722081.829873,container,30.0,30.0,40.789,False,200,
1787722081.8632064,container,30.0,30.0,28.956,False,200,
1787722081.8965397,container,30.0,30.0,29.193,False,200,
1787722081.929873,container,30.0,30.0,28.271,False,200,
1787722081.9632065,container,30.0,30.0,28.868,False,200,
1787722081.9965398,container,30.0,30.0,25.442,False,200,
1787722082.0298731,container,30.0,30.0,41.252,False,200,
1787722082.0632064,container,30.0,30.0,29.673,False,200,
1787722082.0965397,container,30.0,30.0,33.59,False,200,
1787722082.129873,container,30.0,30.0,24.568,False,200,
1787722082.1632063,container,30.0,30.0,33.698,False,200,
1787722082.1965396,container,30.0,30.0,31.356,False,200,
1787722082.2298732,container,30.0,30.0,32.888,False,200,
1787722082.2632065,container,30.0,30.0,33.091,False,200,
1787722082.2965398,container,30.0,30.0,26.315,False,200,
1787722082.329873,container,30.0,30.0,33.55,False,200,
1787722082.3632064,container,30.0,30.0,39.056,False,200,
1787722082.3965397,container,30.0,30.0,26.162,False,200,
1787722082.429873,container,30.0,30.0,28.657,False,200,
1787722082.4632065,container,30.0,30.0,35.424,False,200,
1787722082.4965398,container,30.0,30.0,28.11,False,200,
1787722082.5298731,container,30.0,30.0,29.828,False,200,
1787722082.5632064,container,30.0,30.0,34.096,False,200,
1787722082.5965397,container,30.0,30.0,23.627,False,200,
1787722082.629873,container,30.0,30.0,27.029,False,200,
1787722082.6632063,container,30.0,30.0,22.85,False,200,
1787722082.6965396,container,30.0,30.0,35.542,False,200,
1787722082.7298732,container,30.0,30.0,29.572,False,200,
1787722082.7632065,container,30.0,30.0,31.345,False,200,
1787722082.7965398,container,30.0,30.0,19.005,False,200,
1787722082.829873,container,30.0,30.0,27.57,False,200,
1787722082.8632064,container,30.0,30.0,33.069,False,200,
1787722082.8965397,container,30.0,30.0,33.364,False,200,
1787722082.929873,container,30.0,30.0,30.122,False,200,
1787722082.9632065,container,30.0,30.0,29.552,False,200,
1787722082.9965398,container,30.0,30.0,34.019,False,200,
1787722083.0298731,container,30.0,30.0,30.966,False,200,
1787722083.0632064,container,30.0,30.0,34.846,False,200,
1787722083.0965397,container,30.0,30.0,20.367,False,200,
1787722083.129873,container,30.0,30.0,42.168,False,200,
1787722083.1632063,container,30.0,30.0,22.49,False,200,
1787722083.1965396,container,30.0,30.0,31.432,False,200,
1787722083.2298732,container,30.0,30.0,29.337,False,200,
1787722083.2632065,container,30.0,30.0,31.053,False,200,
1787722083.2965398,container,30.0,30.0,33.563,False,200,
1787722083.329873,container,30.0,30.0,31.038,False,200,
1787722083.3632064,container,30.0,30.0,35.849,False,200,
1787722083.3965397,container,30.0,30.0,37.811,False,200,
1787722083.429873,container,30.0,30.0,38.698,False,200,
1787722083.4632065,container,30.0,30.0,33.576,False,200,
1787722083.4965398,container,30.0,30.0,19.669,False,200,
1787722083.5298731,container,30.0,30.0,34.624,False,200,
1787722083.5632064,container,30.0,30.0,35.006,False,200,
1787722083.5965397,container,30.0,30.0,29.338,False,200,
1787722083.629873,container,30.0,30.0,22.068,False,200,
1787722083.6632063,container,30.0,30.0,21.288,False,200,
1787722083.6965396,container,30.0,30.0,27.794,False,200,
1787722083.7298732,container,30.0,30.0,34.62,False,200,
1787722083.7632065,container,30.0,30.0,31.137,False,200,
1787722083.7965398,container,30.0,30.0,30.038,False,200,
1787722083.829873,container,30.0,30.0,24.502,False,200,
1787722083.8632064,container,30.0,30.0,31.821,False,200,
1787722083.8965397,container,30.0,30.0,34.189,False,200,
1787722083.929873,container,30.0,30.0,29.182,False,200,
1787722083.9632065,container,30.0,30.0,34.926,False,200,
1787722083.9965398,container,30.0,30.0,28.617,False,200,
1787722084.0298731,container,30.0,30.0,26.227,False,200,
1787722084.0632064,container,30.0,30.0,34.303,False,200,
1787722084.0965397,container,30.0,30.0,31.959,False,200,
1787722084.129873,container,30.0,30.0,34.449,False,200,
1787722084.1632063,container,30.0,30.0,28.087,False,200,
1787722084.1965396,container,30.0,30.0,28.212,False,200,
1787722084.2298732,container,30.0,30.0,27.836,False,200,
1787722084.2632065,container,30.0,30.0,28.123,False,200,
1787722084.2965398,container,30.0,30.0,26.613,False,200,
1787722084.329873,container,30.0,30.0,30.518,False,200,
1787722084.3632064,container,30.0,30.0,23.668,False,200,
1787722084.3965397,container,30.0,30.0,31.646,False,200,
1787722084.429873,container,30.0,30.0,32.937,False,200,
1787722084.4632065,container,30.0,30.0,36.881,False,200,
1787722084.4965398,container,30.0,30.0,34.811,False,200,
1787722084.5298731,container,30.0,30.0,30.897,False,200,
1787722084.5632064,container,30.0,30.0,27.375,False,200,
1787722084.5965397,container,30.0,30.0,30.311,False,200,
1787722084.629873,container,30.0,30.0,35.122,False,200,
1787722084.6632063,container,30.0,30.0,29.208,False,200,
1787722084.6965396,container,30.0,30.0,41.814,False,200,
1787722084.7298732,container,30.0,30.0,35.552,False,200,
1787722084.7632065,container,30.0,30.0,31.043,False,200,
1787722084.7965398,container,30.0,30.0,29.959,False,200,
1787722084.829873,container,30.0,30.0,25.174,False,200,
1787722084.8632064,container,30.0,30.0,28.64,False,200,
1787722084.8965397,container,30.0,30.0,22.271,False,200,
1787722084.929873,container,30.0,30.0,28.499,False,200,
1787722084.9632065,container,30.0,30.0,31.756,False,200,
1787722084.9965398,container,30.0,30.0,38.144,False,200,
1787722085.0298731,container,30.0,30.0,32.448,False,200,
1787722085.0632064,container,30.0,30.0,29.023,False,200,
1787722085.0965397,container,30.0,30.0,36.337,False,200,
1787722085.129873,container,30.0,30.0,22.367,False,200,
1787722085.1632063,container,30.0,30.0,30.983,False,200,
1787722085.1965396,container,30.0,30.0,37.511,False,200,
1787722085.2298732,container,30.0,30.0,29.137,False,200,
1787722085.2632065,container,30.0,30.0,30.646,False,200,
1787722085.2965398,container,30.0,30.0,22.24,False,200,
1787722085.329873,container,30.0,30.0,32.21,False,200,
1787722085.3632064,container,30.0,30.0,33.299,False,200,
1787722085.3965397,container,30.0,30.0,30.777,False,200,
1787722085.429873,container,30.0,30.0,32.235,False,200,
1787722085.4632065,container,30.0,30.0,30.576,False,200,
1787722085.4965398,container,30.0,30.0,26.815,False,200,
1787722085.5298731,container,30.0,30.0,38.21,False,200,
1787722085.5632064,container,30.0,30.0,33.12,False,200,
1787722085.5965397,container,30.0,30.0,38.616,False,200,
1787722085.629873,container,30.0,30.0,31.007,False,200,
1787722085.6632063,container,30.0,30.0,31.112,False,200,
1787722085.6965396,container,30.0,30.0,25.332,False,200,
1787722085.7298732,container,30.0,30.0,28.032,False,200,
1787722085.7632065,container,30.0,30.0,38.73,False,200,
1787722085.7965398,container,30.0,30.0,33.674,False,200,
1787722085.829873,container,30.0,30.0,28.638,False,200,
1787722085.8632064,container,30.0,30.0,31.711,False,200,
1787722085.8965397,container,30.0,30.0,30.932,False,200,
1787722085.929873,container,30.0,30.0,27.657,False,200,
1787722085.9632065,container,30.0,30.0,32.678,False,200,
1787722085.9965398,container,30.0,30.0,29.651,False,200,
1787722086.0298731,container,30.0,30.0,34.696,False,200,
1787722086.0632064,container,30.0,30.0,32.902,False,200,
1787722086.0965397,container,30.0,30.0,35.338,False,200,
1787722086.129873,container,30.0,30.0,33.915,False,200,
1787722086.1632063,container,30.0,30.0,31.503,False,200,
1787722086.1965396,container,30.0,30.0,30.313,False,200,
1787722086.2298732,container,30.0,30.0,25.595,False,200,
1787722086.2632065,container,30.0,30.0,35.381,False,200,
1787722086.2965398,container,30.0,30.0,26.773,False,200,
1787722086.329873,container,30.0,30.0,25.346,False,200,
1787722086.3632064,container,30.0,30.0,31.568,False,200,
1787722086.3965397,container,30.0,30.0,29.895,False,200,
1787722086.429873,container,30.0,30.0,29.393,False,200,
1787722086.4632065,container,30.0,30.0,27.371,False,200,
1787722086.4965398,container,30.0,30.0,27.353,False,200,
1787722086.5298731,container,30.0,30.0,22.808,False,200,
1787722086.5632064,container,30.0,30.0,27.478,False,200,
1787722086.5965397,container,30.0,30.0,40.328,False,200,
1787722086.629873,container,30.0,30.0,24.931,False,200,
1787722086.6632063,container,30.0,30.0,31.444,False,200,
1787722086.6965396,container,30.0,30.0,38.007,False,200,
1787722086.7298732,container,30.0,30.0,23.828,False,200,
1787722086.7632065,container,30.0,30.0,32.129,False,200,
1787722086.7965398,container,30.0,30.0,37.158,False,200,
1787722086.829873,container,30.0,30.0,39.646,False,200,
1787722086.8632064,container,30.0,30.0,28.217,False,200,
1787722086.8965397,container,30.0,30.0,21.991,False,200,
1787722086.929873,container,30.0,30.0,38.515,False,200,
1787722086.9632065,container,30.0,30.0,34.466,False,200,
1787722086.9965398,container,30.0,30.0,37.382,False,200,
1787722087.0298731,container,30.0,30.0,30.741,False,200,
1787722087.0632064,container,30.0,30.0,36.348,False,200,
1787722087.0965397,container,30.0,30.0,32.751,False,200,
1787722087.129873,container,30.0,30.0,27.821,False,200,
1787722087.1632063,container,30.0,30.0,28.048,False,200,
1787722087.1965396,container,30.0,30.0,29.855,False,200,
1787722087.2298732,container,30.0,30.0,37.439,False,200,
1787722087.2632065,container,30.0,30.0,22.91,False,200,
1787722087.2965398,container,30.0,30.0,26.525,False,200,
1787722087.329873,container,30.0,30.0,31.663,False,200,
1787722087.3632064,container,30.0,30.0,33.165,False,200,
1787722087.3965397,container,30.0,30.0,33.658,False,200,
1787722087.429873,container,30.0,30.0,34.136,False,200,
1787722087.4632065,container,30.0,30.0,33.018,False,200,
1787722087.4965398,container,30.0,30.0,36.75,False,200,
1787722087.5298731,container,30.0,30.0,29.669,False,200,
1787722087.5632064,container,30.0,30.0,33.831,False,200,
1787722087.5965397,container,30.0,30.0,29.207,False,200,
1787722087.629873,container,30.0,30.0,21.175,False,200,
1787722087.6632063,container,30.0,30.0,34.128,False,200,
1787722087.6965396,container,30.0,30.0,31.34,False,200,
1787722087.7298732,container,30.0,30.0,26.512,False,200,
1787722087.7632065,container,30.0,30.0,34.362,False,200,
1787722087.7965398,container,30.0,30.0,27.172,False,200,
1787722087.829873,container,30.0,30.0,27.923,False,200,
1787722087.8632064,container,30.0,30.0,25.472,False,200,
1787722087.8965397,container,30.0,30.0,27.825,False,200,
1787722087.929873,container,30.0,30.0,35.065,False,200,
1787722087.9632065,container,30.0,30.0,36.82,False,200,
1787722087.9965398,container,30.0,30.0,33.829,False,200,
1787722088.0298731,container,30.0,30.0,27.863,False,200,
1787722088.0632064,container,30.0,30.0,34.479,False,200,
1787722088.0965397,container,30.0,30.0,27.34,False,200,
1787722088.129873,container,30.0,30.0,32.196,False,200,
1787722088.1632063,container,30.0,30.0,32.711,False,200,
1787722088.1965396,container,30.0,30.0,35.314,False,200,
1787722088.2298732,container,30.0,30.0,26.214,False,200,
1787722088.2632065,container,30.0,30.0,36.495,False,200,
1787722088.2965398,container,30.0,30.0,22.679,False,200,
1787722088.329873,container,30.0,30.0,29.838,False,200,
1787722088.3632064,container,30.0,30.0,25.361,False,200,
1787722088.3965397,container,30.0,30.0,45.68,False,200,
1787722088.429873,container,30.0,30.0,30.857,False,200,
1787722088.4632065,container,30.0,30.0,27.969,False,200,
1787722088.4965398,container,30.0,30.0,30.359,False,200,
1787722088.5298731,container,30.0,30.0,28.294,False,200,
1787722088.5632064,container,30.0,30.0,27.335,False,200,
1787722088.5965397,container,30.0,30.0,28.247,False,200,
1787722088.629873,container,30.0,30.0,30.096,False,200,
1787722088.6632063,container,30.0,30.0,26.317,False,200,
1787722088.6965396,container,30.0,30.0,23.133,False,200,
1787722088.7298732,container,30.0,30.0,27.629,False,200,
1787722088.7632065,container,30.0,30.0,29.591,False,200,
1787722088.7965398,container,30.0,30.0,27.195,False,200,
1787722088.829873,container,30.0,30.0,32.507,False,200,
1787722088.8632064,container,30.0,30.0,31.648,False,200,
1787722088.8965397,container,30.0,30.0,36.018,False,200,
1787722088.929873,container,30.0,30.0,30.945,False,200,
1787722088.9632065,container,30.0,30.0,29.261,False,200,
1787722088.9965398,container,30.0,30.0,27.555,False,200,
1787722089.0298731,container,30.0,30.0,35.751,False,200,
1787722089.0632064,container,30.0,30.0,29.913,False,200,
1787722089.0965397,container,30.0,30.0,30.453,False,200,
1787722089.129873,container,30.0,30.0,32.357,False,200,
1787722089.1632063,container,30.0,30.0,27.944,False,200,
1787722089.1965396,container,30.0,30.0,28.415,False,200,
1787722089.2298732,container,30.0,30.0,28.487,False,200,
1787722089.2632065,container,30.0,30.0,27.189,False,200,
1787722089.2965398,container,30.0,30.0,28.632,False,200,
1787722089.329873,container,30.0,30.0,32.634,False,200,
1787722089.3632064,container,30.0,30.0,34.266,False,200,
1787722089.3965397,container,30.0,30.0,26.962,False,200,
1787722089.429873,container,30.0,30.0,30.033,False,200,
1787722089.4632065,container,30.0,30.0,24.941,False,200,
1787722089.4965398,container,30.0,30.0,34.21,False,200,
1787722089.5298731,container,30.0,30.0,28.853,False,200,
1787722089.5632064,container,30.0,30.0,25.673,False,200,
1787722089.5965397,container,30.0,30.0,37.437,False,200,
1787722089.629873,container,30.0,30.0,22.65,False,200,
1787722089.6632063,container,30.0,30.0,26.877,False,200,
1787722089.6965396,container,30.0,30.0,36.807,False,200,
1787722089.7298732,container,30.0,30.0,22.741,False,200,
1787722089.7632065,container,30.0,30.0,34.121,False,200,
1787722089.7965398,container,30.0,30.0,32.395,False,200,
1787722089.829873,container,30.0,30.0,26.672,False,200,
1787722089.8632064,container,30.0,30.0,38.517,False,200,
1787722089.8965397,container,30.0,30.0,22.473,False,200,
1787722089.929873,container,30.0,30.0,26.007,False,200,
1787722089.9632065,container,30.0,30.0,23.018,False,200,
1787722089.9965398,container,30.0,30.0,29.369,False,200,
1787722090.0298731,container,30.0,30.0,26.991,False,200,
1787722090.0632064,container,30.0,30.0,34.017,False,200,
1787722090.0965397,container,30.0,30.0,34.532,False,200,
1787722090.129873,container,30.0,30.0,30.748,False,200,
1787722090.1632063,container,30.0,30.0,25.396,False,200,
1787722090.1965396,container,30.0,30.0,32.402,False,200,
1787722090.2298732,container,30.0,30.0,31.844,False,200,
1787722090.2632065,container,30.0,30.0,32.394,False,200,
1787722090.2965398,container,30.0,30.0,35.318,False,200,
1787722090.329873,container,30.0,30.0,25.828,False,200,
1787722090.3632064,container,30.0,30.0,30.299,False,200,
1787722090.3965397,container,30.0,30.0,35.288,False,200,
1787722090.429873,container,30.0,30.0,30.505,False,200,
1787722090.4632065,container,30.0,30.0,29.828,False,200,
1787722090.4965398,container,30.0,30.0,25.734,False,200,
1787722090.5298731,container,30.0,30.0,22.995,False,200,
1787722090.5632064,container,30.0,30.0,27.729,False,200,
1787722090.5965397,container,30.0,30.0,23.98,False,200,
1787722090.629873,container,30.0,30.0,34.888,False,200,
1787722090.6632063,container,30.0,30.0,29.633,False,200,
1787722090.6965396,container,30.0,30.0,34.815,False,200,
1787722090.7298732,container,30.0,30.0,30.179,False,200,
1787722090.7632065,container,30.0,30.0,23.646,False,200,
1787722090.7965398,container,30.0,30.0,28.452,False,200,
1787722090.829873,container,30.0,30.0,28.65,False,200,
1787722090.8632064,container,30.0,30.0,23.644,False,200,
1787722090.8965397,container,30.0,30.0,29.869,False,200,
1787722090.929873,container,30.0,30.0,33.488,False,200,
1787722090.9632065,container,30.0,30.0,25.513,False,200,
1787722090.9965398,container,30.0,30.0,26.912,False,200,
1787722091.0298731,container,30.0,30.0,39.434,False,200,
1787722091.0632064,container,30.0,30.0,31.629,False,200,
1787722091.0965397,container,30.0,30.0,25.454,False,200,
1787722091.129873,container,30.0,30.0,28.215,False,200,
1787722091.1632063,container,30.0,30.0,35.635,False,200,
1787722091.1965396,container,30.0,30.0,26.643,False,200,
1787722091.2298732,container,30.0,30.0,31.727,False,200,
1787722091.2632065,container,30.0,30.0,31.568,False,200,
1787722091.2965398,container,30.0,30.0,36.629,False,200,
1787722091.329873,container,30.0,30.0,36.016,False,200,
1787722091.3632064,container,30.0,30.0,28.54,False,200,
1787722091.3965397,container,30.0,30.0,33.738,False,200,
1787722091.429873,container,30.0,30.0,26.593,False,200,
1787722091.4632065,container,30.0,30.0,36.168,False,200,
1787722091.4965398,container,30.0,30.0,31.655,False,200,
1787722091.5298731,container,30.0,30.0,25.39,False,200,
1787722091.5632064,container,30.0,30.0,21.919,False,200,
1787722091.5965397,container,30.0,30.0,28.518,False,200,
1787722091.629873,container,30.0,30.0,20.756,False,200,
1787722091.6632063,container,30.0,30.0,30.712,False,200,
1787722091.6965396,container,30.0,30.0,29.57,False,200,
1787722091.7298732,container,30.0,30.0,25.728,False,200,
1787722091.7632065,container,30.0,30.0,37.291,False,200,
1787722091.7965398,container,30.0,30.0,25.072,False,200,
1787722091.829873,container,30.0,30.0,22.242,False,200,
1787722091.8632064,container,30.0,30.0,33.752,False,200,
1787722091.8965397,container,30.0,30.0,26.391,False,200,
1787722091.929873,container,30.0,30.0,31.012,False,200,
1787722091.9632065,container,30.0,30.0,27.868,False,200,
1787722091.9965398,container,30.0,30.0,28.106,False,200,
1787722092.0298731,container,30.0,30.0,29.371,False,200,
1787722092.0632064,container,30.0,30.0,31.424,False,200,
1787722092.0965397,container,30.0,30.0,28.488,False,200,
1787722092.129873,container,30.0,30.0,27.255,False,200,
1787722092.1632063,container,30.0,30.0,26.189,False,200,
1787722092.1965396,container,30.0,30.0,30.418,False,200,
1787722092.2298732,container,30.0,30.0,23.562,False,200,
1787722092.2632065,container,30.0,30.0,30.807,False,200,
1787722092.2965398,container,30.0,30.0,30.519,False,200,
1787722092.329873,container,30.0,30.0,32.288,False,200,
1787722092.3632064,container,30.0,30.0,28.606,False,200,
1787722092.3965397,container,30.0,30.0,27.152,False,200,
1787722092.429873,container,30.0,30.0,31.646,False,200,
1787722092.4632065,container,30.0,30.0,30.899,False,200,
1787722092.4965398,container,30.0,30.0,37.544,False,200,
1787722092.5298731,container,30.0,30.0,26.145,False,200,
1787722092.5632064,container,30.0,30.0,34.478,False,200,
1787722092.5965397,container,30.0,30.0,33.494,False,200,
1787722092.629873,container,30.0,30.0,32.06,False,200,
1787722092.6632063,container,30.0,30.0,29.559,False,200,
1787722092.6965396,container,30.0,30.0,26.767,False,200,
1787722092.7298732,container,30.0,30.0,26.341,False,200,
1787722092.7632065,container,30.0,30.0,30.171,False,200,
1787722092.7965398,container,30.0,30.0,25.787,False,200,
1787722092.829873,container,30.0,30.0,31.095,False,200,
1787722092.8632064,container,30.0,30.0,31.706,False,200,
1787722092.8965397,container,30.0,30.0,29.849,False,200,
1787722092.929873,container,30.0,30.0,25.294,False,200,
1787722092.9632065,container,30.0,30.0,27.42,False,200,
1787722092.9965398,container,30.0,30.0,36.754,False,200,
1787722093.0298731,container,30.0,30.0,23.799,False,200,
1787722093.0632064,container,30.0,30.0,40.488,False,200,
1787722093.0965397,container,30.0,30.0,32.846,False,200,
1787722093.129873,container,30.0,30.0,29.482,False,200,
1787722093.1632063,container,30.0,30.0,27.345,False,200,
1787722093.1965396,container,30.0,30.0,30.477,False,200,
1787722093.2298732,container,30.0,30.0,28.784,False,200,
1787722093.2632065,container,30.0,30.0,34.954,False,200,
1787722093.2965398,container,30.0,30.0,29.306,False,200,
1787722093.329873,container,30.0,30.0,29.31,False,200,
1787722093.3632064,container,30.0,30.0,30.908,False,200,
1787722093.3965397,container,30.0,30.0,22.556,False,200,
1787722093.429873,container,30.0,30.0,30.924,False,200,
1787722093.4632065,container,30.0,30.0,26.21,False,200,
1787722093.4965398,container,30.0,30.0,33.272,False,200,
1787722093.5298731,container,30.0,30.0,35.742,False,200,
1787722093.5632064,container,30.0,30.0,32.285,False,200,
1787722093.5965397,container,30.0,30.0,28.614,False,200,
1787722093.629873,container,30.0,30.0,28.173,False,200,
1787722093.6632063,container,30.0,30.0,34.294,False,200,
1787722093.6965396,container,30.0,30.0,27.813,False,200,
1787722093.7298732,container,30.0,30.0,22.397,False,200,
1787722093.7632065,container,30.0,30.0,28.773,False,200,
1787722093.7965398,container,30.0,30.0,26.817,False,200,
1787722093.829873,container,30.0,30.0,39.8,False,200,
1787722093.8632064,container,30.0,30.0,28.894,False,200,
1787722093.8965397,container,30.0,30.0,24.212,False,200,
1787722093.929873,container,30.0,30.0,23.65,False,200,
1787722093.9632065,container,30.0,30.0,36.701,False,200,
1787722093.9965398,container,30.0,30.0,30.768,False,200,
1787722094.0298731,container,30.0,30.0,30.68,False,200,
1787722094.0632064,container,30.0,30.0,31.488,False,200,
1787722094.0965397,container,30.0,30.0,37.027,False,200,
1787722094.129873,container,30.0,30.0,30.176,False,200,
1787722094.1632063,container,30.0,30.0,27.146,False,200,
1787722094.1965396,container,30.0,30.0,28.775,False,200,
1787722094.2298732,container,30.0,30.0,30.971,False,200,
1787722094.2632065,container,30.0,30.0,29.012,False,200,
1787722094.2965398,container,30.0,30.0,29.107,False,200,
1787722094.329873,container,30.0,30.0,34.448,False,200,
1787722094.3632064,container,30.0,30.0,29.705,False,200,
1787722094.3965397,container,30.0,30.0,25.959,False,200,
1787722094.429873,container,30.0,30.0,33.529,False,200,
1787722094.4632065,container,30.0,30.0,28.86,False,200,
1787722094.4965398,container,30.0,30.0,32.078,False,200,
1787722094.5298731,container,30.0,30.0,27.93,False,200,
1787722094.5632064,container,30.0,30.0,34.565,False,200,
1787722094.5965397,container,30.0,30.0,36.885,False,200,
1787722094.629873,container,30.0,30.0,38.232,False,200,
1787722094.6632063,container,30.0,30.0,31.323,False,200,
1787722094.6965396,container,30.0,30.0,29.715,False,200,
1787722094.7298732,container,30.0,30.0,34.128,False,200,
1787722094.7632065,container,30.0,30.0,32.413,False,200,
1787722094.7965398,container,30.0,30.0,27.926,False,200,
1787722094.829873,container,30.0,30.0,29.692,False,200,
1787722094.8632064,container,30.0,30.0,28.117,False,200,
1787722094.8965397,container,30.0,30.0,23.606,False,200,
1787722094.929873,container,30.0,30.0,30.347,False,200,
1787722094.9632065,container,30.0,30.0,31.73,False,200,
1787722094.9965398,container,30.0,30.0,30.786,False,200,
1787722095.0298731,container,30.0,30.0,29.612,False,200,
1787722095.0632064,container,30.0,30.0,32.151,False,200,
1787722095.0965397,container,30.0,30.0,27.951,False,200,
1787722095.129873,container,30.0,30.0,44.356,False,200,
1787722095.1632063,container,30.0,30.0,31.17,False,200,
1787722095.1965396,container,30.0,30.0,31.683,False,200,
1787722095.2298732,container,30.0,30.0,35.781,False,200,
1787722095.2632065,container,30.0,30.0,28.676,False,200,
1787722095.2965398,container,30.0,30.0,29.963,False,200,
1787722095.329873,container,30.0,30.0,27.794,False,200,
1787722095.3632064,container,30.0,30.0,33.78,False,200,
1787722095.3965397,container,30.0,30.0,29.219,False,200,
1787722095.429873,container,30.0,30.0,34.238,False,200,
1787722095.4632065,container,30.0,30.0,32.629,False,200,
1787722095.4965398,container,30.0,30.0,30.74,False,200,
1787722095.5298731,container,30.0,30.0,27.38,False,200,
1787722095.5632064,container,30.0,30.0,34.174,False,200,
1787722095.5965397,container,30.0,30.0,27.12,False,200,
1787722095.629873,container,30.0,30.0,22.529,False,200,
1787722095.6632063,container,30.0,30.0,29.379,False,200,
1787722095.6965396,container,30.0,30.0,27.967,False,200,
1787722095.7298732,container,30.0,30.0,36.181,False,200,
1787722095.7632065,container,30.0,30.0,33.439,False,200,
1787722095.7965398,container,30.0,30.0,28.149,False,200,
1787722095.829873,container,30.0,30.0,28.326,False,200,
1787722095.8632064,container,30.0,30.0,32.639,False,200,
1787722095.8965397,container,30.0,30.0,30.213,False,200,
1787722095.929873,container,30.0,30.0,30.238,False,200,
1787722095.9632065,container,30.0,30.0,34.073,False,200,
1787722095.9965398,container,30.0,30.0,33.363,False,200,
1787722096.0298731,container,30.0,30.0,33.765,False,200,
1787722096.0632064,container,30.0,30.0,28.53,False,200,
1787722096.0965397,container,30.0,30.0,33.799,False,200,
1787722096.129873,container,30.0,30.0,35.531,False,200,
1787722096.1632063,container,30.0,30.0,29.245,False,200,
1787722096.1965396,container,30.0,30.0,25.036,False,200,
1787722096.2298732,container,30.0,30.0,29.793,False,200,
1787722096.2632065,container,30.0,30.0,31.485,False,200,
1787722096.2965398,container,30.0,30.0,29.456,False,200,
1787722096.329873,container,30.0,30.0,27.164,False,200,
1787722096.3632064,container,30.0,30.0,28.587,False,200,
1787722096.3965397,container,30.0,30.0,21.118,False,200,
1787722096.429873,container,30.0,30.0,21.235,False,200,
1787722096.4632065,container,30.0,30.0,26.565,False,200,
1787722096.4965398,container,30.0,30.0,27.053,False,200,
1787722096.5298731,container,30.0,30.0,37.23,False,200,
1787722096.5632064,container,30.0,30.0,31.159,False,200,
1787722096.5965397,container,30.0,30.0,33.835,False,200,
1787722096.629873,container,30.0,30.0,32.123,False,200,
1787722096.6632063,container,30.0,30.0,22.51,False,200,
1787722096.6965396,container,30.0,30.0,35.859,False,200,
1787722096.7298732,container,30.0,30.0,30.952,False,200,
1787722096.7632065,container,30.0,30.0,26.518,False,200,
1787722096.7965398,container,30.0,30.0,27.223,False,200,
1787722096.829873,container,30.0,30.0,33.884,False,200,
1787722096.8632064,container,30.0,30.0,21.312,False,200,
1787722096.8965397,container,30.0,30.0,30.251,False,200,
1787722096.929873,container,30.0,30.0,35.282,False,200,
1787722096.9632065,container,30.0,30.0,34.001,False,200,
1787722096.9965398,container,30.0,30.0,29.291,False,200,
1787722097.0298731,container,30.0,30.0,30.539,False,200,
1787722097.0632064,container,30.0,30.0,32.203,False,200,
1787722097.0965397,container,30.0,30.0,26.018,False,200,
1787722097.129873,container,30.0,30.0,38.778,False,200,
1787722097.1632063,container,30.0,30.0,29.194,False,200,
1787722097.1965396,container,30.0,30.0,33.711,False,200,
1787722097.2298732,container,30.0,30.0,33.173,False,200,
1787722097.2632065,container,30.0,30.0,29.915,False,200,
1787722097.2965398,container,30.0,30.0,40.381,False,200,
1787722097.329873,container,30.0,30.0,32.113,False,200,
1787722097.3632064,container,30.0,30.0,31.547,False,200,
1787722097.3965397,container,30.0,30.0,31.441,False,200,
1787722097.429873,container,30.0,30.0,27.996,False,200,
1787722097.4632065,container,30.0,30.0,30.014,False,200,
1787722097.4965398,container,30.0,30.0,26.576,False,200,
1787722097.5298731,container,30.0,30.0,22.925,False,200,
1787722097.5632064,container,30.0,30.0,29.543,False,200,
1787722097.5965397,container,30.0,30.0,29.482,False,200,
1787722097.629873,container,30.0,30.0,30.829,False,200,
1787722097.6632063,container,30.0,30.0,26.36,False,200,
1787722097.6965396,container,30.0,30.0,25.858,False,200,
1787722097.7298732,container,30.0,30.0,34.768,False,200,
1787722097.7632065,container,30.0,30.0,35.96,False,200,
1787722097.7965398,container,30.0,30.0,40.746,False,200,
1787722097.829873,container,30.0,30.0,34.046,False,200,
1787722097.8632064,container,30.0,30.0,28.585,False,200,
1787722097.8965397,container,30.0,30.0,29.437,False,200,
1787722097.929873,container,30.0,30.0,29.044,False,200,
1787722097.9632065,container,30.0,30.0,27.736,False,200,
1787722097.9965398,container,30.0,30.0,24.08,False,200,
1787722098.0298731,container,30.0,30.0,27.649,False,200,
1787722098.0632064,container,30.0,30.0,27.135,False,200,
1787722098.0965397,container,30.0,30.0,34.647,False,200,
1787722098.129873,container,30.0,30.0,35.011,False,200,
1787722098.1632063,container,30.0,30.0,27.924,False,200,
1787722098.1965396,container,30.0,30.0,30.502,False,200,
1787722098.2298732,container,30.0,30.0,27.886,False,200,
1787722098.2632065,container,30.0,30.0,33.326,False,200,
1787722098.2965398,container,30.0,30.0,26.56,False,200,
1787722098.329873,container,30.0,30.0,30.446,False,200,
1787722098.3632064,container,30.0,30.0,29.497,False,200,
1787722098.3965397,container,30.0,30.0,27.977,False,200,
1787722098.429873,container,30.0,30.0,30.368,False,200,
1787722098.4632065,container,30.0,30.0,31.695,False,200,
1787722098.4965398,container,30.0,30.0,32.358,False,200,
1787722098.5298731,container,30.0,30.0,24.628,False,200,
1787722098.5632064,container,30.0,30.0,28.052,False,200,
1787722098.5965397,container,30.0,30.0,27.333,False,200,
1787722098.629873,container,30.0,30.0,42.7,False,200,
1787722098.6632063,container,30.0,30.0,30.802,False,200,
1787722098.6965396,container,30.0,30.0,36.77,False,200,
1787722098.7298732,container,30.0,30.0,27.712,False,200,
1787722098.7632065,container,30.0,30.0,36.225,False,200,
1787722098.7965398,container,30.0,30.0,28.493,False,200,
1787722098.829873,container,30.0,30.0,29.172,False,200,
1787722098.8632064,container,30.0,30.0,21.549,False,200,
1787722098.8965397,container,30.0,30.0,23.294,False,200,
1787722098.929873,container,30.0,30.0,37.704,False,200,
1787722098.9632065,container,30.0,30.0,24.945,False,200,
1787722098.9965398,container,30.0,30.0,29.32,False,200,
1787722099.0298731,container,30.0,30.0,30.295,False,200,
1787722099.0632064,container,30.0,30.0,27.606,False,200,
1787722099.0965397,container,30.0,30.0,24.923,False,200,
1787722099.129873,container,30.0,30.0,26.744,False,200,
1787722099.1632063,container,30.0,30.0,28.713,False,200,
1787722099.1965396,container,30.0,30.0,33.719,False,200,
1787722099.2298732,container,30.0,30.0,28.741,False,200,
1787722099.2632065,container,30.0,30.0,32.505,False,200,
1787722099.2965398,container,30.0,30.0,28.436,False,200,
1787722099.329873,container,30.0,30.0,33.376,False,200,
1787722099.3632064,container,30.0,30.0,39.374,False,200,
1787722099.3965397,container,30.0,30.0,33.34,False,200,
1787722099.429873,container,30.0,30.0,29.459,False,200,
1787722099.4632065,container,30.0,30.0,29.006,False,200,
1787722099.4965398,container,30.0,30.0,30.703,False,200,
1787722099.5298731,container,30.0,30.0,22.875,False,200,
1787722099.5632064,container,30.0,30.0,28.278,False,200,
1787722099.5965397,container,30.0,30.0,29.78,False,200,
1787722099.629873,container,30.0,30.0,28.752,False,200,
1787722099.6632063,container,30.0,30.0,33.306,False,200,
1787722099.6965396,container,30.0,30.0,21.337,False,200,
1787722099.7298732,container,30.0,30.0,25.963,False,200,
1787722099.7632065,container,30.0,30.0,35.382,False,200,
1787722099.7965398,container,30.0,30.0,27.342,False,200,
1787722099.829873,container,30.0,30.0,32.41,False,200,
1787722099.8632064,container,30.0,30.0,31.324,False,200,
1787722099.8965397,container,30.0,30.0,27.524,False,200,
1787722099.929873,container,30.0,30.0,31.961,False,200,
1787722099.9632065,container,30.0,30.0,25.638,False,200,
1787722099.9965398,container,30.0,30.0,43.257,False,200,
1787722100.0298731,container,30.0,30.0,29.064,False,200,
1787722100.0632064,container,30.0,30.0,29.792,False,200,
1787722100.0965397,container,30.0,30.0,37.743,False,200,
1787722100.129873,container,30.0,30.0,26.762,False,200,
1787722100.1632063,container,30.0,30.0,22.725,False,200,
1787722100.1965396,container,30.0,30.0,28.751,False,200,
1787722100.2298732,container,30.0,30.0,32.367,False,200,
1787722100.2632065,container,30.0,30.0,32.163,False,200,
1787722100.2965398,container,30.0,30.0,23.171,False,200,
1787722100.329873,container,30.0,30.0,32.34,False,200,
1787722100.3632064,container,30.0,30.0,36.146,False,200,
1787722100.3965397,container,30.0,30.0,29.906,False,200,
1787722100.429873,container,30.0,30.0,31.892,False,200,
1787722100.4632065,container,30.0,30.0,30.999,False,200,
1787722100.4965398,container,30.0,30.0,24.916,False,200,
1787722100.5298731,container,30.0,30.0,30.049,False,200,
1787722100.5632064,container,30.0,30.0,24.939,False,200,
1787722100.5965397,container,30.0,30.0,24.25,False,200,
1787722100.629873,container,30.0,30.0,30.43,False,200,
1787722100.6632063,container,30.0,30.0,35.614,False,200,
1787722100.6965396,container,30.0,30.0,24.547,False,200,
1787722100.7298732,container,30.0,30.0,30.134,False,200,
1787722100.7632065,container,30.0,30.0,27.068,False,200,
1787722100.7965398,container,30.0,30.0,28.205,False,200,
1787722100.829873,container,30.0,30.0,31.533,False,200,
1787722100.8632064,container,30.0,30.0,31.984,False,200,
1787722100.8965397,container,30.0,30.0,29.108,False,200,
1787722100.929873,container,30.0,30.0,35.658,False,200,
1787722100.9632065,container,30.0,30.0,22.354,False,200,
1787722100.9965398,container,30.0,30.0,26.001,False,200,
1787722101.0298731,container,30.0,30.0,28.998,False,200,
1787722101.0632064,container,30.0,30.0,35.356,False,200,
1787722101.0965397,container,30.0,30.0,28.545,False,200,
1787722101.129873,container,30.0,30.0,31.666,False,200,
1787722101.1632063,container,30.0,30.0,34.433,False,200,
1787722101.1965396,container,30.0,30.0,31.86,False,200,
1787722101.2298732,container,30.0,30.0,35.665,False,200,
1787722101.2632065,container,30.0,30.0,25.249,False,200,
1787722101.2965398,container,30.0,30.0,40.342,False,200,
1787722101.329873,container,30.0,30.0,27.108,False,200,
1787722101.3632064,container,30.0,30.0,26.152,False,200,
1787722101.3965397,container,30.0,30.0,34.517,False,200,
1787722101.429873,container,30.0,30.0,32.13,False,200,
1787722101.4632065,container,30.0,30.0,25.363,False,200,
1787722101.4965398,container,30.0,30.0,32.894,False,200,
1787722101.5298731,container,30.0,30.0,23.177,False,200,
1787722101.5632064,container,30.0,30.0,25.782,False,200,
1787722101.5965397,container,30.0,30.0,31.436,False,200,
1787722101.629873,container,30.0,30.0,23.997,False,200,
1787722101.6632063,container,30.0,30.0,33.658,False,200,
1787722101.6965396,container,30.0,30.0,30.908,False,200,
1787722101.7298732,container,30.0,30.0,34.655,False,200,
1787722101.7632065,container,30.0,30.0,27.879,False,200,
1787722101.7965398,container,30.0,30.0,26.952,False,200,
1787722101.829873,container,30.0,30.0,32.382,False,200,
1787722101.8632064,container,30.0,30.0,37.176,False,200,
1787722101.8965397,container,30.0,30.0,30.913,False,200,
1787722101.929873,container,30.0,30.0,25.966,False,200,
1787722101.9632065,container,30.0,30.0,24.032,False,200,
1787722101.9965398,container,30.0,30.0,35.272,False,200,
1787722102.0298731,container,30.0,30.0,29.427,False,200,
1787722102.0632064,container,30.0,30.0,28.328,False,200,
1787722102.0965397,container,30.0,30.0,26.847,False,200,
1787722102.129873,container,30.0,30.0,30.813,False,200,
1787722102.1632063,container,30.0,30.0,27.65,False,200,
1787722102.1965396,container,30.0,30.0,30.3,False,200,
1787722102.2298732,container,30.0,30.0,36.899,False,200,
1787722102.2632065,container,30.0,30.0,25.044,False,200,
1787722102.2965398,container,30.0,30.0,30.149,False,200,
1787722102.329873,container,30.0,30.0,27.332,False,200,
1787722102.3632064,container,30.0,30.0,33.209,False,200,
1787722102.3965397,container,30.0,30.0,29.839,False,200,
1787722102.429873,container,30.0,30.0,23.291,False,200,
1787722102.4632065,container,30.0,30.0,32.955,False,200,
1787722102.4965398,container,30.0,30.0,23.269,False,200,
1787722102.5298731,container,30.0,30.0,34.474,False,200,
1787722102.5632064,container,30.0,30.0,25.45,False,200,
1787722102.5965397,container,30.0,30.0,29.376,False,200,
1787722102.629873,container,30.0,30.0,32.342,False,200,
1787722102.6632063,container,30.0,30.0,25.31,False,200,
1787722102.6965396,container,30.0,30.0,32.201,False,200,
1787722102.7298732,container,30.0,30.0,25.619,False,200,
1787722102.7632065,container,30.0,30.0,25.369,False,200,
1787722102.7965398,container,30.0,30.0,33.394,False,200,
1787722102.829873,container,30.0,30.0,32.802,False,200,
1787722102.8632064,container,30.0,30.0,26.434,False,200,
1787722102.8965397,container,30.0,30.0,29.986,False,200,
1787722102.929873,container,30.0,30.0,23.598,False,200,
1787722102.9632065,container,30.0,30.0,28.613,False,200,
1787722102.9965398,container,30.0,30.0,33.524,False,200,
1787722103.0298731,container,30.0,30.0,27.488,False,200,
1787722103.0632064,container,30.0,30.0,34.315,False,200,
1787722103.0965397,container,30.0,30.0,31.521,False,200,
1787722103.129873,container,30.0,30.0,29.263,False,200,
1787722103.1632063,container,30.0,30.0,38.204,False,200,
1787722103.1965396,container,30.0,30.0,29.838,False,200,
1787722103.2298732,container,30.0,30.0,28.254,False,200,
1787722103.2632065,container,30.0,30.0,27.967,False,200,
1787722103.2965398,container,30.0,30.0,25.531,False,200,
1787722103.329873,container,30.0,30.0,34.955,False,200,
1787722103.3632064,container,30.0,30.0,24.571,False,200,
1787722103.3965397,container,30.0,30.0,29.217,False,200,
1787722103.429873,container,30.0,30.0,34.163,False,200,
1787722103.4632065,container,30.0,30.0,37.114,False,200,
1787722103.4965398,container,30.0,30.0,36.249,False,200,
1787722103.5298731,container,30.0,30.0,32.362,False,200,
1787722103.5632064,container,30.0,30.0,36.476,False,200,
1787722103.5965397,container,30.0,30.0,40.476,False,200,
1787722103.629873,container,30.0,30.0,28.893,False,200,
1787722103.6632063,container,30.0,30.0,27.941,False,200,
1787722103.6965396,container,30.0,30.0,25.932,False,200,
1787722103.7298732,container,30.0,30.0,29.501,False,200,
1787722103.7632065,container,30.0,30.0,32.027,False,200,
1787722103.7965398,container,30.0,30.0,30.691,False,200,
1787722103.829873,container,30.0,30.0,27.512,False,200,
1787722103.8632064,container,30.0,30.0,33.13,False,200,
1787722103.8965397,container,30.0,30.0,29.214,False,200,
1787722103.929873,container,30.0,30.0,24.938,False,200,
1787722103.9632065,container,30.0,30.0,30.301,False,200,
1787722103.9965398,container,30.0,30.0,31.275,False,200,
1787722104.0298731,container,30.0,30.0,34.772,False,200,
1787722104.0632064,container,30.0,30.0,31.073,False,200,
1787722104.0965397,container,30.0,30.0,31.099,False,200,
1787722104.129873,container,30.0,30.0,31.716,False,200,
1787722104.1632063,container,30.0,30.0,22.523,False,200,
1787722104.1965396,container,30.0,30.0,29.695,False,200,
1787722104.2298732,container,30.0,30.0,32.554,False,200,
1787722104.2632065,container,30.0,30.0,30.25,False,200,
1787722104.2965398,container,30.0,30.0,27.707,False,200,
1787722104.329873,container,30.0,30.0,31.221,False,200,
1787722104.3632064,container,30.0,30.0,25.038,False,200,
1787722104.3965397,container,30.0,30.0,25.621,False,200,
1787722104.429873,container,30.0,30.0,32.992,False,200,
1787722104.4632065,container,30.0,30.0,27.634,False,200,
1787722104.4965398,container,30.0,30.0,27.84,False,200,
1787722104.5298731,container,30.0,30.0,33.139,False,200,
1787722104.5632064,container,30.0,30.0,29.099,False,200,
1787722104.5965397,container,30.0,30.0,34.175,False,200,
1787722104.629873,container,30.0,30.0,27.274,False,200,
1787722104.6632063,container,30.0,30.0,27.877,False,200,
1787722104.6965396,container,30.0,30.0,26.65,False,200,
1787722104.7298732,container,30.0,30.0,29.928,False,200,
1787722104.7632065,container,30.0,30.0,27.292,False,200,
1787722104.7965398,container,30.0,30.0,29.074,False,200,
1787722104.829873,container,30.0,30.0,33.363,False,200,
1787722104.8632064,container,30.0,30.0,37.559,False,200,
1787722104.8965397,container,30.0,30.0,39.218,False,200,
1787722104.929873,container,30.0,30.0,31.624,False,200,
1787722104.9632065,container,30.0,30.0,31.983,False,200,
1787722104.9965398,container,30.0,30.0,21.787,False,200,
1787722105.0298731,container,30.0,30.0,21.671,False,200,
1787722105.0632064,container,30.0,30.0,25.857,False,200,
1787722105.0965397,container,30.0,30.0,30.66,False,200,
1787722105.129873,container,30.0,30.0,26.585,False,200,
1787722105.1632063,container,30.0,30.0,33.418,False,200,
1787722105.1965396,container,30.0,30.0,29.685,False,200,
1787722105.2298732,container,30.0,30.0,25.631,False,200,
1787722105.2632065,container,30.0,30.0,27.527,False,200,
1787722105.2965398,container,30.0,30.0,33.84,False,200,
1787722105.329873,container,30.0,30.0,27.234,False,200,
1787722105.3632064,container,30.0,30.0,27.65,False,200,
1787722105.3965397,container,30.0,30.0,35.411,False,200,
1787722105.429873,container,30.0,30.0,35.654,False,200,
1787722105.4632065,container,30.0,30.0,30.289,False,200,
1787722105.4965398,container,30.0,30.0,28.058,False,200,
1787722105.5298731,container,30.0,30.0,30.447,False,200,
1787722105.5632064,container,30.0,30.0,36.335,False,200,
1787722105.5965397,container,30.0,30.0,32.183,False,200,
1787722105.629873,container,30.0,30.0,34.106,False,200,
1787722105.6632063,container,30.0,30.0,33.001,False,200,
1787722105.6965396,container,30.0,30.0,32.255,False,200,
1787722105.7298732,container,30.0,30.0,38.637,False,200,
1787722105.7632065,container,30.0,30.0,29.346,False,200,
1787722105.7965398,container,30.0,30.0,29.76,False,200,
1787722105.829873,container,30.0,30.0,39.366,False,200,
1787722105.8632064,container,30.0,30.0,31.957,False,200,
1787722105.8965397,container,30.0,30.0,33.479,False,200,
1787722105.929873,container,30.0,30.0,31.733,False,200,
1787722105.9632065,container,30.0,30.0,30.967,False,200,
1787722105.9965398,container,30.0,30.0,25.769,False,200,
1787722106.0298731,container,30.0,30.0,35.636,False,200,
1787722106.0632064,container,30.0,30.0,30.023,False,200,
1787722106.0965397,container,30.0,30.0,24.13,False,200,
1787722106.129873,container,30.0,30.0,34.154,False,200,
1787722106.1632063,container,30.0,30.0,27.222,False,200,
1787722106.1965396,container,30.0,30.0,29.409,False,200,
1787722106.2298732,container,30.0,30.0,29.921,False,200,
1787722106.2632065,container,30.0,30.0,32.706,False,200,
1787722106.2965398,container,30.0,30.0,31.912,False,200,
1787722106.329873,container,30.0,30.0,25.815,False,200,
1787722106.3632064,container,30.0,30.0,32.552,False,200,
1787722106.3965397,container,30.0,30.0,29.129,False,200,
1787722106.429873,container,30.0,30.0,28.476,False,200,
1787722106.4632065,container,30.0,30.0,38.36,False,200,
1787722106.4965398,container,30.0,30.0,25.216,False,200,
1787722106.5298731,container,30.0,30.0,23.241,False,200,
1787722106.5632064,container,30.0,30.0,34.809,False,200,
1787722106.5965397,container,30.0,30.0,25.908,False,200,
1787722106.629873,container,30.0,30.0,35.588,False,200,
1787722106.6632063,container,30.0,30.0,25.86,False,200,
1787722106.6965396,container,30.0,30.0,36.608,False,200,
1787722106.7298732,container,30.0,30.0,27.868,False,200,
1787722106.7632065,container,30.0,30.0,30.039,False,200,
1787722106.7965398,container,30.0,30.0,33.724,False,200,
1787722106.829873,container,30.0,30.0,38.107,False,200,
1787722106.8632064,container,30.0,30.0,25.314,False,200,
1787722106.8965397,container,30.0,30.0,37.413,False,200,
1787722106.929873,container,30.0,30.0,28.151,False,200,
1787722106.9632065,container,30.0,30.0,26.791,False,200,
1787722106.9965398,container,30.0,30.0,31.761,False,200,
1787722107.0298731,container,30.0,30.0,30.334,False,200,
1787722107.0632064,container,30.0,30.0,30.515,False,200,
1787722107.0965397,container,30.0,30.0,32.427,False,200,
1787722107.129873,container,30.0,30.0,28.011,False,200,
1787722107.1632063,container,30.0,30.0,28.144,False,200,
1787722107.1965396,container,30.0,30.0,25.978,False,200,
1787722107.2298732,container,30.0,30.0,30.803,False,200,
1787722107.2632065,container,30.0,30.0,23.416,False,200,
1787722107.2965398,container,30.0,30.0,26.81,False,200,
1787722107.329873,container,30.0,30.0,38.38,False,200,
1787722107.3632064,container,30.0,30.0,39.587,False,200,
1787722107.3965397,container,30.0,30.0,28.912,False,200,
1787722107.429873,container,30.0,30.0,32.138,False,200,
1787722107.4632065,container,30.0,30.0,31.927,False,200,
1787722107.4965398,container,30.0,30.0,38.39,False,200,
1787722107.5298731,container,30.0,30.0,29.531,False,200,
1787722107.5632064,container,30.0,30.0,26.242,False,200,
1787722107.5965397,container,30.0,30.0,39.57,False,200,
1787722107.629873,container,30.0,30.0,30.704,False,200,
1787722107.6632063,container,30.0,30.0,27.9,False,200,
1787722107.6965396,container,30.0,30.0,25.28,False,200,
1787722107.7298732,container,30.0,30.0,21.737,False,200,
1787722107.7632065,container,30.0,30.0,37.102,False,200,
1787722107.7965398,container,30.0,30.0,24.768,False,200,
1787722107.829873,container,30.0,30.0,34.54,False,200,
1787722107.8632064,container,30.0,30.0,39.471,False,200,
1787722107.8965397,container,30.0,30.0,26.42,False,200,
1787722107.929873,container,30.0,30.0,32.693,False,200,
1787722107.9632065,container,30.0,30.0,38.066,False,200,
1787722107.9965398,container,30.0,30.0,36.244,False,200,
1787722108.0298731,container,30.0,30.0,27.48,False,200,
1787722108.0632064,container,30.0,30.0,34.833,False,200,
1787722108.0965397,container,30.0,30.0,22.507,False,200,
1787722108.129873,container,30.0,30.0,28.35,False,200,
1787722108.1632063,container,30.0,30.0,26.679,False,200,
1787722108.1965396,container,30.0,30.0,30.354,False,200,
1787722108.2298732,container,30.0,30.0,28.763,False,200,
1787722108.2632065,container,30.0,30.0,22.348,False,200,
1787722108.2965398,container,30.0,30.0,24.602,False,200,
1787722108.329873,container,30.0,30.0,37.262,False,200,
1787722108.3632064,container,30.0,30.0,34.78,False,200,
1787722108.3965397,container,30.0,30.0,28.207,False,200,
1787722108.429873,container,30.0,30.0,25.276,False,200,
1787722108.4632065,container,30.0,30.0,31.092,False,200,
1787722108.4965398,container,30.0,30.0,32.196,False,200,
1787722108.5298731,container,30.0,30.0,27.65,False,200,
1787722108.5632064,container,30.0,30.0,29.67,False,200,
1787722108.5965397,container,30.0,30.0,30.8,False,200,
1787722108.629873,container,30.0,30.0,22.661,False,200,
1787722108.6632063,container,30.0,30.0,27.362,False,200,
1787722108.6965396,container,30.0,30.0,32.479,False,200,
1787722108.7298732,container,30.0,30.0,32.191,False,200,
1787722108.7632065,container,30.0,30.0,29.031,False,200,
1787722108.7965398,container,30.0,30.0,27.558,False,200,
1787722108.829873,container,30.0,30.0,30.178,False,200,
1787722108.8632064,container,30.0,30.0,32.216,False,200,
1787722108.8965397,container,30.0,30.0,29.215,False,200,
1787722108.929873,container,30.0,30.0,28.402,False,200,
1787722108.9632065,container,30.0,30.0,42.45,False,200,
1787722108.9965398,container,30.0,30.0,30.519,False,200,
1787722109.0298731,container,30.0,30.0,33.116,False,200,
1787722109.0632064,container,30.0,30.0,26.913,False,200,
1787722109.0965397,container,30.0,30.0,30.785,False,200,
1787722109.129873,container,30.0,30.0,27.923,False,200,
1787722109.1632063,container,30.0,30.0,36.473,False,200,
1787722109.1965396,container,30.0,30.0,27.154,False,200,
1787722109.2298732,container,30.0,30.0,29.018,False,200,
1787722109.2632065,container,30.0,30.0,26.01,False,200,
1787722109.2965398,container,30.0,30.0,27.352,False,200,
1787722109.329873,container,30.0,30.0,24.261,False,200,
1787722109.3632064,container,30.0,30.0,26.19,False,200,
1787722109.3965397,container,30.0,30.0,31.628,False,200,
1787722109.429873,container,30.0,30.0,36.791,False,200,
1787722109.4632065,container,30.0,30.0,30.362,False,200,
1787722109.4965398,container,30.0,30.0,26.128,False,200,
1787722109.5298731,container,30.0,30.0,29.739,False,200,
1787722109.5632064,container,30.0,30.0,22.617,False,200,
1787722109.5965397,container,30.0,30.0,26.589,False,200,
1787722109.629873,container,30.0,30.0,19.424,False,200,
1787722109.6632063,container,30.0,30.0,34.632,False,200,
1787722109.6965396,container,30.0,30.0,25.465,False,200,
1787722109.7298732,container,30.0,30.0,25.793,False,200,
1787722109.7632065,container,30.0,30.0,28.64,False,200,
1787722109.7965398,container,30.0,30.0,36.834,False,200,
1787722109.829873,container,30.0,30.0,41.193,False,200,
1787722109.8632064,container,30.0,30.0,26.437,False,200,
1787722109.8965397,container,30.0,30.0,34.534,False,200,
1787722109.929873,container,30.0,30.0,28.758,False,200,
1787722109.9632065,container,30.0,30.0,27.28,False,200,
1787722109.9965398,container,30.0,30.0,32.911,False,200,
1787722110.0298731,container,30.0,30.0,38.894,False,200,
1787722110.0632064,container,30.0,30.0,37.145,False,200,
1787722110.0965397,container,30.0,30.0,24.207,False,200,
1787722110.129873,container,30.0,30.0,26.387,False,200,
1787722110.1632063,container,30.0,30.0,29.679,False,200,
1787722110.1965396,container,30.0,30.0,28.269,False,200,
1787722110.2298732,container,30.0,30.0,33.579,False,200,
1787722110.2632065,container,30.0,30.0,27.541,False,200,
1787722110.2965398,container,30.0,30.0,24.622,False,200,
1787722110.329873,container,30.0,30.0,33.637,False,200,
1787722110.3632064,container,30.0,30.0,43.566,False,200,
1787722110.3965397,container,30.0,30.0,23.431,False,200,
1787722110.429873,container,30.0,30.0,36.186,False,200,
1787722110.4632065,container,30.0,30.0,31.052,False,200,
1787722110.4965398,container,30.0,30.0,26.251,False,200,
1787722110.5298731,container,30.0,30.0,35.948,False,200,
1787722110.5632064,container,30.0,30.0,30.513,False,200,
1787722110.5965397,container,30.0,30.0,37.183,False,200,
1787722110.629873,container,30.0,30.0,34.768,False,200,
1787722110.6632063,container,30.0,30.0,28.886,False,200,
1787722110.6965396,container,30.0,30.0,31.049,False,200,
1787722110.7298732,container,30.0,30.0,19.65,False,200,
1787722110.7632065,container,30.0,30.0,30.205,False,200,
1787722110.7965398,container,30.0,30.0,27.409,False,200,
1787722110.829873,container,30.0,30.0,32.121,False,200,
1787722110.8632064,container,30.0,30.0,34.345,False,200,
1787722110.8965397,container,30.0,30.0,30.806,False,200,
1787722110.929873,container,30.0,30.0,34.705,False,200,
1787722110.9632065,container,30.0,30.0,28.856,False,200,
1787722110.9965398,container,30.0,30.0,29.734,False,200,
1787722111.0298731,container,30.0,30.0,24.662,False,200,
1787722111.0632064,container,30.0,30.0,36.506,False,200,
1787722111.0965397,container,30.0,30.0,36.451,False,200,
1787722111.129873,container,30.0,30.0,25.231,False,200,
1787722111.1632063,container,30.0,30.0,27.305,False,200,
1787722111.1965396,container,30.0,30.0,27.78,False,200,
1787722111.2298732,container,30.0,30.0,32.115,False,200,
1787722111.2632065,container,30.0,30.0,29.008,False,200,
1787722111.2965398,container,30.0,30.0,25.338,False,200,
1787722111.329873,container,30.0,30.0,25.991,False,200,
1787722111.3632064,container,30.0,30.0,31.637,False,200,
1787722111.3965397,container,30.0,30.0,33.726,False,200,
1787722111.429873,container,30.0,30.0,28.069,False,200,
1787722111.4632065,container,30.0,30.0,32.129,False,200,
1787722111.4965398,container,30.0,30.0,22.719,False,200,
1787722111.5298731,container,30.0,30.0,30.491,False,200,
1787722111.5632064,container,30.0,30.0,31.679,False,200,
1787722111.5965397,container,30.0,30.0,25.791,False,200,
1787722111.629873,container,30.0,30.0,31.304,False,200,
1787722111.6632063,container,30.0,30.0,37.824,False,200,
1787722111.6965396,container,30.0,30.0,28.61,False,200,
1787722111.7298732,container,30.0,30.0,23.728,False,200,
1787722111.7632065,container,30.0,30.0,28.917,False,200,
1787722111.7965398,container,30.0,30.0,32.755,False,200,
1787722111.829873,container,30.0,30.0,27.695,False,200,
1787722111.8632064,container,30.0,30.0,30.259,False,200,
1787722111.8965397,container,30.0,30.0,25.133,False,200,
1787722111.929873,container,30.0,30.0,29.199,False,200,
1787722111.9632065,container,30.0,30.0,32.737,False,200,
1787722111.9965398,container,30.0,30.0,25.585,False,200,
1787722112.0298731,container,30.0,30.0,29.758,False,200,
1787722112.0632064,container,30.0,30.0,34.226,False,200,
1787722112.0965397,container,30.0,30.0,32.361,False,200,
1787722112.129873,container,30.0,30.0,38.69,False,200,
1787722112.1632063,container,30.0,30.0,34.212,False,200,
1787722112.1965396,container,30.0,30.0,25.732,False,200,
1787722112.2298732,container,30.0,30.0,30.999,False,200,
1787722112.2632065,container,30.0,30.0,23.36,False,200,
1787722112.2965398,container,30.0,30.0,22.9,False,200,
1787722112.329873,container,30.0,30.0,40.853,False,200,
1787722112.3632064,container,30.0,30.0,29.922,False,200,
1787722112.3965397,container,30.0,30.0,28.284,False,200,
1787722112.429873,container,30.0,30.0,34.231,False,200,
1787722112.4632065,container,30.0,30.0,29.629,False,200,
1787722112.4965398,container,30.0,30.0,33.364,False,200,
1787722112.5298731,container,30.0,30.0,32.467,False,200,
1787722112.5632064,container,30.0,30.0,26.553,False,200,
1787722112.5965397,container,30.0,30.0,27.942,False,200,
1787722112.629873,container,30.0,30.0,28.372,False,200,
1787722112.6632063,container,30.0,30.0,26.602,False,200,
1787722112.6965396,container,30.0,30.0,34.715,False,200,
1787722112.7298732,container,30.0,30.0,33.18,False,200,
1787722112.7632065,container,30.0,30.0,31.571,False,200,
1787722112.7965398,container,30.0,30.0,29.505,False,200,
1787722112.829873,container,30.0,30.0,34.156,False,200,
1787722112.8632064,container,30.0,30.0,27.713,False,200,
1787722112.8965397,container,30.0,30.0,29.96,False,200,
1787722112.929873,container,30.0,30.0,24.506,False,200,
1787722112.9632065,container,30.0,30.0,28.344,False,200,
1787722112.9965398,container,30.0,30.0,20.075,False,200,
1787722113.0298731,container,30.0,30.0,32.632,False,200,
1787722113.0632064,container,30.0,30.0,30.993,False,200,
1787722113.0965397,container,30.0,30.0,27.679,False,200,
1787722113.129873,container,30.0,30.0,28.181,False,200,
1787722113.1632063,container,30.0,30.0,38.597,False,200,
1787722113.1965396,container,30.0,30.0,32.195,False,200,
1787722113.2298732,container,30.0,30.0,33.968,False,200,
1787722113.2632065,container,30.0,30.0,26.018,False,200,
1787722113.2965398,container,30.0,30.0,23.503,False,200,
1787722113.329873,container,30.0,30.0,23.253,False,200,
1787722113.3632064,container,30.0,30.0,37.838,False,200,
1787722113.3965397,container,30.0,30.0,28.701,False,200,
1787722113.429873,container,30.0,30.0,39.402,False,200,
1787722113.4632065,container,30.0,30.0,31.383,False,200,
1787722113.4965398,container,30.0,30.0,28.377,False,200,
1787722113.5298731,container,30.0,30.0,34.506,False,200,
1787722113.5632064,container,30.0,30.0,25.801,False,200,
1787722113.5965397,container,30.0,30.0,29.533,False,200,
1787722113.629873,container,30.0,30.0,20.822,False,200,
1787722113.6632063,container,30.0,30.0,30.993,False,200,
1787722113.6965396,container,30.0,30.0,40.546,False,200,
1787722113.7298732,container,30.0,30.0,22.708,False,200,
1787722113.7632065,container,30.0,30.0,24.74,False,200,
1787722113.7965398,container,30.0,30.0,32.345,False,200,
1787722113.829873,container,30.0,30.0,29.062,False,200,
1787722113.8632064,container,30.0,30.0,31.127,False,200,
1787722113.8965397,container,30.0,30.0,31.995,False,200,
1787722113.929873,container,30.0,30.0,38.434,False,200,
1787722113.9632065,container,30.0,30.0,26.338,False,200,
1787722113.9965398,container,30.0,30.0,39.889,False,200,
1787722114.0298731,container,30.0,30.0,32.213,False,200,
1787722114.0632064,container,30.0,30.0,30.152,False,200,
1787722114.0965397,container,30.0,30.0,25.723,False,200,
1787722114.129873,container,30.0,30.0,37.214,False,200,
1787722114.1632063,container,30.0,30.0,29.638,False,200,
1787722114.1965396,container,30.0,30.0,32.458,False,200,
1787722114.2298732,container,30.0,30.0,27.283,False,200,
1787722114.2632065,container,30.0,30.0,32.948,False,200,
1787722114.2965398,container,30.0,30.0,33.599,False,200,
1787722114.329873,container,30.0,30.0,30.005,False,200,
1787722114.3632064,container,30.0,30.0,30.85,False,200,
1787722114.3965397,container,30.0,30.0,25.393,False,200,
1787722114.429873,container,30.0,30.0,33.414,False,200,
1787722114.4632065,container,30.0,30.0,34.918,False,200,
1787722114.4965398,container,30.0,30.0,25.833,False,200,
1787722114.5298731,container,30.0,30.0,28.85,False,200,
1787722114.5632064,container,30.0,30.0,30.102,False,200,
1787722114.5965397,container,30.0,30.0,24.536,False,200,
1787722114.629873,container,30.0,30.0,26.11,False,200,
1787722114.6632063,container,30.0,30.0,23.062,False,200,
1787722114.6965396,container,30.0,30.0,26.714,False,200,
1787722114.7298732,container,30.0,30.0,33.687,False,200,
1787722114.7632065,container,30.0,30.0,28.179,False,200,
1787722114.7965398,container,30.0,30.0,32.706,False,200,
1787722114.829873,container,30.0,30.0,29.711,False,200,
1787722114.8632064,container,30.0,30.0,28.598,False,200,
1787722114.8965397,container,30.0,30.0,28.138,False,200,
1787722114.929873,container,30.0,30.0,42.211,False,200,
1787722114.9632065,container,30.0,30.0,27.692,False,200,
1787722114.9965398,container,30.0,30.0,32.682,False,200,
1787722115.0298731,container,30.0,30.0,30.397,False,200,
1787722115.0632064,container,30.0,30.0,34.663,False,200,
1787722115.0965397,container,30.0,30.0,31.338,False,200,
1787722115.129873,container,30.0,30.0,21.499,False,200,
1787722115.1632063,container,30.0,30.0,25.134,False,200,
1787722115.1965396,container,30.0,30.0,25.799,False,200,
1787722115.2298732,container,30.0,30.0,29.31,False,200,
1787722115.2632065,container,30.0,30.0,32.2,False,200,
1787722115.2965398,container,30.0,30.0,29.505,False,200,
1787722115.329873,container,30.0,30.0,25.363,False,200,
1787722115.3632064,container,30.0,30.0,23.477,False,200,
1787722115.3965397,container,30.0,30.0,30.184,False,200,
1787722115.429873,container,30.0,30.0,30.364,False,200,
1787722115.4632065,container,30.0,30.0,32.023,False,200,
1787722115.4965398,container,30.0,30.0,24.565,False,200,
1787722115.5298731,container,30.0,30.0,26.264,False,200,
1787722115.5632064,container,30.0,30.0,32.302,False,200,
1787722115.5965397,container,30.0,30.0,29.018,False,200,
1787722115.629873,container,30.0,30.0,27.232,False,200,
1787722115.6632063,container,30.0,30.0,26.521,False,200,
1787722115.6965396,container,30.0,30.0,36.48,False,200,
1787722115.7298732,container,30.0,30.0,22.363,False,200,
1787722115.7632065,container,30.0,30.0,33.188,False,200,
1787722115.7965398,container,30.0,30.0,31.475,False,200,
1787722115.829873,container,30.0,30.0,31.037,False,200,
1787722115.8632064,container,30.0,30.0,29.218,False,200,
1787722115.8965397,container,30.0,30.0,34.394,False,200,
1787722115.929873,container,30.0,30.0,24.353,False,200,
1787722115.9632065,container,30.0,30.0,34.816,False,200,
1787722115.9965398,container,30.0,30.0,31.217,False,200,
1787722116.0298731,container,30.0,30.0,30.327,False,200,
1787722116.0632064,container,30.0,30.0,35.568,False,200,
1787722116.0965397,container,30.0,30.0,30.648,False,200,
1787722116.129873,container,30.0,30.0,28.532,False,200,
1787722116.1632063,container,30.0,30.0,30.596,False,200,
1787722116.1965396,container,30.0,30.0,31.61,False,200,
1787722116.2298732,container,30.0,30.0,32.69,False,200,
1787722116.2632065,container,30.0,30.0,25.966,False,200,
1787722116.2965398,container,30.0,30.0,30.246,False,200,
1787722116.329873,container,30.0,30.0,36.705,False,200,
1787722116.3632064,container,30.0,30.0,22.816,False,200,
1787722116.3965397,container,30.0,30.0,31.521,False,200,
1787722116.429873,container,30.0,30.0,36.094,False,200,
1787722116.4632065,container,30.0,30.0,29.318,False,200,
1787722116.4965398,container,30.0,30.0,20.818,False,200,
1787722116.5298731,container,30.0,30.0,34.667,False,200,
1787722116.5632064,container,30.0,30.0,28.644,False,200,
1787722116.5965397,container,30.0,30.0,23.099,False,200,
1787722116.629873,container,30.0,30.0,28.434,False,200,
1787722116.6632063,container,30.0,30.0,28.116,False,200,
1787722116.6965396,container,30.0,30.0,28.835,False,200,
1787722116.7298732,container,30.0,30.0,32.943,False,200,
1787722116.7632065,container,30.0,30.0,29.332,False,200,
1787722116.7965398,container,30.0,30.0,35.126,False,200,
1787722116.829873,container,30.0,30.0,31.302,False,200,
1787722116.8632064,container,30.0,30.0,34.41,False,200,
1787722116.8965397,container,30.0,30.0,32.907,False,200,
1787722116.929873,container,30.0,30.0,32.816,False,200,
1787722116.9632065,container,30.0,30.0,31.746,False,200,
1787722116.9965398,container,30.0,30.0,29.975,False,200,
1787722117.0298731,container,30.0,30.0,27.619,False,200,
1787722117.0632064,container,30.0,30.0,27.997,False,200,
1787722117.0965397,container,30.0,30.0,26.272,False,200,
1787722117.129873,container,30.0,30.0,34.132,False,200,
1787722117.1632063,container,30.0,30.0,31.376,False,200,
1787722117.1965396,container,30.0,30.0,34.442,False,200,
1787722117.2298732,container,30.0,30.0,30.397,False,200,
1787722117.2632065,container,30.0,30.0,37.914,False,200,
1787722117.2965398,container,30.0,30.0,24.695,False,200,
1787722117.329873,container,30.0,30.0,32.811,False,200,
1787722117.3632064,container,30.0,30.0,31.386,False,200,
1787722117.3965397,container,30.0,30.0,30.661,False,200,
1787722117.429873,container,30.0,30.0,27.916,False,200,
1787722117.4632065,container,30.0,30.0,31.936,False,200,
1787722117.4965398,container,30.0,30.0,34.493,False,200,
1787722117.5298731,container,30.0,30.0,27.907,False,200,
1787722117.5632064,container,30.0,30.0,32.959,False,200,
1787722117.5965397,container,30.0,30.0,25.997,False,200,
1787722117.629873,container,30.0,30.0,37.982,False,200,
1787722117.6632063,container,30.0,30.0,25.418,False,200,
1787722117.6965396,container,30.0,30.0,27.27,False,200,
1787722117.7298732,container,30.0,30.0,24.674,False,200,
1787722117.7632065,container,30.0,30.0,28.483,False,200,
1787722117.7965398,container,30.0,30.0,34.2,False,200,
1787722117.829873,container,30.0,30.0,31.775,False,200,
1787722117.8632064,container,30.0,30.0,30.714,False,200,
1787722117.8965397,container,30.0,30.0,32.121,False,200,
1787722117.929873,container,30.0,30.0,33.045,False,200,
1787722117.9632065,container,30.0,30.0,32.844,False,200,
1787722117.9965398,container,30.0,30.0,28.229,False,200,
1787722118.0298731,container,30.0,30.0,34.627,False,200,
1787722118.0632064,container,30.0,30.0,27.158,False,200,
1787722118.0965397,container,30.0,30.0,25.366,False,200,
1787722118.129873,container,30.0,30.0,38.201,False,200,
1787722118.1632063,container,30.0,30.0,29.567,False,200,
1787722118.1965396,container,30.0,30.0,34.174,False,200,
1787722118.2298732,container,30.0,30.0,27.268,False,200,
1787722118.2632065,container,30.0,30.0,34.384,False,200,
1787722118.2965398,container,30.0,30.0,27.233,False,200,
1787722118.329873,container,30.0,30.0,26.323,False,200,
1787722118.3632064,container,30.0,30.0,29.13,False,200,
1787722118.3965397,container,30.0,30.0,33.55,False,200,
1787722118.429873,container,30.0,30.0,26.905,False,200,
1787722118.4632065,container,30.0,30.0,31.84,False,200,
1787722118.4965398,container,30.0,30.0,31.057,False,200,
1787722118.5298731,container,30.0,30.0,32.953,False,200,
1787722118.5632064,container,30.0,30.0,34.093,False,200,
1787722118.5965397,container,30.0,30.0,31.569,False,200,
1787722118.629873,container,30.0,30.0,32.627,False,200,
1787722118.6632063,container,30.0,30.0,36.276,False,200,
1787722118.6965396,container,30.0,30.0,31.863,False,200,
1787722118.7298732,container,30.0,30.0,31.323,False,200,
1787722118.7632065,container,30.0,30.0,32.754,False,200,
1787722118.7965398,container,30.0,30.0,25.334,False,200,
1787722118.829873,container,30.0,30.0,33.419,False,200,
1787722118.8632064,container,30.0,30.0,35.403,False,200,
1787722118.8965397,container,30.0,30.0,29.917,False,200,
1787722118.929873,container,30.0,30.0,28.71,False,200,
1787722118.9632065,container,30.0,30.0,39.323,False,200,
1787722118.9965398,container,30.0,30.0,38.909,False,200,
1787722119.0298731,container,30.0,30.0,38.369,False,200,
1787722119.0632064,container,30.0,30.0,28.499,False,200,
1787722119.0965397,container,30.0,30.0,33.571,False,200,
1787722119.129873,container,30.0,30.0,34.347,False,200,
1787722119.1632063,container,30.0,30.0,36.179,False,200,
1787722119.1965396,container,30.0,30.0,33.113,False,200,
1787722119.2298732,container,30.0,30.0,27.817,False,200,
1787722119.2632065,container,30.0,30.0,28.505,False,200,
1787722119.2965398,container,30.0,30.0,34.396,False,200,
1787722119.329873,container,30.0,30.0,34.417,False,200,
1787722119.3632064,container,30.0,30.0,35.071,False,200,
1787722119.3965397,container,30.0,30.0,34.718,False,200,
1787722119.429873,container,30.0,30.0,26.716,False,200,
1787722119.4632065,container,30.0,30.0,26.258,False,200,
1787722119.4965398,container,30.0,30.0,34.449,False,200,
1787722119.5298731,container,30.0,30.0,31.726,False,200,
1787722119.5632064,container,30.0,30.0,22.108,False,200,
1787722119.5965397,container,30.0,30.0,26.434,False,200,
1787722119.629873,container,30.0,30.0,22.412,False,200,
1787722119.6632063,container,30.0,30.0,36.918,False,200,
1787722119.6965396,container,30.0,30.0,34.538,False,200,
1787722119.7298732,container,30.0,30.0,31.302,False,200,
1787722119.7632065,container,30.0,30.0,32.547,False,200,
1787722119.7965398,container,30.0,30.0,31.149,False,200,
1787722119.829873,container,30.0,30.0,24.412,False,200,
1787722119.8632064,container,30.0,30.0,28.679,False,200,
1787722119.8965397,container,30.0,30.0,24.798,False,200,
1787722119.929873,container,30.0,30.0,36.311,False,200,
1787722119.9632065,container,30.0,30.0,32.729,False,200,
1787722119.9965398,container,30.0,30.0,26.77,False,200,
1787722120.0298731,container,30.0,30.0,24.556,False,200,
1787722120.0632064,container,30.0,30.0,31.53,False,200,
1787722120.0965397,container,30.0,30.0,30.422,False,200,
1787722120.129873,container,30.0,30.0,28.976,False,200,
1787722120.1632063,container,30.0,30.0,31.26,False,200,
1787722120.1965396,container,30.0,30.0,35.292,False,200,
1787722120.2298732,container,30.0,30.0,23.995,False,200,
1787722120.2632065,container,30.0,30.0,24.939,False,200,
1787722120.2965398,container,30.0,30.0,25.359,False,200,
1787722120.329873,container,30.0,30.0,36.944,False,200,
1787722120.3632064,container,30.0,30.0,37.534,False,200,
1787722120.3965397,container,30.0,30.0,33.606,False,200,
1787722120.429873,container,30.0,30.0,33.003,False,200,
1787722120.4632065,container,30.0,30.0,30.221,False,200,
1787722120.4965398,container,30.0,30.0,32.035,False,200,
1787722120.5298731,container,30.0,30.0,23.269,False,200,
1787722120.5632064,container,30.0,30.0,27.888,False,200,
1787722120.5965397,container,30.0,30.0,30.367,False,200,
1787722120.629873,container,30.0,30.0,30.53,False,200,
1787722120.6632063,container,30.0,30.0,22.567,False,200,
1787722120.6965396,container,30.0,30.0,31.997,False,200,
1787722120.7298732,container,30.0,30.0,33.63,False,200,
1787722120.7632065,container,30.0,30.0,31.149,False,200,
1787722120.7965398,container,30.0,30.0,32.23,False,200,
1787722120.829873,container,30.0,30.0,29.957,False,200,
1787722120.8632064,container,30.0,30.0,28.731,False,200,
1787722120.8965397,container,30.0,30.0,26.447,False,200,
1787722120.929873,container,30.0,30.0,28.753,False,200,
1787722120.9632065,container,30.0,30.0,32.095,False,200,
1787722120.9965398,container,30.0,30.0,27.648,False,200,
1787722121.0298731,container,30.0,30.0,29.943,False,200,
1787722121.0632064,container,30.0,30.0,27.095,False,200,
1787722121.0965397,container,30.0,30.0,25.533,False,200,
1787722121.129873,container,30.0,30.0,35.287,False,200,
1787722121.1632063,container,30.0,30.0,30.552,False,200,
1787722121.1965396,container,30.0,30.0,29.423,False,200,
1787722121.2298732,container,30.0,30.0,34.215,False,200,
1787722121.2632065,container,30.0,30.0,27.371,False,200,
1787722121.2965398,container,30.0,30.0,34.739,False,200,
1787722121.329873,container,30.0,30.0,29.538,False,200,
1787722121.3632064,container,30.0,30.0,30.868,False,200,
1787722121.3965397,container,30.0,30.0,29.894,False,200,
1787722121.429873,container,30.0,30.0,21.54,False,200,
1787722121.4632065,container,30.0,30.0,27.795,False,200,
1787722121.4965398,container,30.0,30.0,27.469,False,200,
1787722121.5298731,container,30.0,30.0,28.561,False,200,
1787722121.5632064,container,30.0,30.0,32.868,False,200,
1787722121.5965397,container,30.0,30.0,39.698,False,200,
1787722121.629873,container,30.0,30.0,23.056,False,200,
1787722121.6632063,container,30.0,30.0,30.866,False,200,
1787722121.6965396,container,30.0,30.0,33.159,False,200,
1787722121.7298732,container,30.0,30.0,34.047,False,200,
1787722121.7632065,container,30.0,30.0,26.665,False,200,
1787722121.7965398,container,30.0,30.0,22.253,False,200,
1787722121.829873,container,30.0,30.0,25.381,False,200,
1787722121.8632064,container,30.0,30.0,29.971,False,200,
1787722121.8965397,container,30.0,30.0,40.251,False,200,
1787722121.929873,container,30.0,30.0,30.111,False,200,
1787722121.9632065,container,30.0,30.0,29.528,False,200,
1787722121.9965398,container,30.0,30.0,30.897,False,200,
1787722122.0298731,container,30.0,30.0,34.568,False,200,
1787722122.0632064,container,30.0,30.0,32.754,False,200,
1787722122.0965397,container,30.0,30.0,22.861,False,200,
1787722122.129873,container,30.0,30.0,22.497,False,200,
1787722122.1632063,container,30.0,30.0,43.452,False,200,
1787722122.1965396,container,30.0,30.0,28.203,False,200,
1787722122.2298732,container,30.0,30.0,26.34,False,200,
1787722122.2632065,container,30.0,30.0,32.771,False,200,
1787722122.2965398,container,30.0,30.0,27.083,False,200,
1787722122.329873,container,30.0,30.0,27.865,False,200,
1787722122.3632064,container,30.0,30.0,37.331,False,200,
1787722122.3965397,container,30.0,30.0,32.911,False,200,
1787722122.429873,container,30.0,30.0,25.288,False,200,
1787722122.4632065,container,30.0,30.0,22.942,False,200,
1787722122.4965398,container,30.0,30.0,31.167,False,200,
1787722122.5298731,container,30.0,30.0,33.842,False,200,
1787722122.5632064,container,30.0,30.0,29.89,False,200,
1787722122.5965397,container,30.0,30.0,28.86,False,200,
1787722122.629873,container,30.0,30.0,27.914,False,200,
1787722122.6632063,container,30.0,30.0,26.021,False,200,
1787722122.6965396,container,30.0,30.0,35.481,False,200,
1787722122.7298732,container,30.0,30.0,42.746,False,200,
1787722122.7632065,container,30.0,30.0,27.616,False,200,
1787722122.7965398,container,30.0,30.0,33.426,False,200,
1787722122.829873,container,30.0,30.0,25.548,False,200,
1787722122.8632064,container,30.0,30.0,31.737,False,200,
1787722122.8965397,container,30.0,30.0,38.468,False,200,
1787722122.929873,container,30.0,30.0,28.98,False,200,
1787722122.9632065,container,30.0,30.0,38.625,False,200,
1787722122.9965398,container,30.0,30.0,34.325,False,200,
1787722123.0298731,container,30.0,30.0,24.936,False,200,
1787722123.0632064,container,30.0,30.0,26.562,False,200,
1787722123.0965397,container,30.0,30.0,26.165,False,200,
1787722123.129873,container,30.0,30.0,44.981,False,200,
1787722123.1632063,container,30.0,30.0,34.564,False,200,
1787722123.1965396,container,30.0,30.0,27.719,False,200,
1787722123.2298732,container,30.0,30.0,33.662,False,200,
1787722123.2632065,container,30.0,30.0,30.298,False,200,
1787722123.2965398,container,30.0,30.0,32.361,False,200,
1787722123.329873,container,30.0,30.0,35.841,False,200,
1787722123.3632064,container,30.0,30.0,27.098,False,200,
1787722123.3965397,container,30.0,30.0,30.38,False,200,
1787722123.429873,container,30.0,30.0,31.955,False,200,
1787722123.4632065,container,30.0,30.0,31.566,False,200,
1787722123.4965398,container,30.0,30.0,31.719,False,200,
1787722123.5298731,container,30.0,30.0,33.502,False,200,
1787722123.5632064,container,30.0,30.0,31.689,False,200,
1787722123.5965397,container,30.0,30.0,24.331,False,200,
1787722123.629873,container,30.0,30.0,37.841,False,200,
1787722123.6632063,container,30.0,30.0,26.759,False,200,
1787722123.6965396,container,30.0,30.0,29.538,False,200,
1787722123.7298732,container,30.0,30.0,27.46,False,200,
1787722123.7632065,container,30.0,30.0,29.49,False,200,
1787722123.7965398,container,30.0,30.0,26.019,False,200,
1787722123.829873,container,30.0,30.0,28.027,False,200,
1787722123.8632064,container,30.0,30.0,27.195,False,200,
1787722123.8965397,container,30.0,30.0,28.639,False,200,
1787722123.929873,container,30.0,30.0,27.812,False,200,
1787722123.9632065,container,30.0,30.0,28.859,False,200,
1787722123.9965398,container,30.0,30.0,25.623,False,200,
1787722124.0298731,container,30.0,30.0,36.837,False,200,
1787722124.0632064,container,30.0,30.0,24.383,False,200,
1787722124.0965397,container,30.0,30.0,29.066,False,200,
1787722124.129873,container,30.0,30.0,28.374,False,200,
1787722124.1632063,container,30.0,30.0,25.794,False,200,
1787722124.1965396,container,30.0,30.0,26.192,False,200,
1787722124.2298732,container,30.0,30.0,31.717,False,200,
1787722124.2632065,container,30.0,30.0,31.883,False,200,
1787722124.2965398,container,30.0,30.0,29.612,False,200,
1787722124.329873,container,30.0,30.0,20.009,False,200,
1787722124.3632064,container,30.0,30.0,29.744,False,200,
1787722124.3965397,container,30.0,30.0,28.322,False,200,
1787722124.429873,container,30.0,30.0,27.47,False,200,
1787722124.4632065,container,30.0,30.0,26.615,False,200,
1787722124.4965398,container,30.0,30.0,26.094,False,200,
1787722124.5298731,container,30.0,30.0,33.827,False,200,
1787722124.5632064,container,30.0,30.0,28.728,False,200,
1787722124.5965397,container,30.0,30.0,34.978,False,200,
1787722124.629873,container,30.0,30.0,27.834,False,200,
1787722124.6632063,container,30.0,30.0,30.476,False,200,
1787722124.6965396,container,30.0,30.0,32.622,False,200,
1787722124.7298732,container,30.0,30.0,19.329,False,200,
1787722124.7632065,container,30.0,30.0,23.281,False,200,
1787722124.7965398,container,30.0,30.0,31.052,False,200,
1787722124.829873,container,30.0,30.0,35.468,False,200,
1787722124.8632064,container,30.0,30.0,26.068,False,200,
1787722124.8965397,container,30.0,30.0,31.385,False,200,
1787722124.929873,container,30.0,30.0,39.24,False,200,
1787722124.9632065,container,30.0,30.0,27.997,False,200,
1787722124.9965398,container,30.0,30.0,32.018,False,200,
1787722125.0298731,container,30.0,30.0,29.865,False,200,
1787722125.0632064,container,30.0,30.0,31.542,False,200,
1787722125.0965397,container,30.0,30.0,26.146,False,200,
1787722125.129873,container,30.0,30.0,29.65,False,200,
1787722125.1632063,container,30.0,30.0,29.267,False,200,
1787722125.1965396,container,30.0,30.0,29.458,False,200,
1787722125.2298732,container,30.0,30.0,21.06,False,200,
1787722125.2632065,container,30.0,30.0,28.996,False,200,
1787722125.2965398,container,30.0,30.0,29.02,False,200,
1787722125.329873,container,30.0,30.0,29.462,False,200,
1787722125.3632064,container,30.0,30.0,31.451,False,200,
1787722125.3965397,container,30.0,30.0,32.577,False,200,
1787722125.429873,container,30.0,30.0,33.476,False,200,
1787722125.4632065,container,30.0,30.0,27.678,False,200,
1787722125.4965398,container,30.0,30.0,26.683,False,200,
1787722125.5298731,container,30.0,30.0,38.933,False,200,
1787722125.5632064,container,30.0,30.0,26.461,False,200,
1787722125.5965397,container,30.0,30.0,33.944,False,200,
1787722125.629873,container,30.0,30.0,25.375,False,200,
1787722125.6632063,container,30.0,30.0,39.775,False,200,
1787722125.6965396,container,30.0,30.0,33.626,False,200,
1787722125.7298732,container,30.0,30.0,30.221,False,200,
1787722125.7632065,container,30.0,30.0,27.434,False,200,
1787722125.7965398,container,30.0,30.0,35.311,False,200,
1787722125.829873,container,30.0,30.0,31.754,False,200,
1787722125.8632064,container,30.0,30.0,29.062,False,200,
1787722125.8965397,container,30.0,30.0,23.702,False,200,
1787722125.929873,container,30.0,30.0,31.311,False,200,
1787722125.9632065,container,30.0,30.0,36.919,False,200,
1787722125.9965398,container,30.0,30.0,34.422,False,200,
1787722126.0298731,container,30.0,30.0,26.325,False,200,
1787722126.0632064,container,30.0,30.0,39.022,False,200,
1787722126.0965397,container,30.0,30.0,28.489,False,200,
1787722126.129873,container,30.0,30.0,28.909,False,200,
1787722126.1632063,container,30.0,30.0,20.675,False,200,
1787722126.1965396,container,30.0,30.0,29.649,False,200,
1787722126.2298732,container,30.0,30.0,37.764,False,200,
1787722126.2632065,container,30.0,30.0,34.121,False,200,
1787722126.2965398,container,30.0,30.0,25.127,False,200,
1787722126.329873,container,30.0,30.0,27.869,False,200,
1787722126.3632064,container,30.0,30.0,29.064,False,200,
1787722126.3965397,container,30.0,30.0,25.768,False,200,
1787722126.429873,container,30.0,30.0,28.563,False,200,
1787722126.4632065,container,30.0,30.0,33.161,False,200,
1787722126.4965398,container,30.0,30.0,30.148,False,200,
1787722126.5298731,container,30.0,30.0,28.402,False,200,
1787722126.5632064,container,30.0,30.0,29.207,False,200,
1787722126.5965397,container,30.0,30.0,28.326,False,200,
1787722126.629873,container,30.0,30.0,26.858,False,200,
1787722126.6632063,container,30.0,30.0,29.934,False,200,
1787722126.6965396,container,30.0,30.0,26.673,False,200,
1787722126.7298732,container,30.0,30.0,26.252,False,200,
1787722126.7632065,container,30.0,30.0,23.411,False,200,
1787722126.7965398,container,30.0,30.0,28.241,False,200,
1787722126.829873,container,30.0,30.0,42.379,False,200,
1787722126.8632064,container,30.0,30.0,26.721,False,200,
1787722126.8965397,container,30.0,30.0,26.952,False,200,
1787722126.929873,container,30.0,30.0,29.829,False,200,
1787722126.9632065,container,30.0,30.0,30.198,False,200,
1787722126.9965398,container,30.0,30.0,32.947,False,200,
1787722127.0298731,container,30.0,30.0,28.393,False,200,
1787722127.0632064,container,30.0,30.0,31.512,False,200,
1787722127.0965397,container,30.0,30.0,26.641,False,200,
1787722127.129873,container,30.0,30.0,33.27,False,200,
1787722127.1632063,container,30.0,30.0,42.77,False,200,
1787722127.1965396,container,30.0,30.0,35.76,False,200,
1787722127.2298732,container,30.0,30.0,40.187,False,200,
1787722127.2632065,container,30.0,30.0,29.456,False,200,
1787722127.2965398,container,30.0,30.0,31.279,False,200,
1787722127.329873,container,30.0,30.0,21.186,False,200,
1787722127.3632064,container,30.0,30.0,29.845,False,200,
1787722127.3965397,container,30.0,30.0,28.896,False,200,
1787722127.429873,container,30.0,30.0,29.793,False,200,
1787722127.4632065,container,30.0,30.0,26.604,False,200,
1787722127.4965398,container,30.0,30.0,28.237,False,200,
1787722127.5298731,container,30.0,30.0,26.857,False,200,
1787722127.5632064,container,30.0,30.0,28.447,False,200,
1787722127.5965397,container,30.0,30.0,25.783,False,200,
1787722127.629873,container,30.0,30.0,31.754,False,200,
1787722127.6632063,container,30.0,30.0,27.447,False,200,
1787722127.6965396,container,30.0,30.0,40.141,False,200,
1787722127.7298732,container,30.0,30.0,31.028,False,200,
1787722127.7632065,container,30.0,30.0,38.42,False,200,
1787722127.7965398,container,30.0,30.0,30.928,False,200,
1787722127.829873,container,30.0,30.0,30.445,False,200,
1787722127.8632064,container,30.0,30.0,26.429,False,200,
1787722127.8965397,container,30.0,30.0,29.211,False,200,
1787722127.929873,container,30.0,30.0,30.773,False,200,
1787722127.9632065,container,30.0,30.0,24.283,False,200,
1787722127.9965398,container,30.0,30.0,25.296,False,200,
1787722128.0298731,container,30.0,30.0,36.449,False,200,
1787722128.0632064,container,30.0,30.0,26.18,False,200,
1787722128.0965397,container,30.0,30.0,29.002,False,200,
1787722128.129873,container,30.0,30.0,30.429,False,200,
1787722128.1632063,container,30.0,30.0,31.353,False,200,
1787722128.1965396,container,30.0,30.0,33.998,False,200,
1787722128.2298732,container,30.0,30.0,30.504,False,200,
1787722128.2632065,container,30.0,30.0,23.4,False,200,
1787722128.2965398,container,30.0,30.0,29.216,False,200,
1787722128.329873,container,30.0,30.0,30.448,False,200,
1787722128.3632064,container,30.0,30.0,24.824,False,200,
1787722128.3965397,container,30.0,30.0,37.412,False,200,
1787722128.429873,container,30.0,30.0,25.573,False,200,
1787722128.4632065,container,30.0,30.0,37.798,False,200,
1787722128.4965398,container,30.0,30.0,36.709,False,200,
1787722128.5298731,container,30.0,30.0,28.726,False,200,
1787722128.5632064,container,30.0,30.0,33.596,False,200,
1787722128.5965397,container,30.0,30.0,30.668,False,200,
1787722128.629873,container,30.0,30.0,32.089,False,200,
1787722128.6632063,container,30.0,30.0,33.905,False,200,
1787722128.6965396,container,30.0,30.0,30.917,False,200,
1787722128.7298732,container,30.0,30.0,32.834,False,200,
1787722128.7632065,container,30.0,30.0,30.9,False,200,
1787722128.7965398,container,30.0,30.0,27.538,False,200,
1787722128.829873,container,30.0,30.0,22.976,False,200,
1787722128.8632064,container,30.0,30.0,28.576,False,200,
1787722128.8965397,container,30.0,30.0,34.488,False,200,
1787722128.929873,container,30.0,30.0,27.723,False,200,
1787722128.9632065,container,30.0,30.0,27.354,False,200,
1787722128.9965398,container,30.0,30.0,23.473,False,200,
1787722129.0298731,container,30.0,30.0,29.621,False,200,
1787722129.0632064,container,30.0,30.0,36.282,False,200,
1787722129.0965397,container,30.0,30.0,30.229,False,200,
1787722129.129873,container,30.0,30.0,30.236,False,200,
1787722129.1632063,container,30.0,30.0,40.344,False,200,
1787722129.1965396,container,30.0,30.0,22.906,False,200,
1787722129.2298732,container,30.0,30.0,36.727,False,200,
1787722129.2632065,container,30.0,30.0,28.834,False,200,
1787722129.2965398,container,30.0,30.0,33.741,False,200,
1787722129.329873,container,30.0,30.0,36.23,False,200,
1787722129.3632064,container,30.0,30.0,32.499,False,200,
1787722129.3965397,container,30.0,30.0,42.714,False,200,
1787722129.429873,container,30.0,30.0,36.316,False,200,
1787722129.4632065,container,30.0,30.0,34.743,False,200,
1787722129.4965398,container,30.0,30.0,39.707,False,200,
1787722129.5298731,container,30.0,30.0,30.579,False,200,
1787722129.5632064,container,30.0,30.0,31.355,False,200,
1787722129.5965397,container,30.0,30.0,32.795,False,200,
1787722129.629873,container,30.0,30.0,27.916,False,200,
1787722129.6632063,container,30.0,30.0,40.616,False,200,
1787722129.6965396,container,30.0,30.0,34.326,False,200,
1787722129.7298732,container,30.0,30.0,24.263,False,200,
1787722129.7632065,container,30.0,30.0,37.562,False,200,
1787722129.7965398,container,30.0,30.0,32.728,False,200,
1787722129.829873,container,30.0,30.0,27.36,False,200,
1787722129.8632064,container,30.0,30.0,29.967,False,200,
1787722129.8965397,container,30.0,30.0,34.232,False,200,
1787722129.929873,container,30.0,30.0,29.421,False,200,
1787722129.9632065,container,30.0,30.0,23.372,False,200,
1787722129.9965398,container,30.0,30.0,26.632,False,200,
1787722130.0298731,container,30.0,30.0,35.063,False,200,
1787722130.0632064,container,30.0,30.0,37.308,False,200,
1787722130.0965397,container,30.0,30.0,27.849,False,200,
1787722130.129873,container,30.0,30.0,29.608,False,200,
1787722130.1632063,container,30.0,30.0,30.434,False,200,
1787722130.1965396,container,30.0,30.0,38.151,False,200,
1787722130.2298732,container,30.0,30.0,33.449,False,200,
1787722130.2632065,container,30.0,30.0,35.326,False,200,
1787722130.2965398,container,30.0,30.0,27.841,False,200,
1787722130.329873,container,30.0,30.0,24.875,False,200,
1787722130.3632064,container,30.0,30.0,29.247,False,200,
1787722130.3965397,container,30.0,30.0,33.888,False,200,
1787722130.429873,container,30.0,30.0,28.725,False,200,
1787722130.4632065,container,30.0,30.0,28.132,False,200,
1787722130.4965398,container,30.0,30.0,27.899,False,200,
1787722130.5298731,container,30.0,30.0,29.616,False,200,
1787722130.5632064,container,30.0,30.0,30.206,False,200,
1787722130.5965397,container,30.0,30.0,26.659,False,200,
1787722130.629873,container,30.0,30.0,26.64,False,200,
1787722130.6632063,container,30.0,30.0,31.079,False,200,
1787722130.6965396,container,30.0,30.0,28.743,False,200,
1787722130.7298732,container,30.0,30.0,24.924,False,200,
1787722130.7632065,container,30.0,30.0,24.032,False,200,
1787722130.7965398,container,30.0,30.0,33.831,False,200,
1787722130.829873,container,30.0,30.0,23.267,False,200,
1787722130.8632064,container,30.0,30.0,27.772,False,200,
1787722130.8965397,container,30.0,30.0,32.298,False,200,
1787722130.929873,container,30.0,30.0,35.172,False,200,
1787722130.9632065,container,30.0,30.0,23.767,False,200,
1787722130.9965398,container,30.0,30.0,34.019,False,200,
1787722131.0298731,container,30.0,30.0,19.184,False,200,
1787722131.0632064,container,30.0,30.0,25.379,False,200,
1787722131.0965397,container,30.0,30.0,22.989,False,200,
1787722131.129873,container,30.0,30.0,28.01,False,200,
1787722131.1632063,container,30.0,30.0,27.357,False,200,
1787722131.1965396,container,30.0,30.0,28.825,False,200,
1787722131.2298732,container,30.0,30.0,24.282,False,200,
1787722131.2632065,container,30.0,30.0,27.195,False,200,
1787722131.2965398,container,30.0,30.0,26.573,False,200,
1787722131.329873,container,30.0,30.0,33.689,False,200,
1787722131.3632064,container,30.0,30.0,21.068,False,200,
1787722131.3965397,container,30.0,30.0,25.491,False,200,
1787722131.429873,container,30.0,30.0,29.2,False,200,
1787722131.4632065,container,30.0,30.0,28.581,False,200,
1787722131.4965398,container,30.0,30.0,34.098,False,200,
1787722131.5298731,container,30.0,30.0,31.8,False,200,
1787722131.5632064,container,30.0,30.0,36.226,False,200,
1787722131.5965397,container,30.0,30.0,36.027,False,200,
1787722131.629873,container,30.0,30.0,27.37,False,200,
1787722131.6632063,container,30.0,30.0,38.994,False,200,
1787722131.6965396,container,30.0,30.0,31.712,False,200,
1787722131.7298732,container,30.0,30.0,29.158,False,200,
1787722131.7632065,container,30.0,30.0,26.212,False,200,
1787722131.7965398,container,30.0,30.0,32.757,False,200,
1787722131.829873,container,30.0,30.0,36.621,False,200,
1787722131.8632064,container,30.0,30.0,28.236,False,200,
1787722131.8965397,container,30.0,30.0,36.447,False,200,
1787722131.929873,container,30.0,30.0,41.98,False,200,
1787722131.9632065,container,30.0,30.0,23.869,False,200,
1787722131.9965398,container,30.0,30.0,29.342,False,200,
1787722132.0298731,container,30.0,30.0,35.826,False,200,
1787722132.0632064,container,30.0,30.0,31.934,False,200,
1787722132.0965397,container,30.0,30.0,23.497,False,200,
1787722132.129873,container,30.0,30.0,27.571,False,200,
1787722132.1632063,container,30.0,30.0,31.53,False,200,
1787722132.1965396,container,30.0,30.0,27.071,False,200,
1787722132.2298732,container,30.0,30.0,31.839,False,200,
1787722132.2632065,container,30.0,30.0,39.76,False,200,
1787722132.2965398,container,30.0,30.0,33.296,False,200,
1787722132.329873,container,30.0,30.0,24.093,False,200,
1787722132.3632064,container,30.0,30.0,23.456,False,200,
1787722132.3965397,container,30.0,30.0,28.829,False,200,
1787722132.429873,container,30.0,30.0,23.692,False,200,
1787722132.4632065,container,30.0,30.0,25.394,False,200,
1787722132.4965398,container,30.0,30.0,27.303,False,200,
1787722132.5298731,container,30.0,30.0,26.533,False,200,
1787722132.5632064,container,30.0,30.0,29.437,False,200,
1787722132.5965397,container,30.0,30.0,31.621,False,200,
1787722132.629873,container,30.0,30.0,28.996,False,200,
1787722132.6632063,container,30.0,30.0,31.491,False,200,
1787722132.6965396,container,30.0,30.0,29.815,False,200,
1787722132.7298732,container,30.0,30.0,32.665,False,200,
1787722132.7632065,container,30.0,30.0,39.71,False,200,
1787722132.7965398,container,30.0,30.0,33.164,False,200,
1787722132.829873,container,30.0,30.0,30.683,False,200,
1787722132.8632064,container,30.0,30.0,35.805,False,200,
1787722132.8965397,container,30.0,30.0,27.403,False,200,
1787722132.929873,container,30.0,30.0,29.264,False,200,
1787722132.9632065,container,30.0,30.0,33.965,False,200,
1787722132.9965398,container,30.0,30.0,33.978,False,200,
1787722133.0298731,container,30.0,30.0,22.679,False,200,
1787722133.0632064,container,30.0,30.0,30.287,False,200,
1787722133.0965397,container,30.0,30.0,25.451,False,200,
1787722133.129873,container,30.0,30.0,23.772,False,200,
1787722133.1632063,container,30.0,30.0,33.724,False,200,
1787722133.1965396,container,30.0,30.0,32.393,False,200,
1787722133.2298732,container,30.0,30.0,30.865,False,200,
1787722133.2632065,container,30.0,30.0,27.368,False,200,
1787722133.2965398,container,30.0,30.0,32.008,False,200,
1787722133.329873,container,30.0,30.0,25.59,False,200,
1787722133.3632064,container,30.0,30.0,33.013,False,200,
1787722133.3965397,container,30.0,30.0,29.611,False,200,
1787722133.429873,container,30.0,30.0,26.988,False,200,
1787722133.4632065,container,30.0,30.0,23.141,False,200,
1787722133.4965398,container,30.0,30.0,32.796,False,200,
1787722133.5298731,container,30.0,30.0,32.291,False,200,
1787722133.5632064,container,30.0,30.0,30.015,False,200,
1787722133.5965397,container,30.0,30.0,30.372,False,200,
1787722133.629873,container,30.0,30.0,31.487,False,200,
1787722133.6632063,container,30.0,30.0,25.776,False,200,
1787722133.6965396,container,30.0,30.0,31.031,False,200,
1787722133.7298732,container,30.0,30.0,32.718,False,200,
1787722133.7632065,container,30.0,30.0,30.505,False,200,
1787722133.7965398,container,30.0,30.0,25.704,False,200,
1787722133.829873,container,30.0,30.0,22.677,False,200,
1787722133.8632064,container,30.0,30.0,23.526,False,200,
1787722133.8965397,container,30.0,30.0,21.876,False,200,
1787722133.929873,container,30.0,30.0,29.166,False,200,
1787722133.9632065,container,30.0,30.0,30.216,False,200,
1787722133.9965398,container,30.0,30.0,29.065,False,200,
1787722134.0298731,container,30.0,30.0,29.163,False,200,
1787722134.0632064,container,30.0,30.0,43.373,False,200,
1787722134.0965397,container,30.0,30.0,37.251,False,200,
1787722134.129873,container,30.0,30.0,21.373,False,200,
1787722134.1632063,container,30.0,30.0,35.18,False,200,
1787722134.1965396,container,30.0,30.0,31.063,False,200,
1787722134.2298732,container,30.0,30.0,26.212,False,200,
1787722134.2632065,container,30.0,30.0,26.613,False,200,
1787722134.2965398,container,30.0,30.0,32.017,False,200,
1787722134.329873,container,30.0,30.0,33.667,False,200,
1787722134.3632064,container,30.0,30.0,34.266,False,200,
1787722134.3965397,container,30.0,30.0,27.163,False,200,
1787722134.429873,container,30.0,30.0,25.659,False,200,
1787722134.4632065,container,30.0,30.0,28.363,False,200,
1787722134.4965398,container,30.0,30.0,20.614,False,200,
1787722134.5298731,container,30.0,30.0,33.423,False,200,
1787722134.5632064,container,30.0,30.0,37.285,False,200,
1787722134.5965397,container,30.0,30.0,27.01,False,200,
1787722134.629873,container,30.0,30.0,34.478,False,200,
1787722134.6632063,container,30.0,30.0,31.6,False,200,
1787722134.6965396,container,30.0,30.0,37.192,False,200,
1787722134.7298732,container,30.0,30.0,30.481,False,200,
1787722134.7632065,container,30.0,30.0,27.958,False,200,
1787722134.7965398,container,30.0,30.0,24.823,False,200,
1787722134.829873,container,30.0,30.0,33.329,False,200,
1787722134.8632064,container,30.0,30.0,28.565,False,200,
1787722134.8965397,container,30.0,30.0,27.996,False,200,
1787722134.929873,container,30.0,30.0,24.86,False,200,
1787722134.9632065,container,30.0,30.0,33.152,False,200,
1787722134.9965398,container,30.0,30.0,30.306,False,200,
1787722135.0298731,container,30.0,30.0,28.086,False,200,
1787722135.0632064,container,30.0,30.0,19.069,False,200,
1787722135.0965397,container,30.0,30.0,31.063,False,200,
1787722135.129873,container,30.0,30.0,31.685,False,200,
1787722135.1632063,container,30.0,30.0,22.398,False,200,
1787722135.1965396,container,30.0,30.0,29.611,False,200,
1787722135.2298732,container,30.0,30.0,31.479,False,200,
1787722135.2632065,container,30.0,30.0,28.765,False,200,
1787722135.2965398,container,30.0,30.0,31.336,False,200,
1787722135.329873,container,30.0,30.0,28.908,False,200,
1787722135.3632064,container,30.0,30.0,33.035,False,200,
1787722135.3965397,container,30.0,30.0,22.132,False,200,
1787722135.429873,container,30.0,30.0,38.047,False,200,
1787722135.4632065,container,30.0,30.0,34.518,False,200,
1787722135.4965398,container,30.0,30.0,30.464,False,200,
1787722135.5298731,container,30.0,30.0,33.011,False,200,
1787722135.5632064,container,30.0,30.0,29.65,False,200,
1787722135.5965397,container,30.0,30.0,26.023,False,200,
1787722135.629873,container,30.0,30.0,23.292,False,200,
1787722135.6632063,container,30.0,30.0,27.309,False,200,
1787722135.6965396,container,30.0,30.0,30.618,False,200,
1787722135.7298732,container,30.0,30.0,36.286,False,200,
1787722135.7632065,container,30.0,30.0,28.497,False,200,
1787722135.7965398,container,30.0,30.0,35.367,False,200,
1787722135.829873,container,30.0,30.0,31.385,False,200,
1787722135.8632064,container,30.0,30.0,30.967,False,200,
1787722135.8965397,container,30.0,30.0,25.716,False,200,
1787722135.929873,container,30.0,30.0,25.946,False,200,
1787722135.9632065,container,30.0,30.0,33.052,False,200,
1787722135.9965398,container,30.0,30.0,27.127,False,200,
1787722136.0298731,container,30.0,30.0,24.024,False,200,
1787722136.0632064,container,30.0,30.0,27.155,False,200,
1787722136.0965397,container,30.0,30.0,37.798,False,200,
1787722136.129873,container,30.0,30.0,28.912,False,200,
1787722136.1632063,container,30.0,30.0,43.484,False,200,
1787722136.1965396,container,30.0,30.0,26.685,False,200,
1787722136.2298732,container,30.0,30.0,31.061,False,200,
1787722136.2632065,container,30.0,30.0,26.436,False,200,
1787722136.2965398,container,30.0,30.0,33.107,False,200,
1787722136.329873,container,30.0,30.0,28.836,False,200,
1787722136.3632064,container,30.0,30.0,22.115,False,200,
1787722136.3965397,container,30.0,30.0,29.719,False,200,
1787722136.429873,container,30.0,30.0,26.626,False,200,
1787722136.4632065,container,30.0,30.0,29.562,False,200,
1787722136.4965398,container,30.0,30.0,27.556,False,200,
1787722136.5298731,container,30.0,30.0,29.431,False,200,
1787722136.5632064,container,30.0,30.0,29.559,False,200,
1787722136.5965397,container,30.0,30.0,32.992,False,200,
1787722136.629873,container,30.0,30.0,26.391,False,200,
1787722136.6632063,container,30.0,30.0,31.053,False,200,
1787722136.6965396,container,30.0,30.0,21.003,False,200,
1787722136.7298732,container,30.0,30.0,39.141,False,200,
1787722136.7632065,container,30.0,30.0,27.977,False,200,
1787722136.7965398,container,30.0,30.0,36.052,False,200,
1787722136.829873,container,30.0,30.0,31.192,False,200,
1787722136.8632064,container,30.0,30.0,32.003,False,200,
1787722136.8965397,container,30.0,30.0,37.494,False,200,
1787722136.929873,container,30.0,30.0,29.436,False,200,
1787722136.9632065,container,30.0,30.0,39.951,False,200,
1787722136.9965398,container,30.0,30.0,30.135,False,200,
1787722137.0298731,container,30.0,30.0,28.62,False,200,
1787722137.0632064,container,30.0,30.0,28.141,False,200,
1787722137.0965397,container,30.0,30.0,26.416,False,200,
1787722137.129873,container,30.0,30.0,37.261,False,200,
1787722137.1632063,container,30.0,30.0,26.891,False,200,
1787722137.1965396,container,30.0,30.0,28.499,False,200,
1787722137.2298732,container,30.0,30.0,37.293,False,200,
1787722137.2632065,container,30.0,30.0,30.294,False,200,
1787722137.2965398,container,30.0,30.0,35.578,False,200,
1787722137.329873,container,30.0,30.0,26.073,False,200,
1787722137.3632064,container,30.0,30.0,26.771,False,200,
1787722137.3965397,container,30.0,30.0,32.471,False,200,
1787722137.429873,container,30.0,30.0,35.155,False,200,
1787722137.4632065,container,30.0,30.0,23.641,False,200,
1787722137.4965398,container,30.0,30.0,39.1,False,200,
1787722137.5298731,container,30.0,30.0,33.813,False,200,
1787722137.5632064,container,30.0,30.0,28.806,False,200,
1787722137.5965397,container,30.0,30.0,30.38,False,200,
1787722137.629873,container,30.0,30.0,28.041,False,200,
1787722137.6632063,container,30.0,30.0,26.278,False,200,
1787722137.6965396,container,30.0,30.0,24.793,False,200,
1787722137.7298732,container,30.0,30.0,32.637,False,200,
1787722137.7632065,container,30.0,30.0,29.626,False,200,
1787722137.7965398,container,30.0,30.0,29.393,False,200,
1787722137.829873,container,30.0,30.0,23.089,False,200,
1787722137.8632064,container,30.0,30.0,24.242,False,200,
1787722137.8965397,container,30.0,30.0,24.725,False,200,
1787722137.929873,container,30.0,30.0,29.092,False,200,
1787722137.9632065,container,30.0,30.0,25.819,False,200,
1787722137.9965398,container,30.0,30.0,29.436,False,200,
1787722138.0298731,container,30.0,30.0,28.472,False,200,
1787722138.0632064,container,30.0,30.0,22.743,False,200,
1787722138.0965397,container,30.0,30.0,24.06,False,200,
1787722138.129873,container,30.0,30.0,34.035,False,200,
1787722138.1632063,container,30.0,30.0,30.573,False,200,
1787722138.1965396,container,30.0,30.0,28.332,False,200,
1787722138.2298732,container,30.0,30.0,32.347,False,200,
1787722138.2632065,container,30.0,30.0,35.319,False,200,
1787722138.2965398,container,30.0,30.0,26.964,False,200,
1787722138.329873,container,30.0,30.0,26.717,False,200,
1787722138.3632064,container,30.0,30.0,30.001,False,200,
1787722138.3965397,container,30.0,30.0,31.379,False,200,
1787722138.429873,container,30.0,30.0,26.403,False,200,
1787722138.4632065,container,30.0,30.0,31.743,False,200,
1787722138.4965398,container,30.0,30.0,31.951,False,200,
1787722138.5298731,container,30.0,30.0,30.596,False,200,
1787722138.5632064,container,30.0,30.0,33.46,False,200,
1787722138.5965397,container,30.0,30.0,28.805,False,200,
1787722138.629873,container,30.0,30.0,35.095,False,200,
1787722138.6632063,container,30.0,30.0,31.457,False,200,
1787722138.6965396,container,30.0,30.0,25.952,False,200,
1787722138.7298732,container,30.0,30.0,34.568,False,200,
1787722138.7632065,container,30.0,30.0,32.723,False,200,
1787722138.7965398,container,30.0,30.0,34.937,False,200,
1787722138.829873,container,30.0,30.0,30.747,False,200,
1787722138.8632064,container,30.0,30.0,35.591,False,200,
1787722138.8965397,container,30.0,30.0,32.6,False,200,
1787722138.929873,container,30.0,30.0,34.603,False,200,
1787722138.9632065,container,30.0,30.0,29.058,False,200,
1787722138.9965398,container,30.0,30.0,38.831,False,200,
1787722139.0298731,container,30.0,30.0,41.843,False,200,
1787722139.0632064,container,30.0,30.0,34.923,False,200,
1787722139.0965397,container,30.0,30.0,27.522,False,200,
1787722139.129873,container,30.0,30.0,35.031,False,200,
1787722139.1632063,container,30.0,30.0,35.677,False,200,
1787722139.1965396,container,30.0,30.0,26.135,False,200,
1787722139.2298732,container,30.0,30.0,26.085,False,200,
1787722139.2632065,container,30.0,30.0,31.3,False,200,
1787722139.2965398,container,30.0,30.0,25.336,False,200,
1787722139.329873,container,30.0,30.0,35.688,False,200,
1787722139.3632064,container,30.0,30.0,31.122,False,200,
1787722139.3965397,container,30.0,30.0,30.009,False,200,
1787722139.429873,container,30.0,30.0,31.413,False,200,
1787722139.4632065,container,30.0,30.0,32.272,False,200,
1787722139.4965398,container,30.0,30.0,36.189,False,200,
1787722139.5298731,container,30.0,30.0,25.054,False,200,
1787722139.5632064,container,30.0,30.0,27.039,False,200,
1787722139.5965397,container,30.0,30.0,30.941,False,200,
1787722139.629873,container,30.0,30.0,29.658,False,200,
1787722139.6632063,container,30.0,30.0,35.206,False,200,
1787722139.6965396,container,30.0,30.0,30.874,False,200,
1787722139.7298732,container,30.0,30.0,28.275,False,200,
1787722139.7632065,container,30.0,30.0,37.575,False,200,
1787722139.7965398,container,30.0,30.0,29.661,False,200,
1787722139.829873,container,30.0,30.0,32.519,False,200,
1787722139.8632064,container,30.0,30.0,30.684,False,200,
1787722139.8965397,container,30.0,30.0,33.57,False,200,
1787722139.929873,container,30.0,30.0,26.628,False,200,
1787722139.9632065,container,30.0,30.0,28.558,False,200,
1787722139.9965398,container,30.0,30.0,29.635,False,200,
1787722140.0298731,container,30.0,30.0,27.459,False,200,
1787722140.0632064,container,30.0,30.0,28.84,False,200,
1787722140.0965397,container,30.0,30.0,34.027,False,200,
1787722140.129873,container,30.0,30.0,33.808,False,200,
1787722140.1632063,container,30.0,30.0,33.012,False,200,
1787722140.1965396,container,30.0,30.0,23.217,False,200,
1787722140.2298732,container,30.0,30.0,35.946,False,200,
1787722140.2632065,container,30.0,30.0,25.852,False,200,
1787722140.2965398,container,30.0,30.0,28.79,False,200,
1787722140.329873,container,30.0,30.0,23.566,False,200,
1787722140.3632064,container,30.0,30.0,31.909,False,200,
1787722140.3965397,container,30.0,30.0,22.847,False,200,
1787722140.429873,container,30.0,30.0,23.773,False,200,
1787722140.4632065,container,30.0,30.0,26.241,False,200,
1787722140.4965398,container,30.0,30.0,29.112,False,200,
1787722140.5298731,container,30.0,30.0,31.605,False,200,
1787722140.5632064,container,30.0,30.0,36.044,False,200,
1787722140.5965397,container,30.0,30.0,29.016,False,200,
1787722140.629873,container,30.0,30.0,25.627,False,200,
1787722140.6632063,container,30.0,30.0,25.944,False,200,
1787722140.6965396,container,30.0,30.0,26.777,False,200,
1787722140.7298732,container,30.0,30.0,43.442,False,200,
1787722140.7632065,container,30.0,30.0,23.637,False,200,
1787722140.7965398,container,30.0,30.0,28.179,False,200,
1787722140.829873,container,30.0,30.0,28.676,False,200,
1787722140.8632064,container,30.0,30.0,31.279,False,200,
1787722140.8965397,container,30.0,30.0,39.41,False,200,
1787722140.929873,container,30.0,30.0,39.267,False,200,
1787722140.9632065,container,30.0,30.0,29.909,False,200,
1787722140.9965398,container,30.0,30.0,33.972,False,200,
1787722141.0298731,container,30.0,30.0,29.649,False,200,
1787722141.0632064,container,30.0,30.0,25.689,False,200,
1787722141.0965397,container,30.0,30.0,44.544,False,200,
1787722141.129873,container,30.0,30.0,30.662,False,200,
1787722141.1632063,container,30.0,30.0,31.785,False,200,
1787722141.1965396,container,30.0,30.0,25.535,False,200,
1787722141.2298732,container,30.0,30.0,30.235,False,200,
1787722141.2632065,container,30.0,30.0,28.074,False,200,
1787722141.2965398,container,30.0,30.0,29.743,False,200,
1787722141.329873,container,30.0,30.0,20.836,False,200,
1787722141.3632064,container,30.0,30.0,28.552,False,200,
1787722141.3965397,container,30.0,30.0,33.472,False,200,
1787722141.429873,container,30.0,30.0,31.126,False,200,
1787722141.4632065,container,30.0,30.0,29.839,False,200,
1787722141.4965398,container,30.0,30.0,27.714,False,200,
1787722141.5298731,container,30.0,30.0,45.79,False,200,
1787722141.5632064,container,30.0,30.0,33.241,False,200,
1787722141.5965397,container,30.0,30.0,27.147,False,200,
1787722141.629873,container,30.0,30.0,25.624,False,200,
1787722141.6632063,container,30.0,30.0,33.8,False,200,
1787722141.6965396,container,30.0,30.0,29.51,False,200,
1787722141.7298732,container,30.0,30.0,30.043,False,200,
1787722141.7632065,container,30.0,30.0,39.675,False,200,
1787722141.7965398,container,30.0,30.0,38.132,False,200,
1787722141.829873,container,30.0,30.0,26.715,False,200,
1787722141.8632064,container,30.0,30.0,27.732,False,200,
1787722141.8965397,container,30.0,30.0,23.766,False,200,
1787722141.929873,container,30.0,30.0,27.105,False,200,
1787722141.9632065,container,30.0,30.0,33.745,False,200,
1787722141.9965398,container,30.0,30.0,28.646,False,200,
1787722142.0298731,container,30.0,30.0,27.199,False,200,
1787722142.0632064,container,30.0,30.0,20.012,False,200,
1787722142.0965397,container,30.0,30.0,25.101,False,200,
1787722142.129873,container,30.0,30.0,31.569,False,200,
1787722142.1632063,container,30.0,30.0,32.632,False,200,
1787722142.1965396,container,30.0,30.0,33.592,False,200,
1787722142.2298732,container,30.0,30.0,26.354,False,200,
1787722142.2632065,container,30.0,30.0,28.773,False,200,
1787722142.2965398,container,30.0,30.0,32.958,False,200,
1787722142.329873,container,30.0,30.0,29.909,False,200,
1787722142.3632064,container,30.0,30.0,35.962,False,200,
1787722142.3965397,container,30.0,30.0,30.621,False,200,
1787722142.429873,container,30.0,30.0,36.765,False,200,
1787722142.4632065,container,30.0,30.0,35.044,False,200,
1787722142.4965398,container,30.0,30.0,30.214,False,200,
1787722142.5298731,container,30.0,30.0,30.096,False,200,
1787722142.5632064,container,30.0,30.0,29.275,False,200,
1787722142.5965397,container,30.0,30.0,26.926,False,200,
1787722142.629873,container,30.0,30.0,28.034,False,200,
1787722142.6632063,container,30.0,30.0,26.003,False,200,
1787722142.6965396,container,30.0,30.0,30.105,False,200,
1787722142.7298732,container,30.0,30.0,24.682,False,200,
1787722142.7632065,container,30.0,30.0,27.035,False,200,
1787722142.7965398,container,30.0,30.0,23.027,False,200,
1787722142.829873,container,30.0,30.0,28.802,False,200,
1787722142.8632064,container,30.0,30.0,24.842,False,200,
1787722142.8965397,container,30.0,30.0,23.358,False,200,
1787722142.929873,container,30.0,30.0,29.284,False,200,
1787722142.9632065,container,30.0,30.0,34.543,False,200,
1787722142.9965398,container,30.0,30.0,27.011,False,200,
1787722143.0298731,container,30.0,30.0,30.227,False,200,
1787722143.0632064,container,30.0,30.0,30.683,False,200,
1787722143.0965397,container,30.0,30.0,37.56,False,200,
1787722143.129873,container,30.0,30.0,27.398,False,200,
1787722143.1632063,container,30.0,30.0,21.614,False,200,
1787722143.1965396,container,30.0,30.0,36.577,False,200,
1787722143.2298732,container,30.0,30.0,31.336,False,200,
1787722143.2632065,container,30.0,30.0,26.491,False,200,
1787722143.2965398,container,30.0,30.0,21.901,False,200,
1787722143.329873,container,30.0,30.0,32.697,False,200,
1787722143.3632064,container,30.0,30.0,36.71,False,200,
1787722143.3965397,container,30.0,30.0,29.611,False,200,
1787722143.429873,container,30.0,30.0,29.73,False,200,
1787722143.4632065,container,30.0,30.0,24.549,False,200,
1787722143.4965398,container,30.0,30.0,27.266,False,200,
1787722143.5298731,container,30.0,30.0,26.268,False,200,
1787722143.5632064,container,30.0,30.0,34.272,False,200,
1787722143.5965397,container,30.0,30.0,33.285,False,200,
1787722143.629873,container,30.0,30.0,32.689,False,200,
1787722143.6632063,container,30.0,30.0,24.471,False,200,
1787722143.6965396,container,30.0,30.0,27.581,False,200,
1787722143.7298732,container,30.0,30.0,23.278,False,200,
1787722143.7632065,container,30.0,30.0,28.58,False,200,
1787722143.7965398,container,30.0,30.0,22.625,False,200,
1787722143.829873,container,30.0,30.0,30.373,False,200,
1787722143.8632064,container,30.0,30.0,22.277,False,200,
1787722143.8965397,container,30.0,30.0,27.069,False,200,
1787722143.929873,container,30.0,30.0,33.103,False,200,
1787722143.9632065,container,30.0,30.0,28.941,False,200,
1787722143.9965398,container,30.0,30.0,23.623,False,200,
1787722144.0298731,container,30.0,30.0,25.698,False,200,
1787722144.0632064,container,30.0,30.0,28.377,False,200,
1787722144.0965397,container,30.0,30.0,26.92,False,200,
1787722144.129873,container,30.0,30.0,31.967,False,200,
1787722144.1632063,container,30.0,30.0,28.377,False,200,
1787722144.1965396,container,30.0,30.0,37.726,False,200,
1787722144.2298732,container,30.0,30.0,23.434,False,200,
1787722144.2632065,container,30.0,30.0,30.641,False,200,
1787722144.2965398,container,30.0,30.0,28.97,False,200,
1787722144.329873,container,30.0,30.0,28.362,False,200,
1787722144.3632064,container,30.0,30.0,24.297,False,200,
1787722144.3965397,container,30.0,30.0,35.262,False,200,
1787722144.429873,container,30.0,30.0,28.299,False,200,
1787722144.4632065,container,30.0,30.0,38.258,False,200,
1787722144.4965398,container,30.0,30.0,41.877,False,200,
1787722144.5298731,container,30.0,30.0,42.007,False,200,
1787722144.5632064,container,30.0,30.0,30.728,False,200,
1787722144.5965397,container,30.0,30.0,24.268,False,200,
1787722144.629873,container,30.0,30.0,26.369,False,200,
1787722144.6632063,container,30.0,30.0,31.546,False,200,
1787722144.6965396,container,30.0,30.0,34.608,False,200,
1787722144.7298732,container,30.0,30.0,27.687,False,200,
1787722144.7632065,container,30.0,30.0,20.087,False,200,
1787722144.7965398,container,30.0,30.0,29.257,False,200,
1787722144.829873,container,30.0,30.0,24.541,False,200,
1787722144.8632064,container,30.0,30.0,28.892,False,200,
1787722144.8965397,container,30.0,30.0,23.874,False,200,
1787722144.929873,container,30.0,30.0,30.631,False,200,
1787722144.9632065,container,30.0,30.0,31.842,False,200,
1787722144.9965398,container,30.0,30.0,35.219,False,200,
1787722145.0298731,container,30.0,30.0,28.956,False,200,
1787722145.0632064,container,30.0,30.0,25.307,False,200,
1787722145.0965397,container,30.0,30.0,44.4,False,200,
1787722145.129873,container,30.0,30.0,26.426,False,200,
1787722145.1632063,container,30.0,30.0,29.614,False,200,
1787722145.1965396,container,30.0,30.0,31.232,False,200,
1787722145.2298732,container,30.0,30.0,30.35,False,200,
1787722145.2632065,container,30.0,30.0,29.089,False,200,
1787722145.2965398,container,30.0,30.0,34.685,False,200,
1787722145.329873,container,30.0,30.0,36.269,False,200,
1787722145.3632064,container,30.0,30.0,28.863,False,200,
1787722145.3965397,container,30.0,30.0,30.154,False,200,
1787722145.429873,container,30.0,30.0,38.428,False,200,
1787722145.4632065,container,30.0,30.0,30.023,False,200,
1787722145.4965398,container,30.0,30.0,31.088,False,200,
1787722145.5298731,container,30.0,30.0,34.414,False,200,
1787722145.5632064,container,30.0,30.0,29.081,False,200,
1787722145.5965397,container,30.0,30.0,21.437,False,200,
1787722145.629873,container,30.0,30.0,27.743,False,200,
1787722145.6632063,container,30.0,30.0,29.957,False,200,
1787722145.6965396,container,30.0,30.0,24.841,False,200,
1787722145.7298732,container,30.0,30.0,24.657,False,200,
1787722145.7632065,container,30.0,30.0,41.101,False,200,
1787722145.7965398,container,30.0,30.0,28.163,False,200,
1787722145.829873,container,30.0,30.0,38.97,False,200,
1787722145.8632064,container,30.0,30.0,29.055,False,200,
1787722145.8965397,container,30.0,30.0,38.791,False,200,
1787722145.929873,container,30.0,30.0,36.601,False,200,
1787722145.9632065,container,30.0,30.0,25.714,False,200,
1787722145.9965398,container,30.0,30.0,33.774,False,200,
1787722146.0298731,container,30.0,30.0,34.879,False,200,
1787722146.0632064,container,30.0,30.0,27.542,False,200,
1787722146.0965397,container,30.0,30.0,33.496,False,200,
1787722146.129873,container,30.0,30.0,29.247,False,200,
1787722146.1632063,container,30.0,30.0,28.273,False,200,
1787722146.1965396,container,30.0,30.0,26.138,False,200,
1787722146.2298732,container,30.0,30.0,34.872,False,200,
1787722146.2632065,container,30.0,30.0,27.076,False,200,
1787722146.2965398,container,30.0,30.0,33.248,False,200,
1787722146.329873,container,30.0,30.0,28.822,False,200,
1787722146.3632064,container,30.0,30.0,32.592,False,200,
1787722146.3965397,container,30.0,30.0,36.759,False,200,
1787722146.429873,container,30.0,30.0,35.751,False,200,
1787722146.4632065,container,30.0,30.0,37.26,False,200,
1787722146.4965398,container,30.0,30.0,27.257,False,200,
1787722146.5298731,container,30.0,30.0,37.016,False,200,
1787722146.5632064,container,30.0,30.0,31.894,False,200,
1787722146.5965397,container,30.0,30.0,27.444,False,200,
1787722146.629873,container,30.0,30.0,26.5,False,200,
1787722146.6632063,container,30.0,30.0,25.048,False,200,
1787722146.6965396,container,30.0,30.0,36.082,False,200,
1787722146.7298732,container,30.0,30.0,30.029,False,200,
1787722146.7632065,container,30.0,30.0,29.639,False,200,
1787722146.7965398,container,30.0,30.0,23.574,False,200,
1787722146.829873,container,30.0,30.0,21.433,False,200,
1787722146.8632064,container,30.0,30.0,22.689,False,200,
1787722146.8965397,container,30.0,30.0,33.511,False,200,
1787722146.929873,container,30.0,30.0,25.283,False,200,
1787722146.9632065,container,30.0,30.0,27.69,False,200,
1787722146.9965398,container,30.0,30.0,28.384,False,200,
1787722147.0298731,container,30.0,30.0,28.22,False,200,
1787722147.0632064,container,30.0,30.0,30.746,False,200,
1787722147.0965397,container,30.0,30.0,27.81,False,200,
1787722147.129873,container,30.0,30.0,25.003,False,200,
1787722147.1632063,container,30.0,30.0,28.293,False,200,
1787722147.1965396,container,30.0,30.0,23.939,False,200,
1787722147.2298732,container,30.0,30.0,39.171,False,200,
1787722147.2632065,container,30.0,30.0,29.205,False,200,
1787722147.2965398,container,30.0,30.0,36.548,False,200,
1787722147.329873,container,30.0,30.0,27.954,False,200,
1787722147.3632064,container,30.0,30.0,31.924,False,200,
1787722147.3965397,container,30.0,30.0,33.627,False,200,
1787722147.429873,container,30.0,30.0,31.469,False,200,
1787722147.4632065,container,30.0,30.0,25.848,False,200,
1787722147.4965398,container,30.0,30.0,30.885,False,200,
1787722147.5298731,container,30.0,30.0,33.806,False,200,
1787722147.5632064,container,30.0,30.0,28.859,False,200,
1787722147.5965397,container,30.0,30.0,41.783,False,200,
1787722147.629873,container,30.0,30.0,29.923,False,200,
1787722147.6632063,container,30.0,30.0,32.053,False,200,
1787722147.6965396,container,30.0,30.0,25.196,False,200,
1787722147.7298732,container,30.0,30.0,53.738,False,200,
1787722147.7632065,container,30.0,30.0,34.766,False,200,
1787722147.7965398,container,30.0,30.0,26.736,False,200,
1787722147.829873,container,30.0,30.0,29.586,False,200,
1787722147.8632064,container,30.0,30.0,30.672,False,200,
1787722147.8965397,container,30.0,30.0,32.347,False,200,
1787722147.929873,container,30.0,30.0,37.631,False,200,
1787722147.9632065,container,30.0,30.0,30.16,False,200,
1787722147.9965398,container,30.0,30.0,30.937,False,200,
1787722148.0298731,container,30.0,30.0,29.023,False,200,
1787722148.0632064,container,30.0,30.0,34.168,False,200,
1787722148.0965397,container,30.0,30.0,34.6,False,200,
1787722148.129873,container,30.0,30.0,25.247,False,200,
1787722148.1632063,container,30.0,30.0,30.397,False,200,
1787722148.1965396,container,30.0,30.0,29.168,False,200,
1787722148.2298732,container,30.0,30.0,29.582,False,200,
1787722148.2632065,container,30.0,30.0,28.586,False,200,
1787722148.2965398,container,30.0,30.0,29.512,False,200,
1787722148.329873,container,30.0,30.0,25.058,False,200,
1787722148.3632064,container,30.0,30.0,28.943,False,200,
1787722148.3965397,container,30.0,30.0,43.932,False,200,
1787722148.429873,container,30.0,30.0,29.926,False,200,
1787722148.4632065,container,30.0,30.0,32.363,False,200,
1787722148.4965398,container,30.0,30.0,30.986,False,200,
1787722148.5298731,container,30.0,30.0,29.195,False,200,
1787722148.5632064,container,30.0,30.0,32.11,False,200,
1787722148.5965397,container,30.0,30.0,33.288,False,200,
1787722148.629873,container,30.0,30.0,28.279,False,200,
1787722148.6632063,container,30.0,30.0,26.89,False,200,
1787722148.6965396,container,30.0,30.0,36.364,False,200,
1787722148.7298732,container,30.0,30.0,39.068,False,200,
1787722148.7632065,container,30.0,30.0,26.7,False,200,
1787722148.7965398,container,30.0,30.0,31.092,False,200,
1787722148.829873,container,30.0,30.0,30.641,False,200,
1787722148.8632064,container,30.0,30.0,26.937,False,200,
1787722148.8965397,container,30.0,30.0,27.165,False,200,
1787722148.929873,container,30.0,30.0,23.608,False,200,
1787722148.9632065,container,30.0,30.0,36.623,False,200,
1787722148.9965398,container,30.0,30.0,26.987,False,200,
1787722149.0298731,container,30.0,30.0,29.224,False,200,
1787722149.0632064,container,30.0,30.0,32.971,False,200,
1787722149.0965397,container,30.0,30.0,31.271,False,200,
1787722149.129873,container,30.0,30.0,36.003,False,200,
1787722149.1632063,container,30.0,30.0,28.106,False,200,
1787722149.1965396,container,30.0,30.0,27.128,False,200,
1787722149.2298732,container,30.0,30.0,32.144,False,200,
1787722149.2632065,container,30.0,30.0,30.775,False,200,
1787722149.2965398,container,30.0,30.0,32.132,False,200,
1787722149.329873,container,30.0,30.0,24.913,False,200,
1787722149.3632064,container,30.0,30.0,23.498,False,200,
1787722149.3965397,container,30.0,30.0,21.535,False,200,
1787722149.429873,container,30.0,30.0,28.422,False,200,
1787722149.4632065,container,30.0,30.0,23.543,False,200,
1787722149.4965398,container,30.0,30.0,45.173,False,200,
1787722149.5298731,container,30.0,30.0,24.362,False,200,
1787722149.5632064,container,30.0,30.0,27.089,False,200,
1787722149.5965397,container,30.0,30.0,29.554,False,200,
1787722149.629873,container,30.0,30.0,32.842,False,200,
1787722149.6632063,container,30.0,30.0,37.822,False,200,
1787722149.6965396,container,30.0,30.0,28.889,False,200,
1787722149.7298732,container,30.0,30.0,29.58,False,200,
1787722149.7632065,container,30.0,30.0,23.325,False,200,
1787722149.7965398,container,30.0,30.0,23.652,False,200,
1787722149.829873,container,30.0,30.0,24.481,False,200,
1787722149.8632064,container,30.0,30.0,32.377,False,200,
1787722149.8965397,container,30.0,30.0,30.955,False,200,
1787722149.929873,container,30.0,30.0,22.055,False,200,
1787722149.9632065,container,30.0,30.0,37.126,False,200,
1787722149.9965398,container,30.0,30.0,33.023,False,200,
1787722150.0298731,container,30.0,30.0,32.48,False,200,
1787722150.0632064,container,30.0,30.0,28.152,False,200,
1787722150.0965397,container,30.0,30.0,25.42,False,200,
1787722150.129873,container,30.0,30.0,29.603,False,200,
1787722150.1632063,container,30.0,30.0,29.12,False,200,
1787722150.1965396,container,30.0,30.0,27.781,False,200,
1787722150.2298732,container,30.0,30.0,33.313,False,200,
1787722150.2632065,container,30.0,30.0,29.902,False,200,
1787722150.2965398,container,30.0,30.0,29.576,False,200,
1787722150.329873,container,30.0,30.0,36.639,False,200,
1787722150.3632064,container,30.0,30.0,30.188,False,200,
1787722150.3965397,container,30.0,30.0,35.341,False,200,
1787722150.429873,container,30.0,30.0,29.768,False,200,
1787722150.4632065,container,30.0,30.0,22.928,False,200,
1787722150.4965398,container,30.0,30.0,29.797,False,200,
1787722150.5298731,container,30.0,30.0,25.012,False,200,
1787722150.5632064,container,30.0,30.0,29.833,False,200,
1787722150.5965397,container,30.0,30.0,25.565,False,200,
1787722150.629873,container,30.0,30.0,23.005,False,200,
1787722150.6632063,container,30.0,30.0,43.118,False,200,
1787722150.6965396,container,30.0,30.0,20.851,False,200,
1787722150.7298732,container,30.0,30.0,30.416,False,200,
1787722150.7632065,container,30.0,30.0,30.943,False,200,
1787722150.7965398,container,30.0,30.0,30.199,False,200,
1787722150.829873,container,30.0,30.0,27.671,False,200,
1787722150.8632064,container,30.0,30.0,24.598,False,200,
1787722150.8965397,container,30.0,30.0,41.088,False,200,
1787722150.929873,container,30.0,30.0,36.016,False,200,
1787722150.9632065,container,30.0,30.0,32.446,False,200,
1787722150.9965398,container,30.0,30.0,26.514,False,200,
1787722151.0298731,container,30.0,30.0,33.683,False,200,
1787722151.0632064,container,30.0,30.0,35.286,False,200,
1787722151.0965397,container,30.0,30.0,25.891,False,200,
1787722151.129873,container,30.0,30.0,26.235,False,200,
1787722151.1632063,container,30.0,30.0,28.082,False,200,
1787722151.1965396,container,30.0,30.0,28.982,False,200,
1787722151.2298732,container,30.0,30.0,29.118,False,200,
1787722151.2632065,container,30.0,30.0,32.525,False,200,
1787722151.2965398,container,30.0,30.0,36.195,False,200,
1787722151.329873,container,30.0,30.0,31.369,False,200,
1787722151.3632064,container,30.0,30.0,28.876,False,200,
1787722151.3965397,container,30.0,30.0,31.279,False,200,
1787722151.429873,container,30.0,30.0,29.004,False,200,
1787722151.4632065,container,30.0,30.0,22.024,False,200,
1787722151.4965398,container,30.0,30.0,46.92,False,200,
1787722151.5298731,container,30.0,30.0,36.714,False,200,
1787722151.5632064,container,30.0,30.0,23.119,False,200,
1787722151.5965397,container,30.0,30.0,26.35,False,200,
1787722151.629873,container,30.0,30.0,30.454,False,200,
1787722151.6632063,container,30.0,30.0,32.661,False,200,
1787722151.6965396,container,30.0,30.0,31.055,False,200,
1787722151.7298732,container,30.0,30.0,26.207,False,200,
1787722151.7632065,container,30.0,30.0,31.132,False,200,
1787722151.7965398,container,30.0,30.0,25.488,False,200,
1787722151.829873,container,30.0,30.0,34.869,False,200,
1787722151.8632064,container,30.0,30.0,28.992,False,200,
1787722151.8965397,container,30.0,30.0,27.702,False,200,
1787722151.929873,container,30.0,30.0,32.524,False,200,
1787722151.9632065,container,30.0,30.0,33.99,False,200,
1787722151.9965398,container,30.0,30.0,26.43,False,200,
1787722152.0298731,container,30.0,30.0,30.727,False,200,
1787722152.0632064,container,30.0,30.0,38.421,False,200,
1787722152.0965397,container,30.0,30.0,28.961,False,200,
1787722152.129873,container,30.0,30.0,32.323,False,200,
1787722152.1632063,container,30.0,30.0,22.498,False,200,
1787722152.1965396,container,30.0,30.0,28.227,False,200,
1787722152.2298732,container,30.0,30.0,28.795,False,200,
1787722152.2632065,container,30.0,30.0,37.655,False,200,
1787722152.2965398,container,30.0,30.0,24.854,False,200,
1787722152.329873,container,30.0,30.0,28.066,False,200,
1787722152.3632064,container,30.0,30.0,30.761,False,200,
1787722152.3965397,container,30.0,30.0,23.501,False,200,
1787722152.429873,container,30.0,30.0,26.905,False,200,
1787722152.4632065,container,30.0,30.0,26.634,False,200,
1787722152.4965398,container,30.0,30.0,40.383,False,200,
1787722152.5298731,container,30.0,30.0,33.904,False,200,
1787722152.5632064,container,30.0,30.0,38.525,False,200,
1787722152.5965397,container,30.0,30.0,35.185,False,200,
1787722152.629873,container,30.0,30.0,27.61,False,200,
1787722152.6632063,container,30.0,30.0,35.78,False,200,
1787722152.6965396,container,30.0,30.0,26.054,False,200,
1787722152.7298732,container,30.0,30.0,26.947,False,200,
1787722152.7632065,container,30.0,30.0,32.005,False,200,
1787722152.7965398,container,30.0,30.0,29.662,False,200,
1787722152.829873,container,30.0,30.0,37.748,False,200,
1787722152.8632064,container,30.0,30.0,28.701,False,200,
1787722152.8965397,container,30.0,30.0,31.713,False,200,
1787722152.929873,container,30.0,30.0,28.994,False,200,
1787722152.9632065,container,30.0,30.0,36.004,False,200,
1787722152.9965398,container,30.0,30.0,37.667,False,200,
1787722153.0298731,container,30.0,30.0,24.009,False,200,
1787722153.0632064,container,30.0,30.0,33.875,False,200,
1787722153.0965397,container,30.0,30.0,38.83,False,200,
1787722153.129873,container,30.0,30.0,22.98,False,200,
1787722153.1632063,container,30.0,30.0,26.994,False,200,
1787722153.1965396,container,30.0,30.0,31.013,False,200,
1787722153.2298732,container,30.0,30.0,31.613,False,200,
1787722153.2632065,container,30.0,30.0,26.536,False,200,
1787722153.2965398,container,30.0,30.0,27.899,False,200,
1787722153.329873,container,30.0,30.0,32.848,False,200,
1787722153.3632064,container,30.0,30.0,31.143,False,200,
1787722153.3965397,container,30.0,30.0,36.146,False,200,
1787722153.429873,container,30.0,30.0,26.591,False,200,
1787722153.4632065,container,30.0,30.0,31.901,False,200,
1787722153.4965398,container,30.0,30.0,25.927,False,200,
1787722153.5298731,container,30.0,30.0,31.876,False,200,
1787722153.5632064,container,30.0,30.0,38.181,False,200,
1787722153.5965397,container,30.0,30.0,28.519,False,200,
1787722153.629873,container,30.0,30.0,30.665,False,200,
1787722153.6632063,container,30.0,30.0,31.247,False,200,
1787722153.6965396,container,30.0,30.0,25.273,False,200,
1787722153.7298732,container,30.0,30.0,37.526,False,200,
1787722153.7632065,container,30.0,30.0,31.442,False,200,
1787722153.7965398,container,30.0,30.0,38.507,False,200,
1787722153.829873,container,30.0,30.0,26.835,False,200,
1787722153.8632064,container,30.0,30.0,33.871,False,200,
1787722153.8965397,container,30.0,30.0,32.172,False,200,
1787722153.929873,container,30.0,30.0,34.169,False,200,
1787722153.9632065,container,30.0,30.0,23.934,False,200,
1787722153.9965398,container,30.0,30.0,31.282,False,200,
1787722154.0298731,container,30.0,30.0,31.037,False,200,
1787722154.0632064,container,30.0,30.0,29.323,False,200,
1787722154.0965397,container,30.0,30.0,31.667,False,200,
1787722154.129873,container,30.0,30.0,31.135,False,200,
1787722154.1632063,container,30.0,30.0,27.985,False,200,
1787722154.1965396,container,30.0,30.0,34.992,False,200,
1787722154.2298732,container,30.0,30.0,26.335,False,200,
1787722154.2632065,container,30.0,30.0,25.792,False,200,
1787722154.2965398,container,30.0,30.0,29.257,False,200,
1787722154.329873,container,30.0,30.0,37.593,False,200,
1787722154.3632064,container,30.0,30.0,22.647,False,200,
1787722154.3965397,container,30.0,30.0,26.152,False,200,
1787722154.429873,container,30.0,30.0,33.645,False,200,
1787722154.4632065,container,30.0,30.0,29.868,False,200,
1787722154.4965398,container,30.0,30.0,36.216,False,200,
1787722154.5298731,container,30.0,30.0,40.973,False,200,
1787722154.5632064,container,30.0,30.0,34.45,False,200,
1787722154.5965397,container,30.0,30.0,24.252,False,200,
1787722154.629873,container,30.0,30.0,23.732,False,200,
1787722154.6632063,container,30.0,30.0,23.265,False,200,
1787722154.6965396,container,30.0,30.0,39.853,False,200,
1787722154.7298732,container,30.0,30.0,26.374,False,200,
1787722154.7632065,container,30.0,30.0,36.36,False,200,
1787722154.7965398,container,30.0,30.0,31.321,False,200,
1787722154.829873,container,30.0,30.0,27.707,False,200,
1787722154.8632064,container,30.0,30.0,29.586,False,200,
1787722154.8965397,container,30.0,30.0,31.828,False,200,
1787722154.929873,container,30.0,30.0,34.401,False,200,
1787722154.9632065,container,30.0,30.0,34.529,False,200,
1787722154.9965398,container,30.0,30.0,30.99,False,200,
1787722155.0298731,container,30.0,30.0,31.187,False,200,
1787722155.0632064,container,30.0,30.0,28.132,False,200,
1787722155.0965397,container,30.0,30.0,25.942,False,200,
1787722155.129873,container,30.0,30.0,29.536,False,200,
1787722155.1632063,container,30.0,30.0,27.229,False,200,
1787722155.1965396,container,30.0,30.0,32.646,False,200,
1787722155.2298732,container,30.0,30.0,32.383,False,200,
1787722155.2632065,container,30.0,30.0,25.593,False,200,
1787722155.2965398,container,30.0,30.0,29.757,False,200,
1787722155.329873,container,30.0,30.0,32.281,False,200,
1787722155.3632064,container,30.0,30.0,28.231,False,200,
1787722155.3965397,container,30.0,30.0,24.36,False,200,
1787722155.429873,container,30.0,30.0,31.547,False,200,
1787722155.4632065,container,30.0,30.0,26.655,False,200,
1787722155.4965398,container,30.0,30.0,32.913,False,200,
1787722155.5298731,container,30.0,30.0,30.122,False,200,
1787722155.5632064,container,30.0,30.0,31.039,False,200,
1787722155.5965397,container,30.0,30.0,36.411,False,200,
1787722155.629873,container,30.0,30.0,36.142,False,200,
1787722155.6632063,container,30.0,30.0,28.769,False,200,
1787722155.6965396,container,30.0,30.0,26.746,False,200,
1787722155.7298732,container,30.0,30.0,31.891,False,200,
1787722155.7632065,container,30.0,30.0,27.814,False,200,
1787722155.7965398,container,30.0,30.0,36.028,False,200,
1787722155.829873,container,30.0,30.0,24.872,False,200,
1787722155.8632064,container,30.0,30.0,34.779,False,200,
1787722155.8965397,container,30.0,30.0,36.48,False,200,
1787722155.929873,container,30.0,30.0,31.754,False,200,
1787722155.9632065,container,30.0,30.0,32.527,False,200,
1787722155.9965398,container,30.0,30.0,29.617,False,200,
1787722156.0298731,container,30.0,30.0,26.593,False,200,
1787722156.0632064,container,30.0,30.0,30.019,False,200,
1787722156.0965397,container,30.0,30.0,24.251,False,200,
1787722156.129873,container,30.0,30.0,32.001,False,200,
1787722156.1632063,container,30.0,30.0,26.636,False,200,
1787722156.1965396,container,30.0,30.0,24.192,False,200,
1787722156.2298732,container,30.0,30.0,24.155,False,200,
1787722156.2632065,container,30.0,30.0,35.017,False,200,
1787722156.2965398,container,30.0,30.0,27.077,False,200,
1787722156.329873,container,30.0,30.0,32.705,False,200,
1787722156.3632064,container,30.0,30.0,46.047,False,200,
1787722156.3965397,container,30.0,30.0,27.681,False,200,
1787722156.429873,container,30.0,30.0,32.461,False,200,
1787722156.4632065,container,30.0,30.0,33.939,False,200,
1787722156.4965398,container,30.0,30.0,37.36,False,200,
1787722156.5298731,container,30.0,30.0,24.074,False,200,
1787722156.5632064,container,30.0,30.0,28.507,False,200,
1787722156.5965397,container,30.0,30.0,27.416,False,200,
1787722156.629873,container,30.0,30.0,34.2,False,200,
1787722156.6632063,container,30.0,30.0,25.968,False,200,
1787722156.6965396,container,30.0,30.0,29.924,False,200,
1787722156.7298732,container,30.0,30.0,38.87,False,200,
1787722156.7632065,container,30.0,30.0,27.402,False,200,
1787722156.7965398,container,30.0,30.0,35.643,False,200,
1787722156.829873,container,30.0,30.0,34.858,False,200,
1787722156.8632064,container,30.0,30.0,32.838,False,200,
1787722156.8965397,container,30.0,30.0,27.58,False,200,
1787722156.929873,container,30.0,30.0,31.044,False,200,
1787722156.9632065,container,30.0,30.0,32.184,False,200,
1787722156.9965398,container,30.0,30.0,33.529,False,200,
1787722157.0298731,container,30.0,30.0,31.708,False,200,
1787722157.0632064,container,30.0,30.0,32.051,False,200,
1787722157.0965397,container,30.0,30.0,26.84,False,200,
1787722157.129873,container,30.0,30.0,33.806,False,200,
1787722157.1632063,container,30.0,30.0,30.114,False,200,
1787722157.1965396,container,30.0,30.0,25.753,False,200,
1787722157.2298732,container,30.0,30.0,27.802,False,200,
1787722157.2632065,container,30.0,30.0,38.64,False,200,
1787722157.2965398,container,30.0,30.0,26.887,False,200,
1787722157.329873,container,30.0,30.0,25.888,False,200,
1787722157.3632064,container,30.0,30.0,26.722,False,200,
1787722157.3965397,container,30.0,30.0,33.231,False,200,
1787722157.429873,container,30.0,30.0,38.643,False,200,
1787722157.4632065,container,30.0,30.0,28.789,False,200,
1787722157.4965398,container,30.0,30.0,39.203,False,200,
1787722157.5298731,container,30.0,30.0,28.371,False,200,
1787722157.5632064,container,30.0,30.0,24.975,False,200,
1787722157.5965397,container,30.0,30.0,31.047,False,200,
1787722157.629873,container,30.0,30.0,32.898,False,200,
1787722157.6632063,container,30.0,30.0,29.162,False,200,
1787722157.6965396,container,30.0,30.0,26.878,False,200,
1787722157.7298732,container,30.0,30.0,34.696,False,200,
1787722157.7632065,container,30.0,30.0,33.103,False,200,
1787722157.7965398,container,30.0,30.0,22.202,False,200,
1787722157.829873,container,30.0,30.0,30.235,False,200,
1787722157.8632064,container,30.0,30.0,32.821,False,200,
1787722157.8965397,container,30.0,30.0,29.084,False,200,
1787722157.929873,container,30.0,30.0,28.613,False,200,
1787722157.9632065,container,30.0,30.0,28.196,False,200,
1787722157.9965398,container,30.0,30.0,31.495,False,200,
1787722158.0298731,container,30.0,30.0,24.886,False,200,
1787722158.0632064,container,30.0,30.0,26.877,False,200,
1787722158.0965397,container,30.0,30.0,32.372,False,200,
1787722158.129873,container,30.0,30.0,32.749,False,200,
1787722158.1632063,container,30.0,30.0,23.345,False,200,
1787722158.1965396,container,30.0,30.0,37.559,False,200,
1787722158.2298732,container,30.0,30.0,32.431,False,200,
1787722158.2632065,container,30.0,30.0,31.168,False,200,
1787722158.2965398,container,30.0,30.0,24.147,False,200,
1787722158.329873,container,30.0,30.0,41.352,False,200,
1787722158.3632064,container,30.0,30.0,28.003,False,200,
1787722158.3965397,container,30.0,30.0,34.765,False,200,
1787722158.429873,container,30.0,30.0,28.629,False,200,
1787722158.4632065,container,30.0,30.0,28.878,False,200,
1787722158.4965398,container,30.0,30.0,28.348,False,200,
1787722158.5298731,container,30.0,30.0,33.218,False,200,
1787722158.5632064,container,30.0,30.0,30.799,False,200,
1787722158.5965397,container,30.0,30.0,25.15,False,200,
1787722158.629873,container,30.0,30.0,32.938,False,200,
1787722158.6632063,container,30.0,30.0,32.938,False,200,
1787722158.6965396,container,30.0,30.0,26.241,False,200,
1787722158.7298732,container,30.0,30.0,26.96,False,200,
1787722158.7632065,container,30.0,30.0,37.176,False,200,
1787722158.7965398,container,30.0,30.0,31.456,False,200,
1787722158.829873,container,30.0,30.0,36.764,False,200,
1787722158.8632064,container,30.0,30.0,24.444,False,200,
1787722158.8965397,container,30.0,30.0,26.188,False,200,
1787722158.929873,container,30.0,30.0,30.324,False,200,
1787722158.9632065,container,30.0,30.0,30.13,False,200,
1787722158.9965398,container,30.0,30.0,29.239,False,200,
1787722159.0298731,container,30.0,30.0,34.871,False,200,
1787722159.0632064,container,30.0,30.0,29.984,False,200,
1787722159.0965397,container,30.0,30.0,29.238,False,200,
1787722159.129873,container,30.0,30.0,27.333,False,200,
1787722159.1632063,container,30.0,30.0,29.48,False,200,
1787722159.1965396,container,30.0,30.0,42.616,False,200,
1787722159.2298732,container,30.0,30.0,27.816,False,200,
1787722159.2632065,container,30.0,30.0,30.439,False,200,
1787722159.2965398,container,30.0,30.0,32.177,False,200,
1787722159.329873,container,30.0,30.0,35.535,False,200,
1787722159.3632064,container,30.0,30.0,28.831,False,200,
1787722159.3965397,container,30.0,30.0,31.796,False,200,
1787722159.429873,container,30.0,30.0,36.867,False,200,
1787722159.4632065,container,30.0,30.0,22.337,False,200,
1787722159.4965398,container,30.0,30.0,29.687,False,200,
1787722159.5298731,container,30.0,30.0,30.013,False,200,
1787722159.5632064,container,30.0,30.0,30.245,False,200,
1787722159.5965397,container,30.0,30.0,24.945,False,200,
1787722159.629873,container,30.0,30.0,34.19,False,200,
1787722159.6632063,container,30.0,30.0,27.743,False,200,
1787722159.6965396,container,30.0,30.0,24.234,False,200,
1787722159.7298732,container,30.0,30.0,29.19,False,200,
1787722159.7632065,container,30.0,30.0,23.95,False,200,
1787722159.7965398,container,30.0,30.0,25.132,False,200,
1787722159.829873,container,30.0,30.0,33.472,False,200,
1787722159.8632064,container,30.0,30.0,36.162,False,200,
1787722159.8965397,container,30.0,30.0,33.3,False,200,
1787722159.929873,container,30.0,30.0,31.783,False,200,
1787722159.9632065,container,30.0,30.0,24.56,False,200,
1787722159.9965398,container,30.0,30.0,37.318,False,200,
1787722160.0298731,container,30.0,30.0,29.434,False,200,
1787722160.0632064,container,30.0,30.0,32.992,False,200,
1787722160.0965397,container,30.0,30.0,22.226,False,200,
1787722160.129873,container,30.0,30.0,31.292,False,200,
1787722160.1632063,container,30.0,30.0,35.542,False,200,
1787722160.1965396,container,30.0,30.0,30.767,False,200,
1787722160.2298732,container,30.0,30.0,32.851,False,200,
1787722160.2632065,container,30.0,30.0,35.378,False,200,
1787722160.2965398,container,30.0,30.0,33.698,False,200,
1787722160.329873,container,30.0,30.0,31.062,False,200,
1787722160.3632064,container,30.0,30.0,29.7,False,200,
1787722160.3965397,container,30.0,30.0,30.61,False,200,
1787722160.429873,container,30.0,30.0,31.387,False,200,
1787722160.4632065,container,30.0,30.0,25.862,False,200,
1787722160.4965398,container,30.0,30.0,37.266,False,200,
1787722160.5298731,container,30.0,30.0,25.118,False,200,
1787722160.5632064,container,30.0,30.0,28.259,False,200,
1787722160.5965397,container,30.0,30.0,31.722,False,200,
1787722160.629873,container,30.0,30.0,28.541,False,200,
1787722160.6632063,container,30.0,30.0,31.709,False,200,
1787722160.6965396,container,30.0,30.0,37.613,False,200,
1787722160.7298732,container,30.0,30.0,27.651,False,200,
1787722160.7632065,container,30.0,30.0,25.733,False,200,
1787722160.7965398,container,30.0,30.0,29.483,False,200,
1787722160.829873,container,30.0,30.0,28.279,False,200,
1787722160.8632064,container,30.0,30.0,22.594,False,200,
1787722160.8965397,container,30.0,30.0,28.057,False,200,
1787722160.929873,container,30.0,30.0,31.586,False,200,
1787722160.9632065,container,30.0,30.0,26.29,False,200,
1787722160.9965398,container,30.0,30.0,31.928,False,200,
1787722161.0298731,container,30.0,30.0,23.401,False,200,
1787722161.0632064,container,30.0,30.0,40.223,False,200,
1787722161.0965397,container,30.0,30.0,29.043,False,200,
1787722161.129873,container,30.0,30.0,26.359,False,200,
1787722161.1632063,container,30.0,30.0,42.563,False,200,
1787722161.1965396,container,30.0,30.0,29.162,False,200,
1787722161.2298732,container,30.0,30.0,28.92,False,200,
1787722161.2632065,container,30.0,30.0,21.479,False,200,
1787722161.2965398,container,30.0,30.0,32.238,False,200,
1787722161.329873,container,30.0,30.0,31.76,False,200,
1787722161.3632064,container,30.0,30.0,30.553,False,200,
1787722161.3965397,container,30.0,30.0,39.862,False,200,
1787722161.429873,container,30.0,30.0,28.689,False,200,
1787722161.4632065,container,30.0,30.0,26.858,False,200,
1787722161.4965398,container,30.0,30.0,30.594,False,200,
1787722161.5298731,container,30.0,30.0,29.004,False,200,
1787722161.5632064,container,30.0,30.0,29.153,False,200,
1787722161.5965397,container,30.0,30.0,30.568,False,200,
1787722161.629873,container,30.0,30.0,36.61,False,200,
1787722161.6632063,container,30.0,30.0,29.126,False,200,
1787722161.6965396,container,30.0,30.0,25.575,False,200,
1787722161.7298732,container,30.0,30.0,28.141,False,200,
1787722161.7632065,container,30.0,30.0,36.323,False,200,
1787722161.7965398,container,30.0,30.0,33.538,False,200,
1787722161.829873,container,30.0,30.0,42.123,False,200,
1787722161.8632064,container,30.0,30.0,24.277,False,200,
1787722161.8965397,container,30.0,30.0,35.246,False,200,
1787722161.929873,container,30.0,30.0,27.626,False,200,
1787722161.9632065,container,30.0,30.0,25.74,False,200,
1787722161.9965398,container,30.0,30.0,29.539,False,200,
1787722162.0298731,container,30.0,30.0,29.185,False,200,
1787722162.0632064,container,30.0,30.0,26.152,False,200,
1787722162.0965397,container,30.0,30.0,31.37,False,200,
1787722162.129873,container,30.0,30.0,33.84,False,200,
1787722162.1632063,container,30.0,30.0,32.798,False,200,
1787722162.1965396,container,30.0,30.0,34.076,False,200,
1787722162.2298732,container,30.0,30.0,27.926,False,200,
1787722162.2632065,container,30.0,30.0,26.814,False,200,
1787722162.2965398,container,30.0,30.0,24.517,False,200,
1787722162.329873,container,30.0,30.0,24.854,False,200,
1787722162.3632064,container,30.0,30.0,31.499,False,200,
1787722162.3965397,container,30.0,30.0,32.95,False,200,
1787722162.429873,container,30.0,30.0,31.278,False,200,
1787722162.4632065,container,30.0,30.0,28.506,False,200,
1787722162.4965398,container,30.0,30.0,31.492,False,200,
1787722162.5298731,container,30.0,30.0,28.474,False,200,
1787722162.5632064,container,30.0,30.0,32.262,False,200,
1787722162.5965397,container,30.0,30.0,33.326,False,200,
1787722162.629873,container,30.0,30.0,35.463,False,200,
1787722162.6632063,container,30.0,30.0,25.139,False,200,
1787722162.6965396,container,30.0,30.0,33.974,False,200,
1787722162.7298732,container,30.0,30.0,30.764,False,200,
1787722162.7632065,container,30.0,30.0,31.426,False,200,
1787722162.7965398,container,30.0,30.0,32.464,False,200,
1787722162.829873,container,30.0,30.0,31.225,False,200,
1787722162.8632064,container,30.0,30.0,31.782,False,200,
1787722162.8965397,container,30.0,30.0,39.642,False,200,
1787722162.929873,container,30.0,30.0,30.45,False,200,
1787722162.9632065,container,30.0,30.0,27.245,False,200,
1787722162.9965398,container,30.0,30.0,24.024,False,200,
1787722163.0298731,container,30.0,30.0,26.716,False,200,
1787722163.0632064,container,30.0,30.0,25.94,False,200,
1787722163.0965397,container,30.0,30.0,29.581,False,200,
1787722163.129873,container,30.0,30.0,31.608,False,200,
1787722163.1632063,container,30.0,30.0,31.253,False,200,
1787722163.1965396,container,30.0,30.0,30.508,False,200,
1787722163.2298732,container,30.0,30.0,34.668,False,200,
1787722163.2632065,container,30.0,30.0,32.813,False,200,
1787722163.2965398,container,30.0,30.0,35.441,False,200,
1787722163.329873,container,30.0,30.0,24.179,False,200,
1787722163.3632064,container,30.0,30.0,27.138,False,200,
1787722163.3965397,container,30.0,30.0,29.845,False,200,
1787722163.429873,container,30.0,30.0,37.665,False,200,
1787722163.4632065,container,30.0,30.0,28.375,False,200,
1787722163.4965398,container,30.0,30.0,33.383,False,200,
1787722163.5298731,container,30.0,30.0,30.387,False,200,
1787722163.5632064,container,30.0,30.0,27.659,False,200,
1787722163.5965397,container,30.0,30.0,26.437,False,200,
1787722163.629873,container,30.0,30.0,23.357,False,200,
1787722163.6632063,container,30.0,30.0,20.617,False,200,
1787722163.6965396,container,30.0,30.0,29.585,False,200,
1787722163.7298732,container,30.0,30.0,28.275,False,200,
1787722163.7632065,container,30.0,30.0,36.778,False,200,
1787722163.7965398,container,30.0,30.0,25.881,False,200,
1787722163.829873,container,30.0,30.0,26.671,False,200,
1787722163.8632064,container,30.0,30.0,31.143,False,200,
1787722163.8965397,container,30.0,30.0,26.678,False,200,
1787722163.929873,container,30.0,30.0,24.559,False,200,
1787722163.9632065,container,30.0,30.0,35.678,False,200,
1787722163.9965398,container,30.0,30.0,30.86,False,200,
1787722164.0298731,container,30.0,30.0,24.443,False,200,
1787722164.0632064,container,30.0,30.0,34.244,False,200,
1787722164.0965397,container,30.0,30.0,25.043,False,200,
1787722164.129873,container,30.0,30.0,27.582,False,200,
1787722164.1632063,container,30.0,30.0,31.15,False,200,
1787722164.1965396,container,30.0,30.0,34.894,False,200,
1787722164.2298732,container,30.0,30.0,26.518,False,200,
1787722164.2632065,container,30.0,30.0,21.338,False,200,
1787722164.2965398,container,30.0,30.0,28.411,False,200,
1787722164.329873,container,30.0,30.0,31.595,False,200,
1787722164.3632064,container,30.0,30.0,25.616,False,200,
1787722164.3965397,container,30.0,30.0,34.477,False,200,
1787722164.429873,container,30.0,30.0,30.913,False,200,
1787722164.4632065,container,30.0,30.0,25.911,False,200,
1787722164.4965398,container,30.0,30.0,35.658,False,200,
1787722164.5298731,container,30.0,30.0,29.112,False,200,
1787722164.5632064,container,30.0,30.0,27.003,False,200,
1787722164.5965397,container,30.0,30.0,34.011,False,200,
1787722164.629873,container,30.0,30.0,32.864,False,200,
1787722164.6632063,container,30.0,30.0,28.038,False,200,
1787722164.6965396,container,30.0,30.0,29.675,False,200,
1787722164.7298732,container,30.0,30.0,29.623,False,200,
1787722164.7632065,container,30.0,30.0,28.059,False,200,
1787722164.7965398,container,30.0,30.0,29.442,False,200,
1787722164.829873,container,30.0,30.0,29.546,False,200,
1787722164.8632064,container,30.0,30.0,33.324,False,200,
1787722164.8965397,container,30.0,30.0,20.435,False,200,
1787722164.929873,container,30.0,30.0,28.302,False,200,
1787722164.9632065,container,30.0,30.0,32.678,False,200,
1787722164.9965398,container,30.0,30.0,21.273,False,200,
1787722165.0298731,container,30.0,30.0,37.061,False,200,
1787722165.0632064,container,30.0,30.0,31.993,False,200,
1787722165.0965397,container,30.0,30.0,33.213,False,200,
1787722165.129873,container,30.0,30.0,32.448,False,200,
1787722165.1632063,container,30.0,30.0,29.038,False,200,
1787722165.1965396,container,30.0,30.0,40.069,False,200,
1787722165.2298732,container,30.0,30.0,27.708,False,200,
1787722165.2632065,container,30.0,30.0,27.532,False,200,
1787722165.2965398,container,30.0,30.0,26.765,False,200,
1787722165.329873,container,30.0,30.0,25.996,False,200,
1787722165.3632064,container,30.0,30.0,29.342,False,200,
1787722165.3965397,container,30.0,30.0,31.811,False,200,
1787722165.429873,container,30.0,30.0,33.448,False,200,
1787722165.4632065,container,30.0,30.0,30.395,False,200,
1787722165.4965398,container,30.0,30.0,34.769,False,200,
1787722165.5298731,container,30.0,30.0,28.931,False,200,
1787722165.5632064,container,30.0,30.0,29.305,False,200,
1787722165.5965397,container,30.0,30.0,29.904,False,200,
1787722165.629873,container,30.0,30.0,27.834,False,200,
1787722165.6632063,container,30.0,30.0,38.703,False,200,
1787722165.6965396,container,30.0,30.0,32.584,False,200,
1787722165.7298732,container,30.0,30.0,31.685,False,200,
1787722165.7632065,container,30.0,30.0,27.545,False,200,
1787722165.7965398,container,30.0,30.0,27.954,False,200,
1787722165.829873,container,30.0,30.0,26.547,False,200,
1787722165.8632064,container,30.0,30.0,24.777,False,200,
1787722165.8965397,container,30.0,30.0,31.204,False,200,
1787722165.929873,container,30.0,30.0,28.331,False,200,
1787722165.9632065,container,30.0,30.0,32.655,False,200,
1787722165.9965398,container,30.0,30.0,24.906,False,200,
1787722166.0298731,container,30.0,30.0,27.898,False,200,
1787722166.0632064,container,30.0,30.0,30.584,False,200,
1787722166.0965397,container,30.0,30.0,30.663,False,200,
1787722166.129873,container,30.0,30.0,25.665,False,200,
1787722166.1632063,container,30.0,30.0,25.869,False,200,
1787722166.1965396,container,30.0,30.0,25.5,False,200,
1787722166.2298732,container,30.0,30.0,30.09,False,200,
1787722166.2632065,container,30.0,30.0,26.083,False,200,
1787722166.2965398,container,30.0,30.0,26.212,False,200,
1787722166.329873,container,30.0,30.0,36.14,False,200,
1787722166.3632064,container,30.0,30.0,28.282,False,200,
1787722166.3965397,container,30.0,30.0,25.494,False,200,
1787722166.429873,container,30.0,30.0,26.747,False,200,
1787722166.4632065,container,30.0,30.0,29.069,False,200,
1787722166.4965398,container,30.0,30.0,31.752,False,200,
1787722166.5298731,container,30.0,30.0,31.09,False,200,
1787722166.5632064,container,30.0,30.0,27.261,False,200,
1787722166.5965397,container,30.0,30.0,30.032,False,200,
1787722166.629873,container,30.0,30.0,31.739,False,200,
1787722166.6632063,container,30.0,30.0,26.265,False,200,
1787722166.6965396,container,30.0,30.0,25.516,False,200,
1787722166.7298732,container,30.0,30.0,24.004,False,200,
1787722166.7632065,container,30.0,30.0,30.744,False,200,
1787722166.7965398,container,30.0,30.0,34.247,False,200,
1787722166.829873,container,30.0,30.0,34.286,False,200,
1787722166.8632064,container,30.0,30.0,29.384,False,200,
1787722166.8965397,container,30.0,30.0,29.005,False,200,
1787722166.929873,container,30.0,30.0,27.139,False,200,
1787722166.9632065,container,30.0,30.0,28.404,False,200,
1787722166.9965398,container,30.0,30.0,28.452,False,200,
1787722167.0298731,container,30.0,30.0,28.491,False,200,
1787722167.0632064,container,30.0,30.0,28.958,False,200,
1787722167.0965397,container,30.0,30.0,25.669,False,200,
1787722167.129873,container,30.0,30.0,34.783,False,200,
1787722167.1632063,container,30.0,30.0,32.974,False,200,
1787722167.1965396,container,30.0,30.0,30.355,False,200,
1787722167.2298732,container,30.0,30.0,29.637,False,200,
1787722167.2632065,container,30.0,30.0,34.713,False,200,
1787722167.2965398,container,30.0,30.0,22.293,False,200,
1787722167.329873,container,30.0,30.0,27.973,False,200,
1787722167.3632064,container,30.0,30.0,31.415,False,200,
1787722167.3965397,container,30.0,30.0,26.543,False,200,
1787722167.429873,container,30.0,30.0,28.947,False,200,
1787722167.4632065,container,30.0,30.0,20.54,False,200,
1787722167.4965398,container,30.0,30.0,39.078,False,200,
1787722167.5298731,container,30.0,30.0,28.657,False,200,
1787722167.5632064,container,30.0,30.0,27.813,False,200,
1787722167.5965397,container,30.0,30.0,31.496,False,200,
1787722167.629873,container,30.0,30.0,29.878,False,200,
1787722167.6632063,container,30.0,30.0,24.921,False,200,
1787722167.6965396,container,30.0,30.0,31.362,False,200,
1787722167.7298732,container,30.0,30.0,29.043,False,200,
1787722167.7632065,container,30.0,30.0,39.923,False,200,
1787722167.7965398,container,30.0,30.0,32.706,False,200,
1787722167.829873,container,30.0,30.0,28.735,False,200,
1787722167.8632064,container,30.0,30.0,33.027,False,200,
1787722167.8965397,container,30.0,30.0,32.418,False,200,
1787722167.929873,container,30.0,30.0,28.344,False,200,
1787722167.9632065,container,30.0,30.0,30.105,False,200,
1787722167.9965398,container,30.0,30.0,34.316,False,200,
1787722168.0298731,container,30.0,30.0,25.262,False,200,
1787722168.0632064,container,30.0,30.0,36.674,False,200,
1787722168.0965397,container,30.0,30.0,22.449,False,200,
1787722168.129873,container,30.0,30.0,20.972,False,200,
1787722168.1632063,container,30.0,30.0,27.451,False,200,
1787722168.1965396,container,30.0,30.0,28.76,False,200,
1787722168.2298732,container,30.0,30.0,23.404,False,200,
1787722168.2632065,container,30.0,30.0,30.554,False,200,
1787722168.2965398,container,30.0,30.0,30.151,False,200,
1787722168.329873,container,30.0,30.0,30.721,False,200,
1787722168.3632064,container,30.0,30.0,35.244,False,200,
1787722168.3965397,container,30.0,30.0,24.558,False,200,
1787722168.429873,container,30.0,30.0,21.596,False,200,
1787722168.4632065,container,30.0,30.0,22.292,False,200,
1787722168.4965398,container,30.0,30.0,29.182,False,200,
1787722168.5298731,container,30.0,30.0,35.664,False,200,
1787722168.5632064,container,30.0,30.0,34.358,False,200,
1787722168.5965397,container,30.0,30.0,34.01,False,200,
1787722168.629873,container,30.0,30.0,29.668,False,200,
1787722168.6632063,container,30.0,30.0,30.631,False,200,
1787722168.6965396,container,30.0,30.0,31.916,False,200,
1787722168.7298732,container,30.0,30.0,19.253,False,200,
1787722168.7632065,container,30.0,30.0,35.04,False,200,
1787722168.7965398,container,30.0,30.0,32.69,False,200,
1787722168.829873,container,30.0,30.0,28.32,False,200,
1787722168.8632064,container,30.0,30.0,34.931,False,200,
1787722168.8965397,container,30.0,30.0,34.947,False,200,
1787722168.929873,container,30.0,30.0,30.973,False,200,
1787722168.9632065,container,30.0,30.0,30.655,False,200,
1787722168.9965398,container,30.0,30.0,28.179,False,200,
1787722169.0298731,container,30.0,30.0,30.721,False,200,
1787722169.0632064,container,30.0,30.0,34.03,False,200,
1787722169.0965397,container,30.0,30.0,27.101,False,200,
1787722169.129873,container,30.0,30.0,25.85,False,200,
1787722169.1632063,container,30.0,30.0,35.291,False,200,
1787722169.1965396,container,30.0,30.0,21.646,False,200,
1787722169.2298732,container,30.0,30.0,34.773,False,200,
1787722169.2632065,container,30.0,30.0,22.985,False,200,
1787722169.2965398,container,30.0,30.0,32.501,False,200,
1787722169.329873,container,30.0,30.0,31.961,False,200,
1787722169.3632064,container,30.0,30.0,32.233,False,200,
1787722169.3965397,container,30.0,30.0,31.598,False,200,
1787722169.429873,container,30.0,30.0,31.512,False,200,
1787722169.4632065,container,30.0,30.0,41.048,False,200,
1787722169.4965398,container,30.0,30.0,26.764,False,200,
1787722169.5298731,container,30.0,30.0,31.157,False,200,
1787722169.5632064,container,30.0,30.0,30.146,False,200,
1787722169.5965397,container,30.0,30.0,30.292,False,200,
1787722169.629873,container,30.0,30.0,29.395,False,200,
1787722169.6632063,container,30.0,30.0,27.614,False,200,
1787722169.6965396,container,30.0,30.0,31.738,False,200,
1787722169.7298732,container,30.0,30.0,30.706,False,200,
1787722169.7632065,container,30.0,30.0,35.801,False,200,
1787722169.7965398,container,30.0,30.0,30.877,False,200,
1787722169.829873,container,30.0,30.0,27.125,False,200,
1787722169.8632064,container,30.0,30.0,30.066,False,200,
1787722169.8965397,container,30.0,30.0,33.076,False,200,
1787722169.929873,container,30.0,30.0,30.219,False,200,
1787722169.9632065,container,30.0,30.0,25.882,False,200,
1787722169.9965398,container,30.0,30.0,35.494,False,200,
1787722170.0298731,container,30.0,30.0,32.367,False,200,
1787722170.0632064,container,30.0,30.0,35.904,False,200,
1787722170.0965397,container,30.0,30.0,38.344,False,200,
1787722170.129873,container,30.0,30.0,27.016,False,200,
1787722170.1632063,container,30.0,30.0,32.468,False,200,
1787722170.1965396,container,30.0,30.0,27.717,False,200,
1787722170.2298732,container,30.0,30.0,31.806,False,200,
1787722170.2632065,container,30.0,30.0,30.178,False,200,
1787722170.2965398,container,30.0,30.0,31.407,False,200,
1787722170.329873,container,30.0,30.0,28.53,False,200,
1787722170.3632064,container,30.0,30.0,29.802,False,200,
1787722170.3965397,container,30.0,30.0,30.103,False,200,
1787722170.429873,container,30.0,30.0,31.941,False,200,
1787722170.4632065,container,30.0,30.0,34.313,False,200,
1787722170.4965398,container,30.0,30.0,30.16,False,200,
1787722170.5298731,container,30.0,30.0,27.342,False,200,
1787722170.5632064,container,30.0,30.0,29.916,False,200,
1787722170.5965397,container,30.0,30.0,32.052,False,200,
1787722170.629873,container,30.0,30.0,28.333,False,200,
1787722170.6632063,container,30.0,30.0,26.023,False,200,
1787722170.6965396,container,30.0,30.0,36.747,False,200,
1787722170.7298732,container,30.0,30.0,27.348,False,200,
1787722170.7632065,container,30.0,30.0,26.072,False,200,
1787722170.7965398,container,30.0,30.0,31.387,False,200,
1787722170.829873,container,30.0,30.0,22.663,False,200,
1787722170.8632064,container,30.0,30.0,34.447,False,200,
1787722170.8965397,container,30.0,30.0,26.62,False,200,
1787722170.929873,container,30.0,30.0,28.665,False,200,
1787722170.9632065,container,30.0,30.0,29.068,False,200,
1787722170.9965398,container,30.0,30.0,21.305,False,200,
1787722171.0298731,container,30.0,30.0,28.61,False,200,
1787722171.0632064,container,30.0,30.0,33.17,False,200,
1787722171.0965397,container,30.0,30.0,28.801,False,200,
1787722171.129873,container,30.0,30.0,33.098,False,200,
1787722171.1632063,container,30.0,30.0,45.223,False,200,
1787722171.1965396,container,30.0,30.0,33.573,False,200,
1787722171.2298732,container,30.0,30.0,23.361,False,200,
1787722171.2632065,container,30.0,30.0,25.59,False,200,
1787722171.2965398,container,30.0,30.0,33.719,False,200,
1787722171.329873,container,30.0,30.0,30.072,False,200,
1787722171.3632064,container,30.0,30.0,27.903,False,200,
1787722171.3965397,container,30.0,30.0,28.743,False,200,
1787722171.429873,container,30.0,30.0,25.243,False,200,
1787722171.4632065,container,30.0,30.0,27.816,False,200,
1787722171.4965398,container,30.0,30.0,24.69,False,200,
1787722171.5298731,container,30.0,30.0,22.766,False,200,
1787722171.5632064,container,30.0,30.0,25.993,False,200,
1787722171.5965397,container,30.0,30.0,30.742,False,200,
1787722171.629873,container,30.0,30.0,39.581,False,200,
1787722171.6632063,container,30.0,30.0,26.031,False,200,
1787722171.6965396,container,30.0,30.0,33.364,False,200,
1787722171.7298732,container,30.0,30.0,33.352,False,200,
1787722171.7632065,container,30.0,30.0,25.294,False,200,
1787722171.7965398,container,30.0,30.0,19.348,False,200,
1787722171.829873,container,30.0,30.0,25.985,False,200,
1787722171.8632064,container,30.0,30.0,38.677,False,200,
1787722171.8965397,container,30.0,30.0,32.987,False,200,
1787722171.929873,container,30.0,30.0,29.119,False,200,
1787722171.9632065,container,30.0,30.0,34.631,False,200,
1787722171.9965398,container,30.0,30.0,31.31,False,200,
1787722172.0298731,container,30.0,30.0,23.582,False,200,
1787722172.0632064,container,30.0,30.0,27.247,False,200,
1787722172.0965397,container,30.0,30.0,28.343,False,200,
1787722172.129873,container,30.0,30.0,21.361,False,200,
1787722172.1632063,container,30.0,30.0,33.738,False,200,
1787722172.1965396,container,30.0,30.0,31.023,False,200,
1787722172.2298732,container,30.0,30.0,29.653,False,200,
1787722172.2632065,container,30.0,30.0,28.018,False,200,
1787722172.2965398,container,30.0,30.0,29.964,False,200,
1787722172.329873,container,30.0,30.0,29.546,False,200,
1787722172.3632064,container,30.0,30.0,32.33,False,200,
1787722172.3965397,container,30.0,30.0,40.246,False,200,
1787722172.429873,container,30.0,30.0,34.805,False,200,
1787722172.4632065,container,30.0,30.0,26.436,False,200,
1787722172.4965398,container,30.0,30.0,27.884,False,200,
1787722172.5298731,container,30.0,30.0,21.443,False,200,
1787722172.5632064,container,30.0,30.0,22.193,False,200,
1787722172.5965397,container,30.0,30.0,34.593,False,200,
1787722172.629873,container,30.0,30.0,33.66,False,200,
1787722172.6632063,container,30.0,30.0,31.74,False,200,
1787722172.6965396,container,30.0,30.0,33.26,False,200,
1787722172.7298732,container,30.0,30.0,29.27,False,200,
1787722172.7632065,container,30.0,30.0,34.208,False,200,
1787722172.7965398,container,30.0,30.0,31.132,False,200,
1787722172.829873,container,30.0,30.0,30.974,False,200,
1787722172.8632064,container,30.0,30.0,31.56,False,200,
1787722172.8965397,container,30.0,30.0,27.282,False,200,
1787722172.929873,container,30.0,30.0,27.429,False,200,
1787722172.9632065,container,30.0,30.0,34.842,False,200,
1787722172.9965398,container,30.0,30.0,32.584,False,200,
1787722173.0298731,container,30.0,30.0,27.483,False,200,
1787722173.0632064,container,30.0,30.0,28.691,False,200,
1787722173.0965397,container,30.0,30.0,27.33,False,200,
1787722173.129873,container,30.0,30.0,30.562,False,200,
1787722173.1632063,container,30.0,30.0,26.9,False,200,
1787722173.1965396,container,30.0,30.0,30.368,False,200,
1787722173.2298732,container,30.0,30.0,36.369,False,200,
1787722173.2632065,container,30.0,30.0,29.919,False,200,
1787722173.2965398,container,30.0,30.0,33.157,False,200,
1787722173.329873,container,30.0,30.0,33.302,False,200,
1787722173.3632064,container,30.0,30.0,28.852,False,200,
1787722173.3965397,container,30.0,30.0,33.13,False,200,
1787722173.429873,container,30.0,30.0,26.94,False,200,
1787722173.4632065,container,30.0,30.0,34.593,False,200,
1787722173.4965398,container,30.0,30.0,34.762,False,200,
1787722173.5298731,container,30.0,30.0,34.535,False,200,
1787722173.5632064,container,30.0,30.0,30.73,False,200,
1787722173.5965397,container,30.0,30.0,23.854,False,200,
1787722173.629873,container,30.0,30.0,37.051,False,200,
1787722173.6632063,container,30.0,30.0,31.632,False,200,
1787722173.6965396,container,30.0,30.0,37.579,False,200,
1787722173.7298732,container,30.0,30.0,26.323,False,200,
1787722173.7632065,container,30.0,30.0,29.68,False,200,
1787722173.7965398,container,30.0,30.0,28.489,False,200,
1787722173.829873,container,30.0,30.0,31.174,False,200,
1787722173.8632064,container,30.0,30.0,35.251,False,200,
1787722173.8965397,container,30.0,30.0,26.887,False,200,
1787722173.929873,container,30.0,30.0,38.278,False,200,
1787722173.9632065,container,30.0,30.0,25.14,False,200,
1787722173.9965398,container,30.0,30.0,31.412,False,200,
1787722174.0298731,container,30.0,30.0,32.254,False,200,
1787722174.0632064,container,30.0,30.0,27.891,False,200,
1787722174.0965397,container,30.0,30.0,25.84,False,200,
1787722174.129873,container,30.0,30.0,39.127,False,200,
1787722174.1632063,container,30.0,30.0,28.853,False,200,
1787722174.1965396,container,30.0,30.0,25.624,False,200,
1787722174.2298732,container,30.0,30.0,30.435,False,200,
1787722174.2632065,container,30.0,30.0,26.111,False,200,
1787722174.2965398,container,30.0,30.0,30.794,False,200,
1787722174.329873,container,30.0,30.0,36.741,False,200,
1787722174.3632064,container,30.0,30.0,31.854,False,200,
1787722174.3965397,container,30.0,30.0,26.273,False,200,
1787722174.429873,container,30.0,30.0,31.227,False,200,
1787722174.4632065,container,30.0,30.0,24.664,False,200,
1787722174.4965398,container,30.0,30.0,34.445,False,200,
1787722174.5298731,container,30.0,30.0,33.63,False,200,
1787722174.5632064,container,30.0,30.0,25.57,False,200,
1787722174.5965397,container,30.0,30.0,33.007,False,200,
1787722174.629873,container,30.0,30.0,25.376,False,200,
1787722174.6632063,container,30.0,30.0,27.26,False,200,
1787722174.6965396,container,30.0,30.0,34.429,False,200,
1787722174.7298732,container,30.0,30.0,27.53,False,200,
1787722174.7632065,container,30.0,30.0,27.224,False,200,
1787722174.7965398,container,30.0,30.0,36.669,False,200,
1787722174.829873,container,30.0,30.0,32.543,False,200,
1787722174.8632064,container,30.0,30.0,34.252,False,200,
1787722174.8965397,container,30.0,30.0,27.749,False,200,
1787722174.929873,container,30.0,30.0,30.179,False,200,
1787722174.9632065,container,30.0,30.0,36.022,False,200,
1787722174.9965398,container,30.0,30.0,34.166,False,200,
1787722175.0298731,container,30.0,30.0,27.635,False,200,
1787722175.0632064,container,30.0,30.0,24.534,False,200,
1787722175.0965397,container,30.0,30.0,34.538,False,200,
1787722175.129873,container,30.0,30.0,42.907,False,200,
1787722175.1632063,container,30.0,30.0,26.963,False,200,
1787722175.1965396,container,30.0,30.0,32.744,False,200,
1787722175.2298732,container,30.0,30.0,28.464,False,200,
1787722175.2632065,container,30.0,30.0,26.831,False,200,
1787722175.2965398,container,30.0,30.0,30.218,False,200,
1787722175.329873,container,30.0,30.0,26.581,False,200,
1787722175.3632064,container,30.0,30.0,27.873,False,200,
1787722175.3965397,container,30.0,30.0,31.248,False,200,
1787722175.429873,container,30.0,30.0,29.576,False,200,
1787722175.4632065,container,30.0,30.0,25.527,False,200,
1787722175.4965398,container,30.0,30.0,27.22,False,200,
1787722175.5298731,container,30.0,30.0,33.8,False,200,
1787722175.5632064,container,30.0,30.0,27.598,False,200,
1787722175.5965397,container,30.0,30.0,25.103,False,200,
1787722175.629873,container,30.0,30.0,35.772,False,200,
1787722175.6632063,container,30.0,30.0,24.452,False,200,
1787722175.6965396,container,30.0,30.0,27.147,False,200,
1787722175.7298732,container,30.0,30.0,26.885,False,200,
1787722175.7632065,container,30.0,30.0,19.457,False,200,
1787722175.7965398,container,30.0,30.0,31.095,False,200,
1787722175.829873,container,30.0,30.0,30.464,False,200,
1787722175.8632064,container,30.0,30.0,32.132,False,200,
1787722175.8965397,container,30.0,30.0,24.931,False,200,
1787722175.929873,container,30.0,30.0,22.378,False,200,
1787722175.9632065,container,30.0,30.0,29.763,False,200,
1787722175.9965398,container,30.0,30.0,26.091,False,200,
1787722176.0298731,container,30.0,30.0,31.941,False,200,
1787722176.0632064,container,30.0,30.0,33.012,False,200,
1787722176.0965397,container,30.0,30.0,38.095,False,200,
1787722176.129873,container,30.0,30.0,27.393,False,200,
1787722176.1632063,container,30.0,30.0,24.46,False,200,
1787722176.1965396,container,30.0,30.0,31.76,False,200,
1787722176.2298732,container,30.0,30.0,27.69,False,200,
1787722176.2632065,container,30.0,30.0,24.282,False,200,
1787722176.2965398,container,30.0,30.0,32.937,False,200,
1787722176.329873,container,30.0,30.0,30.496,False,200,
1787722176.3632064,container,30.0,30.0,32.177,False,200,
1787722176.3965397,container,30.0,30.0,35.958,False,200,
1787722176.429873,container,30.0,30.0,32.542,False,200,
1787722176.4632065,container,30.0,30.0,39.351,False,200,
1787722176.4965398,container,30.0,30.0,24.586,False,200,
1787722176.5298731,container,30.0,30.0,36.743,False,200,
1787722176.5632064,container,30.0,30.0,28.397,False,200,
1787722176.5965397,container,30.0,30.0,34.544,False,200,
1787722176.629873,container,30.0,30.0,27.23,False,200,
1787722176.6632063,container,30.0,30.0,27.351,False,200,
1787722176.6965396,container,30.0,30.0,22.795,False,200,
1787722176.7298732,container,30.0,30.0,26.394,False,200,
1787722176.7632065,container,30.0,30.0,30.578,False,200,
1787722176.7965398,container,30.0,30.0,31.081,False,200,
1787722176.829873,container,30.0,30.0,31.284,False,200,
1787722176.8632064,container,30.0,30.0,35.089,False,200,
1787722176.8965397,container,30.0,30.0,23.662,False,200,
1787722176.929873,container,30.0,30.0,34.168,False,200,
1787722176.9632065,container,30.0,30.0,28.662,False,200,
1787722176.9965398,container,30.0,30.0,24.187,False,200,
1787722177.0298731,container,30.0,30.0,34.192,False,200,
1787722177.0632064,container,30.0,30.0,31.285,False,200,
1787722177.0965397,container,30.0,30.0,39.021,False,200,
1787722177.129873,container,30.0,30.0,29.886,False,200,
1787722177.1632063,container,30.0,30.0,28.624,False,200,
1787722177.1965396,container,30.0,30.0,33.666,False,200,
1787722177.2298732,container,30.0,30.0,27.059,False,200,
1787722177.2632065,container,30.0,30.0,34.03,False,200,
1787722177.2965398,container,30.0,30.0,30.677,False,200,
1787722177.329873,container,30.0,30.0,27.249,False,200,
1787722177.3632064,container,30.0,30.0,23.19,False,200,
1787722177.3965397,container,30.0,30.0,32.503,False,200,
1787722177.429873,container,30.0,30.0,30.711,False,200,
1787722177.4632065,container,30.0,30.0,30.736,False,200,
1787722177.4965398,container,30.0,30.0,34.853,False,200,
1787722177.5298731,container,30.0,30.0,27.364,False,200,
1787722177.5632064,container,30.0,30.0,29.57,False,200,
1787722177.5965397,container,30.0,30.0,31.59,False,200,
1787722177.629873,container,30.0,30.0,21.277,False,200,
1787722177.6632063,container,30.0,30.0,30.068,False,200,
1787722177.6965396,container,30.0,30.0,30.369,False,200,
1787722177.7298732,container,30.0,30.0,34.175,False,200,
1787722177.7632065,container,30.0,30.0,34.081,False,200,
1787722177.7965398,container,30.0,30.0,27.116,False,200,
1787722177.829873,container,30.0,30.0,37.461,False,200,
1787722177.8632064,container,30.0,30.0,27.711,False,200,
1787722177.8965397,container,30.0,30.0,26.232,False,200,
1787722177.929873,container,30.0,30.0,26.871,False,200,
1787722177.9632065,container,30.0,30.0,33.32,False,200,
1787722177.9965398,container,30.0,30.0,33.18,False,200,
1787722178.0298731,container,30.0,30.0,24.496,False,200,
1787722178.0632064,container,30.0,30.0,37.783,False,200,
1787722178.0965397,container,30.0,30.0,31.78,False,200,
1787722178.129873,container,30.0,30.0,33.46,False,200,
1787722178.1632063,container,30.0,30.0,33.193,False,200,
1787722178.1965396,container,30.0,30.0,32.367,False,200,
1787722178.2298732,container,30.0,30.0,27.254,False,200,
1787722178.2632065,container,30.0,30.0,35.906,False,200,
1787722178.2965398,container,30.0,30.0,18.676,False,200,
1787722178.329873,container,30.0,30.0,30.38,False,200,
1787722178.3632064,container,30.0,30.0,30.412,False,200,
1787722178.3965397,container,30.0,30.0,26.596,False,200,
1787722178.429873,container,30.0,30.0,27.97,False,200,
1787722178.4632065,container,30.0,30.0,32.071,False,200,
1787722178.4965398,container,30.0,30.0,34.53,False,200,
1787722178.5298731,container,30.0,30.0,32.323,False,200,
1787722178.5632064,container,30.0,30.0,36.335,False,200,
1787722178.5965397,container,30.0,30.0,31.554,False,200,
1787722178.629873,container,30.0,30.0,29.798,False,200,
1787722178.6632063,container,30.0,30.0,24.885,False,200,
1787722178.6965396,container,30.0,30.0,27.628,False,200,
1787722178.7298732,container,30.0,30.0,31.834,False,200,
1787722178.7632065,container,30.0,30.0,29.521,False,200,
1787722178.7965398,container,30.0,30.0,28.012,False,200,
1787722178.829873,container,30.0,30.0,22.903,False,200,
1787722178.8632064,container,30.0,30.0,24.428,False,200,
1787722178.8965397,container,30.0,30.0,27.717,False,200,
1787722178.929873,container,30.0,30.0,29.574,False,200,
1787722178.9632065,container,30.0,30.0,30.455,False,200,
1787722178.9965398,container,30.0,30.0,30.074,False,200,
1787722179.0298731,container,30.0,30.0,31.555,False,200,
1787722179.0632064,container,30.0,30.0,30.796,False,200,
1787722179.0965397,container,30.0,30.0,32.382,False,200,
1787722179.129873,container,30.0,30.0,30.093,False,200,
1787722179.1632063,container,30.0,30.0,25.857,False,200,
1787722179.1965396,container,30.0,30.0,26.646,False,200,
1787722179.2298732,container,30.0,30.0,30.616,False,200,
1787722179.2632065,container,30.0,30.0,36.943,False,200,
1787722179.2965398,container,30.0,30.0,29.191,False,200,
1787722179.329873,container,30.0,30.0,27.77,False,200,
1787722179.3632064,container,30.0,30.0,37.181,False,200,
1787722179.3965397,container,30.0,30.0,28.194,False,200,
1787722179.429873,container,30.0,30.0,31.291,False,200,
1787722179.4632065,container,30.0,30.0,34.924,False,200,
1787722179.4965398,container,30.0,30.0,32.254,False,200,
1787722179.5298731,container,30.0,30.0,30.234,False,200,
1787722179.5632064,container,30.0,30.0,30.333,False,200,
1787722179.5965397,container,30.0,30.0,25.156,False,200,
1787722179.629873,container,30.0,30.0,30.559,False,200,
1787722179.6632063,container,30.0,30.0,34.682,False,200,
1787722179.6965396,container,30.0,30.0,27.351,False,200,
1787722179.7298732,container,30.0,30.0,32.746,False,200,
1787722179.7632065,container,30.0,30.0,32.933,False,200,
1787722179.7965398,container,30.0,30.0,29.094,False,200,
1787722179.829873,container,30.0,30.0,31.843,False,200,
1787722179.8632064,container,30.0,30.0,32.524,False,200,
1787722179.8965397,container,30.0,30.0,37.198,False,200,
1787722179.929873,container,30.0,30.0,29.977,False,200,
1787722179.9632065,container,30.0,30.0,25.851,False,200,
1787722179.9965398,container,30.0,30.0,29.625,False,200,
1787722180.0298731,container,30.0,30.0,28.999,False,200,
1787722180.0632064,container,30.0,30.0,24.043,False,200,
1787722180.0965397,container,30.0,30.0,27.758,False,200,
1787722180.129873,container,30.0,30.0,30.335,False,200,
1787722180.1632063,container,30.0,30.0,28.935,False,200,
1787722180.1965396,container,30.0,30.0,30.423,False,200,
1787722180.2298732,container,30.0,30.0,38.233,False,200,
1787722180.2632065,container,30.0,30.0,33.378,False,200,
1787722180.2965398,container,30.0,30.0,24.3,False,200,
1787722180.329873,container,30.0,30.0,29.821,False,200,
1787722180.3632064,container,30.0,30.0,28.484,False,200,
1787722180.3965397,container,30.0,30.0,30.776,False,200,
1787722180.429873,container,30.0,30.0,33.611,False,200,
1787722180.4632065,container,30.0,30.0,32.233,False,200,
1787722180.4965398,container,30.0,30.0,31.863,False,200,
1787722180.5298731,container,30.0,30.0,29.437,False,200,
1787722180.5632064,container,30.0,30.0,27.261,False,200,
1787722180.5965397,container,30.0,30.0,31.159,False,200,
1787722180.629873,container,30.0,30.0,28.814,False,200,
1787722180.6632063,container,30.0,30.0,22.939,False,200,
1787722180.6965396,container,30.0,30.0,39.725,False,200,
1787722180.7298732,container,30.0,30.0,27.914,False,200,
1787722180.7632065,container,30.0,30.0,34.337,False,200,
1787722180.7965398,container,30.0,30.0,29.242,False,200,
1787722180.829873,container,30.0,30.0,35.121,False,200,
1787722180.8632064,container,30.0,30.0,36.395,False,200,
1787722180.8965397,container,30.0,30.0,34.227,False,200,
1787722180.929873,container,30.0,30.0,42.642,False,200,
1787722180.9632065,container,30.0,30.0,30.183,False,200,
1787722180.9965398,container,30.0,30.0,22.405,False,200,
1787722181.0298731,container,30.0,30.0,32.054,False,200,
1787722181.0632064,container,30.0,30.0,29.442,False,200,
1787722181.0965397,container,30.0,30.0,24.293,False,200,
1787722181.129873,container,30.0,30.0,27.925,False,200,
1787722181.1632063,container,30.0,30.0,32.484,False,200,
1787722181.1965396,container,30.0,30.0,29.355,False,200,
1787722181.2298732,container,30.0,30.0,28.945,False,200,
1787722181.2632065,container,30.0,30.0,32.503,False,200,
1787722181.2965398,container,30.0,30.0,37.115,False,200,
1787722181.329873,container,30.0,30.0,24.398,False,200,
1787722181.3632064,container,30.0,30.0,30.539,False,200,
1787722181.3965397,container,30.0,30.0,32.783,False,200,
1787722181.429873,container,30.0,30.0,26.658,False,200,
1787722181.4632065,container,30.0,30.0,23.308,False,200,
1787722181.4965398,container,30.0,30.0,29.517,False,200,
1787722181.5298731,container,30.0,30.0,34.708,False,200,
1787722181.5632064,container,30.0,30.0,31.362,False,200,
1787722181.5965397,container,30.0,30.0,32.462,False,200,
1787722181.629873,container,30.0,30.0,32.803,False,200,
1787722181.6632063,container,30.0,30.0,32.312,False,200,
1787722181.6965396,container,30.0,30.0,25.992,False,200,
1787722181.7298732,container,30.0,30.0,30.492,False,200,
1787722181.7632065,container,30.0,30.0,28.59,False,200,
1787722181.7965398,container,30.0,30.0,28.787,False,200,
1787722181.829873,container,30.0,30.0,25.652,False,200,
1787722181.8632064,container,30.0,30.0,34.873,False,200,
1787722181.8965397,container,30.0,30.0,29.876,False,200,
1787722181.929873,container,30.0,30.0,26.487,False,200,
1787722181.9632065,container,30.0,30.0,28.937,False,200,
1787722181.9965398,container,30.0,30.0,28.431,False,200,
1787722182.0298731,container,30.0,30.0,26.017,False,200,
1787722182.0632064,container,30.0,30.0,39.674,False,200,
1787722182.0965397,container,30.0,30.0,29.598,False,200,
1787722182.129873,container,30.0,30.0,35.25,False,200,
1787722182.1632063,container,30.0,30.0,26.32,False,200,
1787722182.1965396,container,30.0,30.0,30.884,False,200,
1787722182.2298732,container,30.0,30.0,34.386,False,200,
1787722182.2632065,container,30.0,30.0,35.847,False,200,
1787722182.2965398,container,30.0,30.0,34.861,False,200,
1787722182.329873,container,30.0,30.0,28.636,False,200,
1787722182.3632064,container,30.0,30.0,24.975,False,200,
1787722182.3965397,container,30.0,30.0,30.491,False,200,
1787722182.429873,container,30.0,30.0,32.705,False,200,
1787722182.4632065,container,30.0,30.0,28.584,False,200,
1787722182.4965398,container,30.0,30.0,31.972,False,200,
1787722182.5298731,container,30.0,30.0,24.35,False,200,
1787722182.5632064,container,30.0,30.0,33.701,False,200,
1787722182.5965397,container,30.0,30.0,24.995,False,200,
1787722182.629873,container,30.0,30.0,26.303,False,200,
1787722182.6632063,container,30.0,30.0,34.555,False,200,
1787722182.6965396,container,30.0,30.0,34.737,False,200,
1787722182.7298732,container,30.0,30.0,31.334,False,200,
1787722182.7632065,container,30.0,30.0,27.57,False,200,
1787722182.7965398,container,30.0,30.0,35.275,False,200,
1787722182.829873,container,30.0,30.0,30.493,False,200,
1787722182.8632064,container,30.0,30.0,34.67,False,200,
1787722182.8965397,container,30.0,30.0,29.262,False,200,
1787722182.929873,container,30.0,30.0,33.687,False,200,
1787722182.9632065,container,30.0,30.0,28.966,False,200,
1787722182.9965398,container,30.0,30.0,27.914,False,200,
1787722183.0298731,container,30.0,30.0,21.195,False,200,
1787722183.0632064,container,30.0,30.0,26.671,False,200,
1787722183.0965397,container,30.0,30.0,30.878,False,200,
1787722183.129873,container,30.0,30.0,31.984,False,200,
1787722183.1632063,container,30.0,30.0,27.279,False,200,
1787722183.1965396,container,30.0,30.0,26.15,False,200,
1787722183.2298732,container,30.0,30.0,23.886,False,200,
1787722183.2632065,container,30.0,30.0,28.86,False,200,
1787722183.2965398,container,30.0,30.0,27.956,False,200,
1787722183.329873,container,30.0,30.0,26.467,False,200,
1787722183.3632064,container,30.0,30.0,30.785,False,200,
1787722183.3965397,container,30.0,30.0,33.522,False,200,
1787722183.429873,container,30.0,30.0,23.79,False,200,
1787722183.4632065,container,30.0,30.0,23.599,False,200,
1787722183.4965398,container,30.0,30.0,27.369,False,200,
1787722183.5298731,container,30.0,30.0,25.829,False,200,
1787722183.5632064,container,30.0,30.0,31.223,False,200,
1787722183.5965397,container,30.0,30.0,33.441,False,200,
1787722183.629873,container,30.0,30.0,26.875,False,200,
1787722183.6632063,container,30.0,30.0,22.748,False,200,
1787722183.6965396,container,30.0,30.0,34.249,False,200,
1787722183.7298732,container,30.0,30.0,28.226,False,200,
1787722183.7632065,container,30.0,30.0,31.588,False,200,
1787722183.7965398,container,30.0,30.0,27.551,False,200,
1787722183.829873,container,30.0,30.0,34.455,False,200,
1787722183.8632064,container,30.0,30.0,28.027,False,200,
1787722183.8965397,container,30.0,30.0,26.504,False,200,
1787722183.929873,container,30.0,30.0,33.478,False,200,
1787722183.9632065,container,30.0,30.0,29.136,False,200,
1787722183.9965398,container,30.0,30.0,36.421,False,200,
1787722184.0298731,container,30.0,30.0,31.911,False,200,
1787722184.0632064,container,30.0,30.0,27.061,False,200,
1787722184.0965397,container,30.0,30.0,27.154,False,200,
1787722184.129873,container,30.0,30.0,45.49,False,200,
1787722184.1632063,container,30.0,30.0,31.583,False,200,
1787722184.1965396,container,30.0,30.0,41.003,False,200,
1787722184.2298732,container,30.0,30.0,27.376,False,200,
1787722184.2632065,container,30.0,30.0,30.679,False,200,
1787722184.2965398,container,30.0,30.0,39.444,False,200,
1787722184.329873,container,30.0,30.0,26.718,False,200,
1787722184.3632064,container,30.0,30.0,32.725,False,200,
1787722184.3965397,container,30.0,30.0,20.346,False,200,
1787722184.429873,container,30.0,30.0,25.486,False,200,
1787722184.4632065,container,30.0,30.0,30.973,False,200,
1787722184.4965398,container,30.0,30.0,32.557,False,200,
1787722184.5298731,container,30.0,30.0,35.628,False,200,
1787722184.5632064,container,30.0,30.0,27.348,False,200,
1787722184.5965397,container,30.0,30.0,28.53,False,200,
1787722184.629873,container,30.0,30.0,38.094,False,200,
1787722184.6632063,container,30.0,30.0,30.486,False,200,
1787722184.6965396,container,30.0,30.0,32.457,False,200,
1787722184.7298732,container,30.0,30.0,25.594,False,200,
1787722184.7632065,container,30.0,30.0,24.223,False,200,
1787722184.7965398,container,30.0,30.0,33.301,False,200,
1787722184.829873,container,30.0,30.0,30.891,False,200,
1787722184.8632064,container,30.0,30.0,41.267,False,200,
1787722184.8965397,container,30.0,30.0,34.951,False,200,
1787722184.929873,container,30.0,30.0,25.38,False,200,
1787722184.9632065,container,30.0,30.0,31.389,False,200,
1787722184.9965398,container,30.0,30.0,28.505,False,200,
1787722185.0298731,container,30.0,30.0,33.273,False,200,
1787722185.0632064,container,30.0,30.0,25.904,False,200,
1787722185.0965397,container,30.0,30.0,30.727,False,200,
1787722185.129873,container,30.0,30.0,36.888,False,200,
1787722185.1632063,container,30.0,30.0,34.441,False,200,
1787722185.1965396,container,30.0,30.0,25.992,False,200,
1787722185.2298732,container,30.0,30.0,28.376,False,200,
1787722185.2632065,container,30.0,30.0,33.764,False,200,
1787722185.2965398,container,30.0,30.0,33.573,False,200,
1787722185.329873,container,30.0,30.0,29.033,False,200,
1787722185.3632064,container,30.0,30.0,24.561,False,200,
1787722185.3965397,container,30.0,30.0,35.603,False,200,
1787722185.429873,container,30.0,30.0,31.487,False,200,
1787722185.4632065,container,30.0,30.0,20.471,False,200,
1787722185.4965398,container,30.0,30.0,33.932,False,200,
1787722185.5298731,container,30.0,30.0,32.654,False,200,
1787722185.5632064,container,30.0,30.0,42.191,False,200,
1787722185.5965397,container,30.0,30.0,27.763,False,200,
1787722185.629873,container,30.0,30.0,33.657,False,200,
1787722185.6632063,container,30.0,30.0,35.376,False,200,
1787722185.6965396,container,30.0,30.0,27.527,False,200,
1787722185.7298732,container,30.0,30.0,30.135,False,200,
1787722185.7632065,container,30.0,30.0,26.717,False,200,
1787722185.7965398,container,30.0,30.0,25.578,False,200,
1787722185.829873,container,30.0,30.0,31.702,False,200,
1787722185.8632064,container,30.0,30.0,24.828,False,200,
1787722185.8965397,container,30.0,30.0,25.654,False,200,
1787722185.929873,container,30.0,30.0,34.484,False,200,
1787722185.9632065,container,30.0,30.0,27.036,False,200,
1787722185.9965398,container,30.0,30.0,28.247,False,200,
1787722186.0298731,container,30.0,30.0,26.844,False,200,
1787722186.0632064,container,30.0,30.0,24.074,False,200,
1787722186.0965397,container,30.0,30.0,22.122,False,200,
1787722186.129873,container,30.0,30.0,26.714,False,200,
1787722186.1632063,container,30.0,30.0,31.222,False,200,
1787722186.1965396,container,30.0,30.0,29.054,False,200,
1787722186.2298732,container,30.0,30.0,25.576,False,200,
1787722186.2632065,container,30.0,30.0,40.314,False,200,
1787722186.2965398,container,30.0,30.0,29.791,False,200,
1787722186.329873,container,30.0,30.0,33.552,False,200,
1787722186.3632064,container,30.0,30.0,28.891,False,200,
1787722186.3965397,container,30.0,30.0,21.859,False,200,
1787722186.429873,container,30.0,30.0,37.951,False,200,
1787722186.4632065,container,30.0,30.0,28.829,False,200,
1787722186.4965398,container,30.0,30.0,26.21,False,200,
1787722186.5298731,container,30.0,30.0,34.732,False,200,
1787722186.5632064,container,30.0,30.0,30.643,False,200,
1787722186.5965397,container,30.0,30.0,33.192,False,200,
1787722186.629873,container,30.0,30.0,32.605,False,200,
1787722186.6632063,container,30.0,30.0,33.933,False,200,
1787722186.6965396,container,30.0,30.0,23.854,False,200,
1787722186.7298732,container,30.0,30.0,42.201,False,200,
1787722186.7632065,container,30.0,30.0,34.981,False,200,
1787722186.7965398,container,30.0,30.0,29.238,False,200,
1787722186.829873,container,30.0,30.0,24.357,False,200,
1787722186.8632064,container,30.0,30.0,33.57,False,200,
1787722186.8965397,container,30.0,30.0,24.797,False,200,
1787722186.929873,container,30.0,30.0,23.855,False,200,
1787722186.9632065,container,30.0,30.0,28.456,False,200,
1787722186.9965398,container,30.0,30.0,29.821,False,200,
1787722187.0298731,container,30.0,30.0,25.768,False,200,
1787722187.0632064,container,30.0,30.0,25.056,False,200,
1787722187.0965397,container,30.0,30.0,25.367,False,200,
1787722187.129873,container,30.0,30.0,30.305,False,200,
1787722187.1632063,container,30.0,30.0,28.653,False,200,
1787722187.1965396,container,30.0,30.0,28.336,False,200,
1787722187.2298732,container,30.0,30.0,27.297,False,200,
1787722187.2632065,container,30.0,30.0,32.828,False,200,
1787722187.2965398,container,30.0,30.0,29.436,False,200,
1787722187.329873,container,30.0,30.0,26.952,False,200,
1787722187.3632064,container,30.0,30.0,26.791,False,200,
1787722187.3965397,container,30.0,30.0,35.837,False,200,
1787722187.429873,container,30.0,30.0,32.783,False,200,
1787722187.4632065,container,30.0,30.0,39.78,False,200,
1787722187.4965398,container,30.0,30.0,38.429,False,200,
1787722187.5298731,container,30.0,30.0,27.386,False,200,
1787722187.5632064,container,30.0,30.0,31.846,False,200,
1787722187.5965397,container,30.0,30.0,29.772,False,200,
1787722187.629873,container,30.0,30.0,29.402,False,200,
1787722187.6632063,container,30.0,30.0,29.069,False,200,
1787722187.6965396,container,30.0,30.0,29.632,False,200,
1787722187.7298732,container,30.0,30.0,38.294,False,200,
1787722187.7632065,container,30.0,30.0,36.504,False,200,
1787722187.7965398,container,30.0,30.0,34.509,False,200,
1787722187.829873,container,30.0,30.0,20.807,False,200,
1787722187.8632064,container,30.0,30.0,36.694,False,200,
1787722187.8965397,container,30.0,30.0,24.188,False,200,
1787722187.929873,container,30.0,30.0,28.961,False,200,
1787722187.9632065,container,30.0,30.0,32.207,False,200,
1787722187.9965398,container,30.0,30.0,37.237,False,200,
1787722188.0298731,container,30.0,30.0,36.622,False,200,
1787722188.0632064,container,30.0,30.0,28.879,False,200,
1787722188.0965397,container,30.0,30.0,24.015,False,200,
1787722188.129873,container,30.0,30.0,24.128,False,200,
1787722188.1632063,container,30.0,30.0,24.369,False,200,
1787722188.1965396,container,30.0,30.0,26.249,False,200,
1787722188.2298732,container,30.0,30.0,27.384,False,200,
1787722188.2632065,container,30.0,30.0,22.192,False,200,
1787722188.2965398,container,30.0,30.0,31.32,False,200,
1787722188.329873,container,30.0,30.0,32.874,False,200,
1787722188.3632064,container,30.0,30.0,29.87,False,200,
1787722188.3965397,container,30.0,30.0,25.381,False,200,
1787722188.429873,container,30.0,30.0,35.255,False,200,
1787722188.4632065,container,30.0,30.0,37.564,False,200,
1787722188.4965398,container,30.0,30.0,31.376,False,200,
1787722188.5298731,container,30.0,30.0,24.27,False,200,
1787722188.5632064,container,30.0,30.0,29.821,False,200,
1787722188.5965397,container,30.0,30.0,24.328,False,200,
1787722188.629873,container,30.0,30.0,29.302,False,200,
1787722188.6632063,container,30.0,30.0,25.305,False,200,
1787722188.6965396,container,30.0,30.0,27.5,False,200,
1787722188.7298732,container,30.0,30.0,29.834,False,200,
1787722188.7632065,container,30.0,30.0,24.848,False,200,
1787722188.7965398,container,30.0,30.0,34.126,False,200,
1787722188.829873,container,30.0,30.0,35.637,False,200,
1787722188.8632064,container,30.0,30.0,39.483,False,200,
1787722188.8965397,container,30.0,30.0,30.791,False,200,
1787722188.929873,container,30.0,30.0,34.801,False,200,
1787722188.9632065,container,30.0,30.0,23.028,False,200,
1787722188.9965398,container,30.0,30.0,29.68,False,200,
1787722189.0298731,container,30.0,30.0,33.913,False,200,
1787722189.0632064,container,30.0,30.0,43.24,False,200,
1787722189.0965397,container,30.0,30.0,28.277,False,200,
1787722189.129873,container,30.0,30.0,27.635,False,200,
1787722189.1632063,container,30.0,30.0,29.391,False,200,
1787722189.1965396,container,30.0,30.0,24.256,False,200,
1787722189.2298732,container,30.0,30.0,27.172,False,200,
1787722189.2632065,container,30.0,30.0,29.95,False,200,
1787722189.2965398,container,30.0,30.0,38.006,False,200,
1787722189.329873,container,30.0,30.0,21.839,False,200,
1787722189.3632064,container,30.0,30.0,28.538,False,200,
1787722189.3965397,container,30.0,30.0,32.979,False,200,
1787722189.429873,container,30.0,30.0,29.251,False,200,
1787722189.4632065,container,30.0,30.0,28.135,False,200,
1787722189.4965398,container,30.0,30.0,32.705,False,200,
1787722189.5298731,container,30.0,30.0,29.864,False,200,
1787722189.5632064,container,30.0,30.0,29.633,False,200,
1787722189.5965397,container,30.0,30.0,27.67,False,200,
1787722189.629873,container,30.0,30.0,30.58,False,200,
1787722189.6632063,container,30.0,30.0,28.489,False,200,
1787722189.6965396,container,30.0,30.0,33.257,False,200,
1787722189.7298732,container,30.0,30.0,31.211,False,200,
1787722189.7632065,container,30.0,30.0,34.538,False,200,
1787722189.7965398,container,30.0,30.0,24.345,False,200,
1787722189.829873,container,30.0,30.0,33.358,False,200,
1787722189.8632064,container,30.0,30.0,31.468,False,200,
1787722189.8965397,container,30.0,30.0,29.571,False,200,
1787722189.929873,container,30.0,30.0,25.983,False,200,
1787722189.9632065,container,30.0,30.0,30.896,False,200,
1787722189.9965398,container,30.0,30.0,33.608,False,200,
1787722190.0298731,container,30.0,30.0,23.589,False,200,
1787722190.0632064,container,30.0,30.0,25.322,False,200,
1787722190.0965397,container,30.0,30.0,31.528,False,200,
1787722190.129873,container,30.0,30.0,33.569,False,200,
1787722190.1632063,container,30.0,30.0,25.871,False,200,
1787722190.1965396,container,30.0,30.0,35.714,False,200,
1787722190.2298732,container,30.0,30.0,29.135,False,200,
1787722190.2632065,container,30.0,30.0,26.657,False,200,
1787722190.2965398,container,30.0,30.0,37.853,False,200,
1787722190.329873,container,30.0,30.0,38.005,False,200,
1787722190.3632064,container,30.0,30.0,30.473,False,200,
1787722190.3965397,container,30.0,30.0,35.43,False,200,
1787722190.429873,container,30.0,30.0,18.645,False,200,
1787722190.4632065,container,30.0,30.0,32.569,False,200,
1787722190.4965398,container,30.0,30.0,22.058,False,200,
1787722190.5298731,container,30.0,30.0,31.618,False,200,
1787722190.5632064,container,30.0,30.0,31.391,False,200,
1787722190.5965397,container,30.0,30.0,32.472,False,200,
1787722190.629873,container,30.0,30.0,24.147,False,200,
1787722190.6632063,container,30.0,30.0,20.751,False,200,
1787722190.6965396,container,30.0,30.0,26.502,False,200,
1787722190.7298732,container,30.0,30.0,41.068,False,200,
1787722190.7632065,container,30.0,30.0,28.677,False,200,
1787722190.7965398,container,30.0,30.0,30.265,False,200,
1787722190.829873,container,30.0,30.0,26.371,False,200,
1787722190.8632064,container,30.0,30.0,32.392,False,200,
1787722190.8965397,container,30.0,30.0,30.526,False,200,
1787722190.929873,container,30.0,30.0,26.003,False,200,
1787722190.9632065,container,30.0,30.0,33.415,False,200,
1787722190.9965398,container,30.0,30.0,23.735,False,200,
1787722191.0298731,container,30.0,30.0,33.678,False,200,
1787722191.0632064,container,30.0,30.0,30.35,False,200,
1787722191.0965397,container,30.0,30.0,33.484,False,200,
1787722191.129873,container,30.0,30.0,27.669,False,200,
1787722191.1632063,container,30.0,30.0,37.669,False,200,
1787722191.1965396,container,30.0,30.0,31.038,False,200,
1787722191.2298732,container,30.0,30.0,30.939,False,200,
1787722191.2632065,container,30.0,30.0,35.091,False,200,
1787722191.2965398,container,30.0,30.0,25.448,False,200,
1787722191.329873,container,30.0,30.0,28.902,False,200,
1787722191.3632064,container,30.0,30.0,28.663,False,200,
1787722191.3965397,container,30.0,30.0,25.922,False,200,
1787722191.429873,container,30.0,30.0,35.573,False,200,
1787722191.4632065,container,30.0,30.0,22.015,False,200,
1787722191.4965398,container,30.0,30.0,32.48,False,200,
1787722191.5298731,container,30.0,30.0,28.684,False,200,
1787722191.5632064,container,30.0,30.0,33.937,False,200,
1787722191.5965397,container,30.0,30.0,26.478,False,200,
1787722191.629873,container,30.0,30.0,33.502,False,200,
1787722191.6632063,container,30.0,30.0,30.644,False,200,
1787722191.6965396,container,30.0,30.0,26.329,False,200,
1787722191.7298732,container,30.0,30.0,28.815,False,200,
1787722191.7632065,container,30.0,30.0,32.13,False,200,
1787722191.7965398,container,30.0,30.0,31.726,False,200,
1787722191.829873,container,30.0,30.0,26.67,False,200,
1787722191.8632064,container,30.0,30.0,32.069,False,200,
1787722191.8965397,container,30.0,30.0,38.743,False,200,
1787722191.929873,container,30.0,30.0,33.998,False,200,
1787722191.9632065,container,30.0,30.0,25.779,False,200,
1787722191.9965398,container,30.0,30.0,27.163,False,200,
1787722192.0298731,container,30.0,30.0,29.404,False,200,
1787722192.0632064,container,30.0,30.0,37.253,False,200,
1787722192.0965397,container,30.0,30.0,31.448,False,200,
1787722192.129873,container,30.0,30.0,33.311,False,200,
1787722192.1632063,container,30.0,30.0,27.176,False,200,
1787722192.1965396,container,30.0,30.0,28.735,False,200,
1787722192.2298732,container,30.0,30.0,45.4,False,200,
1787722192.2632065,container,30.0,30.0,39.977,False,200,
1787722192.2965398,container,30.0,30.0,32.999,False,200,
1787722192.329873,container,30.0,30.0,29.076,False,200,
1787722192.3632064,container,30.0,30.0,20.477,False,200,
1787722192.3965397,container,30.0,30.0,40.42,False,200,
1787722192.429873,container,30.0,30.0,29.058,False,200,
1787722192.4632065,container,30.0,30.0,27.759,False,200,
1787722192.4965398,container,30.0,30.0,33.794,False,200,
1787722192.5298731,container,30.0,30.0,32.389,False,200,
1787722192.5632064,container,30.0,30.0,28.025,False,200,
1787722192.5965397,container,30.0,30.0,23.844,False,200,
1787722192.629873,container,30.0,30.0,27.496,False,200,
1787722192.6632063,container,30.0,30.0,27.277,False,200,
1787722192.6965396,container,30.0,30.0,26.952,False,200,
1787722192.7298732,container,30.0,30.0,29.247,False,200,
1787722192.7632065,container,30.0,30.0,29.16,False,200,
1787722192.7965398,container,30.0,30.0,30.828,False,200,
1787722192.829873,container,30.0,30.0,32.673,False,200,
1787722192.8632064,container,30.0,30.0,28.56,False,200,
1787722192.8965397,container,30.0,30.0,29.567,False,200,
1787722192.929873,container,30.0,30.0,27.697,False,200,
1787722192.9632065,container,30.0,30.0,28.287,False,200,
1787722192.9965398,container,30.0,30.0,29.954,False,200,
1787722193.0298731,container,30.0,30.0,26.803,False,200,
1787722193.0632064,container,30.0,30.0,28.018,False,200,
1787722193.0965397,container,30.0,30.0,29.684,False,200,
1787722193.129873,container,30.0,30.0,32.708,False,200,
1787722193.1632063,container,30.0,30.0,35.926,False,200,
1787722193.1965396,container,30.0,30.0,27.909,False,200,
1787722193.2298732,container,30.0,30.0,36.593,False,200,
1787722193.2632065,container,30.0,30.0,23.668,False,200,
1787722193.2965398,container,30.0,30.0,28.837,False,200,
1787722193.329873,container,30.0,30.0,26.764,False,200,
1787722193.3632064,container,30.0,30.0,31.402,False,200,
1787722193.3965397,container,30.0,30.0,27.627,False,200,
1787722193.429873,container,30.0,30.0,27.197,False,200,
1787722193.4632065,container,30.0,30.0,32.148,False,200,
1787722193.4965398,container,30.0,30.0,27.864,False,200,
1787722193.5298731,container,30.0,30.0,25.71,False,200,
1787722193.5632064,container,30.0,30.0,32.408,False,200,
1787722193.5965397,container,30.0,30.0,27.037,False,200,
1787722193.629873,container,30.0,30.0,41.952,False,200,
1787722193.6632063,container,30.0,30.0,26.168,False,200,
1787722193.6965396,container,30.0,30.0,27.476,False,200,
1787722193.7298732,container,30.0,30.0,35.04,False,200,
1787722193.7632065,container,30.0,30.0,21.206,False,200,
1787722193.7965398,container,30.0,30.0,44.433,False,200,
1787722193.829873,container,30.0,30.0,29.687,False,200,
1787722193.8632064,container,30.0,30.0,33.417,False,200,
1787722193.8965397,container,30.0,30.0,27.38,False,200,
1787722193.929873,container,30.0,30.0,28.582,False,200,
1787722193.9632065,container,30.0,30.0,29.405,False,200,
1787722193.9965398,container,30.0,30.0,28.827,False,200,
1787722194.0298731,container,30.0,30.0,39.147,False,200,
1787722194.0632064,container,30.0,30.0,29.632,False,200,
1787722194.0965397,container,30.0,30.0,31.235,False,200,
1787722194.129873,container,30.0,30.0,27.18,False,200,
1787722194.1632063,container,30.0,30.0,34.608,False,200,
1787722194.1965396,container,30.0,30.0,27.947,False,200,
1787722194.2298732,container,30.0,30.0,30.865,False,200,
1787722194.2632065,container,30.0,30.0,35.536,False,200,
1787722194.2965398,container,30.0,30.0,24.98,False,200,
1787722194.329873,container,30.0,30.0,28.275,False,200,
1787722194.3632064,container,30.0,30.0,31.286,False,200,
1787722194.3965397,container,30.0,30.0,24.824,False,200,
1787722194.429873,container,30.0,30.0,27.497,False,200,
1787722194.4632065,container,30.0,30.0,32.668,False,200,
1787722194.4965398,container,30.0,30.0,33.432,False,200,
1787722194.5298731,container,30.0,30.0,27.545,False,200,
1787722194.5632064,container,30.0,30.0,25.782,False,200,
1787722194.5965397,container,30.0,30.0,28.439,False,200,
1787722194.629873,container,30.0,30.0,29.028,False,200,
1787722194.6632063,container,30.0,30.0,29.247,False,200,
1787722194.6965396,container,30.0,30.0,24.936,False,200,
1787722194.7298732,container,30.0,30.0,26.109,False,200,
1787722194.7632065,container,30.0,30.0,26.372,False,200,
1787722194.7965398,container,30.0,30.0,29.095,False,200,
1787722194.829873,container,30.0,30.0,35.687,False,200,
1787722194.8632064,container,30.0,30.0,30.646,False,200,
1787722194.8965397,container,30.0,30.0,30.99,False,200,
1787722194.929873,container,30.0,30.0,30.867,False,200,
1787722194.9632065,container,30.0,30.0,40.099,False,200,
1787722194.9965398,container,30.0,30.0,27.879,False,200,
1787722195.0298731,container,30.0,30.0,29.793,False,200,
1787722195.0632064,container,30.0,30.0,26.107,False,200,
1787722195.0965397,container,30.0,30.0,23.255,False,200,
1787722195.129873,container,30.0,30.0,25.584,False,200,
1787722195.1632063,container,30.0,30.0,28.034,False,200,
1787722195.1965396,container,30.0,30.0,36.869,False,200,
1787722195.2298732,container,30.0,30.0,28.609,False,200,
1787722195.2632065,container,30.0,30.0,30.502,False,200,
1787722195.2965398,container,30.0,30.0,27.705,False,200,
1787722195.329873,container,30.0,30.0,24.648,False,200,
1787722195.3632064,container,30.0,30.0,34.644,False,200,
1787722195.3965397,container,30.0,30.0,29.619,False,200,
1787722195.429873,container,30.0,30.0,21.874,False,200,
1787722195.4632065,container,30.0,30.0,21.599,False,200,
1787722195.4965398,container,30.0,30.0,21.412,False,200,
1787722195.5298731,container,30.0,30.0,34.303,False,200,
1787722195.5632064,container,30.0,30.0,38.958,False,200,
1787722195.5965397,container,30.0,30.0,38.57,False,200,
1787722195.629873,container,30.0,30.0,26.748,False,200,
1787722195.6632063,container,30.0,30.0,28.735,False,200,
1787722195.6965396,container,30.0,30.0,32.931,False,200,
1787722195.7298732,container,30.0,30.0,30.358,False,200,
1787722195.7632065,container,30.0,30.0,29.5,False,200,
1787722195.7965398,container,30.0,30.0,25.098,False,200,
1787722195.829873,container,30.0,30.0,35.421,False,200,
1787722195.8632064,container,30.0,30.0,27.238,False,200,
1787722195.8965397,container,30.0,30.0,30.049,False,200,
1787722195.929873,container,30.0,30.0,43.756,False,200,
1787722195.9632065,container,30.0,30.0,25.601,False,200,
1787722195.9965398,container,30.0,30.0,34.624,False,200,
1787722196.0298731,container,30.0,30.0,26.486,False,200,
1787722196.0632064,container,30.0,30.0,29.285,False,200,
1787722196.0965397,container,30.0,30.0,35.928,False,200,
1787722196.129873,container,30.0,30.0,24.011,False,200,
1787722196.1632063,container,30.0,30.0,28.956,False,200,
1787722196.1965396,container,30.0,30.0,27.72,False,200,
1787722196.2298732,container,30.0,30.0,27.819,False,200,
1787722196.2632065,container,30.0,30.0,26.226,False,200,
1787722196.2965398,container,30.0,30.0,35.886,False,200,
1787722196.329873,container,30.0,30.0,27.607,False,200,
1787722196.3632064,container,30.0,30.0,23.919,False,200,
1787722196.3965397,container,30.0,30.0,34.582,False,200,
1787722196.429873,container,30.0,30.0,27.405,False,200,
1787722196.4632065,container,30.0,30.0,31.712,False,200,
1787722196.4965398,container,30.0,30.0,33.394,False,200,
1787722196.5298731,container,30.0,30.0,27.565,False,200,
1787722196.5632064,container,30.0,30.0,25.263,False,200,
1787722196.5965397,container,30.0,30.0,32.194,False,200,
1787722196.629873,container,30.0,30.0,29.586,False,200,
1787722196.6632063,container,30.0,30.0,28.446,False,200,
1787722196.6965396,container,30.0,30.0,36.128,False,200,
1787722196.7298732,container,30.0,30.0,25.965,False,200,
1787722196.7632065,container,30.0,30.0,29.409,False,200,
1787722196.7965398,container,30.0,30.0,24.952,False,200,
1787722196.829873,container,30.0,30.0,34.389,False,200,
1787722196.8632064,container,30.0,30.0,33.392,False,200,
1787722196.8965397,container,30.0,30.0,26.765,False,200,
1787722196.929873,container,30.0,30.0,34.396,False,200,
1787722196.9632065,container,30.0,30.0,26.764,False,200,
1787722196.9965398,container,30.0,30.0,25.004,False,200,
1787722197.0298731,container,30.0,30.0,20.785,False,200,
1787722197.0632064,container,30.0,30.0,34.715,False,200,
1787722197.0965397,container,30.0,30.0,30.548,False,200,
1787722197.129873,container,30.0,30.0,29.803,False,200,
1787722197.1632063,container,30.0,30.0,34.713,False,200,
1787722197.1965396,container,30.0,30.0,34.825,False,200,
1787722197.2298732,container,30.0,30.0,34.789,False,200,
1787722197.2632065,container,30.0,30.0,22.526,False,200,
1787722197.2965398,container,30.0,30.0,32.136,False,200,
1787722197.329873,container,30.0,30.0,20.777,False,200,
1787722197.3632064,container,30.0,30.0,33.008,False,200,
1787722197.3965397,container,30.0,30.0,27.12,False,200,
1787722197.429873,container,30.0,30.0,33.263,False,200,
1787722197.4632065,container,30.0,30.0,32.277,False,200,
1787722197.4965398,container,30.0,30.0,28.384,False,200,
1787722197.5298731,container,30.0,30.0,30.668,False,200,
1787722197.5632064,container,30.0,30.0,26.984,False,200,
1787722197.5965397,container,30.0,30.0,26.804,False,200,
1787722197.629873,container,30.0,30.0,35.053,False,200,
1787722197.6632063,container,30.0,30.0,29.413,False,200,
1787722197.6965396,container,30.0,30.0,30.145,False,200,
1787722197.7298732,container,30.0,30.0,36.431,False,200,
1787722197.7632065,container,30.0,30.0,28.365,False,200,
1787722197.7965398,container,30.0,30.0,36.041,False,200,
1787722197.829873,container,30.0,30.0,35.878,False,200,
1787722197.8632064,container,30.0,30.0,31.998,False,200,
1787722197.8965397,container,30.0,30.0,32.595,False,200,
1787722197.929873,container,30.0,30.0,31.7,False,200,
1787722197.9632065,container,30.0,30.0,29.461,False,200,
1787722197.9965398,container,30.0,30.0,28.333,False,200,
1787722198.0298731,container,30.0,30.0,23.668,False,200,
1787722198.0632064,container,30.0,30.0,32.741,False,200,
1787722198.0965397,container,30.0,30.0,29.709,False,200,
1787722198.129873,container,30.0,30.0,34.385,False,200,
1787722198.1632063,container,30.0,30.0,38.275,False,200,
1787722198.1965396,container,30.0,30.0,36.253,False,200,
1787722198.2298732,container,30.0,30.0,22.435,False,200,
1787722198.2632065,container,30.0,30.0,30.815,False,200,
1787722198.2965398,container,30.0,30.0,29.25,False,200,
1787722198.329873,container,30.0,30.0,34.47,False,200,
1787722198.3632064,container,30.0,30.0,28.432,False,200,
1787722198.3965397,container,30.0,30.0,33.28,False,200,
1787722198.429873,container,30.0,30.0,24.909,False,200,
1787722198.4632065,container,30.0,30.0,26.805,False,200,
1787722198.4965398,container,30.0,30.0,28.349,False,200,
1787722198.5298731,container,30.0,30.0,25.452,False,200,
1787722198.5632064,container,30.0,30.0,23.723,False,200,
1787722198.5965397,container,30.0,30.0,35.304,False,200,
1787722198.629873,container,30.0,30.0,39.341,False,200,
1787722198.6632063,container,30.0,30.0,32.855,False,200,
1787722198.6965396,container,30.0,30.0,27.538,False,200,
1787722198.7298732,container,30.0,30.0,29.568,False,200,
1787722198.7632065,container,30.0,30.0,26.958,False,200,
1787722198.7965398,container,30.0,30.0,26.401,False,200,
1787722198.829873,container,30.0,30.0,29.542,False,200,
1787722198.8632064,container,30.0,30.0,29.259,False,200,
1787722198.8965397,container,30.0,30.0,26.069,False,200,
1787722198.929873,container,30.0,30.0,27.248,False,200,
1787722198.9632065,container,30.0,30.0,25.912,False,200,
1787722198.9965398,container,30.0,30.0,30.551,False,200,
1787722199.0298731,container,30.0,30.0,36.259,False,200,
1787722199.0632064,container,30.0,30.0,28.061,False,200,
1787722199.0965397,container,30.0,30.0,30.39,False,200,
1787722199.129873,container,30.0,30.0,28.668,False,200,
1787722199.1632063,container,30.0,30.0,30.121,False,200,
1787722199.1965396,container,30.0,30.0,20.376,False,200,
1787722199.2298732,container,30.0,30.0,24.566,False,200,
1787722199.2632065,container,30.0,30.0,27.117,False,200,
1787722199.2965398,container,30.0,30.0,35.468,False,200,
1787722199.329873,container,30.0,30.0,26.992,False,200,
1787722199.3632064,container,30.0,30.0,27.973,False,200,
1787722199.3965397,container,30.0,30.0,32.481,False,200,
1787722199.429873,container,30.0,30.0,28.37,False,200,
1787722199.4632065,container,30.0,30.0,35.195,False,200,
1787722199.4965398,container,30.0,30.0,35.459,False,200,
1787722199.5298731,container,30.0,30.0,38.548,False,200,
1787722199.5632064,container,30.0,30.0,28.326,False,200,
1787722199.5965397,container,30.0,30.0,36.237,False,200,
1787722199.629873,container,30.0,30.0,35.64,False,200,
1787722199.6632063,container,30.0,30.0,19.033,False,200,
1787722199.6965396,container,30.0,30.0,33.529,False,200,
1787722199.7298732,container,30.0,30.0,32.336,False,200,
1787722199.7632065,container,30.0,30.0,32.131,False,200,
1787722199.7965398,container,30.0,30.0,27.338,False,200,
1787722199.829873,container,30.0,30.0,29.146,False,200,
1787722199.8632064,container,30.0,30.0,27.776,False,200,
1787722199.8965397,container,30.0,30.0,36.433,False,200,
1787722199.929873,container,30.0,30.0,38.435,False,200,
1787722199.9632065,container,30.0,30.0,31.31,False,200,
1787722199.9965398,container,30.0,30.0,24.4,False,200,
1787722200.0298731,container,30.0,30.0,34.536,False,200,
1787722200.0632064,container,30.0,30.0,34.453,False,200,
1787722200.0965397,container,30.0,30.0,24.105,False,200,
1787722200.129873,container,30.0,30.0,23.659,False,200,
1787722200.1632063,container,30.0,30.0,30.415,False,200,
1787722200.1965396,container,30.0,30.0,26.434,False,200,
1787722200.2298732,container,30.0,30.0,31.446,False,200,
1787722200.2632065,container,30.0,30.0,24.088,False,200,
1787722200.2965398,container,30.0,30.0,33.015,False,200,
1787722200.329873,container,30.0,30.0,26.33,False,200,
1787722200.3632064,container,30.0,30.0,27.64,False,200,
1787722200.3965397,container,30.0,30.0,41.113,False,200,
1787722200.429873,container,30.0,30.0,32.652,False,200,
1787722200.4632065,container,30.0,30.0,26.732,False,200,
1787722200.4965398,container,30.0,30.0,27.568,False,200,
1787722200.5298731,container,30.0,30.0,30.272,False,200,
1787722200.5632064,container,30.0,30.0,20.91,False,200,
1787722200.5965397,container,30.0,30.0,23.644,False,200,
1787722200.629873,container,30.0,30.0,29.212,False,200,
1787722200.6632063,container,30.0,30.0,30.988,False,200,
1787722200.6965396,container,30.0,30.0,31.499,False,200,
1787722200.7298732,container,30.0,30.0,27.07,False,200,
1787722200.7632065,container,30.0,30.0,24.411,False,200,
1787722200.7965398,container,30.0,30.0,28.009,False,200,
1787722200.829873,container,30.0,30.0,29.915,False,200,
1787722200.8632064,container,30.0,30.0,29.561,False,200,
1787722200.8965397,container,30.0,30.0,27.053,False,200,
1787722200.929873,container,30.0,30.0,26.83,False,200,
1787722200.9632065,container,30.0,30.0,28.51,False,200,
1787722200.9965398,container,30.0,30.0,32.619,False,200,
1787722201.0298731,container,30.0,30.0,26.629,False,200,
1787722201.0632064,container,30.0,30.0,20.667,False,200,
1787722201.0965397,container,30.0,30.0,28.949,False,200,
1787722201.129873,container,30.0,30.0,26.468,False,200,
1787722201.1632063,container,30.0,30.0,27.313,False,200,
1787722201.1965396,container,30.0,30.0,23.676,False,200,
1787722201.2298732,container,30.0,30.0,27.602,False,200,
1787722201.2632065,container,30.0,30.0,26.052,False,200,
1787722201.2965398,container,30.0,30.0,27.835,False,200,
1787722201.329873,container,30.0,30.0,28.76,False,200,
1787722201.3632064,container,30.0,30.0,29.831,False,200,
1787722201.3965397,container,30.0,30.0,24.901,False,200,
1787722201.429873,container,30.0,30.0,32.931,False,200,
1787722201.4632065,container,30.0,30.0,38.579,False,200,
1787722201.4965398,container,30.0,30.0,30.407,False,200,
1787722201.5298731,container,30.0,30.0,29.901,False,200,
1787722201.5632064,container,30.0,30.0,26.136,False,200,
1787722201.5965397,container,30.0,30.0,30.01,False,200,
1787722201.629873,container,30.0,30.0,31.165,False,200,
1787722201.6632063,container,30.0,30.0,27.712,False,200,
1787722201.6965396,container,30.0,30.0,26.039,False,200,
1787722201.7298732,container,30.0,30.0,29.144,False,200,
1787722201.7632065,container,30.0,30.0,18.627,False,200,
1787722201.7965398,container,30.0,30.0,32.454,False,200,
1787722201.829873,container,30.0,30.0,32.663,False,200,
1787722201.8632064,container,30.0,30.0,29.839,False,200,
1787722201.8965397,container,30.0,30.0,34.165,False,200,
1787722201.929873,container,30.0,30.0,39.724,False,200,
1787722201.9632065,container,30.0,30.0,26.646,False,200,
1787722201.9965398,container,30.0,30.0,29.752,False,200,
1787722202.0298731,container,30.0,30.0,25.065,False,200,
1787722202.0632064,container,30.0,30.0,28.793,False,200,
1787722202.0965397,container,30.0,30.0,33.922,False,200,
1787722202.129873,container,30.0,30.0,30.865,False,200,
1787722202.1632063,container,30.0,30.0,32.66,False,200,
1787722202.1965396,container,30.0,30.0,37.867,False,200,
1787722202.2298732,container,30.0,30.0,26.863,False,200,
1787722202.2632065,container,30.0,30.0,30.017,False,200,
1787722202.2965398,container,30.0,30.0,39.984,False,200,
1787722202.329873,container,30.0,30.0,30.865,False,200,
1787722202.3632064,container,30.0,30.0,28.696,False,200,
1787722202.3965397,container,30.0,30.0,30.11,False,200,
1787722202.429873,container,30.0,30.0,28.439,False,200,
1787722202.4632065,container,30.0,30.0,28.836,False,200,
1787722202.4965398,container,30.0,30.0,32.041,False,200,
1787722202.5298731,container,30.0,30.0,27.247,False,200,
1787722202.5632064,container,30.0,30.0,38.556,False,200,
1787722202.5965397,container,30.0,30.0,31.158,False,200,
1787722202.629873,container,30.0,30.0,31.14,False,200,
1787722202.6632063,container,30.0,30.0,32.583,False,200,
1787722202.6965396,container,30.0,30.0,32.509,False,200,
1787722202.7298732,container,30.0,30.0,33.855,False,200,
1787722202.7632065,container,30.0,30.0,27.261,False,200,
1787722202.7965398,container,30.0,30.0,31.928,False,200,
1787722202.829873,container,30.0,30.0,37.183,False,200,
1787722202.8632064,container,30.0,30.0,29.493,False,200,
1787722202.8965397,container,30.0,30.0,31.562,False,200,
1787722202.929873,container,30.0,30.0,19.902,False,200,
1787722202.9632065,container,30.0,30.0,33.886,False,200,
1787722202.9965398,container,30.0,30.0,20.512,False,200,
1787722203.0298731,container,30.0,30.0,34.179,False,200,
1787722203.0632064,container,30.0,30.0,34.521,False,200,
1787722203.0965397,container,30.0,30.0,47.402,False,200,
1787722203.129873,container,30.0,30.0,29.692,False,200,
1787722203.1632063,container,30.0,30.0,30.782,False,200,
1787722203.1965396,container,30.0,30.0,26.653,False,200,
1787722203.2298732,container,30.0,30.0,35.595,False,200,
1787722203.2632065,container,30.0,30.0,36.989,False,200,
1787722203.2965398,container,30.0,30.0,43.484,False,200,
1787722203.329873,container,30.0,30.0,24.942,False,200,
1787722203.3632064,container,30.0,30.0,37.982,False,200,
1787722203.3965397,container,30.0,30.0,33.583,False,200,
1787722203.429873,container,30.0,30.0,28.864,False,200,
1787722203.4632065,container,30.0,30.0,33.526,False,200,
1787722203.4965398,container,30.0,30.0,32.347,False,200,
1787722203.5298731,container,30.0,30.0,26.925,False,200,
1787722203.5632064,container,30.0,30.0,32.879,False,200,
1787722203.5965397,container,30.0,30.0,39.126,False,200,
1787722203.629873,container,30.0,30.0,39.694,False,200,
1787722203.6632063,container,30.0,30.0,22.393,False,200,
1787722203.6965396,container,30.0,30.0,21.264,False,200,
1787722203.7298732,container,30.0,30.0,24.632,False,200,
1787722203.7632065,container,30.0,30.0,35.502,False,200,
1787722203.7965398,container,30.0,30.0,28.801,False,200,
1787722203.829873,container,30.0,30.0,24.774,False,200,
1787722203.8632064,container,30.0,30.0,28.282,False,200,
1787722203.8965397,container,30.0,30.0,38.661,False,200,
1787722203.929873,container,30.0,30.0,25.85,False,200,
1787722203.9632065,container,30.0,30.0,31.068,False,200,
1787722203.9965398,container,30.0,30.0,33.765,False,200,
1787722204.0298731,container,30.0,30.0,41.566,False,200,
1787722204.0632064,container,30.0,30.0,23.982,False,200,
1787722204.0965397,container,30.0,30.0,26.162,False,200,
1787722204.129873,container,30.0,30.0,25.724,False,200,
1787722204.1632063,container,30.0,30.0,33.713,False,200,
1787722204.1965396,container,30.0,30.0,27.349,False,200,
1787722204.2298732,container,30.0,30.0,25.641,False,200,
1787722204.2632065,container,30.0,30.0,33.522,False,200,
1787722204.2965398,container,30.0,30.0,32.204,False,200,
1787722204.329873,container,30.0,30.0,39.327,False,200,
1787722204.3632064,container,30.0,30.0,22.49,False,200,
1787722204.3965397,container,30.0,30.0,26.047,False,200,
1787722204.429873,container,30.0,30.0,20.573,False,200,
1787722204.4632065,container,30.0,30.0,25.015,False,200,
1787722204.4965398,container,30.0,30.0,32.504,False,200,
1787722204.5298731,container,30.0,30.0,27.888,False,200,
1787722204.5632064,container,30.0,30.0,30.454,False,200,
1787722204.5965397,container,30.0,30.0,36.159,False,200,
1787722204.629873,container,30.0,30.0,29.802,False,200,
1787722204.6632063,container,30.0,30.0,25.729,False,200,
1787722204.6965396,container,30.0,30.0,31.237,False,200,
1787722204.7298732,container,30.0,30.0,34.796,False,200,
1787722204.7632065,container,30.0,30.0,32.617,False,200,
1787722204.7965398,container,30.0,30.0,31.343,False,200,
1787722204.829873,container,30.0,30.0,24.163,False,200,
1787722204.8632064,container,30.0,30.0,25.363,False,200,
1787722204.8965397,container,30.0,30.0,27.341,False,200,
1787722204.929873,container,30.0,30.0,28.228,False,200,
1787722204.9632065,container,30.0,30.0,27.262,False,200,
1787722204.9965398,container,30.0,30.0,28.686,False,200,
1787722205.0298731,container,30.0,30.0,34.205,False,200,
1787722205.0632064,container,30.0,30.0,29.097,False,200,
1787722205.0965397,container,30.0,30.0,36.69,False,200,
1787722205.129873,container,30.0,30.0,29.927,False,200,
1787722205.1632063,container,30.0,30.0,19.55,False,200,
1787722205.1965396,container,30.0,30.0,36.871,False,200,
1787722205.2298732,container,30.0,30.0,29.688,False,200,
1787722205.2632065,container,30.0,30.0,34.755,False,200,
1787722205.2965398,container,30.0,30.0,41.631,False,200,
1787722205.329873,container,30.0,30.0,30.678,False,200,
1787722205.3632064,container,30.0,30.0,35.363,False,200,
1787722205.3965397,container,30.0,30.0,40.159,False,200,
1787722205.429873,container,30.0,30.0,40.102,False,200,
1787722205.4632065,container,30.0,30.0,38.581,False,200,
1787722205.4965398,container,30.0,30.0,25.967,False,200,
1787722205.5298731,container,30.0,30.0,46.991,False,200,
1787722205.5632064,container,30.0,30.0,39.685,False,200,
1787722205.5965397,container,30.0,30.0,34.013,False,200,
1787722205.629873,container,30.0,30.0,24.706,False,200,
1787722205.6632063,container,30.0,30.0,29.767,False,200,
1787722205.6965396,container,30.0,30.0,25.978,False,200,
1787722205.7298732,container,30.0,30.0,35.46,False,200,
1787722205.7632065,container,30.0,30.0,33.233,False,200,
1787722205.7965398,container,30.0,30.0,26.865,False,200,
1787722205.829873,container,30.0,30.0,21.396,False,200,
1787722205.8632064,container,30.0,30.0,33.226,False,200,
1787722205.8965397,container,30.0,30.0,21.529,False,200,
1787722205.929873,container,30.0,30.0,42.719,False,200,
1787722205.9632065,container,30.0,30.0,31.315,False,200,
1787722205.9965398,container,30.0,30.0,34.685,False,200,
1787722206.0298731,container,30.0,30.0,34.118,False,200,
1787722206.0632064,container,30.0,30.0,23.863,False,200,
1787722206.0965397,container,30.0,30.0,28.664,False,200,
1787722206.129873,container,30.0,30.0,30.309,False,200,
1787722206.1632063,container,30.0,30.0,29.398,False,200,
1787722206.1965396,container,30.0,30.0,25.797,False,200,
1787722206.2298732,container,30.0,30.0,24.962,False,200,
1787722206.2632065,container,30.0,30.0,36.003,False,200,
1787722206.2965398,container,30.0,30.0,29.959,False,200,
1787722206.329873,container,30.0,30.0,28.963,False,200,
1787722206.3632064,container,30.0,30.0,31.735,False,200,
1787722206.3965397,container,30.0,30.0,19.783,False,200,
1787722206.429873,container,30.0,30.0,31.71,False,200,
1787722206.4632065,container,30.0,30.0,29.116,False,200,
1787722206.4965398,container,30.0,30.0,28.523,False,200,
1787722206.5298731,container,30.0,30.0,34.238,False,200,
1787722206.5632064,container,30.0,30.0,32.017,False,200,
1787722206.5965397,container,30.0,30.0,34.896,False,200,
1787722206.629873,container,30.0,30.0,27.79,False,200,
1787722206.6632063,container,30.0,30.0,30.992,False,200,
1787722206.6965396,container,30.0,30.0,42.124,False,200,
1787722206.7298732,container,30.0,30.0,31.864,False,200,
1787722206.7632065,container,30.0,30.0,30.706,False,200,
1787722206.7965398,container,30.0,30.0,31.178,False,200,
1787722206.829873,container,30.0,30.0,29.461,False,200,
1787722206.8632064,container,30.0,30.0,30.543,False,200,
1787722206.8965397,container,30.0,30.0,25.467,False,200,
1787722206.929873,container,30.0,30.0,32.05,False,200,
1787722206.9632065,container,30.0,30.0,34.889,False,200,
1787722206.9965398,container,30.0,30.0,36.263,False,200,
1787722207.0298731,container,30.0,30.0,37.803,False,200,
1787722207.0632064,container,30.0,30.0,33.002,False,200,
1787722207.0965397,container,30.0,30.0,27.489,False,200,
1787722207.129873,container,30.0,30.0,28.741,False,200,
1787722207.1632063,container,30.0,30.0,27.052,False,200,
1787722207.1965396,container,30.0,30.0,36.805,False,200,
1787722207.2298732,container,30.0,30.0,30.931,False,200,
1787722207.2632065,container,30.0,30.0,28.309,False,200,
1787722207.2965398,container,30.0,30.0,32.227,False,200,
1787722207.329873,container,30.0,30.0,37.109,False,200,
1787722207.3632064,container,30.0,30.0,32.719,False,200,
1787722207.3965397,container,30.0,30.0,31.955,False,200,
1787722207.429873,container,30.0,30.0,30.048,False,200,
1787722207.4632065,container,30.0,30.0,22.374,False,200,
1787722207.4965398,container,30.0,30.0,29.7,False,200,
1787722207.5298731,container,30.0,30.0,29.767,False,200,
1787722207.5632064,container,30.0,30.0,34.002,False,200,
1787722207.5965397,container,30.0,30.0,31.98,False,200,
1787722207.629873,container,30.0,30.0,28.471,False,200,
1787722207.6632063,container,30.0,30.0,27.633,False,200,
1787722207.6965396,container,30.0,30.0,23.059,False,200,
1787722207.7298732,container,30.0,30.0,31.631,False,200,
1787722207.7632065,container,30.0,30.0,27.177,False,200,
1787722207.7965398,container,30.0,30.0,32.466,False,200,
1787722207.829873,container,30.0,30.0,32.478,False,200,
1787722207.8632064,container,30.0,30.0,38.164,False,200,
1787722207.8965397,container,30.0,30.0,40.612,False,200,
1787722207.929873,container,30.0,30.0,29.124,False,200,
1787722207.9632065,container,30.0,30.0,25.558,False,200,
1787722207.9965398,container,30.0,30.0,24.981,False,200,
1787722208.0298731,container,30.0,30.0,24.287,False,200,
1787722208.0632064,container,30.0,30.0,24.123,False,200,
1787722208.0965397,container,30.0,30.0,30.786,False,200,
1787722208.129873,container,30.0,30.0,34.144,False,200,
1787722208.1632063,container,30.0,30.0,37.48,False,200,
1787722208.1965396,container,30.0,30.0,28.509,False,200,
1787722208.2298732,container,30.0,30.0,32.719,False,200,
1787722208.2632065,container,30.0,30.0,30.638,False,200,
1787722208.2965398,container,30.0,30.0,25.972,False,200,
1787722208.329873,container,30.0,30.0,30.146,False,200,
1787722208.3632064,container,30.0,30.0,30.285,False,200,
1787722208.3965397,container,30.0,30.0,26.876,False,200,
1787722208.429873,container,30.0,30.0,32.0,False,200,
1787722208.4632065,container,30.0,30.0,25.358,False,200,
1787722208.4965398,container,30.0,30.0,30.259,False,200,
1787722208.5298731,container,30.0,30.0,28.696,False,200,
1787722208.5632064,container,30.0,30.0,31.873,False,200,
1787722208.5965397,container,30.0,30.0,31.136,False,200,
1787722208.629873,container,30.0,30.0,31.248,False,200,
1787722208.6632063,container,30.0,30.0,26.226,False,200,
1787722208.6965396,container,30.0,30.0,33.258,False,200,
1787722208.7298732,container,30.0,30.0,20.436,False,200,
1787722208.7632065,container,30.0,30.0,31.16,False,200,
1787722208.7965398,container,30.0,30.0,23.575,False,200,
1787722208.829873,container,30.0,30.0,26.999,False,200,
1787722208.8632064,container,30.0,30.0,25.656,False,200,
1787722208.8965397,container,30.0,30.0,38.145,False,200,
1787722208.929873,container,30.0,30.0,28.685,False,200,
1787722208.9632065,container,30.0,30.0,25.48,False,200,
1787722208.9965398,container,30.0,30.0,30.385,False,200,
1787722209.0298731,container,30.0,30.0,28.066,False,200,
1787722209.0632064,container,30.0,30.0,27.608,False,200,
1787722209.0965397,container,30.0,30.0,28.266,False,200,
1787722209.129873,container,30.0,30.0,27.655,False,200,
1787722209.1632063,container,30.0,30.0,32.862,False,200,
1787722209.1965396,container,30.0,30.0,31.264,False,200,
1787722209.2298732,container,30.0,30.0,22.358,False,200,
1787722209.2632065,container,30.0,30.0,34.506,False,200,
1787722209.2965398,container,30.0,30.0,29.103,False,200,
1787722209.329873,container,30.0,30.0,25.793,False,200,
1787722209.3632064,container,30.0,30.0,38.699,False,200,
1787722209.3965397,container,30.0,30.0,45.741,False,200,
1787722209.429873,container,30.0,30.0,28.818,False,200,
1787722209.4632065,container,30.0,30.0,22.505,False,200,
1787722209.4965398,container,30.0,30.0,26.939,False,200,
1787722209.5298731,container,30.0,30.0,23.229,False,200,
1787722209.5632064,container,30.0,30.0,27.267,False,200,
1787722209.5965397,container,30.0,30.0,26.44,False,200,
1787722209.629873,container,30.0,30.0,27.924,False,200,
1787722209.6632063,container,30.0,30.0,39.151,False,200,
1787722209.6965396,container,30.0,30.0,24.824,False,200,
1787722209.7298732,container,30.0,30.0,25.794,False,200,
1787722209.7632065,container,30.0,30.0,24.337,False,200,
1787722209.7965398,container,30.0,30.0,29.753,False,200,
1787722209.829873,container,30.0,30.0,32.262,False,200,
1787722209.8632064,container,30.0,30.0,27.323,False,200,
1787722209.8965397,container,30.0,30.0,32.705,False,200,
1787722209.929873,container,30.0,30.0,25.671,False,200,
1787722209.9632065,container,30.0,30.0,42.883,False,200,
1787722209.9965398,container,30.0,30.0,30.869,False,200,
1787722210.0298731,container,30.0,30.0,31.145,False,200,
1787722210.0632064,container,30.0,30.0,42.835,False,200,
1787722210.0965397,container,30.0,30.0,26.637,False,200,
1787722210.129873,container,30.0,30.0,27.431,False,200,
1787722210.1632063,container,30.0,30.0,38.216,False,200,
1787722210.1965396,container,30.0,30.0,32.034,False,200,
1787722210.2298732,container,30.0,30.0,25.339,False,200,
1787722210.2632065,container,30.0,30.0,34.198,False,200,
1787722210.2965398,container,30.0,30.0,35.895,False,200,
1787722210.329873,container,30.0,30.0,26.767,False,200,
1787722210.3632064,container,30.0,30.0,24.317,False,200,
1787722210.3965397,container,30.0,30.0,31.96,False,200,
1787722210.429873,container,30.0,30.0,32.41,False,200,
1787722210.4632065,container,30.0,30.0,36.53,False,200,
1787722210.4965398,container,30.0,30.0,30.188,False,200,
1787722210.5298731,container,30.0,30.0,26.525,False,200,
1787722210.5632064,container,30.0,30.0,32.932,False,200,
1787722210.5965397,container,30.0,30.0,32.955,False,200,
1787722210.629873,container,30.0,30.0,33.953,False,200,
1787722210.6632063,container,30.0,30.0,35.878,False,200,
1787722210.6965396,container,30.0,30.0,28.78,False,200,
1787722210.7298732,container,30.0,30.0,39.282,False,200,
1787722210.7632065,container,30.0,30.0,33.053,False,200,
1787722210.7965398,container,30.0,30.0,33.854,False,200,
1787722210.829873,container,30.0,30.0,33.975,False,200,
1787722210.8632064,container,30.0,30.0,26.729,False,200,
1787722210.8965397,container,30.0,30.0,29.232,False,200,
1787722210.929873,container,30.0,30.0,27.938,False,200,
1787722210.9632065,container,30.0,30.0,27.378,False,200,
1787722210.9965398,container,30.0,30.0,30.406,False,200,
1787722211.0298731,container,30.0,30.0,29.465,False,200,
1787722211.0632064,container,30.0,30.0,29.058,False,200,
1787722211.0965397,container,30.0,30.0,31.835,False,200,
1787722211.129873,container,30.0,30.0,26.356,False,200,
1787722211.1632063,container,30.0,30.0,29.171,False,200,
1787722211.1965396,container,30.0,30.0,26.302,False,200,
1787722211.2298732,container,30.0,30.0,37.271,False,200,
1787722211.2632065,container,30.0,30.0,27.645,False,200,
1787722211.2965398,container,30.0,30.0,39.639,False,200,
1787722211.329873,container,30.0,30.0,25.59,False,200,
1787722211.3632064,container,30.0,30.0,30.712,False,200,
1787722211.3965397,container,30.0,30.0,26.052,False,200,
1787722211.429873,container,30.0,30.0,29.522,False,200,
1787722211.4632065,container,30.0,30.0,31.743,False,200,
1787722211.4965398,container,30.0,30.0,24.553,False,200,
1787722211.5298731,container,30.0,30.0,37.193,False,200,
1787722211.5632064,container,30.0,30.0,33.019,False,200,
1787722211.5965397,container,30.0,30.0,30.103,False,200,
1787722211.629873,container,30.0,30.0,34.594,False,200,
1787722211.6632063,container,30.0,30.0,37.468,False,200,
1787722211.6965396,container,30.0,30.0,30.775,False,200,
1787722211.7298732,container,30.0,30.0,30.485,False,200,
1787722211.7632065,container,30.0,30.0,25.34,False,200,
1787722211.7965398,container,30.0,30.0,22.161,False,200,
1787722211.829873,container,30.0,30.0,30.71,False,200,
1787722211.8632064,container,30.0,30.0,39.71,False,200,
1787722211.8965397,container,30.0,30.0,27.272,False,200,
1787722211.929873,container,30.0,30.0,35.529,False,200,
1787722211.9632065,container,30.0,30.0,32.463,False,200,
1787722211.9965398,container,30.0,30.0,26.481,False,200,
1787722212.0298731,container,30.0,30.0,32.29,False,200,
1787722212.0632064,container,30.0,30.0,30.274,False,200,
1787722212.0965397,container,30.0,30.0,28.017,False,200,
1787722212.129873,container,30.0,30.0,28.615,False,200,
1787722212.1632063,container,30.0,30.0,33.964,False,200,
1787722212.1965396,container,30.0,30.0,30.522,False,200,
1787722212.2298732,container,30.0,30.0,36.945,False,200,
1787722212.2632065,container,30.0,30.0,23.696,False,200,
1787722212.2965398,container,30.0,30.0,25.101,False,200,
1787722212.329873,container,30.0,30.0,37.478,False,200,
1787722212.3632064,container,30.0,30.0,22.759,False,200,
1787722212.3965397,container,30.0,30.0,33.469,False,200,
1787722212.429873,container,30.0,30.0,32.524,False,200,
1787722212.4632065,container,30.0,30.0,23.574,False,200,
1787722212.4965398,container,30.0,30.0,30.889,False,200,
1787722212.5298731,container,30.0,30.0,34.594,False,200,
1787722212.5632064,container,30.0,30.0,34.699,False,200,
1787722212.5965397,container,30.0,30.0,31.474,False,200,
1787722212.629873,container,30.0,30.0,29.747,False,200,
1787722212.6632063,container,30.0,30.0,32.383,False,200,
1787722212.6965396,container,30.0,30.0,28.739,False,200,
1787722212.7298732,container,30.0,30.0,33.182,False,200,
1787722212.7632065,container,30.0,30.0,27.85,False,200,
1787722212.7965398,container,30.0,30.0,29.608,False,200,
1787722212.829873,container,30.0,30.0,28.571,False,200,
1787722212.8632064,container,30.0,30.0,26.395,False,200,
1787722212.8965397,container,30.0,30.0,25.877,False,200,
1787722212.929873,container,30.0,30.0,36.162,False,200,
1787722212.9632065,container,30.0,30.0,31.461,False,200,
1787722212.9965398,container,30.0,30.0,27.392,False,200,
1787722213.0298731,container,30.0,30.0,27.003,False,200,
1787722213.0632064,container,30.0,30.0,26.365,False,200,
1787722213.0965397,container,30.0,30.0,25.32,False,200,
1787722213.129873,container,30.0,30.0,26.202,False,200,
1787722213.1632063,container,30.0,30.0,35.409,False,200,
1787722213.1965396,container,30.0,30.0,31.782,False,200,
1787722213.2298732,container,30.0,30.0,28.38,False,200,
1787722213.2632065,container,30.0,30.0,28.409,False,200,
1787722213.2965398,container,30.0,30.0,29.451,False,200,
1787722213.329873,container,30.0,30.0,43.765,False,200,
1787722213.3632064,container,30.0,30.0,33.283,False,200,
1787722213.3965397,container,30.0,30.0,24.429,False,200,
1787722213.429873,container,30.0,30.0,36.647,False,200,
1787722213.4632065,container,30.0,30.0,27.863,False,200,
1787722213.4965398,container,30.0,30.0,28.675,False,200,
1787722213.5298731,container,30.0,30.0,24.724,False,200,
1787722213.5632064,container,30.0,30.0,28.483,False,200,
1787722213.5965397,container,30.0,30.0,27.569,False,200,
1787722213.629873,container,30.0,30.0,24.451,False,200,
1787722213.6632063,container,30.0,30.0,31.855,False,200,
1787722213.6965396,container,30.0,30.0,29.119,False,200,
1787722213.7298732,container,30.0,30.0,33.319,False,200,
1787722213.7632065,container,30.0,30.0,38.059,False,200,
1787722213.7965398,container,30.0,30.0,31.115,False,200,
1787722213.829873,container,30.0,30.0,29.823,False,200,
1787722213.8632064,container,30.0,30.0,34.018,False,200,
1787722213.8965397,container,30.0,30.0,30.641,False,200,
1787722213.929873,container,30.0,30.0,41.373,False,200,
1787722213.9632065,container,30.0,30.0,33.078,False,200,
1787722213.9965398,container,30.0,30.0,30.877,False,200,
1787722214.0298731,container,30.0,30.0,30.136,False,200,
1787722214.0632064,container,30.0,30.0,24.864,False,200,
1787722214.0965397,container,30.0,30.0,27.231,False,200,
1787722214.129873,container,30.0,30.0,37.791,False,200,
1787722214.1632063,container,30.0,30.0,22.191,False,200,
1787722214.1965396,container,30.0,30.0,36.348,False,200,
1787722214.2298732,container,30.0,30.0,29.855,False,200,
1787722214.2632065,container,30.0,30.0,23.105,False,200,
1787722214.2965398,container,30.0,30.0,34.6,False,200,
1787722214.329873,container,30.0,30.0,27.854,False,200,
1787722214.3632064,container,30.0,30.0,34.62,False,200,
1787722214.3965397,container,30.0,30.0,34.239,False,200,
1787722214.429873,container,30.0,30.0,27.791,False,200,
1787722214.4632065,container,30.0,30.0,26.815,False,200,
1787722214.4965398,container,30.0,30.0,26.228,False,200,
1787722214.5298731,container,30.0,30.0,42.024,False,200,
1787722214.5632064,container,30.0,30.0,31.673,False,200,
1787722214.5965397,container,30.0,30.0,27.392,False,200,
1787722214.629873,container,30.0,30.0,25.318,False,200,
1787722214.6632063,container,30.0,30.0,34.383,False,200,
1787722214.6965396,container,30.0,30.0,30.598,False,200,
1787722214.7298732,container,30.0,30.0,45.2,False,200,
1787722214.7632065,container,30.0,30.0,27.47,False,200,
1787722214.7965398,container,30.0,30.0,37.466,False,200,
1787722214.829873,container,30.0,30.0,31.452,False,200,
1787722214.8632064,container,30.0,30.0,32.973,False,200,
1787722214.8965397,container,30.0,30.0,28.841,False,200,
1787722214.929873,container,30.0,30.0,25.474,False,200,
1787722214.9632065,container,30.0,30.0,34.267,False,200,
1787722214.9965398,container,30.0,30.0,36.558,False,200,
1787722215.0298731,container,30.0,30.0,29.618,False,200,
1787722215.0632064,container,30.0,30.0,33.511,False,200,
1787722215.0965397,container,30.0,30.0,35.276,False,200,
1787722215.129873,container,30.0,30.0,28.717,False,200,
1787722215.1632063,container,30.0,30.0,31.997,False,200,
1787722215.1965396,container,30.0,30.0,24.999,False,200,
1787722215.2298732,container,30.0,30.0,31.522,False,200,
1787722215.2632065,container,30.0,30.0,32.994,False,200,
1787722215.2965398,container,30.0,30.0,38.076,False,200,
1787722215.329873,container,30.0,30.0,28.941,False,200,
1787722215.3632064,container,30.0,30.0,27.757,False,200,
1787722215.3965397,container,30.0,30.0,26.481,False,200,
1787722215.429873,container,30.0,30.0,37.289,False,200,
1787722215.4632065,container,30.0,30.0,22.662,False,200,
1787722215.4965398,container,30.0,30.0,28.911,False,200,
1787722215.5298731,container,30.0,30.0,23.442,False,200,
1787722215.5632064,container,30.0,30.0,32.838,False,200,
1787722215.5965397,container,30.0,30.0,28.168,False,200,
1787722215.629873,container,30.0,30.0,34.712,False,200,
1787722215.6632063,container,30.0,30.0,26.831,False,200,
1787722215.6965396,container,30.0,30.0,33.755,False,200,
1787722215.7298732,container,30.0,30.0,31.61,False,200,
1787722215.7632065,container,30.0,30.0,28.548,False,200,
1787722215.7965398,container,30.0,30.0,26.865,False,200,
1787722215.829873,container,30.0,30.0,33.733,False,200,
1787722215.8632064,container,30.0,30.0,34.8,False,200,
1787722215.8965397,container,30.0,30.0,32.652,False,200,
1787722215.929873,container,30.0,30.0,29.961,False,200,
1787722215.9632065,container,30.0,30.0,25.841,False,200,
1787722215.9965398,container,30.0,30.0,28.222,False,200,
1787722216.0298731,container,30.0,30.0,35.507,False,200,
1787722216.0632064,container,30.0,30.0,41.57,False,200,
1787722216.0965397,container,30.0,30.0,21.963,False,200,
1787722216.129873,container,30.0,30.0,31.086,False,200,
1787722216.1632063,container,30.0,30.0,29.171,False,200,
1787722216.1965396,container,30.0,30.0,35.34,False,200,
1787722216.2298732,container,30.0,30.0,29.537,False,200,
1787722216.2632065,container,30.0,30.0,37.283,False,200,
1787722216.2965398,container,30.0,30.0,31.704,False,200,
1787722216.329873,container,30.0,30.0,29.548,False,200,
1787722216.3632064,container,30.0,30.0,30.788,False,200,
1787722216.3965397,container,30.0,30.0,28.063,False,200,
1787722216.429873,container,30.0,30.0,33.698,False,200,
1787722216.4632065,container,30.0,30.0,28.903,False,200,
1787722216.4965398,container,30.0,30.0,29.551,False,200,
1787722216.5298731,container,30.0,30.0,35.293,False,200,
1787722216.5632064,container,30.0,30.0,39.013,False,200,
1787722216.5965397,container,30.0,30.0,34.892,False,200,
1787722216.629873,container,30.0,30.0,21.369,False,200,
1787722216.6632063,container,30.0,30.0,27.654,False,200,
1787722216.6965396,container,30.0,30.0,30.666,False,200,
1787722216.7298732,container,30.0,30.0,33.629,False,200,
1787722216.7632065,container,30.0,30.0,28.791,False,200,
1787722216.7965398,container,30.0,30.0,27.19,False,200,
1787722216.829873,container,30.0,30.0,40.868,False,200,
1787722216.8632064,container,30.0,30.0,24.543,False,200,
1787722216.8965397,container,30.0,30.0,34.794,False,200,
1787722216.929873,container,30.0,30.0,36.96,False,200,
1787722216.9632065,container,30.0,30.0,34.354,False,200,
1787722216.9965398,container,30.0,30.0,29.236,False,200,
1787722217.0298731,container,30.0,30.0,28.185,False,200,
1787722217.0632064,container,30.0,30.0,27.788,False,200,
1787722217.0965397,container,30.0,30.0,26.315,False,200,
1787722217.129873,container,30.0,30.0,33.375,False,200,
1787722217.1632063,container,30.0,30.0,23.721,False,200,
1787722217.1965396,container,30.0,30.0,35.468,False,200,
1787722217.2298732,container,30.0,30.0,26.991,False,200,
1787722217.2632065,container,30.0,30.0,27.893,False,200,
1787722217.2965398,container,30.0,30.0,35.827,False,200,
1787722217.329873,container,30.0,30.0,28.795,False,200,
1787722217.3632064,container,30.0,30.0,38.305,False,200,
1787722217.3965397,container,30.0,30.0,32.472,False,200,
1787722217.429873,container,30.0,30.0,26.891,False,200,
1787722217.4632065,container,30.0,30.0,28.925,False,200,
1787722217.4965398,container,30.0,30.0,32.668,False,200,
1787722217.5298731,container,30.0,30.0,36.595,False,200,
1787722217.5632064,container,30.0,30.0,35.123,False,200,
1787722217.5965397,container,30.0,30.0,37.902,False,200,
1787722217.629873,container,30.0,30.0,34.311,False,200,
1787722217.6632063,container,30.0,30.0,28.941,False,200,
1787722217.6965396,container,30.0,30.0,35.438,False,200,
1787722217.7298732,container,30.0,30.0,30.375,False,200,
1787722217.7632065,container,30.0,30.0,28.066,False,200,
1787722217.7965398,container,30.0,30.0,24.961,False,200,
1787722217.829873,container,30.0,30.0,29.157,False,200,
1787722217.8632064,container,30.0,30.0,25.908,False,200,
1787722217.8965397,container,30.0,30.0,28.249,False,200,
1787722217.929873,container,30.0,30.0,33.92,False,200,
1787722217.9632065,container,30.0,30.0,32.475,False,200,
1787722217.9965398,container,30.0,30.0,32.792,False,200,
1787722218.0298731,container,30.0,30.0,33.712,False,200,
1787722218.0632064,container,30.0,30.0,34.181,False,200,
1787722218.0965397,container,30.0,30.0,30.79,False,200,
1787722218.129873,container,30.0,30.0,23.468,False,200,
1787722218.1632063,container,30.0,30.0,26.459,False,200,
1787722218.1965396,container,30.0,30.0,35.805,False,200,
1787722218.2298732,container,30.0,30.0,28.095,False,200,
1787722218.2632065,container,30.0,30.0,36.061,False,200,
1787722218.2965398,container,30.0,30.0,28.253,False,200,
1787722218.329873,container,30.0,30.0,32.072,False,200,
1787722218.3632064,container,30.0,30.0,26.068,False,200,
1787722218.3965397,container,30.0,30.0,23.899,False,200,
1787722218.429873,container,30.0,30.0,25.872,False,200,
1787722218.4632065,container,30.0,30.0,31.403,False,200,
1787722218.4965398,container,30.0,30.0,30.286,False,200,
1787722218.5298731,container,30.0,30.0,29.872,False,200,
1787722218.5632064,container,30.0,30.0,32.09,False,200,
1787722218.5965397,container,30.0,30.0,24.259,False,200,
1787722218.629873,container,30.0,30.0,30.015,False,200,
1787722218.6632063,container,30.0,30.0,31.545,False,200,
1787722218.6965396,container,30.0,30.0,28.658,False,200,
1787722218.7298732,container,30.0,30.0,24.521,False,200,
1787722218.7632065,container,30.0,30.0,30.413,False,200,
1787722218.7965398,container,30.0,30.0,30.84,False,200,
1787722218.829873,container,30.0,30.0,27.717,False,200,
1787722218.8632064,container,30.0,30.0,27.603,False,200,
1787722218.8965397,container,30.0,30.0,34.006,False,200,
1787722218.929873,container,30.0,30.0,26.476,False,200,
1787722218.9632065,container,30.0,30.0,35.004,False,200,
1787722218.9965398,container,30.0,30.0,30.392,False,200,
1787722219.0298731,container,30.0,30.0,34.53,False,200,
1787722219.0632064,container,30.0,30.0,31.485,False,200,
1787722219.0965397,container,30.0,30.0,31.636,False,200,
1787722219.129873,container,30.0,30.0,22.14,False,200,
1787722219.1632063,container,30.0,30.0,30.514,False,200,
1787722219.1965396,container,30.0,30.0,31.098,False,200,
1787722219.2298732,container,30.0,30.0,27.983,False,200,
1787722219.2632065,container,30.0,30.0,23.117,False,200,
1787722219.2965398,container,30.0,30.0,28.657,False,200,
1787722219.329873,container,30.0,30.0,37.374,False,200,
1787722219.3632064,container,30.0,30.0,27.896,False,200,
1787722219.3965397,container,30.0,30.0,32.547,False,200,
1787722219.429873,container,30.0,30.0,31.873,False,200,
1787722219.4632065,container,30.0,30.0,32.781,False,200,
1787722219.4965398,container,30.0,30.0,33.782,False,200,
1787722219.5298731,container,30.0,30.0,27.202,False,200,
1787722219.5632064,container,30.0,30.0,24.433,False,200,
1787722219.5965397,container,30.0,30.0,27.183,False,200,
1787722219.629873,container,30.0,30.0,27.954,False,200,
1787722219.6632063,container,30.0,30.0,33.777,False,200,
1787722219.6965396,container,30.0,30.0,29.142,False,200,
1787722219.7298732,container,30.0,30.0,28.828,False,200,
1787722219.7632065,container,30.0,30.0,40.501,False,200,
1787722219.7965398,container,30.0,30.0,27.918,False,200,
1787722219.829873,container,30.0,30.0,29.776,False,200,
1787722219.8632064,container,30.0,30.0,32.34,False,200,
1787722219.8965397,container,30.0,30.0,34.21,False,200,
1787722219.929873,container,30.0,30.0,32.796,False,200,
1787722219.9632065,container,30.0,30.0,25.558,False,200,
1787722219.9965398,container,30.0,30.0,29.911,False,200,
1787722220.0298731,container,30.0,30.0,31.053,False,200,
1787722220.0632064,container,30.0,30.0,27.326,False,200,
1787722220.0965397,container,30.0,30.0,41.821,False,200,
1787722220.129873,container,30.0,30.0,29.197,False,200,
1787722220.1632063,container,30.0,30.0,31.218,False,200,
1787722220.1965396,container,30.0,30.0,38.175,False,200,
1787722220.2298732,container,30.0,30.0,27.166,False,200,
1787722220.2632065,container,30.0,30.0,32.01,False,200,
1787722220.2965398,container,30.0,30.0,39.343,False,200,
1787722220.329873,container,30.0,30.0,25.004,False,200,
1787722220.3632064,container,30.0,30.0,28.346,False,200,
1787722220.3965397,container,30.0,30.0,30.837,False,200,
1787722220.429873,container,30.0,30.0,30.892,False,200,
1787722220.4632065,container,30.0,30.0,36.903,False,200,
1787722220.4965398,container,30.0,30.0,35.934,False,200,
1787722220.5298731,container,30.0,30.0,27.151,False,200,
1787722220.5632064,container,30.0,30.0,24.902,False,200,
1787722220.5965397,container,30.0,30.0,41.274,False,200,
1787722220.629873,container,30.0,30.0,23.992,False,200,
1787722220.6632063,container,30.0,30.0,40.189,False,200,
1787722220.6965396,container,30.0,30.0,23.224,False,200,
1787722220.7298732,container,30.0,30.0,28.514,False,200,
1787722220.7632065,container,30.0,30.0,26.894,False,200,
1787722220.7965398,container,30.0,30.0,25.529,False,200,
1787722220.829873,container,30.0,30.0,28.578,False,200,
1787722220.8632064,container,30.0,30.0,30.208,False,200,
1787722220.8965397,container,30.0,30.0,28.503,False,200,
1787722220.929873,container,30.0,30.0,24.436,False,200,
1787722220.9632065,container,30.0,30.0,25.389,False,200,
1787722220.9965398,container,30.0,30.0,36.934,False,200,
1787722221.0298731,container,30.0,30.0,30.93,False,200,
1787722221.0632064,container,30.0,30.0,33.638,False,200,
1787722221.0965397,container,30.0,30.0,27.824,False,200,
1787722221.129873,container,30.0,30.0,32.784,False,200,
1787722221.1632063,container,30.0,30.0,31.1,False,200,
1787722221.1965396,container,30.0,30.0,29.572,False,200,
1787722221.2298732,container,30.0,30.0,29.613,False,200,
1787722221.2632065,container,30.0,30.0,38.742,False,200,
1787722221.2965398,container,30.0,30.0,24.363,False,200,
1787722221.329873,container,30.0,30.0,30.554,False,200,
1787722221.3632064,container,30.0,30.0,28.351,False,200,
1787722221.3965397,container,30.0,30.0,29.4,False,200,
1787722221.429873,container,30.0,30.0,27.631,False,200,
1787722221.4632065,container,30.0,30.0,31.188,False,200,
1787722221.4965398,container,30.0,30.0,27.525,False,200,
1787722221.5298731,container,30.0,30.0,23.391,False,200,
1787722221.5632064,container,30.0,30.0,27.447,False,200,
1787722221.5965397,container,30.0,30.0,28.116,False,200,
1787722221.629873,container,30.0,30.0,28.679,False,200,
1787722221.6632063,container,30.0,30.0,28.483,False,200,
1787722221.6965396,container,30.0,30.0,36.556,False,200,
1787722221.7298732,container,30.0,30.0,32.682,False,200,
1787722221.7632065,container,30.0,30.0,30.876,False,200,
1787722221.7965398,container,30.0,30.0,23.901,False,200,
1787722221.829873,container,30.0,30.0,33.119,False,200,
1787722221.8632064,container,30.0,30.0,24.846,False,200,
1787722221.8965397,container,30.0,30.0,33.639,False,200,
1787722221.929873,container,30.0,30.0,23.349,False,200,
1787722221.9632065,container,30.0,30.0,23.428,False,200,
1787722221.9965398,container,30.0,30.0,29.643,False,200,
1787722222.0298731,container,30.0,30.0,43.863,False,200,
1787722222.0632064,container,30.0,30.0,33.522,False,200,
1787722222.0965397,container,30.0,30.0,33.395,False,200,
1787722222.129873,container,30.0,30.0,31.167,False,200,
1787722222.1632063,container,30.0,30.0,27.802,False,200,
1787722222.1965396,container,30.0,30.0,31.421,False,200,
1787722222.2298732,container,30.0,30.0,28.907,False,200,
1787722222.2632065,container,30.0,30.0,31.915,False,200,
1787722222.2965398,container,30.0,30.0,25.214,False,200,
1787722222.329873,container,30.0,30.0,41.418,False,200,
1787722222.3632064,container,30.0,30.0,33.205,False,200,
1787722222.3965397,container,30.0,30.0,27.897,False,200,
1787722222.429873,container,30.0,30.0,32.37,False,200,
1787722222.4632065,container,30.0,30.0,30.372,False,200,
1787722222.4965398,container,30.0,30.0,26.224,False,200,
1787722222.5298731,container,30.0,30.0,35.181,False,200,
1787722222.5632064,container,30.0,30.0,24.606,False,200,
1787722222.5965397,container,30.0,30.0,22.673,False,200,
1787722222.629873,container,30.0,30.0,25.094,False,200,
1787722222.6632063,container,30.0,30.0,30.885,False,200,
1787722222.6965396,container,30.0,30.0,31.384,False,200,
1787722222.7298732,container,30.0,30.0,26.817,False,200,
1787722222.7632065,container,30.0,30.0,26.11,False,200,
1787722222.7965398,container,30.0,30.0,28.844,False,200,
1787722222.829873,container,30.0,30.0,29.545,False,200,
1787722222.8632064,container,30.0,30.0,29.088,False,200,
1787722222.8965397,container,30.0,30.0,31.762,False,200,
1787722222.929873,container,30.0,30.0,28.415,False,200,
1787722222.9632065,container,30.0,30.0,32.781,False,200,
1787722222.9965398,container,30.0,30.0,28.131,False,200,
1787722223.0298731,container,30.0,30.0,28.151,False,200,
1787722223.0632064,container,30.0,30.0,30.678,False,200,
1787722223.0965397,container,30.0,30.0,29.835,False,200,
1787722223.129873,container,30.0,30.0,23.519,False,200,
1787722223.1632063,container,30.0,30.0,34.173,False,200,
1787722223.1965396,container,30.0,30.0,34.375,False,200,
1787722223.2298732,container,30.0,30.0,34.512,False,200,
1787722223.2632065,container,30.0,30.0,33.202,False,200,
1787722223.2965398,container,30.0,30.0,29.426,False,200,
1787722223.329873,container,30.0,30.0,33.88,False,200,
1787722223.3632064,container,30.0,30.0,34.777,False,200,
1787722223.3965397,container,30.0,30.0,23.926,False,200,
1787722223.429873,container,30.0,30.0,26.85,False,200,
1787722223.4632065,container,30.0,30.0,26.246,False,200,
1787722223.4965398,container,30.0,30.0,34.206,False,200,
1787722223.5298731,container,30.0,30.0,23.627,False,200,
1787722223.5632064,container,30.0,30.0,36.731,False,200,
1787722223.5965397,container,30.0,30.0,32.401,False,200,
1787722223.629873,container,30.0,30.0,36.297,False,200,
1787722223.6632063,container,30.0,30.0,42.883,False,200,
1787722223.6965396,container,30.0,30.0,28.621,False,200,
1787722223.7298732,container,30.0,30.0,22.227,False,200,
1787722223.7632065,container,30.0,30.0,31.112,False,200,
1787722223.7965398,container,30.0,30.0,35.554,False,200,
1787722223.829873,container,30.0,30.0,37.893,False,200,
1787722223.8632064,container,30.0,30.0,29.28,False,200,
1787722223.8965397,container,30.0,30.0,31.341,False,200,
1787722223.929873,container,30.0,30.0,31.976,False,200,
1787722223.9632065,container,30.0,30.0,30.685,False,200,
1787722223.9965398,container,30.0,30.0,34.667,False,200,
1787722224.0298731,container,30.0,30.0,28.57,False,200,
1787722224.0632064,container,30.0,30.0,23.864,False,200,
1787722224.0965397,container,30.0,30.0,28.383,False,200,
1787722224.129873,container,30.0,30.0,32.515,False,200,
1787722224.1632063,container,30.0,30.0,27.303,False,200,
1787722224.1965396,container,30.0,30.0,27.515,False,200,
1787722224.2298732,container,30.0,30.0,32.79,False,200,
1787722224.2632065,container,30.0,30.0,29.163,False,200,
1787722224.2965398,container,30.0,30.0,38.341,False,200,
1787722224.329873,container,30.0,30.0,35.473,False,200,
1787722224.3632064,container,30.0,30.0,30.967,False,200,
1787722224.3965397,container,30.0,30.0,42.441,False,200,
1787722224.429873,container,30.0,30.0,41.67,False,200,
1787722224.4632065,container,30.0,30.0,30.188,False,200,
1787722224.4965398,container,30.0,30.0,28.047,False,200,
1787722224.5298731,container,30.0,30.0,29.9,False,200,
1787722224.5632064,container,30.0,30.0,36.685,False,200,
1787722224.5965397,container,30.0,30.0,28.194,False,200,
1787722224.629873,container,30.0,30.0,22.098,False,200,
1787722224.6632063,container,30.0,30.0,25.288,False,200,
1787722224.6965396,container,30.0,30.0,25.741,False,200,
1787722224.7298732,container,30.0,30.0,29.751,False,200,
1787722224.7632065,container,30.0,30.0,36.449,False,200,
1787722224.7965398,container,30.0,30.0,24.749,False,200,
1787722224.829873,container,30.0,30.0,27.001,False,200,
1787722224.8632064,container,30.0,30.0,33.642,False,200,
1787722224.8965397,container,30.0,30.0,39.836,False,200,
1787722224.929873,container,30.0,30.0,23.187,False,200,
1787722224.9632065,container,30.0,30.0,32.38,False,200,
1787722224.9965398,container,30.0,30.0,37.655,False,200,
1787722225.0298731,container,30.0,30.0,29.154,False,200,
1787722225.0632064,container,30.0,30.0,28.422,False,200,
1787722225.0965397,container,30.0,30.0,29.547,False,200,
1787722225.129873,container,30.0,30.0,39.221,False,200,
1787722225.1632063,container,30.0,30.0,22.378,False,200,
1787722225.1965396,container,30.0,30.0,31.562,False,200,
1787722225.2298732,container,30.0,30.0,24.536,False,200,
1787722225.2632065,container,30.0,30.0,40.65,False,200,
1787722225.2965398,container,30.0,30.0,30.352,False,200,
1787722225.329873,container,30.0,30.0,31.474,False,200,
1787722225.3632064,container,30.0,30.0,24.683,False,200,
1787722225.3965397,container,30.0,30.0,32.558,False,200,
1787722225.429873,container,30.0,30.0,27.886,False,200,
1787722225.4632065,container,30.0,30.0,31.001,False,200,
1787722225.4965398,container,30.0,30.0,38.426,False,200,
1787722225.5298731,container,30.0,30.0,28.507,False,200,
1787722225.5632064,container,30.0,30.0,27.02,False,200,
1787722225.5965397,container,30.0,30.0,24.304,False,200,
1787722225.629873,container,30.0,30.0,25.587,False,200,
1787722225.6632063,container,30.0,30.0,42.006,False,200,
1787722225.6965396,container,30.0,30.0,31.213,False,200,
1787722225.7298732,container,30.0,30.0,25.272,False,200,
1787722225.7632065,container,30.0,30.0,40.009,False,200,
1787722225.7965398,container,30.0,30.0,27.15,False,200,
1787722225.829873,container,30.0,30.0,24.652,False,200,
1787722225.8632064,container,30.0,30.0,24.289,False,200,
1787722225.8965397,container,30.0,30.0,33.412,False,200,
1787722225.929873,container,30.0,30.0,31.599,False,200,
1787722225.9632065,container,30.0,30.0,24.752,False,200,
1787722225.9965398,container,30.0,30.0,33.737,False,200,
1787722226.0298731,container,30.0,30.0,25.924,False,200,
1787722226.0632064,container,30.0,30.0,29.012,False,200,
1787722226.0965397,container,30.0,30.0,32.86,False,200,
1787722226.129873,container,30.0,30.0,29.51,False,200,
1787722226.1632063,container,30.0,30.0,48.587,False,200,
1787722226.1965396,container,30.0,30.0,30.832,False,200,
1787722226.2298732,container,30.0,30.0,27.28,False,200,
1787722226.2632065,container,30.0,30.0,31.642,False,200,
1787722226.2965398,container,30.0,30.0,34.874,False,200,
1787722226.329873,container,30.0,30.0,26.859,False,200,
1787722226.3632064,container,30.0,30.0,35.248,False,200,
1787722226.3965397,container,30.0,30.0,27.716,False,200,
1787722226.429873,container,30.0,30.0,29.44,False,200,
1787722226.4632065,container,30.0,30.0,34.283,False,200,
1787722226.4965398,container,30.0,30.0,32.759,False,200,
1787722226.5298731,container,30.0,30.0,36.908,False,200,
1787722226.5632064,container,30.0,30.0,29.47,False,200,
1787722226.5965397,container,30.0,30.0,26.643,False,200,
1787722226.629873,container,30.0,30.0,32.984,False,200,
1787722226.6632063,container,30.0,30.0,35.775,False,200,
1787722226.6965396,container,30.0,30.0,41.535,False,200,
1787722226.7298732,container,30.0,30.0,33.706,False,200,
1787722226.7632065,container,30.0,30.0,24.478,False,200,
1787722226.7965398,container,30.0,30.0,30.894,False,200,
1787722226.829873,container,30.0,30.0,30.04,False,200,
1787722226.8632064,container,30.0,30.0,34.489,False,200,
1787722226.8965397,container,30.0,30.0,29.265,False,200,
1787722226.929873,container,30.0,30.0,30.115,False,200,
1787722226.9632065,container,30.0,30.0,29.369,False,200,
1787722226.9965398,container,30.0,30.0,24.976,False,200,
1787722227.0298731,container,30.0,30.0,25.229,False,200,
1787722227.0632064,container,30.0,30.0,26.639,False,200,
1787722227.0965397,container,30.0,30.0,27.315,False,200,
1787722227.129873,container,30.0,30.0,35.905,False,200,
1787722227.1632063,container,30.0,30.0,30.503,False,200,
1787722227.1965396,container,30.0,30.0,31.938,False,200,
1787722227.2298732,container,30.0,30.0,31.136,False,200,
1787722227.2632065,container,30.0,30.0,29.97,False,200,
1787722227.2965398,container,30.0,30.0,26.641,False,200,
1787722227.329873,container,30.0,30.0,31.602,False,200,
1787722227.3632064,container,30.0,30.0,38.555,False,200,
1787722227.3965397,container,30.0,30.0,32.902,False,200,
1787722227.429873,container,30.0,30.0,25.034,False,200,
1787722227.4632065,container,30.0,30.0,44.938,False,200,
1787722227.4965398,container,30.0,30.0,34.812,False,200,
1787722227.5298731,container,30.0,30.0,35.086,False,200,
1787722227.5632064,container,30.0,30.0,26.183,False,200,
1787722227.5965397,container,30.0,30.0,35.574,False,200,
1787722227.629873,container,30.0,30.0,19.671,False,200,
1787722227.6632063,container,30.0,30.0,31.2,False,200,
1787722227.6965396,container,30.0,30.0,41.228,False,200,
1787722227.7298732,container,30.0,30.0,30.391,False,200,
1787722227.7632065,container,30.0,30.0,29.965,False,200,
1787722227.7965398,container,30.0,30.0,34.57,False,200,
1787722227.829873,container,30.0,30.0,27.914,False,200,
1787722227.8632064,container,30.0,30.0,36.502,False,200,
1787722227.8965397,container,30.0,30.0,31.499,False,200,
1787722227.929873,container,30.0,30.0,30.366,False,200,
1787722227.9632065,container,30.0,30.0,30.914,False,200,
1787722227.9965398,container,30.0,30.0,28.66,False,200,
1787722228.0298731,container,30.0,30.0,29.192,False,200,
1787722228.0632064,container,30.0,30.0,27.347,False,200,
1787722228.0965397,container,30.0,30.0,33.152,False,200,
1787722228.129873,container,30.0,30.0,22.864,False,200,
1787722228.1632063,container,30.0,30.0,27.771,False,200,
1787722228.1965396,container,30.0,30.0,32.414,False,200,
1787722228.2298732,container,30.0,30.0,28.539,False,200,
1787722228.2632065,container,30.0,30.0,27.401,False,200,
1787722228.2965398,container,30.0,30.0,32.328,False,200,
1787722228.329873,container,30.0,30.0,24.113,False,200,
1787722228.3632064,container,30.0,30.0,25.7,False,200,
1787722228.3965397,container,30.0,30.0,23.906,False,200,
1787722228.429873,container,30.0,30.0,23.814,False,200,
1787722228.4632065,container,30.0,30.0,30.257,False,200,
1787722228.4965398,container,30.0,30.0,27.954,False,200,
1787722228.5298731,container,30.0,30.0,38.921,False,200,
1787722228.5632064,container,30.0,30.0,37.662,False,200,
1787722228.5965397,container,30.0,30.0,32.966,False,200,
1787722228.629873,container,30.0,30.0,19.516,False,200,
1787722228.6632063,container,30.0,30.0,36.15,False,200,
1787722228.6965396,container,30.0,30.0,27.129,False,200,
1787722228.7298732,container,30.0,30.0,31.535,False,200,
1787722228.7632065,container,30.0,30.0,34.099,False,200,
1787722228.7965398,container,30.0,30.0,25.592,False,200,
1787722228.829873,container,30.0,30.0,29.561,False,200,
1787722228.8632064,container,30.0,30.0,31.538,False,200,
1787722228.8965397,container,30.0,30.0,29.837,False,200,
1787722228.929873,container,30.0,30.0,25.034,False,200,
1787722228.9632065,container,30.0,30.0,29.343,False,200,
1787722228.9965398,container,30.0,30.0,31.008,False,200,
1787722229.0298731,container,30.0,30.0,28.347,False,200,
1787722229.0632064,container,30.0,30.0,26.496,False,200,
1787722229.0965397,container,30.0,30.0,26.259,False,200,
1787722229.129873,container,30.0,30.0,31.838,False,200,
1787722229.1632063,container,30.0,30.0,40.683,False,200,
1787722229.1965396,container,30.0,30.0,32.357,False,200,
1787722229.2298732,container,30.0,30.0,27.632,False,200,
1787722229.2632065,container,30.0,30.0,32.245,False,200,
1787722229.2965398,container,30.0,30.0,29.036,False,200,
1787722229.329873,container,30.0,30.0,33.168,False,200,
1787722229.3632064,container,30.0,30.0,29.549,False,200,
1787722229.3965397,container,30.0,30.0,28.967,False,200,
1787722229.429873,container,30.0,30.0,29.119,False,200,
1787722229.4632065,container,30.0,30.0,34.115,False,200,
1787722229.4965398,container,30.0,30.0,31.668,False,200,
1787722229.5298731,container,30.0,30.0,28.538,False,200,
1787722229.5632064,container,30.0,30.0,28.309,False,200,
1787722229.5965397,container,30.0,30.0,32.393,False,200,
1787722229.629873,container,30.0,30.0,34.453,False,200,
1787722229.6632063,container,30.0,30.0,33.101,False,200,
1787722229.6965396,container,30.0,30.0,21.866,False,200,
1787722229.7298732,container,30.0,30.0,29.981,False,200,
1787722229.7632065,container,30.0,30.0,29.215,False,200,
1787722229.7965398,container,30.0,30.0,32.555,False,200,
1787722229.829873,container,30.0,30.0,33.634,False,200,
1787722229.8632064,container,30.0,30.0,31.049,False,200,
1787722229.8965397,container,30.0,30.0,29.638,False,200,
1787722229.929873,container,30.0,30.0,31.034,False,200,
1787722229.9632065,container,30.0,30.0,36.419,False,200,
1787722229.9965398,container,30.0,30.0,42.779,False,200,
1787722230.0298731,container,30.0,30.0,30.895,False,200,
1787722230.0632064,container,30.0,30.0,20.471,False,200,
1787722230.0965397,container,30.0,30.0,28.327,False,200,
1787722230.129873,container,30.0,30.0,30.172,False,200,
1787722230.1632063,container,30.0,30.0,30.943,False,200,
1787722230.1965396,container,30.0,30.0,33.466,False,200,
1787722230.2298732,container,30.0,30.0,28.481,False,200,
1787722230.2632065,container,30.0,30.0,25.732,False,200,
1787722230.2965398,container,30.0,30.0,28.82,False,200,
1787722230.329873,container,30.0,30.0,38.613,False,200,
1787722230.3632064,container,30.0,30.0,26.829,False,200,
1787722230.3965397,container,30.0,30.0,27.512,False,200,
1787722230.429873,container,30.0,30.0,34.122,False,200,
1787722230.4632065,container,30.0,30.0,30.0,False,200,
1787722230.4965398,container,30.0,30.0,36.098,False,200,
1787722230.5298731,container,30.0,30.0,46.094,False,200,
1787722230.5632064,container,30.0,30.0,33.667,False,200,
1787722230.5965397,container,30.0,30.0,37.864,False,200,
1787722230.629873,container,30.0,30.0,33.422,False,200,
1787722230.6632063,container,30.0,30.0,33.544,False,200,
1787722230.6965396,container,30.0,30.0,27.271,False,200,
1787722230.7298732,container,30.0,30.0,26.857,False,200,
1787722230.7632065,container,30.0,30.0,33.224,False,200,
1787722230.7965398,container,30.0,30.0,30.885,False,200,
1787722230.829873,container,30.0,30.0,26.216,False,200,
1787722230.8632064,container,30.0,30.0,34.729,False,200,
1787722230.8965397,container,30.0,30.0,32.314,False,200,
1787722230.929873,container,30.0,30.0,30.358,False,200,
1787722230.9632065,container,30.0,30.0,22.634,False,200,
1787722230.9965398,container,30.0,30.0,29.268,False,200,
1787722231.0298731,container,30.0,30.0,22.367,False,200,
1787722231.0632064,container,30.0,30.0,32.003,False,200,
1787722231.0965397,container,30.0,30.0,35.143,False,200,
1787722231.129873,container,30.0,30.0,30.213,False,200,
1787722231.1632063,container,30.0,30.0,37.39,False,200,
1787722231.1965396,container,30.0,30.0,35.858,False,200,
1787722231.2298732,container,30.0,30.0,30.869,False,200,
1787722231.2632065,container,30.0,30.0,25.269,False,200,
1787722231.2965398,container,30.0,30.0,31.777,False,200,
1787722231.329873,container,30.0,30.0,40.704,False,200,
1787722231.3632064,container,30.0,30.0,26.061,False,200,
1787722231.3965397,container,30.0,30.0,32.548,False,200,
1787722231.429873,container,30.0,30.0,30.598,False,200,
1787722231.4632065,container,30.0,30.0,35.414,False,200,
1787722231.4965398,container,30.0,30.0,31.019,False,200,
1787722231.5298731,container,30.0,30.0,25.254,False,200,
1787722231.5632064,container,30.0,30.0,30.853,False,200,
1787722231.5965397,container,30.0,30.0,36.213,False,200,
1787722231.629873,container,30.0,30.0,26.845,False,200,
1787722231.6632063,container,30.0,30.0,37.084,False,200,
1787722231.6965396,container,30.0,30.0,37.936,False,200,
1787722231.7298732,container,30.0,30.0,32.41,False,200,
1787722231.7632065,container,30.0,30.0,28.542,False,200,
1787722231.7965398,container,30.0,30.0,23.918,False,200,
1787722231.829873,container,30.0,30.0,29.08,False,200,
1787722231.8632064,container,30.0,30.0,27.381,False,200,
1787722231.8965397,container,30.0,30.0,27.31,False,200,
1787722231.929873,container,30.0,30.0,29.631,False,200,
1787722231.9632065,container,30.0,30.0,24.565,False,200,
1787722231.9965398,container,30.0,30.0,28.739,False,200,
1787722232.0298731,container,30.0,30.0,34.285,False,200,
1787722232.0632064,container,30.0,30.0,31.249,False,200,
1787722232.0965397,container,30.0,30.0,32.26,False,200,
1787722232.129873,container,30.0,30.0,26.884,False,200,
1787722232.1632063,container,30.0,30.0,26.528,False,200,
1787722232.1965396,container,30.0,30.0,27.942,False,200,
1787722232.2298732,container,30.0,30.0,38.09,False,200,
1787722232.2632065,container,30.0,30.0,28.095,False,200,
1787722232.2965398,container,30.0,30.0,27.204,False,200,
1787722232.329873,container,30.0,30.0,28.348,False,200,
1787722232.3632064,container,30.0,30.0,28.187,False,200,
1787722232.3965397,container,30.0,30.0,23.415,False,200,
1787722232.429873,container,30.0,30.0,27.998,False,200,
1787722232.4632065,container,30.0,30.0,35.349,False,200,
1787722232.4965398,container,30.0,30.0,28.685,False,200,
1787722232.5298731,container,30.0,30.0,31.867,False,200,
1787722232.5632064,container,30.0,30.0,37.182,False,200,
1787722232.5965397,container,30.0,30.0,31.062,False,200,
1787722232.629873,container,30.0,30.0,48.716,False,200,
1787722232.6632063,container,30.0,30.0,23.925,False,200,
1787722232.6965396,container,30.0,30.0,28.275,False,200,
1787722232.7298732,container,30.0,30.0,30.562,False,200,
1787722232.7632065,container,30.0,30.0,44.173,False,200,
1787722232.7965398,container,30.0,30.0,26.782,False,200,
1787722232.829873,container,30.0,30.0,28.389,False,200,
1787722232.8632064,container,30.0,30.0,29.194,False,200,
1787722232.8965397,container,30.0,30.0,23.196,False,200,
1787722232.929873,container,30.0,30.0,31.639,False,200,
1787722232.9632065,container,30.0,30.0,30.362,False,200,
1787722232.9965398,container,30.0,30.0,28.091,False,200,
1787722233.0298731,container,30.0,30.0,32.502,False,200,
1787722233.0632064,container,30.0,30.0,22.116,False,200,
1787722233.0965397,container,30.0,30.0,32.894,False,200,
1787722233.129873,container,30.0,30.0,28.177,False,200,
1787722233.1632063,container,30.0,30.0,26.747,False,200,
1787722233.1965396,container,30.0,30.0,29.026,False,200,
1787722233.2298732,container,30.0,30.0,20.633,False,200,
1787722233.2632065,container,30.0,30.0,31.492,False,200,
1787722233.2965398,container,30.0,30.0,30.016,False,200,
1787722233.329873,container,30.0,30.0,33.149,False,200,
1787722233.3632064,container,30.0,30.0,34.095,False,200,
1787722233.3965397,container,30.0,30.0,32.443,False,200,
1787722233.429873,container,30.0,30.0,33.61,False,200,
1787722233.4632065,container,30.0,30.0,23.685,False,200,
1787722233.4965398,container,30.0,30.0,27.313,False,200,
1787722233.5298731,container,30.0,30.0,28.641,False,200,
1787722233.5632064,container,30.0,30.0,37.609,False,200,
1787722233.5965397,container,30.0,30.0,23.915,False,200,
1787722233.629873,container,30.0,30.0,25.238,False,200,
1787722233.6632063,container,30.0,30.0,29.283,False,200,
1787722233.6965396,container,30.0,30.0,29.283,False,200,
1787722233.7298732,container,30.0,30.0,31.261,False,200,
1787722233.7632065,container,30.0,30.0,31.566,False,200,
1787722233.7965398,container,30.0,30.0,33.054,False,200,
1787722233.829873,container,30.0,30.0,34.401,False,200,
1787722233.8632064,container,30.0,30.0,26.63,False,200,
1787722233.8965397,container,30.0,30.0,31.063,False,200,
1787722233.929873,container,30.0,30.0,29.65,False,200,
1787722233.9632065,container,30.0,30.0,31.713,False,200,
1787722233.9965398,container,30.0,30.0,32.418,False,200,
1787722234.0298731,container,30.0,30.0,29.249,False,200,
1787722234.0632064,container,30.0,30.0,30.196,False,200,
1787722234.0965397,container,30.0,30.0,22.809,False,200,
1787722234.129873,container,30.0,30.0,24.051,False,200,
1787722234.1632063,container,30.0,30.0,35.552,False,200,
1787722234.1965396,container,30.0,30.0,28.148,False,200,
1787722234.2298732,container,30.0,30.0,24.495,False,200,
1787722234.2632065,container,30.0,30.0,27.699,False,200,
1787722234.2965398,container,30.0,30.0,28.307,False,200,
1787722234.329873,container,30.0,30.0,29.815,False,200,
1787722234.3632064,container,30.0,30.0,34.021,False,200,
1787722234.3965397,container,30.0,30.0,25.939,False,200,
1787722234.429873,container,30.0,30.0,30.247,False,200,
1787722234.4632065,container,30.0,30.0,32.617,False,200,
1787722234.4965398,container,30.0,30.0,33.719,False,200,
1787722234.5298731,container,30.0,30.0,28.504,False,200,
1787722234.5632064,container,30.0,30.0,23.892,False,200,
1787722234.5965397,container,30.0,30.0,41.579,False,200,
1787722234.629873,container,30.0,30.0,30.158,False,200,
1787722234.6632063,container,30.0,30.0,30.656,False,200,
1787722234.6965396,container,30.0,30.0,31.337,False,200,
1787722234.7298732,container,30.0,30.0,31.597,False,200,
1787722234.7632065,container,30.0,30.0,23.519,False,200,
1787722234.7965398,container,30.0,30.0,22.206,False,200,
1787722234.829873,container,30.0,30.0,28.14,False,200,
1787722234.8632064,container,30.0,30.0,29.881,False,200,
1787722234.8965397,container,30.0,30.0,26.491,False,200,
1787722234.929873,container,30.0,30.0,29.591,False,200,
1787722234.9632065,container,30.0,30.0,29.012,False,200,
1787722234.9965398,container,30.0,30.0,26.541,False,200,
1787722235.0298731,container,30.0,30.0,24.279,False,200,
1787722235.0632064,container,30.0,30.0,33.291,False,200,
1787722235.0965397,container,30.0,30.0,26.775,False,200,
1787722235.129873,container,30.0,30.0,23.939,False,200,
1787722235.1632063,container,30.0,30.0,36.154,False,200,
1787722235.1965396,container,30.0,30.0,29.818,False,200,
1787722235.2298732,container,30.0,30.0,33.271,False,200,
1787722235.2632065,container,30.0,30.0,34.379,False,200,
1787722235.2965398,container,30.0,30.0,24.635,False,200,
1787722235.329873,container,30.0,30.0,25.205,False,200,
1787722235.3632064,container,30.0,30.0,31.802,False,200,
1787722235.3965397,container,30.0,30.0,28.586,False,200,
1787722235.429873,container,30.0,30.0,23.565,False,200,
1787722235.4632065,container,30.0,30.0,30.807,False,200,
1787722235.4965398,container,30.0,30.0,29.306,False,200,
1787722235.5298731,container,30.0,30.0,33.088,False,200,
1787722235.5632064,container,30.0,30.0,22.837,False,200,
1787722235.5965397,container,30.0,30.0,41.51,False,200,
1787722235.629873,container,30.0,30.0,31.302,False,200,
1787722235.6632063,container,30.0,30.0,30.482,False,200,
1787722235.6965396,container,30.0,30.0,34.561,False,200,
1787722235.7298732,container,30.0,30.0,25.089,False,200,
1787722235.7632065,container,30.0,30.0,36.091,False,200,
1787722235.7965398,container,30.0,30.0,24.226,False,200,
1787722235.829873,container,30.0,30.0,32.424,False,200,
1787722235.8632064,container,30.0,30.0,31.565,False,200,
1787722235.8965397,container,30.0,30.0,29.672,False,200,
1787722235.929873,container,30.0,30.0,32.86,False,200,
1787722235.9632065,container,30.0,30.0,29.656,False,200,
1787722235.9965398,container,30.0,30.0,33.184,False,200,
1787722236.0298731,container,30.0,30.0,29.391,False,200,
1787722236.0632064,container,30.0,30.0,32.863,False,200,
1787722236.0965397,container,30.0,30.0,23.125,False,200,
1787722236.129873,container,30.0,30.0,25.11,False,200,
1787722236.1632063,container,30.0,30.0,28.479,False,200,
1787722236.1965396,container,30.0,30.0,28.661,False,200,
1787722236.2298732,container,30.0,30.0,31.246,False,200,
1787722236.2632065,container,30.0,30.0,25.775,False,200,
1787722236.2965398,container,30.0,30.0,28.94,False,200,
1787722236.329873,container,30.0,30.0,33.592,False,200,
1787722236.3632064,container,30.0,30.0,36.972,False,200,
1787722236.3965397,container,30.0,30.0,21.638,False,200,
1787722236.429873,container,30.0,30.0,36.968,False,200,
1787722236.4632065,container,30.0,30.0,26.788,False,200,
1787722236.4965398,container,30.0,30.0,33.761,False,200,
1787722236.5298731,container,30.0,30.0,35.463,False,200,
1787722236.5632064,container,30.0,30.0,37.607,False,200,
1787722236.5965397,container,30.0,30.0,23.747,False,200,
1787722236.629873,container,30.0,30.0,25.852,False,200,
1787722236.6632063,container,30.0,30.0,35.977,False,200,
1787722236.6965396,container,30.0,30.0,30.065,False,200,
1787722236.7298732,container,30.0,30.0,25.215,False,200,
1787722236.7632065,container,30.0,30.0,24.871,False,200,
1787722236.7965398,container,30.0,30.0,27.95,False,200,
1787722236.829873,container,30.0,30.0,25.727,False,200,
1787722236.8632064,container,30.0,30.0,30.39,False,200,
1787722236.8965397,container,30.0,30.0,26.029,False,200,
1787722236.929873,container,30.0,30.0,32.647,False,200,
1787722236.9632065,container,30.0,30.0,23.561,False,200,
1787722236.9965398,container,30.0,30.0,33.378,False,200,
1787722237.0298731,container,30.0,30.0,29.737,False,200,
1787722237.0632064,container,30.0,30.0,22.155,False,200,
1787722237.0965397,container,30.0,30.0,32.947,False,200,
1787722237.129873,container,30.0,30.0,25.83,False,200,
1787722237.1632063,container,30.0,30.0,29.64,False,200,
1787722237.1965396,container,30.0,30.0,24.963,False,200,
1787722237.2298732,container,30.0,30.0,35.347,False,200,
1787722237.2632065,container,30.0,30.0,32.253,False,200,
1787722237.2965398,container,30.0,30.0,36.535,False,200,
1787722237.329873,container,30.0,30.0,32.105,False,200,
1787722237.3632064,container,30.0,30.0,39.981,False,200,
1787722237.3965397,container,30.0,30.0,27.809,False,200,
1787722237.429873,container,30.0,30.0,26.9,False,200,
1787722237.4632065,container,30.0,30.0,38.768,False,200,
1787722237.4965398,container,30.0,30.0,24.443,False,200,
1787722237.5298731,container,30.0,30.0,28.59,False,200,
1787722237.5632064,container,30.0,30.0,25.382,False,200,
1787722237.5965397,container,30.0,30.0,24.861,False,200,
1787722237.629873,container,30.0,30.0,32.679,False,200,
1787722237.6632063,container,30.0,30.0,26.556,False,200,
1787722237.6965396,container,30.0,30.0,27.295,False,200,
1787722237.7298732,container,30.0,30.0,32.957,False,200,
1787722237.7632065,container,30.0,30.0,34.377,False,200,
1787722237.7965398,container,30.0,30.0,31.242,False,200,
1787722237.829873,container,30.0,30.0,27.362,False,200,
1787722237.8632064,container,30.0,30.0,32.46,False,200,
1787722237.8965397,container,30.0,30.0,22.828,False,200,
1787722237.929873,container,30.0,30.0,28.166,False,200,
1787722237.9632065,container,30.0,30.0,27.408,False,200,
1787722237.9965398,container,30.0,30.0,30.863,False,200,
1787722238.0298731,container,30.0,30.0,36.232,False,200,
1787722238.0632064,container,30.0,30.0,32.006,False,200,
1787722238.0965397,container,30.0,30.0,33.396,False,200,
1787722238.129873,container,30.0,30.0,25.867,False,200,
1787722238.1632063,container,30.0,30.0,20.913,False,200,
1787722238.1965396,container,30.0,30.0,20.497,False,200,
1787722238.2298732,container,30.0,30.0,28.66,False,200,
1787722238.2632065,container,30.0,30.0,25.883,False,200,
1787722238.2965398,container,30.0,30.0,25.413,False,200,
1787722238.329873,container,30.0,30.0,23.137,False,200,
1787722238.3632064,container,30.0,30.0,30.239,False,200,
1787722238.3965397,container,30.0,30.0,33.514,False,200,
1787722238.429873,container,30.0,30.0,33.598,False,200,
1787722238.4632065,container,30.0,30.0,26.391,False,200,
1787722238.4965398,container,30.0,30.0,30.534,False,200,
1787722238.5298731,container,30.0,30.0,30.338,False,200,
1787722238.5632064,container,30.0,30.0,39.876,False,200,
1787722238.5965397,container,30.0,30.0,38.046,False,200,
1787722238.629873,container,30.0,30.0,28.723,False,200,
1787722238.6632063,container,30.0,30.0,30.65,False,200,
1787722238.6965396,container,30.0,30.0,27.632,False,200,
1787722238.7298732,container,30.0,30.0,35.415,False,200,
1787722238.7632065,container,30.0,30.0,28.933,False,200,
1787722238.7965398,container,30.0,30.0,40.285,False,200,
1787722238.829873,container,30.0,30.0,29.362,False,200,
1787722238.8632064,container,30.0,30.0,32.654,False,200,
1787722238.8965397,container,30.0,30.0,29.498,False,200,
1787722238.929873,container,30.0,30.0,25.386,False,200,
1787722238.9632065,container,30.0,30.0,28.675,False,200,
1787722238.9965398,container,30.0,30.0,33.013,False,200,
1787722239.0298731,container,30.0,30.0,40.764,False,200,
1787722239.0632064,container,30.0,30.0,32.736,False,200,
1787722239.0965397,container,30.0,30.0,24.731,False,200,
1787722239.129873,container,30.0,30.0,28.447,False,200,
1787722239.1632063,container,30.0,30.0,29.035,False,200,
1787722239.1965396,container,30.0,30.0,34.607,False,200,
1787722239.2298732,container,30.0,30.0,35.627,False,200,
1787722239.2632065,container,30.0,30.0,32.251,False,200,
1787722239.2965398,container,30.0,30.0,33.976,False,200,
1787722239.329873,container,30.0,30.0,23.825,False,200,
1787722239.3632064,container,30.0,30.0,31.433,False,200,
1787722239.3965397,container,30.0,30.0,30.684,False,200,
1787722239.429873,container,30.0,30.0,35.281,False,200,
1787722239.4632065,container,30.0,30.0,23.532,False,200,
1787722239.4965398,container,30.0,30.0,29.269,False,200,
1787722239.5298731,container,30.0,30.0,37.416,False,200,
1787722239.5632064,container,30.0,30.0,19.759,False,200,
1787722239.5965397,container,30.0,30.0,27.05,False,200,
1787722239.629873,container,30.0,30.0,24.047,False,200,
1787722239.6632063,container,30.0,30.0,29.997,False,200,
1787722239.6965396,container,30.0,30.0,24.587,False,200,
1787722239.7298732,container,30.0,30.0,33.131,False,200,
1787722239.7632065,container,30.0,30.0,24.285,False,200,
1787722239.7965398,container,30.0,30.0,34.241,False,200,
1787722239.829873,container,30.0,30.0,22.558,False,200,
1787722239.8632064,container,30.0,30.0,25.184,False,200,
1787722239.8965397,container,30.0,30.0,31.639,False,200,
1787722239.929873,container,30.0,30.0,31.735,False,200,
1787722239.9632065,container,30.0,30.0,27.93,False,200,
1787722239.9965398,container,30.0,30.0,28.382,False,200,
1787722240.0298731,container,30.0,30.0,25.353,False,200,
1787722240.0632064,container,30.0,30.0,27.39,False,200,
1787722240.0965397,container,30.0,30.0,31.431,False,200,
1787722240.129873,container,30.0,30.0,26.124,False,200,
1787722240.1632063,container,30.0,30.0,25.55,False,200,
1787722240.1965396,container,30.0,30.0,34.712,False,200,
1787722240.2298732,container,30.0,30.0,26.882,False,200,
1787722240.2632065,container,30.0,30.0,29.097,False,200,
1787722240.2965398,container,30.0,30.0,29.543,False,200,
1787722240.329873,container,30.0,30.0,26.609,False,200,
1787722240.3632064,container,30.0,30.0,33.193,False,200,
1787722240.3965397,container,30.0,30.0,30.268,False,200,
1787722240.429873,container,30.0,30.0,29.484,False,200,
1787722240.4632065,container,30.0,30.0,27.935,False,200,
1787722240.4965398,container,30.0,30.0,38.229,False,200,
1787722240.5298731,container,30.0,30.0,25.884,False,200,
1787722240.5632064,container,30.0,30.0,37.721,False,200,
1787722240.5965397,container,30.0,30.0,34.259,False,200,
1787722240.629873,container,30.0,30.0,29.52,False,200,
1787722240.6632063,container,30.0,30.0,35.981,False,200,
1787722240.6965396,container,30.0,30.0,24.923,False,200,
1787722240.7298732,container,30.0,30.0,30.198,False,200,
1787722240.7632065,container,30.0,30.0,32.431,False,200,
1787722240.7965398,container,30.0,30.0,28.709,False,200,
1787722240.829873,container,30.0,30.0,39.533,False,200,
1787722240.8632064,container,30.0,30.0,31.704,False,200,
1787722240.8965397,container,30.0,30.0,33.48,False,200,
1787722240.929873,container,30.0,30.0,28.445,False,200,
1787722240.9632065,container,30.0,30.0,26.276,False,200,
1787722240.9965398,container,30.0,30.0,27.452,False,200,
1787722241.0298731,container,30.0,30.0,42.431,False,200,
1787722241.0632064,container,30.0,30.0,38.51,False,200,
1787722241.0965397,container,30.0,30.0,29.56,False,200,
1787722241.129873,container,30.0,30.0,45.103,False,200,
1787722241.1632063,container,30.0,30.0,28.238,False,200,
1787722241.1965396,container,30.0,30.0,26.914,False,200,
1787722241.2298732,container,30.0,30.0,36.167,False,200,
1787722241.2632065,container,30.0,30.0,22.875,False,200,
1787722241.2965398,container,30.0,30.0,26.338,False,200,
1787722241.329873,container,30.0,30.0,37.979,False,200,
1787722241.3632064,container,30.0,30.0,38.256,False,200,
1787722241.3965397,container,30.0,30.0,28.947,False,200,
1787722241.429873,container,30.0,30.0,24.449,False,200,
1787722241.4632065,container,30.0,30.0,26.712,False,200,
1787722241.4965398,container,30.0,30.0,32.62,False,200,
1787722241.5298731,container,30.0,30.0,32.479,False,200,
1787722241.5632064,container,30.0,30.0,28.448,False,200,
1787722241.5965397,container,30.0,30.0,26.057,False,200,
1787722241.629873,container,30.0,30.0,27.668,False,200,
1787722241.6632063,container,30.0,30.0,29.57,False,200,
1787722241.6965396,container,30.0,30.0,29.728,False,200,
1787722241.7298732,container,30.0,30.0,34.497,False,200,
1787722241.7632065,container,30.0,30.0,31.898,False,200,
1787722241.7965398,container,30.0,30.0,27.055,False,200,
1787722241.829873,container,30.0,30.0,38.849,False,200,
1787722241.8632064,container,30.0,30.0,23.161,False,200,
1787722241.8965397,container,30.0,30.0,30.884,False,200,
1787722241.929873,container,30.0,30.0,36.609,False,200,
1787722241.9632065,container,30.0,30.0,27.401,False,200,
1787722241.9965398,container,30.0,30.0,32.7,False,200,
1787722242.0298731,container,30.0,30.0,29.937,False,200,
1787722242.0632064,container,30.0,30.0,27.342,False,200,
1787722242.0965397,container,30.0,30.0,35.472,False,200,
1787722242.129873,container,30.0,30.0,29.372,False,200,
1787722242.1632063,container,30.0,30.0,26.716,False,200,
1787722242.1965396,container,30.0,30.0,30.638,False,200,
1787722242.2298732,container,30.0,30.0,27.631,False,200,
1787722242.2632065,container,30.0,30.0,25.458,False,200,
1787722242.2965398,container,30.0,30.0,24.501,False,200,
1787722242.329873,container,30.0,30.0,31.681,False,200,
1787722242.3632064,container,30.0,30.0,30.48,False,200,
1787722242.3965397,container,30.0,30.0,28.234,False,200,
1787722242.429873,container,30.0,30.0,32.527,False,200,
1787722242.4632065,container,30.0,30.0,25.072,False,200,
1787722242.4965398,container,30.0,30.0,21.648,False,200,
1787722242.5298731,container,30.0,30.0,33.949,False,200,
1787722242.5632064,container,30.0,30.0,30.954,False,200,
1787722242.5965397,container,30.0,30.0,26.672,False,200,
1787722242.629873,container,30.0,30.0,29.155,False,200,
1787722242.6632063,container,30.0,30.0,31.597,False,200,
1787722242.6965396,container,30.0,30.0,37.359,False,200,
1787722242.7298732,container,30.0,30.0,33.342,False,200,
1787722242.7632065,container,30.0,30.0,27.776,False,200,
1787722242.7965398,container,30.0,30.0,36.873,False,200,
1787722242.829873,container,30.0,30.0,29.528,False,200,
1787722242.8632064,container,30.0,30.0,29.348,False,200,
1787722242.8965397,container,30.0,30.0,30.394,False,200,
1787722242.929873,container,30.0,30.0,42.142,False,200,
1787722242.9632065,container,30.0,30.0,36.578,False,200,
1787722242.9965398,container,30.0,30.0,31.131,False,200,
1787722243.0298731,container,30.0,30.0,31.577,False,200,
1787722243.0632064,container,30.0,30.0,20.45,False,200,
1787722243.0965397,container,30.0,30.0,30.664,False,200,
1787722243.129873,container,30.0,30.0,32.227,False,200,
1787722243.1632063,container,30.0,30.0,38.485,False,200,
1787722243.1965396,container,30.0,30.0,31.661,False,200,
1787722243.2298732,container,30.0,30.0,29.974,False,200,
1787722243.2632065,container,30.0,30.0,39.477,False,200,
1787722243.2965398,container,30.0,30.0,31.989,False,200,
1787722243.329873,container,30.0,30.0,25.032,False,200,
1787722243.3632064,container,30.0,30.0,27.838,False,200,
1787722243.3965397,container,30.0,30.0,33.662,False,200,
1787722243.429873,container,30.0,30.0,40.919,False,200,
1787722243.4632065,container,30.0,30.0,27.523,False,200,
1787722243.4965398,container,30.0,30.0,30.374,False,200,
1787722243.5298731,container,30.0,30.0,22.126,False,200,
1787722243.5632064,container,30.0,30.0,26.516,False,200,
1787722243.5965397,container,30.0,30.0,34.5,False,200,
1787722243.629873,container,30.0,30.0,31.802,False,200,
1787722243.6632063,container,30.0,30.0,32.203,False,200,
1787722243.6965396,container,30.0,30.0,28.298,False,200,
1787722243.7298732,container,30.0,30.0,30.595,False,200,
1787722243.7632065,container,30.0,30.0,29.05,False,200,
1787722243.7965398,container,30.0,30.0,32.952,False,200,
1787722243.829873,container,30.0,30.0,32.91,False,200,
1787722243.8632064,container,30.0,30.0,35.851,False,200,
1787722243.8965397,container,30.0,30.0,27.131,False,200,
1787722243.929873,container,30.0,30.0,22.598,False,200,
1787722243.9632065,container,30.0,30.0,42.329,False,200,
1787722243.9965398,container,30.0,30.0,29.045,False,200,
1787722244.0298731,container,30.0,30.0,27.611,False,200,
1787722244.0632064,container,30.0,30.0,24.792,False,200,
1787722244.0965397,container,30.0,30.0,29.104,False,200,
1787722244.129873,container,30.0,30.0,29.079,False,200,
1787722244.1632063,container,30.0,30.0,37.356,False,200,
1787722244.1965396,container,30.0,30.0,30.092,False,200,
1787722244.2298732,container,30.0,30.0,24.53,False,200,
1787722244.2632065,container,30.0,30.0,33.573,False,200,
1787722244.2965398,container,30.0,30.0,36.228,False,200,
1787722244.329873,container,30.0,30.0,29.1,False,200,
1787722244.3632064,container,30.0,30.0,26.323,False,200,
1787722244.3965397,container,30.0,30.0,28.199,False,200,
1787722244.429873,container,30.0,30.0,24.39,False,200,
1787722244.4632065,container,30.0,30.0,27.811,False,200,
1787722244.4965398,container,30.0,30.0,33.792,False,200,
1787722244.5298731,container,30.0,30.0,34.292,False,200,
1787722244.5632064,container,30.0,30.0,29.872,False,200,
1787722244.5965397,container,30.0,30.0,35.869,False,200,
1787722244.629873,container,30.0,30.0,28.391,False,200,
1787722244.6632063,container,30.0,30.0,30.212,False,200,
1787722244.6965396,container,30.0,30.0,24.519,False,200,
1787722244.7298732,container,30.0,30.0,32.07,False,200,
1787722244.7632065,container,30.0,30.0,25.262,False,200,
1787722244.7965398,container,30.0,30.0,25.674,False,200,
1787722244.829873,container,30.0,30.0,27.163,False,200,
1787722244.8632064,container,30.0,30.0,32.493,False,200,
1787722244.8965397,container,30.0,30.0,26.677,False,200,
1787722244.929873,container,30.0,30.0,25.831,False,200,
1787722244.9632065,container,30.0,30.0,33.717,False,200,
1787722244.9965398,container,30.0,30.0,26.261,False,200,
1787722245.0298731,container,30.0,30.0,32.111,False,200,
1787722245.0632064,container,30.0,30.0,37.249,False,200,
1787722245.0965397,container,30.0,30.0,25.064,False,200,
1787722245.129873,container,30.0,30.0,31.271,False,200,
1787722245.1632063,container,30.0,30.0,32.498,False,200,
1787722245.1965396,container,30.0,30.0,32.954,False,200,
1787722245.2298732,container,30.0,30.0,22.524,False,200,
1787722245.2632065,container,30.0,30.0,29.373,False,200,
1787722245.2965398,container,30.0,30.0,23.215,False,200,
1787722245.329873,container,30.0,30.0,32.636,False,200,
1787722245.3632064,container,30.0,30.0,36.242,False,200,
1787722245.3965397,container,30.0,30.0,32.132,False,200,
1787722245.429873,container,30.0,30.0,31.055,False,200,
1787722245.4632065,container,30.0,30.0,22.607,False,200,
1787722245.4965398,container,30.0,30.0,23.76,False,200,
1787722245.5298731,container,30.0,30.0,30.213,False,200,
1787722245.5632064,container,30.0,30.0,33.455,False,200,
1787722245.5965397,container,30.0,30.0,29.259,False,200,
1787722245.629873,container,30.0,30.0,35.227,False,200,
1787722245.6632063,container,30.0,30.0,27.507,False,200,
1787722245.6965396,container,30.0,30.0,24.724,False,200,
1787722245.7298732,container,30.0,30.0,28.66,False,200,
1787722245.7632065,container,30.0,30.0,32.31,False,200,
1787722245.7965398,container,30.0,30.0,31.749,False,200,
1787722245.829873,container,30.0,30.0,21.841,False,200,
1787722245.8632064,container,30.0,30.0,31.798,False,200,
1787722245.8965397,container,30.0,30.0,37.439,False,200,
1787722245.929873,container,30.0,30.0,27.56,False,200,
1787722245.9632065,container,30.0,30.0,21.404,False,200,
1787722245.9965398,container,30.0,30.0,31.031,False,200,
1787722246.0298731,container,30.0,30.0,24.129,False,200,
1787722246.0632064,container,30.0,30.0,27.515,False,200,
1787722246.0965397,container,30.0,30.0,33.333,False,200,
1787722246.129873,container,30.0,30.0,27.246,False,200,
1787722246.1632063,container,30.0,30.0,23.772,False,200,
1787722246.1965396,container,30.0,30.0,33.444,False,200,
1787722246.2298732,container,30.0,30.0,25.641,False,200,
1787722246.2632065,container,30.0,30.0,31.611,False,200,
1787722246.2965398,container,30.0,30.0,38.738,False,200,
1787722246.329873,container,30.0,30.0,30.389,False,200,
1787722246.3632064,container,30.0,30.0,32.658,False,200,
1787722246.3965397,container,30.0,30.0,29.074,False,200,
1787722246.429873,container,30.0,30.0,40.087,False,200,
1787722246.4632065,container,30.0,30.0,29.503,False,200,
1787722246.4965398,container,30.0,30.0,36.187,False,200,
1787722246.5298731,container,30.0,30.0,33.236,False,200,
1787722246.5632064,container,30.0,30.0,27.708,False,200,
1787722246.5965397,container,30.0,30.0,29.778,False,200,
1787722246.629873,container,30.0,30.0,30.779,False,200,
1787722246.6632063,container,30.0,30.0,33.039,False,200,
1787722246.6965396,container,30.0,30.0,28.376,False,200,
1787722246.7298732,container,30.0,30.0,25.29,False,200,
1787722246.7632065,container,30.0,30.0,26.43,False,200,
1787722246.7965398,container,30.0,30.0,26.33,False,200,
1787722246.829873,container,30.0,30.0,27.011,False,200,
1787722246.8632064,container,30.0,30.0,29.68,False,200,
1787722246.8965397,container,30.0,30.0,36.881,False,200,
1787722246.929873,container,30.0,30.0,20.786,False,200,
1787722246.9632065,container,30.0,30.0,31.412,False,200,
1787722246.9965398,container,30.0,30.0,28.225,False,200,
1787722247.0298731,container,30.0,30.0,29.514,False,200,
1787722247.0632064,container,30.0,30.0,26.267,False,200,
1787722247.0965397,container,30.0,30.0,40.011,False,200,
1787722247.129873,container,30.0,30.0,27.269,False,200,
1787722247.1632063,container,30.0,30.0,28.414,False,200,
1787722247.1965396,container,30.0,30.0,30.246,False,200,
1787722247.2298732,container,30.0,30.0,24.405,False,200,
1787722247.2632065,container,30.0,30.0,32.477,False,200,
1787722247.2965398,container,30.0,30.0,27.692,False,200,
1787722247.329873,container,30.0,30.0,33.454,False,200,
1787722247.3632064,container,30.0,30.0,36.517,False,200,
1787722247.3965397,container,30.0,30.0,27.315,False,200,
1787722247.429873,container,30.0,30.0,24.691,False,200,
1787722247.4632065,container,30.0,30.0,31.563,False,200,
1787722247.4965398,container,30.0,30.0,24.695,False,200,
1787722247.5298731,container,30.0,30.0,37.255,False,200,
1787722247.5632064,container,30.0,30.0,24.588,False,200,
1787722247.5965397,container,30.0,30.0,23.683,False,200,
1787722247.629873,container,30.0,30.0,23.993,False,200,
1787722247.6632063,container,30.0,30.0,24.712,False,200,
1787722247.6965396,container,30.0,30.0,33.742,False,200,
1787722247.7298732,container,30.0,30.0,29.673,False,200,
1787722247.7632065,container,30.0,30.0,28.456,False,200,
1787722247.7965398,container,30.0,30.0,26.301,False,200,
1787722247.829873,container,30.0,30.0,31.144,False,200,
1787722247.8632064,container,30.0,30.0,20.38,False,200,
1787722247.8965397,container,30.0,30.0,23.361,False,200,
1787722247.929873,container,30.0,30.0,37.879,False,200,
1787722247.9632065,container,30.0,30.0,34.132,False,200,
1787722247.9965398,container,30.0,30.0,29.023,False,200,
1787722248.0298731,container,30.0,30.0,30.143,False,200,
1787722248.0632064,container,30.0,30.0,30.649,False,200,
1787722248.0965397,container,30.0,30.0,32.443,False,200,
1787722248.129873,container,30.0,30.0,35.071,False,200,
1787722248.1632063,container,30.0,30.0,29.495,False,200,
1787722248.1965396,container,30.0,30.0,27.095,False,200,
1787722248.2298732,container,30.0,30.0,30.191,False,200,
1787722248.2632065,container,30.0,30.0,24.209,False,200,
1787722248.2965398,container,30.0,30.0,28.501,False,200,
1787722248.329873,container,30.0,30.0,24.277,False,200,
1787722248.3632064,container,30.0,30.0,40.449,False,200,
1787722248.3965397,container,30.0,30.0,25.979,False,200,
1787722248.429873,container,30.0,30.0,33.248,False,200,
1787722248.4632065,container,30.0,30.0,31.468,False,200,
1787722248.4965398,container,30.0,30.0,27.969,False,200,
1787722248.5298731,container,30.0,30.0,36.105,False,200,
1787722248.5632064,container,30.0,30.0,25.892,False,200,
1787722248.5965397,container,30.0,30.0,25.99,False,200,
1787722248.629873,container,30.0,30.0,29.535,False,200,
1787722248.6632063,container,30.0,30.0,30.38,False,200,
1787722248.6965396,container,30.0,30.0,30.347,False,200,
1787722248.7298732,container,30.0,30.0,25.677,False,200,
1787722248.7632065,container,30.0,30.0,22.911,False,200,
1787722248.7965398,container,30.0,30.0,27.924,False,200,
1787722248.829873,container,30.0,30.0,26.717,False,200,
1787722248.8632064,container,30.0,30.0,36.092,False,200,
1787722248.8965397,container,30.0,30.0,35.372,False,200,
1787722248.929873,container,30.0,30.0,31.607,False,200,
1787722248.9632065,container,30.0,30.0,33.103,False,200,
1787722248.9965398,container,30.0,30.0,27.846,False,200,
1787722249.0298731,container,30.0,30.0,27.477,False,200,
1787722249.0632064,container,30.0,30.0,40.845,False,200,
1787722249.0965397,container,30.0,30.0,33.712,False,200,
1787722249.129873,container,30.0,30.0,30.933,False,200,
1787722249.1632063,container,30.0,30.0,35.3,False,200,
1787722249.1965396,container,30.0,30.0,26.979,False,200,
1787722249.2298732,container,30.0,30.0,25.648,False,200,
1787722249.2632065,container,30.0,30.0,28.986,False,200,
1787722249.2965398,container,30.0,30.0,30.286,False,200,
1787722249.329873,container,30.0,30.0,33.885,False,200,
1787722249.3632064,container,30.0,30.0,31.409,False,200,
1787722249.3965397,container,30.0,30.0,38.958,False,200,
1787722249.429873,container,30.0,30.0,32.22,False,200,
1787722249.4632065,container,30.0,30.0,24.277,False,200,
1787722249.4965398,container,30.0,30.0,34.3,False,200,
1787722249.5298731,container,30.0,30.0,30.842,False,200,
1787722249.5632064,container,30.0,30.0,31.934,False,200,
1787722249.5965397,container,30.0,30.0,40.771,False,200,
1787722249.629873,container,30.0,30.0,33.653,False,200,
1787722249.6632063,container,30.0,30.0,24.679,False,200,
1787722249.6965396,container,30.0,30.0,36.64,False,200,
1787722249.7298732,container,30.0,30.0,26.641,False,200,
1787722249.7632065,container,30.0,30.0,27.548,False,200,
1787722249.7965398,container,30.0,30.0,30.64,False,200,
1787722249.829873,container,30.0,30.0,29.691,False,200,
1787722249.8632064,container,30.0,30.0,38.835,False,200,
1787722249.8965397,container,30.0,30.0,25.201,False,200,
1787722249.929873,container,30.0,30.0,30.265,False,200,
1787722249.9632065,container,30.0,30.0,33.287,False,200,
1787722249.9965398,container,30.0,30.0,34.705,False,200,
1787722250.0298731,container,30.0,30.0,34.204,False,200,
1787722250.0632064,container,30.0,30.0,36.467,False,200,
1787722250.0965397,container,30.0,30.0,29.536,False,200,
1787722250.129873,container,30.0,30.0,25.183,False,200,
1787722250.1632063,container,30.0,30.0,33.301,False,200,
1787722250.1965396,container,30.0,30.0,31.567,False,200,
1787722250.2298732,container,30.0,30.0,33.416,False,200,
1787722250.2632065,container,30.0,30.0,31.922,False,200,
1787722250.2965398,container,30.0,30.0,34.513,False,200,
1787722250.329873,container,30.0,30.0,36.757,False,200,
1787722250.3632064,container,30.0,30.0,37.016,False,200,
1787722250.3965397,container,30.0,30.0,26.177,False,200,
1787722250.429873,container,30.0,30.0,23.751,False,200,
1787722250.4632065,container,30.0,30.0,34.845,False,200,
1787722250.4965398,container,30.0,30.0,31.134,False,200,
1787722250.5298731,container,30.0,30.0,29.762,False,200,
1787722250.5632064,container,30.0,30.0,35.165,False,200,
1787722250.5965397,container,30.0,30.0,31.537,False,200,
1787722250.629873,container,30.0,30.0,25.969,False,200,
1787722250.6632063,container,30.0,30.0,26.796,False,200,
1787722250.6965396,container,30.0,30.0,32.152,False,200,
1787722250.7298732,container,30.0,30.0,28.123,False,200,
1787722250.7632065,container,30.0,30.0,30.414,False,200,
1787722250.7965398,container,30.0,30.0,25.661,False,200,
1787722250.829873,container,30.0,30.0,28.423,False,200,
1787722250.8632064,container,30.0,30.0,23.674,False,200,
1787722250.8965397,container,30.0,30.0,39.571,False,200,
1787722250.929873,container,30.0,30.0,27.592,False,200,
1787722250.9632065,container,30.0,30.0,27.748,False,200,
1787722250.9965398,container,30.0,30.0,21.985,False,200,
1787722251.0298731,container,30.0,30.0,37.945,False,200,
1787722251.0632064,container,30.0,30.0,33.049,False,200,
1787722251.0965397,container,30.0,30.0,32.486,False,200,
1787722251.129873,container,30.0,30.0,32.054,False,200,
1787722251.1632063,container,30.0,30.0,29.587,False,200,
1787722251.1965396,container,30.0,30.0,30.997,False,200,
1787722251.2298732,container,30.0,30.0,33.732,False,200,
1787722251.2632065,container,30.0,30.0,29.842,False,200,
1787722251.2965398,container,30.0,30.0,25.297,False,200,
1787722251.329873,container,30.0,30.0,29.845,False,200,
1787722251.3632064,container,30.0,30.0,31.693,False,200,
1787722251.3965397,container,30.0,30.0,31.556,False,200,
1787722251.429873,container,30.0,30.0,32.373,False,200,
1787722251.4632065,container,30.0,30.0,23.853,False,200,
1787722251.4965398,container,30.0,30.0,32.425,False,200,
1787722251.5298731,container,30.0,30.0,28.977,False,200,
1787722251.5632064,container,30.0,30.0,29.168,False,200,
1787722251.5965397,container,30.0,30.0,37.344,False,200,
1787722251.629873,container,30.0,30.0,29.426,False,200,
1787722251.6632063,container,30.0,30.0,27.428,False,200,
1787722251.6965396,container,30.0,30.0,23.948,False,200,
1787722251.7298732,container,30.0,30.0,28.158,False,200,
1787722251.7632065,container,30.0,30.0,31.997,False,200,
1787722251.7965398,container,30.0,30.0,33.354,False,200,
1787722251.829873,container,30.0,30.0,27.972,False,200,
1787722251.8632064,container,30.0,30.0,34.115,False,200,
1787722251.8965397,container,30.0,30.0,36.527,False,200,
1787722251.929873,container,30.0,30.0,29.729,False,200,
1787722251.9632065,container,30.0,30.0,32.268,False,200,
1787722251.9965398,container,30.0,30.0,41.278,False,200,
1787722252.0298731,container,30.0,30.0,23.871,False,200,
1787722252.0632064,container,30.0,30.0,31.748,False,200,
1787722252.0965397,container,30.0,30.0,26.825,False,200,
1787722252.129873,container,30.0,30.0,28.395,False,200,
1787722252.1632063,container,30.0,30.0,35.783,False,200,
1787722252.1965396,container,30.0,30.0,33.269,False,200,
1787722252.2298732,container,30.0,30.0,30.219,False,200,
1787722252.2632065,container,30.0,30.0,25.72,False,200,
1787722252.2965398,container,30.0,30.0,30.354,False,200,
1787722252.329873,container,30.0,30.0,26.334,False,200,
1787722252.3632064,container,30.0,30.0,27.486,False,200,
1787722252.3965397,container,30.0,30.0,26.476,False,200,
1787722252.429873,container,30.0,30.0,27.66,False,200,
1787722252.4632065,container,30.0,30.0,23.061,False,200,
1787722252.4965398,container,30.0,30.0,26.373,False,200,
1787722252.5298731,container,30.0,30.0,30.261,False,200,
1787722252.5632064,container,30.0,30.0,30.953,False,200,
1787722252.5965397,container,30.0,30.0,34.39,False,200,
1787722252.629873,container,30.0,30.0,28.595,False,200,
1787722252.6632063,container,30.0,30.0,22.66,False,200,
1787722252.6965396,container,30.0,30.0,30.234,False,200,
1787722252.7298732,container,30.0,30.0,40.919,False,200,
1787722252.7632065,container,30.0,30.0,37.981,False,200,
1787722252.7965398,container,30.0,30.0,28.737,False,200,
1787722252.829873,container,30.0,30.0,25.598,False,200,
1787722252.8632064,container,30.0,30.0,24.062,False,200,
1787722252.8965397,container,30.0,30.0,29.87,False,200,
1787722252.929873,container,30.0,30.0,29.809,False,200,
1787722252.9632065,container,30.0,30.0,29.748,False,200,
1787722252.9965398,container,30.0,30.0,27.198,False,200,
1787722253.0298731,container,30.0,30.0,29.519,False,200,
1787722253.0632064,container,30.0,30.0,30.876,False,200,
1787722253.0965397,container,30.0,30.0,39.821,False,200,
1787722253.129873,container,30.0,30.0,34.824,False,200,
1787722253.1632063,container,30.0,30.0,30.8,False,200,
1787722253.1965396,container,30.0,30.0,42.956,False,200,
1787722253.2298732,container,30.0,30.0,38.499,False,200,
1787722253.2632065,container,30.0,30.0,36.154,False,200,
1787722253.2965398,container,30.0,30.0,24.638,False,200,
1787722253.329873,container,30.0,30.0,30.104,False,200,
1787722253.3632064,container,30.0,30.0,27.248,False,200,
1787722253.3965397,container,30.0,30.0,31.909,False,200,
1787722253.429873,container,30.0,30.0,27.081,False,200,
1787722253.4632065,container,30.0,30.0,27.05,False,200,
1787722253.4965398,container,30.0,30.0,27.141,False,200,
1787722253.5298731,container,30.0,30.0,27.12,False,200,
1787722253.5632064,container,30.0,30.0,29.231,False,200,
1787722253.5965397,container,30.0,30.0,28.87,False,200,
1787722253.629873,container,30.0,30.0,35.801,False,200,
1787722253.6632063,container,30.0,30.0,27.566,False,200,
1787722253.6965396,container,30.0,30.0,38.112,False,200,
1787722253.7298732,container,30.0,30.0,31.086,False,200,
1787722253.7632065,container,30.0,30.0,29.248,False,200,
1787722253.7965398,container,30.0,30.0,26.131,False,200,
1787722253.829873,container,30.0,30.0,28.425,False,200,
1787722253.8632064,container,30.0,30.0,31.533,False,200,
1787722253.8965397,container,30.0,30.0,32.632,False,200,
1787722253.929873,container,30.0,30.0,30.529,False,200,
1787722253.9632065,container,30.0,30.0,25.073,False,200,
1787722253.9965398,container,30.0,30.0,32.812,False,200,
1787722254.0298731,container,30.0,30.0,33.042,False,200,
1787722254.0632064,container,30.0,30.0,31.361,False,200,
1787722254.0965397,container,30.0,30.0,33.762,False,200,
1787722254.129873,container,30.0,30.0,28.45,False,200,
1787722254.1632063,container,30.0,30.0,33.388,False,200,
1787722254.1965396,container,30.0,30.0,27.65,False,200,
1787722254.2298732,container,30.0,30.0,24.266,False,200,
1787722254.2632065,container,30.0,30.0,30.949,False,200,
1787722254.2965398,container,30.0,30.0,30.532,False,200,
1787722254.329873,container,30.0,30.0,30.509,False,200,
1787722254.3632064,container,30.0,30.0,38.261,False,200,
1787722254.3965397,container,30.0,30.0,30.319,False,200,
1787722254.429873,container,30.0,30.0,24.323,False,200,
1787722254.4632065,container,30.0,30.0,33.412,False,200,
1787722254.4965398,container,30.0,30.0,34.985,False,200,
1787722254.5298731,container,30.0,30.0,27.344,False,200,
1787722254.5632064,container,30.0,30.0,28.758,False,200,
1787722254.5965397,container,30.0,30.0,22.477,False,200,
1787722254.629873,container,30.0,30.0,23.544,False,200,
1787722254.6632063,container,30.0,30.0,29.517,False,200,
1787722254.6965396,container,30.0,30.0,33.084,False,200,
1787722254.7298732,container,30.0,30.0,37.792,False,200,
1787722254.7632065,container,30.0,30.0,26.384,False,200,
1787722254.7965398,container,30.0,30.0,23.199,False,200,
1787722254.829873,container,30.0,30.0,27.811,False,200,
1787722254.8632064,container,30.0,30.0,31.105,False,200,
1787722254.8965397,container,30.0,30.0,34.885,False,200,
1787722254.929873,container,30.0,30.0,24.946,False,200,
1787722254.9632065,container,30.0,30.0,30.921,False,200,
1787722254.9965398,container,30.0,30.0,35.111,False,200,
1787722255.0298731,container,30.0,30.0,31.368,False,200,
1787722255.0632064,container,30.0,30.0,25.496,False,200,
1787722255.0965397,container,30.0,30.0,28.156,False,200,
1787722255.129873,container,30.0,30.0,31.11,False,200,
1787722255.1632063,container,30.0,30.0,35.728,False,200,
1787722255.1965396,container,30.0,30.0,24.36,False,200,
1787722255.2298732,container,30.0,30.0,30.479,False,200,
1787722255.2632065,container,30.0,30.0,25.845,False,200,
1787722255.2965398,container,30.0,30.0,25.914,False,200,
1787722255.329873,container,30.0,30.0,36.902,False,200,
1787722255.3632064,container,30.0,30.0,31.993,False,200,
1787722255.3965397,container,30.0,30.0,31.274,False,200,
1787722255.429873,container,30.0,30.0,27.013,False,200,
1787722255.4632065,container,30.0,30.0,40.623,False,200,
1787722255.4965398,container,30.0,30.0,39.323,False,200,
1787722255.5298731,container,30.0,30.0,36.194,False,200,
1787722255.5632064,container,30.0,30.0,27.81,False,200,
1787722255.5965397,container,30.0,30.0,26.958,False,200,
1787722255.629873,container,30.0,30.0,25.787,False,200,
1787722255.6632063,container,30.0,30.0,26.556,False,200,
1787722255.6965396,container,30.0,30.0,27.232,False,200,
1787722255.7298732,container,30.0,30.0,32.115,False,200,
1787722255.7632065,container,30.0,30.0,31.677,False,200,
1787722255.7965398,container,30.0,30.0,35.542,False,200,
1787722255.829873,container,30.0,30.0,23.261,False,200,
1787722255.8632064,container,30.0,30.0,31.468,False,200,
1787722255.8965397,container,30.0,30.0,25.956,False,200,
1787722255.929873,container,30.0,30.0,26.734,False,200,
1787722255.9632065,container,30.0,30.0,34.531,False,200,
1787722255.9965398,container,30.0,30.0,32.896,False,200,
1787722256.0298731,container,30.0,30.0,31.549,False,200,
1787722256.0632064,container,30.0,30.0,31.055,False,200,
1787722256.0965397,container,30.0,30.0,22.427,False,200,
1787722256.129873,container,30.0,30.0,35.976,False,200,
1787722256.1632063,container,30.0,30.0,29.023,False,200,
1787722256.1965396,container,30.0,30.0,30.563,False,200,
1787722256.2298732,container,30.0,30.0,24.874,False,200,
1787722256.2632065,container,30.0,30.0,32.979,False,200,
1787722256.2965398,container,30.0,30.0,22.303,False,200,
1787722256.329873,container,30.0,30.0,35.781,False,200,
1787722256.3632064,container,30.0,30.0,27.955,False,200,
1787722256.3965397,container,30.0,30.0,31.614,False,200,
1787722256.429873,container,30.0,30.0,38.387,False,200,
1787722256.4632065,container,30.0,30.0,34.004,False,200,
1787722256.4965398,container,30.0,30.0,28.492,False,200,
1787722256.5298731,container,30.0,30.0,25.81,False,200,
1787722256.5632064,container,30.0,30.0,31.831,False,200,
1787722256.5965397,container,30.0,30.0,28.509,False,200,
1787722256.629873,container,30.0,30.0,24.052,False,200,
1787722256.6632063,container,30.0,30.0,27.502,False,200,
1787722256.6965396,container,30.0,30.0,28.305,False,200,
1787722256.7298732,container,30.0,30.0,25.268,False,200,
1787722256.7632065,container,30.0,30.0,33.731,False,200,
1787722256.7965398,container,30.0,30.0,24.964,False,200,
1787722256.829873,container,30.0,30.0,35.119,False,200,
1787722256.8632064,container,30.0,30.0,26.815,False,200,
1787722256.8965397,container,30.0,30.0,30.136,False,200,
1787722256.929873,container,30.0,30.0,32.052,False,200,
1787722256.9632065,container,30.0,30.0,30.559,False,200,
1787722256.9965398,container,30.0,30.0,29.001,False,200,
1787722257.0298731,container,30.0,30.0,32.329,False,200,
1787722257.0632064,container,30.0,30.0,29.669,False,200,
1787722257.0965397,container,30.0,30.0,39.372,False,200,
1787722257.129873,container,30.0,30.0,35.547,False,200,
1787722257.1632063,container,30.0,30.0,27.028,False,200,
1787722257.1965396,container,30.0,30.0,32.66,False,200,
1787722257.2298732,container,30.0,30.0,27.486,False,200,
1787722257.2632065,container,30.0,30.0,26.91,False,200,
1787722257.2965398,container,30.0,30.0,21.0,False,200,
1787722257.329873,container,30.0,30.0,25.607,False,200,
1787722257.3632064,container,30.0,30.0,26.417,False,200,
1787722257.3965397,container,30.0,30.0,31.673,False,200,
1787722257.429873,container,30.0,30.0,27.636,False,200,
1787722257.4632065,container,30.0,30.0,26.078,False,200,
1787722257.4965398,container,30.0,30.0,34.49,False,200,
1787722257.5298731,container,30.0,30.0,29.811,False,200,
1787722257.5632064,container,30.0,30.0,24.314,False,200,
1787722257.5965397,container,30.0,30.0,26.702,False,200,
1787722257.629873,container,30.0,30.0,31.93,False,200,
1787722257.6632063,container,30.0,30.0,29.972,False,200,
1787722257.6965396,container,30.0,30.0,25.653,False,200,
1787722257.7298732,container,30.0,30.0,28.879,False,200,
1787722257.7632065,container,30.0,30.0,29.099,False,200,
1787722257.7965398,container,30.0,30.0,28.287,False,200,
1787722257.829873,container,30.0,30.0,36.213,False,200,
1787722257.8632064,container,30.0,30.0,25.809,False,200,
1787722257.8965397,container,30.0,30.0,37.842,False,200,
1787722257.929873,container,30.0,30.0,31.75,False,200,
1787722257.9632065,container,30.0,30.0,28.152,False,200,
1787722257.9965398,container,30.0,30.0,25.512,False,200,
1787722258.0298731,container,30.0,30.0,32.684,False,200,
1787722258.0632064,container,30.0,30.0,32.151,False,200,
1787722258.0965397,container,30.0,30.0,27.661,False,200,
1787722258.129873,container,30.0,30.0,29.863,False,200,
1787722258.1632063,container,30.0,30.0,39.568,False,200,
1787722258.1965396,container,30.0,30.0,39.544,False,200,
1787722258.2298732,container,30.0,30.0,27.046,False,200,
1787722258.2632065,container,30.0,30.0,25.704,False,200,
1787722258.2965398,container,30.0,30.0,41.954,False,200,
1787722258.329873,container,30.0,30.0,28.921,False,200,
1787722258.3632064,container,30.0,30.0,38.504,False,200,
1787722258.3965397,container,30.0,30.0,36.746,False,200,
1787722258.429873,container,30.0,30.0,28.747,False,200,
1787722258.4632065,container,30.0,30.0,39.956,False,200,
1787722258.4965398,container,30.0,30.0,33.142,False,200,
1787722258.5298731,container,30.0,30.0,27.305,False,200,
1787722258.5632064,container,30.0,30.0,26.7,False,200,
1787722258.5965397,container,30.0,30.0,41.916,False,200,
1787722258.629873,container,30.0,30.0,38.498,False,200,
1787722258.6632063,container,30.0,30.0,37.984,False,200,
1787722258.6965396,container,30.0,30.0,30.933,False,200,
1787722258.7298732,container,30.0,30.0,25.312,False,200,
1787722258.7632065,container,30.0,30.0,24.53,False,200,
1787722258.7965398,container,30.0,30.0,24.582,False,200,
1787722258.829873,container,30.0,30.0,28.593,False,200,
1787722258.8632064,container,30.0,30.0,32.887,False,200,
1787722258.8965397,container,30.0,30.0,29.628,False,200,
1787722258.929873,container,30.0,30.0,32.16,False,200,
1787722258.9632065,container,30.0,30.0,33.82,False,200,
1787722258.9965398,container,30.0,30.0,32.988,False,200,
1787722259.0298731,container,30.0,30.0,24.559,False,200,
1787722259.0632064,container,30.0,30.0,26.596,False,200,
1787722259.0965397,container,30.0,30.0,32.021,False,200,
1787722259.129873,container,30.0,30.0,28.272,False,200,
1787722259.1632063,container,30.0,30.0,30.457,False,200,
1787722259.1965396,container,30.0,30.0,32.748,False,200,
1787722259.2298732,container,30.0,30.0,26.703,False,200,
1787722259.2632065,container,30.0,30.0,32.609,False,200,
1787722259.2965398,container,30.0,30.0,26.048,False,200,
1787722259.329873,container,30.0,30.0,30.064,False,200,
1787722259.3632064,container,30.0,30.0,36.65,False,200,
1787722259.3965397,container,30.0,30.0,32.641,False,200,
1787722259.429873,container,30.0,30.0,35.361,False,200,
1787722259.4632065,container,30.0,30.0,32.601,False,200,
1787722259.4965398,container,30.0,30.0,28.744,False,200,
1787722259.5298731,container,30.0,30.0,28.001,False,200,
1787722259.5632064,container,30.0,30.0,31.044,False,200,
1787722259.5965397,container,30.0,30.0,29.246,False,200,
1787722259.629873,container,30.0,30.0,32.008,False,200,
1787722259.6632063,container,30.0,30.0,26.956,False,200,
1787722259.6965396,container,30.0,30.0,33.322,False,200,
1787722259.7298732,container,30.0,30.0,34.642,False,200,
1787722259.7632065,container,30.0,30.0,35.324,False,200,
1787722259.7965398,container,30.0,30.0,35.816,False,200,
1787722259.829873,container,30.0,30.0,32.654,False,200,
1787722259.8632064,container,30.0,30.0,27.531,False,200,
1787722259.8965397,container,30.0,30.0,30.916,False,200,
1787722259.929873,container,30.0,30.0,26.295,False,200,
1787722259.9632065,container,30.0,30.0,27.902,False,200,
1787722259.9965398,container,30.0,30.0,26.882,False,200,
1787722260.0298731,container,30.0,30.0,29.986,False,200,
1787722260.0632064,container,30.0,30.0,31.898,False,200,
1787722260.0965397,container,30.0,30.0,21.88,False,200,
1787722260.129873,container,30.0,30.0,30.948,False,200,
1787722260.1632063,container,30.0,30.0,21.967,False,200,
1787722260.1965396,container,30.0,30.0,28.844,False,200,
1787722260.2298732,container,30.0,30.0,31.41,False,200,
1787722260.2632065,container,30.0,30.0,24.032,False,200,
1787722260.2965398,container,30.0,30.0,28.293,False,200,
1787722260.329873,container,30.0,30.0,30.028,False,200,
1787722260.3632064,container,30.0,30.0,27.523,False,200,
1787722260.3965397,container,30.0,30.0,26.168,False,200,
1787722260.429873,container,30.0,30.0,32.173,False,200,
1787722260.4632065,container,30.0,30.0,28.551,False,200,
1787722260.4965398,container,30.0,30.0,34.926,False,200,
1787722260.5298731,container,30.0,30.0,38.744,False,200,
1787722260.5632064,container,30.0,30.0,31.653,False,200,
1787722260.5965397,container,30.0,30.0,33.58,False,200,
1787722260.629873,container,30.0,30.0,26.828,False,200,
1787722260.6632063,container,30.0,30.0,32.609,False,200,
1787722260.6965396,container,30.0,30.0,36.612,False,200,
1787722260.7298732,container,30.0,30.0,33.729,False,200,
1787722260.7632065,container,30.0,30.0,25.572,False,200,
1787722260.7965398,container,30.0,30.0,23.544,False,200,
1787722260.829873,container,30.0,30.0,25.95,False,200,
1787722260.8632064,container,30.0,30.0,36.694,False,200,
1787722260.8965397,container,30.0,30.0,25.972,False,200,
1787722260.929873,container,30.0,30.0,25.725,False,200,
1787722260.9632065,container,30.0,30.0,30.908,False,200,
1787722260.9965398,container,30.0,30.0,27.561,False,200,
1787722261.0298731,container,30.0,30.0,27.456,False,200,
1787722261.0632064,container,30.0,30.0,28.863,False,200,
1787722261.0965397,container,30.0,30.0,27.063,False,200,
1787722261.129873,container,30.0,30.0,22.778,False,200,
1787722261.1632063,container,30.0,30.0,36.94,False,200,
1787722261.1965396,container,30.0,30.0,30.511,False,200,
1787722261.2298732,container,30.0,30.0,29.063,False,200,
1787722261.2632065,container,30.0,30.0,38.469,False,200,
1787722261.2965398,container,30.0,30.0,32.625,False,200,
1787722261.329873,container,30.0,30.0,28.872,False,200,
1787722261.3632064,container,30.0,30.0,34.156,False,200,
1787722261.3965397,container,30.0,30.0,33.021,False,200,
1787722261.429873,container,30.0,30.0,27.221,False,200,
1787722261.4632065,container,30.0,30.0,31.216,False,200,
1787722261.4965398,container,30.0,30.0,36.881,False,200,
1787722261.5298731,container,30.0,30.0,30.773,False,200,
1787722261.5632064,container,30.0,30.0,27.309,False,200,
1787722261.5965397,container,30.0,30.0,32.443,False,200,
1787722261.629873,container,30.0,30.0,32.628,False,200,
1787722261.6632063,container,30.0,30.0,24.605,False,200,
1787722261.6965396,container,30.0,30.0,24.6,False,200,
1787722261.7298732,container,30.0,30.0,28.129,False,200,
1787722261.7632065,container,30.0,30.0,31.466,False,200,
1787722261.7965398,container,30.0,30.0,29.388,False,200,
1787722261.829873,container,30.0,30.0,27.908,False,200,
1787722261.8632064,container,30.0,30.0,31.086,False,200,
1787722261.8965397,container,30.0,30.0,32.585,False,200,
1787722261.929873,container,30.0,30.0,31.25,False,200,
1787722261.9632065,container,30.0,30.0,34.526,False,200,
1787722261.9965398,container,30.0,30.0,28.108,False,200,
1787722262.0298731,container,30.0,30.0,27.681,False,200,
1787722262.0632064,container,30.0,30.0,29.457,False,200,
1787722262.0965397,container,30.0,30.0,28.241,False,200,
1787722262.129873,container,30.0,30.0,36.405,False,200,
1787722262.1632063,container,30.0,30.0,26.299,False,200,
1787722262.1965396,container,30.0,30.0,28.335,False,200,
1787722262.2298732,container,30.0,30.0,20.496,False,200,
1787722262.2632065,container,30.0,30.0,23.676,False,200,
1787722262.2965398,container,30.0,30.0,30.584,False,200,
1787722262.329873,container,30.0,30.0,31.876,False,200,
1787722262.3632064,container,30.0,30.0,27.64,False,200,
1787722262.3965397,container,30.0,30.0,31.706,False,200,
1787722262.429873,container,30.0,30.0,28.05,False,200,
1787722262.4632065,container,30.0,30.0,31.959,False,200,
1787722262.4965398,container,30.0,30.0,37.889,False,200,
1787722262.5298731,container,30.0,30.0,34.247,False,200,
1787722262.5632064,container,30.0,30.0,27.994,False,200,
1787722262.5965397,container,30.0,30.0,24.336,False,200,
1787722262.629873,container,30.0,30.0,38.583,False,200,
1787722262.6632063,container,30.0,30.0,28.228,False,200,
1787722262.6965396,container,30.0,30.0,29.717,False,200,
1787722262.7298732,container,30.0,30.0,35.626,False,200,
1787722262.7632065,container,30.0,30.0,38.053,False,200,
1787722262.7965398,container,30.0,30.0,29.71,False,200,
1787722262.829873,container,30.0,30.0,25.45,False,200,
1787722262.8632064,container,30.0,30.0,40.055,False,200,
1787722262.8965397,container,30.0,30.0,35.336,False,200,
1787722262.929873,container,30.0,30.0,26.654,False,200,
1787722262.9632065,container,30.0,30.0,30.505,False,200,
1787722262.9965398,container,30.0,30.0,34.016,False,200,
1787722263.0298731,container,30.0,30.0,30.369,False,200,
1787722263.0632064,container,30.0,30.0,37.647,False,200,
1787722263.0965397,container,30.0,30.0,28.905,False,200,
1787722263.129873,container,30.0,30.0,33.075,False,200,
1787722263.1632063,container,30.0,30.0,35.059,False,200,
1787722263.1965396,container,30.0,30.0,30.876,False,200,
1787722263.2298732,container,30.0,30.0,27.539,False,200,
1787722263.2632065,container,30.0,30.0,36.393,False,200,
1787722263.2965398,container,30.0,30.0,38.632,False,200,
1787722263.329873,container,30.0,30.0,28.293,False,200,
1787722263.3632064,container,30.0,30.0,28.607,False,200,
1787722263.3965397,container,30.0,30.0,26.557,False,200,
1787722263.429873,container,30.0,30.0,29.213,False,200,
1787722263.4632065,container,30.0,30.0,25.393,False,200,
1787722263.4965398,container,30.0,30.0,27.35,False,200,
1787722263.5298731,container,30.0,30.0,35.752,False,200,
1787722263.5632064,container,30.0,30.0,30.237,False,200,
1787722263.5965397,container,30.0,30.0,28.971,False,200,
1787722263.629873,container,30.0,30.0,24.32,False,200,
1787722263.6632063,container,30.0,30.0,33.794,False,200,
1787722263.6965396,container,30.0,30.0,34.892,False,200,
1787722263.7298732,container,30.0,30.0,27.631,False,200,
1787722263.7632065,container,30.0,30.0,28.571,False,200,
1787722263.7965398,container,30.0,30.0,29.133,False,200,
1787722263.829873,container,30.0,30.0,36.1,False,200,
1787722263.8632064,container,30.0,30.0,30.612,False,200,
1787722263.8965397,container,30.0,30.0,24.943,False,200,
1787722263.929873,container,30.0,30.0,36.963,False,200,
1787722263.9632065,container,30.0,30.0,26.632,False,200,
1787722263.9965398,container,30.0,30.0,27.311,False,200,
1787722264.0298731,container,30.0,30.0,30.405,False,200,
1787722264.0632064,container,30.0,30.0,34.738,False,200,
1787722264.0965397,container,30.0,30.0,33.297,False,200,
1787722264.129873,container,30.0,30.0,30.847,False,200,
1787722264.1632063,container,30.0,30.0,38.375,False,200,
1787722264.1965396,container,30.0,30.0,33.451,False,200,
1787722264.2298732,container,30.0,30.0,32.989,False,200,
1787722264.2632065,container,30.0,30.0,34.478,False,200,
1787722264.2965398,container,30.0,30.0,32.23,False,200,
1787722264.329873,container,30.0,30.0,32.835,False,200,
1787722264.3632064,container,30.0,30.0,31.036,False,200,
1787722264.3965397,container,30.0,30.0,33.769,False,200,
1787722264.429873,container,30.0,30.0,29.989,False,200,
1787722264.4632065,container,30.0,30.0,28.717,False,200,
1787722264.4965398,container,30.0,30.0,21.788,False,200,
1787722264.5298731,container,30.0,30.0,29.935,False,200,
1787722264.5632064,container,30.0,30.0,37.951,False,200,
1787722264.5965397,container,30.0,30.0,27.383,False,200,
1787722264.629873,container,30.0,30.0,27.04,False,200,
1787722264.6632063,container,30.0,30.0,25.371,False,200,
1787722264.6965396,container,30.0,30.0,28.487,False,200,
1787722264.7298732,container,30.0,30.0,27.947,False,200,
1787722264.7632065,container,30.0,30.0,29.387,False,200,
1787722264.7965398,container,30.0,30.0,31.633,False,200,
1787722264.829873,container,30.0,30.0,31.264,False,200,
1787722264.8632064,container,30.0,30.0,27.148,False,200,
1787722264.8965397,container,30.0,30.0,25.597,False,200,
1787722264.929873,container,30.0,30.0,34.769,False,200,
1787722264.9632065,container,30.0,30.0,34.17,False,200,
1787722264.9965398,container,30.0,30.0,33.659,False,200,
1787722265.0298731,container,30.0,30.0,39.286,False,200,
1787722265.0632064,container,30.0,30.0,27.514,False,200,
1787722265.0965397,container,30.0,30.0,33.712,False,200,
1787722265.129873,container,30.0,30.0,37.135,False,200,
1787722265.1632063,container,30.0,30.0,28.144,False,200,
1787722265.1965396,container,30.0,30.0,38.213,False,200,
1787722265.2298732,container,30.0,30.0,30.754,False,200,
1787722265.2632065,container,30.0,30.0,30.119,False,200,
1787722265.2965398,container,30.0,30.0,32.969,False,200,
1787722265.329873,container,30.0,30.0,29.309,False,200,
1787722265.3632064,container,30.0,30.0,30.762,False,200,
1787722265.3965397,container,30.0,30.0,35.968,False,200,
1787722265.429873,container,30.0,30.0,33.128,False,200,
1787722265.4632065,container,30.0,30.0,39.202,False,200,
1787722265.4965398,container,30.0,30.0,33.486,False,200,
1787722265.5298731,container,30.0,30.0,32.895,False,200,
1787722265.5632064,container,30.0,30.0,29.979,False,200,
1787722265.5965397,container,30.0,30.0,29.343,False,200,
1787722265.629873,container,30.0,30.0,29.139,False,200,
1787722265.6632063,container,30.0,30.0,37.479,False,200,
1787722265.6965396,container,30.0,30.0,27.54,False,200,
1787722265.7298732,container,30.0,30.0,30.443,False,200,
1787722265.7632065,container,30.0,30.0,28.448,False,200,
1787722265.7965398,container,30.0,30.0,36.234,False,200,
1787722265.829873,container,30.0,30.0,24.404,False,200,
1787722265.8632064,container,30.0,30.0,35.236,False,200,
1787722265.8965397,container,30.0,30.0,29.074,False,200,
1787722265.929873,container,30.0,30.0,29.596,False,200,
1787722265.9632065,container,30.0,30.0,22.766,False,200,
1787722265.9965398,container,30.0,30.0,20.092,False,200,
1787722266.0298731,container,30.0,30.0,24.032,False,200,
1787722266.0632064,container,30.0,30.0,26.108,False,200,
1787722266.0965397,container,30.0,30.0,25.183,False,200,
1787722266.129873,container,30.0,30.0,25.468,False,200,
1787722266.1632063,container,30.0,30.0,28.352,False,200,
1787722266.1965396,container,30.0,30.0,28.077,False,200,
1787722266.2298732,container,30.0,30.0,32.23,False,200,
1787722266.2632065,container,30.0,30.0,36.8,False,200,
1787722266.2965398,container,30.0,30.0,26.747,False,200,
1787722266.329873,container,30.0,30.0,24.604,False,200,
1787722266.3632064,container,30.0,30.0,26.657,False,200,
1787722266.3965397,container,30.0,30.0,28.39,False,200,
1787722266.429873,container,30.0,30.0,27.106,False,200,
1787722266.4632065,container,30.0,30.0,30.119,False,200,
1787722266.4965398,container,30.0,30.0,28.669,False,200,
1787722266.5298731,container,30.0,30.0,32.689,False,200,
1787722266.5632064,container,30.0,30.0,28.477,False,200,
1787722266.5965397,container,30.0,30.0,26.426,False,200,
1787722266.629873,container,30.0,30.0,26.467,False,200,
1787722266.6632063,container,30.0,30.0,34.761,False,200,
1787722266.6965396,container,30.0,30.0,25.512,False,200,
1787722266.7298732,container,30.0,30.0,26.629,False,200,
1787722266.7632065,container,30.0,30.0,32.23,False,200,
1787722266.7965398,container,30.0,30.0,28.776,False,200,
1787722266.829873,container,30.0,30.0,35.945,False,200,
1787722266.8632064,container,30.0,30.0,28.197,False,200,
1787722266.8965397,container,30.0,30.0,30.346,False,200,
1787722266.929873,container,30.0,30.0,36.536,False,200,
1787722266.9632065,container,30.0,30.0,24.899,False,200,
1787722266.9965398,container,30.0,30.0,32.476,False,200,
1787722267.0298731,container,30.0,30.0,29.118,False,200,
1787722267.0632064,container,30.0,30.0,27.898,False,200,
1787722267.0965397,container,30.0,30.0,28.562,False,200,
1787722267.129873,container,30.0,30.0,29.966,False,200,
1787722267.1632063,container,30.0,30.0,26.331,False,200,
1787722267.1965396,container,30.0,30.0,33.758,False,200,
1787722267.2298732,container,30.0,30.0,29.583,False,200,
1787722267.2632065,container,30.0,30.0,28.614,False,200,
1787722267.2965398,container,30.0,30.0,37.048,False,200,
1787722267.329873,container,30.0,30.0,30.46,False,200,
1787722267.3632064,container,30.0,30.0,39.537,False,200,
1787722267.3965397,container,30.0,30.0,33.708,False,200,
1787722267.429873,container,30.0,30.0,28.306,False,200,
1787722267.4632065,container,30.0,30.0,27.267,False,200,
1787722267.4965398,container,30.0,30.0,30.917,False,200,
1787722267.5298731,container,30.0,30.0,23.741,False,200,
1787722267.5632064,container,30.0,30.0,36.467,False,200,
1787722267.5965397,container,30.0,30.0,29.435,False,200,
1787722267.629873,container,30.0,30.0,29.468,False,200,
1787722267.6632063,container,30.0,30.0,33.862,False,200,
1787722267.6965396,container,30.0,30.0,28.187,False,200,
1787722267.7298732,container,30.0,30.0,36.942,False,200,
1787722267.7632065,container,30.0,30.0,30.099,False,200,
1787722267.7965398,container,30.0,30.0,27.305,False,200,
1787722267.829873,container,30.0,30.0,22.873,False,200,
1787722267.8632064,container,30.0,30.0,38.678,False,200,
1787722267.8965397,container,30.0,30.0,33.779,False,200,
1787722267.929873,container,30.0,30.0,26.308,False,200,
1787722267.9632065,container,30.0,30.0,27.716,False,200,
1787722267.9965398,container,30.0,30.0,27.298,False,200,
1787722268.0298731,container,30.0,30.0,31.635,False,200,
1787722268.0632064,container,30.0,30.0,37.176,False,200,
1787722268.0965397,container,30.0,30.0,32.678,False,200,
1787722268.129873,container,30.0,30.0,31.807,False,200,
1787722268.1632063,container,30.0,30.0,23.239,False,200,
1787722268.1965396,container,30.0,30.0,23.88,False,200,
1787722268.2298732,container,30.0,30.0,39.473,False,200,
1787722268.2632065,container,30.0,30.0,27.901,False,200,
1787722268.2965398,container,30.0,30.0,33.023,False,200,
1787722268.329873,container,30.0,30.0,27.203,False,200,
1787722268.3632064,container,30.0,30.0,31.367,False,200,
1787722268.3965397,container,30.0,30.0,22.565,False,200,
1787722268.429873,container,30.0,30.0,30.885,False,200,
1787722268.4632065,container,30.0,30.0,35.727,False,200,
1787722268.4965398,container,30.0,30.0,28.787,False,200,
1787722268.5298731,container,30.0,30.0,28.24,False,200,
1787722268.5632064,container,30.0,30.0,31.241,False,200,
1787722268.5965397,container,30.0,30.0,29.758,False,200,
1787722268.629873,container,30.0,30.0,28.511,False,200,
1787722268.6632063,container,30.0,30.0,30.223,False,200,
1787722268.6965396,container,30.0,30.0,30.702,False,200,
1787722268.7298732,container,30.0,30.0,32.891,False,200,
1787722268.7632065,container,30.0,30.0,27.048,False,200,
1787722268.7965398,container,30.0,30.0,30.605,False,200,
1787722268.829873,container,30.0,30.0,37.329,False,200,
1787722268.8632064,container,30.0,30.0,26.848,False,200,
1787722268.8965397,container,30.0,30.0,32.436,False,200,
1787722268.929873,container,30.0,30.0,32.178,False,200,
1787722268.9632065,container,30.0,30.0,29.188,False,200,
1787722268.9965398,container,30.0,30.0,31.381,False,200,
1787722269.0298731,container,30.0,30.0,46.917,False,200,
1787722269.0632064,container,30.0,30.0,35.412,False,200,
1787722269.0965397,container,30.0,30.0,26.978,False,200,
1787722269.129873,container,30.0,30.0,41.121,False,200,
1787722269.1632063,container,30.0,30.0,33.986,False,200,
1787722269.1965396,container,30.0,30.0,23.754,False,200,
1787722269.2298732,container,30.0,30.0,23.056,False,200,
1787722269.2632065,container,30.0,30.0,31.943,False,200,
1787722269.2965398,container,30.0,30.0,28.75,False,200,
1787722269.329873,container,30.0,30.0,28.303,False,200,
1787722269.3632064,container,30.0,30.0,31.538,False,200,
1787722269.3965397,container,30.0,30.0,27.342,False,200,
1787722269.429873,container,30.0,30.0,31.81,False,200,
1787722269.4632065,container,30.0,30.0,32.515,False,200,
1787722269.4965398,container,30.0,30.0,34.788,False,200,
1787722269.5298731,container,30.0,30.0,24.287,False,200,
1787722269.5632064,container,30.0,30.0,25.293,False,200,
1787722269.5965397,container,30.0,30.0,33.579,False,200,
1787722269.629873,container,30.0,30.0,32.87,False,200,
1787722269.6632063,container,30.0,30.0,36.565,False,200,
1787722269.6965396,container,30.0,30.0,23.026,False,200,
1787722269.7298732,container,30.0,30.0,31.076,False,200,
1787722269.7632065,container,30.0,30.0,26.097,False,200,
1787722269.7965398,container,30.0,30.0,23.48,False,200,
1787722269.829873,container,30.0,30.0,23.182,False,200,
1787722269.8632064,container,30.0,30.0,34.109,False,200,
1787722269.8965397,container,30.0,30.0,37.775,False,200,
1787722269.929873,container,30.0,30.0,31.562,False,200,
1787722269.9632065,container,30.0,30.0,22.776,False,200,
1787722269.9965398,container,30.0,30.0,36.388,False,200,
1787722270.0298731,container,30.0,30.0,36.703,False,200,
1787722270.0632064,container,30.0,30.0,27.597,False,200,
1787722270.0965397,container,30.0,30.0,28.256,False,200,
1787722270.129873,container,30.0,30.0,29.091,False,200,
1787722270.1632063,container,30.0,30.0,25.378,False,200,
1787722270.1965396,container,30.0,30.0,31.574,False,200,
1787722270.2298732,container,30.0,30.0,30.555,False,200,
1787722270.2632065,container,30.0,30.0,25.651,False,200,
1787722270.2965398,container,30.0,30.0,26.908,False,200,
1787722270.329873,container,30.0,30.0,28.03,False,200,
1787722270.3632064,container,30.0,30.0,20.912,False,200,
1787722270.3965397,container,30.0,30.0,23.919,False,200,
1787722270.429873,container,30.0,30.0,23.577,False,200,
1787722270.4632065,container,30.0,30.0,29.305,False,200,
1787722270.4965398,container,30.0,30.0,36.806,False,200,
1787722270.5298731,container,30.0,30.0,33.95,False,200,
1787722270.5632064,container,30.0,30.0,31.129,False,200,
1787722270.5965397,container,30.0,30.0,24.002,False,200,
1787722270.629873,container,30.0,30.0,25.319,False,200,
1787722270.6632063,container,30.0,30.0,38.589,False,200,
1787722270.6965396,container,30.0,30.0,27.351,False,200,
1787722270.7298732,container,30.0,30.0,35.811,False,200,
1787722270.7632065,container,30.0,30.0,25.651,False,200,
1787722270.7965398,container,30.0,30.0,22.124,False,200,
1787722270.829873,container,30.0,30.0,26.13,False,200,
1787722270.8632064,container,30.0,30.0,32.521,False,200,
1787722270.8965397,container,30.0,30.0,31.083,False,200,
1787722270.929873,container,30.0,30.0,34.586,False,200,
1787722270.9632065,container,30.0,30.0,27.917,False,200,
1787722270.9965398,container,30.0,30.0,24.451,False,200,
1787722271.0298731,container,30.0,30.0,28.923,False,200,
1787722271.0632064,container,30.0,30.0,25.308,False,200,
1787722271.0965397,container,30.0,30.0,30.41,False,200,
1787722271.129873,container,30.0,30.0,32.343,False,200,
1787722271.1632063,container,30.0,30.0,36.402,False,200,
1787722271.1965396,container,30.0,30.0,27.85,False,200,
1787722271.2298732,container,30.0,30.0,28.039,False,200,
1787722271.2632065,container,30.0,30.0,27.085,False,200,
1787722271.2965398,container,30.0,30.0,26.279,False,200,
1787722271.329873,container,30.0,30.0,29.425,False,200,
1787722271.3632064,container,30.0,30.0,34.356,False,200,
1787722271.3965397,container,30.0,30.0,25.653,False,200,
1787722271.429873,container,30.0,30.0,29.209,False,200,
1787722271.4632065,container,30.0,30.0,24.072,False,200,
1787722271.4965398,container,30.0,30.0,32.052,False,200,
1787722271.5298731,container,30.0,30.0,27.923,False,200,
1787722271.5632064,container,30.0,30.0,29.539,False,200,
1787722271.5965397,container,30.0,30.0,27.975,False,200,
1787722271.629873,container,30.0,30.0,25.297,False,200,
1787722271.6632063,container,30.0,30.0,29.694,False,200,
1787722271.6965396,container,30.0,30.0,33.713,False,200,
1787722271.7298732,container,30.0,30.0,32.689,False,200,
1787722271.7632065,container,30.0,30.0,33.042,False,200,
1787722271.7965398,container,30.0,30.0,27.12,False,200,
1787722271.829873,container,30.0,30.0,24.901,False,200,
1787722271.8632064,container,30.0,30.0,29.591,False,200,
1787722271.8965397,container,30.0,30.0,40.545,False,200,
1787722271.929873,container,30.0,30.0,31.249,False,200,
1787722271.9632065,container,30.0,30.0,38.34,False,200,
1787722271.9965398,container,30.0,30.0,24.06,False,200,
1787722272.0298731,container,30.0,30.0,39.59,False,200,
1787722272.0632064,container,30.0,30.0,26.583,False,200,
1787722272.0965397,container,30.0,30.0,29.165,False,200,
1787722272.129873,container,30.0,30.0,24.389,False,200,
1787722272.1632063,container,30.0,30.0,25.82,False,200,
1787722272.1965396,container,30.0,30.0,24.474,False,200,
1787722272.2298732,container,30.0,30.0,27.442,False,200,
1787722272.2632065,container,30.0,30.0,28.358,False,200,
1787722272.2965398,container,30.0,30.0,29.261,False,200,
1787722272.329873,container,30.0,30.0,31.218,False,200,
1787722272.3632064,container,30.0,30.0,33.424,False,200,
1787722272.3965397,container,30.0,30.0,24.947,False,200,
1787722272.429873,container,30.0,30.0,33.732,False,200,
1787722272.4632065,container,30.0,30.0,34.047,False,200,
1787722272.4965398,container,30.0,30.0,30.88,False,200,
1787722272.5298731,container,30.0,30.0,26.519,False,200,
1787722272.5632064,container,30.0,30.0,39.913,False,200,
1787722272.5965397,container,30.0,30.0,25.681,False,200,
1787722272.629873,container,30.0,30.0,32.699,False,200,
1787722272.6632063,container,30.0,30.0,31.592,False,200,
1787722272.6965396,container,30.0,30.0,27.105,False,200,
1787722272.7298732,container,30.0,30.0,32.067,False,200,
1787722272.7632065,container,30.0,30.0,28.766,False,200,
1787722272.7965398,container,30.0,30.0,34.798,False,200,
1787722272.829873,container,30.0,30.0,39.829,False,200,
1787722272.8632064,container,30.0,30.0,27.407,False,200,
1787722272.8965397,container,30.0,30.0,21.119,False,200,
1787722272.929873,container,30.0,30.0,31.841,False,200,
1787722272.9632065,container,30.0,30.0,30.83,False,200,
1787722272.9965398,container,30.0,30.0,38.781,False,200,
1787722273.0298731,container,30.0,30.0,30.91,False,200,
1787722273.0632064,container,30.0,30.0,33.855,False,200,
1787722273.0965397,container,30.0,30.0,29.01,False,200,
1787722273.129873,container,30.0,30.0,26.388,False,200,
1787722273.1632063,container,30.0,30.0,28.936,False,200,
1787722273.1965396,container,30.0,30.0,33.547,False,200,
1787722273.2298732,container,30.0,30.0,33.614,False,200,
1787722273.2632065,container,30.0,30.0,31.025,False,200,
1787722273.2965398,container,30.0,30.0,32.834,False,200,
1787722273.329873,container,30.0,30.0,36.975,False,200,
1787722273.3632064,container,30.0,30.0,29.173,False,200,
1787722273.3965397,container,30.0,30.0,28.56,False,200,
1787722273.429873,container,30.0,30.0,26.255,False,200,
1787722273.4632065,container,30.0,30.0,29.358,False,200,
1787722273.4965398,container,30.0,30.0,26.592,False,200,
1787722273.5298731,container,30.0,30.0,34.668,False,200,
1787722273.5632064,container,30.0,30.0,37.327,False,200,
1787722273.5965397,container,30.0,30.0,31.876,False,200,
1787722273.629873,container,30.0,30.0,30.549,False,200,
1787722273.6632063,container,30.0,30.0,35.129,False,200,
1787722273.6965396,container,30.0,30.0,27.675,False,200,
1787722273.7298732,container,30.0,30.0,34.913,False,200,
1787722273.7632065,container,30.0,30.0,22.882,False,200,
1787722273.7965398,container,30.0,30.0,27.552,False,200,
1787722273.829873,container,30.0,30.0,29.161,False,200,
1787722273.8632064,container,30.0,30.0,26.945,False,200,
1787722273.8965397,container,30.0,30.0,28.238,False,200,
1787722273.929873,container,30.0,30.0,31.759,False,200,
1787722273.9632065,container,30.0,30.0,28.521,False,200,
1787722273.9965398,container,30.0,30.0,29.112,False,200,
1787722274.0298731,container,30.0,30.0,35.985,False,200,
1787722274.0632064,container,30.0,30.0,26.633,False,200,
1787722274.0965397,container,30.0,30.0,26.14,False,200,
1787722274.129873,container,30.0,30.0,29.434,False,200,
1787722274.1632063,container,30.0,30.0,27.347,False,200,
1787722274.1965396,container,30.0,30.0,23.079,False,200,
1787722274.2298732,container,30.0,30.0,29.844,False,200,
1787722274.2632065,container,30.0,30.0,23.878,False,200,
1787722274.2965398,container,30.0,30.0,37.473,False,200,
1787722274.329873,container,30.0,30.0,30.684,False,200,
1787722274.3632064,container,30.0,30.0,29.422,False,200,
1787722274.3965397,container,30.0,30.0,24.914,False,200,
1787722274.429873,container,30.0,30.0,27.697,False,200,
1787722274.4632065,container,30.0,30.0,33.665,False,200,
1787722274.4965398,container,30.0,30.0,30.773,False,200,
1787722274.5298731,container,30.0,30.0,36.863,False,200,
1787722274.5632064,container,30.0,30.0,30.817,False,200,
1787722274.5965397,container,30.0,30.0,37.125,False,200,
1787722274.629873,container,30.0,30.0,31.454,False,200,
1787722274.6632063,container,30.0,30.0,29.505,False,200,
1787722274.6965396,container,30.0,30.0,38.422,False,200,
1787722274.7298732,container,30.0,30.0,27.046,False,200,
1787722274.7632065,container,30.0,30.0,21.651,False,200,
1787722274.7965398,container,30.0,30.0,36.694,False,200,
1787722274.829873,container,30.0,30.0,34.473,False,200,
1787722274.8632064,container,30.0,30.0,32.085,False,200,
1787722274.8965397,container,30.0,30.0,32.149,False,200,
1787722274.929873,container,30.0,30.0,32.016,False,200,
1787722274.9632065,container,30.0,30.0,31.324,False,200,
1787722274.9965398,container,30.0,30.0,33.0,False,200,
1787722275.0298731,container,30.0,30.0,38.034,False,200,
1787722275.0632064,container,30.0,30.0,39.362,False,200,
1787722275.0965397,container,30.0,30.0,28.031,False,200,
1787722275.129873,container,30.0,30.0,30.079,False,200,
1787722275.1632063,container,30.0,30.0,34.272,False,200,
1787722275.1965396,container,30.0,30.0,32.9,False,200,
1787722275.2298732,container,30.0,30.0,25.929,False,200,
1787722275.2632065,container,30.0,30.0,25.132,False,200,
1787722275.2965398,container,30.0,30.0,27.646,False,200,
1787722275.329873,container,30.0,30.0,23.308,False,200,
1787722275.3632064,container,30.0,30.0,27.678,False,200,
1787722275.3965397,container,30.0,30.0,28.854,False,200,
1787722275.429873,container,30.0,30.0,29.726,False,200,
1787722275.4632065,container,30.0,30.0,25.077,False,200,
1787722275.4965398,container,30.0,30.0,28.651,False,200,
1787722275.5298731,container,30.0,30.0,26.622,False,200,
1787722275.5632064,container,30.0,30.0,32.335,False,200,
1787722275.5965397,container,30.0,30.0,38.08,False,200,
1787722275.629873,container,30.0,30.0,28.288,False,200,
1787722275.6632063,container,30.0,30.0,23.574,False,200,
1787722275.6965396,container,30.0,30.0,36.419,False,200,
1787722275.7298732,container,30.0,30.0,27.124,False,200,
1787722275.7632065,container,30.0,30.0,27.128,False,200,
1787722275.7965398,container,30.0,30.0,27.568,False,200,
1787722275.829873,container,30.0,30.0,31.923,False,200,
1787722275.8632064,container,30.0,30.0,30.777,False,200,
1787722275.8965397,container,30.0,30.0,36.734,False,200,
1787722275.929873,container,30.0,30.0,27.341,False,200,
1787722275.9632065,container,30.0,30.0,42.23,False,200,
1787722275.9965398,container,30.0,30.0,25.21,False,200,
1787722276.0298731,container,30.0,30.0,32.278,False,200,
1787722276.0632064,container,30.0,30.0,32.783,False,200,
1787722276.0965397,container,30.0,30.0,26.863,False,200,
1787722276.129873,container,30.0,30.0,28.635,False,200,
1787722276.1632063,container,30.0,30.0,24.619,False,200,
1787722276.1965396,container,30.0,30.0,31.474,False,200,
1787722276.2298732,container,30.0,30.0,22.544,False,200,
1787722276.2632065,container,30.0,30.0,27.867,False,200,
1787722276.2965398,container,30.0,30.0,37.077,False,200,
1787722276.329873,container,30.0,30.0,35.236,False,200,
1787722276.3632064,container,30.0,30.0,31.374,False,200,
1787722276.3965397,container,30.0,30.0,27.843,False,200,
1787722276.429873,container,30.0,30.0,30.424,False,200,
1787722276.4632065,container,30.0,30.0,35.119,False,200,
1787722276.4965398,container,30.0,30.0,24.266,False,200,
1787722276.5298731,container,30.0,30.0,28.384,False,200,
1787722276.5632064,container,30.0,30.0,30.996,False,200,
1787722276.5965397,container,30.0,30.0,25.311,False,200,
1787722276.629873,container,30.0,30.0,28.172,False,200,
1787722276.6632063,container,30.0,30.0,26.041,False,200,
1787722276.6965396,container,30.0,30.0,28.239,False,200,
1787722276.7298732,container,30.0,30.0,32.652,False,200,
1787722276.7632065,container,30.0,30.0,34.8,False,200,
1787722276.7965398,container,30.0,30.0,28.931,False,200,
1787722276.829873,container,30.0,30.0,32.941,False,200,
1787722276.8632064,container,30.0,30.0,33.07,False,200,
1787722276.8965397,container,30.0,30.0,25.327,False,200,
1787722276.929873,container,30.0,30.0,24.737,False,200,
1787722276.9632065,container,30.0,30.0,30.741,False,200,
1787722276.9965398,container,30.0,30.0,26.842,False,200,
1787722277.0298731,container,30.0,30.0,29.034,False,200,
1787722277.0632064,container,30.0,30.0,25.955,False,200,
1787722277.0965397,container,30.0,30.0,34.727,False,200,
1787722277.129873,container,30.0,30.0,26.945,False,200,
1787722277.1632063,container,30.0,30.0,31.113,False,200,
1787722277.1965396,container,30.0,30.0,27.05,False,200,
1787722277.2298732,container,30.0,30.0,27.167,False,200,
1787722277.2632065,container,30.0,30.0,25.903,False,200,
1787722277.2965398,container,30.0,30.0,32.531,False,200,
1787722277.329873,container,30.0,30.0,30.198,False,200,
1787722277.3632064,container,30.0,30.0,25.748,False,200,
1787722277.3965397,container,30.0,30.0,40.137,False,200,
1787722277.429873,container,30.0,30.0,35.665,False,200,
1787722277.4632065,container,30.0,30.0,30.147,False,200,
1787722277.4965398,container,30.0,30.0,21.273,False,200,
1787722277.5298731,container,30.0,30.0,28.732,False,200,
1787722277.5632064,container,30.0,30.0,31.922,False,200,
1787722277.5965397,container,30.0,30.0,31.922,False,200,
1787722277.629873,container,30.0,30.0,30.312,False,200,
1787722277.6632063,container,30.0,30.0,36.159,False,200,
1787722277.6965396,container,30.0,30.0,23.858,False,200,
1787722277.7298732,container,30.0,30.0,27.293,False,200,
1787722277.7632065,container,30.0,30.0,28.111,False,200,
1787722277.7965398,container,30.0,30.0,30.197,False,200,
1787722277.829873,container,30.0,30.0,26.871,False,200,
1787722277.8632064,container,30.0,30.0,25.763,False,200,
1787722277.8965397,container,30.0,30.0,33.173,False,200,
1787722277.929873,container,30.0,30.0,32.201,False,200,
1787722277.9632065,container,30.0,30.0,35.213,False,200,
1787722277.9965398,container,30.0,30.0,29.172,False,200,
1787722278.0298731,container,30.0,30.0,41.467,False,200,
1787722278.0632064,container,30.0,30.0,27.428,False,200,
1787722278.0965397,container,30.0,30.0,27.229,False,200,
1787722278.129873,container,30.0,30.0,23.654,False,200,
1787722278.1632063,container,30.0,30.0,27.56,False,200,
1787722278.1965396,container,30.0,30.0,37.743,False,200,
1787722278.2298732,container,30.0,30.0,25.118,False,200,
1787722278.2632065,container,30.0,30.0,33.107,False,200,
1787722278.2965398,container,30.0,30.0,29.881,False,200,
1787722278.329873,container,30.0,30.0,32.94,False,200,
1787722278.3632064,container,30.0,30.0,28.504,False,200,
1787722278.3965397,container,30.0,30.0,29.504,False,200,
1787722278.429873,container,30.0,30.0,31.072,False,200,
1787722278.4632065,container,30.0,30.0,29.647,False,200,
1787722278.4965398,container,30.0,30.0,27.459,False,200,
1787722278.5298731,container,30.0,30.0,30.138,False,200,
1787722278.5632064,container,30.0,30.0,27.775,False,200,
1787722278.5965397,container,30.0,30.0,33.097,False,200,
1787722278.629873,container,30.0,30.0,29.212,False,200,
1787722278.6632063,container,30.0,30.0,29.745,False,200,
1787722278.6965396,container,30.0,30.0,31.304,False,200,
1787722278.7298732,container,30.0,30.0,25.558,False,200,
1787722278.7632065,container,30.0,30.0,30.153,False,200,
1787722278.7965398,container,30.0,30.0,25.661,False,200,
1787722278.829873,container,30.0,30.0,26.356,False,200,
1787722278.8632064,container,30.0,30.0,35.015,False,200,
1787722278.8965397,container,30.0,30.0,25.338,False,200,
1787722278.929873,container,30.0,30.0,33.844,False,200,
1787722278.9632065,container,30.0,30.0,26.516,False,200,
1787722278.9965398,container,30.0,30.0,29.452,False,200,
1787722279.0298731,container,30.0,30.0,34.818,False,200,
1787722279.0632064,container,30.0,30.0,18.812,False,200,
1787722279.0965397,container,30.0,30.0,31.845,False,200,
1787722279.129873,container,30.0,30.0,36.418,False,200,
1787722279.1632063,container,30.0,30.0,32.595,False,200,
1787722279.1965396,container,30.0,30.0,26.89,False,200,
1787722279.2298732,container,30.0,30.0,27.191,False,200,
1787722279.2632065,container,30.0,30.0,31.899,False,200,
1787722279.2965398,container,30.0,30.0,33.014,False,200,
1787722279.329873,container,30.0,30.0,30.353,False,200,
1787722279.3632064,container,30.0,30.0,30.293,False,200,
1787722279.3965397,container,30.0,30.0,34.528,False,200,
1787722279.429873,container,30.0,30.0,26.817,False,200,
1787722279.4632065,container,30.0,30.0,31.556,False,200,
1787722279.4965398,container,30.0,30.0,28.938,False,200,
1787722279.5298731,container,30.0,30.0,37.379,False,200,
1787722279.5632064,container,30.0,30.0,28.786,False,200,
1787722279.5965397,container,30.0,30.0,29.703,False,200,
1787722279.629873,container,30.0,30.0,26.484,False,200,
1787722279.6632063,container,30.0,30.0,35.341,False,200,
1787722279.6965396,container,30.0,30.0,30.548,False,200,
1787722279.7298732,container,30.0,30.0,33.784,False,200,
1787722279.7632065,container,30.0,30.0,34.408,False,200,
1787722279.7965398,container,30.0,30.0,24.553,False,200,
1787722279.829873,container,30.0,30.0,29.72,False,200,
1787722279.8632064,container,30.0,30.0,25.664,False,200,
1787722279.8965397,container,30.0,30.0,30.421,False,200,
1787722279.929873,container,30.0,30.0,25.74,False,200,
1787722279.9632065,container,30.0,30.0,31.878,False,200,
1787722279.9965398,container,30.0,30.0,37.341,False,200,
1787722280.0298731,container,30.0,30.0,30.213,False,200,
1787722280.0632064,container,30.0,30.0,28.124,False,200,
1787722280.0965397,container,30.0,30.0,36.361,False,200,
1787722280.129873,container,30.0,30.0,27.513,False,200,
1787722280.1632063,container,30.0,30.0,41.626,False,200,
1787722280.1965396,container,30.0,30.0,29.072,False,200,
1787722280.2298732,container,30.0,30.0,30.892,False,200,
1787722280.2632065,container,30.0,30.0,26.065,False,200,
1787722280.2965398,container,30.0,30.0,27.68,False,200,
1787722280.329873,container,30.0,30.0,34.155,False,200,
1787722280.3632064,container,30.0,30.0,31.043,False,200,
1787722280.3965397,container,30.0,30.0,23.974,False,200,
1787722280.429873,container,30.0,30.0,29.76,False,200,
1787722280.4632065,container,30.0,30.0,28.813,False,200,
1787722280.4965398,container,30.0,30.0,28.893,False,200,
1787722280.5298731,container,30.0,30.0,28.28,False,200,
1787722280.5632064,container,30.0,30.0,28.631,False,200,
1787722280.5965397,container,30.0,30.0,33.667,False,200,
1787722280.629873,container,30.0,30.0,25.345,False,200,
1787722280.6632063,container,30.0,30.0,35.235,False,200,
1787722280.6965396,container,30.0,30.0,30.986,False,200,
1787722280.7298732,container,30.0,30.0,34.114,False,200,
1787722280.7632065,container,30.0,30.0,31.037,False,200,
1787722280.7965398,container,30.0,30.0,38.698,False,200,
1787722280.829873,container,30.0,30.0,31.033,False,200,
1787722280.8632064,container,30.0,30.0,24.087,False,200,
1787722280.8965397,container,30.0,30.0,36.609,False,200,
1787722280.929873,container,30.0,30.0,28.586,False,200,
1787722280.9632065,container,30.0,30.0,30.63,False,200,
1787722280.9965398,container,30.0,30.0,27.118,False,200,
1787722281.0298731,container,30.0,30.0,30.39,False,200,
1787722281.0632064,container,30.0,30.0,28.875,False,200,
1787722281.0965397,container,30.0,30.0,32.258,False,200,
1787722281.129873,container,30.0,30.0,23.865,False,200,
1787722281.1632063,container,30.0,30.0,29.483,False,200,
1787722281.1965396,container,30.0,30.0,33.048,False,200,
1787722281.2298732,container,30.0,30.0,30.521,False,200,
1787722281.2632065,container,30.0,30.0,27.778,False,200,
1787722281.2965398,container,30.0,30.0,24.216,False,200,
1787722281.329873,container,30.0,30.0,22.97,False,200,
1787722281.3632064,container,30.0,30.0,25.246,False,200,
1787722281.3965397,container,30.0,30.0,36.419,False,200,
1787722281.429873,container,30.0,30.0,21.679,False,200,
1787722281.4632065,container,30.0,30.0,33.291,False,200,
1787722281.4965398,container,30.0,30.0,29.135,False,200,
1787722281.5298731,container,30.0,30.0,26.868,False,200,
1787722281.5632064,container,30.0,30.0,30.556,False,200,
1787722281.5965397,container,30.0,30.0,24.244,False,200,
1787722281.629873,container,30.0,30.0,30.294,False,200,
1787722281.6632063,container,30.0,30.0,34.319,False,200,
1787722281.6965396,container,30.0,30.0,29.229,False,200,
1787722281.7298732,container,30.0,30.0,27.818,False,200,
1787722281.7632065,container,30.0,30.0,34.105,False,200,
1787722281.7965398,container,30.0,30.0,30.416,False,200,
1787722281.829873,container,30.0,30.0,28.873,False,200,
1787722281.8632064,container,30.0,30.0,36.549,False,200,
1787722281.8965397,container,30.0,30.0,31.864,False,200,
1787722281.929873,container,30.0,30.0,30.865,False,200,
1787722281.9632065,container,30.0,30.0,34.142,False,200,
1787722281.9965398,container,30.0,30.0,26.278,False,200,
1787722282.0298731,container,30.0,30.0,33.265,False,200,
1787722282.0632064,container,30.0,30.0,26.792,False,200,
1787722282.0965397,container,30.0,30.0,28.098,False,200,
1787722282.129873,container,30.0,30.0,32.599,False,200,
1787722282.1632063,container,30.0,30.0,23.44,False,200,
1787722282.1965396,container,30.0,30.0,32.395,False,200,
1787722282.2298732,container,30.0,30.0,22.741,False,200,
1787722282.2632065,container,30.0,30.0,34.759,False,200,
1787722282.2965398,container,30.0,30.0,32.937,False,200,
1787722282.329873,container,30.0,30.0,29.839,False,200,
1787722282.3632064,container,30.0,30.0,27.387,False,200,
1787722282.3965397,container,30.0,30.0,33.972,False,200,
1787722282.429873,container,30.0,30.0,32.065,False,200,
1787722282.4632065,container,30.0,30.0,34.197,False,200,
1787722282.4965398,container,30.0,30.0,30.068,False,200,
1787722282.5298731,container,30.0,30.0,24.454,False,200,
1787722282.5632064,container,30.0,30.0,27.797,False,200,
1787722282.5965397,container,30.0,30.0,36.124,False,200,
1787722282.629873,container,30.0,30.0,33.042,False,200,
1787722282.6632063,container,30.0,30.0,33.718,False,200,
1787722282.6965396,container,30.0,30.0,31.056,False,200,
1787722282.7298732,container,30.0,30.0,32.677,False,200,
1787722282.7632065,container,30.0,30.0,25.494,False,200,
1787722282.7965398,container,30.0,30.0,30.403,False,200,
1787722282.829873,container,30.0,30.0,29.941,False,200,
1787722282.8632064,container,30.0,30.0,39.55,False,200,
1787722282.8965397,container,30.0,30.0,23.386,False,200,
1787722282.929873,container,30.0,30.0,33.913,False,200,
1787722282.9632065,container,30.0,30.0,32.074,False,200,
1787722282.9965398,container,30.0,30.0,25.5,False,200,
1787722283.0298731,container,30.0,30.0,28.336,False,200,
1787722283.0632064,container,30.0,30.0,35.078,False,200,
1787722283.0965397,container,30.0,30.0,26.068,False,200,
1787722283.129873,container,30.0,30.0,28.645,False,200,
1787722283.1632063,container,30.0,30.0,29.555,False,200,
1787722283.1965396,container,30.0,30.0,28.522,False,200,
1787722283.2298732,container,30.0,30.0,31.508,False,200,
1787722283.2632065,container,30.0,30.0,30.68,False,200,
1787722283.2965398,container,30.0,30.0,26.42,False,200,
1787722283.329873,container,30.0,30.0,26.213,False,200,
1787722283.3632064,container,30.0,30.0,28.504,False,200,
1787722283.3965397,container,30.0,30.0,33.847,False,200,
1787722283.429873,container,30.0,30.0,29.805,False,200,
1787722283.4632065,container,30.0,30.0,30.383,False,200,
1787722283.4965398,container,30.0,30.0,27.999,False,200,
1787722283.5298731,container,30.0,30.0,28.05,False,200,
1787722283.5632064,container,30.0,30.0,32.441,False,200,
1787722283.5965397,container,30.0,30.0,31.31,False,200,
1787722283.629873,container,30.0,30.0,27.327,False,200,
1787722283.6632063,container,30.0,30.0,34.584,False,200,
1787722283.6965396,container,30.0,30.0,31.719,False,200,
1787722283.7298732,container,30.0,30.0,28.631,False,200,
1787722283.7632065,container,30.0,30.0,32.814,False,200,
1787722283.7965398,container,30.0,30.0,30.413,False,200,
1787722283.829873,container,30.0,30.0,39.701,False,200,
1787722283.8632064,container,30.0,30.0,37.648,False,200,
1787722283.8965397,container,30.0,30.0,30.627,False,200,
1787722283.929873,container,30.0,30.0,27.344,False,200,
1787722283.9632065,container,30.0,30.0,25.47,False,200,
1787722283.9965398,container,30.0,30.0,26.769,False,200,
1787722284.0298731,container,30.0,30.0,31.425,False,200,
1787722284.0632064,container,30.0,30.0,27.2,False,200,
1787722284.0965397,container,30.0,30.0,35.3,False,200,
1787722284.129873,container,30.0,30.0,29.848,False,200,
1787722284.1632063,container,30.0,30.0,27.385,False,200,
1787722284.1965396,container,30.0,30.0,34.895,False,200,
1787722284.2298732,container,30.0,30.0,31.523,False,200,
1787722284.2632065,container,30.0,30.0,26.976,False,200,
1787722284.2965398,container,30.0,30.0,25.553,False,200,
1787722284.329873,container,30.0,30.0,27.118,False,200,
1787722284.3632064,container,30.0,30.0,31.129,False,200,
1787722284.3965397,container,30.0,30.0,24.618,False,200,
1787722284.429873,container,30.0,30.0,40.748,False,200,
1787722284.4632065,container,30.0,30.0,28.496,False,200,
1787722284.4965398,container,30.0,30.0,31.623,False,200,
1787722284.5298731,container,30.0,30.0,27.299,False,200,
1787722284.5632064,container,30.0,30.0,41.587,False,200,
1787722284.5965397,container,30.0,30.0,27.334,False,200,
1787722284.629873,container,30.0,30.0,41.031,False,200,
1787722284.6632063,container,30.0,30.0,24.929,False,200,
1787722284.6965396,container,30.0,30.0,30.543,False,200,
1787722284.7298732,container,30.0,30.0,30.195,False,200,
1787722284.7632065,container,30.0,30.0,32.942,False,200,
1787722284.7965398,container,30.0,30.0,25.229,False,200,
1787722284.829873,container,30.0,30.0,34.093,False,200,
1787722284.8632064,container,30.0,30.0,32.599,False,200,
1787722284.8965397,container,30.0,30.0,30.094,False,200,
1787722284.929873,container,30.0,30.0,39.808,False,200,
1787722284.9632065,container,30.0,30.0,27.933,False,200,
1787722284.9965398,container,30.0,30.0,28.021,False,200,
1787722285.0298731,container,30.0,30.0,31.341,False,200,
1787722285.0632064,container,30.0,30.0,30.139,False,200,
1787722285.0965397,container,30.0,30.0,29.631,False,200,
1787722285.129873,container,30.0,30.0,29.138,False,200,
1787722285.1632063,container,30.0,30.0,34.408,False,200,
1787722285.1965396,container,30.0,30.0,26.29,False,200,
1787722285.2298732,container,30.0,30.0,31.222,False,200,
1787722285.2632065,container,30.0,30.0,29.669,False,200,
1787722285.2965398,container,30.0,30.0,29.377,False,200,
1787722285.329873,container,30.0,30.0,32.801,False,200,
1787722285.3632064,container,30.0,30.0,30.306,False,200,
1787722285.3965397,container,30.0,30.0,27.629,False,200,
1787722285.429873,container,30.0,30.0,24.713,False,200,
1787722285.4632065,container,30.0,30.0,34.428,False,200,
1787722285.4965398,container,30.0,30.0,31.023,False,200,
1787722285.5298731,container,30.0,30.0,29.279,False,200,
1787722285.5632064,container,30.0,30.0,33.136,False,200,
1787722285.5965397,container,30.0,30.0,38.047,False,200,
1787722285.629873,container,30.0,30.0,25.565,False,200,
1787722285.6632063,container,30.0,30.0,37.524,False,200,
1787722285.6965396,container,30.0,30.0,22.503,False,200,
1787722285.7298732,container,30.0,30.0,34.015,False,200,
1787722285.7632065,container,30.0,30.0,32.071,False,200,
1787722285.7965398,container,30.0,30.0,25.986,False,200,
1787722285.829873,container,30.0,30.0,30.49,False,200,
1787722285.8632064,container,30.0,30.0,37.193,False,200,
1787722285.8965397,container,30.0,30.0,26.0,False,200,
1787722285.929873,container,30.0,30.0,28.782,False,200,
1787722285.9632065,container,30.0,30.0,32.401,False,200,
1787722285.9965398,container,30.0,30.0,30.913,False,200,
1787722286.0298731,container,30.0,30.0,38.852,False,200,
1787722286.0632064,container,30.0,30.0,21.487,False,200,
1787722286.0965397,container,30.0,30.0,31.895,False,200,
1787722286.129873,container,30.0,30.0,31.249,False,200,
1787722286.1632063,container,30.0,30.0,31.645,False,200,
1787722286.1965396,container,30.0,30.0,28.45,False,200,
1787722286.2298732,container,30.0,30.0,25.431,False,200,
1787722286.2632065,container,30.0,30.0,34.27,False,200,
1787722286.2965398,container,30.0,30.0,26.51,False,200,
1787722286.329873,container,30.0,30.0,21.639,False,200,
1787722286.3632064,container,30.0,30.0,35.803,False,200,
1787722286.3965397,container,30.0,30.0,33.698,False,200,
1787722286.429873,container,30.0,30.0,31.676,False,200,
1787722286.4632065,container,30.0,30.0,25.867,False,200,
1787722286.4965398,container,30.0,30.0,27.038,False,200,
1787722286.5298731,container,30.0,30.0,33.604,False,200,
1787722286.5632064,container,30.0,30.0,26.388,False,200,
1787722286.5965397,container,30.0,30.0,30.871,False,200,
1787722286.629873,container,30.0,30.0,24.98,False,200,
1787722286.6632063,container,30.0,30.0,33.47,False,200,
1787722286.6965396,container,30.0,30.0,24.613,False,200,
1787722286.7298732,container,30.0,30.0,36.6,False,200,
1787722286.7632065,container,30.0,30.0,29.603,False,200,
1787722286.7965398,container,30.0,30.0,34.357,False,200,
1787722286.829873,container,30.0,30.0,23.885,False,200,
1787722286.8632064,container,30.0,30.0,36.33,False,200,
1787722286.8965397,container,30.0,30.0,33.552,False,200,
1787722286.929873,container,30.0,30.0,21.822,False,200,
1787722286.9632065,container,30.0,30.0,42.432,False,200,
1787722286.9965398,container,30.0,30.0,22.689,False,200,
1787722287.0298731,container,30.0,30.0,39.248,False,200,
1787722287.0632064,container,30.0,30.0,28.911,False,200,
1787722287.0965397,container,30.0,30.0,28.712,False,200,
1787722287.129873,container,30.0,30.0,27.479,False,200,
1787722287.1632063,container,30.0,30.0,31.816,False,200,
1787722287.1965396,container,30.0,30.0,27.553,False,200,
1787722287.2298732,container,30.0,30.0,31.965,False,200,
1787722287.2632065,container,30.0,30.0,28.775,False,200,
1787722287.2965398,container,30.0,30.0,22.227,False,200,
1787722287.329873,container,30.0,30.0,35.489,False,200,
1787722287.3632064,container,30.0,30.0,31.53,False,200,
1787722287.3965397,container,30.0,30.0,22.976,False,200,
1787722287.429873,container,30.0,30.0,32.504,False,200,
1787722287.4632065,container,30.0,30.0,30.168,False,200,
1787722287.4965398,container,30.0,30.0,26.057,False,200,
1787722287.5298731,container,30.0,30.0,30.26,False,200,
1787722287.5632064,container,30.0,30.0,28.695,False,200,
1787722287.5965397,container,30.0,30.0,27.248,False,200,
1787722287.629873,container,30.0,30.0,37.203,False,200,
1787722287.6632063,container,30.0,30.0,25.622,False,200,
1787722287.6965396,container,30.0,30.0,23.305,False,200,
1787722287.7298732,container,30.0,30.0,28.39,False,200,
1787722287.7632065,container,30.0,30.0,28.787,False,200,
1787722287.7965398,container,30.0,30.0,35.763,False,200,
1787722287.829873,container,30.0,30.0,29.422,False,200,
1787722287.8632064,container,30.0,30.0,27.119,False,200,
1787722287.8965397,container,30.0,30.0,27.273,False,200,
1787722287.929873,container,30.0,30.0,35.0,False,200,
1787722287.9632065,container,30.0,30.0,32.837,False,200,
1787722287.9965398,container,30.0,30.0,31.09,False,200,
1787722288.0298731,container,30.0,30.0,24.621,False,200,
1787722288.0632064,container,30.0,30.0,27.663,False,200,
1787722288.0965397,container,30.0,30.0,39.605,False,200,
1787722288.129873,container,30.0,30.0,26.732,False,200,
1787722288.1632063,container,30.0,30.0,28.501,False,200,
1787722288.1965396,container,30.0,30.0,25.696,False,200,
1787722288.2298732,container,30.0,30.0,38.163,False,200,
1787722288.2632065,container,30.0,30.0,36.504,False,200,
1787722288.2965398,container,30.0,30.0,31.939,False,200,
1787722288.329873,container,30.0,30.0,27.873,False,200,
1787722288.3632064,container,30.0,30.0,36.395,False,200,
1787722288.3965397,container,30.0,30.0,34.343,False,200,
1787722288.429873,container,30.0,30.0,29.121,False,200,
1787722288.4632065,container,30.0,30.0,34.94,False,200,
1787722288.4965398,container,30.0,30.0,25.704,False,200,
1787722288.5298731,container,30.0,30.0,25.517,False,200,
1787722288.5632064,container,30.0,30.0,30.278,False,200,
1787722288.5965397,container,30.0,30.0,29.614,False,200,
1787722288.629873,container,30.0,30.0,34.177,False,200,
1787722288.6632063,container,30.0,30.0,38.081,False,200,
1787722288.6965396,container,30.0,30.0,25.431,False,200,
1787722288.7298732,container,30.0,30.0,34.352,False,200,
1787722288.7632065,container,30.0,30.0,25.598,False,200,
1787722288.7965398,container,30.0,30.0,25.778,False,200,
1787722288.829873,container,30.0,30.0,29.935,False,200,
1787722288.8632064,container,30.0,30.0,27.096,False,200,
1787722288.8965397,container,30.0,30.0,28.44,False,200,
1787722288.929873,container,30.0,30.0,27.036,False,200,
1787722288.9632065,container,30.0,30.0,25.61,False,200,
1787722288.9965398,container,30.0,30.0,30.431,False,200,
1787722289.0298731,container,30.0,30.0,29.527,False,200,
1787722289.0632064,container,30.0,30.0,33.131,False,200,
1787722289.0965397,container,30.0,30.0,28.831,False,200,
1787722289.129873,container,30.0,30.0,26.862,False,200,
1787722289.1632063,container,30.0,30.0,34.393,False,200,
1787722289.1965396,container,30.0,30.0,35.157,False,200,
1787722289.2298732,container,30.0,30.0,25.051,False,200,
1787722289.2632065,container,30.0,30.0,27.606,False,200,
1787722289.2965398,container,30.0,30.0,35.345,False,200,
1787722289.329873,container,30.0,30.0,33.73,False,200,
1787722289.3632064,container,30.0,30.0,37.338,False,200,
1787722289.3965397,container,30.0,30.0,24.652,False,200,
1787722289.429873,container,30.0,30.0,25.947,False,200,
1787722289.4632065,container,30.0,30.0,33.449,False,200,
1787722289.4965398,container,30.0,30.0,22.858,False,200,
1787722289.5298731,container,30.0,30.0,42.712,False,200,
1787722289.5632064,container,30.0,30.0,33.886,False,200,
1787722289.5965397,container,30.0,30.0,28.81,False,200,
1787722289.629873,container,30.0,30.0,29.453,False,200,
1787722289.6632063,container,30.0,30.0,28.259,False,200,
1787722289.6965396,container,30.0,30.0,28.097,False,200,
1787722289.7298732,container,30.0,30.0,28.443,False,200,
1787722289.7632065,container,30.0,30.0,31.618,False,200,
1787722289.7965398,container,30.0,30.0,36.425,False,200,
1787722289.829873,container,30.0,30.0,23.046,False,200,
1787722289.8632064,container,30.0,30.0,32.318,False,200,
1787722289.8965397,container,30.0,30.0,38.801,False,200,
1787722289.929873,container,30.0,30.0,38.403,False,200,
1787722289.9632065,container,30.0,30.0,23.891,False,200,
1787722289.9965398,container,30.0,30.0,30.038,False,200,
1787722290.0298731,container,30.0,30.0,27.749,False,200,
1787722290.0632064,container,30.0,30.0,27.148,False,200,
1787722290.0965397,container,30.0,30.0,24.573,False,200,
1787722290.129873,container,30.0,30.0,24.028,False,200,
1787722290.1632063,container,30.0,30.0,33.092,False,200,
1787722290.1965396,container,30.0,30.0,28.092,False,200,
1787722290.2298732,container,30.0,30.0,28.368,False,200,
1787722290.2632065,container,30.0,30.0,24.321,False,200,
1787722290.2965398,container,30.0,30.0,28.032,False,200,
1787722290.329873,container,30.0,30.0,29.081,False,200,
1787722290.3632064,container,30.0,30.0,49.42,False,200,
1787722290.3965397,container,30.0,30.0,28.756,False,200,
1787722290.429873,container,30.0,30.0,31.596,False,200,
1787722290.4632065,container,30.0,30.0,31.949,False,200,
1787722290.4965398,container,30.0,30.0,31.196,False,200,
1787722290.5298731,container,30.0,30.0,29.22,False,200,
1787722290.5632064,container,30.0,30.0,30.448,False,200,
1787722290.5965397,container,30.0,30.0,29.304,False,200,
1787722290.629873,container,30.0,30.0,25.755,False,200,
1787722290.6632063,container,30.0,30.0,31.05,False,200,
1787722290.6965396,container,30.0,30.0,32.288,False,200,
1787722290.7298732,container,30.0,30.0,31.222,False,200,
1787722290.7632065,container,30.0,30.0,27.807,False,200,
1787722290.7965398,container,30.0,30.0,33.607,False,200,
1787722290.829873,container,30.0,30.0,26.688,False,200,
1787722290.8632064,container,30.0,30.0,39.442,False,200,
1787722290.8965397,container,30.0,30.0,25.777,False,200,
1787722290.929873,container,30.0,30.0,31.106,False,200,
1787722290.9632065,container,30.0,30.0,21.424,False,200,
1787722290.9965398,container,30.0,30.0,24.469,False,200,
1787722291.0298731,container,30.0,30.0,25.125,False,200,
1787722291.0632064,container,30.0,30.0,42.731,False,200,
1787722291.0965397,container,30.0,30.0,35.105,False,200,
1787722291.129873,container,30.0,30.0,29.832,False,200,
1787722291.1632063,container,30.0,30.0,29.556,False,200,
1787722291.1965396,container,30.0,30.0,25.559,False,200,
1787722291.2298732,container,30.0,30.0,22.271,False,200,
1787722291.2632065,container,30.0,30.0,24.201,False,200,
1787722291.2965398,container,30.0,30.0,36.657,False,200,
1787722291.329873,container,30.0,30.0,28.481,False,200,
1787722291.3632064,container,30.0,30.0,28.608,False,200,
1787722291.3965397,container,30.0,30.0,25.172,False,200,
1787722291.429873,container,30.0,30.0,24.455,False,200,
1787722291.4632065,container,30.0,30.0,32.672,False,200,
1787722291.4965398,container,30.0,30.0,31.411,False,200,
1787722291.5298731,container,30.0,30.0,25.922,False,200,
1787722291.5632064,container,30.0,30.0,30.78,False,200,
1787722291.5965397,container,30.0,30.0,28.596,False,200,
1787722291.629873,container,30.0,30.0,31.201,False,200,
1787722291.6632063,container,30.0,30.0,26.918,False,200,
1787722291.6965396,container,30.0,30.0,28.445,False,200,
1787722291.7298732,container,30.0,30.0,28.3,False,200,
1787722291.7632065,container,30.0,30.0,24.167,False,200,
1787722291.7965398,container,30.0,30.0,27.451,False,200,
1787722291.829873,container,30.0,30.0,35.891,False,200,
1787722291.8632064,container,30.0,30.0,28.242,False,200,
1787722291.8965397,container,30.0,30.0,35.008,False,200,
1787722291.929873,container,30.0,30.0,26.185,False,200,
1787722291.9632065,container,30.0,30.0,29.146,False,200,
1787722291.9965398,container,30.0,30.0,23.581,False,200,
1787722292.0298731,container,30.0,30.0,31.672,False,200,
1787722292.0632064,container,30.0,30.0,22.127,False,200,
1787722292.0965397,container,30.0,30.0,34.231,False,200,
1787722292.129873,container,30.0,30.0,24.008,False,200,
1787722292.1632063,container,30.0,30.0,37.242,False,200,
1787722292.1965396,container,30.0,30.0,24.583,False,200,
1787722292.2298732,container,30.0,30.0,25.93,False,200,
1787722292.2632065,container,30.0,30.0,30.946,False,200,
1787722292.2965398,container,30.0,30.0,31.921,False,200,
1787722292.329873,container,30.0,30.0,25.35,False,200,
1787722292.3632064,container,30.0,30.0,30.001,False,200,
1787722292.3965397,container,30.0,30.0,25.589,False,200,
1787722292.429873,container,30.0,30.0,39.644,False,200,
1787722292.4632065,container,30.0,30.0,38.0,False,200,
1787722292.4965398,container,30.0,30.0,40.551,False,200,
1787722292.5298731,container,30.0,30.0,34.535,False,200,
1787722292.5632064,container,30.0,30.0,25.554,False,200,
1787722292.5965397,container,30.0,30.0,28.204,False,200,
1787722292.629873,container,30.0,30.0,22.7,False,200,
1787722292.6632063,container,30.0,30.0,26.118,False,200,
1787722292.6965396,container,30.0,30.0,26.696,False,200,
1787722292.7298732,container,30.0,30.0,32.87,False,200,
1787722292.7632065,container,30.0,30.0,22.985,False,200,
1787722292.7965398,container,30.0,30.0,25.637,False,200,
1787722292.829873,container,30.0,30.0,27.126,False,200,
1787722292.8632064,container,30.0,30.0,28.911,False,200,
1787722292.8965397,container,30.0,30.0,29.282,False,200,
1787722292.929873,container,30.0,30.0,23.243,False,200,
1787722292.9632065,container,30.0,30.0,31.219,False,200,
1787722292.9965398,container,30.0,30.0,36.197,False,200,
1787722293.0298731,container,30.0,30.0,28.447,False,200,
1787722293.0632064,container,30.0,30.0,36.911,False,200,
1787722293.0965397,container,30.0,30.0,35.371,False,200,
1787722293.129873,container,30.0,30.0,22.424,False,200,
1787722293.1632063,container,30.0,30.0,33.572,False,200,
1787722293.1965396,container,30.0,30.0,24.351,False,200,
1787722293.2298732,container,30.0,30.0,28.16,False,200,
1787722293.2632065,container,30.0,30.0,33.828,False,200,
1787722293.2965398,container,30.0,30.0,24.134,False,200,
1787722293.329873,container,30.0,30.0,29.164,False,200,
1787722293.3632064,container,30.0,30.0,23.972,False,200,
1787722293.3965397,container,30.0,30.0,32.24,False,200,
1787722293.429873,container,30.0,30.0,29.012,False,200,
1787722293.4632065,container,30.0,30.0,35.783,False,200,
1787722293.4965398,container,30.0,30.0,31.272,False,200,
1787722293.5298731,container,30.0,30.0,25.661,False,200,
1787722293.5632064,container,30.0,30.0,33.043,False,200,
1787722293.5965397,container,30.0,30.0,32.697,False,200,
1787722293.629873,container,30.0,30.0,25.382,False,200,
1787722293.6632063,container,30.0,30.0,27.039,False,200,
1787722293.6965396,container,30.0,30.0,30.19,False,200,
1787722293.7298732,container,30.0,30.0,34.236,False,200,
1787722293.7632065,container,30.0,30.0,40.119,False,200,
1787722293.7965398,container,30.0,30.0,32.336,False,200,
1787722293.829873,container,30.0,30.0,30.713,False,200,
1787722293.8632064,container,30.0,30.0,30.454,False,200,
1787722293.8965397,container,30.0,30.0,29.561,False,200,
1787722293.929873,container,30.0,30.0,33.162,False,200,
1787722293.9632065,container,30.0,30.0,27.224,False,200,
1787722293.9965398,container,30.0,30.0,29.336,False,200,
1787722294.0298731,container,30.0,30.0,34.203,False,200,
1787722294.0632064,container,30.0,30.0,26.782,False,200,
1787722294.0965397,container,30.0,30.0,28.113,False,200,
1787722294.129873,container,30.0,30.0,24.641,False,200,
1787722294.1632063,container,30.0,30.0,24.944,False,200,
1787722294.1965396,container,30.0,30.0,29.641,False,200,
1787722294.2298732,container,30.0,30.0,38.595,False,200,
1787722294.2632065,container,30.0,30.0,31.766,False,200,
1787722294.2965398,container,30.0,30.0,31.146,False,200,
1787722294.329873,container,30.0,30.0,34.657,False,200,
1787722294.3632064,container,30.0,30.0,40.33,False,200,
1787722294.3965397,container,30.0,30.0,26.15,False,200,
1787722294.429873,container,30.0,30.0,29.311,False,200,
1787722294.4632065,container,30.0,30.0,34.041,False,200,
1787722294.4965398,container,30.0,30.0,31.931,False,200,
1787722294.5298731,container,30.0,30.0,30.542,False,200,
1787722294.5632064,container,30.0,30.0,22.114,False,200,
1787722294.5965397,container,30.0,30.0,36.642,False,200,
1787722294.629873,container,30.0,30.0,32.132,False,200,
1787722294.6632063,container,30.0,30.0,32.885,False,200,
1787722294.6965396,container,30.0,30.0,28.206,False,200,
1787722294.7298732,container,30.0,30.0,29.51,False,200,
1787722294.7632065,container,30.0,30.0,38.974,False,200,
1787722294.7965398,container,30.0,30.0,32.34,False,200,
1787722294.829873,container,30.0,30.0,30.038,False,200,
1787722294.8632064,container,30.0,30.0,28.085,False,200,
1787722294.8965397,container,30.0,30.0,29.418,False,200,
1787722294.929873,container,30.0,30.0,33.275,False,200,
1787722294.9632065,container,30.0,30.0,26.632,False,200,
1787722294.9965398,container,30.0,30.0,26.554,False,200,
1787722295.0298731,container,30.0,30.0,21.813,False,200,
1787722295.0632064,container,30.0,30.0,20.537,False,200,
1787722295.0965397,container,30.0,30.0,32.03,False,200,
1787722295.129873,container,30.0,30.0,30.462,False,200,
1787722295.1632063,container,30.0,30.0,30.857,False,200,
1787722295.1965396,container,30.0,30.0,30.797,False,200,
1787722295.2298732,container,30.0,30.0,26.95,False,200,
1787722295.2632065,container,30.0,30.0,24.649,False,200,
1787722295.2965398,container,30.0,30.0,21.289,False,200,
1787722295.329873,container,30.0,30.0,41.584,False,200,
1787722295.3632064,container,30.0,30.0,42.805,False,200,
1787722295.3965397,container,30.0,30.0,21.752,False,200,
1787722295.429873,container,30.0,30.0,28.716,False,200,
1787722295.4632065,container,30.0,30.0,32.519,False,200,
1787722295.4965398,container,30.0,30.0,28.719,False,200,
1787722295.5298731,container,30.0,30.0,27.135,False,200,
1787722295.5632064,container,30.0,30.0,33.876,False,200,
1787722295.5965397,container,30.0,30.0,31.231,False,200,
1787722295.629873,container,30.0,30.0,32.781,False,200,
1787722295.6632063,container,30.0,30.0,41.033,False,200,
1787722295.6965396,container,30.0,30.0,24.862,False,200,
1787722295.7298732,container,30.0,30.0,25.226,False,200,
1787722295.7632065,container,30.0,30.0,25.911,False,200,
1787722295.7965398,container,30.0,30.0,20.568,False,200,
1787722295.829873,container,30.0,30.0,27.587,False,200,
1787722295.8632064,container,30.0,30.0,32.31,False,200,
1787722295.8965397,container,30.0,30.0,32.269,False,200,
1787722295.929873,container,30.0,30.0,35.841,False,200,
1787722295.9632065,container,30.0,30.0,26.342,False,200,
1787722295.9965398,container,30.0,30.0,33.248,False,200,
1787722296.0298731,container,30.0,30.0,30.704,False,200,
1787722296.0632064,container,30.0,30.0,35.075,False,200,
1787722296.0965397,container,30.0,30.0,30.051,False,200,
1787722296.129873,container,30.0,30.0,34.692,False,200,
1787722296.1632063,container,30.0,30.0,30.898,False,200,
1787722296.1965396,container,30.0,30.0,20.109,False,200,
1787722296.2298732,container,30.0,30.0,28.802,False,200,
1787722296.2632065,container,30.0,30.0,30.503,False,200,
1787722296.2965398,container,30.0,30.0,35.521,False,200,
1787722296.329873,container,30.0,30.0,27.66,False,200,
1787722296.3632064,container,30.0,30.0,32.538,False,200,
1787722296.3965397,container,30.0,30.0,29.035,False,200,
1787722296.429873,container,30.0,30.0,27.354,False,200,
1787722296.4632065,container,30.0,30.0,32.574,False,200,
1787722296.4965398,container,30.0,30.0,29.892,False,200,
1787722296.5298731,container,30.0,30.0,27.819,False,200,
1787722296.5632064,container,30.0,30.0,34.306,False,200,
1787722296.5965397,container,30.0,30.0,30.598,False,200,
1787722296.629873,container,30.0,30.0,30.332,False,200,
1787722296.6632063,container,30.0,30.0,31.161,False,200,
1787722296.6965396,container,30.0,30.0,27.785,False,200,
1787722296.7298732,container,30.0,30.0,32.313,False,200,
1787722296.7632065,container,30.0,30.0,33.152,False,200,
1787722296.7965398,container,30.0,30.0,31.997,False,200,
1787722296.829873,container,30.0,30.0,31.591,False,200,
1787722296.8632064,container,30.0,30.0,27.46,False,200,
1787722296.8965397,container,30.0,30.0,29.089,False,200,
1787722296.929873,container,30.0,30.0,25.058,False,200,
1787722296.9632065,container,30.0,30.0,38.553,False,200,
1787722296.9965398,container,30.0,30.0,34.868,False,200,
1787722297.0298731,container,30.0,30.0,34.646,False,200,
1787722297.0632064,container,30.0,30.0,34.051,False,200,
1787722297.0965397,container,30.0,30.0,21.178,False,200,
1787722297.129873,container,30.0,30.0,33.952,False,200,
1787722297.1632063,container,30.0,30.0,32.219,False,200,
1787722297.1965396,container,30.0,30.0,38.049,False,200,
1787722297.2298732,container,30.0,30.0,29.821,False,200,
1787722297.2632065,container,30.0,30.0,38.831,False,200,
1787722297.2965398,container,30.0,30.0,29.857,False,200,
1787722297.329873,container,30.0,30.0,25.598,False,200,
1787722297.3632064,container,30.0,30.0,22.223,False,200,
1787722297.3965397,container,30.0,30.0,24.049,False,200,
1787722297.429873,container,30.0,30.0,40.759,False,200,
1787722297.4632065,container,30.0,30.0,34.36,False,200,
1787722297.4965398,container,30.0,30.0,33.664,False,200,
1787722297.5298731,container,30.0,30.0,34.838,False,200,
1787722297.5632064,container,30.0,30.0,34.766,False,200,
1787722297.5965397,container,30.0,30.0,32.221,False,200,
1787722297.629873,container,30.0,30.0,31.076,False,200,
1787722297.6632063,container,30.0,30.0,29.357,False,200,
1787722297.6965396,container,30.0,30.0,34.493,False,200,
1787722297.7298732,container,30.0,30.0,28.597,False,200,
1787722297.7632065,container,30.0,30.0,28.961,False,200,
1787722297.7965398,container,30.0,30.0,34.152,False,200,
1787722297.829873,container,30.0,30.0,28.702,False,200,
1787722297.8632064,container,30.0,30.0,31.573,False,200,
1787722297.8965397,container,30.0,30.0,25.494,False,200,
1787722297.929873,container,30.0,30.0,29.394,False,200,
1787722297.9632065,container,30.0,30.0,25.005,False,200,
1787722297.9965398,container,30.0,30.0,27.828,False,200,
1787722298.0298731,container,30.0,30.0,19.55,False,200,
1787722298.0632064,container,30.0,30.0,26.312,False,200,
1787722298.0965397,container,30.0,30.0,34.84,False,200,
1787722298.129873,container,30.0,30.0,27.687,False,200,
1787722298.1632063,container,30.0,30.0,35.714,False,200,
1787722298.1965396,container,30.0,30.0,29.005,False,200,
1787722298.2298732,container,30.0,30.0,25.462,False,200,
1787722298.2632065,container,30.0,30.0,26.542,False,200,
1787722298.2965398,container,30.0,30.0,32.648,False,200,
1787722298.329873,container,30.0,30.0,28.576,False,200,
1787722298.3632064,container,30.0,30.0,35.565,False,200,
1787722298.3965397,container,30.0,30.0,33.625,False,200,
1787722298.429873,container,30.0,30.0,26.08,False,200,
1787722298.4632065,container,30.0,30.0,30.264,False,200,
1787722298.4965398,container,30.0,30.0,28.056,False,200,
1787722298.5298731,container,30.0,30.0,30.313,False,200,
1787722298.5632064,container,30.0,30.0,33.043,False,200,
1787722298.5965397,container,30.0,30.0,28.8,False,200,
1787722298.629873,container,30.0,30.0,34.338,False,200,
1787722298.6632063,container,30.0,30.0,32.107,False,200,
1787722298.6965396,container,30.0,30.0,31.095,False,200,
1787722298.7298732,container,30.0,30.0,30.454,False,200,
1787722298.7632065,container,30.0,30.0,34.032,False,200,
1787722298.7965398,container,30.0,30.0,28.705,False,200,
1787722298.829873,container,30.0,30.0,28.86,False,200,
1787722298.8632064,container,30.0,30.0,34.261,False,200,
1787722298.8965397,container,30.0,30.0,32.149,False,200,
1787722298.929873,container,30.0,30.0,32.169,False,200,
1787722298.9632065,container,30.0,30.0,28.421,False,200,
1787722298.9965398,container,30.0,30.0,32.99,False,200,
1787722299.0298731,container,30.0,30.0,31.892,False,200,
1787722299.0632064,container,30.0,30.0,33.438,False,200,
1787722299.0965397,container,30.0,30.0,39.963,False,200,
1787722299.129873,container,30.0,30.0,41.398,False,200,
1787722299.1632063,container,30.0,30.0,28.801,False,200,
1787722299.1965396,container,30.0,30.0,34.2,False,200,
1787722299.2298732,container,30.0,30.0,30.706,False,200,
1787722299.2632065,container,30.0,30.0,31.047,False,200,
1787722299.2965398,container,30.0,30.0,29.814,False,200,
1787722299.329873,container,30.0,30.0,27.083,False,200,
1787722299.3632064,container,30.0,30.0,30.729,False,200,
1787722299.3965397,container,30.0,30.0,41.823,False,200,
1787722299.429873,container,30.0,30.0,30.866,False,200,
1787722299.4632065,container,30.0,30.0,28.036,False,200,
1787722299.4965398,container,30.0,30.0,29.482,False,200,
1787722299.5298731,container,30.0,30.0,33.159,False,200,
1787722299.5632064,container,30.0,30.0,30.689,False,200,
1787722299.5965397,container,30.0,30.0,30.202,False,200,
1787722299.629873,container,30.0,30.0,30.725,False,200,
1787722299.6632063,container,30.0,30.0,25.117,False,200,
1787722299.6965396,container,30.0,30.0,29.844,False,200,
1787722299.7298732,container,30.0,30.0,28.45,False,200,
1787722299.7632065,container,30.0,30.0,27.889,False,200,
1787722299.7965398,container,30.0,30.0,32.545,False,200,
1787722299.829873,container,30.0,30.0,23.86,False,200,
1787722299.8632064,container,30.0,30.0,38.686,False,200,
1787722299.8965397,container,30.0,30.0,27.212,False,200,
1787722299.929873,container,30.0,30.0,30.965,False,200,
1787722299.9632065,container,30.0,30.0,28.58,False,200,
1787722299.9965398,container,30.0,30.0,35.255,False,200,
1787722300.0298731,container,30.0,30.0,33.795,False,200,
1787722300.0632064,container,30.0,30.0,29.765,False,200,
1787722300.0965397,container,30.0,30.0,26.328,False,200,
1787722300.129873,container,30.0,30.0,29.961,False,200,
1787722300.1632063,container,30.0,30.0,34.292,False,200,
1787722300.1965396,container,30.0,30.0,25.824,False,200,
1787722300.2298732,container,30.0,30.0,34.623,False,200,
1787722300.2632065,container,30.0,30.0,45.949,False,200,
1787722300.2965398,container,30.0,30.0,31.553,False,200,
1787722300.329873,container,30.0,30.0,35.936,False,200,
1787722300.3632064,container,30.0,30.0,23.931,False,200,
1787722300.3965397,container,30.0,30.0,42.276,False,200,
1787722300.429873,container,30.0,30.0,25.466,False,200,
1787722300.4632065,container,30.0,30.0,37.248,False,200,
1787722300.4965398,container,30.0,30.0,28.169,False,200,
1787722300.5298731,container,30.0,30.0,22.801,False,200,
1787722300.5632064,container,30.0,30.0,31.338,False,200,
1787722300.5965397,container,30.0,30.0,29.874,False,200,
1787722300.629873,container,30.0,30.0,28.471,False,200,
1787722300.6632063,container,30.0,30.0,30.26,False,200,
1787722300.6965396,container,30.0,30.0,30.711,False,200,
1787722300.7298732,container,30.0,30.0,27.982,False,200,
1787722300.7632065,container,30.0,30.0,35.416,False,200,
1787722300.7965398,container,30.0,30.0,24.904,False,200,
1787722300.829873,container,30.0,30.0,25.719,False,200,
1787722300.8632064,container,30.0,30.0,30.668,False,200,
1787722300.8965397,container,30.0,30.0,40.819,False,200,
1787722300.929873,container,30.0,30.0,26.116,False,200,
1787722300.9632065,container,30.0,30.0,26.204,False,200,
1787722300.9965398,container,30.0,30.0,31.397,False,200,
1787722301.0298731,container,30.0,30.0,31.422,False,200,
1787722301.0632064,container,30.0,30.0,29.073,False,200,
1787722301.0965397,container,30.0,30.0,26.954,False,200,
1787722301.129873,container,30.0,30.0,28.979,False,200,
1787722301.1632063,container,30.0,30.0,27.933,False,200,
1787722301.1965396,container,30.0,30.0,27.214,False,200,
1787722301.2298732,container,30.0,30.0,48.561,False,200,
1787722301.2632065,container,30.0,30.0,26.715,False,200,
1787722301.2965398,container,30.0,30.0,29.992,False,200,
1787722301.329873,container,30.0,30.0,30.413,False,200,
1787722301.3632064,container,30.0,30.0,28.012,False,200,
1787722301.3965397,container,30.0,30.0,28.76,False,200,
1787722301.429873,container,30.0,30.0,31.328,False,200,
1787722301.4632065,container,30.0,30.0,29.757,False,200,
1787722301.4965398,container,30.0,30.0,35.566,False,200,
1787722301.5298731,container,30.0,30.0,38.529,False,200,
1787722301.5632064,container,30.0,30.0,33.262,False,200,
1787722301.5965397,container,30.0,30.0,24.508,False,200,
1787722301.629873,container,30.0,30.0,22.249,False,200,
1787722301.6632063,container,30.0,30.0,31.13,False,200,
1787722301.6965396,container,30.0,30.0,29.601,False,200,
1787722301.7298732,container,30.0,30.0,22.329,False,200,
1787722301.7632065,container,30.0,30.0,30.696,False,200,
1787722301.7965398,container,30.0,30.0,32.06,False,200,
1787722301.829873,container,30.0,30.0,29.948,False,200,
1787722301.8632064,container,30.0,30.0,33.955,False,200,
1787722301.8965397,container,30.0,30.0,26.346,False,200,
1787722301.929873,container,30.0,30.0,32.992,False,200,
1787722301.9632065,container,30.0,30.0,29.731,False,200,
1787722301.9965398,container,30.0,30.0,22.851,False,200,
1787722302.0298731,container,30.0,30.0,27.532,False,200,
1787722302.0632064,container,30.0,30.0,23.755,False,200,
1787722302.0965397,container,30.0,30.0,32.712,False,200,
1787722302.129873,container,30.0,30.0,23.711,False,200,
1787722302.1632063,container,30.0,30.0,30.785,False,200,
1787722302.1965396,container,30.0,30.0,28.669,False,200,
1787722302.2298732,container,30.0,30.0,28.916,False,200,
1787722302.2632065,container,30.0,30.0,30.494,False,200,
1787722302.2965398,container,30.0,30.0,35.184,False,200,
1787722302.329873,container,30.0,30.0,35.68,False,200,
1787722302.3632064,container,30.0,30.0,31.093,False,200,
1787722302.3965397,container,30.0,30.0,35.729,False,200,
1787722302.429873,container,30.0,30.0,27.38,False,200,
1787722302.4632065,container,30.0,30.0,24.138,False,200,
1787722302.4965398,container,30.0,30.0,33.747,False,200,
1787722302.5298731,container,30.0,30.0,33.33,False,200,
1787722302.5632064,container,30.0,30.0,39.173,False,200,
1787722302.5965397,container,30.0,30.0,28.061,False,200,
1787722302.629873,container,30.0,30.0,33.6,False,200,
1787722302.6632063,container,30.0,30.0,30.921,False,200,
1787722302.6965396,container,30.0,30.0,39.609,False,200,
1787722302.7298732,container,30.0,30.0,29.276,False,200,
1787722302.7632065,container,30.0,30.0,27.768,False,200,
1787722302.7965398,container,30.0,30.0,25.659,False,200,
1787722302.829873,container,30.0,30.0,31.764,False,200,
1787722302.8632064,container,30.0,30.0,36.693,False,200,
1787722302.8965397,container,30.0,30.0,23.195,False,200,
1787722302.929873,container,30.0,30.0,25.028,False,200,
1787722302.9632065,container,30.0,30.0,32.039,False,200,
1787722302.9965398,container,30.0,30.0,30.705,False,200,
1787722303.0298731,container,30.0,30.0,27.248,False,200,
1787722303.0632064,container,30.0,30.0,32.87,False,200,
1787722303.0965397,container,30.0,30.0,28.756,False,200,
1787722303.129873,container,30.0,30.0,35.476,False,200,
1787722303.1632063,container,30.0,30.0,20.905,False,200,
1787722303.1965396,container,30.0,30.0,29.17,False,200,
1787722303.2298732,container,30.0,30.0,30.307,False,200,
1787722303.2632065,container,30.0,30.0,32.495,False,200,
1787722303.2965398,container,30.0,30.0,34.401,False,200,
1787722303.329873,container,30.0,30.0,35.755,False,200,
1787722303.3632064,container,30.0,30.0,34.759,False,200,
1787722303.3965397,container,30.0,30.0,26.186,False,200,
1787722303.429873,container,30.0,30.0,27.018,False,200,
1787722303.4632065,container,30.0,30.0,36.481,False,200,
1787722303.4965398,container,30.0,30.0,26.292,False,200,
1787722303.5298731,container,30.0,30.0,22.369,False,200,
1787722303.5632064,container,30.0,30.0,31.87,False,200,
1787722303.5965397,container,30.0,30.0,33.083,False,200,
1787722303.629873,container,30.0,30.0,25.554,False,200,
1787722303.6632063,container,30.0,30.0,31.521,False,200,
1787722303.6965396,container,30.0,30.0,34.583,False,200,
1787722303.7298732,container,30.0,30.0,39.435,False,200,
1787722303.7632065,container,30.0,30.0,32.012,False,200,
1787722303.7965398,container,30.0,30.0,29.86,False,200,
1787722303.829873,container,30.0,30.0,28.084,False,200,
1787722303.8632064,container,30.0,30.0,22.177,False,200,
1787722303.8965397,container,30.0,30.0,33.572,False,200,
1787722303.929873,container,30.0,30.0,25.705,False,200,
1787722303.9632065,container,30.0,30.0,25.749,False,200,
1787722303.9965398,container,30.0,30.0,29.717,False,200,
1787722304.0298731,container,30.0,30.0,23.371,False,200,
1787722304.0632064,container,30.0,30.0,31.325,False,200,
1787722304.0965397,container,30.0,30.0,30.806,False,200,
1787722304.129873,container,30.0,30.0,27.525,False,200,
1787722304.1632063,container,30.0,30.0,25.68,False,200,
1787722304.1965396,container,30.0,30.0,42.445,False,200,
1787722304.2298732,container,30.0,30.0,26.126,False,200,
1787722304.2632065,container,30.0,30.0,30.337,False,200,
1787722304.2965398,container,30.0,30.0,29.332,False,200,
1787722304.329873,container,30.0,30.0,32.076,False,200,
1787722304.3632064,container,30.0,30.0,28.039,False,200,
1787722304.3965397,container,30.0,30.0,22.262,False,200,
1787722304.429873,container,30.0,30.0,34.974,False,200,
1787722304.4632065,container,30.0,30.0,27.838,False,200,
1787722304.4965398,container,30.0,30.0,34.442,False,200,
1787722304.5298731,container,30.0,30.0,40.89,False,200,
1787722304.5632064,container,30.0,30.0,29.388,False,200,
1787722304.5965397,container,30.0,30.0,27.958,False,200,
1787722304.629873,container,30.0,30.0,26.144,False,200,
1787722304.6632063,container,30.0,30.0,23.496,False,200,
1787722304.6965396,container,30.0,30.0,39.169,False,200,
1787722304.7298732,container,30.0,30.0,31.357,False,200,
1787722304.7632065,container,30.0,30.0,38.085,False,200,
1787722304.7965398,container,30.0,30.0,29.025,False,200,
1787722304.829873,container,30.0,30.0,44.833,False,200,
1787722304.8632064,container,30.0,30.0,27.248,False,200,
1787722304.8965397,container,30.0,30.0,29.393,False,200,
1787722304.929873,container,30.0,30.0,25.686,False,200,
1787722304.9632065,container,30.0,30.0,23.088,False,200,
1787722304.9965398,container,30.0,30.0,32.362,False,200,
1787722305.0298731,container,30.0,30.0,30.447,False,200,
1787722305.0632064,container,30.0,30.0,32.192,False,200,
1787722305.0965397,container,30.0,30.0,27.64,False,200,
1787722305.129873,container,30.0,30.0,27.626,False,200,
1787722305.1632063,container,30.0,30.0,31.43,False,200,
1787722305.1965396,container,30.0,30.0,21.398,False,200,
1787722305.2298732,container,30.0,30.0,25.126,False,200,
1787722305.2632065,container,30.0,30.0,27.614,False,200,
1787722305.2965398,container,30.0,30.0,31.221,False,200,
1787722305.329873,container,30.0,30.0,27.795,False,200,
1787722305.3632064,container,30.0,30.0,31.287,False,200,
1787722305.3965397,container,30.0,30.0,27.523,False,200,
1787722305.429873,container,30.0,30.0,32.382,False,200,
1787722305.4632065,container,30.0,30.0,28.025,False,200,
1787722305.4965398,container,30.0,30.0,30.773,False,200,
1787722305.5298731,container,30.0,30.0,30.818,False,200,
1787722305.5632064,container,30.0,30.0,27.867,False,200,
1787722305.5965397,container,30.0,30.0,24.693,False,200,
1787722305.629873,container,30.0,30.0,29.277,False,200,
1787722305.6632063,container,30.0,30.0,32.06,False,200,
1787722305.6965396,container,30.0,30.0,29.706,False,200,
1787722305.7298732,container,30.0,30.0,30.114,False,200,
1787722305.7632065,container,30.0,30.0,35.346,False,200,
1787722305.7965398,container,30.0,30.0,39.962,False,200,
1787722305.829873,container,30.0,30.0,33.756,False,200,
1787722305.8632064,container,30.0,30.0,29.764,False,200,
1787722305.8965397,container,30.0,30.0,41.353,False,200,
1787722305.929873,container,30.0,30.0,30.349,False,200,
1787722305.9632065,container,30.0,30.0,23.829,False,200,
1787722305.9965398,container,30.0,30.0,31.833,False,200,
1787722306.0298731,container,30.0,30.0,30.29,False,200,
1787722306.0632064,container,30.0,30.0,43.137,False,200,
1787722306.0965397,container,30.0,30.0,26.877,False,200,
1787722306.129873,container,30.0,30.0,27.07,False,200,
1787722306.1632063,container,30.0,30.0,35.04,False,200,
1787722306.1965396,container,30.0,30.0,28.376,False,200,
1787722306.2298732,container,30.0,30.0,31.623,False,200,
1787722306.2632065,container,30.0,30.0,35.756,False,200,
1787722306.2965398,container,30.0,30.0,39.707,False,200,
1787722306.329873,container,30.0,30.0,37.999,False,200,
1787722306.3632064,container,30.0,30.0,25.144,False,200,
1787722306.3965397,container,30.0,30.0,32.69,False,200,
1787722306.429873,container,30.0,30.0,25.362,False,200,
1787722306.4632065,container,30.0,30.0,38.326,False,200,
1787722306.4965398,container,30.0,30.0,29.721,False,200,
1787722306.5298731,container,30.0,30.0,36.832,False,200,
1787722306.5632064,container,30.0,30.0,21.476,False,200,
1787722306.5965397,container,30.0,30.0,25.46,False,200,
1787722306.629873,container,30.0,30.0,29.551,False,200,
1787722306.6632063,container,30.0,30.0,36.813,False,200,
1787722306.6965396,container,30.0,30.0,36.304,False,200,
1787722306.7298732,container,30.0,30.0,30.018,False,200,
1787722306.7632065,container,30.0,30.0,30.874,False,200,
1787722306.7965398,container,30.0,30.0,26.721,False,200,
1787722306.829873,container,30.0,30.0,35.662,False,200,
1787722306.8632064,container,30.0,30.0,27.49,False,200,
1787722306.8965397,container,30.0,30.0,32.204,False,200,
1787722306.929873,container,30.0,30.0,32.186,False,200,
1787722306.9632065,container,30.0,30.0,29.398,False,200,
1787722306.9965398,container,30.0,30.0,33.025,False,200,
1787722307.0298731,container,30.0,30.0,26.599,False,200,
1787722307.0632064,container,30.0,30.0,25.062,False,200,
1787722307.0965397,container,30.0,30.0,40.383,False,200,
1787722307.129873,container,30.0,30.0,32.476,False,200,
1787722307.1632063,container,30.0,30.0,24.157,False,200,
1787722307.1965396,container,30.0,30.0,33.563,False,200,
1787722307.2298732,container,30.0,30.0,29.873,False,200,
1787722307.2632065,container,30.0,30.0,30.348,False,200,
1787722307.2965398,container,30.0,30.0,24.341,False,200,
1787722307.329873,container,30.0,30.0,32.297,False,200,
1787722307.3632064,container,30.0,30.0,23.948,False,200,
1787722307.3965397,container,30.0,30.0,33.873,False,200,
1787722307.429873,container,30.0,30.0,26.849,False,200,
1787722307.4632065,container,30.0,30.0,28.497,False,200,
1787722307.4965398,container,30.0,30.0,33.172,False,200,
1787722307.5298731,container,30.0,30.0,32.015,False,200,
1787722307.5632064,container,30.0,30.0,33.646,False,200,
1787722307.5965397,container,30.0,30.0,32.026,False,200,
1787722307.629873,container,30.0,30.0,24.876,False,200,
1787722307.6632063,container,30.0,30.0,26.197,False,200,
1787722307.6965396,container,30.0,30.0,38.517,False,200,
1787722307.7298732,container,30.0,30.0,31.933,False,200,
1787722307.7632065,container,30.0,30.0,28.991,False,200,
1787722307.7965398,container,30.0,30.0,26.937,False,200,
1787722307.829873,container,30.0,30.0,30.526,False,200,
1787722307.8632064,container,30.0,30.0,26.534,False,200,
1787722307.8965397,container,30.0,30.0,24.533,False,200,
1787722307.929873,container,30.0,30.0,30.414,False,200,
1787722307.9632065,container,30.0,30.0,32.365,False,200,
1787722307.9965398,container,30.0,30.0,34.691,False,200,
1787722308.0298731,container,30.0,30.0,40.454,False,200,
1787722308.0632064,container,30.0,30.0,32.016,False,200,
1787722308.0965397,container,30.0,30.0,28.14,False,200,
1787722308.129873,container,30.0,30.0,29.518,False,200,
1787722308.1632063,container,30.0,30.0,26.215,False,200,
1787722308.1965396,container,30.0,30.0,36.921,False,200,
1787722308.2298732,container,30.0,30.0,36.492,False,200,
1787722308.2632065,container,30.0,30.0,34.948,False,200,
1787722308.2965398,container,30.0,30.0,27.695,False,200,
1787722308.329873,container,30.0,30.0,32.224,False,200,
1787722308.3632064,container,30.0,30.0,44.675,False,200,
1787722308.3965397,container,30.0,30.0,35.687,False,200,
1787722308.429873,container,30.0,30.0,29.185,False,200,
1787722308.4632065,container,30.0,30.0,35.618,False,200,
1787722308.4965398,container,30.0,30.0,24.166,False,200,
1787722308.5298731,container,30.0,30.0,28.892,False,200,
1787722308.5632064,container,30.0,30.0,25.912,False,200,
1787722308.5965397,container,30.0,30.0,26.755,False,200,
1787722308.629873,container,30.0,30.0,28.563,False,200,
1787722308.6632063,container,30.0,30.0,29.276,False,200,
1787722308.6965396,container,30.0,30.0,27.624,False,200,
1787722308.7298732,container,30.0,30.0,38.163,False,200,
1787722308.7632065,container,30.0,30.0,28.256,False,200,
1787722308.7965398,container,30.0,30.0,33.737,False,200,
1787722308.829873,container,30.0,30.0,24.195,False,200,
1787722308.8632064,container,30.0,30.0,30.399,False,200,
1787722308.8965397,container,30.0,30.0,21.657,False,200,
1787722308.929873,container,30.0,30.0,31.003,False,200,
1787722308.9632065,container,30.0,30.0,24.618,False,200,
1787722308.9965398,container,30.0,30.0,32.845,False,200,
1787722309.0298731,container,30.0,30.0,32.391,False,200,
1787722309.0632064,container,30.0,30.0,30.68,False,200,
1787722309.0965397,container,30.0,30.0,38.436,False,200,
1787722309.129873,container,30.0,30.0,33.432,False,200,
1787722309.1632063,container,30.0,30.0,34.708,False,200,
1787722309.1965396,container,30.0,30.0,23.602,False,200,
1787722309.2298732,container,30.0,30.0,33.696,False,200,
1787722309.2632065,container,30.0,30.0,30.572,False,200,
1787722309.2965398,container,30.0,30.0,28.548,False,200,
1787722309.329873,container,30.0,30.0,34.328,False,200,
1787722309.3632064,container,30.0,30.0,30.258,False,200,
1787722309.3965397,container,30.0,30.0,21.339,False,200,
1787722309.429873,container,30.0,30.0,29.507,False,200,
1787722309.4632065,container,30.0,30.0,30.345,False,200,
1787722309.4965398,container,30.0,30.0,29.587,False,200,
1787722309.5298731,container,30.0,30.0,31.802,False,200,
1787722309.5632064,container,30.0,30.0,26.17,False,200,
1787722309.5965397,container,30.0,30.0,28.533,False,200,
1787722309.629873,container,30.0,30.0,39.402,False,200,
1787722309.6632063,container,30.0,30.0,27.412,False,200,
1787722309.6965396,container,30.0,30.0,33.319,False,200,
1787722309.7298732,container,30.0,30.0,23.467,False,200,
1787722309.7632065,container,30.0,30.0,20.949,False,200,
1787722309.7965398,container,30.0,30.0,36.959,False,200,
1787722309.829873,container,30.0,30.0,29.467,False,200,
1787722309.8632064,container,30.0,30.0,26.858,False,200,
1787722309.8965397,container,30.0,30.0,28.679,False,200,
1787722309.929873,container,30.0,30.0,31.21,False,200,
1787722309.9632065,container,30.0,30.0,30.944,False,200,
1787722309.9965398,container,30.0,30.0,27.895,False,200,
1787722310.0298731,container,30.0,30.0,30.609,False,200,
1787722310.0632064,container,30.0,30.0,26.388,False,200,
1787722310.0965397,container,30.0,30.0,26.065,False,200,
1787722310.129873,container,30.0,30.0,32.461,False,200,
1787722310.1632063,container,30.0,30.0,30.853,False,200,
1787722310.1965396,container,30.0,30.0,35.529,False,200,
1787722310.2298732,container,30.0,30.0,30.777,False,200,
1787722310.2632065,container,30.0,30.0,34.981,False,200,
1787722310.2965398,container,30.0,30.0,27.455,False,200,
1787722310.329873,container,30.0,30.0,32.371,False,200,
1787722310.3632064,container,30.0,30.0,37.601,False,200,
1787722310.3965397,container,30.0,30.0,31.979,False,200,
1787722310.429873,container,30.0,30.0,36.826,False,200,
1787722310.4632065,container,30.0,30.0,29.505,False,200,
1787722310.4965398,container,30.0,30.0,30.187,False,200,
1787722310.5298731,container,30.0,30.0,26.093,False,200,
1787722310.5632064,container,30.0,30.0,27.344,False,200,
1787722310.5965397,container,30.0,30.0,29.183,False,200,
1787722310.629873,container,30.0,30.0,25.837,False,200,
1787722310.6632063,container,30.0,30.0,39.901,False,200,
1787722310.6965396,container,30.0,30.0,29.323,False,200,
1787722310.7298732,container,30.0,30.0,32.539,False,200,
1787722310.7632065,container,30.0,30.0,40.468,False,200,
1787722310.7965398,container,30.0,30.0,24.196,False,200,
1787722310.829873,container,30.0,30.0,28.725,False,200,
1787722310.8632064,container,30.0,30.0,30.815,False,200,
1787722310.8965397,container,30.0,30.0,28.404,False,200,
1787722310.929873,container,30.0,30.0,23.553,False,200,
1787722310.9632065,container,30.0,30.0,36.086,False,200,
1787722310.9965398,container,30.0,30.0,25.376,False,200,
1787722311.0298731,container,30.0,30.0,29.778,False,200,
1787722311.0632064,container,30.0,30.0,31.71,False,200,
1787722311.0965397,container,30.0,30.0,27.977,False,200,
1787722311.129873,container,30.0,30.0,32.678,False,200,
1787722311.1632063,container,30.0,30.0,28.698,False,200,
1787722311.1965396,container,30.0,30.0,26.072,False,200,
1787722311.2298732,container,30.0,30.0,25.961,False,200,
1787722311.2632065,container,30.0,30.0,29.203,False,200,
1787722311.2965398,container,30.0,30.0,30.058,False,200,
1787722311.329873,container,30.0,30.0,34.009,False,200,
1787722311.3632064,container,30.0,30.0,25.816,False,200,
1787722311.3965397,container,30.0,30.0,37.496,False,200,
1787722311.429873,container,30.0,30.0,35.355,False,200,
1787722311.4632065,container,30.0,30.0,27.634,False,200,
1787722311.4965398,container,30.0,30.0,31.774,False,200,
1787722311.5298731,container,30.0,30.0,34.403,False,200,
1787722311.5632064,container,30.0,30.0,32.727,False,200,
1787722311.5965397,container,30.0,30.0,31.393,False,200,
1787722311.629873,container,30.0,30.0,31.757,False,200,
1787722311.6632063,container,30.0,30.0,30.14,False,200,
1787722311.6965396,container,30.0,30.0,28.211,False,200,
1787722311.7298732,container,30.0,30.0,27.455,False,200,
1787722311.7632065,container,30.0,30.0,27.527,False,200,
1787722311.7965398,container,30.0,30.0,25.317,False,200,
1787722311.829873,container,30.0,30.0,24.544,False,200,
1787722311.8632064,container,30.0,30.0,33.135,False,200,
1787722311.8965397,container,30.0,30.0,22.888,False,200,
1787722311.929873,container,30.0,30.0,37.808,False,200,
1787722311.9632065,container,30.0,30.0,28.321,False,200,
1787722311.9965398,container,30.0,30.0,33.696,False,200,
1787722312.0298731,container,30.0,30.0,27.859,False,200,
1787722312.0632064,container,30.0,30.0,31.727,False,200,
1787722312.0965397,container,30.0,30.0,30.905,False,200,
1787722312.129873,container,30.0,30.0,29.251,False,200,
1787722312.1632063,container,30.0,30.0,41.613,False,200,
1787722312.1965396,container,30.0,30.0,32.627,False,200,
1787722312.2298732,container,30.0,30.0,29.879,False,200,
1787722312.2632065,container,30.0,30.0,31.806,False,200,
1787722312.2965398,container,30.0,30.0,36.113,False,200,
1787722312.329873,container,30.0,30.0,37.579,False,200,
1787722312.3632064,container,30.0,30.0,29.809,False,200,
1787722312.3965397,container,30.0,30.0,30.515,False,200,
1787722312.429873,container,30.0,30.0,41.1,False,200,
1787722312.4632065,container,30.0,30.0,27.566,False,200,
1787722312.4965398,container,30.0,30.0,32.461,False,200,
1787722312.5298731,container,30.0,30.0,29.602,False,200,
1787722312.5632064,container,30.0,30.0,29.979,False,200,
1787722312.5965397,container,30.0,30.0,33.039,False,200,
1787722312.629873,container,30.0,30.0,33.2,False,200,
1787722312.6632063,container,30.0,30.0,29.98,False,200,
1787722312.6965396,container,30.0,30.0,37.117,False,200,
1787722312.7298732,container,30.0,30.0,25.369,False,200,
1787722312.7632065,container,30.0,30.0,29.04,False,200,
1787722312.7965398,container,30.0,30.0,25.351,False,200,
1787722312.829873,container,30.0,30.0,29.029,False,200,
1787722312.8632064,container,30.0,30.0,30.795,False,200,
1787722312.8965397,container,30.0,30.0,31.707,False,200,
1787722312.929873,container,30.0,30.0,20.279,False,200,
1787722312.9632065,container,30.0,30.0,31.864,False,200,
1787722312.9965398,container,30.0,30.0,30.976,False,200,
1787722313.0298731,container,30.0,30.0,28.705,False,200,
1787722313.0632064,container,30.0,30.0,26.748,False,200,
1787722313.0965397,container,30.0,30.0,30.536,False,200,
1787722313.129873,container,30.0,30.0,27.302,False,200,
1787722313.1632063,container,30.0,30.0,28.35,False,200,
1787722313.1965396,container,30.0,30.0,29.92,False,200,
1787722313.2298732,container,30.0,30.0,23.327,False,200,
1787722313.2632065,container,30.0,30.0,20.758,False,200,
1787722313.2965398,container,30.0,30.0,28.641,False,200,
1787722313.329873,container,30.0,30.0,27.056,False,200,
1787722313.3632064,container,30.0,30.0,33.903,False,200,
1787722313.3965397,container,30.0,30.0,22.745,False,200,
1787722313.429873,container,30.0,30.0,26.314,False,200,
1787722313.4632065,container,30.0,30.0,37.302,False,200,
1787722313.4965398,container,30.0,30.0,32.327,False,200,
1787722313.5298731,container,30.0,30.0,32.936,False,200,
1787722313.5632064,container,30.0,30.0,30.122,False,200,
1787722313.5965397,container,30.0,30.0,28.386,False,200,
1787722313.629873,container,30.0,30.0,38.301,False,200,
1787722313.6632063,container,30.0,30.0,28.444,False,200,
1787722313.6965396,container,30.0,30.0,32.578,False,200,
1787722313.7298732,container,30.0,30.0,29.697,False,200,
1787722313.7632065,container,30.0,30.0,28.95,False,200,
1787722313.7965398,container,30.0,30.0,30.702,False,200,
1787722313.829873,container,30.0,30.0,25.575,False,200,
1787722313.8632064,container,30.0,30.0,29.382,False,200,
1787722313.8965397,container,30.0,30.0,33.124,False,200,
1787722313.929873,container,30.0,30.0,29.385,False,200,
1787722313.9632065,container,30.0,30.0,37.691,False,200,
1787722313.9965398,container,30.0,30.0,29.414,False,200,
1787722314.0298731,container,30.0,30.0,35.799,False,200,
1787722314.0632064,container,30.0,30.0,32.426,False,200,
1787722314.0965397,container,30.0,30.0,20.894,False,200,
1787722314.129873,container,30.0,30.0,24.626,False,200,
1787722314.1632063,container,30.0,30.0,22.594,False,200,
1787722314.1965396,container,30.0,30.0,38.415,False,200,
1787722314.2298732,container,30.0,30.0,23.586,False,200,
1787722314.2632065,container,30.0,30.0,32.639,False,200,
1787722314.2965398,container,30.0,30.0,30.454,False,200,
1787722314.329873,container,30.0,30.0,33.082,False,200,
1787722314.3632064,container,30.0,30.0,29.459,False,200,
1787722314.3965397,container,30.0,30.0,24.772,False,200,
1787722314.429873,container,30.0,30.0,22.335,False,200,
1787722314.4632065,container,30.0,30.0,32.923,False,200,
1787722314.4965398,container,30.0,30.0,27.521,False,200,
1787722314.5298731,container,30.0,30.0,31.958,False,200,
1787722314.5632064,container,30.0,30.0,34.835,False,200,
1787722314.5965397,container,30.0,30.0,33.956,False,200,
1787722314.629873,container,30.0,30.0,26.079,False,200,
1787722314.6632063,container,30.0,30.0,27.484,False,200,
1787722314.6965396,container,30.0,30.0,32.067,False,200,
1787722314.7298732,container,30.0,30.0,30.115,False,200,
1787722314.7632065,container,30.0,30.0,34.892,False,200,
1787722314.7965398,container,30.0,30.0,36.625,False,200,
1787722314.829873,container,30.0,30.0,25.254,False,200,
1787722314.8632064,container,30.0,30.0,28.705,False,200,
1787722314.8965397,container,30.0,30.0,28.602,False,200,
1787722314.929873,container,30.0,30.0,34.672,False,200,
1787722314.9632065,container,30.0,30.0,30.714,False,200,
1787722314.9965398,container,30.0,30.0,30.896,False,200,
1787722315.0298731,container,30.0,30.0,25.753,False,200,
1787722315.0632064,container,30.0,30.0,29.189,False,200,
1787722315.0965397,container,30.0,30.0,33.115,False,200,
1787722315.129873,container,30.0,30.0,31.233,False,200,
1787722315.1632063,container,30.0,30.0,27.349,False,200,
1787722315.1965396,container,30.0,30.0,26.842,False,200,
1787722315.2298732,container,30.0,30.0,32.969,False,200,
1787722315.2632065,container,30.0,30.0,30.228,False,200,
1787722315.2965398,container,30.0,30.0,22.427,False,200,
1787722315.329873,container,30.0,30.0,38.582,False,200,
1787722315.3632064,container,30.0,30.0,22.568,False,200,
1787722315.3965397,container,30.0,30.0,30.265,False,200,
1787722315.429873,container,30.0,30.0,32.893,False,200,
1787722315.4632065,container,30.0,30.0,39.547,False,200,
1787722315.4965398,container,30.0,30.0,34.082,False,200,
1787722315.5298731,container,30.0,30.0,33.362,False,200,
1787722315.5632064,container,30.0,30.0,28.133,False,200,
1787722315.5965397,container,30.0,30.0,28.448,False,200,
1787722315.629873,container,30.0,30.0,26.351,False,200,
1787722315.6632063,container,30.0,30.0,28.032,False,200,
1787722315.6965396,container,30.0,30.0,28.571,False,200,
1787722315.7298732,container,30.0,30.0,33.808,False,200,
1787722315.7632065,container,30.0,30.0,29.838,False,200,
1787722315.7965398,container,30.0,30.0,22.734,False,200,
1787722315.829873,container,30.0,30.0,27.794,False,200,
1787722315.8632064,container,30.0,30.0,26.737,False,200,
1787722315.8965397,container,30.0,30.0,22.684,False,200,
1787722315.929873,container,30.0,30.0,23.653,False,200,
1787722315.9632065,container,30.0,30.0,26.613,False,200,
1787722315.9965398,container,30.0,30.0,35.532,False,200,
1787722316.0298731,container,30.0,30.0,29.352,False,200,
1787722316.0632064,container,30.0,30.0,30.179,False,200,
1787722316.0965397,container,30.0,30.0,31.516,False,200,
1787722316.129873,container,30.0,30.0,34.767,False,200,
1787722316.1632063,container,30.0,30.0,30.376,False,200,
1787722316.1965396,container,30.0,30.0,28.101,False,200,
1787722316.2298732,container,30.0,30.0,29.743,False,200,
1787722316.2632065,container,30.0,30.0,24.466,False,200,
1787722316.2965398,container,30.0,30.0,32.088,False,200,
1787722316.329873,container,30.0,30.0,25.735,False,200,
1787722316.3632064,container,30.0,30.0,25.094,False,200,
1787722316.3965397,container,30.0,30.0,45.42,False,200,
1787722316.429873,container,30.0,30.0,29.345,False,200,
1787722316.4632065,container,30.0,30.0,28.904,False,200,
1787722316.4965398,container,30.0,30.0,32.969,False,200,
1787722316.5298731,container,30.0,30.0,32.631,False,200,
1787722316.5632064,container,30.0,30.0,28.746,False,200,
1787722316.5965397,container,30.0,30.0,35.892,False,200,
1787722316.629873,container,30.0,30.0,28.857,False,200,
1787722316.6632063,container,30.0,30.0,35.159,False,200,
1787722316.6965396,container,30.0,30.0,37.263,False,200,
1787722316.7298732,container,30.0,30.0,25.857,False,200,
1787722316.7632065,container,30.0,30.0,28.302,False,200,
1787722316.7965398,container,30.0,30.0,29.618,False,200,
1787722316.829873,container,30.0,30.0,34.31,False,200,
1787722316.8632064,container,30.0,30.0,28.779,False,200,
1787722316.8965397,container,30.0,30.0,28.817,False,200,
1787722316.929873,container,30.0,30.0,24.288,False,200,
1787722316.9632065,container,30.0,30.0,29.687,False,200,
1787722316.9965398,container,30.0,30.0,26.04,False,200,
1787722317.0298731,container,30.0,30.0,30.378,False,200,
1787722317.0632064,container,30.0,30.0,31.876,False,200,
1787722317.0965397,container,30.0,30.0,37.726,False,200,
1787722317.129873,container,30.0,30.0,38.18,False,200,
1787722317.1632063,container,30.0,30.0,26.525,False,200,
1787722317.1965396,container,30.0,30.0,35.075,False,200,
1787722317.2298732,container,30.0,30.0,30.482,False,200,
1787722317.2632065,container,30.0,30.0,26.507,False,200,
1787722317.2965398,container,30.0,30.0,29.641,False,200,
1787722317.329873,container,30.0,30.0,27.181,False,200,
1787722317.3632064,container,30.0,30.0,33.406,False,200,
1787722317.3965397,container,30.0,30.0,27.893,False,200,
1787722317.429873,container,30.0,30.0,33.083,False,200,
1787722317.4632065,container,30.0,30.0,28.253,False,200,
1787722317.4965398,container,30.0,30.0,34.916,False,200,
1787722317.5298731,container,30.0,30.0,39.119,False,200,
1787722317.5632064,container,30.0,30.0,38.844,False,200,
1787722317.5965397,container,30.0,30.0,25.435,False,200,
1787722317.629873,container,30.0,30.0,28.22,False,200,
1787722317.6632063,container,30.0,30.0,26.717,False,200,
1787722317.6965396,container,30.0,30.0,25.631,False,200,
1787722317.7298732,container,30.0,30.0,28.965,False,200,
1787722317.7632065,container,30.0,30.0,29.51,False,200,
1787722317.7965398,container,30.0,30.0,24.656,False,200,
1787722317.829873,container,30.0,30.0,43.676,False,200,
1787722317.8632064,container,30.0,30.0,37.644,False,200,
1787722317.8965397,container,30.0,30.0,31.831,False,200,
1787722317.929873,container,30.0,30.0,40.245,False,200,
1787722317.9632065,container,30.0,30.0,36.319,False,200,
1787722317.9965398,container,30.0,30.0,31.146,False,200,
1787722318.0298731,container,30.0,30.0,26.0,False,200,
1787722318.0632064,container,30.0,30.0,31.912,False,200,
1787722318.0965397,container,30.0,30.0,27.988,False,200,
1787722318.129873,container,30.0,30.0,28.503,False,200,
1787722318.1632063,container,30.0,30.0,22.092,False,200,
1787722318.1965396,container,30.0,30.0,37.119,False,200,
1787722318.2298732,container,30.0,30.0,26.277,False,200,
1787722318.2632065,container,30.0,30.0,29.256,False,200,
1787722318.2965398,container,30.0,30.0,21.037,False,200,
1787722318.329873,container,30.0,30.0,26.956,False,200,
1787722318.3632064,container,30.0,30.0,32.095,False,200,
1787722318.3965397,container,30.0,30.0,25.856,False,200,
1787722318.429873,container,30.0,30.0,22.209,False,200,
1787722318.4632065,container,30.0,30.0,28.241,False,200,
1787722318.4965398,container,30.0,30.0,23.648,False,200,
1787722318.5298731,container,30.0,30.0,31.614,False,200,
1787722318.5632064,container,30.0,30.0,24.621,False,200,
1787722318.5965397,container,30.0,30.0,32.715,False,200,
1787722318.629873,container,30.0,30.0,30.13,False,200,
1787722318.6632063,container,30.0,30.0,33.412,False,200,
1787722318.6965396,container,30.0,30.0,21.683,False,200,
1787722318.7298732,container,30.0,30.0,27.319,False,200,
1787722318.7632065,container,30.0,30.0,25.237,False,200,
1787722318.7965398,container,30.0,30.0,29.15,False,200,
1787722318.829873,container,30.0,30.0,23.286,False,200,
1787722318.8632064,container,30.0,30.0,26.453,False,200,
1787722318.8965397,container,30.0,30.0,29.762,False,200,
1787722318.929873,container,30.0,30.0,27.584,False,200,
1787722318.9632065,container,30.0,30.0,34.918,False,200,
1787722318.9965398,container,30.0,30.0,31.15,False,200,
1787722319.0298731,container,30.0,30.0,30.775,False,200,
1787722319.0632064,container,30.0,30.0,30.814,False,200,
1787722319.0965397,container,30.0,30.0,26.422,False,200,
1787722319.129873,container,30.0,30.0,27.643,False,200,
1787722319.1632063,container,30.0,30.0,30.891,False,200,
1787722319.1965396,container,30.0,30.0,29.343,False,200,
1787722319.2298732,container,30.0,30.0,29.138,False,200,
1787722319.2632065,container,30.0,30.0,29.374,False,200,
1787722319.2965398,container,30.0,30.0,36.609,False,200,
1787722319.329873,container,30.0,30.0,25.977,False,200,
1787722319.3632064,container,30.0,30.0,26.965,False,200,
1787722319.3965397,container,30.0,30.0,29.886,False,200,
1787722319.429873,container,30.0,30.0,38.954,False,200,
1787722319.4632065,container,30.0,30.0,28.588,False,200,
1787722319.4965398,container,30.0,30.0,38.351,False,200,
1787722319.5298731,container,30.0,30.0,25.305,False,200,
1787722319.5632064,container,30.0,30.0,32.904,False,200,
1787722319.5965397,container,30.0,30.0,36.687,False,200,
1787722319.629873,container,30.0,30.0,24.583,False,200,
1787722319.6632063,container,30.0,30.0,27.597,False,200,
1787722319.6965396,container,30.0,30.0,31.164,False,200,
1787722319.7298732,container,30.0,30.0,33.183,False,200,
1787722319.7632065,container,30.0,30.0,32.362,False,200,
1787722319.7965398,container,30.0,30.0,27.403,False,200,
1787722319.829873,container,30.0,30.0,28.084,False,200,
1787722319.8632064,container,30.0,30.0,40.659,False,200,
1787722319.8965397,container,30.0,30.0,35.055,False,200,
1787722319.929873,container,30.0,30.0,34.098,False,200,
1787722319.9632065,container,30.0,30.0,37.019,False,200,
1787722319.9965398,container,30.0,30.0,34.008,False,200,
1787722320.0298731,container,30.0,30.0,36.563,False,200,
1787722320.0632064,container,30.0,30.0,24.02,False,200,
1787722320.0965397,container,30.0,30.0,34.958,False,200,
1787722320.129873,container,30.0,30.0,24.786,False,200,
1787722320.1632063,container,30.0,30.0,24.723,False,200,
1787722320.1965396,container,30.0,30.0,29.01,False,200,
1787722320.2298732,container,30.0,30.0,25.551,False,200,
1787722320.2632065,container,30.0,30.0,26.941,False,200,
1787722320.2965398,container,30.0,30.0,24.183,False,200,
1787722320.329873,container,30.0,30.0,26.868,False,200,
1787722320.3632064,container,30.0,30.0,39.095,False,200,
1787722320.3965397,container,30.0,30.0,29.881,False,200,
1787722320.429873,container,30.0,30.0,34.373,False,200,
1787722320.4632065,container,30.0,30.0,30.875,False,200,
1787722320.4965398,container,30.0,30.0,30.017,False,200,
1787722320.5298731,container,30.0,30.0,26.452,False,200,
1787722320.5632064,container,30.0,30.0,24.535,False,200,
1787722320.5965397,container,30.0,30.0,37.848,False,200,
1787722320.629873,container,30.0,30.0,32.16,False,200,
1787722320.6632063,container,30.0,30.0,30.405,False,200,
1787722320.6965396,container,30.0,30.0,31.66,False,200,
1787722320.7298732,container,30.0,30.0,24.049,False,200,
1787722320.7632065,container,30.0,30.0,34.255,False,200,
1787722320.7965398,container,30.0,30.0,39.639,False,200,
1787722320.829873,container,30.0,30.0,29.893,False,200,
1787722320.8632064,container,30.0,30.0,28.992,False,200,
1787722320.8965397,container,30.0,30.0,34.502,False,200,
1787722320.929873,container,30.0,30.0,22.267,False,200,
1787722320.9632065,container,30.0,30.0,27.539,False,200,
1787722320.9965398,container,30.0,30.0,26.026,False,200,
1787722321.0298731,container,30.0,30.0,29.788,False,200,
1787722321.0632064,container,30.0,30.0,26.784,False,200,
1787722321.0965397,container,30.0,30.0,26.031,False,200,
1787722321.129873,container,30.0,30.0,28.047,False,200,
1787722321.1632063,container,30.0,30.0,28.759,False,200,
1787722321.1965396,container,30.0,30.0,30.389,False,200,
1787722321.2298732,container,30.0,30.0,31.85,False,200,
1787722321.2632065,container,30.0,30.0,29.84,False,200,
1787722321.2965398,container,30.0,30.0,34.926,False,200,
1787722321.329873,container,30.0,30.0,24.7,False,200,
1787722321.3632064,container,30.0,30.0,25.508,False,200,
1787722321.3965397,container,30.0,30.0,32.323,False,200,
1787722321.429873,container,30.0,30.0,30.04,False,200,
1787722321.4632065,container,30.0,30.0,26.774,False,200,
1787722321.4965398,container,30.0,30.0,36.269,False,200,
1787722321.5298731,container,30.0,30.0,28.262,False,200,
1787722321.5632064,container,30.0,30.0,30.221,False,200,
1787722321.5965397,container,30.0,30.0,24.016,False,200,
1787722321.629873,container,30.0,30.0,32.763,False,200,
1787722321.6632063,container,30.0,30.0,29.972,False,200,
1787722321.6965396,container,30.0,30.0,30.286,False,200,
1787722321.7298732,container,30.0,30.0,25.836,False,200,
1787722321.7632065,container,30.0,30.0,33.788,False,200,
1787722321.7965398,container,30.0,30.0,25.286,False,200,
1787722321.829873,container,30.0,30.0,35.027,False,200,
1787722321.8632064,container,30.0,30.0,33.17,False,200,
1787722321.8965397,container,30.0,30.0,27.08,False,200,
1787722321.929873,container,30.0,30.0,30.488,False,200,
1787722321.9632065,container,30.0,30.0,28.365,False,200,
1787722321.9965398,container,30.0,30.0,32.021,False,200,
1787722322.0298731,container,30.0,30.0,27.999,False,200,
1787722322.0632064,container,30.0,30.0,30.902,False,200,
1787722322.0965397,container,30.0,30.0,31.81,False,200,
1787722322.129873,container,30.0,30.0,29.773,False,200,
1787722322.1632063,container,30.0,30.0,27.485,False,200,
1787722322.1965396,container,30.0,30.0,33.022,False,200,
1787722322.2298732,container,30.0,30.0,33.029,False,200,
1787722322.2632065,container,30.0,30.0,30.096,False,200,
1787722322.2965398,container,30.0,30.0,23.251,False,200,
1787722322.329873,container,30.0,30.0,23.441,False,200,
1787722322.3632064,container,30.0,30.0,31.383,False,200,
1787722322.3965397,container,30.0,30.0,35.109,False,200,
1787722322.429873,container,30.0,30.0,27.067,False,200,
1787722322.4632065,container,30.0,30.0,29.202,False,200,
1787722322.4965398,container,30.0,30.0,30.37,False,200,
1787722322.5298731,container,30.0,30.0,34.82,False,200,
1787722322.5632064,container,30.0,30.0,29.634,False,200,
1787722322.5965397,container,30.0,30.0,27.519,False,200,
1787722322.629873,container,30.0,30.0,34.168,False,200,
1787722322.6632063,container,30.0,30.0,33.895,False,200,
1787722322.6965396,container,30.0,30.0,33.214,False,200,
1787722322.7298732,container,30.0,30.0,30.24,False,200,
1787722322.7632065,container,30.0,30.0,41.874,False,200,
1787722322.7965398,container,30.0,30.0,30.05,False,200,
1787722322.829873,container,30.0,30.0,32.352,False,200,
1787722322.8632064,container,30.0,30.0,26.953,False,200,
1787722322.8965397,container,30.0,30.0,21.364,False,200,
1787722322.929873,container,30.0,30.0,35.274,False,200,
1787722322.9632065,container,30.0,30.0,30.825,False,200,
1787722322.9965398,container,30.0,30.0,34.893,False,200,
1787722323.0298731,container,30.0,30.0,23.434,False,200,
1787722323.0632064,container,30.0,30.0,25.717,False,200,
1787722323.0965397,container,30.0,30.0,26.487,False,200,
1787722323.129873,container,30.0,30.0,27.321,False,200,
1787722323.1632063,container,30.0,30.0,23.802,False,200,
1787722323.1965396,container,30.0,30.0,27.602,False,200,
1787722323.2298732,container,30.0,30.0,29.251,False,200,
1787722323.2632065,container,30.0,30.0,27.193,False,200,
1787722323.2965398,container,30.0,30.0,24.471,False,200,
1787722323.329873,container,30.0,30.0,30.682,False,200,
1787722323.3632064,container,30.0,30.0,32.375,False,200,
1787722323.3965397,container,30.0,30.0,25.285,False,200,
1787722323.429873,container,30.0,30.0,34.51,False,200,
1787722323.4632065,container,30.0,30.0,27.921,False,200,
1787722323.4965398,container,30.0,30.0,32.896,False,200,
1787722323.5298731,container,30.0,30.0,39.781,False,200,
1787722323.5632064,container,30.0,30.0,28.555,False,200,
1787722323.5965397,container,30.0,30.0,30.212,False,200,
1787722323.629873,container,30.0,30.0,25.123,False,200,
1787722323.6632063,container,30.0,30.0,34.214,False,200,
1787722323.6965396,container,30.0,30.0,28.458,False,200,
1787722323.7298732,container,30.0,30.0,24.495,False,200,
1787722323.7632065,container,30.0,30.0,27.315,False,200,
1787722323.7965398,container,30.0,30.0,24.71,False,200,
1787722323.829873,container,30.0,30.0,24.338,False,200,
1787722323.8632064,container,30.0,30.0,35.824,False,200,
1787722323.8965397,container,30.0,30.0,41.36,False,200,
1787722323.929873,container,30.0,30.0,26.35,False,200,
1787722323.9632065,container,30.0,30.0,32.723,False,200,
1787722323.9965398,container,30.0,30.0,32.686,False,200,
1787722324.0298731,container,30.0,30.0,27.214,False,200,
1787722324.0632064,container,30.0,30.0,28.304,False,200,
1787722324.0965397,container,30.0,30.0,24.609,False,200,
1787722324.129873,container,30.0,30.0,29.41,False,200,
1787722324.1632063,container,30.0,30.0,45.078,False,200,
1787722324.1965396,container,30.0,30.0,30.839,False,200,
1787722324.2298732,container,30.0,30.0,27.873,False,200,
1787722324.2632065,container,30.0,30.0,36.059,False,200,
1787722324.2965398,container,30.0,30.0,34.093,False,200,
1787722324.329873,container,30.0,30.0,26.538,False,200,
1787722324.3632064,container,30.0,30.0,20.023,False,200,
1787722324.3965397,container,30.0,30.0,32.335,False,200,
1787722324.429873,container,30.0,30.0,33.845,False,200,
1787722324.4632065,container,30.0,30.0,29.748,False,200,
1787722324.4965398,container,30.0,30.0,29.632,False,200,
1787722324.5298731,container,30.0,30.0,26.317,False,200,
1787722324.5632064,container,30.0,30.0,28.803,False,200,
1787722324.5965397,container,30.0,30.0,27.905,False,200,
1787722324.629873,container,30.0,30.0,27.866,False,200,
1787722324.6632063,container,30.0,30.0,29.606,False,200,
1787722324.6965396,container,30.0,30.0,26.305,False,200,
1787722324.7298732,container,30.0,30.0,33.221,False,200,
1787722324.7632065,container,30.0,30.0,31.803,False,200,
1787722324.7965398,container,30.0,30.0,36.879,False,200,
1787722324.829873,container,30.0,30.0,29.095,False,200,
1787722324.8632064,container,30.0,30.0,31.355,False,200,
1787722324.8965397,container,30.0,30.0,26.312,False,200,
1787722324.929873,container,30.0,30.0,29.46,False,200,
1787722324.9632065,container,30.0,30.0,35.724,False,200,
1787722324.9965398,container,30.0,30.0,31.198,False,200,
1787722325.0298731,container,30.0,30.0,35.399,False,200,
1787722325.0632064,container,30.0,30.0,28.866,False,200,
1787722325.0965397,container,30.0,30.0,32.604,False,200,
1787722325.129873,container,30.0,30.0,26.875,False,200,
1787722325.1632063,container,30.0,30.0,26.249,False,200,
1787722325.1965396,container,30.0,30.0,44.106,False,200,
1787722325.2298732,container,30.0,30.0,30.205,False,200,
1787722325.2632065,container,30.0,30.0,26.92,False,200,
1787722325.2965398,container,30.0,30.0,24.097,False,200,
1787722325.329873,container,30.0,30.0,34.807,False,200,
1787722325.3632064,container,30.0,30.0,32.735,False,200,
1787722325.3965397,container,30.0,30.0,30.215,False,200,
1787722325.429873,container,30.0,30.0,34.291,False,200,
1787722325.4632065,container,30.0,30.0,25.29,False,200,
1787722325.4965398,container,30.0,30.0,27.256,False,200,
1787722325.5298731,container,30.0,30.0,36.426,False,200,
1787722325.5632064,container,30.0,30.0,32.692,False,200,
1787722325.5965397,container,30.0,30.0,28.733,False,200,
1787722325.629873,container,30.0,30.0,26.138,False,200,
1787722325.6632063,container,30.0,30.0,33.149,False,200,
1787722325.6965396,container,30.0,30.0,23.822,False,200,
1787722325.7298732,container,30.0,30.0,33.801,False,200,
1787722325.7632065,container,30.0,30.0,21.54,False,200,
1787722325.7965398,container,30.0,30.0,32.41,False,200,
1787722325.829873,container,30.0,30.0,27.189,False,200,
1787722325.8632064,container,30.0,30.0,24.64,False,200,
1787722325.8965397,container,30.0,30.0,25.249,False,200,
1787722325.929873,container,30.0,30.0,30.969,False,200,
1787722325.9632065,container,30.0,30.0,31.52,False,200,
1787722325.9965398,container,30.0,30.0,28.519,False,200,
1787722326.0298731,container,30.0,30.0,26.801,False,200,
1787722326.0632064,container,30.0,30.0,28.542,False,200,
1787722326.0965397,container,30.0,30.0,37.227,False,200,
1787722326.129873,container,30.0,30.0,32.557,False,200,
1787722326.1632063,container,30.0,30.0,29.282,False,200,
1787722326.1965396,container,30.0,30.0,34.087,False,200,
1787722326.2298732,container,30.0,30.0,32.679,False,200,
1787722326.2632065,container,30.0,30.0,29.566,False,200,
1787722326.2965398,container,30.0,30.0,31.317,False,200,
1787722326.329873,container,30.0,30.0,35.474,False,200,
1787722326.3632064,container,30.0,30.0,34.218,False,200,
1787722326.3965397,container,30.0,30.0,27.055,False,200,
1787722326.429873,container,30.0,30.0,25.832,False,200,
1787722326.4632065,container,30.0,30.0,26.342,False,200,
1787722326.4965398,container,30.0,30.0,29.065,False,200,
1787722326.5298731,container,30.0,30.0,29.635,False,200,
1787722326.5632064,container,30.0,30.0,30.072,False,200,
1787722326.5965397,container,30.0,30.0,28.406,False,200,
1787722326.629873,container,30.0,30.0,21.222,False,200,
1787722326.6632063,container,30.0,30.0,28.517,False,200,
1787722326.6965396,container,30.0,30.0,26.36,False,200,
1787722326.7298732,container,30.0,30.0,29.482,False,200,
1787722326.7632065,container,30.0,30.0,32.728,False,200,
1787722326.7965398,container,30.0,30.0,32.622,False,200,
1787722326.829873,container,30.0,30.0,25.014,False,200,
1787722326.8632064,container,30.0,30.0,32.037,False,200,
1787722326.8965397,container,30.0,30.0,33.335,False,200,
1787722326.929873,container,30.0,30.0,23.392,False,200,
1787722326.9632065,container,30.0,30.0,43.893,False,200,
1787722326.9965398,container,30.0,30.0,25.863,False,200,
1787722327.0298731,container,30.0,30.0,28.741,False,200,
1787722327.0632064,container,30.0,30.0,23.548,False,200,
1787722327.0965397,container,30.0,30.0,38.565,False,200,
1787722327.129873,container,30.0,30.0,32.898,False,200,
1787722327.1632063,container,30.0,30.0,34.151,False,200,
1787722327.1965396,container,30.0,30.0,35.498,False,200,
1787722327.2298732,container,30.0,30.0,32.446,False,200,
1787722327.2632065,container,30.0,30.0,28.249,False,200,
1787722327.2965398,container,30.0,30.0,27.414,False,200,
1787722327.329873,container,30.0,30.0,22.568,False,200,
1787722327.3632064,container,30.0,30.0,37.726,False,200,
1787722327.3965397,container,30.0,30.0,26.815,False,200,
1787722327.429873,container,30.0,30.0,29.747,False,200,
1787722327.4632065,container,30.0,30.0,26.525,False,200,
1787722327.4965398,container,30.0,30.0,31.377,False,200,
1787722327.5298731,container,30.0,30.0,35.438,False,200,
1787722327.5632064,container,30.0,30.0,36.661,False,200,
1787722327.5965397,container,30.0,30.0,28.189,False,200,
1787722327.629873,container,30.0,30.0,28.392,False,200,
1787722327.6632063,container,30.0,30.0,30.102,False,200,
1787722327.6965396,container,30.0,30.0,37.689,False,200,
1787722327.7298732,container,30.0,30.0,43.908,False,200,
1787722327.7632065,container,30.0,30.0,28.125,False,200,
1787722327.7965398,container,30.0,30.0,34.287,False,200,
1787722327.829873,container,30.0,30.0,36.97,False,200,
1787722327.8632064,container,30.0,30.0,26.857,False,200,
1787722327.8965397,container,30.0,30.0,34.499,False,200,
1787722327.929873,container,30.0,30.0,27.737,False,200,
1787722327.9632065,container,30.0,30.0,31.588,False,200,
1787722327.9965398,container,30.0,30.0,36.317,False,200,
1787722328.0298731,container,30.0,30.0,29.922,False,200,
1787722328.0632064,container,30.0,30.0,26.212,False,200,
1787722328.0965397,container,30.0,30.0,32.406,False,200,
1787722328.129873,container,30.0,30.0,23.665,False,200,
1787722328.1632063,container,30.0,30.0,26.761,False,200,
1787722328.1965396,container,30.0,30.0,33.224,False,200,
1787722328.2298732,container,30.0,30.0,32.96,False,200,
1787722328.2632065,container,30.0,30.0,36.824,False,200,
1787722328.2965398,container,30.0,30.0,35.619,False,200,
1787722328.329873,container,30.0,30.0,35.16,False,200,
1787722328.3632064,container,30.0,30.0,36.963,False,200,
1787722328.3965397,container,30.0,30.0,29.951,False,200,
1787722328.429873,container,30.0,30.0,33.992,False,200,
1787722328.4632065,container,30.0,30.0,27.574,False,200,
1787722328.4965398,container,30.0,30.0,24.969,False,200,
1787722328.5298731,container,30.0,30.0,29.178,False,200,
1787722328.5632064,container,30.0,30.0,27.743,False,200,
1787722328.5965397,container,30.0,30.0,39.829,False,200,
1787722328.629873,container,30.0,30.0,24.108,False,200,
1787722328.6632063,container,30.0,30.0,28.987,False,200,
1787722328.6965396,container,30.0,30.0,37.299,False,200,
1787722328.7298732,container,30.0,30.0,32.574,False,200,
1787722328.7632065,container,30.0,30.0,40.747,False,200,
1787722328.7965398,container,30.0,30.0,30.477,False,200,
1787722328.829873,container,30.0,30.0,25.063,False,200,
1787722328.8632064,container,30.0,30.0,26.449,False,200,
1787722328.8965397,container,30.0,30.0,25.084,False,200,
1787722328.929873,container,30.0,30.0,27.928,False,200,
1787722328.9632065,container,30.0,30.0,24.96,False,200,
1787722328.9965398,container,30.0,30.0,27.581,False,200,
1787722329.0298731,container,30.0,30.0,23.897,False,200,
1787722329.0632064,container,30.0,30.0,32.65,False,200,
1787722329.0965397,container,30.0,30.0,29.217,False,200,
1787722329.129873,container,30.0,30.0,24.786,False,200,
1787722329.1632063,container,30.0,30.0,25.231,False,200,
1787722329.1965396,container,30.0,30.0,42.965,False,200,
1787722329.2298732,container,30.0,30.0,32.088,False,200,
1787722329.2632065,container,30.0,30.0,28.771,False,200,
1787722329.2965398,container,30.0,30.0,33.079,False,200,
1787722329.329873,container,30.0,30.0,28.369,False,200,
1787722329.3632064,container,30.0,30.0,35.072,False,200,
1787722329.3965397,container,30.0,30.0,28.65,False,200,
1787722329.429873,container,30.0,30.0,32.738,False,200,
1787722329.4632065,container,30.0,30.0,41.016,False,200,
1787722329.4965398,container,30.0,30.0,17.676,False,200,
1787722329.5298731,container,30.0,30.0,28.592,False,200,
1787722329.5632064,container,30.0,30.0,32.813,False,200,
1787722329.5965397,container,30.0,30.0,31.529,False,200,
1787722329.629873,container,30.0,30.0,32.835,False,200,
1787722329.6632063,container,30.0,30.0,31.505,False,200,
1787722329.6965396,container,30.0,30.0,25.043,False,200,
1787722329.7298732,container,30.0,30.0,24.958,False,200,
1787722329.7632065,container,30.0,30.0,35.357,False,200,
1787722329.7965398,container,30.0,30.0,29.03,False,200,
1787722329.829873,container,30.0,30.0,29.396,False,200,
1787722329.8632064,container,30.0,30.0,30.202,False,200,
1787722329.8965397,container,30.0,30.0,32.63,False,200,
1787722329.929873,container,30.0,30.0,30.006,False,200,
1787722329.9632065,container,30.0,30.0,24.109,False,200,
1787722329.9965398,container,30.0,30.0,27.032,False,200,
1787722330.0298731,container,30.0,30.0,33.859,False,200,
1787722330.0632064,container,30.0,30.0,30.284,False,200,
1787722330.0965397,container,30.0,30.0,29.649,False,200,
1787722330.129873,container,30.0,30.0,35.665,False,200,
1787722330.1632063,container,30.0,30.0,27.445,False,200,
1787722330.1965396,container,30.0,30.0,24.722,False,200,
1787722330.2298732,container,30.0,30.0,33.211,False,200,
1787722330.2632065,container,30.0,30.0,34.297,False,200,
1787722330.2965398,container,30.0,30.0,32.404,False,200,
1787722330.329873,container,30.0,30.0,31.182,False,200,
1787722330.3632064,container,30.0,30.0,32.093,False,200,
1787722330.3965397,container,30.0,30.0,45.745,False,200,
1787722330.429873,container,30.0,30.0,31.355,False,200,
1787722330.4632065,container,30.0,30.0,30.071,False,200,
1787722330.4965398,container,30.0,30.0,35.752,False,200,
1787722330.5298731,container,30.0,30.0,27.291,False,200,
1787722330.5632064,container,30.0,30.0,26.151,False,200,
1787722330.5965397,container,30.0,30.0,27.689,False,200,
1787722330.629873,container,30.0,30.0,34.806,False,200,
1787722330.6632063,container,30.0,30.0,26.969,False,200,
1787722330.6965396,container,30.0,30.0,49.568,False,200,
1787722330.7298732,container,30.0,30.0,34.798,False,200,
1787722330.7632065,container,30.0,30.0,26.229,False,200,
1787722330.7965398,container,30.0,30.0,32.849,False,200,
1787722330.829873,container,30.0,30.0,29.943,False,200,
1787722330.8632064,container,30.0,30.0,24.326,False,200,
1787722330.8965397,container,30.0,30.0,30.462,False,200,
1787722330.929873,container,30.0,30.0,31.381,False,200,
1787722330.9632065,container,30.0,30.0,24.003,False,200,
1787722330.9965398,container,30.0,30.0,30.741,False,200,
1787722331.0298731,container,30.0,30.0,28.985,False,200,
1787722331.0632064,container,30.0,30.0,31.848,False,200,
1787722331.0965397,container,30.0,30.0,34.225,False,200,
1787722331.129873,container,30.0,30.0,27.939,False,200,
1787722331.1632063,container,30.0,30.0,31.785,False,200,
1787722331.1965396,container,30.0,30.0,39.892,False,200,
1787722331.2298732,container,30.0,30.0,33.512,False,200,
1787722331.2632065,container,30.0,30.0,27.675,False,200,
1787722331.2965398,container,30.0,30.0,32.693,False,200,
1787722331.329873,container,30.0,30.0,29.532,False,200,
1787722331.3632064,container,30.0,30.0,29.538,False,200,
1787722331.3965397,container,30.0,30.0,35.828,False,200,
1787722331.429873,container,30.0,30.0,26.975,False,200,
1787722331.4632065,container,30.0,30.0,29.221,False,200,
1787722331.4965398,container,30.0,30.0,27.156,False,200,
1787722331.5298731,container,30.0,30.0,34.726,False,200,
1787722331.5632064,container,30.0,30.0,32.473,False,200,
1787722331.5965397,container,30.0,30.0,33.664,False,200,
1787722331.629873,container,30.0,30.0,28.329,False,200,
1787722331.6632063,container,30.0,30.0,31.597,False,200,
1787722331.6965396,container,30.0,30.0,35.432,False,200,
1787722331.7298732,container,30.0,30.0,29.129,False,200,
1787722331.7632065,container,30.0,30.0,29.321,False,200,
1787722331.7965398,container,30.0,30.0,22.391,False,200,
1787722331.829873,container,30.0,30.0,37.147,False,200,
1787722331.8632064,container,30.0,30.0,37.377,False,200,
1787722331.8965397,container,30.0,30.0,37.413,False,200,
1787722331.929873,container,30.0,30.0,28.134,False,200,
1787722331.9632065,container,30.0,30.0,26.544,False,200,
1787722331.9965398,container,30.0,30.0,28.191,False,200,
1787722332.0298731,container,30.0,30.0,24.774,False,200,
1787722332.0632064,container,30.0,30.0,29.95,False,200,
1787722332.0965397,container,30.0,30.0,24.2,False,200,
1787722332.129873,container,30.0,30.0,28.65,False,200,
1787722332.1632063,container,30.0,30.0,25.483,False,200,
1787722332.1965396,container,30.0,30.0,28.628,False,200,
1787722332.2298732,container,30.0,30.0,25.198,False,200,
1787722332.2632065,container,30.0,30.0,27.957,False,200,
1787722332.2965398,container,30.0,30.0,26.841,False,200,
1787722332.329873,container,30.0,30.0,28.855,False,200,
1787722332.3632064,container,30.0,30.0,26.874,False,200,
1787722332.3965397,container,30.0,30.0,29.932,False,200,
1787722332.429873,container,30.0,30.0,38.558,False,200,
1787722332.4632065,container,30.0,30.0,37.233,False,200,
1787722332.4965398,container,30.0,30.0,29.039,False,200,
1787722332.5298731,container,30.0,30.0,26.652,False,200,
1787722332.5632064,container,30.0,30.0,22.66,False,200,
1787722332.5965397,container,30.0,30.0,36.782,False,200,
1787722332.629873,container,30.0,30.0,41.116,False,200,
1787722332.6632063,container,30.0,30.0,34.458,False,200,
1787722332.6965396,container,30.0,30.0,26.939,False,200,
1787722332.7298732,container,30.0,30.0,32.79,False,200,
1787722332.7632065,container,30.0,30.0,35.95,False,200,
1787722332.7965398,container,30.0,30.0,28.07,False,200,
1787722332.829873,container,30.0,30.0,30.422,False,200,
1787722332.8632064,container,30.0,30.0,25.951,False,200,
1787722332.8965397,container,30.0,30.0,32.263,False,200,
1787722332.929873,container,30.0,30.0,30.947,False,200,
1787722332.9632065,container,30.0,30.0,29.448,False,200,
1787722332.9965398,container,30.0,30.0,23.347,False,200,
1787722333.0298731,container,30.0,30.0,24.216,False,200,
1787722333.0632064,container,30.0,30.0,31.049,False,200,
1787722333.0965397,container,30.0,30.0,27.666,False,200,
1787722333.129873,container,30.0,30.0,31.439,False,200,
1787722333.1632063,container,30.0,30.0,29.873,False,200,
1787722333.1965396,container,30.0,30.0,34.606,False,200,
1787722333.2298732,container,30.0,30.0,26.737,False,200,
1787722333.2632065,container,30.0,30.0,30.557,False,200,
1787722333.2965398,container,30.0,30.0,37.194,False,200,
1787722333.329873,container,30.0,30.0,30.949,False,200,
1787722333.3632064,container,30.0,30.0,26.339,False,200,
1787722333.3965397,container,30.0,30.0,40.52,False,200,
1787722333.429873,container,30.0,30.0,26.271,False,200,
1787722333.4632065,container,30.0,30.0,19.81,False,200,
1787722333.4965398,container,30.0,30.0,33.521,False,200,
1787722333.5298731,container,30.0,30.0,29.474,False,200,
1787722333.5632064,container,30.0,30.0,22.001,False,200,
1787722333.5965397,container,30.0,30.0,29.107,False,200,
1787722333.629873,container,30.0,30.0,28.759,False,200,
1787722333.6632063,container,30.0,30.0,28.597,False,200,
1787722333.6965396,container,30.0,30.0,30.114,False,200,
1787722333.7298732,container,30.0,30.0,20.488,False,200,
1787722333.7632065,container,30.0,30.0,33.175,False,200,
1787722333.7965398,container,30.0,30.0,31.563,False,200,
1787722333.829873,container,30.0,30.0,37.507,False,200,
1787722333.8632064,container,30.0,30.0,27.803,False,200,
1787722333.8965397,container,30.0,30.0,31.867,False,200,
1787722333.929873,container,30.0,30.0,28.938,False,200,
1787722333.9632065,container,30.0,30.0,32.629,False,200,
1787722333.9965398,container,30.0,30.0,26.738,False,200,
1787722334.0298731,container,30.0,30.0,30.016,False,200,
1787722334.0632064,container,30.0,30.0,29.832,False,200,
1787722334.0965397,container,30.0,30.0,29.414,False,200,
1787722334.129873,container,30.0,30.0,30.993,False,200,
1787722334.1632063,container,30.0,30.0,37.644,False,200,
1787722334.1965396,container,30.0,30.0,28.16,False,200,
1787722334.2298732,container,30.0,30.0,32.919,False,200,
1787722334.2632065,container,30.0,30.0,29.137,False,200,
1787722334.2965398,container,30.0,30.0,25.486,False,200,
1787722334.329873,container,30.0,30.0,23.623,False,200,
1787722334.3632064,container,30.0,30.0,26.311,False,200,
1787722334.3965397,container,30.0,30.0,35.173,False,200,
1787722334.429873,container,30.0,30.0,37.963,False,200,
1787722334.4632065,container,30.0,30.0,31.546,False,200,
1787722334.4965398,container,30.0,30.0,32.001,False,200,
1787722334.5298731,container,30.0,30.0,25.57,False,200,
1787722334.5632064,container,30.0,30.0,29.057,False,200,
1787722334.5965397,container,30.0,30.0,25.24,False,200,
1787722334.629873,container,30.0,30.0,38.306,False,200,
1787722334.6632063,container,30.0,30.0,31.256,False,200,
1787722334.6965396,container,30.0,30.0,22.819,False,200,
1787722334.7298732,container,30.0,30.0,28.226,False,200,
1787722334.7632065,container,30.0,30.0,29.231,False,200,
1787722334.7965398,container,30.0,30.0,23.905,False,200,
1787722334.829873,container,30.0,30.0,24.838,False,200,
1787722334.8632064,container,30.0,30.0,31.778,False,200,
1787722334.8965397,container,30.0,30.0,25.468,False,200,
1787722334.929873,container,30.0,30.0,21.903,False,200,
1787722334.9632065,container,30.0,30.0,23.65,False,200,
1787722334.9965398,container,30.0,30.0,28.413,False,200,
1787722335.0298731,container,30.0,30.0,24.313,False,200,
1787722335.0632064,container,30.0,30.0,28.814,False,200,
1787722335.0965397,container,30.0,30.0,28.533,False,200,
1787722335.129873,container,30.0,30.0,28.305,False,200,
1787722335.1632063,container,30.0,30.0,33.507,False,200,
1787722335.1965396,container,30.0,30.0,25.781,False,200,
1787722335.2298732,container,30.0,30.0,43.902,False,200,
1787722335.2632065,container,30.0,30.0,36.186,False,200,
1787722335.2965398,container,30.0,30.0,26.011,False,200,
1787722335.329873,container,30.0,30.0,31.986,False,200,
1787722335.3632064,container,30.0,30.0,30.1,False,200,
1787722335.3965397,container,30.0,30.0,35.035,False,200,
1787722335.429873,container,30.0,30.0,37.347,False,200,
1787722335.4632065,container,30.0,30.0,30.643,False,200,
1787722335.4965398,container,30.0,30.0,37.37,False,200,
1787722335.5298731,container,30.0,30.0,32.712,False,200,
1787722335.5632064,container,30.0,30.0,26.281,False,200,
1787722335.5965397,container,30.0,30.0,25.585,False,200,
1787722335.629873,container,30.0,30.0,28.427,False,200,
1787722335.6632063,container,30.0,30.0,25.303,False,200,
1787722335.6965396,container,30.0,30.0,32.818,False,200,
1787722335.7298732,container,30.0,30.0,28.149,False,200,
1787722335.7632065,container,30.0,30.0,34.55,False,200,
1787722335.7965398,container,30.0,30.0,36.684,False,200,
1787722335.829873,container,30.0,30.0,41.493,False,200,
1787722335.8632064,container,30.0,30.0,37.056,False,200,
1787722335.8965397,container,30.0,30.0,34.076,False,200,
1787722335.929873,container,30.0,30.0,32.17,False,200,
1787722335.9632065,container,30.0,30.0,26.666,False,200,
1787722335.9965398,container,30.0,30.0,21.739,False,200,
1787722336.0298731,container,30.0,30.0,30.985,False,200,
1787722336.0632064,container,30.0,30.0,28.997,False,200,
1787722336.0965397,container,30.0,30.0,26.271,False,200,
1787722336.129873,container,30.0,30.0,26.986,False,200,
1787722336.1632063,container,30.0,30.0,27.814,False,200,
1787722336.1965396,container,30.0,30.0,27.489,False,200,
1787722336.2298732,container,30.0,30.0,34.359,False,200,
1787722336.2632065,container,30.0,30.0,34.989,False,200,
1787722336.2965398,container,30.0,30.0,26.115,False,200,
1787722336.329873,container,30.0,30.0,35.193,False,200,
1787722336.3632064,container,30.0,30.0,28.63,False,200,
1787722336.3965397,container,30.0,30.0,25.005,False,200,
1787722336.429873,container,30.0,30.0,28.418,False,200,
1787722336.4632065,container,30.0,30.0,27.756,False,200,
1787722336.4965398,container,30.0,30.0,29.138,False,200,
1787722336.5298731,container,30.0,30.0,29.511,False,200,
1787722336.5632064,container,30.0,30.0,26.593,False,200,
1787722336.5965397,container,30.0,30.0,29.873,False,200,
1787722336.629873,container,30.0,30.0,24.842,False,200,
1787722336.6632063,container,30.0,30.0,37.907,False,200,
1787722336.6965396,container,30.0,30.0,33.674,False,200,
1787722336.7298732,container,30.0,30.0,28.172,False,200,
1787722336.7632065,container,30.0,30.0,27.742,False,200,
1787722336.7965398,container,30.0,30.0,30.567,False,200,
1787722336.829873,container,30.0,30.0,25.584,False,200,
1787722336.8632064,container,30.0,30.0,32.868,False,200,
1787722336.8965397,container,30.0,30.0,39.532,False,200,
1787722336.929873,container,30.0,30.0,31.432,False,200,
1787722336.9632065,container,30.0,30.0,33.501,False,200,
1787722336.9965398,container,30.0,30.0,33.038,False,200,
1787722337.0298731,container,30.0,30.0,27.58,False,200,
1787722337.0632064,container,30.0,30.0,34.265,False,200,
1787722337.0965397,container,30.0,30.0,30.107,False,200,
1787722337.129873,container,30.0,30.0,40.524,False,200,
1787722337.1632063,container,30.0,30.0,33.82,False,200,
1787722337.1965396,container,30.0,30.0,28.674,False,200,
1787722337.2298732,container,30.0,30.0,32.393,False,200,
1787722337.2632065,container,30.0,30.0,26.336,False,200,
1787722337.2965398,container,30.0,30.0,36.062,False,200,
1787722337.329873,container,30.0,30.0,27.973,False,200,
1787722337.3632064,container,30.0,30.0,29.324,False,200,
1787722337.3965397,container,30.0,30.0,31.863,False,200,
1787722337.429873,container,30.0,30.0,41.331,False,200,
1787722337.4632065,container,30.0,30.0,29.88,False,200,
1787722337.4965398,container,30.0,30.0,23.179,False,200,
1787722337.5298731,container,30.0,30.0,37.631,False,200,
1787722337.5632064,container,30.0,30.0,37.355,False,200,
1787722337.5965397,container,30.0,30.0,33.194,False,200,
1787722337.629873,container,30.0,30.0,22.419,False,200,
1787722337.6632063,container,30.0,30.0,25.136,False,200,
1787722337.6965396,container,30.0,30.0,31.029,False,200,
1787722337.7298732,container,30.0,30.0,32.752,False,200,
1787722337.7632065,container,30.0,30.0,25.587,False,200,
1787722337.7965398,container,30.0,30.0,27.565,False,200,
1787722337.829873,container,30.0,30.0,25.967,False,200,
1787722337.8632064,container,30.0,30.0,31.89,False,200,
1787722337.8965397,container,30.0,30.0,30.096,False,200,
1787722337.929873,container,30.0,30.0,31.342,False,200,
1787722337.9632065,container,30.0,30.0,33.52,False,200,
1787722337.9965398,container,30.0,30.0,26.534,False,200,
1787722338.0298731,container,30.0,30.0,30.685,False,200,
1787722338.0632064,container,30.0,30.0,34.039,False,200,
1787722338.0965397,container,30.0,30.0,27.879,False,200,
1787722338.129873,container,30.0,30.0,25.734,False,200,
1787722338.1632063,container,30.0,30.0,30.47,False,200,
1787722338.1965396,container,30.0,30.0,24.525,False,200,
1787722338.2298732,container,30.0,30.0,28.786,False,200,
1787722338.2632065,container,30.0,30.0,26.04,False,200,
1787722338.2965398,container,30.0,30.0,34.653,False,200,
1787722338.329873,container,30.0,30.0,32.386,False,200,
1787722338.3632064,container,30.0,30.0,23.217,False,200,
1787722338.3965397,container,30.0,30.0,30.61,False,200,
1787722338.429873,container,30.0,30.0,37.678,False,200,
1787722338.4632065,container,30.0,30.0,38.517,False,200,
1787722338.4965398,container,30.0,30.0,36.043,False,200,
1787722338.5298731,container,30.0,30.0,26.969,False,200,
1787722338.5632064,container,30.0,30.0,30.059,False,200,
1787722338.5965397,container,30.0,30.0,24.548,False,200,
1787722338.629873,container,30.0,30.0,35.735,False,200,
1787722338.6632063,container,30.0,30.0,38.599,False,200,
1787722338.6965396,container,30.0,30.0,31.967,False,200,
1787722338.7298732,container,30.0,30.0,40.765,False,200,
1787722338.7632065,container,30.0,30.0,32.78,False,200,
1787722338.7965398,container,30.0,30.0,29.925,False,200,
1787722338.829873,container,30.0,30.0,30.426,False,200,
1787722338.8632064,container,30.0,30.0,34.099,False,200,
1787722338.8965397,container,30.0,30.0,33.153,False,200,
1787722338.929873,container,30.0,30.0,27.862,False,200,
1787722338.9632065,container,30.0,30.0,28.558,False,200,
1787722338.9965398,container,30.0,30.0,28.404,False,200,
1787722339.0298731,container,30.0,30.0,23.08,False,200,
1787722339.0632064,container,30.0,30.0,27.247,False,200,
1787722339.0965397,container,30.0,30.0,19.725,False,200,
1787722339.129873,container,30.0,30.0,37.636,False,200,
1787722339.1632063,container,30.0,30.0,29.193,False,200,
1787722339.1965396,container,30.0,30.0,31.05,False,200,
1787722339.2298732,container,30.0,30.0,31.519,False,200,
1787722339.2632065,container,30.0,30.0,26.986,False,200,
1787722339.2965398,container,30.0,30.0,32.092,False,200,
1787722339.329873,container,30.0,30.0,33.827,False,200,
1787722339.3632064,container,30.0,30.0,38.357,False,200,
1787722339.3965397,container,30.0,30.0,34.367,False,200,
1787722339.429873,container,30.0,30.0,29.193,False,200,
1787722339.4632065,container,30.0,30.0,25.207,False,200,
1787722339.4965398,container,30.0,30.0,34.323,False,200,
1787722339.5298731,container,30.0,30.0,29.577,False,200,
1787722339.5632064,container,30.0,30.0,26.372,False,200,
1787722339.5965397,container,30.0,30.0,34.259,False,200,
1787722339.629873,container,30.0,30.0,34.509,False,200,
1787722339.6632063,container,30.0,30.0,34.322,False,200,
1787722339.6965396,container,30.0,30.0,31.332,False,200,
1787722339.7298732,container,30.0,30.0,27.612,False,200,
1787722339.7632065,container,30.0,30.0,29.477,False,200,
1787722339.7965398,container,30.0,30.0,31.596,False,200,
1787722339.829873,container,30.0,30.0,28.78,False,200,
1787722339.8632064,container,30.0,30.0,32.135,False,200,
1787722339.8965397,container,30.0,30.0,32.108,False,200,
1787722339.929873,container,30.0,30.0,30.338,False,200,
1787722339.9632065,container,30.0,30.0,25.988,False,200,
1787722339.9965398,container,30.0,30.0,37.332,False,200,
1787722340.0298731,container,30.0,30.0,29.919,False,200,
1787722340.0632064,container,30.0,30.0,38.212,False,200,
1787722340.0965397,container,30.0,30.0,32.407,False,200,
1787722340.129873,container,30.0,30.0,29.903,False,200,
1787722340.1632063,container,30.0,30.0,28.223,False,200,
1787722340.1965396,container,30.0,30.0,28.177,False,200,
1787722340.2298732,container,30.0,30.0,38.124,False,200,
1787722340.2632065,container,30.0,30.0,31.836,False,200,
1787722340.2965398,container,30.0,30.0,38.72,False,200,
1787722340.329873,container,30.0,30.0,31.372,False,200,
1787722340.3632064,container,30.0,30.0,27.967,False,200,
1787722340.3965397,container,30.0,30.0,27.035,False,200,
1787722340.429873,container,30.0,30.0,38.399,False,200,
1787722340.4632065,container,30.0,30.0,35.713,False,200,
1787722340.4965398,container,30.0,30.0,24.287,False,200,
1787722340.5298731,container,30.0,30.0,26.578,False,200,
1787722340.5632064,container,30.0,30.0,35.616,False,200,
1787722340.5965397,container,30.0,30.0,34.081,False,200,
1787722340.629873,container,30.0,30.0,29.097,False,200,
1787722340.6632063,container,30.0,30.0,27.078,False,200,
1787722340.6965396,container,30.0,30.0,37.038,False,200,
1787722340.7298732,container,30.0,30.0,29.902,False,200,
1787722340.7632065,container,30.0,30.0,36.252,False,200,
1787722340.7965398,container,30.0,30.0,29.837,False,200,
1787722340.829873,container,30.0,30.0,28.462,False,200,
1787722340.8632064,container,30.0,30.0,28.304,False,200,
1787722340.8965397,container,30.0,30.0,31.424,False,200,
1787722340.929873,container,30.0,30.0,29.968,False,200,
1787722340.9632065,container,30.0,30.0,30.536,False,200,
1787722340.9965398,container,30.0,30.0,27.348,False,200,
1787722341.0298731,container,30.0,30.0,34.881,False,200,
1787722341.0632064,container,30.0,30.0,31.437,False,200,
1787722341.0965397,container,30.0,30.0,29.191,False,200,
1787722341.129873,container,30.0,30.0,38.031,False,200,
1787722341.1632063,container,30.0,30.0,26.498,False,200,
1787722341.1965396,container,30.0,30.0,40.284,False,200,
1787722341.2298732,container,30.0,30.0,35.831,False,200,
1787722341.2632065,container,30.0,30.0,32.192,False,200,
1787722341.2965398,container,30.0,30.0,39.155,False,200,
1787722341.329873,container,30.0,30.0,33.808,False,200,
1787722341.3632064,container,30.0,30.0,27.17,False,200,
1787722341.3965397,container,30.0,30.0,29.432,False,200,
1787722341.429873,container,30.0,30.0,27.836,False,200,
1787722341.4632065,container,30.0,30.0,38.927,False,200,
1787722341.4965398,container,30.0,30.0,26.156,False,200,
1787722341.5298731,container,30.0,30.0,31.351,False,200,
1787722341.5632064,container,30.0,30.0,24.826,False,200,
1787722341.5965397,container,30.0,30.0,40.39,False,200,
1787722341.629873,container,30.0,30.0,30.286,False,200,
1787722341.6632063,container,30.0,30.0,36.858,False,200,
1787722341.6965396,container,30.0,30.0,30.298,False,200,
1787722341.7298732,container,30.0,30.0,26.149,False,200,
1787722341.7632065,container,30.0,30.0,37.553,False,200,
1787722341.7965398,container,30.0,30.0,40.084,False,200,
1787722341.829873,container,30.0,30.0,29.066,False,200,
1787722341.8632064,container,30.0,30.0,37.105,False,200,
1787722341.8965397,container,30.0,30.0,33.949,False,200,
1787722341.929873,container,30.0,30.0,32.677,False,200,
1787722341.9632065,container,30.0,30.0,27.504,False,200,
1787722341.9965398,container,30.0,30.0,35.546,False,200,
1787722342.0298731,container,30.0,30.0,22.613,False,200,
1787722342.0632064,container,30.0,30.0,36.488,False,200,
1787722342.0965397,container,30.0,30.0,24.809,False,200,
1787722342.129873,container,30.0,30.0,30.668,False,200,
1787722342.1632063,container,30.0,30.0,23.801,False,200,
1787722342.1965396,container,30.0,30.0,33.16,False,200,
1787722342.2298732,container,30.0,30.0,30.752,False,200,
1787722342.2632065,container,30.0,30.0,25.839,False,200,
1787722342.2965398,container,30.0,30.0,31.349,False,200,
1787722342.329873,container,30.0,30.0,29.815,False,200,
1787722342.3632064,container,30.0,30.0,29.292,False,200,
1787722342.3965397,container,30.0,30.0,34.381,False,200,
1787722342.429873,container,30.0,30.0,29.305,False,200,
1787722342.4632065,container,30.0,30.0,28.227,False,200,
1787722342.4965398,container,30.0,30.0,30.011,False,200,
1787722342.5298731,container,30.0,30.0,31.245,False,200,
1787722342.5632064,container,30.0,30.0,26.288,False,200,
1787722342.5965397,container,30.0,30.0,23.366,False,200,
1787722342.629873,container,30.0,30.0,30.457,False,200,
1787722342.6632063,container,30.0,30.0,33.233,False,200,
1787722342.6965396,container,30.0,30.0,31.723,False,200,
1787722342.7298732,container,30.0,30.0,30.739,False,200,
1787722342.7632065,container,30.0,30.0,26.676,False,200,
1787722342.7965398,container,30.0,30.0,30.883,False,200,
1787722342.829873,container,30.0,30.0,28.929,False,200,
1787722342.8632064,container,30.0,30.0,35.006,False,200,
1787722342.8965397,container,30.0,30.0,38.486,False,200,
1787722342.929873,container,30.0,30.0,22.886,False,200,
1787722342.9632065,container,30.0,30.0,30.029,False,200,
1787722342.9965398,container,30.0,30.0,28.462,False,200,
1787722343.0298731,container,30.0,30.0,30.396,False,200,
1787722343.0632064,container,30.0,30.0,23.149,False,200,
1787722343.0965397,container,30.0,30.0,26.872,False,200,
1787722343.129873,container,30.0,30.0,33.793,False,200,
1787722343.1632063,container,30.0,30.0,43.088,False,200,
1787722343.1965396,container,30.0,30.0,30.856,False,200,
1787722343.2298732,container,30.0,30.0,39.977,False,200,
1787722343.2632065,container,30.0,30.0,28.893,False,200,
1787722343.2965398,container,30.0,30.0,24.805,False,200,
1787722343.329873,container,30.0,30.0,23.847,False,200,
1787722343.3632064,container,30.0,30.0,32.37,False,200,
1787722343.3965397,container,30.0,30.0,22.298,False,200,
1787722343.429873,container,30.0,30.0,32.506,False,200,
1787722343.4632065,container,30.0,30.0,26.401,False,200,
1787722343.4965398,container,30.0,30.0,26.869,False,200,
1787722343.5298731,container,30.0,30.0,22.811,False,200,
1787722343.5632064,container,30.0,30.0,35.141,False,200,
1787722343.5965397,container,30.0,30.0,27.498,False,200,
1787722343.629873,container,30.0,30.0,31.168,False,200,
1787722343.6632063,container,30.0,30.0,32.818,False,200,
1787722343.6965396,container,30.0,30.0,25.467,False,200,
1787722343.7298732,container,30.0,30.0,33.913,False,200,
1787722343.7632065,container,30.0,30.0,25.52,False,200,
1787722343.7965398,container,30.0,30.0,33.061,False,200,
1787722343.829873,container,30.0,30.0,31.602,False,200,
1787722343.8632064,container,30.0,30.0,23.372,False,200,
1787722343.8965397,container,30.0,30.0,31.001,False,200,
1787722343.929873,container,30.0,30.0,22.45,False,200,
1787722343.9632065,container,30.0,30.0,42.616,False,200,
1787722343.9965398,container,30.0,30.0,33.919,False,200,
1787722344.0298731,container,30.0,30.0,33.974,False,200,
1787722344.0632064,container,30.0,30.0,32.011,False,200,
1787722344.0965397,container,30.0,30.0,25.673,False,200,
1787722344.129873,container,30.0,30.0,30.91,False,200,
1787722344.1632063,container,30.0,30.0,30.095,False,200,
1787722344.1965396,container,30.0,30.0,33.773,False,200,
1787722344.2298732,container,30.0,30.0,26.108,False,200,
1787722344.2632065,container,30.0,30.0,34.405,False,200,
1787722344.2965398,container,30.0,30.0,32.394,False,200,
1787722344.329873,container,30.0,30.0,26.067,False,200,
1787722344.3632064,container,30.0,30.0,29.372,False,200,
1787722344.3965397,container,30.0,30.0,26.484,False,200,
1787722344.429873,container,30.0,30.0,27.855,False,200,
1787722344.4632065,container,30.0,30.0,25.719,False,200,
1787722344.4965398,container,30.0,30.0,25.475,False,200,
1787722344.5298731,container,30.0,30.0,32.222,False,200,
1787722344.5632064,container,30.0,30.0,36.801,False,200,
1787722344.5965397,container,30.0,30.0,29.724,False,200,
1787722344.629873,container,30.0,30.0,31.178,False,200,
1787722344.6632063,container,30.0,30.0,39.102,False,200,
1787722344.6965396,container,30.0,30.0,29.161,False,200,
1787722344.7298732,container,30.0,30.0,28.686,False,200,
1787722344.7632065,container,30.0,30.0,26.312,False,200,
1787722344.7965398,container,30.0,30.0,25.918,False,200,
1787722344.829873,container,30.0,30.0,32.555,False,200,
1787722344.8632064,container,30.0,30.0,31.54,False,200,
1787722344.8965397,container,30.0,30.0,41.867,False,200,
1787722344.929873,container,30.0,30.0,34.358,False,200,
1787722344.9632065,container,30.0,30.0,32.228,False,200,
1787722344.9965398,container,30.0,30.0,28.103,False,200,
1787722345.0298731,container,30.0,30.0,31.493,False,200,
1787722345.0632064,container,30.0,30.0,32.622,False,200,
1787722345.0965397,container,30.0,30.0,35.426,False,200,
1787722345.129873,container,30.0,30.0,24.941,False,200,
1787722345.1632063,container,30.0,30.0,28.906,False,200,
1787722345.1965396,container,30.0,30.0,28.672,False,200,
1787722345.2298732,container,30.0,30.0,27.885,False,200,
1787722345.2632065,container,30.0,30.0,28.777,False,200,
1787722345.2965398,container,30.0,30.0,34.323,False,200,
1787722345.329873,container,30.0,30.0,26.961,False,200,
1787722345.3632064,container,30.0,30.0,34.2,False,200,
1787722345.3965397,container,30.0,30.0,27.898,False,200,
1787722345.429873,container,30.0,30.0,25.184,False,200,
1787722345.4632065,container,30.0,30.0,54.283,False,200,
1787722345.4965398,container,30.0,30.0,22.502,False,200,
1787722345.5298731,container,30.0,30.0,25.507,False,200,
1787722345.5632064,container,30.0,30.0,31.845,False,200,
1787722345.5965397,container,30.0,30.0,26.904,False,200,
1787722345.629873,container,30.0,30.0,36.728,False,200,
1787722345.6632063,container,30.0,30.0,30.968,False,200,
1787722345.6965396,container,30.0,30.0,25.714,False,200,
1787722345.7298732,container,30.0,30.0,23.113,False,200,
1787722345.7632065,container,30.0,30.0,28.845,False,200,
1787722345.7965398,container,30.0,30.0,26.168,False,200,
1787722345.829873,container,30.0,30.0,25.51,False,200,
1787722345.8632064,container,30.0,30.0,28.743,False,200,
1787722345.8965397,container,30.0,30.0,33.666,False,200,
1787722345.929873,container,30.0,30.0,34.977,False,200,
1787722345.9632065,container,30.0,30.0,29.101,False,200,
1787722345.9965398,container,30.0,30.0,24.13,False,200,
1787722346.0298731,container,30.0,30.0,31.075,False,200,
1787722346.0632064,container,30.0,30.0,22.546,False,200,
1787722346.0965397,container,30.0,30.0,30.583,False,200,
1787722346.129873,container,30.0,30.0,33.759,False,200,
1787722346.1632063,container,30.0,30.0,29.965,False,200,
1787722346.1965396,container,30.0,30.0,27.152,False,200,
1787722346.2298732,container,30.0,30.0,31.761,False,200,
1787722346.2632065,container,30.0,30.0,24.537,False,200,
1787722346.2965398,container,30.0,30.0,28.596,False,200,
1787722346.329873,container,30.0,30.0,23.678,False,200,
1787722346.3632064,container,30.0,30.0,33.958,False,200,
1787722346.3965397,container,30.0,30.0,52.824,False,200,
1787722346.429873,container,30.0,30.0,26.213,False,200,
1787722346.4632065,container,30.0,30.0,27.41,False,200,
1787722346.4965398,container,30.0,30.0,28.625,False,200,
1787722346.5298731,container,30.0,30.0,30.549,False,200,
1787722346.5632064,container,30.0,30.0,34.351,False,200,
1787722346.5965397,container,30.0,30.0,41.929,False,200,
1787722346.629873,container,30.0,30.0,30.058,False,200,
1787722346.6632063,container,30.0,30.0,27.234,False,200,
1787722346.6965396,container,30.0,30.0,26.981,False,200,
1787722346.7298732,container,30.0,30.0,22.798,False,200,
1787722346.7632065,container,30.0,30.0,38.33,False,200,
1787722346.7965398,container,30.0,30.0,28.691,False,200,
1787722346.829873,container,30.0,30.0,31.738,False,200,
1787722346.8632064,container,30.0,30.0,25.863,False,200,
1787722346.8965397,container,30.0,30.0,28.521,False,200,
1787722346.929873,container,30.0,30.0,35.866,False,200,
1787722346.9632065,container,30.0,30.0,38.183,False,200,
1787722346.9965398,container,30.0,30.0,31.597,False,200,
1787722347.0298731,container,30.0,30.0,25.723,False,200,
1787722347.0632064,container,30.0,30.0,27.14,False,200,
1787722347.0965397,container,30.0,30.0,32.851,False,200,
1787722347.129873,container,30.0,30.0,32.034,False,200,
1787722347.1632063,container,30.0,30.0,26.595,False,200,
1787722347.1965396,container,30.0,30.0,26.396,False,200,
1787722347.2298732,container,30.0,30.0,27.25,False,200,
1787722347.2632065,container,30.0,30.0,32.525,False,200,
1787722347.2965398,container,30.0,30.0,29.759,False,200,
1787722347.329873,container,30.0,30.0,30.267,False,200,
1787722347.3632064,container,30.0,30.0,30.595,False,200,
1787722347.3965397,container,30.0,30.0,31.176,False,200,
1787722347.429873,container,30.0,30.0,31.467,False,200,
1787722347.4632065,container,30.0,30.0,33.213,False,200,
1787722347.4965398,container,30.0,30.0,29.882,False,200,
1787722347.5298731,container,30.0,30.0,34.212,False,200,
1787722347.5632064,container,30.0,30.0,39.708,False,200,
1787722347.5965397,container,30.0,30.0,37.032,False,200,
1787722347.629873,container,30.0,30.0,34.35,False,200,
1787722347.6632063,container,30.0,30.0,28.78,False,200,
1787722347.6965396,container,30.0,30.0,36.66,False,200,
1787722347.7298732,container,30.0,30.0,29.533,False,200,
1787722347.7632065,container,30.0,30.0,27.422,False,200,
1787722347.7965398,container,30.0,30.0,28.51,False,200,
1787722347.829873,container,30.0,30.0,27.113,False,200,
1787722347.8632064,container,30.0,30.0,29.095,False,200,
1787722347.8965397,container,30.0,30.0,31.118,False,200,
1787722347.929873,container,30.0,30.0,37.901,False,200,
1787722347.9632065,container,30.0,30.0,27.323,False,200,
1787722347.9965398,container,30.0,30.0,24.427,False,200,
1787722348.0298731,container,30.0,30.0,33.695,False,200,
1787722348.0632064,container,30.0,30.0,31.384,False,200,
1787722348.0965397,container,30.0,30.0,28.74,False,200,
1787722348.129873,container,30.0,30.0,38.447,False,200,
1787722348.1632063,container,30.0,30.0,34.391,False,200,
1787722348.1965396,container,30.0,30.0,35.473,False,200,
1787722348.2298732,container,30.0,30.0,27.539,False,200,
1787722348.2632065,container,30.0,30.0,35.128,False,200,
1787722348.2965398,container,30.0,30.0,30.254,False,200,
1787722348.329873,container,30.0,30.0,28.943,False,200,
1787722348.3632064,container,30.0,30.0,23.297,False,200,
1787722348.3965397,container,30.0,30.0,27.073,False,200,
1787722348.429873,container,30.0,30.0,31.03,False,200,
1787722348.4632065,container,30.0,30.0,37.343,False,200,
1787722348.4965398,container,30.0,30.0,26.681,False,200,
1787722348.5298731,container,30.0,30.0,27.081,False,200,
1787722348.5632064,container,30.0,30.0,20.34,False,200,
1787722348.5965397,container,30.0,30.0,36.432,False,200,
1787722348.629873,container,30.0,30.0,30.035,False,200,
1787722348.6632063,container,30.0,30.0,27.047,False,200,
1787722348.6965396,container,30.0,30.0,30.936,False,200,
1787722348.7298732,container,30.0,30.0,23.586,False,200,
1787722348.7632065,container,30.0,30.0,28.963,False,200,
1787722348.7965398,container,30.0,30.0,30.578,False,200,
1787722348.829873,container,30.0,30.0,21.234,False,200,
1787722348.8632064,container,30.0,30.0,28.274,False,200,
1787722348.8965397,container,30.0,30.0,25.171,False,200,
1787722348.929873,container,30.0,30.0,33.831,False,200,
1787722348.9632065,container,30.0,30.0,26.739,False,200,
1787722348.9965398,container,30.0,30.0,31.721,False,200,
1787722349.0298731,container,30.0,30.0,34.15,False,200,
1787722349.0632064,container,30.0,30.0,36.549,False,200,
1787722349.0965397,container,30.0,30.0,32.192,False,200,
1787722349.129873,container,30.0,30.0,32.563,False,200,
1787722349.1632063,container,30.0,30.0,22.482,False,200,
1787722349.1965396,container,30.0,30.0,26.571,False,200,
1787722349.2298732,container,30.0,30.0,28.746,False,200,
1787722349.2632065,container,30.0,30.0,29.133,False,200,
1787722349.2965398,container,30.0,30.0,23.602,False,200,
1787722349.329873,container,30.0,30.0,31.479,False,200,
1787722349.3632064,container,30.0,30.0,22.442,False,200,
1787722349.3965397,container,30.0,30.0,42.381,False,200,
1787722349.429873,container,30.0,30.0,28.261,False,200,
1787722349.4632065,container,30.0,30.0,35.801,False,200,
1787722349.4965398,container,30.0,30.0,28.764,False,200,
1787722349.5298731,container,30.0,30.0,34.225,False,200,
1787722349.5632064,container,30.0,30.0,29.351,False,200,
1787722349.5965397,container,30.0,30.0,21.82,False,200,
1787722349.629873,container,30.0,30.0,29.679,False,200,
1787722349.6632063,container,30.0,30.0,28.452,False,200,
1787722349.6965396,container,30.0,30.0,38.078,False,200,
1787722349.7298732,container,30.0,30.0,28.993,False,200,
1787722349.7632065,container,30.0,30.0,21.734,False,200,
1787722349.7965398,container,30.0,30.0,25.714,False,200,
1787722349.829873,container,30.0,30.0,34.728,False,200,
1787722349.8632064,container,30.0,30.0,32.927,False,200,
1787722349.8965397,container,30.0,30.0,31.904,False,200,
1787722349.929873,container,30.0,30.0,33.957,False,200,
1787722349.9632065,container,30.0,30.0,27.543,False,200,
1787722349.9965398,container,30.0,30.0,35.579,False,200,
1787722350.0298731,container,30.0,30.0,30.754,False,200,
1787722350.0632064,container,30.0,30.0,29.642,False,200,
1787722350.0965397,container,30.0,30.0,28.967,False,200,
1787722350.129873,container,30.0,30.0,29.751,False,200,
1787722350.1632063,container,30.0,30.0,31.294,False,200,
1787722350.1965396,container,30.0,30.0,34.741,False,200,
1787722350.2298732,container,30.0,30.0,27.134,False,200,
1787722350.2632065,container,30.0,30.0,25.676,False,200,
1787722350.2965398,container,30.0,30.0,24.702,False,200,
1787722350.329873,container,30.0,30.0,27.746,False,200,
1787722350.3632064,container,30.0,30.0,35.28,False,200,
1787722350.3965397,container,30.0,30.0,33.155,False,200,
1787722350.429873,container,30.0,30.0,40.35,False,200,
1787722350.4632065,container,30.0,30.0,24.894,False,200,
1787722350.4965398,container,30.0,30.0,31.758,False,200,
1787722350.5298731,container,30.0,30.0,26.549,False,200,
1787722350.5632064,container,30.0,30.0,26.635,False,200,
1787722350.5965397,container,30.0,30.0,29.663,False,200,
1787722350.629873,container,30.0,30.0,25.239,False,200,
1787722350.6632063,container,30.0,30.0,31.601,False,200,
1787722350.6965396,container,30.0,30.0,23.697,False,200,
1787722350.7298732,container,30.0,30.0,30.179,False,200,
1787722350.7632065,container,30.0,30.0,23.723,False,200,
1787722350.7965398,container,30.0,30.0,29.844,False,200,
1787722350.829873,container,30.0,30.0,45.941,False,200,
1787722350.8632064,container,30.0,30.0,23.714,False,200,
1787722350.8965397,container,30.0,30.0,31.284,False,200,
1787722350.929873,container,30.0,30.0,28.463,False,200,
1787722350.9632065,container,30.0,30.0,30.975,False,200,
1787722350.9965398,container,30.0,30.0,26.077,False,200,
1787722351.0298731,container,30.0,30.0,29.338,False,200,
1787722351.0632064,container,30.0,30.0,35.166,False,200,
1787722351.0965397,container,30.0,30.0,32.305,False,200,
1787722351.129873,container,30.0,30.0,27.04,False,200,
1787722351.1632063,container,30.0,30.0,24.999,False,200,
1787722351.1965396,container,30.0,30.0,32.105,False,200,
1787722351.2298732,container,30.0,30.0,28.52,False,200,
1787722351.2632065,container,30.0,30.0,28.03,False,200,
1787722351.2965398,container,30.0,30.0,34.612,False,200,
1787722351.329873,container,30.0,30.0,28.726,False,200,
1787722351.3632064,container,30.0,30.0,29.389,False,200,
1787722351.3965397,container,30.0,30.0,28.627,False,200,
1787722351.429873,container,30.0,30.0,27.615,False,200,
1787722351.4632065,container,30.0,30.0,31.052,False,200,
1787722351.4965398,container,30.0,30.0,35.083,False,200,
1787722351.5298731,container,30.0,30.0,34.14,False,200,
1787722351.5632064,container,30.0,30.0,38.707,False,200,
1787722351.5965397,container,30.0,30.0,28.766,False,200,
1787722351.629873,container,30.0,30.0,25.041,False,200,
1787722351.6632063,container,30.0,30.0,29.134,False,200,
1787722351.6965396,container,30.0,30.0,36.018,False,200,
1787722351.7298732,container,30.0,30.0,30.679,False,200,
1787722351.7632065,container,30.0,30.0,27.686,False,200,
1787722351.7965398,container,30.0,30.0,26.031,False,200,
1787722351.829873,container,30.0,30.0,32.721,False,200,
1787722351.8632064,container,30.0,30.0,25.617,False,200,
1787722351.8965397,container,30.0,30.0,30.371,False,200,
1787722351.929873,container,30.0,30.0,24.531,False,200,
1787722351.9632065,container,30.0,30.0,36.628,False,200,
1787722351.9965398,container,30.0,30.0,23.679,False,200,
1787722352.0298731,container,30.0,30.0,28.903,False,200,
1787722352.0632064,container,30.0,30.0,26.655,False,200,
1787722352.0965397,container,30.0,30.0,33.035,False,200,
1787722352.129873,container,30.0,30.0,34.333,False,200,
1787722352.1632063,container,30.0,30.0,29.535,False,200,
1787722352.1965396,container,30.0,30.0,28.614,False,200,
1787722352.2298732,container,30.0,30.0,24.516,False,200,
1787722352.2632065,container,30.0,30.0,32.517,False,200,
1787722352.2965398,container,30.0,30.0,31.408,False,200,
1787722352.329873,container,30.0,30.0,25.455,False,200,
1787722352.3632064,container,30.0,30.0,30.465,False,200,
1787722352.3965397,container,30.0,30.0,27.805,False,200,
1787722352.429873,container,30.0,30.0,22.909,False,200,
1787722352.4632065,container,30.0,30.0,31.634,False,200,
1787722352.4965398,container,30.0,30.0,27.537,False,200,
1787722352.5298731,container,30.0,30.0,31.512,False,200,
1787722352.5632064,container,30.0,30.0,31.99,False,200,
1787722352.5965397,container,30.0,30.0,30.827,False,200,
1787722352.629873,container,30.0,30.0,35.113,False,200,
1787722352.6632063,container,30.0,30.0,40.144,False,200,
1787722352.6965396,container,30.0,30.0,36.074,False,200,
1787722352.7298732,container,30.0,30.0,33.473,False,200,
1787722352.7632065,container,30.0,30.0,27.191,False,200,
1787722352.7965398,container,30.0,30.0,32.641,False,200,
1787722352.829873,container,30.0,30.0,33.099,False,200,
1787722352.8632064,container,30.0,30.0,27.977,False,200,
1787722352.8965397,container,30.0,30.0,33.194,False,200,
1787722352.929873,container,30.0,30.0,23.398,False,200,
1787722352.9632065,container,30.0,30.0,26.212,False,200,
1787722352.9965398,container,30.0,30.0,36.078,False,200,
1787722353.0298731,container,30.0,30.0,29.131,False,200,
1787722353.0632064,container,30.0,30.0,33.488,False,200,
1787722353.0965397,container,30.0,30.0,42.534,False,200,
1787722353.129873,container,30.0,30.0,24.028,False,200,
1787722353.1632063,container,30.0,30.0,32.099,False,200,
1787722353.1965396,container,30.0,30.0,28.137,False,200,
1787722353.2298732,container,30.0,30.0,34.206,False,200,
1787722353.2632065,container,30.0,30.0,25.14,False,200,
1787722353.2965398,container,30.0,30.0,34.78,False,200,
1787722353.329873,container,30.0,30.0,24.144,False,200,
1787722353.3632064,container,30.0,30.0,31.882,False,200,
1787722353.3965397,container,30.0,30.0,34.981,False,200,
1787722353.429873,container,30.0,30.0,29.134,False,200,
1787722353.4632065,container,30.0,30.0,33.862,False,200,
1787722353.4965398,container,30.0,30.0,31.988,False,200,
1787722353.5298731,container,30.0,30.0,34.282,False,200,
1787722353.5632064,container,30.0,30.0,40.817,False,200,
1787722353.5965397,container,30.0,30.0,27.934,False,200,
1787722353.629873,container,30.0,30.0,32.134,False,200,
1787722353.6632063,container,30.0,30.0,24.423,False,200,
1787722353.6965396,container,30.0,30.0,26.34,False,200,
1787722353.7298732,container,30.0,30.0,25.968,False,200,
1787722353.7632065,container,30.0,30.0,24.691,False,200,
1787722353.7965398,container,30.0,30.0,30.375,False,200,
1787722353.829873,container,30.0,30.0,31.205,False,200,
1787722353.8632064,container,30.0,30.0,29.924,False,200,
1787722353.8965397,container,30.0,30.0,27.864,False,200,
1787722353.929873,container,30.0,30.0,30.676,False,200,
1787722353.9632065,container,30.0,30.0,36.063,False,200,
1787722353.9965398,container,30.0,30.0,30.816,False,200,
1787722354.0298731,container,30.0,30.0,30.056,False,200,
1787722354.0632064,container,30.0,30.0,36.996,False,200,
1787722354.0965397,container,30.0,30.0,29.83,False,200,
1787722354.129873,container,30.0,30.0,34.347,False,200,
1787722354.1632063,container,30.0,30.0,26.042,False,200,
1787722354.1965396,container,30.0,30.0,28.167,False,200,
1787722354.2298732,container,30.0,30.0,33.031,False,200,
1787722354.2632065,container,30.0,30.0,26.854,False,200,
1787722354.2965398,container,30.0,30.0,26.421,False,200,
1787722354.329873,container,30.0,30.0,27.044,False,200,
1787722354.3632064,container,30.0,30.0,37.704,False,200,
1787722354.3965397,container,30.0,30.0,40.788,False,200,
1787722354.429873,container,30.0,30.0,27.624,False,200,
1787722354.4632065,container,30.0,30.0,29.222,False,200,
1787722354.4965398,container,30.0,30.0,35.588,False,200,
1787722354.5298731,container,30.0,30.0,26.944,False,200,
1787722354.5632064,container,30.0,30.0,35.389,False,200,
1787722354.5965397,container,30.0,30.0,40.464,False,200,
1787722354.629873,container,30.0,30.0,31.017,False,200,
1787722354.6632063,container,30.0,30.0,24.755,False,200,
1787722354.6965396,container,30.0,30.0,31.212,False,200,
1787722354.7298732,container,30.0,30.0,24.309,False,200,
1787722354.7632065,container,30.0,30.0,36.949,False,200,
1787722354.7965398,container,30.0,30.0,35.746,False,200,
1787722354.829873,container,30.0,30.0,29.91,False,200,
1787722354.8632064,container,30.0,30.0,25.816,False,200,
1787722354.8965397,container,30.0,30.0,25.147,False,200,
1787722354.929873,container,30.0,30.0,32.268,False,200,
1787722354.9632065,container,30.0,30.0,22.738,False,200,
1787722354.9965398,container,30.0,30.0,33.399,False,200,
1787722355.0298731,container,30.0,30.0,33.181,False,200,
1787722355.0632064,container,30.0,30.0,34.532,False,200,
1787722355.0965397,container,30.0,30.0,26.634,False,200,
1787722355.129873,container,30.0,30.0,27.674,False,200,
1787722355.1632063,container,30.0,30.0,31.241,False,200,
1787722355.1965396,container,30.0,30.0,31.5,False,200,
1787722355.2298732,container,30.0,30.0,35.792,False,200,
1787722355.2632065,container,30.0,30.0,33.845,False,200,
1787722355.2965398,container,30.0,30.0,25.953,False,200,
1787722355.329873,container,30.0,30.0,29.86,False,200,
1787722355.3632064,container,30.0,30.0,29.373,False,200,
1787722355.3965397,container,30.0,30.0,25.012,False,200,
1787722355.429873,container,30.0,30.0,34.456,False,200,
1787722355.4632065,container,30.0,30.0,36.92,False,200,
1787722355.4965398,container,30.0,30.0,36.853,False,200,
1787722355.5298731,container,30.0,30.0,30.683,False,200,
1787722355.5632064,container,30.0,30.0,29.309,False,200,
1787722355.5965397,container,30.0,30.0,35.512,False,200,
1787722355.629873,container,30.0,30.0,30.214,False,200,
1787722355.6632063,container,30.0,30.0,34.613,False,200,
1787722355.6965396,container,30.0,30.0,26.477,False,200,
1787722355.7298732,container,30.0,30.0,20.705,False,200,
1787722355.7632065,container,30.0,30.0,38.254,False,200,
1787722355.7965398,container,30.0,30.0,31.506,False,200,
1787722355.829873,container,30.0,30.0,24.938,False,200,
1787722355.8632064,container,30.0,30.0,26.199,False,200,
1787722355.8965397,container,30.0,30.0,33.72,False,200,
1787722355.929873,container,30.0,30.0,41.62,False,200,
1787722355.9632065,container,30.0,30.0,33.779,False,200,
1787722355.9965398,container,30.0,30.0,42.184,False,200,
1787722356.0298731,container,30.0,30.0,29.491,False,200,
1787722356.0632064,container,30.0,30.0,31.384,False,200,
1787722356.0965397,container,30.0,30.0,33.78,False,200,
1787722356.129873,container,30.0,30.0,36.246,False,200,
1787722356.1632063,container,30.0,30.0,29.784,False,200,
1787722356.1965396,container,30.0,30.0,24.783,False,200,
1787722356.2298732,container,30.0,30.0,32.883,False,200,
1787722356.2632065,container,30.0,30.0,28.019,False,200,
1787722356.2965398,container,30.0,30.0,34.237,False,200,
1787722356.329873,container,30.0,30.0,27.635,False,200,
1787722356.3632064,container,30.0,30.0,36.083,False,200,
1787722356.3965397,container,30.0,30.0,46.812,False,200,
1787722356.429873,container,30.0,30.0,32.917,False,200,
1787722356.4632065,container,30.0,30.0,24.38,False,200,
1787722356.4965398,container,30.0,30.0,27.008,False,200,
1787722356.5298731,container,30.0,30.0,31.979,False,200,
1787722356.5632064,container,30.0,30.0,29.284,False,200,
1787722356.5965397,container,30.0,30.0,23.645,False,200,
1787722356.629873,container,30.0,30.0,31.103,False,200,
1787722356.6632063,container,30.0,30.0,25.979,False,200,
1787722356.6965396,container,30.0,30.0,29.468,False,200,
1787722356.7298732,container,30.0,30.0,31.101,False,200,
1787722356.7632065,container,30.0,30.0,32.089,False,200,
1787722356.7965398,container,30.0,30.0,39.509,False,200,
1787722356.829873,container,30.0,30.0,23.699,False,200,
1787722356.8632064,container,30.0,30.0,30.801,False,200,
1787722356.8965397,container,30.0,30.0,34.955,False,200,
1787722356.929873,container,30.0,30.0,27.436,False,200,
1787722356.9632065,container,30.0,30.0,28.039,False,200,
1787722356.9965398,container,30.0,30.0,32.471,False,200,
1787722357.0298731,container,30.0,30.0,27.773,False,200,
1787722357.0632064,container,30.0,30.0,30.113,False,200,
1787722357.0965397,container,30.0,30.0,30.156,False,200,
1787722357.129873,container,30.0,30.0,30.335,False,200,
1787722357.1632063,container,30.0,30.0,39.46,False,200,
1787722357.1965396,container,30.0,30.0,29.682,False,200,
1787722357.2298732,container,30.0,30.0,28.626,False,200,
1787722357.2632065,container,30.0,30.0,25.346,False,200,
1787722357.2965398,container,30.0,30.0,36.01,False,200,
1787722357.329873,container,30.0,30.0,28.552,False,200,
1787722357.3632064,container,30.0,30.0,37.953,False,200,
1787722357.3965397,container,30.0,30.0,32.736,False,200,
1787722357.429873,container,30.0,30.0,29.24,False,200,
1787722357.4632065,container,30.0,30.0,26.825,False,200,
1787722357.4965398,container,30.0,30.0,34.593,False,200,
1787722357.5298731,container,30.0,30.0,33.158,False,200,
1787722357.5632064,container,30.0,30.0,27.214,False,200,
1787722357.5965397,container,30.0,30.0,24.663,False,200,
1787722357.629873,container,30.0,30.0,33.854,False,200,
1787722357.6632063,container,30.0,30.0,28.31,False,200,
1787722357.6965396,container,30.0,30.0,25.656,False,200,
1787722357.7298732,container,30.0,30.0,37.853,False,200,
1787722357.7632065,container,30.0,30.0,27.567,False,200,
1787722357.7965398,container,30.0,30.0,31.178,False,200,
1787722357.829873,container,30.0,30.0,24.469,False,200,
1787722357.8632064,container,30.0,30.0,31.896,False,200,
1787722357.8965397,container,30.0,30.0,32.916,False,200,
1787722357.929873,container,30.0,30.0,26.819,False,200,
1787722357.9632065,container,30.0,30.0,28.881,False,200,
1787722357.9965398,container,30.0,30.0,31.929,False,200,
1787722358.0298731,container,30.0,30.0,24.358,False,200,
1787722358.0632064,container,30.0,30.0,32.633,False,200,
1787722358.0965397,container,30.0,30.0,34.846,False,200,
1787722358.129873,container,30.0,30.0,22.924,False,200,
1787722358.1632063,container,30.0,30.0,33.048,False,200,
1787722358.1965396,container,30.0,30.0,23.93,False,200,
1787722358.2298732,container,30.0,30.0,32.455,False,200,
1787722358.2632065,container,30.0,30.0,36.789,False,200,
1787722358.2965398,container,30.0,30.0,30.637,False,200,
1787722358.329873,container,30.0,30.0,33.262,False,200,
1787722358.3632064,container,30.0,30.0,27.05,False,200,
1787722358.3965397,container,30.0,30.0,24.785,False,200,
1787722358.429873,container,30.0,30.0,24.763,False,200,
1787722358.4632065,container,30.0,30.0,28.929,False,200,
1787722358.4965398,container,30.0,30.0,35.358,False,200,
1787722358.5298731,container,30.0,30.0,31.001,False,200,
1787722358.5632064,container,30.0,30.0,28.405,False,200,
1787722358.5965397,container,30.0,30.0,28.19,False,200,
1787722358.629873,container,30.0,30.0,38.439,False,200,
1787722358.6632063,container,30.0,30.0,27.357,False,200,
1787722358.6965396,container,30.0,30.0,20.085,False,200,
1787722358.7298732,container,30.0,30.0,24.283,False,200,
1787722358.7632065,container,30.0,30.0,39.488,False,200,
1787722358.7965398,container,30.0,30.0,29.526,False,200,
1787722358.829873,container,30.0,30.0,27.227,False,200,
1787722358.8632064,container,30.0,30.0,29.372,False,200,
1787722358.8965397,container,30.0,30.0,22.759,False,200,
1787722358.929873,container,30.0,30.0,27.305,False,200,
1787722358.9632065,container,30.0,30.0,28.633,False,200,
1787722358.9965398,container,30.0,30.0,19.964,False,200,
1787722359.0298731,container,30.0,30.0,27.066,False,200,
1787722359.0632064,container,30.0,30.0,30.667,False,200,
1787722359.0965397,container,30.0,30.0,35.168,False,200,
1787722359.129873,container,30.0,30.0,28.938,False,200,
1787722359.1632063,container,30.0,30.0,28.087,False,200,
1787722359.1965396,container,30.0,30.0,34.332,False,200,
1787722359.2298732,container,30.0,30.0,25.87,False,200,
1787722359.2632065,container,30.0,30.0,27.505,False,200,
1787722359.2965398,container,30.0,30.0,24.878,False,200,
1787722359.329873,container,30.0,30.0,26.468,False,200,
1787722359.3632064,container,30.0,30.0,27.032,False,200,
1787722359.3965397,container,30.0,30.0,26.691,False,200,
1787722359.429873,container,30.0,30.0,22.753,False,200,
1787722359.4632065,container,30.0,30.0,36.273,False,200,
1787722359.4965398,container,30.0,30.0,24.029,False,200,
1787722359.5298731,container,30.0,30.0,35.186,False,200,
1787722359.5632064,container,30.0,30.0,22.336,False,200,
1787722359.5965397,container,30.0,30.0,29.676,False,200,
1787722359.629873,container,30.0,30.0,34.543,False,200,
1787722359.6632063,container,30.0,30.0,29.368,False,200,
1787722359.6965396,container,30.0,30.0,40.777,False,200,
1787722359.7298732,container,30.0,30.0,25.918,False,200,
1787722359.7632065,container,30.0,30.0,36.392,False,200,
1787722359.7965398,container,30.0,30.0,23.086,False,200,
1787722359.829873,container,30.0,30.0,37.983,False,200,
1787722359.8632064,container,30.0,30.0,28.737,False,200,
1787722359.8965397,container,30.0,30.0,34.577,False,200,
1787722359.929873,container,30.0,30.0,31.679,False,200,
1787722359.9632065,container,30.0,30.0,33.972,False,200,
1787722359.9965398,container,30.0,30.0,33.896,False,200,
1787722360.0298731,container,30.0,30.0,27.47,False,200,
1787722360.0632064,container,30.0,30.0,29.314,False,200,
1787722360.0965397,container,30.0,30.0,31.567,False,200,
1787722360.129873,container,30.0,30.0,26.46,False,200,
1787722360.1632063,container,30.0,30.0,25.862,False,200,
1787722360.1965396,container,30.0,30.0,39.41,False,200,
1787722360.2298732,container,30.0,30.0,35.936,False,200,
1787722360.2632065,container,30.0,30.0,28.326,False,200,
1787722360.2965398,container,30.0,30.0,28.645,False,200,
1787722360.329873,container,30.0,30.0,28.634,False,200,
1787722360.3632064,container,30.0,30.0,31.602,False,200,
1787722360.3965397,container,30.0,30.0,25.098,False,200,
1787722360.429873,container,30.0,30.0,25.776,False,200,
1787722360.4632065,container,30.0,30.0,27.969,False,200,
1787722360.4965398,container,30.0,30.0,22.117,False,200,
1787722360.5298731,container,30.0,30.0,25.826,False,200,
1787722360.5632064,container,30.0,30.0,24.864,False,200,
1787722360.5965397,container,30.0,30.0,25.739,False,200,
1787722360.629873,container,30.0,30.0,31.439,False,200,
1787722360.6632063,container,30.0,30.0,31.84,False,200,
1787722360.6965396,container,30.0,30.0,24.886,False,200,
1787722360.7298732,container,30.0,30.0,32.927,False,200,
1787722360.7632065,container,30.0,30.0,31.298,False,200,
1787722360.7965398,container,30.0,30.0,29.548,False,200,
1787722360.829873,container,30.0,30.0,26.38,False,200,
1787722360.8632064,container,30.0,30.0,30.902,False,200,
1787722360.8965397,container,30.0,30.0,28.012,False,200,
1787722360.929873,container,30.0,30.0,32.59,False,200,
1787722360.9632065,container,30.0,30.0,27.326,False,200,
1787722360.9965398,container,30.0,30.0,26.117,False,200,
1787722361.0298731,container,30.0,30.0,34.402,False,200,
1787722361.0632064,container,30.0,30.0,31.257,False,200,
1787722361.0965397,container,30.0,30.0,35.027,False,200,
1787722361.129873,container,30.0,30.0,28.207,False,200,
1787722361.1632063,container,30.0,30.0,31.011,False,200,
1787722361.1965396,container,30.0,30.0,31.174,False,200,
1787722361.2298732,container,30.0,30.0,36.934,False,200,
1787722361.2632065,container,30.0,30.0,31.323,False,200,
1787722361.2965398,container,30.0,30.0,30.194,False,200,
1787722361.329873,container,30.0,30.0,31.578,False,200,
1787722361.3632064,container,30.0,30.0,45.392,False,200,
1787722361.3965397,container,30.0,30.0,32.684,False,200,
1787722361.429873,container,30.0,30.0,25.504,False,200,
1787722361.4632065,container,30.0,30.0,25.897,False,200,
1787722361.4965398,container,30.0,30.0,27.472,False,200,
1787722361.5298731,container,30.0,30.0,33.174,False,200,
1787722361.5632064,container,30.0,30.0,33.86,False,200,
1787722361.5965397,container,30.0,30.0,27.936,False,200,
1787722361.629873,container,30.0,30.0,33.943,False,200,
1787722361.6632063,container,30.0,30.0,25.024,False,200,
1787722361.6965396,container,30.0,30.0,27.779,False,200,
1787722361.7298732,container,30.0,30.0,23.806,False,200,
1787722361.7632065,container,30.0,30.0,26.9,False,200,
1787722361.7965398,container,30.0,30.0,26.948,False,200,
1787722361.829873,container,30.0,30.0,24.453,False,200,
1787722361.8632064,container,30.0,30.0,30.265,False,200,
1787722361.8965397,container,30.0,30.0,27.878,False,200,
1787722361.929873,container,30.0,30.0,30.491,False,200,
1787722361.9632065,container,30.0,30.0,27.334,False,200,
1787722361.9965398,container,30.0,30.0,29.294,False,200,
1787722362.0298731,container,30.0,30.0,29.086,False,200,
1787722362.0632064,container,30.0,30.0,27.188,False,200,
1787722362.0965397,container,30.0,30.0,29.083,False,200,
1787722362.129873,container,30.0,30.0,30.445,False,200,
1787722362.1632063,container,30.0,30.0,39.205,False,200,
1787722362.1965396,container,30.0,30.0,24.707,False,200,
1787722362.2298732,container,30.0,30.0,24.195,False,200,
1787722362.2632065,container,30.0,30.0,27.66,False,200,
1787722362.2965398,container,30.0,30.0,30.231,False,200,
1787722362.329873,container,30.0,30.0,34.678,False,200,
1787722362.3632064,container,30.0,30.0,24.28,False,200,
1787722362.3965397,container,30.0,30.0,36.187,False,200,
1787722362.429873,container,30.0,30.0,26.174,False,200,
1787722362.4632065,container,30.0,30.0,34.45,False,200,
1787722362.4965398,container,30.0,30.0,37.027,False,200,
1787722362.5298731,container,30.0,30.0,31.101,False,200,
1787722362.5632064,container,30.0,30.0,27.897,False,200,
1787722362.5965397,container,30.0,30.0,35.878,False,200,
1787722362.629873,container,30.0,30.0,23.809,False,200,
1787722362.6632063,container,30.0,30.0,25.059,False,200,
1787722362.6965396,container,30.0,30.0,33.166,False,200,
1787722362.7298732,container,30.0,30.0,27.481,False,200,
1787722362.7632065,container,30.0,30.0,33.057,False,200,
1787722362.7965398,container,30.0,30.0,32.162,False,200,
1787722362.829873,container,30.0,30.0,30.955,False,200,
1787722362.8632064,container,30.0,30.0,27.826,False,200,
1787722362.8965397,container,30.0,30.0,28.578,False,200,
1787722362.929873,container,30.0,30.0,24.275,False,200,
1787722362.9632065,container,30.0,30.0,27.087,False,200,
1787722362.9965398,container,30.0,30.0,34.179,False,200,
1787722363.0298731,container,30.0,30.0,29.371,False,200,
1787722363.0632064,container,30.0,30.0,29.329,False,200,
1787722363.0965397,container,30.0,30.0,31.846,False,200,
1787722363.129873,container,30.0,30.0,29.079,False,200,
1787722363.1632063,container,30.0,30.0,31.39,False,200,
1787722363.1965396,container,30.0,30.0,31.175,False,200,
1787722363.2298732,container,30.0,30.0,32.82,False,200,
1787722363.2632065,container,30.0,30.0,27.628,False,200,
1787722363.2965398,container,30.0,30.0,22.8,False,200,
1787722363.329873,container,30.0,30.0,38.476,False,200,
1787722363.3632064,container,30.0,30.0,35.954,False,200,
1787722363.3965397,container,30.0,30.0,32.548,False,200,
1787722363.429873,container,30.0,30.0,35.06,False,200,
1787722363.4632065,container,30.0,30.0,30.111,False,200,
1787722363.4965398,container,30.0,30.0,31.08,False,200,
1787722363.5298731,container,30.0,30.0,28.763,False,200,
1787722363.5632064,container,30.0,30.0,29.076,False,200,
1787722363.5965397,container,30.0,30.0,21.54,False,200,
1787722363.629873,container,30.0,30.0,31.094,False,200,
1787722363.6632063,container,30.0,30.0,34.693,False,200,
1787722363.6965396,container,30.0,30.0,30.148,False,200,
1787722363.7298732,container,30.0,30.0,33.363,False,200,
1787722363.7632065,container,30.0,30.0,26.562,False,200,
1787722363.7965398,container,30.0,30.0,25.781,False,200,
1787722363.829873,container,30.0,30.0,28.056,False,200,
1787722363.8632064,container,30.0,30.0,32.664,False,200,
1787722363.8965397,container,30.0,30.0,26.813,False,200,
1787722363.929873,container,30.0,30.0,28.561,False,200,
1787722363.9632065,container,30.0,30.0,33.742,False,200,
1787722363.9965398,container,30.0,30.0,24.222,False,200,
1787722364.0298731,container,30.0,30.0,34.241,False,200,
1787722364.0632064,container,30.0,30.0,20.393,False,200,
1787722364.0965397,container,30.0,30.0,36.718,False,200,
1787722364.129873,container,30.0,30.0,40.265,False,200,
1787722364.1632063,container,30.0,30.0,26.049,False,200,
1787722364.1965396,container,30.0,30.0,32.575,False,200,
1787722364.2298732,container,30.0,30.0,34.108,False,200,
1787722364.2632065,container,30.0,30.0,40.389,False,200,
1787722364.2965398,container,30.0,30.0,32.765,False,200,
1787722364.329873,container,30.0,30.0,36.055,False,200,
1787722364.3632064,container,30.0,30.0,34.366,False,200,
1787722364.3965397,container,30.0,30.0,25.433,False,200,
1787722364.429873,container,30.0,30.0,30.067,False,200,
1787722364.4632065,container,30.0,30.0,34.618,False,200,
1787722364.4965398,container,30.0,30.0,30.417,False,200,
1787722364.5298731,container,30.0,30.0,26.894,False,200,
1787722364.5632064,container,30.0,30.0,25.23,False,200,
1787722364.5965397,container,30.0,30.0,32.014,False,200,
1787722364.629873,container,30.0,30.0,34.715,False,200,
1787722364.6632063,container,30.0,30.0,28.119,False,200,
1787722364.6965396,container,30.0,30.0,26.027,False,200,
1787722364.7298732,container,30.0,30.0,22.717,False,200,
1787722364.7632065,container,30.0,30.0,25.601,False,200,
1787722364.7965398,container,30.0,30.0,28.285,False,200,
1787722364.829873,container,30.0,30.0,32.175,False,200,
1787722364.8632064,container,30.0,30.0,30.564,False,200,
1787722364.8965397,container,30.0,30.0,30.089,False,200,
1787722364.929873,container,30.0,30.0,34.327,False,200,
1787722364.9632065,container,30.0,30.0,33.275,False,200,
1787722364.9965398,container,30.0,30.0,27.802,False,200,
1787722365.0298731,container,30.0,30.0,26.853,False,200,
1787722365.0632064,container,30.0,30.0,31.025,False,200,
1787722365.0965397,container,30.0,30.0,24.94,False,200,
1787722365.129873,container,30.0,30.0,36.485,False,200,
1787722365.1632063,container,30.0,30.0,22.763,False,200,
1787722365.1965396,container,30.0,30.0,28.284,False,200,
1787722365.2298732,container,30.0,30.0,36.366,False,200,
1787722365.2632065,container,30.0,30.0,36.318,False,200,
1787722365.2965398,container,30.0,30.0,33.11,False,200,
1787722365.329873,container,30.0,30.0,29.642,False,200,
1787722365.3632064,container,30.0,30.0,21.26,False,200,
1787722365.3965397,container,30.0,30.0,37.401,False,200,
1787722365.429873,container,30.0,30.0,29.289,False,200,
1787722365.4632065,container,30.0,30.0,35.08,False,200,
1787722365.4965398,container,30.0,30.0,24.137,False,200,
1787722365.5298731,container,30.0,30.0,31.893,False,200,
1787722365.5632064,container,30.0,30.0,36.387,False,200,
1787722365.5965397,container,30.0,30.0,38.997,False,200,
1787722365.629873,container,30.0,30.0,24.001,False,200,
1787722365.6632063,container,30.0,30.0,22.11,False,200,
1787722365.6965396,container,30.0,30.0,29.677,False,200,
1787722365.7298732,container,30.0,30.0,35.785,False,200,
1787722365.7632065,container,30.0,30.0,28.507,False,200,
1787722365.7965398,container,30.0,30.0,35.288,False,200,
1787722365.829873,container,30.0,30.0,33.741,False,200,
1787722365.8632064,container,30.0,30.0,32.664,False,200,
1787722365.8965397,container,30.0,30.0,37.768,False,200,
1787722365.929873,container,30.0,30.0,35.055,False,200,
1787722365.9632065,container,30.0,30.0,25.215,False,200,
1787722365.9965398,container,30.0,30.0,30.35,False,200,
1787722366.0298731,container,30.0,30.0,35.75,False,200,
1787722366.0632064,container,30.0,30.0,28.315,False,200,
1787722366.0965397,container,30.0,30.0,32.744,False,200,
1787722366.129873,container,30.0,30.0,26.623,False,200,
1787722366.1632063,container,30.0,30.0,32.522,False,200,
1787722366.1965396,container,30.0,30.0,26.513,False,200,
1787722366.2298732,container,30.0,30.0,26.553,False,200,
1787722366.2632065,container,30.0,30.0,41.523,False,200,
1787722366.2965398,container,30.0,30.0,42.921,False,200,
1787722366.329873,container,30.0,30.0,28.694,False,200,
1787722366.3632064,container,30.0,30.0,22.59,False,200,
1787722366.3965397,container,30.0,30.0,25.191,False,200,
1787722366.429873,container,30.0,30.0,27.843,False,200,
1787722366.4632065,container,30.0,30.0,26.079,False,200,
1787722366.4965398,container,30.0,30.0,30.121,False,200,
1787722366.5298731,container,30.0,30.0,33.591,False,200,
1787722366.5632064,container,30.0,30.0,35.654,False,200,
1787722366.5965397,container,30.0,30.0,33.23,False,200,
1787722366.629873,container,30.0,30.0,27.33,False,200,
1787722366.6632063,container,30.0,30.0,27.926,False,200,
1787722366.6965396,container,30.0,30.0,37.355,False,200,
1787722366.7298732,container,30.0,30.0,34.652,False,200,
1787722366.7632065,container,30.0,30.0,26.662,False,200,
1787722366.7965398,container,30.0,30.0,35.451,False,200,
1787722366.829873,container,30.0,30.0,32.257,False,200,
1787722366.8632064,container,30.0,30.0,27.276,False,200,
1787722366.8965397,container,30.0,30.0,33.602,False,200,
1787722366.929873,container,30.0,30.0,25.683,False,200,
1787722366.9632065,container,30.0,30.0,24.751,False,200,
1787722366.9965398,container,30.0,30.0,27.916,False,200,
1787722367.0298731,container,30.0,30.0,34.671,False,200,
1787722367.0632064,container,30.0,30.0,29.663,False,200,
1787722367.0965397,container,30.0,30.0,39.277,False,200,
1787722367.129873,container,30.0,30.0,30.904,False,200,
1787722367.1632063,container,30.0,30.0,28.638,False,200,
1787722367.1965396,container,30.0,30.0,22.209,False,200,
1787722367.2298732,container,30.0,30.0,26.404,False,200,
1787722367.2632065,container,30.0,30.0,39.807,False,200,
1787722367.2965398,container,30.0,30.0,26.516,False,200,
