timestamp,deployment_mode,rps_target,rps_actual,latency_ms,is_cold_start,status_code,error
1787722067.5078921,managed,10.0,10.0,205.413,True,200,
1787722067.607892,managed,10.0,10.0,35.284,False,200,
1787722067.7078922,managed,10.0,10.0,37.617,False,200,
1787722067.807892,managed,10.0,10.0,36.458,False,200,
1787722067.9078922,managed,10.0,10.0,37.456,False,200,
1787722068.0078921,managed,10.0,10.0,28.195,False,200,
1787722068.107892,managed,10.0,10.0,46.511,False,200,
1787722068.2078922,managed,10.0,10.0,37.035,False,200,
1787722068.307892,managed,10.0,10.0,25.639,False,200,
1787722068.4078922,managed,10.0,10.0,45.08,False,200,
1787722068.5078921,managed,10.0,10.0,32.243,False,200,
1787722068.607892,managed,10.0,10.0,35.275,False,200,
1787722068.7078922,managed,10.0,10.0,39.111,False,200,
1787722068.807892,managed,10.0,10.0,41.17,False,200,
1787722068.9078922,managed,10.0,10.0,38.608,False,200,
1787722069.0078921,managed,10.0,10.0,36.126,False,200,
1787722069.107892,managed,10.0,10.0,34.97,False,200,
1787722069.2078922,managed,10.0,10.0,25.54,False,200,
1787722069.307892,managed,10.0,10.0,37.344,False,200,
1787722069.4078922,managed,10.0,10.0,31.434,False,200,
1787722069.5078921,managed,10.0,10.0,31.031,False,200,
1787722069.607892,managed,10.0,10.0,30.245,False,200,
1787722069.7078922,managed,10.0,10.0,38.728,False,200,
1787722069.807892,managed,10.0,10.0,37.456,False,200,
1787722069.9078922,managed,10.0,10.0,33.686,False,200,
1787722070.0078921,managed,10.0,10.0,39.57,False,200,
1787722070.107892,managed,10.0,10.0,36.394,False,200,
1787722070.2078922,managed,10.0,10.0,34.819,False,200,
1787722070.307892,managed,10.0,10.0,31.142,False,200,
1787722070.4078922,managed,10.0,10.0,32.246,False,200,
1787722070.5078921,managed,10.0,10.0,33.971,False,200,
1787722070.607892,managed,10.0,10.0,41.269,False,200,
1787722070.7078922,managed,10.0,10.0,45.108,False,200,
1787722070.807892,managed,10.0,10.0,38.807,False,200,
1787722070.9078922,managed,10.0,10.0,31.543,False,200,
1787722071.0078921,managed,10.0,10.0,32.038,False,200,
1787722071.107892,managed,10.0,10.0,33.39,False,200,
1787722071.2078922,managed,10.0,10.0,27.919,False,200,
1787722071.307892,managed,10.0,10.0,33.115,False,200,
1787722071.4078922,managed,10.0,10.0,31.284,False,200,
1787722071.5078921,managed,10.0,10.0,39.246,False,200,
1787722071.607892,managed,10.0,10.0,29.584,False,200,
1787722071.7078922,managed,10.0,10.0,33.639,False,200,
1787722071.807892,managed,10.0,10.0,40.123,False,200,
1787722071.9078922,managed,10.0,10.0,42.75,False,200,
1787722072.0078921,managed,10.0,10.0,30.177,False,200,
1787722072.107892,managed,10.0,10.0,44.903,False,200,
1787722072.2078922,managed,10.0,10.0,41.467,False,200,
1787722072.307892,managed,10.0,10.0,36.923,False,200,
1787722072.4078922,managed,10.0,10.0,41.143,False,200,
1787722072.5078921,managed,10.0,10.0,26.947,False,200,
1787722072.607892,managed,10.0,10.0,24.53,False,200,
1787722072.7078922,managed,10.0,10.0,31.13,False,200,
1787722072.807892,managed,10.0,10.0,39.888,False,200,
1787722072.9078922,managed,10.0,10.0,28.339,False,200,
1787722073.0078921,managed,10.0,10.0,36.665,False,200,
1787722073.107892,managed,10.0,10.0,38.2,False,200,
1787722073.2078922,managed,10.0,10.0,37.728,False,200,
1787722073.307892,managed,10.0,10.0,34.373,False,200,
1787722073.4078922,managed,10.0,10.0,41.011,False,200,
1787722073.5078921,managed,10.0,10.0,27.106,False,200,
1787722073.607892,managed,10.0,10.0,40.773,False,200,
1787722073.7078922,managed,10.0,10.0,40.751,False,200,
1787722073.807892,managed,10.0,10.0,40.84,False,200,
1787722073.9078922,managed,10.0,10.0,36.028,False,200,
1787722074.0078921,managed,10.0,10.0,40.408,False,200,
1787722074.107892,managed,10.0,10.0,41.111,False,200,
1787722074.2078922,managed,10.0,10.0,27.64,False,200,
1787722074.307892,managed,10.0,10.0,35.349,False,200,
1787722074.4078922,managed,10.0,10.0,36.91,False,200,
1787722074.5078921,managed,10.0,10.0,32.085,False,200,
1787722074.607892,managed,10.0,10.0,30.943,False,200,
1787722074.7078922,managed,10.0,10.0,50.174,False,200,
1787722074.807892,managed,10.0,10.0,37.804,False,200,
1787722074.9078922,managed,10.0,10.0,36.907,False,200,
1787722075.0078921,managed,10.0,10.0,28.452,False,200,
1787722075.107892,managed,10.0,10.0,37.097,False,200,
1787722075.2078922,managed,10.0,10.0,28.791,False,200,
1787722075.307892,managed,10.0,10.0,35.201,False,200,
1787722075.4078922,managed,10.0,10.0,30.597,False,200,
1787722075.5078921,managed,10.0,10.0,33.889,False,200,
1787722075.607892,managed,10.0,10.0,33.456,False,200,
1787722075.7078922,managed,10.0,10.0,37.862,False,200,
1787722075.807892,managed,10.0,10.0,41.117,False,200,
1787722075.9078922,managed,10.0,10.0,35.587,False,200,
1787722076.0078921,managed,10.0,10.0,34.297,False,200,
1787722076.107892,managed,10.0,10.0,38.821,False,200,
1787722076.2078922,managed,10.0,10.0,39.756,False,200,
1787722076.307892,managed,10.0,10.0,33.098,False,200,
1787722076.4078922,managed,10.0,10.0,31.856,False,200,
1787722076.5078921,managed,10.0,10.0,40.671,False,200,
1787722076.607892,managed,10.0,10.0,30.95,False,200,
1787722076.7078922,managed,10.0,10.0,31.127,False,200,
1787722076.807892,managed,10.0,10.0,40.582,False,200,
1787722076.9078922,managed,10.0,10.0,29.621,False,200,
1787722077.0078921,managed,10.0,10.0,37.184,False,200,
1787722077.107892,managed,10.0,10.0,40.099,False,200,
1787722077.2078922,managed,10.0,10.0,38.406,False,200,
1787722077.307892,managed,10.0,10.0,32.567,False,200,
1787722077.4078922,managed,10.0,10.0,39.477,False,200,
1787722077.5078921,managed,10.0,10.0,34.393,False,200,
1787722077.607892,managed,10.0,10.0,32.551,False,200,
1787722077.7078922,managed,10.0,10.0,29.643,False,200,
1787722077.807892,managed,10.0,10.0,37.303,False,200,
1787722077.9078922,managed,10.0,10.0,33.657,False,200,
1787722078.0078921,managed,10.0,10.0,34.739,False,200,
1787722078.107892,managed,10.0,10.0,28.676,False,200,
1787722078.2078922,managed,10.0,10.0,36.445,False,200,
1787722078.307892,managed,10.0,10.0,45.431,False,200,
1787722078.4078922,managed,10.0,10.0,36.152,False,200,
1787722078.5078921,managed,10.0,10.0,27.103,False,200,
1787722078.607892,managed,10.0,10.0,38.212,False,200,
1787722078.7078922,managed,10.0,10.0,28.835,False,200,
1787722078.807892,managed,10.0,10.0,34.503,False,200,
1787722078.9078922,managed,10.0,10.0,48.838,False,200,
1787722079.0078921,managed,10.0,10.0,32.142,False,200,
1787722079.107892,managed,10.0,10.0,31.527,False,200,
1787722079.2078922,managed,10.0,10.0,39.522,False,200,
1787722079.307892,managed,10.0,10.0,29.86,False,200,
1787722079.4078922,managed,10.0,10.0,44.4,False,200,
1787722079.5078921,managed,10.0,10.0,37.68,False,200,
1787722079.607892,managed,10.0,10.0,37.679,False,200,
1787722079.7078922,managed,10.0,10.0,36.733,False,200,
1787722079.807892,managed,10.0,10.0,40.646,False,200,
1787722079.9078922,managed,10.0,10.0,30.658,False,200,
1787722080.0078921,managed,10.0,10.0,33.517,False,200,
1787722080.107892,managed,10.0,10.0,46.064,False,200,
1787722080.2078922,managed,10.0,10.0,28.0,False,200,
1787722080.307892,managed,10.0,10.0,33.84,False,200,
1787722080.4078922,managed,10.0,10.0,24.451,False,200,
1787722080.5078921,managed,10.0,10.0,38.429,False,200,
1787722080.607892,managed,10.0,10.0,38.993,False,200,
1787722080.7078922,managed,10.0,10.0,27.758,False,200,
1787722080.807892,managed,10.0,10.0,34.66,False,200,
1787722080.9078922,managed,10.0,10.0,41.078,False,200,
1787722081.0078921,managed,10.0,10.0,35.906,False,200,
1787722081.107892,managed,10.0,10.0,33.0,False,200,
1787722081.2078922,managed,10.0,10.0,31.117,False,200,
1787722081.307892,managed,10.0,10.0,26.782,False,200,
1787722081.4078922,managed,10.0,10.0,28.193,False,200,
1787722081.5078921,managed,10.0,10.0,28.958,False,200,
1787722081.607892,managed,10.0,10.0,32.699,False,200,
1787722081.7078922,managed,10.0,10.0,45.876,False,200,
1787722081.807892,managed,10.0,10.0,32.868,False,200,
1787722081.9078922,managed,10.0,10.0,32.23,False,200,
1787722082.0078921,managed,10.0,10.0,35.911,False,200,
1787722082.107892,managed,10.0,10.0,30.075,False,200,
1787722082.2078922,managed,10.0,10.0,45.947,False,200,
1787722082.307892,managed,10.0,10.0,53.669,False,200,
1787722082.4078922,managed,10.0,10.0,32.755,False,200,
1787722082.5078921,managed,10.0,10.0,28.242,False,200,
1787722082.607892,managed,10.0,10.0,37.659,False,200,
1787722082.7078922,managed,10.0,10.0,28.125,False,200,
1787722082.807892,managed,10.0,10.0,35.966,False,200,
1787722082.9078922,managed,10.0,10.0,29.392,False,200,
1787722083.0078921,managed,10.0,10.0,30.285,False,200,
1787722083.107892,managed,10.0,10.0,30.727,False,200,
1787722083.2078922,managed,10.0,10.0,40.069,False,200,
1787722083.307892,managed,10.0,10.0,40.55,False,200,
1787722083.4078922,managed,10.0,10.0,30.91,False,200,
1787722083.5078921,managed,10.0,10.0,32.404,False,200,
1787722083.607892,managed,10.0,10.0,41.927,False,200,
1787722083.7078922,managed,10.0,10.0,32.423,False,200,
1787722083.807892,managed,10.0,10.0,35.007,False,200,
1787722083.9078922,managed,10.0,10.0,44.191,False,200,
1787722084.0078921,managed,10.0,10.0,31.144,False,200,
1787722084.107892,managed,10.0,10.0,41.268,False,200,
1787722084.2078922,managed,10.0,10.0,24.047,False,200,
1787722084.307892,managed,10.0,10.0,36.699,False,200,
1787722084.4078922,managed,10.0,10.0,37.795,False,200,
1787722084.5078921,managed,10.0,10.0,27.338,False,200,
1787722084.607892,managed,10.0,10.0,38.136,False,200,
1787722084.7078922,managed,10.0,10.0,29.938,False,200,
1787722084.807892,managed,10.0,10.0,40.886,False,200,
1787722084.9078922,managed,10.0,10.0,30.53,False,200,
1787722085.0078921,managed,10.0,10.0,35.313,False,200,
1787722085.107892,managed,10.0,10.0,37.34,False,200,
1787722085.2078922,managed,10.0,10.0,41.058,False,200,
1787722085.307892,managed,10.0,10.0,31.158,False,200,
1787722085.4078922,managed,10.0,10.0,35.495,False,200,
1787722085.5078921,managed,10.0,10.0,31.006,False,200,
1787722085.607892,managed,10.0,10.0,36.892,False,200,
1787722085.7078922,managed,10.0,10.0,38.097,False,200,
1787722085.807892,managed,10.0,10.0,37.514,False,200,
1787722085.9078922,managed,10.0,10.0,40.931,False,200,
1787722086.0078921,managed,10.0,10.0,40.882,False,200,
1787722086.107892,managed,10.0,10.0,36.414,False,200,
1787722086.2078922,managed,10.0,10.0,37.86,False,200,
1787722086.307892,managed,10.0,10.0,38.121,False,200,
1787722086.4078922,managed,10.0,10.0,33.674,False,200,
1787722086.5078921,managed,10.0,10.0,34.548,False,200,
1787722086.607892,managed,10.0,10.0,31.412,False,200,
1787722086.7078922,managed,10.0,10.0,25.924,False,200,
1787722086.807892,managed,10.0,10.0,35.798,False,200,
1787722086.9078922,managed,10.0,10.0,28.666,False,200,
1787722087.0078921,managed,10.0,10.0,36.297,False,200,
1787722087.107892,managed,10.0,10.0,36.909,False,200,
1787722087.2078922,managed,10.0,10.0,33.902,False,200,
1787722087.307892,managed,10.0,10.0,33.319,False,200,
1787722087.4078922,managed,10.0,10.0,36.516,False,200,
1787722087.5078921,managed,10.0,10.0,28.598,False,200,
1787722087.607892,managed,10.0,10.0,28.051,False,200,
1787722087.7078922,managed,10.0,10.0,30.987,False,200,
1787722087.807892,managed,10.0,10.0,45.951,False,200,
1787722087.9078922,managed,10.0,10.0,32.028,False,200,
1787722088.0078921,managed,10.0,10.0,39.688,False,200,
1787722088.107892,managed,10.0,10.0,34.092,False,200,
1787722088.2078922,managed,10.0,10.0,41.738,False,200,
1787722088.307892,managed,10.0,10.0,39.732,False,200,
1787722088.4078922,managed,10.0,10.0,29.906,False,200,
1787722088.5078921,managed,10.0,10.0,36.324,False,200,
1787722088.607892,managed,10.0,10.0,42.422,False,200,
1787722088.7078922,managed,10.0,10.0,44.238,False,200,
1787722088.807892,managed,10.0,10.0,53.469,False,200,
1787722088.9078922,managed,10.0,10.0,29.365,False,200,
1787722089.0078921,managed,10.0,10.0,30.808,False,200,
1787722089.107892,managed,10.0,10.0,31.578,False,200,
1787722089.2078922,managed,10.0,10.0,36.282,False,200,
1787722089.307892,managed,10.0,10.0,28.942,False,200,
1787722089.4078922,managed,10.0,10.0,34.371,False,200,
1787722089.5078921,managed,10.0,10.0,43.203,False,200,
1787722089.607892,managed,10.0,10.0,37.764,False,200,
1787722089.7078922,managed,10.0,10.0,29.298,False,200,
1787722089.807892,managed,10.0,10.0,37.859,False,200,
1787722089.9078922,managed,10.0,10.0,33.812,False,200,
1787722090.0078921,managed,10.0,10.0,29.937,False,200,
1787722090.107892,managed,10.0,10.0,29.309,False,200,
1787722090.2078922,managed,10.0,10.0,41.881,False,200,
1787722090.307892,managed,10.0,10.0,28.695,False,200,
1787722090.4078922,managed,10.0,10.0,37.872,False,200,
1787722090.5078921,managed,10.0,10.0,39.393,False,200,
1787722090.607892,managed,10.0,10.0,38.768,False,200,
1787722090.7078922,managed,10.0,10.0,34.816,False,200,
1787722090.807892,managed,10.0,10.0,35.402,False,200,
1787722090.9078922,managed,10.0,10.0,27.907,False,200,
1787722091.0078921,managed,10.0,10.0,37.615,False,200,
1787722091.107892,managed,10.0,10.0,37.507,False,200,
1787722091.2078922,managed,10.0,10.0,30.225,False,200,
1787722091.307892,managed,10.0,10.0,42.104,False,200,
1787722091.4078922,managed,10.0,10.0,28.265,False,200,
1787722091.5078921,managed,10.0,10.0,37.844,False,200,
1787722091.607892,managed,10.0,10.0,22.213,False,200,
1787722091.7078922,managed,10.0,10.0,33.085,False,200,
1787722091.807892,managed,10.0,10.0,29.948,False,200,
1787722091.9078922,managed,10.0,10.0,36.001,False,200,
1787722092.0078921,managed,10.0,10.0,36.707,False,200,
1787722092.107892,managed,10.0,10.0,27.12,False,200,
1787722092.2078922,managed,10.0,10.0,29.458,False,200,
1787722092.307892,managed,10.0,10.0,34.041,False,200,
1787722092.4078922,managed,10.0,10.0,37.984,False,200,
1787722092.5078921,managed,10.0,10.0,34.268,False,200,
1787722092.607892,managed,10.0,10.0,42.534,False,200,
1787722092.7078922,managed,10.0,10.0,34.564,False,200,
1787722092.807892,managed,10.0,10.0,29.526,False,200,
1787722092.9078922,managed,10.0,10.0,35.327,False,200,
1787722093.0078921,managed,10.0,10.0,27.671,False,200,
1787722093.107892,managed,10.0,10.0,33.042,False,200,
1787722093.2078922,managed,10.0,10.0,45.118,False,200,
1787722093.307892,managed,10.0,10.0,32.689,False,200,
1787722093.4078922,managed,10.0,10.0,44.912,False,200,
1787722093.5078921,managed,10.0,10.0,38.024,False,200,
1787722093.607892,managed,10.0,10.0,34.336,False,200,
1787722093.7078922,managed,10.0,10.0,38.107,False,200,
1787722093.807892,managed,10.0,10.0,30.494,False,200,
1787722093.9078922,managed,10.0,10.0,53.758,False,200,
1787722094.0078921,managed,10.0,10.0,30.403,False,200,
1787722094.107892,managed,10.0,10.0,32.102,False,200,
1787722094.2078922,managed,10.0,10.0,38.569,False,200,
1787722094.307892,managed,10.0,10.0,32.012,False,200,
1787722094.4078922,managed,10.0,10.0,35.261,False,200,
1787722094.5078921,managed,10.0,10.0,49.725,False,200,
1787722094.607892,managed,10.0,10.0,36.187,False,200,
1787722094.7078922,managed,10.0,10.0,35.336,False,200,
1787722094.807892,managed,10.0,10.0,37.661,False,200,
1787722094.9078922,managed,10.0,10.0,32.562,False,200,
1787722095.0078921,managed,10.0,10.0,36.737,False,200,
1787722095.107892,managed,10.0,10.0,30.275,False,200,
1787722095.2078922,managed,10.0,10.0,31.24,False,200,
1787722095.307892,managed,10.0,10.0,36.933,False,200,
1787722095.4078922,managed,10.0,10.0,34.006,False,200,
1787722095.5078921,managed,10.0,10.0,32.52,False,200,
1787722095.607892,managed,10.0,10.0,38.106,False,200,
1787722095.7078922,managed,10.0,10.0,30.73,False,200,
1787722095.807892,managed,10.0,10.0,29.539,False,200,
1787722095.9078922,managed,10.0,10.0,27.787,False,200,
1787722096.0078921,managed,10.0,10.0,33.151,False,200,
1787722096.107892,managed,10.0,10.0,33.328,False,200,
1787722096.2078922,managed,10.0,10.0,36.856,False,200,
1787722096.307892,managed,10.0,10.0,36.96,False,200,
1787722096.4078922,managed,10.0,10.0,33.776,False,200,
1787722096.5078921,managed,10.0,10.0,39.182,False,200,
1787722096.607892,managed,10.0,10.0,46.089,False,200,
1787722096.7078922,managed,10.0,10.0,39.603,False,200,
1787722096.807892,managed,10.0,10.0,35.789,False,200,
1787722096.9078922,managed,10.0,10.0,33.673,False,200,
1787722097.0078921,managed,10.0,10.0,32.482,False,200,
1787722097.107892,managed,10.0,10.0,26.878,False,200,
1787722097.2078922,managed,10.0,10.0,38.764,False,200,
1787722097.307892,managed,10.0,10.0,32.855,False,200,
1787722097.4078922,managed,10.0,10.0,38.209,False,200,
1787722097.5078921,managed,10.0,10.0,26.255,False,200,
1787722097.607892,managed,10.0,10.0,36.3,False,200,
1787722097.7078922,managed,10.0,10.0,28.985,False,200,
1787722097.807892,managed,10.0,10.0,33.008,False,200,
1787722097.9078922,managed,10.0,10.0,40.304,False,200,
1787722098.0078921,managed,10.0,10.0,33.922,False,200,
1787722098.107892,managed,10.0,10.0,34.743,False,200,
1787722098.2078922,managed,10.0,10.0,37.521,False,200,
1787722098.307892,managed,10.0,10.0,43.834,False,200,
1787722098.4078922,managed,10.0,10.0,24.524,False,200,
1787722098.5078921,managed,10.0,10.0,36.514,False,200,
1787722098.607892,managed,10.0,10.0,32.723,False,200,
1787722098.7078922,managed,10.0,10.0,30.208,False,200,
1787722098.807892,managed,10.0,10.0,40.067,False,200,
1787722098.9078922,managed,10.0,10.0,31.344,False,200,
1787722099.0078921,managed,10.0,10.0,33.896,False,200,
1787722099.107892,managed,10.0,10.0,30.359,False,200,
1787722099.2078922,managed,10.0,10.0,25.423,False,200,
1787722099.307892,managed,10.0,10.0,55.134,False,200,
1787722099.4078922,managed,10.0,10.0,40.158,False,200,
1787722099.5078921,managed,10.0,10.0,36.423,False,200,
1787722099.607892,managed,10.0,10.0,34.67,False,200,
1787722099.7078922,managed,10.0,10.0,25.657,False,200,
1787722099.807892,managed,10.0,10.0,40.697,False,200,
1787722099.9078922,managed,10.0,10.0,31.102,False,200,
1787722100.0078921,managed,10.0,10.0,34.75,False,200,
1787722100.107892,managed,10.0,10.0,31.239,False,200,
1787722100.2078922,managed,10.0,10.0,45.334,False,200,
1787722100.307892,managed,10.0,10.0,39.564,False,200,
1787722100.4078922,managed,10.0,10.0,48.291,False,200,
1787722100.5078921,managed,10.0,10.0,34.915,False,200,
1787722100.607892,managed,10.0,10.0,43.834,False,200,
1787722100.7078922,managed,10.0,10.0,34.735,False,200,
1787722100.807892,managed,10.0,10.0,30.846,False,200,
1787722100.9078922,managed,10.0,10.0,29.716,False,200,
1787722101.0078921,managed,10.0,10.0,30.666,False,200,
1787722101.107892,managed,10.0,10.0,32.927,False,200,
1787722101.2078922,managed,10.0,10.0,35.022,False,200,
1787722101.307892,managed,10.0,10.0,28.902,False,200,
1787722101.4078922,managed,10.0,10.0,35.291,False,200,
1787722101.5078921,managed,10.0,10.0,30.713,False,200,
1787722101.607892,managed,10.0,10.0,32.313,False,200,
1787722101.7078922,managed,10.0,10.0,32.487,False,200,
1787722101.807892,managed,10.0,10.0,33.868,False,200,
1787722101.9078922,managed,10.0,10.0,41.179,False,200,
1787722102.0078921,managed,10.0,10.0,40.239,False,200,
1787722102.107892,managed,10.0,10.0,31.259,False,200,
1787722102.2078922,managed,10.0,10.0,50.078,False,200,
1787722102.307892,managed,10.0,10.0,40.049,False,200,
1787722102.4078922,managed,10.0,10.0,34.378,False,200,
1787722102.5078921,managed,10.0,10.0,37.292,False,200,
1787722102.607892,managed,10.0,10.0,33.201,False,200,
1787722102.7078922,managed,10.0,10.0,35.471,False,200,
1787722102.807892,managed,10.0,10.0,34.199,False,200,
1787722102.9078922,managed,10.0,10.0,38.447,False,200,
1787722103.0078921,managed,10.0,10.0,43.869,False,200,
1787722103.107892,managed,10.0,10.0,30.214,False,200,
1787722103.2078922,managed,10.0,10.0,34.016,False,200,
1787722103.307892,managed,10.0,10.0,29.542,False,200,
1787722103.4078922,managed,10.0,10.0,36.332,False,200,
1787722103.5078921,managed,10.0,10.0,31.176,False,200,
1787722103.607892,managed,10.0,10.0,29.035,False,200,
1787722103.7078922,managed,10.0,10.0,39.828,False,200,
1787722103.807892,managed,10.0,10.0,29.291,False,200,
1787722103.9078922,managed,10.0,10.0,34.609,False,200,
1787722104.0078921,managed,10.0,10.0,35.649,False,200,
1787722104.107892,managed,10.0,10.0,34.512,False,200,
1787722104.2078922,managed,10.0,10.0,34.658,False,200,
1787722104.307892,managed,10.0,10.0,32.075,False,200,
1787722104.4078922,managed,10.0,10.0,41.852,False,200,
1787722104.5078921,managed,10.0,10.0,31.332,False,200,
1787722104.607892,managed,10.0,10.0,32.231,False,200,
1787722104.7078922,managed,10.0,10.0,34.355,False,200,
1787722104.807892,managed,10.0,10.0,38.163,False,200,
1787722104.9078922,managed,10.0,10.0,35.711,False,200,
1787722105.0078921,managed,10.0,10.0,35.948,False,200,
1787722105.107892,managed,10.0,10.0,27.894,False,200,
1787722105.2078922,managed,10.0,10.0,33.322,False,200,
1787722105.307892,managed,10.0,10.0,33.814,False,200,
1787722105.4078922,managed,10.0,10.0,40.689,False,200,
1787722105.5078921,managed,10.0,10.0,29.18,False,200,
1787722105.607892,managed,10.0,10.0,28.217,False,200,
1787722105.7078922,managed,10.0,10.0,36.19,False,200,
1787722105.807892,managed,10.0,10.0,30.147,False,200,
1787722105.9078922,managed,10.0,10.0,36.4,False,200,
1787722106.0078921,managed,10.0,10.0,27.468,False,200,
1787722106.107892,managed,10.0,10.0,47.054,False,200,
1787722106.2078922,managed,10.0,10.0,38.166,False,200,
1787722106.307892,managed,10.0,10.0,38.026,False,200,
1787722106.4078922,managed,10.0,10.0,33.183,False,200,
1787722106.5078921,managed,10.0,10.0,39.954,False,200,
1787722106.607892,managed,10.0,10.0,37.279,False,200,
1787722106.7078922,managed,10.0,10.0,25.921,False,200,
1787722106.807892,managed,10.0,10.0,30.364,False,200,
1787722106.9078922,managed,10.0,10.0,32.825,False,200,
1787722107.0078921,managed,10.0,10.0,38.385,False,200,
1787722107.107892,managed,10.0,10.0,29.338,False,200,
1787722107.2078922,managed,10.0,10.0,35.436,False,200,
1787722107.307892,managed,10.0,10.0,21.709,False,200,
1787722107.4078922,managed,10.0,10.0,25.82,False,200,
1787722107.5078921,managed,10.0,10.0,47.494,False,200,
1787722107.607892,managed,10.0,10.0,38.235,False,200,
1787722107.7078922,managed,10.0,10.0,30.621,False,200,
1787722107.807892,managed,10.0,10.0,38.716,False,200,
1787722107.9078922,managed,10.0,10.0,34.092,False,200,
1787722108.0078921,managed,10.0,10.0,40.218,False,200,
1787722108.107892,managed,10.0,10.0,34.446,False,200,
1787722108.2078922,managed,10.0,10.0,27.051,False,200,
1787722108.307892,managed,10.0,10.0,31.961,False,200,
1787722108.4078922,managed,10.0,10.0,33.335,False,200,
1787722108.5078921,managed,10.0,10.0,31.298,False,200,
1787722108.607892,managed,10.0,10.0,38.015,False,200,
1787722108.7078922,managed,10.0,10.0,36.586,False,200,
1787722108.807892,managed,10.0,10.0,27.621,False,200,
1787722108.9078922,managed,10.0,10.0,55.067,False,200,
1787722109.0078921,managed,10.0,10.0,37.629,False,200,
1787722109.107892,managed,10.0,10.0,38.501,False,200,
1787722109.2078922,managed,10.0,10.0,28.175,False,200,
1787722109.307892,managed,10.0,10.0,38.851,False,200,
1787722109.4078922,managed,10.0,10.0,28.323,False,200,
1787722109.5078921,managed,10.0,10.0,32.756,False,200,
1787722109.607892,managed,10.0,10.0,34.295,False,200,
1787722109.7078922,managed,10.0,10.0,31.711,False,200,
1787722109.807892,managed,10.0,10.0,35.331,False,200,
1787722109.9078922,managed,10.0,10.0,43.936,False,200,
1787722110.0078921,managed,10.0,10.0,24.622,False,200,
1787722110.107892,managed,10.0,10.0,32.88,False,200,
1787722110.2078922,managed,10.0,10.0,28.015,False,200,
1787722110.307892,managed,10.0,10.0,24.783,False,200,
1787722110.4078922,managed,10.0,10.0,30.004,False,200,
1787722110.5078921,managed,10.0,10.0,32.172,False,200,
1787722110.607892,managed,10.0,10.0,37.955,False,200,
1787722110.7078922,managed,10.0,10.0,27.378,False,200,
1787722110.807892,managed,10.0,10.0,30.297,False,200,
1787722110.9078922,managed,10.0,10.0,49.146,False,200,
1787722111.0078921,managed,10.0,10.0,36.826,False,200,
1787722111.107892,managed,10.0,10.0,31.121,False,200,
1787722111.2078922,managed,10.0,10.0,39.781,False,200,
1787722111.307892,managed,10.0,10.0,28.168,False,200,
1787722111.4078922,managed,10.0,10.0,36.142,False,200,
1787722111.5078921,managed,10.0,10.0,27.942,False,200,
1787722111.607892,managed,10.0,10.0,35.972,False,200,
1787722111.7078922,managed,10.0,10.0,37.333,False,200,
1787722111.807892,managed,10.0,10.0,36.172,False,200,
1787722111.9078922,managed,10.0,10.0,39.815,False,200,
1787722112.0078921,managed,10.0,10.0,32.99,False,200,
1787722112.107892,managed,10.0,10.0,41.666,False,200,
1787722112.2078922,managed,10.0,10.0,29.227,False,200,
1787722112.307892,managed,10.0,10.0,29.905,False,200,
1787722112.4078922,managed,10.0,10.0,33.944,False,200,
1787722112.5078921,managed,10.0,10.0,27.826,False,200,
1787722112.607892,managed,10.0,10.0,37.041,False,200,
1787722112.7078922,managed,10.0,10.0,37.532,False,200,
1787722112.807892,managed,10.0,10.0,33.34,False,200,
1787722112.9078922,managed,10.0,10.0,31.707,False,200,
1787722113.0078921,managed,10.0,10.0,41.805,False,200,
1787722113.107892,managed,10.0,10.0,48.806,False,200,
1787722113.2078922,managed,10.0,10.0,37.546,False,200,
1787722113.307892,managed,10.0,10.0,36.597,False,200,
1787722113.4078922,managed,10.0,10.0,33.556,False,200,
1787722113.5078921,managed,10.0,10.0,38.484,False,200,
1787722113.607892,managed,10.0,10.0,28.791,False,200,
1787722113.7078922,managed,10.0,10.0,30.47,False,200,
1787722113.807892,managed,10.0,10.0,31.019,False,200,
1787722113.9078922,managed,10.0,10.0,43.285,False,200,
1787722114.0078921,managed,10.0,10.0,41.78,False,200,
1787722114.107892,managed,10.0,10.0,25.119,False,200,
1787722114.2078922,managed,10.0,10.0,32.847,False,200,
1787722114.307892,managed,10.0,10.0,32.617,False,200,
1787722114.4078922,managed,10.0,10.0,36.075,False,200,
1787722114.5078921,managed,10.0,10.0,36.102,False,200,
1787722114.607892,managed,10.0,10.0,28.118,False,200,
1787722114.7078922,managed,10.0,10.0,39.983,False,200,
1787722114.807892,managed,10.0,10.0,39.244,False,200,
1787722114.9078922,managed,10.0,10.0,29.064,False,200,
1787722115.0078921,managed,10.0,10.0,37.44,False,200,
1787722115.107892,managed,10.0,10.0,36.033,False,200,
1787722115.2078922,managed,10.0,10.0,33.117,False,200,
1787722115.307892,managed,10.0,10.0,27.544,False,200,
1787722115.4078922,managed,10.0,10.0,33.255,False,200,
1787722115.5078921,managed,10.0,10.0,40.475,False,200,
1787722115.607892,managed,10.0,10.0,49.392,False,200,
1787722115.7078922,managed,10.0,10.0,39.124,False,200,
1787722115.807892,managed,10.0,10.0,29.379,False,200,
1787722115.9078922,managed,10.0,10.0,39.516,False,200,
1787722116.0078921,managed,10.0,10.0,33.86,False,200,
1787722116.107892,managed,10.0,10.0,39.09,False,200,
1787722116.2078922,managed,10.0,10.0,33.529,False,200,
1787722116.307892,managed,10.0,10.0,37.696,False,200,
1787722116.4078922,managed,10.0,10.0,35.227,False,200,
1787722116.5078921,managed,10.0,10.0,30.722,False,200,
1787722116.607892,managed,10.0,10.0,29.093,False,200,
1787722116.7078922,managed,10.0,10.0,37.917,False,200,
1787722116.807892,managed,10.0,10.0,36.548,False,200,
1787722116.9078922,managed,10.0,10.0,38.429,False,200,
1787722117.0078921,managed,10.0,10.0,43.756,False,200,
1787722117.107892,managed,10.0,10.0,24.131,False,200,
1787722117.2078922,managed,10.0,10.0,39.11,False,200,
1787722117.307892,managed,10.0,10.0,32.798,False,200,
1787722117.4078922,managed,10.0,10.0,35.153,False,200,
1787722117.5078921,managed,10.0,10.0,45.681,False,200,
1787722117.607892,managed,10.0,10.0,25.545,False,200,
1787722117.7078922,managed,10.0,10.0,43.48,False,200,
1787722117.807892,managed,10.0,10.0,36.603,False,200,
1787722117.9078922,managed,10.0,10.0,40.371,False,200,
1787722118.0078921,managed,10.0,10.0,33.265,False,200,
1787722118.107892,managed,10.0,10.0,40.038,False,200,
1787722118.2078922,managed,10.0,10.0,30.414,False,200,
1787722118.307892,managed,10.0,10.0,46.746,False,200,
1787722118.4078922,managed,10.0,10.0,35.225,False,200,
1787722118.5078921,managed,10.0,10.0,25.201,False,200,
1787722118.607892,managed,10.0,10.0,33.735,False,200,
1787722118.7078922,managed,10.0,10.0,37.17,False,200,
1787722118.807892,managed,10.0,10.0,35.887,False,200,
1787722118.9078922,managed,10.0,10.0,34.442,False,200,
1787722119.0078921,managed,10.0,10.0,33.27,False,200,
1787722119.107892,managed,10.0,10.0,37.234,False,200,
1787722119.2078922,managed,10.0,10.0,38.202,False,200,
1787722119.307892,managed,10.0,10.0,32.588,False,200,
1787722119.4078922,managed,10.0,10.0,31.865,False,200,
1787722119.5078921,managed,10.0,10.0,34.794,False,200,
1787722119.607892,managed,10.0,10.0,33.519,False,200,
1787722119.7078922,managed,10.0,10.0,37.162,False,200,
1787722119.807892,managed,10.0,10.0,33.153,False,200,
1787722119.9078922,managed,10.0,10.0,33.488,False,200,
1787722120.0078921,managed,10.0,10.0,44.779,False,200,
1787722120.107892,managed,10.0,10.0,39.453,False,200,
1787722120.2078922,managed,10.0,10.0,27.862,False,200,
1787722120.307892,managed,10.0,10.0,42.935,False,200,
1787722120.4078922,managed,10.0,10.0,36.943,False,200,
1787722120.5078921,managed,10.0,10.0,28.53,False,200,
1787722120.607892,managed,10.0,10.0,28.65,False,200,
1787722120.7078922,managed,10.0,10.0,31.473,False,200,
1787722120.807892,managed,10.0,10.0,35.574,False,200,
1787722120.9078922,managed,10.0,10.0,39.43,False,200,
1787722121.0078921,managed,10.0,10.0,40.969,False,200,
1787722121.107892,managed,10.0,10.0,40.57,False,200,
1787722121.2078922,managed,10.0,10.0,25.806,False,200,
1787722121.307892,managed,10.0,10.0,39.174,False,200,
1787722121.4078922,managed,10.0,10.0,26.827,False,200,
1787722121.5078921,managed,10.0,10.0,40.003,False,200,
1787722121.607892,managed,10.0,10.0,30.353,False,200,
1787722121.7078922,managed,10.0,10.0,38.203,False,200,
1787722121.807892,managed,10.0,10.0,38.44,False,200,
1787722121.9078922,managed,10.0,10.0,36.57,False,200,
1787722122.0078921,managed,10.0,10.0,30.946,False,200,
1787722122.107892,managed,10.0,10.0,38.193,False,200,
1787722122.2078922,managed,10.0,10.0,31.898,False,200,
1787722122.307892,managed,10.0,10.0,37.657,False,200,
1787722122.4078922,managed,10.0,10.0,27.928,False,200,
1787722122.5078921,managed,10.0,10.0,27.495,False,200,
1787722122.607892,managed,10.0,10.0,27.715,False,200,
1787722122.7078922,managed,10.0,10.0,30.183,False,200,
1787722122.807892,managed,10.0,10.0,35.613,False,200,
1787722122.9078922,managed,10.0,10.0,34.319,False,200,
1787722123.0078921,managed,10.0,10.0,34.695,False,200,
1787722123.107892,managed,10.0,10.0,39.761,False,200,
1787722123.2078922,managed,10.0,10.0,31.888,False,200,
1787722123.307892,managed,10.0,10.0,31.344,False,200,
1787722123.4078922,managed,10.0,10.0,30.559,False,200,
1787722123.5078921,managed,10.0,10.0,33.287,False,200,
1787722123.607892,managed,10.0,10.0,34.859,False,200,
1787722123.7078922,managed,10.0,10.0,37.214,False,200,
1787722123.807892,managed,10.0,10.0,51.749,False,200,
1787722123.9078922,managed,10.0,10.0,27.593,False,200,
1787722124.0078921,managed,10.0,10.0,28.039,False,200,
1787722124.107892,managed,10.0,10.0,37.106,False,200,
1787722124.2078922,managed,10.0,10.0,38.714,False,200,
1787722124.307892,managed,10.0,10.0,36.667,False,200,
1787722124.4078922,managed,10.0,10.0,30.671,False,200,
1787722124.5078921,managed,10.0,10.0,29.416,False,200,
1787722124.607892,managed,10.0,10.0,41.486,False,200,
1787722124.7078922,managed,10.0,10.0,32.932,False,200,
1787722124.807892,managed,10.0,10.0,39.616,False,200,
1787722124.9078922,managed,10.0,10.0,28.811,False,200,
1787722125.0078921,managed,10.0,10.0,41.464,False,200,
1787722125.107892,managed,10.0,10.0,42.947,False,200,
1787722125.2078922,managed,10.0,10.0,35.504,False,200,
1787722125.307892,managed,10.0,10.0,38.569,False,200,
1787722125.4078922,managed,10.0,10.0,31.467,False,200,
1787722125.5078921,managed,10.0,10.0,32.143,False,200,
1787722125.607892,managed,10.0,10.0,41.324,False,200,
1787722125.7078922,managed,10.0,10.0,32.399,False,200,
1787722125.807892,managed,10.0,10.0,43.098,False,200,
1787722125.9078922,managed,10.0,10.0,28.71,False,200,
1787722126.0078921,managed,10.0,10.0,37.453,False,200,
1787722126.107892,managed,10.0,10.0,32.155,False,200,
1787722126.2078922,managed,10.0,10.0,30.708,False,200,
1787722126.307892,managed,10.0,10.0,34.522,False,200,
1787722126.4078922,managed,10.0,10.0,41.605,False,200,
1787722126.5078921,managed,10.0,10.0,34.635,False,200,
1787722126.607892,managed,10.0,10.0,27.72,False,200,
1787722126.7078922,managed,10.0,10.0,38.375,False,200,
1787722126.807892,managed,10.0,10.0,32.948,False,200,
1787722126.9078922,managed,10.0,10.0,34.356,False,200,
1787722127.0078921,managed,10.0,10.0,42.32,False,200,
1787722127.107892,managed,10.0,10.0,35.059,False,200,
1787722127.2078922,managed,10.0,10.0,31.017,False,200,
1787722127.307892,managed,10.0,10.0,32.761,False,200,
1787722127.4078922,managed,10.0,10.0,35.711,False,200,
1787722127.5078921,managed,10.0,10.0,37.283,False,200,
1787722127.607892,managed,10.0,10.0,34.332,False,200,
1787722127.7078922,managed,10.0,10.0,40.556,False,200,
1787722127.807892,managed,10.0,10.0,30.313,False,200,
1787722127.9078922,managed,10.0,10.0,32.195,False,200,
1787722128.0078921,managed,10.0,10.0,40.142,False,200,
1787722128.107892,managed,10.0,10.0,38.974,False,200,
1787722128.2078922,managed,10.0,10.0,36.703,False,200,
1787722128.307892,managed,10.0,10.0,36.666,False,200,
1787722128.4078922,managed,10.0,10.0,46.853,False,200,
1787722128.5078921,managed,10.0,10.0,38.55,False,200,
1787722128.607892,managed,10.0,10.0,34.755,False,200,
1787722128.7078922,managed,10.0,10.0,32.834,False,200,
1787722128.807892,managed,10.0,10.0,30.503,False,200,
1787722128.9078922,managed,10.0,10.0,31.408,False,200,
1787722129.0078921,managed,10.0,10.0,41.487,False,200,
1787722129.107892,managed,10.0,10.0,36.136,False,200,
1787722129.2078922,managed,10.0,10.0,32.089,False,200,
1787722129.307892,managed,10.0,10.0,27.961,False,200,
1787722129.4078922,managed,10.0,10.0,36.68,False,200,
1787722129.5078921,managed,10.0,10.0,33.856,False,200,
1787722129.607892,managed,10.0,10.0,40.207,False,200,
1787722129.7078922,managed,10.0,10.0,33.96,False,200,
1787722129.807892,managed,10.0,10.0,34.661,False,200,
1787722129.9078922,managed,10.0,10.0,35.59,False,200,
1787722130.0078921,managed,10.0,10.0,30.203,False,200,
1787722130.107892,managed,10.0,10.0,35.745,False,200,
1787722130.2078922,managed,10.0,10.0,27.162,False,200,
1787722130.307892,managed,10.0,10.0,38.174,False,200,
1787722130.4078922,managed,10.0,10.0,45.07,False,200,
1787722130.5078921,managed,10.0,10.0,41.106,False,200,
1787722130.607892,managed,10.0,10.0,42.115,False,200,
1787722130.7078922,managed,10.0,10.0,39.486,False,200,
1787722130.807892,managed,10.0,10.0,29.321,False,200,
1787722130.9078922,managed,10.0,10.0,33.532,False,200,
1787722131.0078921,managed,10.0,10.0,35.641,False,200,
1787722131.107892,managed,10.0,10.0,30.05,False,200,
1787722131.2078922,managed,10.0,10.0,35.159,False,200,
1787722131.307892,managed,10.0,10.0,34.401,False,200,
1787722131.4078922,managed,10.0,10.0,33.458,False,200,
1787722131.5078921,managed,10.0,10.0,42.778,False,200,
1787722131.607892,managed,10.0,10.0,45.576,False,200,
1787722131.7078922,managed,10.0,10.0,43.756,False,200,
1787722131.807892,managed,10.0,10.0,36.828,False,200,
1787722131.9078922,managed,10.0,10.0,45.461,False,200,
1787722132.0078921,managed,10.0,10.0,29.465,False,200,
1787722132.107892,managed,10.0,10.0,30.03,False,200,
1787722132.2078922,managed,10.0,10.0,41.675,False,200,
1787722132.307892,managed,10.0,10.0,37.604,False,200,
1787722132.4078922,managed,10.0,10.0,36.06,False,200,
1787722132.5078921,managed,10.0,10.0,35.825,False,200,
1787722132.607892,managed,10.0,10.0,35.592,False,200,
1787722132.7078922,managed,10.0,10.0,32.121,False,200,
1787722132.807892,managed,10.0,10.0,40.441,False,200,
1787722132.9078922,managed,10.0,10.0,37.354,False,200,
1787722133.0078921,managed,10.0,10.0,37.211,False,200,
1787722133.107892,managed,10.0,10.0,32.189,False,200,
1787722133.2078922,managed,10.0,10.0,32.436,False,200,
1787722133.307892,managed,10.0,10.0,39.981,False,200,
1787722133.4078922,managed,10.0,10.0,33.364,False,200,
1787722133.5078921,managed,10.0,10.0,28.795,False,200,
1787722133.607892,managed,10.0,10.0,39.02,False,200,
1787722133.7078922,managed,10.0,10.0,31.076,False,200,
1787722133.807892,managed,10.0,10.0,35.381,False,200,
1787722133.9078922,managed,10.0,10.0,30.727,False,200,
1787722134.0078921,managed,10.0,10.0,37.514,False,200,
1787722134.107892,managed,10.0,10.0,34.112,False,200,
1787722134.2078922,managed,10.0,10.0,39.581,False,200,
1787722134.307892,managed,10.0,10.0,37.486,False,200,
1787722134.4078922,managed,10.0,10.0,33.273,False,200,
1787722134.5078921,managed,10.0,10.0,45.871,False,200,
1787722134.607892,managed,10.0,10.0,26.402,False,200,
1787722134.7078922,managed,10.0,10.0,35.827,False,200,
1787722134.807892,managed,10.0,10.0,25.606,False,200,
1787722134.9078922,managed,10.0,10.0,36.795,False,200,
1787722135.0078921,managed,10.0,10.0,29.285,False,200,
1787722135.107892,managed,10.0,10.0,29.528,False,200,
1787722135.2078922,managed,10.0,10.0,33.96,False,200,
1787722135.307892,managed,10.0,10.0,35.633,False,200,
1787722135.4078922,managed,10.0,10.0,37.021,False,200,
1787722135.5078921,managed,10.0,10.0,32.71,False,200,
1787722135.607892,managed,10.0,10.0,36.428,False,200,
1787722135.7078922,managed,10.0,10.0,32.84,False,200,
1787722135.807892,managed,10.0,10.0,32.047,False,200,
1787722135.9078922,managed,10.0,10.0,31.848,False,200,
1787722136.0078921,managed,10.0,10.0,30.323,False,200,
1787722136.107892,managed,10.0,10.0,34.345,False,200,
1787722136.2078922,managed,10.0,10.0,38.673,False,200,
1787722136.307892,managed,10.0,10.0,37.713,False,200,
1787722136.4078922,managed,10.0,10.0,31.857,False,200,
1787722136.5078921,managed,10.0,10.0,37.378,False,200,
1787722136.607892,managed,10.0,10.0,37.808,False,200,
1787722136.7078922,managed,10.0,10.0,40.93,False,200,
1787722136.807892,managed,10.0,10.0,34.082,False,200,
1787722136.9078922,managed,10.0,10.0,30.784,False,200,
1787722137.0078921,managed,10.0,10.0,36.674,False,200,
1787722137.107892,managed,10.0,10.0,31.688,False,200,
1787722137.2078922,managed,10.0,10.0,28.436,False,200,
1787722137.307892,managed,10.0,10.0,35.544,False,200,
1787722137.4078922,managed,10.0,10.0,29.485,False,200,
1787722137.5078921,managed,10.0,10.0,34.534,False,200,
1787722137.607892,managed,10.0,10.0,37.929,False,200,
1787722137.7078922,managed,10.0,10.0,34.051,False,200,
1787722137.807892,managed,10.0,10.0,26.948,False,200,
1787722137.9078922,managed,10.0,10.0,37.155,False,200,
1787722138.0078921,managed,10.0,10.0,30.246,False,200,
1787722138.107892,managed,10.0,10.0,39.086,False,200,
1787722138.2078922,managed,10.0,10.0,36.59,False,200,
1787722138.307892,managed,10.0,10.0,34.638,False,200,
1787722138.4078922,managed,10.0,10.0,39.892,False,200,
1787722138.5078921,managed,10.0,10.0,38.74,False,200,
1787722138.607892,managed,10.0,10.0,30.861,False,200,
1787722138.7078922,managed,10.0,10.0,30.396,False,200,
1787722138.807892,managed,10.0,10.0,36.566,False,200,
1787722138.9078922,managed,10.0,10.0,28.913,False,200,
1787722139.0078921,managed,10.0,10.0,43.977,False,200,
1787722139.107892,managed,10.0,10.0,33.078,False,200,
1787722139.2078922,managed,10.0,10.0,31.292,False,200,
1787722139.307892,managed,10.0,10.0,37.989,False,200,
1787722139.4078922,managed,10.0,10.0,42.004,False,200,
1787722139.5078921,managed,10.0,10.0,26.473,False,200,
1787722139.607892,managed,10.0,10.0,39.944,False,200,
1787722139.7078922,managed,10.0,10.0,37.897,False,200,
1787722139.807892,managed,10.0,10.0,31.288,False,200,
1787722139.9078922,managed,10.0,10.0,25.563,False,200,
1787722140.0078921,managed,10.0,10.0,45.527,False,200,
1787722140.107892,managed,10.0,10.0,35.52,False,200,
1787722140.2078922,managed,10.0,10.0,36.847,False,200,
1787722140.307892,managed,10.0,10.0,40.849,False,200,
1787722140.4078922,managed,10.0,10.0,47.854,False,200,
1787722140.5078921,managed,10.0,10.0,28.56,False,200,
1787722140.607892,managed,10.0,10.0,32.665,False,200,
1787722140.7078922,managed,10.0,10.0,36.189,False,200,
1787722140.807892,managed,10.0,10.0,32.56,False,200,
1787722140.9078922,managed,10.0,10.0,46.669,False,200,
1787722141.0078921,managed,10.0,10.0,33.856,False,200,
1787722141.107892,managed,10.0,10.0,39.815,False,200,
1787722141.2078922,managed,10.0,10.0,37.615,False,200,
1787722141.307892,managed,10.0,10.0,39.924,False,200,
1787722141.4078922,managed,10.0,10.0,30.793,False,200,
1787722141.5078921,managed,10.0,10.0,36.961,False,200,
1787722141.607892,managed,10.0,10.0,36.768,False,200,
1787722141.7078922,managed,10.0,10.0,27.348,False,200,
1787722141.807892,managed,10.0,10.0,29.662,False,200,
1787722141.9078922,managed,10.0,10.0,30.727,False,200,
1787722142.0078921,managed,10.0,10.0,32.822,False,200,
1787722142.107892,managed,10.0,10.0,34.458,False,200,
1787722142.2078922,managed,10.0,10.0,33.481,False,200,
1787722142.307892,managed,10.0,10.0,32.069,False,200,
1787722142.4078922,managed,10.0,10.0,42.426,False,200,
1787722142.5078921,managed,10.0,10.0,29.537,False,200,
1787722142.607892,managed,10.0,10.0,39.484,False,200,
1787722142.7078922,managed,10.0,10.0,27.322,False,200,
1787722142.807892,managed,10.0,10.0,33.029,False,200,
1787722142.9078922,managed,10.0,10.0,42.412,False,200,
1787722143.0078921,managed,10.0,10.0,36.397,False,200,
1787722143.107892,managed,10.0,10.0,39.452,False,200,
1787722143.2078922,managed,10.0,10.0,24.193,False,200,
1787722143.307892,managed,10.0,10.0,36.615,False,200,
1787722143.4078922,managed,10.0,10.0,34.302,False,200,
1787722143.5078921,managed,10.0,10.0,30.481,False,200,
1787722143.607892,managed,10.0,10.0,35.427,False,200,
1787722143.7078922,managed,10.0,10.0,32.831,False,200,
1787722143.807892,managed,10.0,10.0,39.301,False,200,
1787722143.9078922,managed,10.0,10.0,35.643,False,200,
1787722144.0078921,managed,10.0,10.0,28.269,False,200,
1787722144.107892,managed,10.0,10.0,33.943,False,200,
1787722144.2078922,managed,10.0,10.0,34.595,False,200,
1787722144.307892,managed,10.0,10.0,25.222,False,200,
1787722144.4078922,managed,10.0,10.0,34.381,False,200,
1787722144.5078921,managed,10.0,10.0,33.596,False,200,
1787722144.607892,managed,10.0,10.0,35.129,False,200,
1787722144.7078922,managed,10.0,10.0,34.23,False,200,
1787722144.807892,managed,10.0,10.0,33.792,False,200,
1787722144.9078922,managed,10.0,10.0,30.232,False,200,
1787722145.0078921,managed,10.0,10.0,30.853,False,200,
1787722145.107892,managed,10.0,10.0,37.697,False,200,
1787722145.2078922,managed,10.0,10.0,29.014,False,200,
1787722145.307892,managed,10.0,10.0,27.687,False,200,
1787722145.4078922,managed,10.0,10.0,35.13,False,200,
1787722145.5078921,managed,10.0,10.0,25.497,False,200,
1787722145.607892,managed,10.0,10.0,38.384,False,200,
1787722145.7078922,managed,10.0,10.0,31.771,False,200,
1787722145.807892,managed,10.0,10.0,37.783,False,200,
1787722145.9078922,managed,10.0,10.0,37.557,False,200,
1787722146.0078921,managed,10.0,10.0,40.721,False,200,
1787722146.107892,managed,10.0,10.0,42.544,False,200,
1787722146.2078922,managed,10.0,10.0,32.787,False,200,
1787722146.307892,managed,10.0,10.0,39.09,False,200,
1787722146.4078922,managed,10.0,10.0,29.667,False,200,
1787722146.5078921,managed,10.0,10.0,35.158,False,200,
1787722146.607892,managed,10.0,10.0,26.471,False,200,
1787722146.7078922,managed,10.0,10.0,31.335,False,200,
1787722146.807892,managed,10.0,10.0,33.544,False,200,
1787722146.9078922,managed,10.0,10.0,46.387,False,200,
1787722147.0078921,managed,10.0,10.0,41.325,False,200,
1787722147.107892,managed,10.0,10.0,36.236,False,200,
1787722147.2078922,managed,10.0,10.0,32.509,False,200,
1787722147.307892,managed,10.0,10.0,44.403,False,200,
1787722147.4078922,managed,10.0,10.0,30.807,False,200,
1787722147.5078921,managed,10.0,10.0,35.195,False,200,
1787722147.607892,managed,10.0,10.0,34.7,False,200,
1787722147.7078922,managed,10.0,10.0,38.871,False,200,
1787722147.807892,managed,10.0,10.0,31.665,False,200,
1787722147.9078922,managed,10.0,10.0,41.833,False,200,
1787722148.0078921,managed,10.0,10.0,36.51,False,200,
1787722148.107892,managed,10.0,10.0,34.309,False,200,
1787722148.2078922,managed,10.0,10.0,42.557,False,200,
1787722148.307892,managed,10.0,10.0,31.573,False,200,
1787722148.4078922,managed,10.0,10.0,27.432,False,200,
1787722148.5078921,managed,10.0,10.0,47.389,False,200,
1787722148.607892,managed,10.0,10.0,40.769,False,200,
1787722148.7078922,managed,10.0,10.0,22.447,False,200,
1787722148.807892,managed,10.0,10.0,31.516,False,200,
1787722148.9078922,managed,10.0,10.0,28.486,False,200,
1787722149.0078921,managed,10.0,10.0,41.169,False,200,
1787722149.107892,managed,10.0,10.0,30.11,False,200,
1787722149.2078922,managed,10.0,10.0,27.204,False,200,
1787722149.307892,managed,10.0,10.0,34.409,False,200,
1787722149.4078922,managed,10.0,10.0,28.885,False,200,
1787722149.5078921,managed,10.0,10.0,38.307,False,200,
1787722149.607892,managed,10.0,10.0,38.157,False,200,
1787722149.7078922,managed,10.0,10.0,36.336,False,200,
1787722149.807892,managed,10.0,10.0,35.601,False,200,
1787722149.9078922,managed,10.0,10.0,33.827,False,200,
1787722150.0078921,managed,10.0,10.0,47.081,False,200,
1787722150.107892,managed,10.0,10.0,37.195,False,200,
1787722150.2078922,managed,10.0,10.0,37.971,False,200,
1787722150.307892,managed,10.0,10.0,36.268,False,200,
1787722150.4078922,managed,10.0,10.0,34.495,False,200,
1787722150.5078921,managed,10.0,10.0,36.574,False,200,
1787722150.607892,managed,10.0,10.0,31.298,False,200,
1787722150.7078922,managed,10.0,10.0,26.747,False,200,
1787722150.807892,managed,10.0,10.0,30.796,False,200,
1787722150.9078922,managed,10.0,10.0,30.849,False,200,
1787722151.0078921,managed,10.0,10.0,26.324,False,200,
1787722151.107892,managed,10.0,10.0,37.084,False,200,
1787722151.2078922,managed,10.0,10.0,42.699,False,200,
1787722151.307892,managed,10.0,10.0,33.877,False,200,
1787722151.4078922,managed,10.0,10.0,46.96,False,200,
1787722151.5078921,managed,10.0,10.0,37.493,False,200,
1787722151.607892,managed,10.0,10.0,33.525,False,200,
1787722151.7078922,managed,10.0,10.0,34.396,False,200,
1787722151.807892,managed,10.0,10.0,31.418,False,200,
1787722151.9078922,managed,10.0,10.0,32.777,False,200,
1787722152.0078921,managed,10.0,10.0,39.474,False,200,
1787722152.107892,managed,10.0,10.0,36.032,False,200,
1787722152.2078922,managed,10.0,10.0,31.183,False,200,
1787722152.307892,managed,10.0,10.0,28.233,False,200,
1787722152.4078922,managed,10.0,10.0,22.009,False,200,
1787722152.5078921,managed,10.0,10.0,29.989,False,200,
1787722152.607892,managed,10.0,10.0,40.496,False,200,
1787722152.7078922,managed,10.0,10.0,49.097,False,200,
1787722152.807892,managed,10.0,10.0,40.812,False,200,
1787722152.9078922,managed,10.0,10.0,30.909,False,200,
1787722153.0078921,managed,10.0,10.0,37.82,False,200,
1787722153.107892,managed,10.0,10.0,47.089,False,200,
1787722153.2078922,managed,10.0,10.0,37.591,False,200,
1787722153.307892,managed,10.0,10.0,37.7,False,200,
1787722153.4078922,managed,10.0,10.0,38.186,False,200,
1787722153.5078921,managed,10.0,10.0,29.837,False,200,
1787722153.607892,managed,10.0,10.0,41.724,False,200,
1787722153.7078922,managed,10.0,10.0,37.34,False,200,
1787722153.807892,managed,10.0,10.0,35.416,False,200,
1787722153.9078922,managed,10.0,10.0,42.455,False,200,
1787722154.0078921,managed,10.0,10.0,42.185,False,200,
1787722154.107892,managed,10.0,10.0,33.709,False,200,
1787722154.2078922,managed,10.0,10.0,32.312,False,200,
1787722154.307892,managed,10.0,10.0,29.041,False,200,
1787722154.4078922,managed,10.0,10.0,48.902,False,200,
1787722154.5078921,managed,10.0,10.0,31.786,False,200,
1787722154.607892,managed,10.0,10.0,35.364,False,200,
1787722154.7078922,managed,10.0,10.0,29.164,False,200,
1787722154.807892,managed,10.0,10.0,33.872,False,200,
1787722154.9078922,managed,10.0,10.0,35.594,False,200,
1787722155.0078921,managed,10.0,10.0,28.4,False,200,
1787722155.107892,managed,10.0,10.0,44.941,False,200,
1787722155.2078922,managed,10.0,10.0,35.801,False,200,
1787722155.307892,managed,10.0,10.0,39.176,False,200,
1787722155.4078922,managed,10.0,10.0,42.889,False,200,
1787722155.5078921,managed,10.0,10.0,36.655,False,200,
1787722155.607892,managed,10.0,10.0,33.201,False,200,
1787722155.7078922,managed,10.0,10.0,35.339,False,200,
1787722155.807892,managed,10.0,10.0,35.28,False,200,
1787722155.9078922,managed,10.0,10.0,30.825,False,200,
1787722156.0078921,managed,10.0,10.0,45.99,False,200,
1787722156.107892,managed,10.0,10.0,29.947,False,200,
1787722156.2078922,managed,10.0,10.0,39.009,False,200,
1787722156.307892,managed,10.0,10.0,47.412,False,200,
1787722156.4078922,managed,10.0,10.0,31.242,False,200,
1787722156.5078921,managed,10.0,10.0,31.261,False,200,
1787722156.607892,managed,10.0,10.0,36.603,False,200,
1787722156.7078922,managed,10.0,10.0,32.056,False,200,
1787722156.807892,managed,10.0,10.0,39.09,False,200,
1787722156.9078922,managed,10.0,10.0,47.396,False,200,
1787722157.0078921,managed,10.0,10.0,34.202,False,200,
1787722157.107892,managed,10.0,10.0,33.98,False,200,
1787722157.2078922,managed,10.0,10.0,31.384,False,200,
1787722157.307892,managed,10.0,10.0,25.429,False,200,
1787722157.4078922,managed,10.0,10.0,37.679,False,200,
1787722157.5078921,managed,10.0,10.0,26.502,False,200,
1787722157.607892,managed,10.0,10.0,49.809,False,200,
1787722157.7078922,managed,10.0,10.0,34.785,False,200,
1787722157.807892,managed,10.0,10.0,34.732,False,200,
1787722157.9078922,managed,10.0,10.0,34.527,False,200,
1787722158.0078921,managed,10.0,10.0,21.018,False,200,
1787722158.107892,managed,10.0,10.0,37.773,False,200,
1787722158.2078922,managed,10.0,10.0,30.48,False,200,
1787722158.307892,managed,10.0,10.0,40.07,False,200,
1787722158.4078922,managed,10.0,10.0,36.103,False,200,
1787722158.5078921,managed,10.0,10.0,29.96,False,200,
1787722158.607892,managed,10.0,10.0,37.975,False,200,
1787722158.7078922,managed,10.0,10.0,31.745,False,200,
1787722158.807892,managed,10.0,10.0,33.646,False,200,
1787722158.9078922,managed,10.0,10.0,31.994,False,200,
1787722159.0078921,managed,10.0,10.0,42.015,False,200,
1787722159.107892,managed,10.0,10.0,30.506,False,200,
1787722159.2078922,managed,10.0,10.0,35.56,False,200,
1787722159.307892,managed,10.0,10.0,27.602,False,200,
1787722159.4078922,managed,10.0,10.0,29.921,False,200,
1787722159.5078921,managed,10.0,10.0,43.639,False,200,
1787722159.607892,managed,10.0,10.0,30.442,False,200,
1787722159.7078922,managed,10.0,10.0,34.262,False,200,
1787722159.807892,managed,10.0,10.0,34.221,False,200,
1787722159.9078922,managed,10.0,10.0,41.021,False,200,
1787722160.0078921,managed,10.0,10.0,34.447,False,200,
1787722160.107892,managed,10.0,10.0,33.515,False,200,
1787722160.2078922,managed,10.0,10.0,34.58,False,200,
1787722160.307892,managed,10.0,10.0,51.508,False,200,
1787722160.4078922,managed,10.0,10.0,40.373,False,200,
1787722160.5078921,managed,10.0,10.0,34.781,False,200,
1787722160.607892,managed,10.0,10.0,40.379,False,200,
1787722160.7078922,managed,10.0,10.0,34.352,False,200,
1787722160.807892,managed,10.0,10.0,37.643,False,200,
1787722160.9078922,managed,10.0,10.0,43.837,False,200,
1787722161.0078921,managed,10.0,10.0,32.445,False,200,
1787722161.107892,managed,10.0,10.0,28.625,False,200,
1787722161.2078922,managed,10.0,10.0,32.113,False,200,
1787722161.307892,managed,10.0,10.0,41.599,False,200,
1787722161.4078922,managed,10.0,10.0,32.732,False,200,
1787722161.5078921,managed,10.0,10.0,42.282,False,200,
1787722161.607892,managed,10.0,10.0,37.483,False,200,
1787722161.7078922,managed,10.0,10.0,46.05,False,200,
1787722161.807892,managed,10.0,10.0,30.811,False,200,
1787722161.9078922,managed,10.0,10.0,35.593,False,200,
1787722162.0078921,managed,10.0,10.0,36.944,False,200,
1787722162.107892,managed,10.0,10.0,31.961,False,200,
1787722162.2078922,managed,10.0,10.0,32.959,False,200,
1787722162.307892,managed,10.0,10.0,29.295,False,200,
1787722162.4078922,managed,10.0,10.0,30.534,False,200,
1787722162.5078921,managed,10.0,10.0,27.414,False,200,
1787722162.607892,managed,10.0,10.0,38.927,False,200,
1787722162.7078922,managed,10.0,10.0,39.724,False,200,
1787722162.807892,managed,10.0,10.0,40.77,False,200,
1787722162.9078922,managed,10.0,10.0,32.994,False,200,
1787722163.0078921,managed,10.0,10.0,40.293,False,200,
1787722163.107892,managed,10.0,10.0,39.77,False,200,
1787722163.2078922,managed,10.0,10.0,36.09,False,200,
1787722163.307892,managed,10.0,10.0,30.926,False,200,
1787722163.4078922,managed,10.0,10.0,40.346,False,200,
1787722163.5078921,managed,10.0,10.0,32.383,False,200,
1787722163.607892,managed,10.0,10.0,33.171,False,200,
1787722163.7078922,managed,10.0,10.0,39.636,False,200,
1787722163.807892,managed,10.0,10.0,29.83,False,200,
1787722163.9078922,managed,10.0,10.0,38.01,False,200,
1787722164.0078921,managed,10.0,10.0,36.157,False,200,
1787722164.107892,managed,10.0,10.0,34.583,False,200,
1787722164.2078922,managed,10.0,10.0,39.457,False,200,
1787722164.307892,managed,10.0,10.0,31.948,False,200,
1787722164.4078922,managed,10.0,10.0,38.481,False,200,
1787722164.5078921,managed,10.0,10.0,26.28,False,200,
1787722164.607892,managed,10.0,10.0,29.916,False,200,
1787722164.7078922,managed,10.0,10.0,31.12,False,200,
1787722164.807892,managed,10.0,10.0,37.186,False,200,
1787722164.9078922,managed,10.0,10.0,38.548,False,200,
1787722165.0078921,managed,10.0,10.0,31.012,False,200,
1787722165.107892,managed,10.0,10.0,28.231,False,200,
1787722165.2078922,managed,10.0,10.0,28.859,False,200,
1787722165.307892,managed,10.0,10.0,33.102,False,200,
1787722165.4078922,managed,10.0,10.0,29.241,False,200,
1787722165.5078921,managed,10.0,10.0,38.433,False,200,
1787722165.607892,managed,10.0,10.0,29.683,False,200,
1787722165.7078922,managed,10.0,10.0,40.946,False,200,
1787722165.807892,managed,10.0,10.0,47.06,False,200,
1787722165.9078922,managed,10.0,10.0,28.415,False,200,
1787722166.0078921,managed,10.0,10.0,35.779,False,200,
1787722166.107892,managed,10.0,10.0,33.02,False,200,
1787722166.2078922,managed,10.0,10.0,37.579,False,200,
1787722166.307892,managed,10.0,10.0,28.908,False,200,
1787722166.4078922,managed,10.0,10.0,40.797,False,200,
1787722166.5078921,managed,10.0,10.0,33.254,False,200,
1787722166.607892,managed,10.0,10.0,32.137,False,200,
1787722166.7078922,managed,10.0,10.0,35.949,False,200,
1787722166.807892,managed,10.0,10.0,29.579,False,200,
1787722166.9078922,managed,10.0,10.0,32.951,False,200,
1787722167.0078921,managed,10.0,10.0,34.19,False,200,
1787722167.107892,managed,10.0,10.0,35.261,False,200,
1787722167.2078922,managed,10.0,10.0,41.878,False,200,
1787722167.307892,managed,10.0,10.0,39.314,False,200,
1787722167.4078922,managed,10.0,10.0,31.931,False,200,
1787722167.5078921,managed,10.0,10.0,28.364,False,200,
1787722167.607892,managed,10.0,10.0,35.178,False,200,
1787722167.7078922,managed,10.0,10.0,30.101,False,200,
1787722167.807892,managed,10.0,10.0,26.941,False,200,
1787722167.9078922,managed,10.0,10.0,32.52,False,200,
1787722168.0078921,managed,10.0,10.0,30.089,False,200,
1787722168.107892,managed,10.0,10.0,30.653,False,200,
1787722168.2078922,managed,10.0,10.0,35.89,False,200,
1787722168.307892,managed,10.0,10.0,37.079,False,200,
1787722168.4078922,managed,10.0,10.0,33.772,False,200,
1787722168.5078921,managed,10.0,10.0,38.641,False,200,
1787722168.607892,managed,10.0,10.0,36.385,False,200,
1787722168.7078922,managed,10.0,10.0,32.69,False,200,
1787722168.807892,managed,10.0,10.0,41.701,False,200,
1787722168.9078922,managed,10.0,10.0,38.147,False,200,
1787722169.0078921,managed,10.0,10.0,33.043,False,200,
1787722169.107892,managed,10.0,10.0,34.347,False,200,
1787722169.2078922,managed,10.0,10.0,43.045,False,200,
1787722169.307892,managed,10.0,10.0,36.831,False,200,
1787722169.4078922,managed,10.0,10.0,38.055,False,200,
1787722169.5078921,managed,10.0,10.0,37.657,False,200,
1787722169.607892,managed,10.0,10.0,39.101,False,200,
1787722169.7078922,managed,10.0,10.0,35.579,False,200,
1787722169.807892,managed,10.0,10.0,28.904,False,200,
1787722169.9078922,managed,10.0,10.0,28.496,False,200,
1787722170.0078921,managed,10.0,10.0,33.026,False,200,
1787722170.107892,managed,10.0,10.0,25.987,False,200,
1787722170.2078922,managed,10.0,10.0,34.834,False,200,
1787722170.307892,managed,10.0,10.0,33.357,False,200,
1787722170.4078922,managed,10.0,10.0,35.876,False,200,
1787722170.5078921,managed,10.0,10.0,36.305,False,200,
1787722170.607892,managed,10.0,10.0,36.992,False,200,
1787722170.7078922,managed,10.0,10.0,38.479,False,200,
1787722170.807892,managed,10.0,10.0,36.897,False,200,
1787722170.9078922,managed,10.0,10.0,39.939,False,200,
1787722171.0078921,managed,10.0,10.0,36.009,False,200,
1787722171.107892,managed,10.0,10.0,33.081,False,200,
1787722171.2078922,managed,10.0,10.0,33.516,False,200,
1787722171.307892,managed,10.0,10.0,36.043,False,200,
1787722171.4078922,managed,10.0,10.0,32.834,False,200,
1787722171.5078921,managed,10.0,10.0,35.162,False,200,
1787722171.607892,managed,10.0,10.0,29.488,False,200,
1787722171.7078922,managed,10.0,10.0,27.855,False,200,
1787722171.807892,managed,10.0,10.0,33.276,False,200,
1787722171.9078922,managed,10.0,10.0,37.703,False,200,
1787722172.0078921,managed,10.0,10.0,34.741,False,200,
1787722172.107892,managed,10.0,10.0,33.719,False,200,
1787722172.2078922,managed,10.0,10.0,32.642,False,200,
1787722172.307892,managed,10.0,10.0,41.451,False,200,
1787722172.4078922,managed,10.0,10.0,34.467,False,200,
1787722172.5078921,managed,10.0,10.0,38.645,False,200,
1787722172.607892,managed,10.0,10.0,38.439,False,200,
1787722172.7078922,managed,10.0,10.0,34.225,False,200,
1787722172.807892,managed,10.0,10.0,27.973,False,200,
1787722172.9078922,managed,10.0,10.0,32.443,False,200,
1787722173.0078921,managed,10.0,10.0,41.006,False,200,
1787722173.107892,managed,10.0,10.0,42.618,False,200,
1787722173.2078922,managed,10.0,10.0,36.881,False,200,
1787722173.307892,managed,10.0,10.0,40.211,False,200,
1787722173.4078922,managed,10.0,10.0,27.878,False,200,
1787722173.5078921,managed,10.0,10.0,27.927,False,200,
1787722173.607892,managed,10.0,10.0,29.925,False,200,
1787722173.7078922,managed,10.0,10.0,37.178,False,200,
1787722173.807892,managed,10.0,10.0,31.291,False,200,
1787722173.9078922,managed,10.0,10.0,32.707,False,200,
1787722174.0078921,managed,10.0,10.0,38.744,False,200,
1787722174.107892,managed,10.0,10.0,38.109,False,200,
1787722174.2078922,managed,10.0,10.0,35.071,False,200,
1787722174.307892,managed,10.0,10.0,31.491,False,200,
1787722174.4078922,managed,10.0,10.0,35.875,False,200,
1787722174.5078921,managed,10.0,10.0,40.098,False,200,
1787722174.607892,managed,10.0,10.0,37.896,False,200,
1787722174.7078922,managed,10.0,10.0,35.019,False,200,
1787722174.807892,managed,10.0,10.0,28.638,False,200,
1787722174.9078922,managed,10.0,10.0,31.467,False,200,
1787722175.0078921,managed,10.0,10.0,36.901,False,200,
1787722175.107892,managed,10.0,10.0,42.752,False,200,
1787722175.2078922,managed,10.0,10.0,44.65,False,200,
1787722175.307892,managed,10.0,10.0,36.929,False,200,
1787722175.4078922,managed,10.0,10.0,31.048,False,200,
1787722175.5078921,managed,10.0,10.0,29.453,False,200,
1787722175.607892,managed,10.0,10.0,32.41,False,200,
1787722175.7078922,managed,10.0,10.0,31.049,False,200,
1787722175.807892,managed,10.0,10.0,34.092,False,200,
1787722175.9078922,managed,10.0,10.0,31.681,False,200,
1787722176.0078921,managed,10.0,10.0,23.301,False,200,
1787722176.107892,managed,10.0,10.0,36.458,False,200,
1787722176.2078922,managed,10.0,10.0,36.708,False,200,
1787722176.307892,managed,10.0,10.0,33.956,False,200,
1787722176.4078922,managed,10.0,10.0,30.111,False,200,
1787722176.5078921,managed,10.0,10.0,49.004,False,200,
1787722176.607892,managed,10.0,10.0,30.552,False,200,
1787722176.7078922,managed,10.0,10.0,47.338,False,200,
1787722176.807892,managed,10.0,10.0,41.592,False,200,
1787722176.9078922,managed,10.0,10.0,38.085,False,200,
1787722177.0078921,managed,10.0,10.0,31.045,False,200,
1787722177.107892,managed,10.0,10.0,37.261,False,200,
1787722177.2078922,managed,10.0,10.0,48.135,False,200,
1787722177.307892,managed,10.0,10.0,39.327,False,200,
1787722177.4078922,managed,10.0,10.0,44.903,False,200,
1787722177.5078921,managed,10.0,10.0,37.432,False,200,
1787722177.607892,managed,10.0,10.0,34.936,False,200,
1787722177.7078922,managed,10.0,10.0,29.719,False,200,
1787722177.807892,managed,10.0,10.0,41.087,False,200,
1787722177.9078922,managed,10.0,10.0,36.964,False,200,
1787722178.0078921,managed,10.0,10.0,28.005,False,200,
1787722178.107892,managed,10.0,10.0,28.407,False,200,
1787722178.2078922,managed,10.0,10.0,35.762,False,200,
1787722178.307892,managed,10.0,10.0,35.221,False,200,
1787722178.4078922,managed,10.0,10.0,41.708,False,200,
1787722178.5078921,managed,10.0,10.0,36.436,False,200,
1787722178.607892,managed,10.0,10.0,35.666,False,200,
1787722178.7078922,managed,10.0,10.0,35.576,False,200,
1787722178.807892,managed,10.0,10.0,39.211,False,200,
1787722178.9078922,managed,10.0,10.0,34.592,False,200,
1787722179.0078921,managed,10.0,10.0,29.5,False,200,
1787722179.107892,managed,10.0,10.0,25.484,False,200,
1787722179.2078922,managed,10.0,10.0,31.353,False,200,
1787722179.307892,managed,10.0,10.0,38.418,False,200,
1787722179.4078922,managed,10.0,10.0,38.812,False,200,
1787722179.5078921,managed,10.0,10.0,34.53,False,200,
1787722179.607892,managed,10.0,10.0,40.51,False,200,
1787722179.7078922,managed,10.0,10.0,30.052,False,200,
1787722179.807892,managed,10.0,10.0,36.055,False,200,
1787722179.9078922,managed,10.0,10.0,35.653,False,200,
1787722180.0078921,managed,10.0,10.0,37.88,False,200,
1787722180.107892,managed,10.0,10.0,36.778,False,200,
1787722180.2078922,managed,10.0,10.0,32.236,False,200,
1787722180.307892,managed,10.0,10.0,29.966,False,200,
1787722180.4078922,managed,10.0,10.0,34.385,False,200,
1787722180.5078921,managed,10.0,10.0,28.504,False,200,
1787722180.607892,managed,10.0,10.0,43.655,False,200,
1787722180.7078922,managed,10.0,10.0,35.183,False,200,
1787722180.807892,managed,10.0,10.0,30.991,False,200,
1787722180.9078922,managed,10.0,10.0,33.728,False,200,
1787722181.0078921,managed,10.0,10.0,37.897,False,200,
1787722181.107892,managed,10.0,10.0,40.524,False,200,
1787722181.2078922,managed,10.0,10.0,41.59,False,200,
1787722181.307892,managed,10.0,10.0,36.838,False,200,
1787722181.4078922,managed,10.0,10.0,35.352,False,200,
1787722181.5078921,managed,10.0,10.0,30.886,False,200,
1787722181.607892,managed,10.0,10.0,34.185,False,200,
1787722181.7078922,managed,10.0,10.0,30.689,False,200,
1787722181.807892,managed,10.0,10.0,30.092,False,200,
1787722181.9078922,managed,10.0,10.0,26.395,False,200,
1787722182.0078921,managed,10.0,10.0,30.917,False,200,
1787722182.107892,managed,10.0,10.0,31.975,False,200,
1787722182.2078922,managed,10.0,10.0,38.574,False,200,
1787722182.307892,managed,10.0,10.0,44.258,False,200,
1787722182.4078922,managed,10.0,10.0,41.438,False,200,
1787722182.5078921,managed,10.0,10.0,39.418,False,200,
1787722182.607892,managed,10.0,10.0,26.464,False,200,
1787722182.7078922,managed,10.0,10.0,28.987,False,200,
1787722182.807892,managed,10.0,10.0,38.944,False,200,
1787722182.9078922,managed,10.0,10.0,37.446,False,200,
1787722183.0078921,managed,10.0,10.0,35.428,False,200,
1787722183.107892,managed,10.0,10.0,35.934,False,200,
1787722183.2078922,managed,10.0,10.0,28.612,False,200,
1787722183.307892,managed,10.0,10.0,25.143,False,200,
1787722183.4078922,managed,10.0,10.0,36.819,False,200,
1787722183.5078921,managed,10.0,10.0,39.522,False,200,
1787722183.607892,managed,10.0,10.0,34.202,False,200,
1787722183.7078922,managed,10.0,10.0,39.638,False,200,
1787722183.807892,managed,10.0,10.0,29.251,False,200,
1787722183.9078922,managed,10.0,10.0,31.873,False,200,
1787722184.0078921,managed,10.0,10.0,30.939,False,200,
1787722184.107892,managed,10.0,10.0,33.596,False,200,
1787722184.2078922,managed,10.0,10.0,39.708,False,200,
1787722184.307892,managed,10.0,10.0,41.04,False,200,
1787722184.4078922,managed,10.0,10.0,30.927,False,200,
1787722184.5078921,managed,10.0,10.0,32.194,False,200,
1787722184.607892,managed,10.0,10.0,44.319,False,200,
1787722184.7078922,managed,10.0,10.0,29.727,False,200,
1787722184.807892,managed,10.0,10.0,48.555,False,200,
1787722184.9078922,managed,10.0,10.0,32.068,False,200,
1787722185.0078921,managed,10.0,10.0,34.298,False,200,
1787722185.107892,managed,10.0,10.0,32.257,False,200,
1787722185.2078922,managed,10.0,10.0,34.858,False,200,
1787722185.307892,managed,10.0,10.0,35.299,False,200,
1787722185.4078922,managed,10.0,10.0,41.544,False,200,
1787722185.5078921,managed,10.0,10.0,35.165,False,200,
1787722185.607892,managed,10.0,10.0,29.72,False,200,
1787722185.7078922,managed,10.0,10.0,41.373,False,200,
1787722185.807892,managed,10.0,10.0,31.959,False,200,
1787722185.9078922,managed,10.0,10.0,35.796,False,200,
1787722186.0078921,managed,10.0,10.0,28.882,False,200,
1787722186.107892,managed,10.0,10.0,36.591,False,200,
1787722186.2078922,managed,10.0,10.0,26.928,False,200,
1787722186.307892,managed,10.0,10.0,34.544,False,200,
1787722186.4078922,managed,10.0,10.0,36.741,False,200,
1787722186.5078921,managed,10.0,10.0,37.464,False,200,
1787722186.607892,managed,10.0,10.0,38.295,False,200,
1787722186.7078922,managed,10.0,10.0,35.881,False,200,
1787722186.807892,managed,10.0,10.0,27.276,False,200,
1787722186.9078922,managed,10.0,10.0,31.88,False,200,
1787722187.0078921,managed,10.0,10.0,28.909,False,200,
1787722187.107892,managed,10.0,10.0,31.315,False,200,
1787722187.2078922,managed,10.0,10.0,28.499,False,200,
1787722187.307892,managed,10.0,10.0,33.339,False,200,
1787722187.4078922,managed,10.0,10.0,55.292,False,200,
1787722187.5078921,managed,10.0,10.0,37.309,False,200,
1787722187.607892,managed,10.0,10.0,32.601,False,200,
1787722187.7078922,managed,10.0,10.0,32.186,False,200,
1787722187.807892,managed,10.0,10.0,36.267,False,200,
1787722187.9078922,managed,10.0,10.0,39.831,False,200,
1787722188.0078921,managed,10.0,10.0,32.801,False,200,
1787722188.107892,managed,10.0,10.0,34.593,False,200,
1787722188.2078922,managed,10.0,10.0,37.376,False,200,
1787722188.307892,managed,10.0,10.0,46.109,False,200,
1787722188.4078922,managed,10.0,10.0,40.419,False,200,
1787722188.5078921,managed,10.0,10.0,31.566,False,200,
1787722188.607892,managed,10.0,10.0,32.12,False,200,
1787722188.7078922,managed,10.0,10.0,47.498,False,200,
1787722188.807892,managed,10.0,10.0,33.842,False,200,
1787722188.9078922,managed,10.0,10.0,39.279,False,200,
1787722189.0078921,managed,10.0,10.0,44.804,False,200,
1787722189.107892,managed,10.0,10.0,41.23,False,200,
1787722189.2078922,managed,10.0,10.0,35.337,False,200,
1787722189.307892,managed,10.0,10.0,34.244,False,200,
1787722189.4078922,managed,10.0,10.0,36.269,False,200,
1787722189.5078921,managed,10.0,10.0,23.802,False,200,
1787722189.607892,managed,10.0,10.0,26.369,False,200,
1787722189.7078922,managed,10.0,10.0,35.249,False,200,
1787722189.807892,managed,10.0,10.0,32.507,False,200,
1787722189.9078922,managed,10.0,10.0,42.398,False,200,
1787722190.0078921,managed,10.0,10.0,25.73,False,200,
1787722190.107892,managed,10.0,10.0,31.225,False,200,
1787722190.2078922,managed,10.0,10.0,31.286,False,200,
1787722190.307892,managed,10.0,10.0,38.375,False,200,
1787722190.4078922,managed,10.0,10.0,31.996,False,200,
1787722190.5078921,managed,10.0,10.0,23.997,False,200,
1787722190.607892,managed,10.0,10.0,36.339,False,200,
1787722190.7078922,managed,10.0,10.0,48.695,False,200,
1787722190.807892,managed,10.0,10.0,38.203,False,200,
1787722190.9078922,managed,10.0,10.0,34.383,False,200,
1787722191.0078921,managed,10.0,10.0,43.355,False,200,
1787722191.107892,managed,10.0,10.0,33.074,False,200,
1787722191.2078922,managed,10.0,10.0,38.018,False,200,
1787722191.307892,managed,10.0,10.0,43.23,False,200,
1787722191.4078922,managed,10.0,10.0,29.02,False,200,
1787722191.5078921,managed,10.0,10.0,48.6,False,200,
1787722191.607892,managed,10.0,10.0,34.733,False,200,
1787722191.7078922,managed,10.0,10.0,27.674,False,200,
1787722191.807892,managed,10.0,10.0,33.707,False,200,
1787722191.9078922,managed,10.0,10.0,28.984,False,200,
1787722192.0078921,managed,10.0,10.0,29.796,False,200,
1787722192.107892,managed,10.0,10.0,27.092,False,200,
1787722192.2078922,managed,10.0,10.0,33.267,False,200,
1787722192.307892,managed,10.0,10.0,48.456,False,200,
1787722192.4078922,managed,10.0,10.0,28.227,False,200,
1787722192.5078921,managed,10.0,10.0,34.691,False,200,
1787722192.607892,managed,10.0,10.0,35.111,False,200,
1787722192.7078922,managed,10.0,10.0,31.121,False,200,
1787722192.807892,managed,10.0,10.0,32.481,False,200,
1787722192.9078922,managed,10.0,10.0,28.028,False,200,
1787722193.0078921,managed,10.0,10.0,29.9,False,200,
1787722193.107892,managed,10.0,10.0,29.688,False,200,
1787722193.2078922,managed,10.0,10.0,38.282,False,200,
1787722193.307892,managed,10.0,10.0,32.113,False,200,
1787722193.4078922,managed,10.0,10.0,36.087,False,200,
1787722193.5078921,managed,10.0,10.0,34.27,False,200,
1787722193.607892,managed,10.0,10.0,31.35,False,200,
1787722193.7078922,managed,10.0,10.0,33.598,False,200,
1787722193.807892,managed,10.0,10.0,32.614,False,200,
1787722193.9078922,managed,10.0,10.0,33.543,False,200,
1787722194.0078921,managed,10.0,10.0,36.22,False,200,
1787722194.107892,managed,10.0,10.0,31.86,False,200,
1787722194.2078922,managed,10.0,10.0,39.903,False,200,
1787722194.307892,managed,10.0,10.0,38.773,False,200,
1787722194.4078922,managed,10.0,10.0,32.243,False,200,
1787722194.5078921,managed,10.0,10.0,39.016,False,200,
1787722194.607892,managed,10.0,10.0,33.606,False,200,
1787722194.7078922,managed,10.0,10.0,33.813,False,200,
1787722194.807892,managed,10.0,10.0,37.45,False,200,
1787722194.9078922,managed,10.0,10.0,31.393,False,200,
1787722195.0078921,managed,10.0,10.0,38.407,False,200,
1787722195.107892,managed,10.0,10.0,48.266,False,200,
1787722195.2078922,managed,10.0,10.0,39.55,False,200,
1787722195.307892,managed,10.0,10.0,29.995,False,200,
1787722195.4078922,managed,10.0,10.0,40.754,False,200,
1787722195.5078921,managed,10.0,10.0,43.159,False,200,
1787722195.607892,managed,10.0,10.0,48.8,False,200,
1787722195.7078922,managed,10.0,10.0,30.917,False,200,
1787722195.807892,managed,10.0,10.0,35.33,False,200,
1787722195.9078922,managed,10.0,10.0,32.635,False,200,
1787722196.0078921,managed,10.0,10.0,28.319,False,200,
1787722196.107892,managed,10.0,10.0,41.004,False,200,
1787722196.2078922,managed,10.0,10.0,40.627,False,200,
1787722196.307892,managed,10.0,10.0,30.776,False,200,
1787722196.4078922,managed,10.0,10.0,32.514,False,200,
1787722196.5078921,managed,10.0,10.0,32.807,False,200,
1787722196.607892,managed,10.0,10.0,38.019,False,200,
1787722196.7078922,managed,10.0,10.0,33.028,False,200,
1787722196.807892,managed,10.0,10.0,38.8,False,200,
1787722196.9078922,managed,10.0,10.0,40.687,False,200,
1787722197.0078921,managed,10.0,10.0,51.082,False,200,
1787722197.107892,managed,10.0,10.0,37.185,False,200,
1787722197.2078922,managed,10.0,10.0,38.18,False,200,
1787722197.307892,managed,10.0,10.0,47.195,False,200,
1787722197.4078922,managed,10.0,10.0,35.105,False,200,
1787722197.5078921,managed,10.0,10.0,35.712,False,200,
1787722197.607892,managed,10.0,10.0,27.355,False,200,
1787722197.7078922,managed,10.0,10.0,35.572,False,200,
1787722197.807892,managed,10.0,10.0,31.578,False,200,
1787722197.9078922,managed,10.0,10.0,35.777,False,200,
1787722198.0078921,managed,10.0,10.0,31.199,False,200,
1787722198.107892,managed,10.0,10.0,33.66,False,200,
1787722198.2078922,managed,10.0,10.0,36.368,False,200,
1787722198.307892,managed,10.0,10.0,34.877,False,200,
1787722198.4078922,managed,10.0,10.0,40.653,False,200,
1787722198.5078921,managed,10.0,10.0,35.844,False,200,
1787722198.607892,managed,10.0,10.0,42.347,False,200,
1787722198.7078922,managed,10.0,10.0,26.565,False,200,
1787722198.807892,managed,10.0,10.0,30.313,False,200,
1787722198.9078922,managed,10.0,10.0,38.733,False,200,
1787722199.0078921,managed,10.0,10.0,27.651,False,200,
1787722199.107892,managed,10.0,10.0,31.392,False,200,
1787722199.2078922,managed,10.0,10.0,33.913,False,200,
1787722199.307892,managed,10.0,10.0,43.412,False,200,
1787722199.4078922,managed,10.0,10.0,32.905,False,200,
1787722199.5078921,managed,10.0,10.0,33.427,False,200,
1787722199.607892,managed,10.0,10.0,29.349,False,200,
1787722199.7078922,managed,10.0,10.0,34.008,False,200,
1787722199.807892,managed,10.0,10.0,35.281,False,200,
1787722199.9078922,managed,10.0,10.0,40.538,False,200,
1787722200.0078921,managed,10.0,10.0,40.71,False,200,
1787722200.107892,managed,10.0,10.0,37.975,False,200,
1787722200.2078922,managed,10.0,10.0,38.822,False,200,
1787722200.307892,managed,10.0,10.0,34.444,False,200,
1787722200.4078922,managed,10.0,10.0,31.842,False,200,
1787722200.5078921,managed,10.0,10.0,34.76,False,200,
1787722200.607892,managed,10.0,10.0,34.462,False,200,
1787722200.7078922,managed,10.0,10.0,38.193,False,200,
1787722200.807892,managed,10.0,10.0,33.488,False,200,
1787722200.9078922,managed,10.0,10.0,34.566,False,200,
1787722201.0078921,managed,10.0,10.0,24.972,False,200,
1787722201.107892,managed,10.0,10.0,26.695,False,200,
1787722201.2078922,managed,10.0,10.0,35.598,False,200,
1787722201.307892,managed,10.0,10.0,39.245,False,200,
1787722201.4078922,managed,10.0,10.0,28.454,False,200,
1787722201.5078921,managed,10.0,10.0,41.321,False,200,
1787722201.607892,managed,10.0,10.0,35.157,False,200,
1787722201.7078922,managed,10.0,10.0,36.269,False,200,
1787722201.807892,managed,10.0,10.0,33.053,False,200,
1787722201.9078922,managed,10.0,10.0,32.208,False,200,
1787722202.0078921,managed,10.0,10.0,37.959,False,200,
1787722202.107892,managed,10.0,10.0,30.657,False,200,
1787722202.2078922,managed,10.0,10.0,34.993,False,200,
1787722202.307892,managed,10.0,10.0,41.342,False,200,
1787722202.4078922,managed,10.0,10.0,34.146,False,200,
1787722202.5078921,managed,10.0,10.0,37.009,False,200,
1787722202.607892,managed,10.0,10.0,29.631,False,200,
1787722202.7078922,managed,10.0,10.0,36.063,False,200,
1787722202.807892,managed,10.0,10.0,34.333,False,200,
1787722202.9078922,managed,10.0,10.0,38.751,False,200,
1787722203.0078921,managed,10.0,10.0,46.607,False,200,
1787722203.107892,managed,10.0,10.0,33.767,False,200,
1787722203.2078922,managed,10.0,10.0,44.517,False,200,
1787722203.307892,managed,10.0,10.0,30.699,False,200,
1787722203.4078922,managed,10.0,10.0,39.389,False,200,
1787722203.5078921,managed,10.0,10.0,30.449,False,200,
1787722203.607892,managed,10.0,10.0,33.364,False,200,
1787722203.7078922,managed,10.0,10.0,44.377,False,200,
1787722203.807892,managed,10.0,10.0,31.414,False,200,
1787722203.9078922,managed,10.0,10.0,32.293,False,200,
1787722204.0078921,managed,10.0,10.0,44.421,False,200,
1787722204.107892,managed,10.0,10.0,32.997,False,200,
1787722204.2078922,managed,10.0,10.0,39.54,False,200,
1787722204.307892,managed,10.0,10.0,35.579,False,200,
1787722204.4078922,managed,10.0,10.0,46.126,False,200,
1787722204.5078921,managed,10.0,10.0,36.669,False,200,
1787722204.607892,managed,10.0,10.0,36.931,False,200,
1787722204.7078922,managed,10.0,10.0,33.967,False,200,
1787722204.807892,managed,10.0,10.0,33.122,False,200,
1787722204.9078922,managed,10.0,10.0,41.584,False,200,
1787722205.0078921,managed,10.0,10.0,32.058,False,200,
1787722205.107892,managed,10.0,10.0,38.535,False,200,
1787722205.2078922,managed,10.0,10.0,32.516,False,200,
1787722205.307892,managed,10.0,10.0,31.343,False,200,
1787722205.4078922,managed,10.0,10.0,36.265,False,200,
1787722205.5078921,managed,10.0,10.0,29.214,False,200,
1787722205.607892,managed,10.0,10.0,31.798,False,200,
1787722205.7078922,managed,10.0,10.0,30.059,False,200,
1787722205.807892,managed,10.0,10.0,31.044,False,200,
1787722205.9078922,managed,10.0,10.0,29.225,False,200,
1787722206.0078921,managed,10.0,10.0,26.271,False,200,
1787722206.107892,managed,10.0,10.0,32.835,False,200,
1787722206.2078922,managed,10.0,10.0,35.705,False,200,
1787722206.307892,managed,10.0,10.0,33.38,False,200,
1787722206.4078922,managed,10.0,10.0,26.368,False,200,
1787722206.5078921,managed,10.0,10.0,41.834,False,200,
1787722206.607892,managed,10.0,10.0,33.15,False,200,
1787722206.7078922,managed,10.0,10.0,31.79,False,200,
1787722206.807892,managed,10.0,10.0,33.253,False,200,
1787722206.9078922,managed,10.0,10.0,36.869,False,200,
1787722207.0078921,managed,10.0,10.0,29.912,False,200,
1787722207.107892,managed,10.0,10.0,41.483,False,200,
1787722207.2078922,managed,10.0,10.0,40.21,False,200,
1787722207.307892,managed,10.0,10.0,30.213,False,200,
1787722207.4078922,managed,10.0,10.0,32.758,False,200,
1787722207.5078921,managed,10.0,10.0,42.338,False,200,
1787722207.607892,managed,10.0,10.0,36.914,False,200,
1787722207.7078922,managed,10.0,10.0,40.728,False,200,
1787722207.807892,managed,10.0,10.0,37.973,False,200,
1787722207.9078922,managed,10.0,10.0,45.067,False,200,
1787722208.0078921,managed,10.0,10.0,31.717,False,200,
1787722208.107892,managed,10.0,10.0,44.978,False,200,
1787722208.2078922,managed,10.0,10.0,39.09,False,200,
1787722208.307892,managed,10.0,10.0,37.382,False,200,
1787722208.4078922,managed,10.0,10.0,43.599,False,200,
1787722208.5078921,managed,10.0,10.0,33.156,False,200,
1787722208.607892,managed,10.0,10.0,35.405,False,200,
1787722208.7078922,managed,10.0,10.0,35.581,False,200,
1787722208.807892,managed,10.0,10.0,40.277,False,200,
1787722208.9078922,managed,10.0,10.0,33.13,False,200,
1787722209.0078921,managed,10.0,10.0,27.616,False,200,
1787722209.107892,managed,10.0,10.0,23.285,False,200,
1787722209.2078922,managed,10.0,10.0,34.459,False,200,
1787722209.307892,managed,10.0,10.0,43.604,False,200,
1787722209.4078922,managed,10.0,10.0,28.023,False,200,
1787722209.5078921,managed,10.0,10.0,24.442,False,200,
1787722209.607892,managed,10.0,10.0,33.649,False,200,
1787722209.7078922,managed,10.0,10.0,32.326,False,200,
1787722209.807892,managed,10.0,10.0,38.935,False,200,
1787722209.9078922,managed,10.0,10.0,31.748,False,200,
1787722210.0078921,managed,10.0,10.0,34.13,False,200,
1787722210.107892,managed,10.0,10.0,35.463,False,200,
1787722210.2078922,managed,10.0,10.0,37.234,False,200,
1787722210.307892,managed,10.0,10.0,25.234,False,200,
1787722210.4078922,managed,10.0,10.0,34.08,False,200,
1787722210.5078921,managed,10.0,10.0,38.523,False,200,
1787722210.607892,managed,10.0,10.0,36.429,False,200,
1787722210.7078922,managed,10.0,10.0,28.797,False,200,
1787722210.807892,managed,10.0,10.0,33.3,False,200,
1787722210.9078922,managed,10.0,10.0,24.711,False,200,
1787722211.0078921,managed,10.0,10.0,40.313,False,200,
1787722211.107892,managed,10.0,10.0,40.996,False,200,
1787722211.2078922,managed,10.0,10.0,51.138,False,200,
1787722211.307892,managed,10.0,10.0,25.297,False,200,
1787722211.4078922,managed,10.0,10.0,30.235,False,200,
1787722211.5078921,managed,10.0,10.0,32.646,False,200,
1787722211.607892,managed,10.0,10.0,30.634,False,200,
1787722211.7078922,managed,10.0,10.0,40.067,False,200,
1787722211.807892,managed,10.0,10.0,41.276,False,200,
1787722211.9078922,managed,10.0,10.0,39.022,False,200,
1787722212.0078921,managed,10.0,10.0,46.508,False,200,
1787722212.107892,managed,10.0,10.0,35.525,False,200,
1787722212.2078922,managed,10.0,10.0,35.915,False,200,
1787722212.307892,managed,10.0,10.0,42.961,False,200,
1787722212.4078922,managed,10.0,10.0,23.716,False,200,
1787722212.5078921,managed,10.0,10.0,36.575,False,200,
1787722212.607892,managed,10.0,10.0,30.746,False,200,
1787722212.7078922,managed,10.0,10.0,37.058,False,200,
1787722212.807892,managed,10.0,10.0,36.181,False,200,
1787722212.9078922,managed,10.0,10.0,36.755,False,200,
1787722213.0078921,managed,10.0,10.0,40.402,False,200,
1787722213.107892,managed,10.0,10.0,32.183,False,200,
1787722213.2078922,managed,10.0,10.0,28.075,False,200,
1787722213.307892,managed,10.0,10.0,41.721,False,200,
1787722213.4078922,managed,10.0,10.0,31.145,False,200,
1787722213.5078921,managed,10.0,10.0,31.085,False,200,
1787722213.607892,managed,10.0,10.0,36.127,False,200,
1787722213.7078922,managed,10.0,10.0,36.238,False,200,
1787722213.807892,managed,10.0,10.0,35.44,False,200,
1787722213.9078922,managed,10.0,10.0,36.46,False,200,
1787722214.0078921,managed,10.0,10.0,31.81,False,200,
1787722214.107892,managed,10.0,10.0,28.141,False,200,
1787722214.2078922,managed,10.0,10.0,47.1,False,200,
1787722214.307892,managed,10.0,10.0,35.429,False,200,
1787722214.4078922,managed,10.0,10.0,34.201,False,200,
1787722214.5078921,managed,10.0,10.0,31.839,False,200,
1787722214.607892,managed,10.0,10.0,43.079,False,200,
1787722214.7078922,managed,10.0,10.0,22.548,False,200,
1787722214.807892,managed,10.0,10.0,39.955,False,200,
1787722214.9078922,managed,10.0,10.0,33.809,False,200,
1787722215.0078921,managed,10.0,10.0,35.157,False,200,
1787722215.107892,managed,10.0,10.0,35.127,False,200,
1787722215.2078922,managed,10.0,10.0,37.12,False,200,
1787722215.307892,managed,10.0,10.0,31.961,False,200,
1787722215.4078922,managed,10.0,10.0,32.479,False,200,
1787722215.5078921,managed,10.0,10.0,41.149,False,200,
1787722215.607892,managed,10.0,10.0,31.222,False,200,
1787722215.7078922,managed,10.0,10.0,27.44,False,200,
1787722215.807892,managed,10.0,10.0,28.488,False,200,
1787722215.9078922,managed,10.0,10.0,28.058,False,200,
1787722216.0078921,managed,10.0,10.0,27.073,False,200,
1787722216.107892,managed,10.0,10.0,29.253,False,200,
1787722216.2078922,managed,10.0,10.0,40.401,False,200,
1787722216.307892,managed,10.0,10.0,39.078,False,200,
1787722216.4078922,managed,10.0,10.0,33.75,False,200,
1787722216.5078921,managed,10.0,10.0,28.059,False,200,
1787722216.607892,managed,10.0,10.0,37.393,False,200,
1787722216.7078922,managed,10.0,10.0,37.87,False,200,
1787722216.807892,managed,10.0,10.0,36.833,False,200,
1787722216.9078922,managed,10.0,10.0,34.025,False,200,
1787722217.0078921,managed,10.0,10.0,26.707,False,200,
1787722217.107892,managed,10.0,10.0,31.403,False,200,
1787722217.2078922,managed,10.0,10.0,36.62,False,200,
1787722217.307892,managed,10.0,10.0,28.028,False,200,
1787722217.4078922,managed,10.0,10.0,33.696,False,200,
1787722217.5078921,managed,10.0,10.0,34.266,False,200,
1787722217.607892,managed,10.0,10.0,46.082,False,200,
1787722217.7078922,managed,10.0,10.0,42.618,False,200,
1787722217.807892,managed,10.0,10.0,31.244,False,200,
1787722217.9078922,managed,10.0,10.0,29.259,False,200,
1787722218.0078921,managed,10.0,10.0,34.574,False,200,
1787722218.107892,managed,10.0,10.0,37.007,False,200,
1787722218.2078922,managed,10.0,10.0,36.676,False,200,
1787722218.307892,managed,10.0,10.0,29.046,False,200,
1787722218.4078922,managed,10.0,10.0,29.406,False,200,
1787722218.5078921,managed,10.0,10.0,39.992,False,200,
1787722218.607892,managed,10.0,10.0,38.946,False,200,
1787722218.7078922,managed,10.0,10.0,33.48,False,200,
1787722218.807892,managed,10.0,10.0,28.442,False,200,
1787722218.9078922,managed,10.0,10.0,37.689,False,200,
1787722219.0078921,managed,10.0,10.0,32.639,False,200,
1787722219.107892,managed,10.0,10.0,29.682,False,200,
1787722219.2078922,managed,10.0,10.0,36.837,False,200,
1787722219.307892,managed,10.0,10.0,33.93,False,200,
1787722219.4078922,managed,10.0,10.0,34.17,False,200,
1787722219.5078921,managed,10.0,10.0,38.387,False,200,
1787722219.607892,managed,10.0,10.0,35.445,False,200,
1787722219.7078922,managed,10.0,10.0,29.035,False,200,
1787722219.807892,managed,10.0,10.0,32.418,False,200,
1787722219.9078922,managed,10.0,10.0,35.328,False,200,
1787722220.0078921,managed,10.0,10.0,35.199,False,200,
1787722220.107892,managed,10.0,10.0,39.593,False,200,
1787722220.2078922,managed,10.0,10.0,38.702,False,200,
1787722220.307892,managed,10.0,10.0,36.932,False,200,
1787722220.4078922,managed,10.0,10.0,33.679,False,200,
1787722220.5078921,managed,10.0,10.0,29.114,False,200,
1787722220.607892,managed,10.0,10.0,38.862,False,200,
1787722220.7078922,managed,10.0,10.0,37.67,False,200,
1787722220.807892,managed,10.0,10.0,33.546,False,200,
1787722220.9078922,managed,10.0,10.0,31.084,False,200,
1787722221.0078921,managed,10.0,10.0,37.81,False,200,
1787722221.107892,managed,10.0,10.0,36.412,False,200,
1787722221.2078922,managed,10.0,10.0,41.796,False,200,
1787722221.307892,managed,10.0,10.0,33.153,False,200,
1787722221.4078922,managed,10.0,10.0,34.77,False,200,
1787722221.5078921,managed,10.0,10.0,35.52,False,200,
1787722221.607892,managed,10.0,10.0,32.126,False,200,
1787722221.7078922,managed,10.0,10.0,39.247,False,200,
1787722221.807892,managed,10.0,10.0,31.761,False,200,
1787722221.9078922,managed,10.0,10.0,35.983,False,200,
1787722222.0078921,managed,10.0,10.0,36.823,False,200,
1787722222.107892,managed,10.0,10.0,41.856,False,200,
1787722222.2078922,managed,10.0,10.0,36.594,False,200,
1787722222.307892,managed,10.0,10.0,30.626,False,200,
1787722222.4078922,managed,10.0,10.0,39.772,False,200,
1787722222.5078921,managed,10.0,10.0,29.937,False,200,
1787722222.607892,managed,10.0,10.0,38.832,False,200,
1787722222.7078922,managed,10.0,10.0,45.241,False,200,
1787722222.807892,managed,10.0,10.0,27.754,False,200,
1787722222.9078922,managed,10.0,10.0,32.968,False,200,
1787722223.0078921,managed,10.0,10.0,37.24,False,200,
1787722223.107892,managed,10.0,10.0,28.748,False,200,
1787722223.2078922,managed,10.0,10.0,29.453,False,200,
1787722223.307892,managed,10.0,10.0,31.515,False,200,
1787722223.4078922,managed,10.0,10.0,39.055,False,200,
1787722223.5078921,managed,10.0,10.0,28.218,False,200,
1787722223.607892,managed,10.0,10.0,26.565,False,200,
1787722223.7078922,managed,10.0,10.0,34.09,False,200,
1787722223.807892,managed,10.0,10.0,30.173,False,200,
1787722223.9078922,managed,10.0,10.0,31.576,False,200,
1787722224.0078921,managed,10.0,10.0,33.871,False,200,
1787722224.107892,managed,10.0,10.0,37.497,False,200,
1787722224.2078922,managed,10.0,10.0,33.81,False,200,
1787722224.307892,managed,10.0,10.0,26.839,False,200,
1787722224.4078922,managed,10.0,10.0,32.353,False,200,
1787722224.5078921,managed,10.0,10.0,34.01,False,200,
1787722224.607892,managed,10.0,10.0,30.571,False,200,
1787722224.7078922,managed,10.0,10.0,34.716,False,200,
1787722224.807892,managed,10.0,10.0,41.888,False,200,
1787722224.9078922,managed,10.0,10.0,44.084,False,200,
1787722225.0078921,managed,10.0,10.0,31.95,False,200,
1787722225.107892,managed,10.0,10.0,35.801,False,200,
1787722225.2078922,managed,10.0,10.0,51.89,False,200,
1787722225.307892,managed,10.0,10.0,28.661,False,200,
1787722225.4078922,managed,10.0,10.0,31.036,False,200,
1787722225.5078921,managed,10.0,10.0,39.314,False,200,
1787722225.607892,managed,10.0,10.0,43.342,False,200,
1787722225.7078922,managed,10.0,10.0,27.824,False,200,
1787722225.807892,managed,10.0,10.0,37.727,False,200,
1787722225.9078922,managed,10.0,10.0,37.131,False,200,
1787722226.0078921,managed,10.0,10.0,31.474,False,200,
1787722226.107892,managed,10.0,10.0,45.261,False,200,
1787722226.2078922,managed,10.0,10.0,29.161,False,200,
1787722226.307892,managed,10.0,10.0,35.641,False,200,
1787722226.4078922,managed,10.0,10.0,29.846,False,200,
1787722226.5078921,managed,10.0,10.0,33.916,False,200,
1787722226.607892,managed,10.0,10.0,46.008,False,200,
1787722226.7078922,managed,10.0,10.0,43.952,False,200,
1787722226.807892,managed,10.0,10.0,37.63,False,200,
1787722226.9078922,managed,10.0,10.0,26.124,False,200,
1787722227.0078921,managed,10.0,10.0,23.986,False,200,
1787722227.107892,managed,10.0,10.0,45.242,False,200,
1787722227.2078922,managed,10.0,10.0,33.133,False,200,
1787722227.307892,managed,10.0,10.0,33.857,False,200,
1787722227.4078922,managed,10.0,10.0,27.78,False,200,
1787722227.5078921,managed,10.0,10.0,37.75,False,200,
1787722227.607892,managed,10.0,10.0,36.67,False,200,
1787722227.7078922,managed,10.0,10.0,31.563,False,200,
1787722227.807892,managed,10.0,10.0,41.273,False,200,
1787722227.9078922,managed,10.0,10.0,44.498,False,200,
1787722228.0078921,managed,10.0,10.0,32.618,False,200,
1787722228.107892,managed,10.0,10.0,31.318,False,200,
1787722228.2078922,managed,10.0,10.0,35.45,False,200,
1787722228.307892,managed,10.0,10.0,39.379,False,200,
1787722228.4078922,managed,10.0,10.0,29.275,False,200,
1787722228.5078921,managed,10.0,10.0,28.333,False,200,
1787722228.607892,managed,10.0,10.0,37.984,False,200,
1787722228.7078922,managed,10.0,10.0,27.719,False,200,
1787722228.807892,managed,10.0,10.0,41.04,False,200,
1787722228.9078922,managed,10.0,10.0,48.819,False,200,
1787722229.0078921,managed,10.0,10.0,30.633,False,200,
1787722229.107892,managed,10.0,10.0,29.2,False,200,
1787722229.2078922,managed,10.0,10.0,27.747,False,200,
1787722229.307892,managed,10.0,10.0,43.988,False,200,
1787722229.4078922,managed,10.0,10.0,33.503,False,200,
1787722229.5078921,managed,10.0,10.0,34.492,False,200,
1787722229.607892,managed,10.0,10.0,36.082,False,200,
1787722229.7078922,managed,10.0,10.0,37.029,False,200,
1787722229.807892,managed,10.0,10.0,27.733,False,200,
1787722229.9078922,managed,10.0,10.0,36.249,False,200,
1787722230.0078921,managed,10.0,10.0,30.446,False,200,
1787722230.107892,managed,10.0,10.0,36.596,False,200,
1787722230.2078922,managed,10.0,10.0,33.356,False,200,
1787722230.307892,managed,10.0,10.0,35.499,False,200,
1787722230.4078922,managed,10.0,10.0,34.62,False,200,
1787722230.5078921,managed,10.0,10.0,26.978,False,200,
1787722230.607892,managed,10.0,10.0,37.871,False,200,
1787722230.7078922,managed,10.0,10.0,31.862,False,200,
1787722230.807892,managed,10.0,10.0,38.259,False,200,
1787722230.9078922,managed,10.0,10.0,31.299,False,200,
1787722231.0078921,managed,10.0,10.0,36.045,False,200,
1787722231.107892,managed,10.0,10.0,37.464,False,200,
1787722231.2078922,managed,10.0,10.0,35.398,False,200,
1787722231.307892,managed,10.0,10.0,34.896,False,200,
1787722231.4078922,managed,10.0,10.0,32.131,False,200,
1787722231.5078921,managed,10.0,10.0,31.662,False,200,
1787722231.607892,managed,10.0,10.0,30.753,False,200,
1787722231.7078922,managed,10.0,10.0,37.292,False,200,
1787722231.807892,managed,10.0,10.0,40.508,False,200,
1787722231.9078922,managed,10.0,10.0,35.758,False,200,
1787722232.0078921,managed,10.0,10.0,27.653,False,200,
1787722232.107892,managed,10.0,10.0,31.877,False,200,
1787722232.2078922,managed,10.0,10.0,30.834,False,200,
1787722232.307892,managed,10.0,10.0,37.884,False,200,
1787722232.4078922,managed,10.0,10.0,33.971,False,200,
1787722232.5078921,managed,10.0,10.0,38.979,False,200,
1787722232.607892,managed,10.0,10.0,31.624,False,200,
1787722232.7078922,managed,10.0,10.0,35.573,False,200,
1787722232.807892,managed,10.0,10.0,33.113,False,200,
1787722232.9078922,managed,10.0,10.0,37.472,False,200,
1787722233.0078921,managed,10.0,10.0,38.319,False,200,
1787722233.107892,managed,10.0,10.0,30.394,False,200,
1787722233.2078922,managed,10.0,10.0,37.9,False,200,
1787722233.307892,managed,10.0,10.0,33.352,False,200,
1787722233.4078922,managed,10.0,10.0,35.075,False,200,
1787722233.5078921,managed,10.0,10.0,30.44,False,200,
1787722233.607892,managed,10.0,10.0,35.849,False,200,
1787722233.7078922,managed,10.0,10.0,35.895,False,200,
1787722233.807892,managed,10.0,10.0,35.055,False,200,
1787722233.9078922,managed,10.0,10.0,31.51,False,200,
1787722234.0078921,managed,10.0,10.0,46.054,False,200,
1787722234.107892,managed,10.0,10.0,23.182,False,200,
1787722234.2078922,managed,10.0,10.0,34.458,False,200,
1787722234.307892,managed,10.0,10.0,32.481,False,200,
1787722234.4078922,managed,10.0,10.0,32.14,False,200,
1787722234.5078921,managed,10.0,10.0,43.346,False,200,
1787722234.607892,managed,10.0,10.0,34.171,False,200,
1787722234.7078922,managed,10.0,10.0,30.336,False,200,
1787722234.807892,managed,10.0,10.0,30.106,False,200,
1787722234.9078922,managed,10.0,10.0,33.807,False,200,
1787722235.0078921,managed,10.0,10.0,43.522,False,200,
1787722235.107892,managed,10.0,10.0,44.514,False,200,
1787722235.2078922,managed,10.0,10.0,40.368,False,200,
1787722235.307892,managed,10.0,10.0,32.497,False,200,
1787722235.4078922,managed,10.0,10.0,30.982,False,200,
1787722235.5078921,managed,10.0,10.0,37.045,False,200,
1787722235.607892,managed,10.0,10.0,38.967,False,200,
1787722235.7078922,managed,10.0,10.0,32.549,False,200,
1787722235.807892,managed,10.0,10.0,32.512,False,200,
1787722235.9078922,managed,10.0,10.0,28.418,False,200,
1787722236.0078921,managed,10.0,10.0,34.654,False,200,
1787722236.107892,managed,10.0,10.0,28.212,False,200,
1787722236.2078922,managed,10.0,10.0,37.967,False,200,
1787722236.307892,managed,10.0,10.0,37.103,False,200,
1787722236.4078922,managed,10.0,10.0,34.397,False,200,
1787722236.5078921,managed,10.0,10.0,32.278,False,200,
1787722236.607892,managed,10.0,10.0,29.541,False,200,
1787722236.7078922,managed,10.0,10.0,40.858,False,200,
1787722236.807892,managed,10.0,10.0,37.457,False,200,
1787722236.9078922,managed,10.0,10.0,42.655,False,200,
1787722237.0078921,managed,10.0,10.0,36.916,False,200,
1787722237.107892,managed,10.0,10.0,34.008,False,200,
1787722237.2078922,managed,10.0,10.0,34.831,False,200,
1787722237.307892,managed,10.0,10.0,29.835,False,200,
1787722237.4078922,managed,10.0,10.0,32.882,False,200,
1787722237.5078921,managed,10.0,10.0,34.211,False,200,
1787722237.607892,managed,10.0,10.0,33.36,False,200,
1787722237.7078922,managed,10.0,10.0,36.001,False,200,
1787722237.807892,managed,10.0,10.0,40.194,False,200,
1787722237.9078922,managed,10.0,10.0,33.021,False,200,
1787722238.0078921,managed,10.0,10.0,33.401,False,200,
1787722238.107892,managed,10.0,10.0,33.579,False,200,
1787722238.2078922,managed,10.0,10.0,42.802,False,200,
1787722238.307892,managed,10.0,10.0,37.564,False,200,
1787722238.4078922,managed,10.0,10.0,33.058,False,200,
1787722238.5078921,managed,10.0,10.0,39.133,False,200,
1787722238.607892,managed,10.0,10.0,36.231,False,200,
1787722238.7078922,managed,10.0,10.0,39.467,False,200,
1787722238.807892,managed,10.0,10.0,37.579,False,200,
1787722238.9078922,managed,10.0,10.0,32.172,False,200,
1787722239.0078921,managed,10.0,10.0,45.757,False,200,
1787722239.107892,managed,10.0,10.0,43.715,False,200,
1787722239.2078922,managed,10.0,10.0,29.805,False,200,
1787722239.307892,managed,10.0,10.0,39.194,False,200,
1787722239.4078922,managed,10.0,10.0,43.063,False,200,
1787722239.5078921,managed,10.0,10.0,46.167,False,200,
1787722239.607892,managed,10.0,10.0,30.965,False,200,
1787722239.7078922,managed,10.0,10.0,37.682,False,200,
1787722239.807892,managed,10.0,10.0,37.596,False,200,
1787722239.9078922,managed,10.0,10.0,44.789,False,200,
1787722240.0078921,managed,10.0,10.0,28.259,False,200,
1787722240.107892,managed,10.0,10.0,36.931,False,200,
1787722240.2078922,managed,10.0,10.0,35.357,False,200,
1787722240.307892,managed,10.0,10.0,38.517,False,200,
1787722240.4078922,managed,10.0,10.0,38.727,False,200,
1787722240.5078921,managed,10.0,10.0,33.148,False,200,
1787722240.607892,managed,10.0,10.0,31.061,False,200,
1787722240.7078922,managed,10.0,10.0,31.229,False,200,
1787722240.807892,managed,10.0,10.0,33.906,False,200,
1787722240.9078922,managed,10.0,10.0,30.598,False,200,
1787722241.0078921,managed,10.0,10.0,34.149,False,200,
1787722241.107892,managed,10.0,10.0,33.996,False,200,
1787722241.2078922,managed,10.0,10.0,38.947,False,200,
1787722241.307892,managed,10.0,10.0,30.681,False,200,
1787722241.4078922,managed,10.0,10.0,43.702,False,200,
1787722241.5078921,managed,10.0,10.0,32.587,False,200,
1787722241.607892,managed,10.0,10.0,41.01,False,200,
1787722241.7078922,managed,10.0,10.0,38.306,False,200,
1787722241.807892,managed,10.0,10.0,34.74,False,200,
1787722241.9078922,managed,10.0,10.0,38.839,False,200,
1787722242.0078921,managed,10.0,10.0,35.124,False,200,
1787722242.107892,managed,10.0,10.0,41.651,False,200,
1787722242.2078922,managed,10.0,10.0,34.28,False,200,
1787722242.307892,managed,10.0,10.0,36.751,False,200,
1787722242.4078922,managed,10.0,10.0,32.886,False,200,
1787722242.5078921,managed,10.0,10.0,33.571,False,200,
1787722242.607892,managed,10.0,10.0,41.403,False,200,
1787722242.7078922,managed,10.0,10.0,47.643,False,200,
1787722242.807892,managed,10.0,10.0,29.612,False,200,
1787722242.9078922,managed,10.0,10.0,33.149,False,200,
1787722243.0078921,managed,10.0,10.0,31.474,False,200,
1787722243.107892,managed,10.0,10.0,37.93,False,200,
1787722243.2078922,managed,10.0,10.0,39.385,False,200,
1787722243.307892,managed,10.0,10.0,33.328,False,200,
1787722243.4078922,managed,10.0,10.0,35.654,False,200,
1787722243.5078921,managed,10.0,10.0,37.532,False,200,
1787722243.607892,managed,10.0,10.0,33.676,False,200,
1787722243.7078922,managed,10.0,10.0,28.545,False,200,
1787722243.807892,managed,10.0,10.0,39.811,False,200,
1787722243.9078922,managed,10.0,10.0,34.844,False,200,
1787722244.0078921,managed,10.0,10.0,40.392,False,200,
1787722244.107892,managed,10.0,10.0,34.818,False,200,
1787722244.2078922,managed,10.0,10.0,33.476,False,200,
1787722244.307892,managed,10.0,10.0,27.178,False,200,
1787722244.4078922,managed,10.0,10.0,32.413,False,200,
1787722244.5078921,managed,10.0,10.0,41.206,False,200,
1787722244.607892,managed,10.0,10.0,41.761,False,200,
1787722244.7078922,managed,10.0,10.0,29.324,False,200,
1787722244.807892,managed,10.0,10.0,39.919,False,200,
1787722244.9078922,managed,10.0,10.0,38.312,False,200,
1787722245.0078921,managed,10.0,10.0,33.045,False,200,
1787722245.107892,managed,10.0,10.0,34.551,False,200,
1787722245.2078922,managed,10.0,10.0,42.955,False,200,
1787722245.307892,managed,10.0,10.0,37.741,False,200,
1787722245.4078922,managed,10.0,10.0,37.186,False,200,
1787722245.5078921,managed,10.0,10.0,38.255,False,200,
1787722245.607892,managed,10.0,10.0,32.379,False,200,
1787722245.7078922,managed,10.0,10.0,36.78,False,200,
1787722245.807892,managed,10.0,10.0,38.783,False,200,
1787722245.9078922,managed,10.0,10.0,42.713,False,200,
1787722246.0078921,managed,10.0,10.0,31.398,False,200,
1787722246.107892,managed,10.0,10.0,29.887,False,200,
1787722246.2078922,managed,10.0,10.0,44.76,False,200,
1787722246.307892,managed,10.0,10.0,35.048,False,200,
1787722246.4078922,managed,10.0,10.0,31.077,False,200,
1787722246.5078921,managed,10.0,10.0,40.961,False,200,
1787722246.607892,managed,10.0,10.0,28.508,False,200,
1787722246.7078922,managed,10.0,10.0,34.765,False,200,
1787722246.807892,managed,10.0,10.0,24.785,False,200,
1787722246.9078922,managed,10.0,10.0,32.138,False,200,
1787722247.0078921,managed,10.0,10.0,34.676,False,200,
1787722247.107892,managed,10.0,10.0,37.372,False,200,
1787722247.2078922,managed,10.0,10.0,36.414,False,200,
1787722247.307892,managed,10.0,10.0,32.007,False,200,
1787722247.4078922,managed,10.0,10.0,34.576,False,200,
1787722247.5078921,managed,10.0,10.0,25.242,False,200,
1787722247.607892,managed,10.0,10.0,41.546,False,200,
1787722247.7078922,managed,10.0,10.0,44.507,False,200,
1787722247.807892,managed,10.0,10.0,42.614,False,200,
1787722247.9078922,managed,10.0,10.0,34.436,False,200,
1787722248.0078921,managed,10.0,10.0,37.437,False,200,
1787722248.107892,managed,10.0,10.0,33.135,False,200,
1787722248.2078922,managed,10.0,10.0,41.229,False,200,
1787722248.307892,managed,10.0,10.0,29.93,False,200,
1787722248.4078922,managed,10.0,10.0,24.956,False,200,
1787722248.5078921,managed,10.0,10.0,42.557,False,200,
1787722248.607892,managed,10.0,10.0,27.574,False,200,
1787722248.7078922,managed,10.0,10.0,35.88,False,200,
1787722248.807892,managed,10.0,10.0,41.645,False,200,
1787722248.9078922,managed,10.0,10.0,32.642,False,200,
1787722249.0078921,managed,10.0,10.0,30.602,False,200,
1787722249.107892,managed,10.0,10.0,30.608,False,200,
1787722249.2078922,managed,10.0,10.0,32.921,False,200,
1787722249.307892,managed,10.0,10.0,33.045,False,200,
1787722249.4078922,managed,10.0,10.0,32.955,False,200,
1787722249.5078921,managed,10.0,10.0,33.169,False,200,
1787722249.607892,managed,10.0,10.0,37.797,False,200,
1787722249.7078922,managed,10.0,10.0,34.364,False,200,
1787722249.807892,managed,10.0,10.0,30.433,False,200,
1787722249.9078922,managed,10.0,10.0,34.5,False,200,
1787722250.0078921,managed,10.0,10.0,41.412,False,200,
1787722250.107892,managed,10.0,10.0,33.338,False,200,
1787722250.2078922,managed,10.0,10.0,51.582,False,200,
1787722250.307892,managed,10.0,10.0,39.828,False,200,
1787722250.4078922,managed,10.0,10.0,38.365,False,200,
1787722250.5078921,managed,10.0,10.0,30.944,False,200,
1787722250.607892,managed,10.0,10.0,27.384,False,200,
1787722250.7078922,managed,10.0,10.0,28.489,False,200,
1787722250.807892,managed,10.0,10.0,29.661,False,200,
1787722250.9078922,managed,10.0,10.0,34.216,False,200,
1787722251.0078921,managed,10.0,10.0,37.665,False,200,
1787722251.107892,managed,10.0,10.0,32.027,False,200,
1787722251.2078922,managed,10.0,10.0,32.761,False,200,
1787722251.307892,managed,10.0,10.0,35.165,False,200,
1787722251.4078922,managed,10.0,10.0,44.55,False,200,
1787722251.5078921,managed,10.0,10.0,32.3,False,200,
1787722251.607892,managed,10.0,10.0,37.651,False,200,
1787722251.7078922,managed,10.0,10.0,44.802,False,200,
1787722251.807892,managed,10.0,10.0,30.952,False,200,
1787722251.9078922,managed,10.0,10.0,31.383,False,200,
1787722252.0078921,managed,10.0,10.0,37.828,False,200,
1787722252.107892,managed,10.0,10.0,40.238,False,200,
1787722252.2078922,managed,10.0,10.0,34.29,False,200,
1787722252.307892,managed,10.0,10.0,44.385,False,200,
1787722252.4078922,managed,10.0,10.0,31.627,False,200,
1787722252.5078921,managed,10.0,10.0,31.057,False,200,
1787722252.607892,managed,10.0,10.0,31.947,False,200,
1787722252.7078922,managed,10.0,10.0,34.002,False,200,
1787722252.807892,managed,10.0,10.0,42.791,False,200,
1787722252.9078922,managed,10.0,10.0,30.228,False,200,
1787722253.0078921,managed,10.0,10.0,36.293,False,200,
1787722253.107892,managed,10.0,10.0,26.178,False,200,
1787722253.2078922,managed,10.0,10.0,47.69,False,200,
1787722253.307892,managed,10.0,10.0,30.362,False,200,
1787722253.4078922,managed,10.0,10.0,41.443,False,200,
1787722253.5078921,managed,10.0,10.0,25.847,False,200,
1787722253.607892,managed,10.0,10.0,37.101,False,200,
1787722253.7078922,managed,10.0,10.0,33.455,False,200,
1787722253.807892,managed,10.0,10.0,35.687,False,200,
1787722253.9078922,managed,10.0,10.0,27.805,False,200,
1787722254.0078921,managed,10.0,10.0,34.125,False,200,
1787722254.107892,managed,10.0,10.0,33.113,False,200,
1787722254.2078922,managed,10.0,10.0,43.498,False,200,
1787722254.307892,managed,10.0,10.0,30.783,False,200,
1787722254.4078922,managed,10.0,10.0,37.115,False,200,
1787722254.5078921,managed,10.0,10.0,37.643,False,200,
1787722254.607892,managed,10.0,10.0,27.005,False,200,
1787722254.7078922,managed,10.0,10.0,39.201,False,200,
1787722254.807892,managed,10.0,10.0,34.309,False,200,
1787722254.9078922,managed,10.0,10.0,37.655,False,200,
1787722255.0078921,managed,10.0,10.0,36.725,False,200,
1787722255.107892,managed,10.0,10.0,40.03,False,200,
1787722255.2078922,managed,10.0,10.0,32.554,False,200,
1787722255.307892,managed,10.0,10.0,49.345,False,200,
1787722255.4078922,managed,10.0,10.0,34.795,False,200,
1787722255.5078921,managed,10.0,10.0,29.345,False,200,
1787722255.607892,managed,10.0,10.0,34.945,False,200,
1787722255.7078922,managed,10.0,10.0,38.339,False,200,
1787722255.807892,managed,10.0,10.0,28.986,False,200,
1787722255.9078922,managed,10.0,10.0,25.135,False,200,
1787722256.0078921,managed,10.0,10.0,31.287,False,200,
1787722256.107892,managed,10.0,10.0,33.398,False,200,
1787722256.2078922,managed,10.0,10.0,32.372,False,200,
1787722256.307892,managed,10.0,10.0,34.913,False,200,
1787722256.4078922,managed,10.0,10.0,37.653,False,200,
1787722256.5078921,managed,10.0,10.0,40.186,False,200,
1787722256.607892,managed,10.0,10.0,37.469,False,200,
1787722256.7078922,managed,10.0,10.0,33.708,False,200,
1787722256.807892,managed,10.0,10.0,30.714,False,200,
1787722256.9078922,managed,10.0,10.0,34.082,False,200,
1787722257.0078921,managed,10.0,10.0,35.085,False,200,
1787722257.107892,managed,10.0,10.0,27.106,False,200,
1787722257.2078922,managed,10.0,10.0,35.346,False,200,
1787722257.307892,managed,10.0,10.0,29.636,False,200,
1787722257.4078922,managed,10.0,10.0,34.716,False,200,
1787722257.5078921,managed,10.0,10.0,32.713,False,200,
1787722257.607892,managed,10.0,10.0,33.752,False,200,
1787722257.7078922,managed,10.0,10.0,32.366,False,200,
1787722257.807892,managed,10.0,10.0,29.042,False,200,
1787722257.9078922,managed,10.0,10.0,33.959,False,200,
1787722258.0078921,managed,10.0,10.0,50.857,False,200,
1787722258.107892,managed,10.0,10.0,36.057,False,200,
1787722258.2078922,managed,10.0,10.0,32.776,False,200,
1787722258.307892,managed,10.0,10.0,32.097,False,200,
1787722258.4078922,managed,10.0,10.0,43.816,False,200,
1787722258.5078921,managed,10.0,10.0,41.467,False,200,
1787722258.607892,managed,10.0,10.0,39.111,False,200,
1787722258.7078922,managed,10.0,10.0,34.417,False,200,
1787722258.807892,managed,10.0,10.0,37.199,False,200,
1787722258.9078922,managed,10.0,10.0,35.216,False,200,
1787722259.0078921,managed,10.0,10.0,31.427,False,200,
1787722259.107892,managed,10.0,10.0,34.264,False,200,
1787722259.2078922,managed,10.0,10.0,35.204,False,200,
1787722259.307892,managed,10.0,10.0,34.8,False,200,
1787722259.4078922,managed,10.0,10.0,42.546,False,200,
1787722259.5078921,managed,10.0,10.0,35.627,False,200,
1787722259.607892,managed,10.0,10.0,29.182,False,200,
1787722259.7078922,managed,10.0,10.0,35.524,False,200,
1787722259.807892,managed,10.0,10.0,24.123,False,200,
1787722259.9078922,managed,10.0,10.0,30.827,False,200,
1787722260.0078921,managed,10.0,10.0,35.287,False,200,
1787722260.107892,managed,10.0,10.0,38.635,False,200,
1787722260.2078922,managed,10.0,10.0,30.24,False,200,
1787722260.307892,managed,10.0,10.0,48.279,False,200,
1787722260.4078922,managed,10.0,10.0,32.443,False,200,
1787722260.5078921,managed,10.0,10.0,29.253,False,200,
1787722260.607892,managed,10.0,10.0,44.425,False,200,
1787722260.7078922,managed,10.0,10.0,30.154,False,200,
1787722260.807892,managed,10.0,10.0,33.265,False,200,
1787722260.9078922,managed,10.0,10.0,41.663,False,200,
1787722261.0078921,managed,10.0,10.0,37.989,False,200,
1787722261.107892,managed,10.0,10.0,33.318,False,200,
1787722261.2078922,managed,10.0,10.0,42.556,False,200,
1787722261.307892,managed,10.0,10.0,37.545,False,200,
1787722261.4078922,managed,10.0,10.0,26.792,False,200,
1787722261.5078921,managed,10.0,10.0,32.523,False,200,
1787722261.607892,managed,10.0,10.0,29.408,False,200,
1787722261.7078922,managed,10.0,10.0,29.874,False,200,
1787722261.807892,managed,10.0,10.0,30.43,False,200,
1787722261.9078922,managed,10.0,10.0,52.549,False,200,
1787722262.0078921,managed,10.0,10.0,30.534,False,200,
1787722262.107892,managed,10.0,10.0,37.41,False,200,
1787722262.2078922,managed,10.0,10.0,30.382,False,200,
1787722262.307892,managed,10.0,10.0,37.19,False,200,
1787722262.4078922,managed,10.0,10.0,25.565,False,200,
1787722262.5078921,managed,10.0,10.0,34.921,False,200,
1787722262.607892,managed,10.0,10.0,39.532,False,200,
1787722262.7078922,managed,10.0,10.0,39.311,False,200,
1787722262.807892,managed,10.0,10.0,37.556,False,200,
1787722262.9078922,managed,10.0,10.0,33.03,False,200,
1787722263.0078921,managed,10.0,10.0,36.533,False,200,
1787722263.107892,managed,10.0,10.0,26.235,False,200,
1787722263.2078922,managed,10.0,10.0,27.444,False,200,
1787722263.307892,managed,10.0,10.0,28.292,False,200,
1787722263.4078922,managed,10.0,10.0,38.185,False,200,
1787722263.5078921,managed,10.0,10.0,32.207,False,200,
1787722263.607892,managed,10.0,10.0,31.235,False,200,
1787722263.7078922,managed,10.0,10.0,25.101,False,200,
1787722263.807892,managed,10.0,10.0,30.146,False,200,
1787722263.9078922,managed,10.0,10.0,27.186,False,200,
1787722264.0078921,managed,10.0,10.0,39.556,False,200,
1787722264.107892,managed,10.0,10.0,36.532,False,200,
1787722264.2078922,managed,10.0,10.0,33.375,False,200,
1787722264.307892,managed,10.0,10.0,33.855,False,200,
1787722264.4078922,managed,10.0,10.0,31.128,False,200,
1787722264.5078921,managed,10.0,10.0,30.7,False,200,
1787722264.607892,managed,10.0,10.0,38.796,False,200,
1787722264.7078922,managed,10.0,10.0,36.331,False,200,
1787722264.807892,managed,10.0,10.0,28.387,False,200,
1787722264.9078922,managed,10.0,10.0,33.994,False,200,
1787722265.0078921,managed,10.0,10.0,45.543,False,200,
1787722265.107892,managed,10.0,10.0,42.424,False,200,
1787722265.2078922,managed,10.0,10.0,26.902,False,200,
1787722265.307892,managed,10.0,10.0,39.451,False,200,
1787722265.4078922,managed,10.0,10.0,38.257,False,200,
1787722265.5078921,managed,10.0,10.0,36.306,False,200,
1787722265.607892,managed,10.0,10.0,31.833,False,200,
1787722265.7078922,managed,10.0,10.0,32.324,False,200,
1787722265.807892,managed,10.0,10.0,42.055,False,200,
1787722265.9078922,managed,10.0,10.0,38.306,False,200,
1787722266.0078921,managed,10.0,10.0,29.014,False,200,
1787722266.107892,managed,10.0,10.0,33.456,False,200,
1787722266.2078922,managed,10.0,10.0,39.92,False,200,
1787722266.307892,managed,10.0,10.0,29.233,False,200,
1787722266.4078922,managed,10.0,10.0,36.857,False,200,
1787722266.5078921,managed,10.0,10.0,30.653,False,200,
1787722266.607892,managed,10.0,10.0,39.82,False,200,
1787722266.7078922,managed,10.0,10.0,33.874,False,200,
1787722266.807892,managed,10.0,10.0,32.51,False,200,
1787722266.9078922,managed,10.0,10.0,34.839,False,200,
1787722267.0078921,managed,10.0,10.0,35.42,False,200,
1787722267.107892,managed,10.0,10.0,33.786,False,200,
1787722267.2078922,managed,10.0,10.0,35.083,False,200,
1787722267.307892,managed,10.0,10.0,30.327,False,200,
1787722267.4078922,managed,10.0,10.0,33.788,False,200,
1787722267.5078921,managed,10.0,10.0,34.721,False,200,
1787722267.607892,managed,10.0,10.0,26.504,False,200,
1787722267.7078922,managed,10.0,10.0,30.24,False,200,
1787722267.807892,managed,10.0,10.0,30.999,False,200,
1787722267.9078922,managed,10.0,10.0,34.126,False,200,
1787722268.0078921,managed,10.0,10.0,37.352,False,200,
1787722268.107892,managed,10.0,10.0,33.559,False,200,
1787722268.2078922,managed,10.0,10.0,34.039,False,200,
1787722268.307892,managed,10.0,10.0,45.203,False,200,
1787722268.4078922,managed,10.0,10.0,36.937,False,200,
1787722268.5078921,managed,10.0,10.0,31.909,False,200,
1787722268.607892,managed,10.0,10.0,39.131,False,200,
1787722268.7078922,managed,10.0,10.0,34.067,False,200,
1787722268.807892,managed,10.0,10.0,35.105,False,200,
1787722268.9078922,managed,10.0,10.0,37.773,False,200,
1787722269.0078921,managed,10.0,10.0,38.306,False,200,
1787722269.107892,managed,10.0,10.0,36.277,False,200,
1787722269.2078922,managed,10.0,10.0,28.717,False,200,
1787722269.307892,managed,10.0,10.0,47.962,False,200,
1787722269.4078922,managed,10.0,10.0,29.434,False,200,
1787722269.5078921,managed,10.0,10.0,31.187,False,200,
1787722269.607892,managed,10.0,10.0,34.797,False,200,
1787722269.7078922,managed,10.0,10.0,35.238,False,200,
1787722269.807892,managed,10.0,10.0,33.819,False,200,
1787722269.9078922,managed,10.0,10.0,42.372,False,200,
1787722270.0078921,managed,10.0,10.0,31.443,False,200,
1787722270.107892,managed,10.0,10.0,33.247,False,200,
1787722270.2078922,managed,10.0,10.0,35.104,False,200,
1787722270.307892,managed,10.0,10.0,36.922,False,200,
1787722270.4078922,managed,10.0,10.0,31.073,False,200,
1787722270.5078921,managed,10.0,10.0,59.545,False,200,
1787722270.607892,managed,10.0,10.0,32.53,False,200,
1787722270.7078922,managed,10.0,10.0,31.865,False,200,
1787722270.807892,managed,10.0,10.0,33.307,False,200,
1787722270.9078922,managed,10.0,10.0,31.886,False,200,
1787722271.0078921,managed,10.0,10.0,35.897,False,200,
1787722271.107892,managed,10.0,10.0,36.83,False,200,
1787722271.2078922,managed,10.0,10.0,28.703,False,200,
1787722271.307892,managed,10.0,10.0,34.344,False,200,
1787722271.4078922,managed,10.0,10.0,31.169,False,200,
1787722271.5078921,managed,10.0,10.0,34.403,False,200,
1787722271.607892,managed,10.0,10.0,29.371,False,200,
1787722271.7078922,managed,10.0,10.0,39.304,False,200,
1787722271.807892,managed,10.0,10.0,30.866,False,200,
1787722271.9078922,managed,10.0,10.0,44.567,False,200,
1787722272.0078921,managed,10.0,10.0,41.237,False,200,
1787722272.107892,managed,10.0,10.0,41.682,False,200,
1787722272.2078922,managed,10.0,10.0,45.001,False,200,
1787722272.307892,managed,10.0,10.0,31.191,False,200,
1787722272.4078922,managed,10.0,10.0,32.994,False,200,
1787722272.5078921,managed,10.0,10.0,34.939,False,200,
1787722272.607892,managed,10.0,10.0,38.428,False,200,
1787722272.7078922,managed,10.0,10.0,37.253,False,200,
1787722272.807892,managed,10.0,10.0,34.147,False,200,
1787722272.9078922,managed,10.0,10.0,30.554,False,200,
1787722273.0078921,managed,10.0,10.0,39.899,False,200,
1787722273.107892,managed,10.0,10.0,33.461,False,200,
1787722273.2078922,managed,10.0,10.0,54.129,False,200,
1787722273.307892,managed,10.0,10.0,35.358,False,200,
1787722273.4078922,managed,10.0,10.0,32.874,False,200,
1787722273.5078921,managed,10.0,10.0,43.895,False,200,
1787722273.607892,managed,10.0,10.0,36.203,False,200,
1787722273.7078922,managed,10.0,10.0,35.907,False,200,
1787722273.807892,managed,10.0,10.0,33.654,False,200,
1787722273.9078922,managed,10.0,10.0,31.383,False,200,
1787722274.0078921,managed,10.0,10.0,34.419,False,200,
1787722274.107892,managed,10.0,10.0,37.95,False,200,
1787722274.2078922,managed,10.0,10.0,32.425,False,200,
1787722274.307892,managed,10.0,10.0,29.084,False,200,
1787722274.4078922,managed,10.0,10.0,38.971,False,200,
1787722274.5078921,managed,10.0,10.0,34.381,False,200,
1787722274.607892,managed,10.0,10.0,44.507,False,200,
1787722274.7078922,managed,10.0,10.0,33.694,False,200,
1787722274.807892,managed,10.0,10.0,39.066,False,200,
1787722274.9078922,managed,10.0,10.0,31.6,False,200,
1787722275.0078921,managed,10.0,10.0,35.579,False,200,
1787722275.107892,managed,10.0,10.0,35.809,False,200,
1787722275.2078922,managed,10.0,10.0,39.694,False,200,
1787722275.307892,managed,10.0,10.0,37.611,False,200,
1787722275.4078922,managed,10.0,10.0,28.861,False,200,
1787722275.5078921,managed,10.0,10.0,34.981,False,200,
1787722275.607892,managed,10.0,10.0,27.052,False,200,
1787722275.7078922,managed,10.0,10.0,37.551,False,200,
1787722275.807892,managed,10.0,10.0,28.474,False,200,
1787722275.9078922,managed,10.0,10.0,30.407,False,200,
1787722276.0078921,managed,10.0,10.0,34.97,False,200,
1787722276.107892,managed,10.0,10.0,29.103,False,200,
1787722276.2078922,managed,10.0,10.0,32.86,False,200,
1787722276.307892,managed,10.0,10.0,25.986,False,200,
1787722276.4078922,managed,10.0,10.0,34.788,False,200,
1787722276.5078921,managed,10.0,10.0,42.256,False,200,
1787722276.607892,managed,10.0,10.0,25.141,False,200,
1787722276.7078922,managed,10.0,10.0,31.733,False,200,
1787722276.807892,managed,10.0,10.0,36.859,False,200,
1787722276.9078922,managed,10.0,10.0,37.869,False,200,
1787722277.0078921,managed,10.0,10.0,31.293,False,200,
1787722277.107892,managed,10.0,10.0,37.023,False,200,
1787722277.2078922,managed,10.0,10.0,25.397,False,200,
1787722277.307892,managed,10.0,10.0,29.086,False,200,
1787722277.4078922,managed,10.0,10.0,42.081,False,200,
1787722277.5078921,managed,10.0,10.0,33.505,False,200,
1787722277.607892,managed,10.0,10.0,40.292,False,200,
1787722277.7078922,managed,10.0,10.0,35.539,False,200,
1787722277.807892,managed,10.0,10.0,35.462,False,200,
1787722277.9078922,managed,10.0,10.0,37.325,False,200,
1787722278.0078921,managed,10.0,10.0,38.248,False,200,
1787722278.107892,managed,10.0,10.0,36.06,False,200,
1787722278.2078922,managed,10.0,10.0,35.792,False,200,
1787722278.307892,managed,10.0,10.0,46.666,False,200,
1787722278.4078922,managed,10.0,10.0,34.635,False,200,
1787722278.5078921,managed,10.0,10.0,34.962,False,200,
1787722278.607892,managed,10.0,10.0,32.637,False,200,
1787722278.7078922,managed,10.0,10.0,37.386,False,200,
1787722278.807892,managed,10.0,10.0,31.474,False,200,
1787722278.9078922,managed,10.0,10.0,33.041,False,200,
1787722279.0078921,managed,10.0,10.0,48.626,False,200,
1787722279.107892,managed,10.0,10.0,35.939,False,200,
1787722279.2078922,managed,10.0,10.0,31.965,False,200,
1787722279.307892,managed,10.0,10.0,39.55,False,200,
1787722279.4078922,managed,10.0,10.0,41.39,False,200,
1787722279.5078921,managed,10.0,10.0,28.732,False,200,
1787722279.607892,managed,10.0,10.0,39.149,False,200,
1787722279.7078922,managed,10.0,10.0,36.131,False,200,
1787722279.807892,managed,10.0,10.0,31.105,False,200,
1787722279.9078922,managed,10.0,10.0,49.621,False,200,
1787722280.0078921,managed,10.0,10.0,33.005,False,200,
1787722280.107892,managed,10.0,10.0,32.858,False,200,
1787722280.2078922,managed,10.0,10.0,33.392,False,200,
1787722280.307892,managed,10.0,10.0,44.247,False,200,
1787722280.4078922,managed,10.0,10.0,33.029,False,200,
1787722280.5078921,managed,10.0,10.0,40.748,False,200,
1787722280.607892,managed,10.0,10.0,33.406,False,200,
1787722280.7078922,managed,10.0,10.0,30.191,False,200,
1787722280.807892,managed,10.0,10.0,40.25,False,200,
1787722280.9078922,managed,10.0,10.0,35.139,False,200,
1787722281.0078921,managed,10.0,10.0,26.602,False,200,
1787722281.107892,managed,10.0,10.0,26.455,False,200,
1787722281.2078922,managed,10.0,10.0,40.596,False,200,
1787722281.307892,managed,10.0,10.0,43.077,False,200,
1787722281.4078922,managed,10.0,10.0,33.163,False,200,
1787722281.5078921,managed,10.0,10.0,27.524,False,200,
1787722281.607892,managed,10.0,10.0,29.396,False,200,
1787722281.7078922,managed,10.0,10.0,32.485,False,200,
1787722281.807892,managed,10.0,10.0,37.088,False,200,
1787722281.9078922,managed,10.0,10.0,34.428,False,200,
1787722282.0078921,managed,10.0,10.0,32.497,False,200,
1787722282.107892,managed,10.0,10.0,34.618,False,200,
1787722282.2078922,managed,10.0,10.0,33.371,False,200,
1787722282.307892,managed,10.0,10.0,42.095,False,200,
1787722282.4078922,managed,10.0,10.0,32.681,False,200,
1787722282.5078921,managed,10.0,10.0,44.726,False,200,
1787722282.607892,managed,10.0,10.0,36.935,False,200,
1787722282.7078922,managed,10.0,10.0,29.018,False,200,
1787722282.807892,managed,10.0,10.0,35.704,False,200,
1787722282.9078922,managed,10.0,10.0,29.091,False,200,
1787722283.0078921,managed,10.0,10.0,27.427,False,200,
1787722283.107892,managed,10.0,10.0,41.943,False,200,
1787722283.2078922,managed,10.0,10.0,35.431,False,200,
1787722283.307892,managed,10.0,10.0,37.634,False,200,
1787722283.4078922,managed,10.0,10.0,34.612,False,200,
1787722283.5078921,managed,10.0,10.0,39.683,False,200,
1787722283.607892,managed,10.0,10.0,32.518,False,200,
1787722283.7078922,managed,10.0,10.0,50.502,False,200,
1787722283.807892,managed,10.0,10.0,42.701,False,200,
1787722283.9078922,managed,10.0,10.0,39.441,False,200,
1787722284.0078921,managed,10.0,10.0,35.877,False,200,
1787722284.107892,managed,10.0,10.0,29.818,False,200,
1787722284.2078922,managed,10.0,10.0,38.138,False,200,
1787722284.307892,managed,10.0,10.0,42.873,False,200,
1787722284.4078922,managed,10.0,10.0,31.317,False,200,
1787722284.5078921,managed,10.0,10.0,38.378,False,200,
1787722284.607892,managed,10.0,10.0,33.052,False,200,
1787722284.7078922,managed,10.0,10.0,31.26,False,200,
1787722284.807892,managed,10.0,10.0,29.991,False,200,
1787722284.9078922,managed,10.0,10.0,37.556,False,200,
1787722285.0078921,managed,10.0,10.0,42.881,False,200,
1787722285.107892,managed,10.0,10.0,36.971,False,200,
1787722285.2078922,managed,10.0,10.0,44.482,False,200,
1787722285.307892,managed,10.0,10.0,37.506,False,200,
1787722285.4078922,managed,10.0,10.0,45.082,False,200,
1787722285.5078921,managed,10.0,10.0,32.248,False,200,
1787722285.607892,managed,10.0,10.0,34.537,False,200,
1787722285.7078922,managed,10.0,10.0,33.092,False,200,
1787722285.807892,managed,10.0,10.0,34.979,False,200,
1787722285.9078922,managed,10.0,10.0,30.93,False,200,
1787722286.0078921,managed,10.0,10.0,41.96,False,200,
1787722286.107892,managed,10.0,10.0,35.487,False,200,
1787722286.2078922,managed,10.0,10.0,34.848,False,200,
1787722286.307892,managed,10.0,10.0,29.486,False,200,
1787722286.4078922,managed,10.0,10.0,33.024,False,200,
1787722286.5078921,managed,10.0,10.0,40.694,False,200,
1787722286.607892,managed,10.0,10.0,31.025,False,200,
1787722286.7078922,managed,10.0,10.0,25.133,False,200,
1787722286.807892,managed,10.0,10.0,36.544,False,200,
1787722286.9078922,managed,10.0,10.0,40.264,False,200,
1787722287.0078921,managed,10.0,10.0,30.281,False,200,
1787722287.107892,managed,10.0,10.0,47.521,False,200,
1787722287.2078922,managed,10.0,10.0,22.24,False,200,
1787722287.307892,managed,10.0,10.0,44.503,False,200,
1787722287.4078922,managed,10.0,10.0,32.456,False,200,
1787722287.5078921,managed,10.0,10.0,28.356,False,200,
1787722287.607892,managed,10.0,10.0,37.446,False,200,
1787722287.7078922,managed,10.0,10.0,37.13,False,200,
1787722287.807892,managed,10.0,10.0,42.308,False,200,
1787722287.9078922,managed,10.0,10.0,29.732,False,200,
1787722288.0078921,managed,10.0,10.0,30.412,False,200,
1787722288.107892,managed,10.0,10.0,27.816,False,200,
1787722288.2078922,managed,10.0,10.0,32.435,False,200,
1787722288.307892,managed,10.0,10.0,37.998,False,200,
1787722288.4078922,managed,10.0,10.0,40.144,False,200,
1787722288.5078921,managed,10.0,10.0,31.712,False,200,
1787722288.607892,managed,10.0,10.0,40.165,False,200,
1787722288.7078922,managed,10.0,10.0,36.659,False,200,
1787722288.807892,managed,10.0,10.0,26.765,False,200,
1787722288.9078922,managed,10.0,10.0,31.313,False,200,
1787722289.0078921,managed,10.0,10.0,35.793,False,200,
1787722289.107892,managed,10.0,10.0,33.235,False,200,
1787722289.2078922,managed,10.0,10.0,33.61,False,200,
1787722289.307892,managed,10.0,10.0,34.095,False,200,
1787722289.4078922,managed,10.0,10.0,27.47,False,200,
1787722289.5078921,managed,10.0,10.0,31.569,False,200,
1787722289.607892,managed,10.0,10.0,44.02,False,200,
1787722289.7078922,managed,10.0,10.0,31.922,False,200,
1787722289.807892,managed,10.0,10.0,31.177,False,200,
1787722289.9078922,managed,10.0,10.0,33.112,False,200,
1787722290.0078921,managed,10.0,10.0,36.107,False,200,
1787722290.107892,managed,10.0,10.0,36.834,False,200,
1787722290.2078922,managed,10.0,10.0,30.506,False,200,
1787722290.307892,managed,10.0,10.0,28.979,False,200,
1787722290.4078922,managed,10.0,10.0,33.16,False,200,
1787722290.5078921,managed,10.0,10.0,32.474,False,200,
1787722290.607892,managed,10.0,10.0,28.736,False,200,
1787722290.7078922,managed,10.0,10.0,37.103,False,200,
1787722290.807892,managed,10.0,10.0,40.493,False,200,
1787722290.9078922,managed,10.0,10.0,35.797,False,200,
1787722291.0078921,managed,10.0,10.0,36.289,False,200,
1787722291.107892,managed,10.0,10.0,36.247,False,200,
1787722291.2078922,managed,10.0,10.0,28.389,False,200,
1787722291.307892,managed,10.0,10.0,28.368,False,200,
1787722291.4078922,managed,10.0,10.0,35.006,False,200,
1787722291.5078921,managed,10.0,10.0,38.469,False,200,
1787722291.607892,managed,10.0,10.0,36.771,False,200,
1787722291.7078922,managed,10.0,10.0,41.249,False,200,
1787722291.807892,managed,10.0,10.0,34.616,False,200,
1787722291.9078922,managed,10.0,10.0,36.964,False,200,
1787722292.0078921,managed,10.0,10.0,29.073,False,200,
1787722292.107892,managed,10.0,10.0,31.506,False,200,
1787722292.2078922,managed,10.0,10.0,33.62,False,200,
1787722292.307892,managed,10.0,10.0,40.178,False,200,
1787722292.4078922,managed,10.0,10.0,36.435,False,200,
1787722292.5078921,managed,10.0,10.0,38.036,False,200,
1787722292.607892,managed,10.0,10.0,35.904,False,200,
1787722292.7078922,managed,10.0,10.0,39.452,False,200,
1787722292.807892,managed,10.0,10.0,40.621,False,200,
1787722292.9078922,managed,10.0,10.0,35.328,False,200,
1787722293.0078921,managed,10.0,10.0,40.642,False,200,
1787722293.107892,managed,10.0,10.0,33.09,False,200,
1787722293.2078922,managed,10.0,10.0,34.559,False,200,
1787722293.307892,managed,10.0,10.0,39.113,False,200,
1787722293.4078922,managed,10.0,10.0,27.299,False,200,
1787722293.5078921,managed,10.0,10.0,33.353,False,200,
1787722293.607892,managed,10.0,10.0,30.198,False,200,
1787722293.7078922,managed,10.0,10.0,27.796,False,200,
1787722293.807892,managed,10.0,10.0,43.231,False,200,
1787722293.9078922,managed,10.0,10.0,50.109,False,200,
1787722294.0078921,managed,10.0,10.0,31.218,False,200,
1787722294.107892,managed,10.0,10.0,32.943,False,200,
1787722294.2078922,managed,10.0,10.0,30.733,False,200,
1787722294.307892,managed,10.0,10.0,46.736,False,200,
1787722294.4078922,managed,10.0,10.0,35.859,False,200,
1787722294.5078921,managed,10.0,10.0,45.803,False,200,
1787722294.607892,managed,10.0,10.0,37.451,False,200,
1787722294.7078922,managed,10.0,10.0,35.053,False,200,
1787722294.807892,managed,10.0,10.0,39.511,False,200,
1787722294.9078922,managed,10.0,10.0,39.201,False,200,
1787722295.0078921,managed,10.0,10.0,42.123,False,200,
1787722295.107892,managed,10.0,10.0,38.459,False,200,
1787722295.2078922,managed,10.0,10.0,31.282,False,200,
1787722295.307892,managed,10.0,10.0,35.379,False,200,
1787722295.4078922,managed,10.0,10.0,32.802,False,200,
1787722295.5078921,managed,10.0,10.0,44.7,False,200,
1787722295.607892,managed,10.0,10.0,36.093,False,200,
1787722295.7078922,managed,10.0,10.0,41.137,False,200,
1787722295.807892,managed,10.0,10.0,33.625,False,200,
1787722295.9078922,managed,10.0,10.0,35.552,False,200,
1787722296.0078921,managed,10.0,10.0,35.265,False,200,
1787722296.107892,managed,10.0,10.0,40.881,False,200,
1787722296.2078922,managed,10.0,10.0,38.449,False,200,
1787722296.307892,managed,10.0,10.0,39.458,False,200,
1787722296.4078922,managed,10.0,10.0,35.133,False,200,
1787722296.5078921,managed,10.0,10.0,41.254,False,200,
1787722296.607892,managed,10.0,10.0,33.588,False,200,
1787722296.7078922,managed,10.0,10.0,35.142,False,200,
1787722296.807892,managed,10.0,10.0,30.474,False,200,
1787722296.9078922,managed,10.0,10.0,27.743,False,200,
1787722297.0078921,managed,10.0,10.0,33.422,False,200,
1787722297.107892,managed,10.0,10.0,35.401,False,200,
1787722297.2078922,managed,10.0,10.0,32.705,False,200,
1787722297.307892,managed,10.0,10.0,36.524,False,200,
1787722297.4078922,managed,10.0,10.0,39.607,False,200,
1787722297.5078921,managed,10.0,10.0,35.027,False,200,
1787722297.607892,managed,10.0,10.0,38.003,False,200,
1787722297.7078922,managed,10.0,10.0,42.32,False,200,
1787722297.807892,managed,10.0,10.0,33.623,False,200,
1787722297.9078922,managed,10.0,10.0,48.848,False,200,
1787722298.0078921,managed,10.0,10.0,36.273,False,200,
1787722298.107892,managed,10.0,10.0,38.88,False,200,
1787722298.2078922,managed,10.0,10.0,35.382,False,200,
1787722298.307892,managed,10.0,10.0,29.061,False,200,
1787722298.4078922,managed,10.0,10.0,37.117,False,200,
1787722298.5078921,managed,10.0,10.0,33.389,False,200,
1787722298.607892,managed,10.0,10.0,36.796,False,200,
1787722298.7078922,managed,10.0,10.0,42.297,False,200,
1787722298.807892,managed,10.0,10.0,26.237,False,200,
1787722298.9078922,managed,10.0,10.0,29.971,False,200,
1787722299.0078921,managed,10.0,10.0,45.163,False,200,
1787722299.107892,managed,10.0,10.0,29.38,False,200,
1787722299.2078922,managed,10.0,10.0,43.866,False,200,
1787722299.307892,managed,10.0,10.0,31.195,False,200,
1787722299.4078922,managed,10.0,10.0,40.825,False,200,
1787722299.5078921,managed,10.0,10.0,41.231,False,200,
1787722299.607892,managed,10.0,10.0,37.973,False,200,
1787722299.7078922,managed,10.0,10.0,42.455,False,200,
1787722299.807892,managed,10.0,10.0,28.187,False,200,
1787722299.9078922,managed,10.0,10.0,31.701,False,200,
1787722300.0078921,managed,10.0,10.0,33.263,False,200,
1787722300.107892,managed,10.0,10.0,40.453,False,200,
1787722300.2078922,managed,10.0,10.0,33.816,False,200,
1787722300.307892,managed,10.0,10.0,34.226,False,200,
1787722300.4078922,managed,10.0,10.0,32.184,False,200,
1787722300.5078921,managed,10.0,10.0,42.327,False,200,
1787722300.607892,managed,10.0,10.0,41.92,False,200,
1787722300.7078922,managed,10.0,10.0,37.16,False,200,
1787722300.807892,managed,10.0,10.0,37.035,False,200,
1787722300.9078922,managed,10.0,10.0,46.757,False,200,
1787722301.0078921,managed,10.0,10.0,32.268,False,200,
1787722301.107892,managed,10.0,10.0,32.006,False,200,
1787722301.2078922,managed,10.0,10.0,25.226,False,200,
1787722301.307892,managed,10.0,10.0,45.549,False,200,
1787722301.4078922,managed,10.0,10.0,27.065,False,200,
1787722301.5078921,managed,10.0,10.0,28.554,False,200,
1787722301.607892,managed,10.0,10.0,31.772,False,200,
1787722301.7078922,managed,10.0,10.0,42.07,False,200,
1787722301.807892,managed,10.0,10.0,42.906,False,200,
1787722301.9078922,managed,10.0,10.0,27.693,False,200,
1787722302.0078921,managed,10.0,10.0,34.058,False,200,
1787722302.107892,managed,10.0,10.0,36.684,False,200,
1787722302.2078922,managed,10.0,10.0,22.18,False,200,
1787722302.307892,managed,10.0,10.0,41.835,False,200,
1787722302.4078922,managed,10.0,10.0,39.58,False,200,
1787722302.5078921,managed,10.0,10.0,41.11,False,200,
1787722302.607892,managed,10.0,10.0,39.865,False,200,
1787722302.7078922,managed,10.0,10.0,41.222,False,200,
1787722302.807892,managed,10.0,10.0,40.469,False,200,
1787722302.9078922,managed,10.0,10.0,33.861,False,200,
1787722303.0078921,managed,10.0,10.0,42.355,False,200,
1787722303.107892,managed,10.0,10.0,44.685,False,200,
1787722303.2078922,managed,10.0,10.0,54.484,False,200,
1787722303.307892,managed,10.0,10.0,40.054,False,200,
1787722303.4078922,managed,10.0,10.0,31.01,False,200,
1787722303.5078921,managed,10.0,10.0,35.282,False,200,
1787722303.607892,managed,10.0,10.0,38.083,False,200,
1787722303.7078922,managed,10.0,10.0,34.219,False,200,
1787722303.807892,managed,10.0,10.0,30.076,False,200,
1787722303.9078922,managed,10.0,10.0,41.781,False,200,
1787722304.0078921,managed,10.0,10.0,45.686,False,200,
1787722304.107892,managed,10.0,10.0,39.244,False,200,
1787722304.2078922,managed,10.0,10.0,30.207,False,200,
1787722304.307892,managed,10.0,10.0,30.473,False,200,
1787722304.4078922,managed,10.0,10.0,27.653,False,200,
1787722304.5078921,managed,10.0,10.0,37.767,False,200,
1787722304.607892,managed,10.0,10.0,32.132,False,200,
1787722304.7078922,managed,10.0,10.0,38.48,False,200,
1787722304.807892,managed,10.0,10.0,38.651,False,200,
1787722304.9078922,managed,10.0,10.0,29.104,False,200,
1787722305.0078921,managed,10.0,10.0,35.723,False,200,
1787722305.107892,managed,10.0,10.0,45.138,False,200,
1787722305.2078922,managed,10.0,10.0,39.574,False,200,
1787722305.307892,managed,10.0,10.0,31.652,False,200,
1787722305.4078922,managed,10.0,10.0,30.405,False,200,
1787722305.5078921,managed,10.0,10.0,37.67,False,200,
1787722305.607892,managed,10.0,10.0,30.406,False,200,
1787722305.7078922,managed,10.0,10.0,36.5,False,200,
1787722305.807892,managed,10.0,10.0,31.975,False,200,
1787722305.9078922,managed,10.0,10.0,46.556,False,200,
1787722306.0078921,managed,10.0,10.0,35.246,False,200,
1787722306.107892,managed,10.0,10.0,32.932,False,200,
1787722306.2078922,managed,10.0,10.0,27.745,False,200,
1787722306.307892,managed,10.0,10.0,35.352,False,200,
1787722306.4078922,managed,10.0,10.0,40.037,False,200,
1787722306.5078921,managed,10.0,10.0,28.949,False,200,
1787722306.607892,managed,10.0,10.0,38.914,False,200,
1787722306.7078922,managed,10.0,10.0,37.7,False,200,
1787722306.807892,managed,10.0,10.0,42.623,False,200,
1787722306.9078922,managed,10.0,10.0,37.806,False,200,
1787722307.0078921,managed,10.0,10.0,39.663,False,200,
1787722307.107892,managed,10.0,10.0,38.926,False,200,
1787722307.2078922,managed,10.0,10.0,35.402,False,200,
1787722307.307892,managed,10.0,10.0,41.677,False,200,
1787722307.4078922,managed,10.0,10.0,34.514,False,200,
1787722307.5078921,managed,10.0,10.0,33.46,False,200,
1787722307.607892,managed,10.0,10.0,39.715,False,200,
1787722307.7078922,managed,10.0,10.0,41.454,False,200,
1787722307.807892,managed,10.0,10.0,42.163,False,200,
1787722307.9078922,managed,10.0,10.0,39.493,False,200,
1787722308.0078921,managed,10.0,10.0,51.261,False,200,
1787722308.107892,managed,10.0,10.0,46.483,False,200,
1787722308.2078922,managed,10.0,10.0,37.316,False,200,
1787722308.307892,managed,10.0,10.0,39.376,False,200,
1787722308.4078922,managed,10.0,10.0,39.396,False,200,
1787722308.5078921,managed,10.0,10.0,33.582,False,200,
1787722308.607892,managed,10.0,10.0,34.169,False,200,
1787722308.7078922,managed,10.0,10.0,37.313,False,200,
1787722308.807892,managed,10.0,10.0,34.431,False,200,
1787722308.9078922,managed,10.0,10.0,32.744,False,200,
1787722309.0078921,managed,10.0,10.0,37.005,False,200,
1787722309.107892,managed,10.0,10.0,36.337,False,200,
1787722309.2078922,managed,10.0,10.0,44.445,False,200,
1787722309.307892,managed,10.0,10.0,33.043,False,200,
1787722309.4078922,managed,10.0,10.0,45.47,False,200,
1787722309.5078921,managed,10.0,10.0,31.216,False,200,
1787722309.607892,managed,10.0,10.0,37.028,False,200,
1787722309.7078922,managed,10.0,10.0,43.017,False,200,
1787722309.807892,managed,10.0,10.0,39.827,False,200,
1787722309.9078922,managed,10.0,10.0,42.797,False,200,
1787722310.0078921,managed,10.0,10.0,36.326,False,200,
1787722310.107892,managed,10.0,10.0,31.488,False,200,
1787722310.2078922,managed,10.0,10.0,38.62,False,200,
1787722310.307892,managed,10.0,10.0,42.491,False,200,
1787722310.4078922,managed,10.0,10.0,27.431,False,200,
1787722310.5078921,managed,10.0,10.0,34.377,False,200,
1787722310.607892,managed,10.0,10.0,37.011,False,200,
1787722310.7078922,managed,10.0,10.0,31.873,False,200,
1787722310.807892,managed,10.0,10.0,29.0,False,200,
1787722310.9078922,managed,10.0,10.0,38.668,False,200,
1787722311.0078921,managed,10.0,10.0,35.554,False,200,
1787722311.107892,managed,10.0,10.0,33.948,False,200,
1787722311.2078922,managed,10.0,10.0,35.621,False,200,
1787722311.307892,managed,10.0,10.0,29.728,False,200,
1787722311.4078922,managed,10.0,10.0,48.052,False,200,
1787722311.5078921,managed,10.0,10.0,33.868,False,200,
1787722311.607892,managed,10.0,10.0,38.591,False,200,
1787722311.7078922,managed,10.0,10.0,36.221,False,200,
1787722311.807892,managed,10.0,10.0,41.488,False,200,
1787722311.9078922,managed,10.0,10.0,38.35,False,200,
1787722312.0078921,managed,10.0,10.0,29.346,False,200,
1787722312.107892,managed,10.0,10.0,35.11,False,200,
1787722312.2078922,managed,10.0,10.0,38.617,False,200,
1787722312.307892,managed,10.0,10.0,34.325,False,200,
1787722312.4078922,managed,10.0,10.0,46.452,False,200,
1787722312.5078921,managed,10.0,10.0,33.852,False,200,
1787722312.607892,managed,10.0,10.0,28.153,False,200,
1787722312.7078922,managed,10.0,10.0,28.525,False,200,
1787722312.807892,managed,10.0,10.0,36.302,False,200,
1787722312.9078922,managed,10.0,10.0,28.844,False,200,
1787722313.0078921,managed,10.0,10.0,29.82,False,200,
1787722313.107892,managed,10.0,10.0,31.765,False,200,
1787722313.2078922,managed,10.0,10.0,34.072,False,200,
1787722313.307892,managed,10.0,10.0,33.817,False,200,
1787722313.4078922,managed,10.0,10.0,40.107,False,200,
1787722313.5078921,managed,10.0,10.0,40.189,False,200,
1787722313.607892,managed,10.0,10.0,40.614,False,200,
1787722313.7078922,managed,10.0,10.0,50.455,False,200,
1787722313.807892,managed,10.0,10.0,41.913,False,200,
1787722313.9078922,managed,10.0,10.0,42.587,False,200,
1787722314.0078921,managed,10.0,10.0,36.5,False,200,
1787722314.107892,managed,10.0,10.0,37.929,False,200,
1787722314.2078922,managed,10.0,10.0,33.551,False,200,
1787722314.307892,managed,10.0,10.0,37.511,False,200,
1787722314.4078922,managed,10.0,10.0,30.869,False,200,
1787722314.5078921,managed,10.0,10.0,30.972,False,200,
1787722314.607892,managed,10.0,10.0,27.965,False,200,
1787722314.7078922,managed,10.0,10.0,39.503,False,200,
1787722314.807892,managed,10.0,10.0,40.096,False,200,
1787722314.9078922,managed,10.0,10.0,34.186,False,200,
1787722315.0078921,managed,10.0,10.0,30.774,False,200,
1787722315.107892,managed,10.0,10.0,31.75,False,200,
1787722315.2078922,managed,10.0,10.0,32.107,False,200,
1787722315.307892,managed,10.0,10.0,31.226,False,200,
1787722315.4078922,managed,10.0,10.0,26.142,False,200,
1787722315.5078921,managed,10.0,10.0,42.551,False,200,
1787722315.607892,managed,10.0,10.0,34.364,False,200,
1787722315.7078922,managed,10.0,10.0,35.84,False,200,
1787722315.807892,managed,10.0,10.0,40.22,False,200,
1787722315.9078922,managed,10.0,10.0,43.052,False,200,
1787722316.0078921,managed,10.0,10.0,35.022,False,200,
1787722316.107892,managed,10.0,10.0,31.916,False,200,
1787722316.2078922,managed,10.0,10.0,36.356,False,200,
1787722316.307892,managed,10.0,10.0,37.766,False,200,
1787722316.4078922,managed,10.0,10.0,30.075,False,200,
1787722316.5078921,managed,10.0,10.0,43.649,False,200,
1787722316.607892,managed,10.0,10.0,33.252,False,200,
1787722316.7078922,managed,10.0,10.0,27.944,False,200,
1787722316.807892,managed,10.0,10.0,42.022,False,200,
1787722316.9078922,managed,10.0,10.0,31.677,False,200,
1787722317.0078921,managed,10.0,10.0,28.763,False,200,
1787722317.107892,managed,10.0,10.0,34.064,False,200,
1787722317.2078922,managed,10.0,10.0,31.277,False,200,
1787722317.307892,managed,10.0,10.0,30.925,False,200,
1787722317.4078922,managed,10.0,10.0,38.446,False,200,
1787722317.5078921,managed,10.0,10.0,32.756,False,200,
1787722317.607892,managed,10.0,10.0,41.657,False,200,
1787722317.7078922,managed,10.0,10.0,33.409,False,200,
1787722317.807892,managed,10.0,10.0,36.156,False,200,
1787722317.9078922,managed,10.0,10.0,39.482,False,200,
1787722318.0078921,managed,10.0,10.0,42.865,False,200,
1787722318.107892,managed,10.0,10.0,34.655,False,200,
1787722318.2078922,managed,10.0,10.0,47.501,False,200,
1787722318.307892,managed,10.0,10.0,35.058,False,200,
1787722318.4078922,managed,10.0,10.0,32.351,False,200,
1787722318.5078921,managed,10.0,10.0,45.554,False,200,
1787722318.607892,managed,10.0,10.0,34.326,False,200,
1787722318.7078922,managed,10.0,10.0,30.542,False,200,
1787722318.807892,managed,10.0,10.0,31.296,False,200,
1787722318.9078922,managed,10.0,10.0,30.56,False,200,
1787722319.0078921,managed,10.0,10.0,36.272,False,200,
1787722319.107892,managed,10.0,10.0,38.09,False,200,
1787722319.2078922,managed,10.0,10.0,38.489,False,200,
1787722319.307892,managed,10.0,10.0,35.956,False,200,
1787722319.4078922,managed,10.0,10.0,35.039,False,200,
1787722319.5078921,managed,10.0,10.0,35.017,False,200,
1787722319.607892,managed,10.0,10.0,32.785,False,200,
1787722319.7078922,managed,10.0,10.0,42.459,False,200,
1787722319.807892,managed,10.0,10.0,31.524,False,200,
1787722319.9078922,managed,10.0,10.0,40.227,False,200,
1787722320.0078921,managed,10.0,10.0,32.426,False,200,
1787722320.107892,managed,10.0,10.0,29.417,False,200,
1787722320.2078922,managed,10.0,10.0,48.377,False,200,
1787722320.307892,managed,10.0,10.0,41.323,False,200,
1787722320.4078922,managed,10.0,10.0,32.965,False,200,
1787722320.5078921,managed,10.0,10.0,31.903,False,200,
1787722320.607892,managed,10.0,10.0,30.292,False,200,
1787722320.7078922,managed,10.0,10.0,34.227,False,200,
1787722320.807892,managed,10.0,10.0,37.517,False,200,
1787722320.9078922,managed,10.0,10.0,28.835,False,200,
1787722321.0078921,managed,10.0,10.0,39.066,False,200,
1787722321.107892,managed,10.0,10.0,34.21,False,200,
1787722321.2078922,managed,10.0,10.0,38.513,False,200,
1787722321.307892,managed,10.0,10.0,32.388,False,200,
1787722321.4078922,managed,10.0,10.0,33.588,False,200,
1787722321.5078921,managed,10.0,10.0,39.394,False,200,
1787722321.607892,managed,10.0,10.0,32.197,False,200,
1787722321.7078922,managed,10.0,10.0,29.426,False,200,
1787722321.807892,managed,10.0,10.0,44.616,False,200,
1787722321.9078922,managed,10.0,10.0,32.98,False,200,
1787722322.0078921,managed,10.0,10.0,31.686,False,200,
1787722322.107892,managed,10.0,10.0,36.952,False,200,
1787722322.2078922,managed,10.0,10.0,31.437,False,200,
1787722322.307892,managed,10.0,10.0,33.794,False,200,
1787722322.4078922,managed,10.0,10.0,38.09,False,200,
1787722322.5078921,managed,10.0,10.0,30.399,False,200,
1787722322.607892,managed,10.0,10.0,35.105,False,200,
1787722322.7078922,managed,10.0,10.0,36.038,False,200,
1787722322.807892,managed,10.0,10.0,32.771,False,200,
1787722322.9078922,managed,10.0,10.0,36.965,False,200,
1787722323.0078921,managed,10.0,10.0,42.9,False,200,
1787722323.107892,managed,10.0,10.0,38.038,False,200,
1787722323.2078922,managed,10.0,10.0,31.231,False,200,
1787722323.307892,managed,10.0,10.0,48.052,False,200,
1787722323.4078922,managed,10.0,10.0,35.724,False,200,
1787722323.5078921,managed,10.0,10.0,31.445,False,200,
1787722323.607892,managed,10.0,10.0,34.087,False,200,
1787722323.7078922,managed,10.0,10.0,44.41,False,200,
1787722323.807892,managed,10.0,10.0,34.167,False,200,
1787722323.9078922,managed,10.0,10.0,32.242,False,200,
1787722324.0078921,managed,10.0,10.0,33.991,False,200,
1787722324.107892,managed,10.0,10.0,38.931,False,200,
1787722324.2078922,managed,10.0,10.0,36.127,False,200,
1787722324.307892,managed,10.0,10.0,28.813,False,200,
1787722324.4078922,managed,10.0,10.0,30.305,False,200,
1787722324.5078921,managed,10.0,10.0,26.751,False,200,
1787722324.607892,managed,10.0,10.0,47.212,False,200,
1787722324.7078922,managed,10.0,10.0,40.942,False,200,
1787722324.807892,managed,10.0,10.0,36.978,False,200,
1787722324.9078922,managed,10.0,10.0,25.653,False,200,
1787722325.0078921,managed,10.0,10.0,27.454,False,200,
1787722325.107892,managed,10.0,10.0,31.208,False,200,
1787722325.2078922,managed,10.0,10.0,33.943,False,200,
1787722325.307892,managed,10.0,10.0,35.273,False,200,
1787722325.4078922,managed,10.0,10.0,34.965,False,200,
1787722325.5078921,managed,10.0,10.0,37.814,False,200,
1787722325.607892,managed,10.0,10.0,27.022,False,200,
1787722325.7078922,managed,10.0,10.0,46.765,False,200,
1787722325.807892,managed,10.0,10.0,30.614,False,200,
1787722325.9078922,managed,10.0,10.0,34.233,False,200,
1787722326.0078921,managed,10.0,10.0,44.358,False,200,
1787722326.107892,managed,10.0,10.0,28.358,False,200,
1787722326.2078922,managed,10.0,10.0,35.23,False,200,
1787722326.307892,managed,10.0,10.0,36.583,False,200,
1787722326.4078922,managed,10.0,10.0,34.918,False,200,
1787722326.5078921,managed,10.0,10.0,33.78,False,200,
1787722326.607892,managed,10.0,10.0,38.469,False,200,
1787722326.7078922,managed,10.0,10.0,32.783,False,200,
1787722326.807892,managed,10.0,10.0,30.62,False,200,
1787722326.9078922,managed,10.0,10.0,30.034,False,200,
1787722327.0078921,managed,10.0,10.0,29.432,False,200,
1787722327.107892,managed,10.0,10.0,29.531,False,200,
1787722327.2078922,managed,10.0,10.0,28.558,False,200,
1787722327.307892,managed,10.0,10.0,45.363,False,200,
1787722327.4078922,managed,10.0,10.0,35.746,False,200,
1787722327.5078921,managed,10.0,10.0,33.238,False,200,
1787722327.607892,managed,10.0,10.0,37.144,False,200,
1787722327.7078922,managed,10.0,10.0,32.008,False,200,
1787722327.807892,managed,10.0,10.0,32.144,False,200,
1787722327.9078922,managed,10.0,10.0,40.259,False,200,
1787722328.0078921,managed,10.0,10.0,43.659,False,200,
1787722328.107892,managed,10.0,10.0,31.901,False,200,
1787722328.2078922,managed,10.0,10.0,33.119,False,200,
1787722328.307892,managed,10.0,10.0,44.009,False,200,
1787722328.4078922,managed,10.0,10.0,40.059,False,200,
1787722328.5078921,managed,10.0,10.0,32.857,False,200,
1787722328.607892,managed,10.0,10.0,30.091,False,200,
1787722328.7078922,managed,10.0,10.0,32.996,False,200,
1787722328.807892,managed,10.0,10.0,37.051,False,200,
1787722328.9078922,managed,10.0,10.0,31.756,False,200,
1787722329.0078921,managed,10.0,10.0,36.02,False,200,
1787722329.107892,managed,10.0,10.0,29.147,False,200,
1787722329.2078922,managed,10.0,10.0,33.419,False,200,
1787722329.307892,managed,10.0,10.0,32.48,False,200,
1787722329.4078922,managed,10.0,10.0,25.598,False,200,
1787722329.5078921,managed,10.0,10.0,30.58,False,200,
1787722329.607892,managed,10.0,10.0,35.024,False,200,
1787722329.7078922,managed,10.0,10.0,30.232,False,200,
1787722329.807892,managed,10.0,10.0,41.535,False,200,
1787722329.9078922,managed,10.0,10.0,28.686,False,200,
1787722330.0078921,managed,10.0,10.0,36.447,False,200,
1787722330.107892,managed,10.0,10.0,34.87,False,200,
1787722330.2078922,managed,10.0,10.0,30.997,False,200,
1787722330.307892,managed,10.0,10.0,33.413,False,200,
1787722330.4078922,managed,10.0,10.0,34.138,False,200,
1787722330.5078921,managed,10.0,10.0,29.47,False,200,
1787722330.607892,managed,10.0,10.0,30.588,False,200,
1787722330.7078922,managed,10.0,10.0,44.545,False,200,
1787722330.807892,managed,10.0,10.0,33.1,False,200,
1787722330.9078922,managed,10.0,10.0,32.33,False,200,
1787722331.0078921,managed,10.0,10.0,36.934,False,200,
1787722331.107892,managed,10.0,10.0,37.829,False,200,
1787722331.2078922,managed,10.0,10.0,33.416,False,200,
1787722331.307892,managed,10.0,10.0,36.871,False,200,
1787722331.4078922,managed,10.0,10.0,31.134,False,200,
1787722331.5078921,managed,10.0,10.0,35.267,False,200,
1787722331.607892,managed,10.0,10.0,29.048,False,200,
1787722331.7078922,managed,10.0,10.0,28.506,False,200,
1787722331.807892,managed,10.0,10.0,29.355,False,200,
1787722331.9078922,managed,10.0,10.0,36.543,False,200,
1787722332.0078921,managed,10.0,10.0,39.954,False,200,
1787722332.107892,managed,10.0,10.0,30.418,False,200,
1787722332.2078922,managed,10.0,10.0,43.838,False,200,
1787722332.307892,managed,10.0,10.0,36.803,False,200,
1787722332.4078922,managed,10.0,10.0,34.942,False,200,
1787722332.5078921,managed,10.0,10.0,30.93,False,200,
1787722332.607892,managed,10.0,10.0,34.876,False,200,
1787722332.7078922,managed,10.0,10.0,28.047,False,200,
1787722332.807892,managed,10.0,10.0,41.988,False,200,
1787722332.9078922,managed,10.0,10.0,34.532,False,200,
1787722333.0078921,managed,10.0,10.0,30.263,False,200,
1787722333.107892,managed,10.0,10.0,34.12,False,200,
1787722333.2078922,managed,10.0,10.0,29.404,False,200,
1787722333.307892,managed,10.0,10.0,32.642,False,200,
1787722333.4078922,managed,10.0,10.0,29.572,False,200,
1787722333.5078921,managed,10.0,10.0,32.523,False,200,
1787722333.607892,managed,10.0,10.0,30.296,False,200,
1787722333.7078922,managed,10.0,10.0,35.62,False,200,
1787722333.807892,managed,10.0,10.0,33.908,False,200,
1787722333.9078922,managed,10.0,10.0,28.196,False,200,
1787722334.0078921,managed,10.0,10.0,36.441,False,200,
1787722334.107892,managed,10.0,10.0,27.766,False,200,
1787722334.2078922,managed,10.0,10.0,33.551,False,200,
1787722334.307892,managed,10.0,10.0,29.365,False,200,
1787722334.4078922,managed,10.0,10.0,30.528,False,200,
1787722334.5078921,managed,10.0,10.0,30.089,False,200,
1787722334.607892,managed,10.0,10.0,31.255,False,200,
1787722334.7078922,managed,10.0,10.0,30.898,False,200,
1787722334.807892,managed,10.0,10.0,32.747,False,200,
1787722334.9078922,managed,10.0,10.0,33.325,False,200,
1787722335.0078921,managed,10.0,10.0,46.112,False,200,
1787722335.107892,managed,10.0,10.0,37.302,False,200,
1787722335.2078922,managed,10.0,10.0,28.54,False,200,
1787722335.307892,managed,10.0,10.0,34.066,False,200,
1787722335.4078922,managed,10.0,10.0,25.779,False,200,
1787722335.5078921,managed,10.0,10.0,33.253,False,200,
1787722335.607892,managed,10.0,10.0,27.547,False,200,
1787722335.7078922,managed,10.0,10.0,40.395,False,200,
1787722335.807892,managed,10.0,10.0,35.029,False,200,
1787722335.9078922,managed,10.0,10.0,28.581,False,200,
1787722336.0078921,managed,10.0,10.0,44.254,False,200,
1787722336.107892,managed,10.0,10.0,31.085,False,200,
1787722336.2078922,managed,10.0,10.0,38.981,False,200,
1787722336.307892,managed,10.0,10.0,32.719,False,200,
1787722336.4078922,managed,10.0,10.0,38.013,False,200,
1787722336.5078921,managed,10.0,10.0,27.983,False,200,
1787722336.607892,managed,10.0,10.0,30.494,False,200,
1787722336.7078922,managed,10.0,10.0,32.644,False,200,
1787722336.807892,managed,10.0,10.0,32.779,False,200,
1787722336.9078922,managed,10.0,10.0,34.394,False,200,
1787722337.0078921,managed,10.0,10.0,41.538,False,200,
1787722337.107892,managed,10.0,10.0,34.403,False,200,
1787722337.2078922,managed,10.0,10.0,26.371,False,200,
1787722337.307892,managed,10.0,10.0,28.061,False,200,
1787722337.4078922,managed,10.0,10.0,30.732,False,200,
1787722337.5078921,managed,10.0,10.0,36.666,False,200,
1787722337.607892,managed,10.0,10.0,36.047,False,200,
1787722337.7078922,managed,10.0,10.0,46.28,False,200,
1787722337.807892,managed,10.0,10.0,39.511,False,200,
1787722337.9078922,managed,10.0,10.0,31.581,False,200,
1787722338.0078921,managed,10.0,10.0,54.099,False,200,
1787722338.107892,managed,10.0,10.0,36.453,False,200,
1787722338.2078922,managed,10.0,10.0,30.201,False,200,
1787722338.307892,managed,10.0,10.0,34.843,False,200,
1787722338.4078922,managed,10.0,10.0,39.043,False,200,
1787722338.5078921,managed,10.0,10.0,34.17,False,200,
1787722338.607892,managed,10.0,10.0,26.442,False,200,
1787722338.7078922,managed,10.0,10.0,34.828,False,200,
1787722338.807892,managed,10.0,10.0,37.382,False,200,
1787722338.9078922,managed,10.0,10.0,30.562,False,200,
1787722339.0078921,managed,10.0,10.0,28.197,False,200,
1787722339.107892,managed,10.0,10.0,36.493,False,200,
1787722339.2078922,managed,10.0,10.0,43.94,False,200,
1787722339.307892,managed,10.0,10.0,29.159,False,200,
1787722339.4078922,managed,10.0,10.0,38.926,False,200,
1787722339.5078921,managed,10.0,10.0,39.489,False,200,
1787722339.607892,managed,10.0,10.0,41.471,False,200,
1787722339.7078922,managed,10.0,10.0,39.477,False,200,
1787722339.807892,managed,10.0,10.0,49.798,False,200,
1787722339.9078922,managed,10.0,10.0,37.341,False,200,
1787722340.0078921,managed,10.0,10.0,40.992,False,200,
1787722340.107892,managed,10.0,10.0,29.481,False,200,
1787722340.2078922,managed,10.0,10.0,35.397,False,200,
1787722340.307892,managed,10.0,10.0,30.52,False,200,
1787722340.4078922,managed,10.0,10.0,33.169,False,200,
1787722340.5078921,managed,10.0,10.0,37.167,False,200,
1787722340.607892,managed,10.0,10.0,36.515,False,200,
1787722340.7078922,managed,10.0,10.0,38.351,False,200,
1787722340.807892,managed,10.0,10.0,34.264,False,200,
1787722340.9078922,managed,10.0,10.0,32.705,False,200,
1787722341.0078921,managed,10.0,10.0,30.105,False,200,
1787722341.107892,managed,10.0,10.0,29.575,False,200,
1787722341.2078922,managed,10.0,10.0,29.035,False,200,
1787722341.307892,managed,10.0,10.0,28.341,False,200,
1787722341.4078922,managed,10.0,10.0,33.799,False,200,
1787722341.5078921,managed,10.0,10.0,33.154,False,200,
1787722341.607892,managed,10.0,10.0,34.194,False,200,
1787722341.7078922,managed,10.0,10.0,40.699,False,200,
1787722341.807892,managed,10.0,10.0,31.588,False,200,
1787722341.9078922,managed,10.0,10.0,31.15,False,200,
1787722342.0078921,managed,10.0,10.0,32.893,False,200,
1787722342.107892,managed,10.0,10.0,32.319,False,200,
1787722342.2078922,managed,10.0,10.0,30.157,False,200,
1787722342.307892,managed,10.0,10.0,39.153,False,200,
1787722342.4078922,managed,10.0,10.0,36.256,False,200,
1787722342.5078921,managed,10.0,10.0,31.336,False,200,
1787722342.607892,managed,10.0,10.0,35.488,False,200,
1787722342.7078922,managed,10.0,10.0,43.974,False,200,
1787722342.807892,managed,10.0,10.0,40.615,False,200,
1787722342.9078922,managed,10.0,10.0,37.759,False,200,
1787722343.0078921,managed,10.0,10.0,48.065,False,200,
1787722343.107892,managed,10.0,10.0,38.605,False,200,
1787722343.2078922,managed,10.0,10.0,32.373,False,200,
1787722343.307892,managed,10.0,10.0,40.307,False,200,
1787722343.4078922,managed,10.0,10.0,37.289,False,200,
1787722343.5078921,managed,10.0,10.0,34.096,False,200,
1787722343.607892,managed,10.0,10.0,27.371,False,200,
1787722343.7078922,managed,10.0,10.0,30.672,False,200,
1787722343.807892,managed,10.0,10.0,37.935,False,200,
1787722343.9078922,managed,10.0,10.0,45.142,False,200,
1787722344.0078921,managed,10.0,10.0,29.32,False,200,
1787722344.107892,managed,10.0,10.0,37.714,False,200,
1787722344.2078922,managed,10.0,10.0,25.891,False,200,
1787722344.307892,managed,10.0,10.0,36.744,False,200,
1787722344.4078922,managed,10.0,10.0,38.926,False,200,
1787722344.5078921,managed,10.0,10.0,35.553,False,200,
1787722344.607892,managed,10.0,10.0,37.238,False,200,
1787722344.7078922,managed,10.0,10.0,40.937,False,200,
1787722344.807892,managed,10.0,10.0,35.163,False,200,
1787722344.9078922,managed,10.0,10.0,38.355,False,200,
1787722345.0078921,managed,10.0,10.0,45.658,False,200,
1787722345.107892,managed,10.0,10.0,41.339,False,200,
1787722345.2078922,managed,10.0,10.0,36.913,False,200,
1787722345.307892,managed,10.0,10.0,26.262,False,200,
1787722345.4078922,managed,10.0,10.0,38.707,False,200,
1787722345.5078921,managed,10.0,10.0,41.341,False,200,
1787722345.607892,managed,10.0,10.0,25.091,False,200,
1787722345.7078922,managed,10.0,10.0,30.015,False,200,
1787722345.807892,managed,10.0,10.0,29.98,False,200,
1787722345.9078922,managed,10.0,10.0,30.973,False,200,
1787722346.0078921,managed,10.0,10.0,33.572,False,200,
1787722346.107892,managed,10.0,10.0,36.308,False,200,
1787722346.2078922,managed,10.0,10.0,52.602,False,200,
1787722346.307892,managed,10.0,10.0,32.736,False,200,
1787722346.4078922,managed,10.0,10.0,35.366,False,200,
1787722346.5078921,managed,10.0,10.0,37.407,False,200,
1787722346.607892,managed,10.0,10.0,39.865,False,200,
1787722346.7078922,managed,10.0,10.0,32.553,False,200,
1787722346.807892,managed,10.0,10.0,23.657,False,200,
1787722346.9078922,managed,10.0,10.0,39.239,False,200,
1787722347.0078921,managed,10.0,10.0,32.936,False,200,
1787722347.107892,managed,10.0,10.0,45.056,False,200,
1787722347.2078922,managed,10.0,10.0,40.983,False,200,
1787722347.307892,managed,10.0,10.0,36.375,False,200,
1787722347.4078922,managed,10.0,10.0,37.3,False,200,
1787722347.5078921,managed,10.0,10.0,29.364,False,200,
1787722347.607892,managed,10.0,10.0,35.164,False,200,
1787722347.7078922,managed,10.0,10.0,38.565,False,200,
1787722347.807892,managed,10.0,10.0,38.045,False,200,
1787722347.9078922,managed,10.0,10.0,35.277,False,200,
1787722348.0078921,managed,10.0,10.0,29.47,False,200,
1787722348.107892,managed,10.0,10.0,32.469,False,200,
1787722348.2078922,managed,10.0,10.0,29.918,False,200,
1787722348.307892,managed,10.0,10.0,41.599,False,200,
1787722348.4078922,managed,10.0,10.0,35.931,False,200,
1787722348.5078921,managed,10.0,10.0,40.453,False,200,
1787722348.607892,managed,10.0,10.0,37.371,False,200,
1787722348.7078922,managed,10.0,10.0,38.51,False,200,
1787722348.807892,managed,10.0,10.0,45.734,False,200,
1787722348.9078922,managed,10.0,10.0,39.484,False,200,
1787722349.0078921,managed,10.0,10.0,40.04,False,200,
1787722349.107892,managed,10.0,10.0,29.875,False,200,
1787722349.2078922,managed,10.0,10.0,30.643,False,200,
1787722349.307892,managed,10.0,10.0,36.561,False,200,
1787722349.4078922,managed,10.0,10.0,49.209,False,200,
1787722349.5078921,managed,10.0,10.0,29.071,False,200,
1787722349.607892,managed,10.0,10.0,48.234,False,200,
1787722349.7078922,managed,10.0,10.0,32.895,False,200,
1787722349.807892,managed,10.0,10.0,39.846,False,200,
1787722349.9078922,managed,10.0,10.0,28.809,False,200,
1787722350.0078921,managed,10.0,10.0,40.994,False,200,
1787722350.107892,managed,10.0,10.0,34.485,False,200,
1787722350.2078922,managed,10.0,10.0,34.035,False,200,
1787722350.307892,managed,10.0,10.0,28.055,False,200,
1787722350.4078922,managed,10.0,10.0,30.954,False,200,
1787722350.5078921,managed,10.0,10.0,41.356,False,200,
1787722350.607892,managed,10.0,10.0,30.722,False,200,
1787722350.7078922,managed,10.0,10.0,31.057,False,200,
1787722350.807892,managed,10.0,10.0,26.082,False,200,
1787722350.9078922,managed,10.0,10.0,24.402,False,200,
1787722351.0078921,managed,10.0,10.0,31.12,False,200,
1787722351.107892,managed,10.0,10.0,33.29,False,200,
1787722351.2078922,managed,10.0,10.0,31.557,False,200,
1787722351.307892,managed,10.0,10.0,29.328,False,200,
1787722351.4078922,managed,10.0,10.0,33.918,False,200,
1787722351.5078921,managed,10.0,10.0,43.217,False,200,
1787722351.607892,managed,10.0,10.0,31.543,False,200,
1787722351.7078922,managed,10.0,10.0,24.347,False,200,
1787722351.807892,managed,10.0,10.0,36.746,False,200,
1787722351.9078922,managed,10.0,10.0,34.72,False,200,
1787722352.0078921,managed,10.0,10.0,26.911,False,200,
1787722352.107892,managed,10.0,10.0,25.694,False,200,
1787722352.2078922,managed,10.0,10.0,28.453,False,200,
1787722352.307892,managed,10.0,10.0,25.398,False,200,
1787722352.4078922,managed,10.0,10.0,32.617,False,200,
1787722352.5078921,managed,10.0,10.0,43.448,False,200,
1787722352.607892,managed,10.0,10.0,49.696,False,200,
1787722352.7078922,managed,10.0,10.0,37.475,False,200,
1787722352.807892,managed,10.0,10.0,47.036,False,200,
1787722352.9078922,managed,10.0,10.0,31.587,False,200,
1787722353.0078921,managed,10.0,10.0,34.142,False,200,
1787722353.107892,managed,10.0,10.0,25.539,False,200,
1787722353.2078922,managed,10.0,10.0,39.755,False,200,
1787722353.307892,managed,10.0,10.0,32.593,False,200,
1787722353.4078922,managed,10.0,10.0,39.649,False,200,
1787722353.5078921,managed,10.0,10.0,35.29,False,200,
1787722353.607892,managed,10.0,10.0,32.542,False,200,
1787722353.7078922,managed,10.0,10.0,32.544,False,200,
1787722353.807892,managed,10.0,10.0,32.652,False,200,
1787722353.9078922,managed,10.0,10.0,34.535,False,200,
1787722354.0078921,managed,10.0,10.0,30.5,False,200,
1787722354.107892,managed,10.0,10.0,32.092,False,200,
1787722354.2078922,managed,10.0,10.0,41.945,False,200,
1787722354.307892,managed,10.0,10.0,35.207,False,200,
1787722354.4078922,managed,10.0,10.0,43.192,False,200,
1787722354.5078921,managed,10.0,10.0,36.114,False,200,
1787722354.607892,managed,10.0,10.0,32.512,False,200,
1787722354.7078922,managed,10.0,10.0,34.533,False,200,
1787722354.807892,managed,10.0,10.0,45.363,False,200,
1787722354.9078922,managed,10.0,10.0,39.614,False,200,
1787722355.0078921,managed,10.0,10.0,33.479,False,200,
1787722355.107892,managed,10.0,10.0,32.391,False,200,
1787722355.2078922,managed,10.0,10.0,31.527,False,200,
1787722355.307892,managed,10.0,10.0,26.989,False,200,
1787722355.4078922,managed,10.0,10.0,32.094,False,200,
1787722355.5078921,managed,10.0,10.0,34.153,False,200,
1787722355.607892,managed,10.0,10.0,37.32,False,200,
1787722355.7078922,managed,10.0,10.0,32.736,False,200,
1787722355.807892,managed,10.0,10.0,34.972,False,200,
1787722355.9078922,managed,10.0,10.0,35.27,False,200,
1787722356.0078921,managed,10.0,10.0,39.384,False,200,
1787722356.107892,managed,10.0,10.0,36.206,False,200,
1787722356.2078922,managed,10.0,10.0,28.699,False,200,
1787722356.307892,managed,10.0,10.0,31.458,False,200,
1787722356.4078922,managed,10.0,10.0,34.492,False,200,
1787722356.5078921,managed,10.0,10.0,32.919,False,200,
1787722356.607892,managed,10.0,10.0,33.124,False,200,
1787722356.7078922,managed,10.0,10.0,35.121,False,200,
1787722356.807892,managed,10.0,10.0,47.926,False,200,
1787722356.9078922,managed,10.0,10.0,49.153,False,200,
1787722357.0078921,managed,10.0,10.0,42.099,False,200,
1787722357.107892,managed,10.0,10.0,30.138,False,200,
1787722357.2078922,managed,10.0,10.0,36.531,False,200,
1787722357.307892,managed,10.0,10.0,34.449,False,200,
1787722357.4078922,managed,10.0,10.0,33.589,False,200,
1787722357.5078921,managed,10.0,10.0,36.799,False,200,
1787722357.607892,managed,10.0,10.0,37.18,False,200,
1787722357.7078922,managed,10.0,10.0,33.43,False,200,
1787722357.807892,managed,10.0,10.0,32.528,False,200,
1787722357.9078922,managed,10.0,10.0,33.849,False,200,
1787722358.0078921,managed,10.0,10.0,31.685,False,200,
1787722358.107892,managed,10.0,10.0,32.391,False,200,
1787722358.2078922,managed,10.0,10.0,33.062,False,200,
1787722358.307892,managed,10.0,10.0,48.355,False,200,
1787722358.4078922,managed,10.0,10.0,35.584,False,200,
1787722358.5078921,managed,10.0,10.0,29.945,False,200,
1787722358.607892,managed,10.0,10.0,28.564,False,200,
1787722358.7078922,managed,10.0,10.0,33.861,False,200,
1787722358.807892,managed,10.0,10.0,55.632,False,200,
1787722358.9078922,managed,10.0,10.0,35.799,False,200,
1787722359.0078921,managed,10.0,10.0,34.511,False,200,
1787722359.107892,managed,10.0,10.0,37.33,False,200,
1787722359.2078922,managed,10.0,10.0,35.36,False,200,
1787722359.307892,managed,10.0,10.0,33.154,False,200,
1787722359.4078922,managed,10.0,10.0,30.95,False,200,
1787722359.5078921,managed,10.0,10.0,31.753,False,200,
1787722359.607892,managed,10.0,10.0,27.098,False,200,
1787722359.7078922,managed,10.0,10.0,37.28,False,200,
1787722359.807892,managed,10.0,10.0,35.794,False,200,
1787722359.9078922,managed,10.0,10.0,36.741,False,200,
1787722360.0078921,managed,10.0,10.0,35.132,False,200,
1787722360.107892,managed,10.0,10.0,36.603,False,200,
1787722360.2078922,managed,10.0,10.0,38.596,False,200,
1787722360.307892,managed,10.0,10.0,38.363,False,200,
1787722360.4078922,managed,10.0,10.0,37.274,False,200,
1787722360.5078921,managed,10.0,10.0,46.076,False,200,
1787722360.607892,managed,10.0,10.0,33.409,False,200,
1787722360.7078922,managed,10.0,10.0,36.104,False,200,
1787722360.807892,managed,10.0,10.0,31.312,False,200,
1787722360.9078922,managed,10.0,10.0,38.302,False,200,
1787722361.0078921,managed,10.0,10.0,44.459,False,200,
1787722361.107892,managed,10.0,10.0,33.635,False,200,
1787722361.2078922,managed,10.0,10.0,35.755,False,200,
1787722361.307892,managed,10.0,10.0,38.253,False,200,
1787722361.4078922,managed,10.0,10.0,37.063,False,200,
1787722361.5078921,managed,10.0,10.0,39.086,False,200,
1787722361.607892,managed,10.0,10.0,30.457,False,200,
1787722361.7078922,managed,10.0,10.0,31.84,False,200,
1787722361.807892,managed,10.0,10.0,49.44,False,200,
1787722361.9078922,managed,10.0,10.0,33.716,False,200,
1787722362.0078921,managed,10.0,10.0,37.369,False,200,
1787722362.107892,managed,10.0,10.0,37.617,False,200,
1787722362.2078922,managed,10.0,10.0,41.254,False,200,
1787722362.307892,managed,10.0,10.0,39.572,False,200,
1787722362.4078922,managed,10.0,10.0,30.392,False,200,
1787722362.5078921,managed,10.0,10.0,31.682,False,200,
1787722362.607892,managed,10.0,10.0,40.24,False,200,
1787722362.7078922,managed,10.0,10.0,36.163,False,200,
1787722362.807892,managed,10.0,10.0,31.313,False,200,
1787722362.9078922,managed,10.0,10.0,34.988,False,200,
1787722363.0078921,managed,10.0,10.0,43.119,False,200,
1787722363.107892,managed,10.0,10.0,31.581,False,200,
1787722363.2078922,managed,10.0,10.0,39.814,False,200,
1787722363.307892,managed,10.0,10.0,33.844,False,200,
1787722363.4078922,managed,10.0,10.0,33.412,False,200,
1787722363.5078921,managed,10.0,10.0,30.473,False,200,
1787722363.607892,managed,10.0,10.0,36.567,False,200,
1787722363.7078922,managed,10.0,10.0,34.464,False,200,
1787722363.807892,managed,10.0,10.0,38.455,False,200,
1787722363.9078922,managed,10.0,10.0,38.439,False,200,
1787722364.0078921,managed,10.0,10.0,29.254,False,200,
1787722364.107892,managed,10.0,10.0,42.412,False,200,
1787722364.2078922,managed,10.0,10.0,34.099,False,200,
1787722364.307892,managed,10.0,10.0,31.268,False,200,
1787722364.4078922,managed,10.0,10.0,34.305,False,200,
1787722364.5078921,managed,10.0,10.0,36.292,False,200,
1787722364.607892,managed,10.0,10.0,38.541,False,200,
1787722364.7078922,managed,10.0,10.0,34.453,False,200,
1787722364.807892,managed,10.0,10.0,43.339,False,200,
1787722364.9078922,managed,10.0,10.0,31.551,False,200,
1787722365.0078921,managed,10.0,10.0,37.579,False,200,
1787722365.107892,managed,10.0,10.0,38.82,False,200,
1787722365.2078922,managed,10.0,10.0,47.422,False,200,
1787722365.307892,managed,10.0,10.0,37.835,False,200,
1787722365.4078922,managed,10.0,10.0,33.281,False,200,
1787722365.5078921,managed,10.0,10.0,27.191,False,200,
1787722365.607892,managed,10.0,10.0,36.396,False,200,
1787722365.7078922,managed,10.0,10.0,35.227,False,200,
1787722365.807892,managed,10.0,10.0,35.795,False,200,
1787722365.9078922,managed,10.0,10.0,33.662,False,200,
1787722366.0078921,managed,10.0,10.0,30.434,False,200,
1787722366.107892,managed,10.0,10.0,40.394,False,200,
1787722366.2078922,managed,10.0,10.0,28.598,False,200,
1787722366.307892,managed,10.0,10.0,33.959,False,200,
1787722366.4078922,managed,10.0,10.0,40.879,False,200,
1787722366.5078921,managed,10.0,10.0,39.491,False,200,
1787722366.607892,managed,10.0,10.0,39.673,False,200,
1787722366.7078922,managed,10.0,10.0,34.19,False,200,
1787722366.807892,managed,10.0,10.0,34.151,False,200,
1787722366.9078922,managed,10.0,10.0,30.485,False,200,
1787722367.0078921,managed,10.0,10.0,33.787,False,200,
1787722367.107892,managed,10.0,10.0,36.826,False,200,
1787722367.2078922,managed,10.0,10.0,39.885,False,200,
1787722367.307892,managed,10.0,10.0,35.299,False,200,
1787722367.4078922,managed,10.0,10.0,31.42,False,200,
