timestamp,deployment_mode,rps_target,rps_actual,latency_ms,is_cold_start,status_code,error
1787684423.5017471,managed,10.0,10.0,195.025,True,200,
1787684423.601747,managed,10.0,10.0,34.067,False,200,
1787684423.7017472,managed,10.0,10.0,33.258,False,200,
1787684423.801747,managed,10.0,10.0,31.166,False,200,
1787684423.9017472,managed,10.0,10.0,33.34,False,200,
1787684424.0017471,managed,10.0,10.0,28.975,False,200,
1787684424.101747,managed,10.0,10.0,35.194,False,200,
1787684424.2017472,managed,10.0,10.0,34.605,False,200,
1787684424.301747,managed,10.0,10.0,32.468,False,200,
1787684424.4017472,managed,10.0,10.0,34.069,False,200,
1787684424.5017471,managed,10.0,10.0,30.498,False,200,
1787684424.601747,managed,10.0,10.0,42.666,False,200,
1787684424.7017472,managed,10.0,10.0,30.685,False,200,
1787684424.801747,managed,10.0,10.0,35.615,False,200,
1787684424.9017472,managed,10.0,10.0,35.777,False,200,
1787684425.0017471,managed,10.0,10.0,38.122,False,200,
1787684425.101747,managed,10.0,10.0,33.234,False,200,
1787684425.2017472,managed,10.0,10.0,43.526,False,200,
1787684425.301747,managed,10.0,10.0,36.067,False,200,
1787684425.4017472,managed,10.0,10.0,38.086,False,200,
1787684425.5017471,managed,10.0,10.0,35.068,False,200,
1787684425.601747,managed,10.0,10.0,35.014,False,200,
1787684425.7017472,managed,10.0,10.0,50.902,False,200,
1787684425.801747,managed,10.0,10.0,39.864,False,200,
1787684425.9017472,managed,10.0,10.0,29.543,False,200,
1787684426.0017471,managed,10.0,10.0,39.16,False,200,
1787684426.101747,managed,10.0,10.0,35.608,False,200,
1787684426.2017472,managed,10.0,10.0,25.34,False,200,
1787684426.301747,managed,10.0,10.0,30.645,False,200,
1787684426.4017472,managed,10.0,10.0,29.222,False,200,
1787684426.5017471,managed,10.0,10.0,33.497,False,200,
1787684426.601747,managed,10.0,10.0,46.034,False,200,
1787684426.7017472,managed,10.0,10.0,41.534,False,200,
1787684426.801747,managed,10.0,10.0,33.412,False,200,
1787684426.9017472,managed,10.0,10.0,33.896,False,200,
1787684427.0017471,managed,10.0,10.0,33.443,False,200,
1787684427.101747,managed,10.0,10.0,39.939,False,200,
1787684427.2017472,managed,10.0,10.0,38.848,False,200,
1787684427.301747,managed,10.0,10.0,38.607,False,200,
1787684427.4017472,managed,10.0,10.0,34.875,False,200,
1787684427.5017471,managed,10.0,10.0,37.322,False,200,
1787684427.601747,managed,10.0,10.0,27.642,False,200,
1787684427.7017472,managed,10.0,10.0,29.768,False,200,
1787684427.801747,managed,10.0,10.0,32.386,False,200,
1787684427.9017472,managed,10.0,10.0,25.479,False,200,
1787684428.0017471,managed,10.0,10.0,38.838,False,200,
1787684428.101747,managed,10.0,10.0,31.458,False,200,
1787684428.2017472,managed,10.0,10.0,43.223,False,200,
1787684428.301747,managed,10.0,10.0,35.24,False,200,
1787684428.4017472,managed,10.0,10.0,33.429,False,200,
1787684428.5017471,managed,10.0,10.0,33.284,False,200,
1787684428.601747,managed,10.0,10.0,40.191,False,200,
1787684428.7017472,managed,10.0,10.0,39.718,False,200,
1787684428.801747,managed,10.0,10.0,31.956,False,200,
1787684428.9017472,managed,10.0,10.0,34.845,False,200,
1787684429.0017471,managed,10.0,10.0,41.709,False,200,
1787684429.101747,managed,10.0,10.0,39.475,False,200,
1787684429.2017472,managed,10.0,10.0,29.474,False,200,
1787684429.301747,managed,10.0,10.0,36.761,False,200,
1787684429.4017472,managed,10.0,10.0,37.586,False,200,
1787684429.5017471,managed,10.0,10.0,45.565,False,200,
1787684429.601747,managed,10.0,10.0,42.049,False,200,
1787684429.7017472,managed,10.0,10.0,31.367,False,200,
1787684429.801747,managed,10.0,10.0,25.74,False,200,
1787684429.9017472,managed,10.0,10.0,36.278,False,200,
1787684430.0017471,managed,10.0,10.0,32.36,False,200,
1787684430.101747,managed,10.0,10.0,38.86,False,200,
1787684430.2017472,managed,10.0,10.0,32.376,False,200,
1787684430.301747,managed,10.0,10.0,38.223,False,200,
1787684430.4017472,managed,10.0,10.0,38.792,False,200,
1787684430.5017471,managed,10.0,10.0,31.437,False,200,
1787684430.601747,managed,10.0,10.0,34.992,False,200,
1787684430.7017472,managed,10.0,10.0,32.706,False,200,
1787684430.801747,managed,10.0,10.0,32.123,False,200,
1787684430.9017472,managed,10.0,10.0,46.724,False,200,
1787684431.0017471,managed,10.0,10.0,37.907,False,200,
1787684431.101747,managed,10.0,10.0,32.686,False,200,
1787684431.2017472,managed,10.0,10.0,43.262,False,200,
1787684431.301747,managed,10.0,10.0,36.63,False,200,
1787684431.4017472,managed,10.0,10.0,33.033,False,200,
1787684431.5017471,managed,10.0,10.0,37.656,False,200,
1787684431.601747,managed,10.0,10.0,33.052,False,200,
1787684431.7017472,managed,10.0,10.0,42.47,False,200,
1787684431.801747,managed,10.0,10.0,37.305,False,200,
1787684431.9017472,managed,10.0,10.0,33.888,False,200,
1787684432.0017471,managed,10.0,10.0,38.387,False,200,
1787684432.101747,managed,10.0,10.0,28.035,False,200,
1787684432.2017472,managed,10.0,10.0,32.154,False,200,
1787684432.301747,managed,10.0,10.0,35.261,False,200,
1787684432.4017472,managed,10.0,10.0,24.127,False,200,
1787684432.5017471,managed,10.0,10.0,38.082,False,200,
1787684432.601747,managed,10.0,10.0,38.716,False,200,
1787684432.7017472,managed,10.0,10.0,44.537,False,200,
1787684432.801747,managed,10.0,10.0,26.439,False,200,
1787684432.9017472,managed,10.0,10.0,30.121,False,200,
1787684433.0017471,managed,10.0,10.0,34.79,False,200,
1787684433.101747,managed,10.0,10.0,36.474,False,200,
1787684433.2017472,managed,10.0,10.0,42.502,False,200,
1787684433.301747,managed,10.0,10.0,43.554,False,200,
1787684433.4017472,managed,10.0,10.0,38.782,False,200,
1787684433.5017471,managed,10.0,10.0,29.981,False,200,
1787684433.601747,managed,10.0,10.0,33.86,False,200,
1787684433.7017472,managed,10.0,10.0,30.975,False,200,
1787684433.801747,managed,10.0,10.0,28.597,False,200,
1787684433.9017472,managed,10.0,10.0,38.914,False,200,
1787684434.0017471,managed,10.0,10.0,42.483,False,200,
1787684434.101747,managed,10.0,10.0,36.488,False,200,
1787684434.2017472,managed,10.0,10.0,41.823,False,200,
1787684434.301747,managed,10.0,10.0,35.935,False,200,
1787684434.4017472,managed,10.0,10.0,27.812,False,200,
1787684434.5017471,managed,10.0,10.0,35.951,False,200,
1787684434.601747,managed,10.0,10.0,36.519,False,200,
1787684434.7017472,managed,10.0,10.0,41.105,False,200,
1787684434.801747,managed,10.0,10.0,29.49,False,200,
1787684434.9017472,managed,10.0,10.0,32.503,False,200,
1787684435.0017471,managed,10.0,10.0,33.608,False,200,
1787684435.101747,managed,10.0,10.0,34.553,False,200,
1787684435.2017472,managed,10.0,10.0,51.723,False,200,
1787684435.301747,managed,10.0,10.0,29.722,False,200,
1787684435.4017472,managed,10.0,10.0,31.64,False,200,
1787684435.5017471,managed,10.0,10.0,34.129,False,200,
1787684435.601747,managed,10.0,10.0,34.882,False,200,
1787684435.7017472,managed,10.0,10.0,36.513,False,200,
1787684435.801747,managed,10.0,10.0,45.199,False,200,
1787684435.9017472,managed,10.0,10.0,31.734,False,200,
1787684436.0017471,managed,10.0,10.0,42.488,False,200,
1787684436.101747,managed,10.0,10.0,47.389,False,200,
1787684436.2017472,managed,10.0,10.0,31.377,False,200,
1787684436.301747,managed,10.0,10.0,55.104,False,200,
1787684436.4017472,managed,10.0,10.0,42.523,False,200,
1787684436.5017471,managed,10.0,10.0,27.422,False,200,
1787684436.601747,managed,10.0,10.0,37.329,False,200,
1787684436.7017472,managed,10.0,10.0,37.731,False,200,
1787684436.801747,managed,10.0,10.0,31.558,False,200,
1787684436.9017472,managed,10.0,10.0,30.184,False,200,
1787684437.0017471,managed,10.0,10.0,39.994,False,200,
1787684437.101747,managed,10.0,10.0,36.209,False,200,
1787684437.2017472,managed,10.0,10.0,34.33,False,200,
1787684437.301747,managed,10.0,10.0,39.943,False,200,
1787684437.4017472,managed,10.0,10.0,40.322,False,200,
1787684437.5017471,managed,10.0,10.0,25.013,False,200,
1787684437.601747,managed,10.0,10.0,29.037,False,200,
1787684437.7017472,managed,10.0,10.0,35.164,False,200,
1787684437.801747,managed,10.0,10.0,33.051,False,200,
1787684437.9017472,managed,10.0,10.0,41.097,False,200,
1787684438.0017471,managed,10.0,10.0,32.404,False,200,
1787684438.101747,managed,10.0,10.0,28.112,False,200,
1787684438.2017472,managed,10.0,10.0,40.588,False,200,
1787684438.301747,managed,10.0,10.0,35.71,False,200,
1787684438.4017472,managed,10.0,10.0,28.368,False,200,
1787684438.5017471,managed,10.0,10.0,32.251,False,200,
1787684438.601747,managed,10.0,10.0,41.408,False,200,
1787684438.7017472,managed,10.0,10.0,37.914,False,200,
1787684438.801747,managed,10.0,10.0,28.928,False,200,
1787684438.9017472,managed,10.0,10.0,32.92,False,200,
1787684439.0017471,managed,10.0,10.0,27.211,False,200,
1787684439.101747,managed,10.0,10.0,39.594,False,200,
1787684439.2017472,managed,10.0,10.0,29.887,False,200,
1787684439.301747,managed,10.0,10.0,38.822,False,200,
1787684439.4017472,managed,10.0,10.0,43.444,False,200,
1787684439.5017471,managed,10.0,10.0,34.437,False,200,
1787684439.601747,managed,10.0,10.0,38.317,False,200,
1787684439.7017472,managed,10.0,10.0,29.761,False,200,
1787684439.801747,managed,10.0,10.0,32.037,False,200,
1787684439.9017472,managed,10.0,10.0,30.141,False,200,
1787684440.0017471,managed,10.0,10.0,28.053,False,200,
1787684440.101747,managed,10.0,10.0,35.197,False,200,
1787684440.2017472,managed,10.0,10.0,29.641,False,200,
1787684440.301747,managed,10.0,10.0,42.009,False,200,
1787684440.4017472,managed,10.0,10.0,34.91,False,200,
1787684440.5017471,managed,10.0,10.0,34.186,False,200,
1787684440.601747,managed,10.0,10.0,36.771,False,200,
1787684440.7017472,managed,10.0,10.0,36.11,False,200,
1787684440.801747,managed,10.0,10.0,31.155,False,200,
1787684440.9017472,managed,10.0,10.0,28.961,False,200,
1787684441.0017471,managed,10.0,10.0,32.59,False,200,
1787684441.101747,managed,10.0,10.0,32.975,False,200,
1787684441.2017472,managed,10.0,10.0,34.42,False,200,
1787684441.301747,managed,10.0,10.0,25.342,False,200,
1787684441.4017472,managed,10.0,10.0,40.887,False,200,
1787684441.5017471,managed,10.0,10.0,34.425,False,200,
1787684441.601747,managed,10.0,10.0,35.779,False,200,
1787684441.7017472,managed,10.0,10.0,28.139,False,200,
1787684441.801747,managed,10.0,10.0,27.699,False,200,
1787684441.9017472,managed,10.0,10.0,37.241,False,200,
1787684442.0017471,managed,10.0,10.0,34.355,False,200,
1787684442.101747,managed,10.0,10.0,32.199,False,200,
1787684442.2017472,managed,10.0,10.0,37.749,False,200,
1787684442.301747,managed,10.0,10.0,42.316,False,200,
1787684442.4017472,managed,10.0,10.0,31.664,False,200,
1787684442.5017471,managed,10.0,10.0,35.73,False,200,
1787684442.601747,managed,10.0,10.0,28.246,False,200,
1787684442.7017472,managed,10.0,10.0,32.339,False,200,
1787684442.801747,managed,10.0,10.0,33.099,False,200,
1787684442.9017472,managed,10.0,10.0,33.69,False,200,
1787684443.0017471,managed,10.0,10.0,45.387,False,200,
1787684443.101747,managed,10.0,10.0,33.673,False,200,
1787684443.2017472,managed,10.0,10.0,30.229,False,200,
1787684443.301747,managed,10.0,10.0,38.678,False,200,
1787684443.4017472,managed,10.0,10.0,32.634,False,200,
1787684443.5017471,managed,10.0,10.0,31.138,False,200,
1787684443.601747,managed,10.0,10.0,34.686,False,200,
1787684443.7017472,managed,10.0,10.0,33.69,False,200,
1787684443.801747,managed,10.0,10.0,27.952,False,200,
1787684443.9017472,managed,10.0,10.0,34.508,False,200,
1787684444.0017471,managed,10.0,10.0,38.734,False,200,
1787684444.101747,managed,10.0,10.0,38.692,False,200,
1787684444.2017472,managed,10.0,10.0,39.142,False,200,
1787684444.301747,managed,10.0,10.0,29.301,False,200,
1787684444.4017472,managed,10.0,10.0,35.235,False,200,
1787684444.5017471,managed,10.0,10.0,31.444,False,200,
1787684444.601747,managed,10.0,10.0,31.805,False,200,
1787684444.7017472,managed,10.0,10.0,43.019,False,200,
1787684444.801747,managed,10.0,10.0,39.678,False,200,
1787684444.9017472,managed,10.0,10.0,40.499,False,200,
1787684445.0017471,managed,10.0,10.0,33.054,False,200,
1787684445.101747,managed,10.0,10.0,28.587,False,200,
1787684445.2017472,managed,10.0,10.0,50.966,False,200,
1787684445.301747,managed,10.0,10.0,37.507,False,200,
1787684445.4017472,managed,10.0,10.0,38.698,False,200,
1787684445.5017471,managed,10.0,10.0,32.505,False,200,
1787684445.601747,managed,10.0,10.0,36.768,False,200,
1787684445.7017472,managed,10.0,10.0,31.911,False,200,
1787684445.801747,managed,10.0,10.0,35.389,False,200,
1787684445.9017472,managed,10.0,10.0,24.057,False,200,
1787684446.0017471,managed,10.0,10.0,25.927,False,200,
1787684446.101747,managed,10.0,10.0,39.598,False,200,
1787684446.2017472,managed,10.0,10.0,33.402,False,200,
1787684446.301747,managed,10.0,10.0,35.776,False,200,
1787684446.4017472,managed,10.0,10.0,33.677,False,200,
1787684446.5017471,managed,10.0,10.0,36.177,False,200,
1787684446.601747,managed,10.0,10.0,41.267,False,200,
1787684446.7017472,managed,10.0,10.0,38.884,False,200,
1787684446.801747,managed,10.0,10.0,43.359,False,200,
1787684446.9017472,managed,10.0,10.0,32.648,False,200,
1787684447.0017471,managed,10.0,10.0,36.438,False,200,
1787684447.101747,managed,10.0,10.0,28.217,False,200,
1787684447.2017472,managed,10.0,10.0,42.092,False,200,
1787684447.301747,managed,10.0,10.0,39.911,False,200,
1787684447.4017472,managed,10.0,10.0,28.349,False,200,
1787684447.5017471,managed,10.0,10.0,35.43,False,200,
1787684447.601747,managed,10.0,10.0,39.596,False,200,
1787684447.7017472,managed,10.0,10.0,29.84,False,200,
1787684447.801747,managed,10.0,10.0,32.626,False,200,
1787684447.9017472,managed,10.0,10.0,40.14,False,200,
1787684448.0017471,managed,10.0,10.0,28.133,False,200,
1787684448.101747,managed,10.0,10.0,40.406,False,200,
1787684448.2017472,managed,10.0,10.0,31.049,False,200,
1787684448.301747,managed,10.0,10.0,32.651,False,200,
1787684448.4017472,managed,10.0,10.0,37.42,False,200,
1787684448.5017471,managed,10.0,10.0,38.195,False,200,
1787684448.601747,managed,10.0,10.0,35.813,False,200,
1787684448.7017472,managed,10.0,10.0,31.126,False,200,
1787684448.801747,managed,10.0,10.0,33.701,False,200,
1787684448.9017472,managed,10.0,10.0,25.136,False,200,
1787684449.0017471,managed,10.0,10.0,31.971,False,200,
1787684449.101747,managed,10.0,10.0,41.875,False,200,
1787684449.2017472,managed,10.0,10.0,35.591,False,200,
1787684449.301747,managed,10.0,10.0,34.138,False,200,
1787684449.4017472,managed,10.0,10.0,46.683,False,200,
1787684449.5017471,managed,10.0,10.0,32.719,False,200,
1787684449.601747,managed,10.0,10.0,32.017,False,200,
1787684449.7017472,managed,10.0,10.0,37.972,False,200,
1787684449.801747,managed,10.0,10.0,25.812,False,200,
1787684449.9017472,managed,10.0,10.0,46.855,False,200,
1787684450.0017471,managed,10.0,10.0,37.346,False,200,
1787684450.101747,managed,10.0,10.0,34.487,False,200,
1787684450.2017472,managed,10.0,10.0,31.324,False,200,
1787684450.301747,managed,10.0,10.0,30.242,False,200,
1787684450.4017472,managed,10.0,10.0,35.666,False,200,
1787684450.5017471,managed,10.0,10.0,45.325,False,200,
1787684450.601747,managed,10.0,10.0,36.754,False,200,
1787684450.7017472,managed,10.0,10.0,36.454,False,200,
1787684450.801747,managed,10.0,10.0,38.299,False,200,
1787684450.9017472,managed,10.0,10.0,37.188,False,200,
1787684451.0017471,managed,10.0,10.0,36.306,False,200,
1787684451.101747,managed,10.0,10.0,34.819,False,200,
1787684451.2017472,managed,10.0,10.0,45.551,False,200,
1787684451.301747,managed,10.0,10.0,43.345,False,200,
1787684451.4017472,managed,10.0,10.0,33.359,False,200,
1787684451.5017471,managed,10.0,10.0,30.991,False,200,
1787684451.601747,managed,10.0,10.0,36.002,False,200,
1787684451.7017472,managed,10.0,10.0,37.934,False,200,
1787684451.801747,managed,10.0,10.0,35.588,False,200,
1787684451.9017472,managed,10.0,10.0,30.281,False,200,
1787684452.0017471,managed,10.0,10.0,38.969,False,200,
1787684452.101747,managed,10.0,10.0,31.851,False,200,
1787684452.2017472,managed,10.0,10.0,31.269,False,200,
1787684452.301747,managed,10.0,10.0,38.163,False,200,
1787684452.4017472,managed,10.0,10.0,30.087,False,200,
1787684452.5017471,managed,10.0,10.0,31.659,False,200,
1787684452.601747,managed,10.0,10.0,34.874,False,200,
1787684452.7017472,managed,10.0,10.0,39.233,False,200,
1787684452.801747,managed,10.0,10.0,32.321,False,200,
1787684452.9017472,managed,10.0,10.0,32.783,False,200,
1787684453.0017471,managed,10.0,10.0,42.778,False,200,
1787684453.101747,managed,10.0,10.0,35.136,False,200,
1787684453.2017472,managed,10.0,10.0,30.886,False,200,
1787684453.301747,managed,10.0,10.0,40.5,False,200,
1787684453.4017472,managed,10.0,10.0,31.42,False,200,
1787684453.5017471,managed,10.0,10.0,29.407,False,200,
1787684453.601747,managed,10.0,10.0,34.213,False,200,
1787684453.7017472,managed,10.0,10.0,28.591,False,200,
1787684453.801747,managed,10.0,10.0,39.591,False,200,
1787684453.9017472,managed,10.0,10.0,36.006,False,200,
1787684454.0017471,managed,10.0,10.0,40.658,False,200,
1787684454.101747,managed,10.0,10.0,34.537,False,200,
1787684454.2017472,managed,10.0,10.0,33.613,False,200,
1787684454.301747,managed,10.0,10.0,46.813,False,200,
1787684454.4017472,managed,10.0,10.0,33.853,False,200,
1787684454.5017471,managed,10.0,10.0,31.564,False,200,
1787684454.601747,managed,10.0,10.0,33.094,False,200,
1787684454.7017472,managed,10.0,10.0,31.545,False,200,
1787684454.801747,managed,10.0,10.0,36.41,False,200,
1787684454.9017472,managed,10.0,10.0,33.951,False,200,
1787684455.0017471,managed,10.0,10.0,35.593,False,200,
1787684455.101747,managed,10.0,10.0,33.186,False,200,
1787684455.2017472,managed,10.0,10.0,32.185,False,200,
1787684455.301747,managed,10.0,10.0,41.054,False,200,
1787684455.4017472,managed,10.0,10.0,40.307,False,200,
1787684455.5017471,managed,10.0,10.0,29.548,False,200,
1787684455.601747,managed,10.0,10.0,29.309,False,200,
1787684455.7017472,managed,10.0,10.0,42.082,False,200,
1787684455.801747,managed,10.0,10.0,38.374,False,200,
1787684455.9017472,managed,10.0,10.0,31.968,False,200,
1787684456.0017471,managed,10.0,10.0,38.792,False,200,
1787684456.101747,managed,10.0,10.0,39.548,False,200,
1787684456.2017472,managed,10.0,10.0,34.635,False,200,
1787684456.301747,managed,10.0,10.0,31.679,False,200,
1787684456.4017472,managed,10.0,10.0,42.802,False,200,
1787684456.5017471,managed,10.0,10.0,30.466,False,200,
1787684456.601747,managed,10.0,10.0,35.233,False,200,
1787684456.7017472,managed,10.0,10.0,34.866,False,200,
1787684456.801747,managed,10.0,10.0,31.345,False,200,
1787684456.9017472,managed,10.0,10.0,31.955,False,200,
1787684457.0017471,managed,10.0,10.0,39.237,False,200,
1787684457.101747,managed,10.0,10.0,41.358,False,200,
1787684457.2017472,managed,10.0,10.0,29.275,False,200,
1787684457.301747,managed,10.0,10.0,22.353,False,200,
1787684457.4017472,managed,10.0,10.0,50.311,False,200,
1787684457.5017471,managed,10.0,10.0,29.354,False,200,
1787684457.601747,managed,10.0,10.0,19.671,False,200,
1787684457.7017472,managed,10.0,10.0,53.248,False,200,
1787684457.801747,managed,10.0,10.0,35.577,False,200,
1787684457.9017472,managed,10.0,10.0,24.699,False,200,
1787684458.0017471,managed,10.0,10.0,31.079,False,200,
1787684458.101747,managed,10.0,10.0,38.476,False,200,
1787684458.2017472,managed,10.0,10.0,34.785,False,200,
1787684458.301747,managed,10.0,10.0,25.93,False,200,
1787684458.4017472,managed,10.0,10.0,31.96,False,200,
1787684458.5017471,managed,10.0,10.0,38.04,False,200,
1787684458.601747,managed,10.0,10.0,43.696,False,200,
1787684458.7017472,managed,10.0,10.0,32.347,False,200,
1787684458.801747,managed,10.0,10.0,32.114,False,200,
1787684458.9017472,managed,10.0,10.0,40.489,False,200,
1787684459.0017471,managed,10.0,10.0,28.949,False,200,
1787684459.101747,managed,10.0,10.0,30.364,False,200,
1787684459.2017472,managed,10.0,10.0,35.996,False,200,
1787684459.301747,managed,10.0,10.0,40.861,False,200,
1787684459.4017472,managed,10.0,10.0,40.294,False,200,
1787684459.5017471,managed,10.0,10.0,28.674,False,200,
1787684459.601747,managed,10.0,10.0,38.835,False,200,
1787684459.7017472,managed,10.0,10.0,40.646,False,200,
1787684459.801747,managed,10.0,10.0,38.623,False,200,
1787684459.9017472,managed,10.0,10.0,39.108,False,200,
1787684460.0017471,managed,10.0,10.0,35.97,False,200,
1787684460.101747,managed,10.0,10.0,34.326,False,200,
1787684460.2017472,managed,10.0,10.0,32.129,False,200,
1787684460.301747,managed,10.0,10.0,23.474,False,200,
1787684460.4017472,managed,10.0,10.0,33.071,False,200,
1787684460.5017471,managed,10.0,10.0,37.703,False,200,
1787684460.601747,managed,10.0,10.0,29.983,False,200,
1787684460.7017472,managed,10.0,10.0,35.317,False,200,
1787684460.801747,managed,10.0,10.0,39.574,False,200,
1787684460.9017472,managed,10.0,10.0,55.029,False,200,
1787684461.0017471,managed,10.0,10.0,30.067,False,200,
1787684461.101747,managed,10.0,10.0,40.285,False,200,
1787684461.2017472,managed,10.0,10.0,30.523,False,200,
1787684461.301747,managed,10.0,10.0,45.342,False,200,
1787684461.4017472,managed,10.0,10.0,37.412,False,200,
1787684461.5017471,managed,10.0,10.0,28.158,False,200,
1787684461.601747,managed,10.0,10.0,28.525,False,200,
1787684461.7017472,managed,10.0,10.0,31.468,False,200,
1787684461.801747,managed,10.0,10.0,36.929,False,200,
1787684461.9017472,managed,10.0,10.0,31.912,False,200,
1787684462.0017471,managed,10.0,10.0,40.239,False,200,
1787684462.101747,managed,10.0,10.0,31.844,False,200,
1787684462.2017472,managed,10.0,10.0,40.475,False,200,
1787684462.301747,managed,10.0,10.0,38.369,False,200,
1787684462.4017472,managed,10.0,10.0,36.217,False,200,
1787684462.5017471,managed,10.0,10.0,35.263,False,200,
1787684462.601747,managed,10.0,10.0,29.0,False,200,
1787684462.7017472,managed,10.0,10.0,36.311,False,200,
1787684462.801747,managed,10.0,10.0,42.81,False,200,
1787684462.9017472,managed,10.0,10.0,35.803,False,200,
1787684463.0017471,managed,10.0,10.0,42.863,False,200,
1787684463.101747,managed,10.0,10.0,45.356,False,200,
1787684463.2017472,managed,10.0,10.0,42.606,False,200,
1787684463.301747,managed,10.0,10.0,34.777,False,200,
1787684463.4017472,managed,10.0,10.0,21.889,False,200,
1787684463.5017471,managed,10.0,10.0,31.237,False,200,
1787684463.601747,managed,10.0,10.0,38.871,False,200,
1787684463.7017472,managed,10.0,10.0,27.989,False,200,
1787684463.801747,managed,10.0,10.0,42.384,False,200,
1787684463.9017472,managed,10.0,10.0,30.236,False,200,
1787684464.0017471,managed,10.0,10.0,24.885,False,200,
1787684464.101747,managed,10.0,10.0,36.104,False,200,
1787684464.2017472,managed,10.0,10.0,33.703,False,200,
1787684464.301747,managed,10.0,10.0,34.653,False,200,
1787684464.4017472,managed,10.0,10.0,27.166,False,200,
1787684464.5017471,managed,10.0,10.0,39.115,False,200,
1787684464.601747,managed,10.0,10.0,42.439,False,200,
1787684464.7017472,managed,10.0,10.0,31.365,False,200,
1787684464.801747,managed,10.0,10.0,40.366,False,200,
1787684464.9017472,managed,10.0,10.0,37.502,False,200,
1787684465.0017471,managed,10.0,10.0,37.013,False,200,
1787684465.101747,managed,10.0,10.0,37.996,False,200,
1787684465.2017472,managed,10.0,10.0,31.183,False,200,
1787684465.301747,managed,10.0,10.0,31.847,False,200,
1787684465.4017472,managed,10.0,10.0,32.427,False,200,
1787684465.5017471,managed,10.0,10.0,38.988,False,200,
1787684465.601747,managed,10.0,10.0,30.126,False,200,
1787684465.7017472,managed,10.0,10.0,31.915,False,200,
1787684465.801747,managed,10.0,10.0,36.493,False,200,
1787684465.9017472,managed,10.0,10.0,33.596,False,200,
1787684466.0017471,managed,10.0,10.0,31.334,False,200,
1787684466.101747,managed,10.0,10.0,34.197,False,200,
1787684466.2017472,managed,10.0,10.0,34.227,False,200,
1787684466.301747,managed,10.0,10.0,38.399,False,200,
1787684466.4017472,managed,10.0,10.0,40.235,False,200,
1787684466.5017471,managed,10.0,10.0,25.122,False,200,
1787684466.601747,managed,10.0,10.0,39.061,False,200,
1787684466.7017472,managed,10.0,10.0,33.935,False,200,
1787684466.801747,managed,10.0,10.0,31.627,False,200,
1787684466.9017472,managed,10.0,10.0,41.871,False,200,
1787684467.0017471,managed,10.0,10.0,39.454,False,200,
1787684467.101747,managed,10.0,10.0,26.827,False,200,
1787684467.2017472,managed,10.0,10.0,44.728,False,200,
1787684467.301747,managed,10.0,10.0,44.316,False,200,
1787684467.4017472,managed,10.0,10.0,31.391,False,200,
1787684467.5017471,managed,10.0,10.0,47.216,False,200,
1787684467.601747,managed,10.0,10.0,35.725,False,200,
1787684467.7017472,managed,10.0,10.0,32.939,False,200,
1787684467.801747,managed,10.0,10.0,38.974,False,200,
1787684467.9017472,managed,10.0,10.0,32.604,False,200,
1787684468.0017471,managed,10.0,10.0,30.934,False,200,
1787684468.101747,managed,10.0,10.0,25.963,False,200,
1787684468.2017472,managed,10.0,10.0,31.593,False,200,
1787684468.301747,managed,10.0,10.0,35.364,False,200,
1787684468.4017472,managed,10.0,10.0,33.003,False,200,
1787684468.5017471,managed,10.0,10.0,37.261,False,200,
1787684468.601747,managed,10.0,10.0,34.365,False,200,
1787684468.7017472,managed,10.0,10.0,34.403,False,200,
1787684468.801747,managed,10.0,10.0,44.263,False,200,
1787684468.9017472,managed,10.0,10.0,32.944,False,200,
1787684469.0017471,managed,10.0,10.0,41.338,False,200,
1787684469.101747,managed,10.0,10.0,33.023,False,200,
1787684469.2017472,managed,10.0,10.0,46.161,False,200,
1787684469.301747,managed,10.0,10.0,36.654,False,200,
1787684469.4017472,managed,10.0,10.0,44.342,False,200,
1787684469.5017471,managed,10.0,10.0,45.784,False,200,
1787684469.601747,managed,10.0,10.0,37.518,False,200,
1787684469.7017472,managed,10.0,10.0,38.206,False,200,
1787684469.801747,managed,10.0,10.0,28.21,False,200,
1787684469.9017472,managed,10.0,10.0,38.245,False,200,
1787684470.0017471,managed,10.0,10.0,31.583,False,200,
1787684470.101747,managed,10.0,10.0,32.535,False,200,
1787684470.2017472,managed,10.0,10.0,26.319,False,200,
1787684470.301747,managed,10.0,10.0,41.374,False,200,
1787684470.4017472,managed,10.0,10.0,29.37,False,200,
1787684470.5017471,managed,10.0,10.0,31.527,False,200,
1787684470.601747,managed,10.0,10.0,29.222,False,200,
1787684470.7017472,managed,10.0,10.0,37.113,False,200,
1787684470.801747,managed,10.0,10.0,32.735,False,200,
1787684470.9017472,managed,10.0,10.0,33.796,False,200,
1787684471.0017471,managed,10.0,10.0,30.494,False,200,
1787684471.101747,managed,10.0,10.0,37.521,False,200,
1787684471.2017472,managed,10.0,10.0,37.146,False,200,
1787684471.301747,managed,10.0,10.0,28.409,False,200,
1787684471.4017472,managed,10.0,10.0,36.446,False,200,
1787684471.5017471,managed,10.0,10.0,32.33,False,200,
1787684471.601747,managed,10.0,10.0,30.314,False,200,
1787684471.7017472,managed,10.0,10.0,34.268,False,200,
1787684471.801747,managed,10.0,10.0,34.169,False,200,
1787684471.9017472,managed,10.0,10.0,29.847,False,200,
1787684472.0017471,managed,10.0,10.0,35.433,False,200,
1787684472.101747,managed,10.0,10.0,43.754,False,200,
1787684472.2017472,managed,10.0,10.0,33.636,False,200,
1787684472.301747,managed,10.0,10.0,35.097,False,200,
1787684472.4017472,managed,10.0,10.0,35.428,False,200,
1787684472.5017471,managed,10.0,10.0,38.397,False,200,
1787684472.601747,managed,10.0,10.0,30.14,False,200,
1787684472.7017472,managed,10.0,10.0,48.451,False,200,
1787684472.801747,managed,10.0,10.0,38.135,False,200,
1787684472.9017472,managed,10.0,10.0,34.097,False,200,
1787684473.0017471,managed,10.0,10.0,26.786,False,200,
1787684473.101747,managed,10.0,10.0,36.955,False,200,
1787684473.2017472,managed,10.0,10.0,40.11,False,200,
1787684473.301747,managed,10.0,10.0,42.263,False,200,
1787684473.4017472,managed,10.0,10.0,32.013,False,200,
1787684473.5017471,managed,10.0,10.0,25.801,False,200,
1787684473.601747,managed,10.0,10.0,35.429,False,200,
1787684473.7017472,managed,10.0,10.0,35.997,False,200,
1787684473.801747,managed,10.0,10.0,33.381,False,200,
1787684473.9017472,managed,10.0,10.0,34.673,False,200,
1787684474.0017471,managed,10.0,10.0,41.391,False,200,
1787684474.101747,managed,10.0,10.0,34.007,False,200,
1787684474.2017472,managed,10.0,10.0,36.233,False,200,
1787684474.301747,managed,10.0,10.0,27.47,False,200,
1787684474.4017472,managed,10.0,10.0,39.279,False,200,
1787684474.5017471,managed,10.0,10.0,27.828,False,200,
1787684474.601747,managed,10.0,10.0,38.629,False,200,
1787684474.7017472,managed,10.0,10.0,42.056,False,200,
1787684474.801747,managed,10.0,10.0,41.032,False,200,
1787684474.9017472,managed,10.0,10.0,37.992,False,200,
1787684475.0017471,managed,10.0,10.0,37.929,False,200,
1787684475.101747,managed,10.0,10.0,34.977,False,200,
1787684475.2017472,managed,10.0,10.0,30.846,False,200,
1787684475.301747,managed,10.0,10.0,30.123,False,200,
1787684475.4017472,managed,10.0,10.0,30.484,False,200,
1787684475.5017471,managed,10.0,10.0,30.946,False,200,
1787684475.601747,managed,10.0,10.0,32.052,False,200,
1787684475.7017472,managed,10.0,10.0,29.447,False,200,
1787684475.801747,managed,10.0,10.0,32.822,False,200,
1787684475.9017472,managed,10.0,10.0,41.971,False,200,
1787684476.0017471,managed,10.0,10.0,42.2,False,200,
1787684476.101747,managed,10.0,10.0,32.453,False,200,
1787684476.2017472,managed,10.0,10.0,37.318,False,200,
1787684476.301747,managed,10.0,10.0,39.959,False,200,
1787684476.4017472,managed,10.0,10.0,32.078,False,200,
1787684476.5017471,managed,10.0,10.0,42.107,False,200,
1787684476.601747,managed,10.0,10.0,36.216,False,200,
1787684476.7017472,managed,10.0,10.0,35.936,False,200,
1787684476.801747,managed,10.0,10.0,33.857,False,200,
1787684476.9017472,managed,10.0,10.0,32.005,False,200,
1787684477.0017471,managed,10.0,10.0,28.35,False,200,
1787684477.101747,managed,10.0,10.0,35.864,False,200,
1787684477.2017472,managed,10.0,10.0,40.131,False,200,
1787684477.301747,managed,10.0,10.0,38.407,False,200,
1787684477.4017472,managed,10.0,10.0,32.678,False,200,
1787684477.5017471,managed,10.0,10.0,26.914,False,200,
1787684477.601747,managed,10.0,10.0,40.843,False,200,
1787684477.7017472,managed,10.0,10.0,37.555,False,200,
1787684477.801747,managed,10.0,10.0,29.795,False,200,
1787684477.9017472,managed,10.0,10.0,35.935,False,200,
1787684478.0017471,managed,10.0,10.0,31.481,False,200,
1787684478.101747,managed,10.0,10.0,35.497,False,200,
1787684478.2017472,managed,10.0,10.0,35.943,False,200,
1787684478.301747,managed,10.0,10.0,36.147,False,200,
1787684478.4017472,managed,10.0,10.0,41.105,False,200,
1787684478.5017471,managed,10.0,10.0,39.24,False,200,
1787684478.601747,managed,10.0,10.0,32.635,False,200,
1787684478.7017472,managed,10.0,10.0,28.763,False,200,
1787684478.801747,managed,10.0,10.0,33.632,False,200,
1787684478.9017472,managed,10.0,10.0,35.153,False,200,
1787684479.0017471,managed,10.0,10.0,39.332,False,200,
1787684479.101747,managed,10.0,10.0,29.617,False,200,
1787684479.2017472,managed,10.0,10.0,35.693,False,200,
1787684479.301747,managed,10.0,10.0,33.856,False,200,
1787684479.4017472,managed,10.0,10.0,35.978,False,200,
1787684479.5017471,managed,10.0,10.0,29.4,False,200,
1787684479.601747,managed,10.0,10.0,48.896,False,200,
1787684479.7017472,managed,10.0,10.0,35.238,False,200,
1787684479.801747,managed,10.0,10.0,33.273,False,200,
1787684479.9017472,managed,10.0,10.0,38.681,False,200,
1787684480.0017471,managed,10.0,10.0,36.026,False,200,
1787684480.101747,managed,10.0,10.0,37.817,False,200,
1787684480.2017472,managed,10.0,10.0,42.113,False,200,
1787684480.301747,managed,10.0,10.0,44.249,False,200,
1787684480.4017472,managed,10.0,10.0,36.273,False,200,
1787684480.5017471,managed,10.0,10.0,33.46,False,200,
1787684480.601747,managed,10.0,10.0,29.717,False,200,
1787684480.7017472,managed,10.0,10.0,34.646,False,200,
1787684480.801747,managed,10.0,10.0,38.817,False,200,
1787684480.9017472,managed,10.0,10.0,33.953,False,200,
1787684481.0017471,managed,10.0,10.0,37.39,False,200,
1787684481.101747,managed,10.0,10.0,42.571,False,200,
1787684481.2017472,managed,10.0,10.0,38.983,False,200,
1787684481.301747,managed,10.0,10.0,32.893,False,200,
1787684481.4017472,managed,10.0,10.0,36.837,False,200,
1787684481.5017471,managed,10.0,10.0,43.833,False,200,
1787684481.601747,managed,10.0,10.0,31.381,False,200,
1787684481.7017472,managed,10.0,10.0,27.696,False,200,
1787684481.801747,managed,10.0,10.0,29.791,False,200,
1787684481.9017472,managed,10.0,10.0,48.112,False,200,
1787684482.0017471,managed,10.0,10.0,35.019,False,200,
1787684482.101747,managed,10.0,10.0,36.456,False,200,
1787684482.2017472,managed,10.0,10.0,34.062,False,200,
1787684482.301747,managed,10.0,10.0,35.899,False,200,
1787684482.4017472,managed,10.0,10.0,36.137,False,200,
1787684482.5017471,managed,10.0,10.0,44.996,False,200,
1787684482.601747,managed,10.0,10.0,35.371,False,200,
1787684482.7017472,managed,10.0,10.0,36.46,False,200,
1787684482.801747,managed,10.0,10.0,31.668,False,200,
1787684482.9017472,managed,10.0,10.0,43.376,False,200,
1787684483.0017471,managed,10.0,10.0,42.38,False,200,
1787684483.101747,managed,10.0,10.0,34.7,False,200,
1787684483.2017472,managed,10.0,10.0,31.733,False,200,
1787684483.301747,managed,10.0,10.0,40.905,False,200,
1787684483.4017472,managed,10.0,10.0,36.746,False,200,
1787684483.5017471,managed,10.0,10.0,36.517,False,200,
1787684483.601747,managed,10.0,10.0,32.314,False,200,
1787684483.7017472,managed,10.0,10.0,32.454,False,200,
1787684483.801747,managed,10.0,10.0,36.372,False,200,
1787684483.9017472,managed,10.0,10.0,35.773,False,200,
1787684484.0017471,managed,10.0,10.0,39.764,False,200,
1787684484.101747,managed,10.0,10.0,29.391,False,200,
1787684484.2017472,managed,10.0,10.0,35.525,False,200,
1787684484.301747,managed,10.0,10.0,34.794,False,200,
1787684484.4017472,managed,10.0,10.0,35.473,False,200,
1787684484.5017471,managed,10.0,10.0,31.086,False,200,
1787684484.601747,managed,10.0,10.0,33.213,False,200,
1787684484.7017472,managed,10.0,10.0,33.933,False,200,
1787684484.801747,managed,10.0,10.0,30.246,False,200,
1787684484.9017472,managed,10.0,10.0,38.911,False,200,
1787684485.0017471,managed,10.0,10.0,40.246,False,200,
1787684485.101747,managed,10.0,10.0,30.803,False,200,
1787684485.2017472,managed,10.0,10.0,44.457,False,200,
1787684485.301747,managed,10.0,10.0,40.673,False,200,
1787684485.4017472,managed,10.0,10.0,35.067,False,200,
1787684485.5017471,managed,10.0,10.0,37.489,False,200,
1787684485.601747,managed,10.0,10.0,33.404,False,200,
1787684485.7017472,managed,10.0,10.0,47.633,False,200,
1787684485.801747,managed,10.0,10.0,32.829,False,200,
1787684485.9017472,managed,10.0,10.0,30.971,False,200,
1787684486.0017471,managed,10.0,10.0,39.946,False,200,
1787684486.101747,managed,10.0,10.0,45.525,False,200,
1787684486.2017472,managed,10.0,10.0,32.511,False,200,
1787684486.301747,managed,10.0,10.0,34.137,False,200,
1787684486.4017472,managed,10.0,10.0,41.209,False,200,
1787684486.5017471,managed,10.0,10.0,41.24,False,200,
1787684486.601747,managed,10.0,10.0,28.059,False,200,
1787684486.7017472,managed,10.0,10.0,34.807,False,200,
1787684486.801747,managed,10.0,10.0,37.403,False,200,
1787684486.9017472,managed,10.0,10.0,39.163,False,200,
1787684487.0017471,managed,10.0,10.0,36.698,False,200,
1787684487.101747,managed,10.0,10.0,32.274,False,200,
1787684487.2017472,managed,10.0,10.0,35.077,False,200,
1787684487.301747,managed,10.0,10.0,31.058,False,200,
1787684487.4017472,managed,10.0,10.0,44.064,False,200,
1787684487.5017471,managed,10.0,10.0,29.348,False,200,
1787684487.601747,managed,10.0,10.0,42.871,False,200,
1787684487.7017472,managed,10.0,10.0,35.136,False,200,
1787684487.801747,managed,10.0,10.0,32.208,False,200,
1787684487.9017472,managed,10.0,10.0,27.632,False,200,
1787684488.0017471,managed,10.0,10.0,35.793,False,200,
1787684488.101747,managed,10.0,10.0,33.058,False,200,
1787684488.2017472,managed,10.0,10.0,30.582,False,200,
1787684488.301747,managed,10.0,10.0,35.131,False,200,
1787684488.4017472,managed,10.0,10.0,30.615,False,200,
1787684488.5017471,managed,10.0,10.0,38.236,False,200,
1787684488.601747,managed,10.0,10.0,25.811,False,200,
1787684488.7017472,managed,10.0,10.0,31.276,False,200,
1787684488.801747,managed,10.0,10.0,36.379,False,200,
1787684488.9017472,managed,10.0,10.0,31.849,False,200,
1787684489.0017471,managed,10.0,10.0,30.195,False,200,
1787684489.101747,managed,10.0,10.0,37.063,False,200,
1787684489.2017472,managed,10.0,10.0,34.59,False,200,
1787684489.301747,managed,10.0,10.0,42.686,False,200,
1787684489.4017472,managed,10.0,10.0,39.632,False,200,
1787684489.5017471,managed,10.0,10.0,31.863,False,200,
1787684489.601747,managed,10.0,10.0,36.103,False,200,
1787684489.7017472,managed,10.0,10.0,35.087,False,200,
1787684489.801747,managed,10.0,10.0,33.624,False,200,
1787684489.9017472,managed,10.0,10.0,40.447,False,200,
1787684490.0017471,managed,10.0,10.0,31.331,False,200,
1787684490.101747,managed,10.0,10.0,24.629,False,200,
1787684490.2017472,managed,10.0,10.0,33.989,False,200,
1787684490.301747,managed,10.0,10.0,47.119,False,200,
1787684490.4017472,managed,10.0,10.0,44.281,False,200,
1787684490.5017471,managed,10.0,10.0,40.751,False,200,
1787684490.601747,managed,10.0,10.0,43.349,False,200,
1787684490.7017472,managed,10.0,10.0,37.494,False,200,
1787684490.801747,managed,10.0,10.0,31.395,False,200,
1787684490.9017472,managed,10.0,10.0,35.868,False,200,
1787684491.0017471,managed,10.0,10.0,30.661,False,200,
1787684491.101747,managed,10.0,10.0,30.316,False,200,
1787684491.2017472,managed,10.0,10.0,33.954,False,200,
1787684491.301747,managed,10.0,10.0,37.265,False,200,
1787684491.4017472,managed,10.0,10.0,40.126,False,200,
1787684491.5017471,managed,10.0,10.0,41.447,False,200,
1787684491.601747,managed,10.0,10.0,31.034,False,200,
1787684491.7017472,managed,10.0,10.0,38.802,False,200,
1787684491.801747,managed,10.0,10.0,37.759,False,200,
1787684491.9017472,managed,10.0,10.0,36.065,False,200,
1787684492.0017471,managed,10.0,10.0,42.286,False,200,
1787684492.101747,managed,10.0,10.0,47.284,False,200,
1787684492.2017472,managed,10.0,10.0,40.978,False,200,
1787684492.301747,managed,10.0,10.0,32.857,False,200,
1787684492.4017472,managed,10.0,10.0,37.769,False,200,
1787684492.5017471,managed,10.0,10.0,33.201,False,200,
1787684492.601747,managed,10.0,10.0,42.1,False,200,
1787684492.7017472,managed,10.0,10.0,37.498,False,200,
1787684492.801747,managed,10.0,10.0,32.764,False,200,
1787684492.9017472,managed,10.0,10.0,34.605,False,200,
1787684493.0017471,managed,10.0,10.0,30.401,False,200,
1787684493.101747,managed,10.0,10.0,38.206,False,200,
1787684493.2017472,managed,10.0,10.0,31.831,False,200,
1787684493.301747,managed,10.0,10.0,39.039,False,200,
1787684493.4017472,managed,10.0,10.0,38.59,False,200,
1787684493.5017471,managed,10.0,10.0,28.175,False,200,
1787684493.601747,managed,10.0,10.0,40.771,False,200,
1787684493.7017472,managed,10.0,10.0,32.414,False,200,
1787684493.801747,managed,10.0,10.0,32.448,False,200,
1787684493.9017472,managed,10.0,10.0,32.106,False,200,
1787684494.0017471,managed,10.0,10.0,35.198,False,200,
1787684494.101747,managed,10.0,10.0,33.83,False,200,
1787684494.2017472,managed,10.0,10.0,38.663,False,200,
1787684494.301747,managed,10.0,10.0,47.157,False,200,
1787684494.4017472,managed,10.0,10.0,27.933,False,200,
1787684494.5017471,managed,10.0,10.0,33.54,False,200,
1787684494.601747,managed,10.0,10.0,40.127,False,200,
1787684494.7017472,managed,10.0,10.0,31.576,False,200,
1787684494.801747,managed,10.0,10.0,32.57,False,200,
1787684494.9017472,managed,10.0,10.0,28.603,False,200,
1787684495.0017471,managed,10.0,10.0,34.821,False,200,
1787684495.101747,managed,10.0,10.0,36.497,False,200,
1787684495.2017472,managed,10.0,10.0,33.498,False,200,
1787684495.301747,managed,10.0,10.0,34.882,False,200,
1787684495.4017472,managed,10.0,10.0,40.062,False,200,
1787684495.5017471,managed,10.0,10.0,36.898,False,200,
1787684495.601747,managed,10.0,10.0,30.721,False,200,
1787684495.7017472,managed,10.0,10.0,31.382,False,200,
1787684495.801747,managed,10.0,10.0,25.033,False,200,
1787684495.9017472,managed,10.0,10.0,32.733,False,200,
1787684496.0017471,managed,10.0,10.0,36.917,False,200,
1787684496.101747,managed,10.0,10.0,32.991,False,200,
1787684496.2017472,managed,10.0,10.0,31.911,False,200,
1787684496.301747,managed,10.0,10.0,42.146,False,200,
1787684496.4017472,managed,10.0,10.0,33.056,False,200,
1787684496.5017471,managed,10.0,10.0,43.762,False,200,
1787684496.601747,managed,10.0,10.0,38.061,False,200,
1787684496.7017472,managed,10.0,10.0,29.086,False,200,
1787684496.801747,managed,10.0,10.0,30.52,False,200,
1787684496.9017472,managed,10.0,10.0,34.67,False,200,
1787684497.0017471,managed,10.0,10.0,42.713,False,200,
1787684497.101747,managed,10.0,10.0,45.688,False,200,
1787684497.2017472,managed,10.0,10.0,34.742,False,200,
1787684497.301747,managed,10.0,10.0,44.08,False,200,
1787684497.4017472,managed,10.0,10.0,36.006,False,200,
1787684497.5017471,managed,10.0,10.0,40.445,False,200,
1787684497.601747,managed,10.0,10.0,33.716,False,200,
1787684497.7017472,managed,10.0,10.0,37.946,False,200,
1787684497.801747,managed,10.0,10.0,33.415,False,200,
1787684497.9017472,managed,10.0,10.0,32.298,False,200,
1787684498.0017471,managed,10.0,10.0,26.868,False,200,
1787684498.101747,managed,10.0,10.0,27.864,False,200,
1787684498.2017472,managed,10.0,10.0,35.403,False,200,
1787684498.301747,managed,10.0,10.0,30.422,False,200,
1787684498.4017472,managed,10.0,10.0,30.991,False,200,
1787684498.5017471,managed,10.0,10.0,25.601,False,200,
1787684498.601747,managed,10.0,10.0,41.172,False,200,
1787684498.7017472,managed,10.0,10.0,37.081,False,200,
1787684498.801747,managed,10.0,10.0,29.44,False,200,
1787684498.9017472,managed,10.0,10.0,35.644,False,200,
1787684499.0017471,managed,10.0,10.0,29.697,False,200,
1787684499.101747,managed,10.0,10.0,39.746,False,200,
1787684499.2017472,managed,10.0,10.0,33.971,False,200,
1787684499.301747,managed,10.0,10.0,45.388,False,200,
1787684499.4017472,managed,10.0,10.0,31.911,False,200,
1787684499.5017471,managed,10.0,10.0,32.144,False,200,
1787684499.601747,managed,10.0,10.0,32.672,False,200,
1787684499.7017472,managed,10.0,10.0,32.483,False,200,
1787684499.801747,managed,10.0,10.0,26.142,False,200,
1787684499.9017472,managed,10.0,10.0,33.751,False,200,
1787684500.0017471,managed,10.0,10.0,36.01,False,200,
1787684500.101747,managed,10.0,10.0,35.594,False,200,
1787684500.2017472,managed,10.0,10.0,35.172,False,200,
1787684500.301747,managed,10.0,10.0,40.076,False,200,
1787684500.4017472,managed,10.0,10.0,37.929,False,200,
1787684500.5017471,managed,10.0,10.0,28.118,False,200,
1787684500.601747,managed,10.0,10.0,28.187,False,200,
1787684500.7017472,managed,10.0,10.0,43.09,False,200,
1787684500.801747,managed,10.0,10.0,46.964,False,200,
1787684500.9017472,managed,10.0,10.0,42.644,False,200,
1787684501.0017471,managed,10.0,10.0,34.932,False,200,
1787684501.101747,managed,10.0,10.0,39.253,False,200,
1787684501.2017472,managed,10.0,10.0,36.323,False,200,
1787684501.301747,managed,10.0,10.0,34.421,False,200,
1787684501.4017472,managed,10.0,10.0,41.403,False,200,
1787684501.5017471,managed,10.0,10.0,45.375,False,200,
1787684501.601747,managed,10.0,10.0,33.891,False,200,
1787684501.7017472,managed,10.0,10.0,35.036,False,200,
1787684501.801747,managed,10.0,10.0,33.564,False,200,
1787684501.9017472,managed,10.0,10.0,34.154,False,200,
1787684502.0017471,managed,10.0,10.0,44.974,False,200,
1787684502.101747,managed,10.0,10.0,41.157,False,200,
1787684502.2017472,managed,10.0,10.0,37.633,False,200,
1787684502.301747,managed,10.0,10.0,37.807,False,200,
1787684502.4017472,managed,10.0,10.0,40.846,False,200,
1787684502.5017471,managed,10.0,10.0,38.78,False,200,
1787684502.601747,managed,10.0,10.0,37.147,False,200,
1787684502.7017472,managed,10.0,10.0,35.041,False,200,
1787684502.801747,managed,10.0,10.0,36.717,False,200,
1787684502.9017472,managed,10.0,10.0,39.217,False,200,
1787684503.0017471,managed,10.0,10.0,36.716,False,200,
1787684503.101747,managed,10.0,10.0,31.983,False,200,
1787684503.2017472,managed,10.0,10.0,32.242,False,200,
1787684503.301747,managed,10.0,10.0,42.557,False,200,
1787684503.4017472,managed,10.0,10.0,37.387,False,200,
1787684503.5017471,managed,10.0,10.0,31.152,False,200,
1787684503.601747,managed,10.0,10.0,39.1,False,200,
1787684503.7017472,managed,10.0,10.0,36.19,False,200,
1787684503.801747,managed,10.0,10.0,37.297,False,200,
1787684503.9017472,managed,10.0,10.0,38.178,False,200,
1787684504.0017471,managed,10.0,10.0,39.558,False,200,
1787684504.101747,managed,10.0,10.0,42.935,False,200,
1787684504.2017472,managed,10.0,10.0,32.549,False,200,
1787684504.301747,managed,10.0,10.0,36.033,False,200,
1787684504.4017472,managed,10.0,10.0,39.108,False,200,
1787684504.5017471,managed,10.0,10.0,31.056,False,200,
1787684504.601747,managed,10.0,10.0,35.104,False,200,
1787684504.7017472,managed,10.0,10.0,31.649,False,200,
1787684504.801747,managed,10.0,10.0,31.684,False,200,
1787684504.9017472,managed,10.0,10.0,34.41,False,200,
1787684505.0017471,managed,10.0,10.0,29.095,False,200,
1787684505.101747,managed,10.0,10.0,25.809,False,200,
1787684505.2017472,managed,10.0,10.0,29.092,False,200,
1787684505.301747,managed,10.0,10.0,44.06,False,200,
1787684505.4017472,managed,10.0,10.0,42.194,False,200,
1787684505.5017471,managed,10.0,10.0,34.296,False,200,
1787684505.601747,managed,10.0,10.0,38.508,False,200,
1787684505.7017472,managed,10.0,10.0,38.563,False,200,
1787684505.801747,managed,10.0,10.0,29.424,False,200,
1787684505.9017472,managed,10.0,10.0,32.622,False,200,
1787684506.0017471,managed,10.0,10.0,42.036,False,200,
1787684506.101747,managed,10.0,10.0,37.611,False,200,
1787684506.2017472,managed,10.0,10.0,35.44,False,200,
1787684506.301747,managed,10.0,10.0,35.056,False,200,
1787684506.4017472,managed,10.0,10.0,39.952,False,200,
1787684506.5017471,managed,10.0,10.0,37.219,False,200,
1787684506.601747,managed,10.0,10.0,35.009,False,200,
1787684506.7017472,managed,10.0,10.0,33.445,False,200,
1787684506.801747,managed,10.0,10.0,31.205,False,200,
1787684506.9017472,managed,10.0,10.0,45.014,False,200,
1787684507.0017471,managed,10.0,10.0,30.062,False,200,
1787684507.101747,managed,10.0,10.0,36.465,False,200,
1787684507.2017472,managed,10.0,10.0,38.737,False,200,
1787684507.301747,managed,10.0,10.0,36.016,False,200,
1787684507.4017472,managed,10.0,10.0,42.501,False,200,
1787684507.5017471,managed,10.0,10.0,28.661,False,200,
1787684507.601747,managed,10.0,10.0,33.011,False,200,
1787684507.7017472,managed,10.0,10.0,34.797,False,200,
1787684507.801747,managed,10.0,10.0,26.113,False,200,
1787684507.9017472,managed,10.0,10.0,37.046,False,200,
1787684508.0017471,managed,10.0,10.0,44.749,False,200,
1787684508.101747,managed,10.0,10.0,35.877,False,200,
1787684508.2017472,managed,10.0,10.0,38.187,False,200,
1787684508.301747,managed,10.0,10.0,32.73,False,200,
1787684508.4017472,managed,10.0,10.0,38.362,False,200,
1787684508.5017471,managed,10.0,10.0,33.868,False,200,
1787684508.601747,managed,10.0,10.0,32.959,False,200,
1787684508.7017472,managed,10.0,10.0,34.608,False,200,
1787684508.801747,managed,10.0,10.0,39.342,False,200,
1787684508.9017472,managed,10.0,10.0,36.484,False,200,
1787684509.0017471,managed,10.0,10.0,36.884,False,200,
1787684509.101747,managed,10.0,10.0,35.414,False,200,
1787684509.2017472,managed,10.0,10.0,37.334,False,200,
1787684509.301747,managed,10.0,10.0,41.083,False,200,
1787684509.4017472,managed,10.0,10.0,36.241,False,200,
1787684509.5017471,managed,10.0,10.0,29.776,False,200,
1787684509.601747,managed,10.0,10.0,31.104,False,200,
1787684509.7017472,managed,10.0,10.0,33.257,False,200,
1787684509.801747,managed,10.0,10.0,29.607,False,200,
1787684509.9017472,managed,10.0,10.0,42.37,False,200,
1787684510.0017471,managed,10.0,10.0,31.336,False,200,
1787684510.101747,managed,10.0,10.0,37.198,False,200,
1787684510.2017472,managed,10.0,10.0,36.731,False,200,
1787684510.301747,managed,10.0,10.0,33.893,False,200,
1787684510.4017472,managed,10.0,10.0,33.008,False,200,
1787684510.5017471,managed,10.0,10.0,33.035,False,200,
1787684510.601747,managed,10.0,10.0,31.584,False,200,
1787684510.7017472,managed,10.0,10.0,38.779,False,200,
1787684510.801747,managed,10.0,10.0,34.03,False,200,
1787684510.9017472,managed,10.0,10.0,32.887,False,200,
1787684511.0017471,managed,10.0,10.0,34.665,False,200,
1787684511.101747,managed,10.0,10.0,38.026,False,200,
1787684511.2017472,managed,10.0,10.0,37.697,False,200,
1787684511.301747,managed,10.0,10.0,39.109,False,200,
1787684511.4017472,managed,10.0,10.0,36.836,False,200,
1787684511.5017471,managed,10.0,10.0,44.829,False,200,
1787684511.601747,managed,10.0,10.0,36.006,False,200,
1787684511.7017472,managed,10.0,10.0,26.891,False,200,
1787684511.801747,managed,10.0,10.0,30.258,False,200,
1787684511.9017472,managed,10.0,10.0,31.13,False,200,
1787684512.0017471,managed,10.0,10.0,31.058,False,200,
1787684512.101747,managed,10.0,10.0,36.172,False,200,
1787684512.2017472,managed,10.0,10.0,28.817,False,200,
1787684512.301747,managed,10.0,10.0,32.467,False,200,
1787684512.4017472,managed,10.0,10.0,31.615,False,200,
1787684512.5017471,managed,10.0,10.0,37.141,False,200,
1787684512.601747,managed,10.0,10.0,37.889,False,200,
1787684512.7017472,managed,10.0,10.0,38.878,False,200,
1787684512.801747,managed,10.0,10.0,41.26,False,200,
1787684512.9017472,managed,10.0,10.0,34.258,False,200,
1787684513.0017471,managed,10.0,10.0,32.831,False,200,
1787684513.101747,managed,10.0,10.0,34.323,False,200,
1787684513.2017472,managed,10.0,10.0,36.484,False,200,
1787684513.301747,managed,10.0,10.0,39.38,False,200,
1787684513.4017472,managed,10.0,10.0,41.954,False,200,
1787684513.5017471,managed,10.0,10.0,37.999,False,200,
1787684513.601747,managed,10.0,10.0,37.953,False,200,
1787684513.7017472,managed,10.0,10.0,41.836,False,200,
1787684513.801747,managed,10.0,10.0,32.552,False,200,
1787684513.9017472,managed,10.0,10.0,34.892,False,200,
1787684514.0017471,managed,10.0,10.0,35.826,False,200,
1787684514.101747,managed,10.0,10.0,30.907,False,200,
1787684514.2017472,managed,10.0,10.0,41.697,False,200,
1787684514.301747,managed,10.0,10.0,31.955,False,200,
1787684514.4017472,managed,10.0,10.0,46.04,False,200,
1787684514.5017471,managed,10.0,10.0,37.456,False,200,
1787684514.601747,managed,10.0,10.0,31.167,False,200,
1787684514.7017472,managed,10.0,10.0,31.053,False,200,
1787684514.801747,managed,10.0,10.0,39.926,False,200,
1787684514.9017472,managed,10.0,10.0,35.27,False,200,
1787684515.0017471,managed,10.0,10.0,38.32,False,200,
1787684515.101747,managed,10.0,10.0,41.698,False,200,
1787684515.2017472,managed,10.0,10.0,31.034,False,200,
1787684515.301747,managed,10.0,10.0,47.485,False,200,
1787684515.4017472,managed,10.0,10.0,34.181,False,200,
1787684515.5017471,managed,10.0,10.0,43.904,False,200,
1787684515.601747,managed,10.0,10.0,38.568,False,200,
1787684515.7017472,managed,10.0,10.0,43.287,False,200,
1787684515.801747,managed,10.0,10.0,34.753,False,200,
1787684515.9017472,managed,10.0,10.0,29.899,False,200,
1787684516.0017471,managed,10.0,10.0,29.994,False,200,
1787684516.101747,managed,10.0,10.0,27.84,False,200,
1787684516.2017472,managed,10.0,10.0,26.492,False,200,
1787684516.301747,managed,10.0,10.0,36.513,False,200,
1787684516.4017472,managed,10.0,10.0,34.237,False,200,
1787684516.5017471,managed,10.0,10.0,26.747,False,200,
1787684516.601747,managed,10.0,10.0,32.222,False,200,
1787684516.7017472,managed,10.0,10.0,36.682,False,200,
1787684516.801747,managed,10.0,10.0,33.904,False,200,
1787684516.9017472,managed,10.0,10.0,37.08,False,200,
1787684517.0017471,managed,10.0,10.0,28.752,False,200,
1787684517.101747,managed,10.0,10.0,43.346,False,200,
1787684517.2017472,managed,10.0,10.0,45.615,False,200,
1787684517.301747,managed,10.0,10.0,43.015,False,200,
1787684517.4017472,managed,10.0,10.0,27.507,False,200,
1787684517.5017471,managed,10.0,10.0,37.54,False,200,
1787684517.601747,managed,10.0,10.0,30.372,False,200,
1787684517.7017472,managed,10.0,10.0,28.727,False,200,
1787684517.801747,managed,10.0,10.0,31.364,False,200,
1787684517.9017472,managed,10.0,10.0,33.653,False,200,
1787684518.0017471,managed,10.0,10.0,30.371,False,200,
1787684518.101747,managed,10.0,10.0,47.298,False,200,
1787684518.2017472,managed,10.0,10.0,44.232,False,200,
1787684518.301747,managed,10.0,10.0,31.628,False,200,
1787684518.4017472,managed,10.0,10.0,35.442,False,200,
1787684518.5017471,managed,10.0,10.0,30.722,False,200,
1787684518.601747,managed,10.0,10.0,38.932,False,200,
1787684518.7017472,managed,10.0,10.0,30.388,False,200,
1787684518.801747,managed,10.0,10.0,40.553,False,200,
1787684518.9017472,managed,10.0,10.0,37.637,False,200,
1787684519.0017471,managed,10.0,10.0,29.124,False,200,
1787684519.101747,managed,10.0,10.0,25.112,False,200,
1787684519.2017472,managed,10.0,10.0,39.403,False,200,
1787684519.301747,managed,10.0,10.0,38.526,False,200,
1787684519.4017472,managed,10.0,10.0,26.303,False,200,
1787684519.5017471,managed,10.0,10.0,31.654,False,200,
1787684519.601747,managed,10.0,10.0,32.076,False,200,
1787684519.7017472,managed,10.0,10.0,31.632,False,200,
1787684519.801747,managed,10.0,10.0,27.616,False,200,
1787684519.9017472,managed,10.0,10.0,29.826,False,200,
1787684520.0017471,managed,10.0,10.0,37.069,False,200,
1787684520.101747,managed,10.0,10.0,44.025,False,200,
1787684520.2017472,managed,10.0,10.0,39.434,False,200,
1787684520.301747,managed,10.0,10.0,34.333,False,200,
1787684520.4017472,managed,10.0,10.0,37.169,False,200,
1787684520.5017471,managed,10.0,10.0,43.75,False,200,
1787684520.601747,managed,10.0,10.0,41.551,False,200,
1787684520.7017472,managed,10.0,10.0,33.031,False,200,
1787684520.801747,managed,10.0,10.0,32.534,False,200,
1787684520.9017472,managed,10.0,10.0,33.001,False,200,
1787684521.0017471,managed,10.0,10.0,32.21,False,200,
1787684521.101747,managed,10.0,10.0,33.814,False,200,
1787684521.2017472,managed,10.0,10.0,26.024,False,200,
1787684521.301747,managed,10.0,10.0,29.408,False,200,
1787684521.4017472,managed,10.0,10.0,32.488,False,200,
1787684521.5017471,managed,10.0,10.0,42.637,False,200,
1787684521.601747,managed,10.0,10.0,29.366,False,200,
1787684521.7017472,managed,10.0,10.0,38.662,False,200,
1787684521.801747,managed,10.0,10.0,40.625,False,200,
1787684521.9017472,managed,10.0,10.0,30.79,False,200,
1787684522.0017471,managed,10.0,10.0,36.185,False,200,
1787684522.101747,managed,10.0,10.0,39.466,False,200,
1787684522.2017472,managed,10.0,10.0,34.241,False,200,
1787684522.301747,managed,10.0,10.0,28.4,False,200,
1787684522.4017472,managed,10.0,10.0,32.172,False,200,
1787684522.5017471,managed,10.0,10.0,32.839,False,200,
1787684522.601747,managed,10.0,10.0,30.678,False,200,
1787684522.7017472,managed,10.0,10.0,32.683,False,200,
1787684522.801747,managed,10.0,10.0,38.253,False,200,
1787684522.9017472,managed,10.0,10.0,33.563,False,200,
1787684523.0017471,managed,10.0,10.0,28.486,False,200,
1787684523.101747,managed,10.0,10.0,31.528,False,200,
1787684523.2017472,managed,10.0,10.0,38.059,False,200,
1787684523.301747,managed,10.0,10.0,30.448,False,200,
1787684523.4017472,managed,10.0,10.0,25.635,False,200,
1787684523.5017471,managed,10.0,10.0,42.705,False,200,
1787684523.601747,managed,10.0,10.0,32.867,False,200,
1787684523.7017472,managed,10.0,10.0,36.393,False,200,
1787684523.801747,managed,10.0,10.0,34.189,False,200,
1787684523.9017472,managed,10.0,10.0,33.761,False,200,
1787684524.0017471,managed,10.0,10.0,43.194,False,200,
1787684524.101747,managed,10.0,10.0,39.513,False,200,
1787684524.2017472,managed,10.0,10.0,35.854,False,200,
1787684524.301747,managed,10.0,10.0,31.038,False,200,
1787684524.4017472,managed,10.0,10.0,46.716,False,200,
1787684524.5017471,managed,10.0,10.0,28.245,False,200,
1787684524.601747,managed,10.0,10.0,31.107,False,200,
1787684524.7017472,managed,10.0,10.0,34.187,False,200,
1787684524.801747,managed,10.0,10.0,56.509,False,200,
1787684524.9017472,managed,10.0,10.0,33.967,False,200,
1787684525.0017471,managed,10.0,10.0,36.555,False,200,
1787684525.101747,managed,10.0,10.0,31.743,False,200,
1787684525.2017472,managed,10.0,10.0,37.072,False,200,
1787684525.301747,managed,10.0,10.0,27.397,False,200,
1787684525.4017472,managed,10.0,10.0,30.61,False,200,
1787684525.5017471,managed,10.0,10.0,39.198,False,200,
1787684525.601747,managed,10.0,10.0,34.159,False,200,
1787684525.7017472,managed,10.0,10.0,26.554,False,200,
1787684525.801747,managed,10.0,10.0,37.5,False,200,
1787684525.9017472,managed,10.0,10.0,50.203,False,200,
1787684526.0017471,managed,10.0,10.0,29.823,False,200,
1787684526.101747,managed,10.0,10.0,34.464,False,200,
1787684526.2017472,managed,10.0,10.0,32.451,False,200,
1787684526.301747,managed,10.0,10.0,31.572,False,200,
1787684526.4017472,managed,10.0,10.0,37.033,False,200,
1787684526.5017471,managed,10.0,10.0,30.0,False,200,
1787684526.601747,managed,10.0,10.0,40.005,False,200,
1787684526.7017472,managed,10.0,10.0,38.004,False,200,
1787684526.801747,managed,10.0,10.0,42.748,False,200,
1787684526.9017472,managed,10.0,10.0,38.062,False,200,
1787684527.0017471,managed,10.0,10.0,30.782,False,200,
1787684527.101747,managed,10.0,10.0,36.23,False,200,
1787684527.2017472,managed,10.0,10.0,35.661,False,200,
1787684527.301747,managed,10.0,10.0,38.669,False,200,
1787684527.4017472,managed,10.0,10.0,47.428,False,200,
1787684527.5017471,managed,10.0,10.0,31.326,False,200,
1787684527.601747,managed,10.0,10.0,41.303,False,200,
1787684527.7017472,managed,10.0,10.0,34.167,False,200,
1787684527.801747,managed,10.0,10.0,41.819,False,200,
1787684527.9017472,managed,10.0,10.0,45.079,False,200,
1787684528.0017471,managed,10.0,10.0,25.588,False,200,
1787684528.101747,managed,10.0,10.0,35.067,False,200,
1787684528.2017472,managed,10.0,10.0,37.076,False,200,
1787684528.301747,managed,10.0,10.0,24.756,False,200,
1787684528.4017472,managed,10.0,10.0,33.503,False,200,
1787684528.5017471,managed,10.0,10.0,32.203,False,200,
1787684528.601747,managed,10.0,10.0,28.828,False,200,
1787684528.7017472,managed,10.0,10.0,31.894,False,200,
1787684528.801747,managed,10.0,10.0,50.911,False,200,
1787684528.9017472,managed,10.0,10.0,54.773,False,200,
1787684529.0017471,managed,10.0,10.0,44.286,False,200,
1787684529.101747,managed,10.0,10.0,42.167,False,200,
1787684529.2017472,managed,10.0,10.0,47.595,False,200,
1787684529.301747,managed,10.0,10.0,45.036,False,200,
1787684529.4017472,managed,10.0,10.0,36.143,False,200,
1787684529.5017471,managed,10.0,10.0,36.011,False,200,
1787684529.601747,managed,10.0,10.0,53.964,False,200,
1787684529.7017472,managed,10.0,10.0,34.709,False,200,
1787684529.801747,managed,10.0,10.0,32.376,False,200,
1787684529.9017472,managed,10.0,10.0,37.695,False,200,
1787684530.0017471,managed,10.0,10.0,44.766,False,200,
1787684530.101747,managed,10.0,10.0,40.812,False,200,
1787684530.2017472,managed,10.0,10.0,34.928,False,200,
1787684530.301747,managed,10.0,10.0,34.525,False,200,
1787684530.4017472,managed,10.0,10.0,41.973,False,200,
1787684530.5017471,managed,10.0,10.0,37.823,False,200,
1787684530.601747,managed,10.0,10.0,29.065,False,200,
1787684530.7017472,managed,10.0,10.0,32.313,False,200,
1787684530.801747,managed,10.0,10.0,28.726,False,200,
1787684530.9017472,managed,10.0,10.0,44.8,False,200,
1787684531.0017471,managed,10.0,10.0,32.278,False,200,
1787684531.101747,managed,10.0,10.0,41.487,False,200,
1787684531.2017472,managed,10.0,10.0,34.925,False,200,
1787684531.301747,managed,10.0,10.0,37.239,False,200,
1787684531.4017472,managed,10.0,10.0,27.829,False,200,
1787684531.5017471,managed,10.0,10.0,38.541,False,200,
1787684531.601747,managed,10.0,10.0,32.946,False,200,
1787684531.7017472,managed,10.0,10.0,33.796,False,200,
1787684531.801747,managed,10.0,10.0,44.762,False,200,
1787684531.9017472,managed,10.0,10.0,36.404,False,200,
1787684532.0017471,managed,10.0,10.0,34.897,False,200,
1787684532.101747,managed,10.0,10.0,53.291,False,200,
1787684532.2017472,managed,10.0,10.0,33.115,False,200,
1787684532.301747,managed,10.0,10.0,35.063,False,200,
1787684532.4017472,managed,10.0,10.0,31.781,False,200,
1787684532.5017471,managed,10.0,10.0,39.227,False,200,
1787684532.601747,managed,10.0,10.0,40.251,False,200,
1787684532.7017472,managed,10.0,10.0,32.806,False,200,
1787684532.801747,managed,10.0,10.0,36.618,False,200,
1787684532.9017472,managed,10.0,10.0,38.379,False,200,
1787684533.0017471,managed,10.0,10.0,37.841,False,200,
1787684533.101747,managed,10.0,10.0,40.141,False,200,
1787684533.2017472,managed,10.0,10.0,24.969,False,200,
1787684533.301747,managed,10.0,10.0,32.633,False,200,
1787684533.4017472,managed,10.0,10.0,37.718,False,200,
1787684533.5017471,managed,10.0,10.0,43.915,False,200,
1787684533.601747,managed,10.0,10.0,31.373,False,200,
1787684533.7017472,managed,10.0,10.0,31.449,False,200,
1787684533.801747,managed,10.0,10.0,33.132,False,200,
1787684533.9017472,managed,10.0,10.0,30.692,False,200,
1787684534.0017471,managed,10.0,10.0,31.75,False,200,
1787684534.101747,managed,10.0,10.0,31.517,False,200,
1787684534.2017472,managed,10.0,10.0,32.086,False,200,
1787684534.301747,managed,10.0,10.0,37.423,False,200,
1787684534.4017472,managed,10.0,10.0,34.25,False,200,
1787684534.5017471,managed,10.0,10.0,42.375,False,200,
1787684534.601747,managed,10.0,10.0,52.453,False,200,
1787684534.7017472,managed,10.0,10.0,39.998,False,200,
1787684534.801747,managed,10.0,10.0,35.831,False,200,
1787684534.9017472,managed,10.0,10.0,37.321,False,200,
1787684535.0017471,managed,10.0,10.0,36.687,False,200,
1787684535.101747,managed,10.0,10.0,36.482,False,200,
1787684535.2017472,managed,10.0,10.0,34.051,False,200,
1787684535.301747,managed,10.0,10.0,32.879,False,200,
1787684535.4017472,managed,10.0,10.0,37.375,False,200,
1787684535.5017471,managed,10.0,10.0,40.541,False,200,
1787684535.601747,managed,10.0,10.0,26.471,False,200,
1787684535.7017472,managed,10.0,10.0,34.025,False,200,
1787684535.801747,managed,10.0,10.0,28.511,False,200,
1787684535.9017472,managed,10.0,10.0,31.581,False,200,
1787684536.0017471,managed,10.0,10.0,39.69,False,200,
1787684536.101747,managed,10.0,10.0,38.824,False,200,
1787684536.2017472,managed,10.0,10.0,34.231,False,200,
1787684536.301747,managed,10.0,10.0,33.376,False,200,
1787684536.4017472,managed,10.0,10.0,38.632,False,200,
1787684536.5017471,managed,10.0,10.0,30.753,False,200,
1787684536.601747,managed,10.0,10.0,33.831,False,200,
1787684536.7017472,managed,10.0,10.0,40.376,False,200,
1787684536.801747,managed,10.0,10.0,35.91,False,200,
1787684536.9017472,managed,10.0,10.0,34.661,False,200,
1787684537.0017471,managed,10.0,10.0,33.445,False,200,
1787684537.101747,managed,10.0,10.0,32.329,False,200,
1787684537.2017472,managed,10.0,10.0,33.849,False,200,
1787684537.301747,managed,10.0,10.0,31.391,False,200,
1787684537.4017472,managed,10.0,10.0,32.479,False,200,
1787684537.5017471,managed,10.0,10.0,27.095,False,200,
1787684537.601747,managed,10.0,10.0,29.811,False,200,
1787684537.7017472,managed,10.0,10.0,31.556,False,200,
1787684537.801747,managed,10.0,10.0,34.158,False,200,
1787684537.9017472,managed,10.0,10.0,42.208,False,200,
1787684538.0017471,managed,10.0,10.0,28.112,False,200,
1787684538.101747,managed,10.0,10.0,36.039,False,200,
1787684538.2017472,managed,10.0,10.0,43.184,False,200,
1787684538.301747,managed,10.0,10.0,39.541,False,200,
1787684538.4017472,managed,10.0,10.0,36.36,False,200,
1787684538.5017471,managed,10.0,10.0,41.222,False,200,
1787684538.601747,managed,10.0,10.0,37.756,False,200,
1787684538.7017472,managed,10.0,10.0,38.12,False,200,
1787684538.801747,managed,10.0,10.0,40.912,False,200,
1787684538.9017472,managed,10.0,10.0,39.125,False,200,
1787684539.0017471,managed,10.0,10.0,39.243,False,200,
1787684539.101747,managed,10.0,10.0,35.046,False,200,
1787684539.2017472,managed,10.0,10.0,29.826,False,200,
1787684539.301747,managed,10.0,10.0,34.368,False,200,
1787684539.4017472,managed,10.0,10.0,36.483,False,200,
1787684539.5017471,managed,10.0,10.0,43.433,False,200,
1787684539.601747,managed,10.0,10.0,39.35,False,200,
1787684539.7017472,managed,10.0,10.0,32.101,False,200,
1787684539.801747,managed,10.0,10.0,30.638,False,200,
1787684539.9017472,managed,10.0,10.0,39.848,False,200,
1787684540.0017471,managed,10.0,10.0,25.384,False,200,
1787684540.101747,managed,10.0,10.0,41.622,False,200,
1787684540.2017472,managed,10.0,10.0,26.645,False,200,
1787684540.301747,managed,10.0,10.0,26.704,False,200,
1787684540.4017472,managed,10.0,10.0,43.502,False,200,
1787684540.5017471,managed,10.0,10.0,42.437,False,200,
1787684540.601747,managed,10.0,10.0,21.436,False,200,
1787684540.7017472,managed,10.0,10.0,37.579,False,200,
1787684540.801747,managed,10.0,10.0,28.101,False,200,
1787684540.9017472,managed,10.0,10.0,29.935,False,200,
1787684541.0017471,managed,10.0,10.0,39.64,False,200,
1787684541.101747,managed,10.0,10.0,32.227,False,200,
1787684541.2017472,managed,10.0,10.0,36.839,False,200,
1787684541.301747,managed,10.0,10.0,25.109,False,200,
1787684541.4017472,managed,10.0,10.0,35.222,False,200,
1787684541.5017471,managed,10.0,10.0,27.695,False,200,
1787684541.601747,managed,10.0,10.0,35.915,False,200,
1787684541.7017472,managed,10.0,10.0,34.5,False,200,
1787684541.801747,managed,10.0,10.0,36.632,False,200,
1787684541.9017472,managed,10.0,10.0,31.187,False,200,
1787684542.0017471,managed,10.0,10.0,47.073,False,200,
1787684542.101747,managed,10.0,10.0,37.323,False,200,
1787684542.2017472,managed,10.0,10.0,34.432,False,200,
1787684542.301747,managed,10.0,10.0,32.338,False,200,
1787684542.4017472,managed,10.0,10.0,34.13,False,200,
1787684542.5017471,managed,10.0,10.0,29.144,False,200,
1787684542.601747,managed,10.0,10.0,35.121,False,200,
1787684542.7017472,managed,10.0,10.0,30.022,False,200,
1787684542.801747,managed,10.0,10.0,37.309,False,200,
1787684542.9017472,managed,10.0,10.0,33.314,False,200,
1787684543.0017471,managed,10.0,10.0,42.995,False,200,
1787684543.101747,managed,10.0,10.0,32.277,False,200,
1787684543.2017472,managed,10.0,10.0,28.938,False,200,
1787684543.301747,managed,10.0,10.0,39.887,False,200,
1787684543.4017472,managed,10.0,10.0,42.855,False,200,
1787684543.5017471,managed,10.0,10.0,38.95,False,200,
1787684543.601747,managed,10.0,10.0,36.304,False,200,
1787684543.7017472,managed,10.0,10.0,35.002,False,200,
1787684543.801747,managed,10.0,10.0,34.282,False,200,
1787684543.9017472,managed,10.0,10.0,33.155,False,200,
1787684544.0017471,managed,10.0,10.0,37.554,False,200,
1787684544.101747,managed,10.0,10.0,48.313,False,200,
1787684544.2017472,managed,10.0,10.0,43.63,False,200,
1787684544.301747,managed,10.0,10.0,37.787,False,200,
1787684544.4017472,managed,10.0,10.0,37.085,False,200,
1787684544.5017471,managed,10.0,10.0,34.704,False,200,
1787684544.601747,managed,10.0,10.0,43.946,False,200,
1787684544.7017472,managed,10.0,10.0,38.352,False,200,
1787684544.801747,managed,10.0,10.0,33.407,False,200,
1787684544.9017472,managed,10.0,10.0,30.185,False,200,
1787684545.0017471,managed,10.0,10.0,36.463,False,200,
1787684545.101747,managed,10.0,10.0,28.632,False,200,
1787684545.2017472,managed,10.0,10.0,28.185,False,200,
1787684545.301747,managed,10.0,10.0,30.377,False,200,
1787684545.4017472,managed,10.0,10.0,39.439,False,200,
1787684545.5017471,managed,10.0,10.0,45.675,False,200,
1787684545.601747,managed,10.0,10.0,35.6,False,200,
1787684545.7017472,managed,10.0,10.0,27.64,False,200,
1787684545.801747,managed,10.0,10.0,41.419,False,200,
1787684545.9017472,managed,10.0,10.0,38.376,False,200,
1787684546.0017471,managed,10.0,10.0,36.631,False,200,
1787684546.101747,managed,10.0,10.0,30.007,False,200,
1787684546.2017472,managed,10.0,10.0,46.737,False,200,
1787684546.301747,managed,10.0,10.0,30.878,False,200,
1787684546.4017472,managed,10.0,10.0,39.985,False,200,
1787684546.5017471,managed,10.0,10.0,26.807,False,200,
1787684546.601747,managed,10.0,10.0,33.956,False,200,
1787684546.7017472,managed,10.0,10.0,30.466,False,200,
1787684546.801747,managed,10.0,10.0,30.908,False,200,
1787684546.9017472,managed,10.0,10.0,37.394,False,200,
1787684547.0017471,managed,10.0,10.0,34.804,False,200,
1787684547.101747,managed,10.0,10.0,34.539,False,200,
1787684547.2017472,managed,10.0,10.0,31.991,False,200,
1787684547.301747,managed,10.0,10.0,36.584,False,200,
1787684547.4017472,managed,10.0,10.0,45.298,False,200,
1787684547.5017471,managed,10.0,10.0,44.382,False,200,
1787684547.601747,managed,10.0,10.0,37.935,False,200,
1787684547.7017472,managed,10.0,10.0,32.79,False,200,
1787684547.801747,managed,10.0,10.0,38.07,False,200,
1787684547.9017472,managed,10.0,10.0,32.171,False,200,
1787684548.0017471,managed,10.0,10.0,29.261,False,200,
1787684548.101747,managed,10.0,10.0,28.831,False,200,
1787684548.2017472,managed,10.0,10.0,25.953,False,200,
1787684548.301747,managed,10.0,10.0,29.599,False,200,
1787684548.4017472,managed,10.0,10.0,37.898,False,200,
1787684548.5017471,managed,10.0,10.0,36.825,False,200,
1787684548.601747,managed,10.0,10.0,35.848,False,200,
1787684548.7017472,managed,10.0,10.0,27.039,False,200,
1787684548.801747,managed,10.0,10.0,35.669,False,200,
1787684548.9017472,managed,10.0,10.0,30.046,False,200,
1787684549.0017471,managed,10.0,10.0,42.223,False,200,
1787684549.101747,managed,10.0,10.0,32.275,False,200,
1787684549.2017472,managed,10.0,10.0,33.303,False,200,
1787684549.301747,managed,10.0,10.0,38.392,False,200,
1787684549.4017472,managed,10.0,10.0,36.824,False,200,
1787684549.5017471,managed,10.0,10.0,38.868,False,200,
1787684549.601747,managed,10.0,10.0,31.961,False,200,
1787684549.7017472,managed,10.0,10.0,43.992,False,200,
1787684549.801747,managed,10.0,10.0,37.18,False,200,
1787684549.9017472,managed,10.0,10.0,31.965,False,200,
1787684550.0017471,managed,10.0,10.0,28.701,False,200,
1787684550.101747,managed,10.0,10.0,37.977,False,200,
1787684550.2017472,managed,10.0,10.0,25.16,False,200,
1787684550.301747,managed,10.0,10.0,33.894,False,200,
1787684550.4017472,managed,10.0,10.0,25.884,False,200,
1787684550.5017471,managed,10.0,10.0,29.724,False,200,
1787684550.601747,managed,10.0,10.0,34.546,False,200,
1787684550.7017472,managed,10.0,10.0,45.055,False,200,
1787684550.801747,managed,10.0,10.0,42.064,False,200,
1787684550.9017472,managed,10.0,10.0,51.186,False,200,
1787684551.0017471,managed,10.0,10.0,32.649,False,200,
1787684551.101747,managed,10.0,10.0,41.722,False,200,
1787684551.2017472,managed,10.0,10.0,33.856,False,200,
1787684551.301747,managed,10.0,10.0,33.241,False,200,
1787684551.4017472,managed,10.0,10.0,36.334,False,200,
1787684551.5017471,managed,10.0,10.0,34.88,False,200,
1787684551.601747,managed,10.0,10.0,31.882,False,200,
1787684551.7017472,managed,10.0,10.0,31.117,False,200,
1787684551.801747,managed,10.0,10.0,35.94,False,200,
1787684551.9017472,managed,10.0,10.0,30.949,False,200,
1787684552.0017471,managed,10.0,10.0,28.888,False,200,
1787684552.101747,managed,10.0,10.0,34.105,False,200,
1787684552.2017472,managed,10.0,10.0,26.469,False,200,
1787684552.301747,managed,10.0,10.0,36.915,False,200,
1787684552.4017472,managed,10.0,10.0,30.225,False,200,
1787684552.5017471,managed,10.0,10.0,42.282,False,200,
1787684552.601747,managed,10.0,10.0,34.266,False,200,
1787684552.7017472,managed,10.0,10.0,32.712,False,200,
1787684552.801747,managed,10.0,10.0,31.362,False,200,
1787684552.9017472,managed,10.0,10.0,26.502,False,200,
1787684553.0017471,managed,10.0,10.0,38.623,False,200,
1787684553.101747,managed,10.0,10.0,31.801,False,200,
1787684553.2017472,managed,10.0,10.0,29.347,False,200,
1787684553.301747,managed,10.0,10.0,34.352,False,200,
1787684553.4017472,managed,10.0,10.0,35.553,False,200,
1787684553.5017471,managed,10.0,10.0,34.16,False,200,
1787684553.601747,managed,10.0,10.0,32.612,False,200,
1787684553.7017472,managed,10.0,10.0,30.086,False,200,
1787684553.801747,managed,10.0,10.0,26.509,False,200,
1787684553.9017472,managed,10.0,10.0,29.178,False,200,
1787684554.0017471,managed,10.0,10.0,28.591,False,200,
1787684554.101747,managed,10.0,10.0,35.385,False,200,
1787684554.2017472,managed,10.0,10.0,36.493,False,200,
1787684554.301747,managed,10.0,10.0,45.37,False,200,
1787684554.4017472,managed,10.0,10.0,36.697,False,200,
1787684554.5017471,managed,10.0,10.0,34.009,False,200,
1787684554.601747,managed,10.0,10.0,29.218,False,200,
1787684554.7017472,managed,10.0,10.0,42.218,False,200,
1787684554.801747,managed,10.0,10.0,33.624,False,200,
1787684554.9017472,managed,10.0,10.0,30.458,False,200,
1787684555.0017471,managed,10.0,10.0,33.825,False,200,
1787684555.101747,managed,10.0,10.0,33.513,False,200,
1787684555.2017472,managed,10.0,10.0,35.506,False,200,
1787684555.301747,managed,10.0,10.0,43.826,False,200,
1787684555.4017472,managed,10.0,10.0,31.251,False,200,
1787684555.5017471,managed,10.0,10.0,44.265,False,200,
1787684555.601747,managed,10.0,10.0,41.181,False,200,
1787684555.7017472,managed,10.0,10.0,35.76,False,200,
1787684555.801747,managed,10.0,10.0,35.972,False,200,
1787684555.9017472,managed,10.0,10.0,33.519,False,200,
1787684556.0017471,managed,10.0,10.0,34.866,False,200,
1787684556.101747,managed,10.0,10.0,41.999,False,200,
1787684556.2017472,managed,10.0,10.0,33.661,False,200,
1787684556.301747,managed,10.0,10.0,34.002,False,200,
1787684556.4017472,managed,10.0,10.0,41.95,False,200,
1787684556.5017471,managed,10.0,10.0,38.404,False,200,
1787684556.601747,managed,10.0,10.0,38.627,False,200,
1787684556.7017472,managed,10.0,10.0,38.286,False,200,
1787684556.801747,managed,10.0,10.0,37.264,False,200,
1787684556.9017472,managed,10.0,10.0,31.652,False,200,
1787684557.0017471,managed,10.0,10.0,47.445,False,200,
1787684557.101747,managed,10.0,10.0,27.551,False,200,
1787684557.2017472,managed,10.0,10.0,39.292,False,200,
1787684557.301747,managed,10.0,10.0,35.329,False,200,
1787684557.4017472,managed,10.0,10.0,42.709,False,200,
1787684557.5017471,managed,10.0,10.0,35.807,False,200,
1787684557.601747,managed,10.0,10.0,35.03,False,200,
1787684557.7017472,managed,10.0,10.0,42.017,False,200,
1787684557.801747,managed,10.0,10.0,36.067,False,200,
1787684557.9017472,managed,10.0,10.0,40.06,False,200,
1787684558.0017471,managed,10.0,10.0,42.452,False,200,
1787684558.101747,managed,10.0,10.0,31.552,False,200,
1787684558.2017472,managed,10.0,10.0,38.007,False,200,
1787684558.301747,managed,10.0,10.0,31.296,False,200,
1787684558.4017472,managed,10.0,10.0,35.986,False,200,
1787684558.5017471,managed,10.0,10.0,35.11,False,200,
1787684558.601747,managed,10.0,10.0,38.871,False,200,
1787684558.7017472,managed,10.0,10.0,34.342,False,200,
1787684558.801747,managed,10.0,10.0,35.201,False,200,
1787684558.9017472,managed,10.0,10.0,38.272,False,200,
1787684559.0017471,managed,10.0,10.0,44.633,False,200,
1787684559.101747,managed,10.0,10.0,29.22,False,200,
1787684559.2017472,managed,10.0,10.0,32.108,False,200,
1787684559.301747,managed,10.0,10.0,38.21,False,200,
1787684559.4017472,managed,10.0,10.0,39.428,False,200,
1787684559.5017471,managed,10.0,10.0,41.069,False,200,
1787684559.601747,managed,10.0,10.0,37.189,False,200,
1787684559.7017472,managed,10.0,10.0,49.993,False,200,
1787684559.801747,managed,10.0,10.0,30.413,False,200,
1787684559.9017472,managed,10.0,10.0,34.01,False,200,
1787684560.0017471,managed,10.0,10.0,53.845,False,200,
1787684560.101747,managed,10.0,10.0,33.959,False,200,
1787684560.2017472,managed,10.0,10.0,33.044,False,200,
1787684560.301747,managed,10.0,10.0,34.261,False,200,
1787684560.4017472,managed,10.0,10.0,32.998,False,200,
1787684560.5017471,managed,10.0,10.0,38.525,False,200,
1787684560.601747,managed,10.0,10.0,27.332,False,200,
1787684560.7017472,managed,10.0,10.0,29.228,False,200,
1787684560.801747,managed,10.0,10.0,37.618,False,200,
1787684560.9017472,managed,10.0,10.0,48.867,False,200,
1787684561.0017471,managed,10.0,10.0,33.47,False,200,
1787684561.101747,managed,10.0,10.0,30.989,False,200,
1787684561.2017472,managed,10.0,10.0,22.916,False,200,
1787684561.301747,managed,10.0,10.0,44.067,False,200,
1787684561.4017472,managed,10.0,10.0,45.876,False,200,
1787684561.5017471,managed,10.0,10.0,40.215,False,200,
1787684561.601747,managed,10.0,10.0,37.423,False,200,
1787684561.7017472,managed,10.0,10.0,27.556,False,200,
1787684561.801747,managed,10.0,10.0,28.331,False,200,
1787684561.9017472,managed,10.0,10.0,32.573,False,200,
1787684562.0017471,managed,10.0,10.0,39.656,False,200,
1787684562.101747,managed,10.0,10.0,41.221,False,200,
1787684562.2017472,managed,10.0,10.0,31.359,False,200,
1787684562.301747,managed,10.0,10.0,36.464,False,200,
1787684562.4017472,managed,10.0,10.0,26.377,False,200,
1787684562.5017471,managed,10.0,10.0,28.555,False,200,
1787684562.601747,managed,10.0,10.0,38.278,False,200,
1787684562.7017472,managed,10.0,10.0,41.366,False,200,
1787684562.801747,managed,10.0,10.0,37.445,False,200,
1787684562.9017472,managed,10.0,10.0,32.332,False,200,
1787684563.0017471,managed,10.0,10.0,35.358,False,200,
1787684563.101747,managed,10.0,10.0,46.751,False,200,
1787684563.2017472,managed,10.0,10.0,41.648,False,200,
1787684563.301747,managed,10.0,10.0,32.523,False,200,
1787684563.4017472,managed,10.0,10.0,27.731,False,200,
1787684563.5017471,managed,10.0,10.0,33.546,False,200,
1787684563.601747,managed,10.0,10.0,27.9,False,200,
1787684563.7017472,managed,10.0,10.0,37.902,False,200,
1787684563.801747,managed,10.0,10.0,39.538,False,200,
1787684563.9017472,managed,10.0,10.0,35.774,False,200,
1787684564.0017471,managed,10.0,10.0,32.004,False,200,
1787684564.101747,managed,10.0,10.0,35.958,False,200,
1787684564.2017472,managed,10.0,10.0,32.765,False,200,
1787684564.301747,managed,10.0,10.0,43.724,False,200,
1787684564.4017472,managed,10.0,10.0,30.928,False,200,
1787684564.5017471,managed,10.0,10.0,45.984,False,200,
1787684564.601747,managed,10.0,10.0,36.251,False,200,
1787684564.7017472,managed,10.0,10.0,31.357,False,200,
1787684564.801747,managed,10.0,10.0,34.349,False,200,
1787684564.9017472,managed,10.0,10.0,42.319,False,200,
1787684565.0017471,managed,10.0,10.0,34.403,False,200,
1787684565.101747,managed,10.0,10.0,27.696,False,200,
1787684565.2017472,managed,10.0,10.0,31.21,False,200,
1787684565.301747,managed,10.0,10.0,37.665,False,200,
1787684565.4017472,managed,10.0,10.0,27.408,False,200,
1787684565.5017471,managed,10.0,10.0,36.113,False,200,
1787684565.601747,managed,10.0,10.0,29.951,False,200,
1787684565.7017472,managed,10.0,10.0,28.016,False,200,
1787684565.801747,managed,10.0,10.0,28.86,False,200,
1787684565.9017472,managed,10.0,10.0,39.63,False,200,
1787684566.0017471,managed,10.0,10.0,31.472,False,200,
1787684566.101747,managed,10.0,10.0,39.006,False,200,
1787684566.2017472,managed,10.0,10.0,36.798,False,200,
1787684566.301747,managed,10.0,10.0,33.812,False,200,
1787684566.4017472,managed,10.0,10.0,30.332,False,200,
1787684566.5017471,managed,10.0,10.0,33.178,False,200,
1787684566.601747,managed,10.0,10.0,33.255,False,200,
1787684566.7017472,managed,10.0,10.0,35.245,False,200,
1787684566.801747,managed,10.0,10.0,29.563,False,200,
1787684566.9017472,managed,10.0,10.0,44.706,False,200,
1787684567.0017471,managed,10.0,10.0,48.668,False,200,
1787684567.101747,managed,10.0,10.0,28.776,False,200,
1787684567.2017472,managed,10.0,10.0,37.717,False,200,
1787684567.301747,managed,10.0,10.0,40.638,False,200,
1787684567.4017472,managed,10.0,10.0,34.171,False,200,
1787684567.5017471,managed,10.0,10.0,32.622,False,200,
1787684567.601747,managed,10.0,10.0,32.917,False,200,
1787684567.7017472,managed,10.0,10.0,28.001,False,200,
1787684567.801747,managed,10.0,10.0,35.412,False,200,
1787684567.9017472,managed,10.0,10.0,30.108,False,200,
1787684568.0017471,managed,10.0,10.0,33.038,False,200,
1787684568.101747,managed,10.0,10.0,24.194,False,200,
1787684568.2017472,managed,10.0,10.0,29.612,False,200,
1787684568.301747,managed,10.0,10.0,33.281,False,200,
1787684568.4017472,managed,10.0,10.0,34.862,False,200,
1787684568.5017471,managed,10.0,10.0,37.652,False,200,
1787684568.601747,managed,10.0,10.0,37.343,False,200,
1787684568.7017472,managed,10.0,10.0,38.461,False,200,
1787684568.801747,managed,10.0,10.0,30.979,False,200,
1787684568.9017472,managed,10.0,10.0,30.339,False,200,
1787684569.0017471,managed,10.0,10.0,42.016,False,200,
1787684569.101747,managed,10.0,10.0,40.309,False,200,
1787684569.2017472,managed,10.0,10.0,41.235,False,200,
1787684569.301747,managed,10.0,10.0,33.325,False,200,
1787684569.4017472,managed,10.0,10.0,32.888,False,200,
1787684569.5017471,managed,10.0,10.0,32.447,False,200,
1787684569.601747,managed,10.0,10.0,40.023,False,200,
1787684569.7017472,managed,10.0,10.0,34.115,False,200,
1787684569.801747,managed,10.0,10.0,40.466,False,200,
1787684569.9017472,managed,10.0,10.0,39.922,False,200,
1787684570.0017471,managed,10.0,10.0,37.311,False,200,
1787684570.101747,managed,10.0,10.0,34.246,False,200,
1787684570.2017472,managed,10.0,10.0,34.378,False,200,
1787684570.301747,managed,10.0,10.0,33.796,False,200,
1787684570.4017472,managed,10.0,10.0,28.359,False,200,
1787684570.5017471,managed,10.0,10.0,30.674,False,200,
1787684570.601747,managed,10.0,10.0,31.609,False,200,
1787684570.7017472,managed,10.0,10.0,32.28,False,200,
1787684570.801747,managed,10.0,10.0,41.756,False,200,
1787684570.9017472,managed,10.0,10.0,33.439,False,200,
1787684571.0017471,managed,10.0,10.0,34.945,False,200,
1787684571.101747,managed,10.0,10.0,32.246,False,200,
1787684571.2017472,managed,10.0,10.0,37.031,False,200,
1787684571.301747,managed,10.0,10.0,34.611,False,200,
1787684571.4017472,managed,10.0,10.0,36.52,False,200,
1787684571.5017471,managed,10.0,10.0,39.567,False,200,
1787684571.601747,managed,10.0,10.0,32.53,False,200,
1787684571.7017472,managed,10.0,10.0,32.069,False,200,
1787684571.801747,managed,10.0,10.0,42.552,False,200,
1787684571.9017472,managed,10.0,10.0,42.786,False,200,
1787684572.0017471,managed,10.0,10.0,32.4,False,200,
1787684572.101747,managed,10.0,10.0,32.481,False,200,
1787684572.2017472,managed,10.0,10.0,31.629,False,200,
1787684572.301747,managed,10.0,10.0,39.545,False,200,
1787684572.4017472,managed,10.0,10.0,42.549,False,200,
1787684572.5017471,managed,10.0,10.0,44.36,False,200,
1787684572.601747,managed,10.0,10.0,43.255,False,200,
1787684572.7017472,managed,10.0,10.0,39.218,False,200,
1787684572.801747,managed,10.0,10.0,48.978,False,200,
1787684572.9017472,managed,10.0,10.0,32.376,False,200,
1787684573.0017471,managed,10.0,10.0,34.851,False,200,
1787684573.101747,managed,10.0,10.0,35.836,False,200,
1787684573.2017472,managed,10.0,10.0,46.433,False,200,
1787684573.301747,managed,10.0,10.0,39.218,False,200,
1787684573.4017472,managed,10.0,10.0,40.809,False,200,
1787684573.5017471,managed,10.0,10.0,29.881,False,200,
1787684573.601747,managed,10.0,10.0,32.243,False,200,
1787684573.7017472,managed,10.0,10.0,33.16,False,200,
1787684573.801747,managed,10.0,10.0,39.609,False,200,
1787684573.9017472,managed,10.0,10.0,35.008,False,200,
1787684574.0017471,managed,10.0,10.0,34.164,False,200,
1787684574.101747,managed,10.0,10.0,40.091,False,200,
1787684574.2017472,managed,10.0,10.0,32.958,False,200,
1787684574.301747,managed,10.0,10.0,40.597,False,200,
1787684574.4017472,managed,10.0,10.0,36.939,False,200,
1787684574.5017471,managed,10.0,10.0,32.389,False,200,
1787684574.601747,managed,10.0,10.0,38.445,False,200,
1787684574.7017472,managed,10.0,10.0,41.893,False,200,
1787684574.801747,managed,10.0,10.0,43.786,False,200,
1787684574.9017472,managed,10.0,10.0,33.497,False,200,
1787684575.0017471,managed,10.0,10.0,41.007,False,200,
1787684575.101747,managed,10.0,10.0,40.963,False,200,
1787684575.2017472,managed,10.0,10.0,25.083,False,200,
1787684575.301747,managed,10.0,10.0,37.726,False,200,
1787684575.4017472,managed,10.0,10.0,34.897,False,200,
1787684575.5017471,managed,10.0,10.0,31.376,False,200,
1787684575.601747,managed,10.0,10.0,32.084,False,200,
1787684575.7017472,managed,10.0,10.0,48.804,False,200,
1787684575.801747,managed,10.0,10.0,39.695,False,200,
1787684575.9017472,managed,10.0,10.0,31.196,False,200,
1787684576.0017471,managed,10.0,10.0,37.536,False,200,
1787684576.101747,managed,10.0,10.0,41.167,False,200,
1787684576.2017472,managed,10.0,10.0,36.589,False,200,
1787684576.301747,managed,10.0,10.0,30.808,False,200,
1787684576.4017472,managed,10.0,10.0,31.081,False,200,
1787684576.5017471,managed,10.0,10.0,35.105,False,200,
1787684576.601747,managed,10.0,10.0,38.657,False,200,
1787684576.7017472,managed,10.0,10.0,27.905,False,200,
1787684576.801747,managed,10.0,10.0,32.763,False,200,
1787684576.9017472,managed,10.0,10.0,40.233,False,200,
1787684577.0017471,managed,10.0,10.0,40.786,False,200,
1787684577.101747,managed,10.0,10.0,31.693,False,200,
1787684577.2017472,managed,10.0,10.0,36.304,False,200,
1787684577.301747,managed,10.0,10.0,25.806,False,200,
1787684577.4017472,managed,10.0,10.0,40.345,False,200,
1787684577.5017471,managed,10.0,10.0,33.41,False,200,
1787684577.601747,managed,10.0,10.0,49.147,False,200,
1787684577.7017472,managed,10.0,10.0,38.762,False,200,
1787684577.801747,managed,10.0,10.0,33.063,False,200,
1787684577.9017472,managed,10.0,10.0,48.024,False,200,
1787684578.0017471,managed,10.0,10.0,40.541,False,200,
1787684578.101747,managed,10.0,10.0,28.657,False,200,
1787684578.2017472,managed,10.0,10.0,31.29,False,200,
1787684578.301747,managed,10.0,10.0,33.288,False,200,
1787684578.4017472,managed,10.0,10.0,34.738,False,200,
1787684578.5017471,managed,10.0,10.0,40.705,False,200,
1787684578.601747,managed,10.0,10.0,36.649,False,200,
1787684578.7017472,managed,10.0,10.0,33.564,False,200,
1787684578.801747,managed,10.0,10.0,39.021,False,200,
1787684578.9017472,managed,10.0,10.0,36.694,False,200,
1787684579.0017471,managed,10.0,10.0,27.321,False,200,
1787684579.101747,managed,10.0,10.0,39.011,False,200,
1787684579.2017472,managed,10.0,10.0,33.305,False,200,
1787684579.301747,managed,10.0,10.0,46.58,False,200,
1787684579.4017472,managed,10.0,10.0,29.945,False,200,
1787684579.5017471,managed,10.0,10.0,30.437,False,200,
1787684579.601747,managed,10.0,10.0,34.066,False,200,
1787684579.7017472,managed,10.0,10.0,34.796,False,200,
1787684579.801747,managed,10.0,10.0,32.772,False,200,
1787684579.9017472,managed,10.0,10.0,33.456,False,200,
1787684580.0017471,managed,10.0,10.0,34.896,False,200,
1787684580.101747,managed,10.0,10.0,34.041,False,200,
1787684580.2017472,managed,10.0,10.0,36.043,False,200,
1787684580.301747,managed,10.0,10.0,33.877,False,200,
1787684580.4017472,managed,10.0,10.0,36.238,False,200,
1787684580.5017471,managed,10.0,10.0,26.519,False,200,
1787684580.601747,managed,10.0,10.0,33.929,False,200,
1787684580.7017472,managed,10.0,10.0,37.578,False,200,
1787684580.801747,managed,10.0,10.0,33.506,False,200,
1787684580.9017472,managed,10.0,10.0,32.992,False,200,
1787684581.0017471,managed,10.0,10.0,38.338,False,200,
1787684581.101747,managed,10.0,10.0,21.702,False,200,
1787684581.2017472,managed,10.0,10.0,33.921,False,200,
1787684581.301747,managed,10.0,10.0,31.696,False,200,
1787684581.4017472,managed,10.0,10.0,33.639,False,200,
1787684581.5017471,managed,10.0,10.0,39.528,False,200,
1787684581.601747,managed,10.0,10.0,31.48,False,200,
1787684581.7017472,managed,10.0,10.0,36.468,False,200,
1787684581.801747,managed,10.0,10.0,34.745,False,200,
1787684581.9017472,managed,10.0,10.0,38.999,False,200,
1787684582.0017471,managed,10.0,10.0,28.689,False,200,
1787684582.101747,managed,10.0,10.0,35.252,False,200,
1787684582.2017472,managed,10.0,10.0,37.871,False,200,
1787684582.301747,managed,10.0,10.0,39.02,False,200,
1787684582.4017472,managed,10.0,10.0,33.491,False,200,
1787684582.5017471,managed,10.0,10.0,39.636,False,200,
1787684582.601747,managed,10.0,10.0,31.399,False,200,
1787684582.7017472,managed,10.0,10.0,37.73,False,200,
1787684582.801747,managed,10.0,10.0,29.782,False,200,
1787684582.9017472,managed,10.0,10.0,29.164,False,200,
1787684583.0017471,managed,10.0,10.0,24.011,False,200,
1787684583.101747,managed,10.0,10.0,38.186,False,200,
1787684583.2017472,managed,10.0,10.0,33.256,False,200,
1787684583.301747,managed,10.0,10.0,32.861,False,200,
1787684583.4017472,managed,10.0,10.0,29.379,False,200,
1787684583.5017471,managed,10.0,10.0,39.017,False,200,
1787684583.601747,managed,10.0,10.0,29.737,False,200,
1787684583.7017472,managed,10.0,10.0,26.546,False,200,
1787684583.801747,managed,10.0,10.0,30.056,False,200,
1787684583.9017472,managed,10.0,10.0,40.048,False,200,
1787684584.0017471,managed,10.0,10.0,43.617,False,200,
1787684584.101747,managed,10.0,10.0,34.069,False,200,
1787684584.2017472,managed,10.0,10.0,39.537,False,200,
1787684584.301747,managed,10.0,10.0,39.808,False,200,
1787684584.4017472,managed,10.0,10.0,30.891,False,200,
1787684584.5017471,managed,10.0,10.0,27.324,False,200,
1787684584.601747,managed,10.0,10.0,33.164,False,200,
1787684584.7017472,managed,10.0,10.0,37.853,False,200,
1787684584.801747,managed,10.0,10.0,33.544,False,200,
1787684584.9017472,managed,10.0,10.0,45.807,False,200,
1787684585.0017471,managed,10.0,10.0,35.742,False,200,
1787684585.101747,managed,10.0,10.0,32.505,False,200,
1787684585.2017472,managed,10.0,10.0,36.601,False,200,
1787684585.301747,managed,10.0,10.0,29.904,False,200,
1787684585.4017472,managed,10.0,10.0,35.976,False,200,
1787684585.5017471,managed,10.0,10.0,45.067,False,200,
1787684585.601747,managed,10.0,10.0,34.814,False,200,
1787684585.7017472,managed,10.0,10.0,35.709,False,200,
1787684585.801747,managed,10.0,10.0,34.387,False,200,
1787684585.9017472,managed,10.0,10.0,36.982,False,200,
1787684586.0017471,managed,10.0,10.0,38.01,False,200,
1787684586.101747,managed,10.0,10.0,45.178,False,200,
1787684586.2017472,managed,10.0,10.0,34.239,False,200,
1787684586.301747,managed,10.0,10.0,30.565,False,200,
1787684586.4017472,managed,10.0,10.0,29.647,False,200,
1787684586.5017471,managed,10.0,10.0,27.33,False,200,
1787684586.601747,managed,10.0,10.0,36.172,False,200,
1787684586.7017472,managed,10.0,10.0,33.947,False,200,
1787684586.801747,managed,10.0,10.0,52.704,False,200,
1787684586.9017472,managed,10.0,10.0,28.868,False,200,
1787684587.0017471,managed,10.0,10.0,38.853,False,200,
1787684587.101747,managed,10.0,10.0,38.471,False,200,
1787684587.2017472,managed,10.0,10.0,30.363,False,200,
1787684587.301747,managed,10.0,10.0,29.319,False,200,
1787684587.4017472,managed,10.0,10.0,32.627,False,200,
1787684587.5017471,managed,10.0,10.0,31.051,False,200,
1787684587.601747,managed,10.0,10.0,32.256,False,200,
1787684587.7017472,managed,10.0,10.0,35.693,False,200,
1787684587.801747,managed,10.0,10.0,34.284,False,200,
1787684587.9017472,managed,10.0,10.0,39.637,False,200,
1787684588.0017471,managed,10.0,10.0,34.055,False,200,
1787684588.101747,managed,10.0,10.0,30.492,False,200,
1787684588.2017472,managed,10.0,10.0,36.043,False,200,
1787684588.301747,managed,10.0,10.0,46.379,False,200,
1787684588.4017472,managed,10.0,10.0,36.834,False,200,
1787684588.5017471,managed,10.0,10.0,34.117,False,200,
1787684588.601747,managed,10.0,10.0,36.294,False,200,
1787684588.7017472,managed,10.0,10.0,43.973,False,200,
1787684588.801747,managed,10.0,10.0,41.658,False,200,
1787684588.9017472,managed,10.0,10.0,31.741,False,200,
1787684589.0017471,managed,10.0,10.0,26.476,False,200,
1787684589.101747,managed,10.0,10.0,46.586,False,200,
1787684589.2017472,managed,10.0,10.0,42.98,False,200,
1787684589.301747,managed,10.0,10.0,29.014,False,200,
1787684589.4017472,managed,10.0,10.0,33.595,False,200,
1787684589.5017471,managed,10.0,10.0,33.537,False,200,
1787684589.601747,managed,10.0,10.0,34.387,False,200,
1787684589.7017472,managed,10.0,10.0,47.909,False,200,
1787684589.801747,managed,10.0,10.0,32.88,False,200,
1787684589.9017472,managed,10.0,10.0,38.563,False,200,
1787684590.0017471,managed,10.0,10.0,43.696,False,200,
1787684590.101747,managed,10.0,10.0,38.656,False,200,
1787684590.2017472,managed,10.0,10.0,30.77,False,200,
1787684590.301747,managed,10.0,10.0,34.549,False,200,
1787684590.4017472,managed,10.0,10.0,41.642,False,200,
1787684590.5017471,managed,10.0,10.0,44.429,False,200,
1787684590.601747,managed,10.0,10.0,44.476,False,200,
1787684590.7017472,managed,10.0,10.0,31.776,False,200,
1787684590.801747,managed,10.0,10.0,44.286,False,200,
1787684590.9017472,managed,10.0,10.0,34.826,False,200,
1787684591.0017471,managed,10.0,10.0,43.336,False,200,
1787684591.101747,managed,10.0,10.0,48.517,False,200,
1787684591.2017472,managed,10.0,10.0,42.623,False,200,
1787684591.301747,managed,10.0,10.0,53.84,False,200,
1787684591.4017472,managed,10.0,10.0,31.513,False,200,
1787684591.5017471,managed,10.0,10.0,39.421,False,200,
1787684591.601747,managed,10.0,10.0,35.005,False,200,
1787684591.7017472,managed,10.0,10.0,32.949,False,200,
1787684591.801747,managed,10.0,10.0,34.575,False,200,
1787684591.9017472,managed,10.0,10.0,35.331,False,200,
1787684592.0017471,managed,10.0,10.0,41.493,False,200,
1787684592.101747,managed,10.0,10.0,29.443,False,200,
1787684592.2017472,managed,10.0,10.0,38.311,False,200,
1787684592.301747,managed,10.0,10.0,36.857,False,200,
1787684592.4017472,managed,10.0,10.0,39.845,False,200,
1787684592.5017471,managed,10.0,10.0,29.843,False,200,
1787684592.601747,managed,10.0,10.0,36.078,False,200,
1787684592.7017472,managed,10.0,10.0,30.379,False,200,
1787684592.801747,managed,10.0,10.0,33.253,False,200,
1787684592.9017472,managed,10.0,10.0,34.873,False,200,
1787684593.0017471,managed,10.0,10.0,32.498,False,200,
1787684593.101747,managed,10.0,10.0,38.756,False,200,
1787684593.2017472,managed,10.0,10.0,29.432,False,200,
1787684593.301747,managed,10.0,10.0,40.365,False,200,
1787684593.4017472,managed,10.0,10.0,29.514,False,200,
1787684593.5017471,managed,10.0,10.0,39.005,False,200,
1787684593.601747,managed,10.0,10.0,37.809,False,200,
1787684593.7017472,managed,10.0,10.0,40.79,False,200,
1787684593.801747,managed,10.0,10.0,29.671,False,200,
1787684593.9017472,managed,10.0,10.0,43.356,False,200,
1787684594.0017471,managed,10.0,10.0,23.392,False,200,
1787684594.101747,managed,10.0,10.0,35.058,False,200,
1787684594.2017472,managed,10.0,10.0,35.002,False,200,
1787684594.301747,managed,10.0,10.0,36.227,False,200,
1787684594.4017472,managed,10.0,10.0,27.097,False,200,
1787684594.5017471,managed,10.0,10.0,33.245,False,200,
1787684594.601747,managed,10.0,10.0,35.606,False,200,
1787684594.7017472,managed,10.0,10.0,30.716,False,200,
1787684594.801747,managed,10.0,10.0,34.45,False,200,
1787684594.9017472,managed,10.0,10.0,35.071,False,200,
1787684595.0017471,managed,10.0,10.0,34.476,False,200,
1787684595.101747,managed,10.0,10.0,30.304,False,200,
1787684595.2017472,managed,10.0,10.0,34.413,False,200,
1787684595.301747,managed,10.0,10.0,32.203,False,200,
1787684595.4017472,managed,10.0,10.0,36.972,False,200,
1787684595.5017471,managed,10.0,10.0,27.71,False,200,
1787684595.601747,managed,10.0,10.0,35.287,False,200,
1787684595.7017472,managed,10.0,10.0,48.606,False,200,
1787684595.801747,managed,10.0,10.0,28.22,False,200,
1787684595.9017472,managed,10.0,10.0,44.67,False,200,
1787684596.0017471,managed,10.0,10.0,32.593,False,200,
1787684596.101747,managed,10.0,10.0,29.232,False,200,
1787684596.2017472,managed,10.0,10.0,35.022,False,200,
1787684596.301747,managed,10.0,10.0,31.384,False,200,
1787684596.4017472,managed,10.0,10.0,31.057,False,200,
1787684596.5017471,managed,10.0,10.0,44.577,False,200,
1787684596.601747,managed,10.0,10.0,34.698,False,200,
1787684596.7017472,managed,10.0,10.0,39.575,False,200,
1787684596.801747,managed,10.0,10.0,27.32,False,200,
1787684596.9017472,managed,10.0,10.0,38.255,False,200,
1787684597.0017471,managed,10.0,10.0,37.267,False,200,
1787684597.101747,managed,10.0,10.0,40.93,False,200,
1787684597.2017472,managed,10.0,10.0,31.479,False,200,
1787684597.301747,managed,10.0,10.0,41.977,False,200,
1787684597.4017472,managed,10.0,10.0,43.817,False,200,
1787684597.5017471,managed,10.0,10.0,41.738,False,200,
1787684597.601747,managed,10.0,10.0,47.604,False,200,
1787684597.7017472,managed,10.0,10.0,30.858,False,200,
1787684597.801747,managed,10.0,10.0,41.692,False,200,
1787684597.9017472,managed,10.0,10.0,32.465,False,200,
1787684598.0017471,managed,10.0,10.0,23.08,False,200,
1787684598.101747,managed,10.0,10.0,33.996,False,200,
1787684598.2017472,managed,10.0,10.0,30.93,False,200,
1787684598.301747,managed,10.0,10.0,36.397,False,200,
1787684598.4017472,managed,10.0,10.0,27.675,False,200,
1787684598.5017471,managed,10.0,10.0,41.534,False,200,
1787684598.601747,managed,10.0,10.0,31.772,False,200,
1787684598.7017472,managed,10.0,10.0,30.355,False,200,
1787684598.801747,managed,10.0,10.0,36.17,False,200,
1787684598.9017472,managed,10.0,10.0,28.66,False,200,
1787684599.0017471,managed,10.0,10.0,36.295,False,200,
1787684599.101747,managed,10.0,10.0,33.368,False,200,
1787684599.2017472,managed,10.0,10.0,31.68,False,200,
1787684599.301747,managed,10.0,10.0,38.34,False,200,
1787684599.4017472,managed,10.0,10.0,21.396,False,200,
1787684599.5017471,managed,10.0,10.0,28.261,False,200,
1787684599.601747,managed,10.0,10.0,35.047,False,200,
1787684599.7017472,managed,10.0,10.0,36.754,False,200,
1787684599.801747,managed,10.0,10.0,33.177,False,200,
1787684599.9017472,managed,10.0,10.0,32.213,False,200,
1787684600.0017471,managed,10.0,10.0,34.751,False,200,
1787684600.101747,managed,10.0,10.0,28.788,False,200,
1787684600.2017472,managed,10.0,10.0,38.46,False,200,
1787684600.301747,managed,10.0,10.0,30.799,False,200,
1787684600.4017472,managed,10.0,10.0,37.159,False,200,
1787684600.5017471,managed,10.0,10.0,36.59,False,200,
1787684600.601747,managed,10.0,10.0,32.318,False,200,
1787684600.7017472,managed,10.0,10.0,23.447,False,200,
1787684600.801747,managed,10.0,10.0,45.108,False,200,
1787684600.9017472,managed,10.0,10.0,28.505,False,200,
1787684601.0017471,managed,10.0,10.0,34.832,False,200,
1787684601.101747,managed,10.0,10.0,31.26,False,200,
1787684601.2017472,managed,10.0,10.0,29.384,False,200,
1787684601.301747,managed,10.0,10.0,32.251,False,200,
1787684601.4017472,managed,10.0,10.0,34.181,False,200,
1787684601.5017471,managed,10.0,10.0,40.792,False,200,
1787684601.601747,managed,10.0,10.0,35.289,False,200,
1787684601.7017472,managed,10.0,10.0,35.439,False,200,
1787684601.801747,managed,10.0,10.0,37.008,False,200,
1787684601.9017472,managed,10.0,10.0,29.84,False,200,
1787684602.0017471,managed,10.0,10.0,40.404,False,200,
1787684602.101747,managed,10.0,10.0,32.215,False,200,
1787684602.2017472,managed,10.0,10.0,44.358,False,200,
1787684602.301747,managed,10.0,10.0,34.109,False,200,
1787684602.4017472,managed,10.0,10.0,33.791,False,200,
1787684602.5017471,managed,10.0,10.0,38.894,False,200,
1787684602.601747,managed,10.0,10.0,43.833,False,200,
1787684602.7017472,managed,10.0,10.0,31.901,False,200,
1787684602.801747,managed,10.0,10.0,29.826,False,200,
1787684602.9017472,managed,10.0,10.0,32.121,False,200,
1787684603.0017471,managed,10.0,10.0,42.798,False,200,
1787684603.101747,managed,10.0,10.0,40.271,False,200,
1787684603.2017472,managed,10.0,10.0,31.686,False,200,
1787684603.301747,managed,10.0,10.0,32.524,False,200,
1787684603.4017472,managed,10.0,10.0,42.722,False,200,
1787684603.5017471,managed,10.0,10.0,32.053,False,200,
1787684603.601747,managed,10.0,10.0,38.575,False,200,
1787684603.7017472,managed,10.0,10.0,35.886,False,200,
1787684603.801747,managed,10.0,10.0,32.496,False,200,
1787684603.9017472,managed,10.0,10.0,31.32,False,200,
1787684604.0017471,managed,10.0,10.0,26.712,False,200,
1787684604.101747,managed,10.0,10.0,38.957,False,200,
1787684604.2017472,managed,10.0,10.0,35.751,False,200,
1787684604.301747,managed,10.0,10.0,23.662,False,200,
1787684604.4017472,managed,10.0,10.0,34.677,False,200,
1787684604.5017471,managed,10.0,10.0,36.588,False,200,
1787684604.601747,managed,10.0,10.0,30.245,False,200,
1787684604.7017472,managed,10.0,10.0,36.449,False,200,
1787684604.801747,managed,10.0,10.0,28.214,False,200,
1787684604.9017472,managed,10.0,10.0,44.272,False,200,
1787684605.0017471,managed,10.0,10.0,32.528,False,200,
1787684605.101747,managed,10.0,10.0,34.75,False,200,
1787684605.2017472,managed,10.0,10.0,38.638,False,200,
1787684605.301747,managed,10.0,10.0,34.087,False,200,
1787684605.4017472,managed,10.0,10.0,25.267,False,200,
1787684605.5017471,managed,10.0,10.0,29.514,False,200,
1787684605.601747,managed,10.0,10.0,40.527,False,200,
1787684605.7017472,managed,10.0,10.0,33.972,False,200,
1787684605.801747,managed,10.0,10.0,39.716,False,200,
1787684605.9017472,managed,10.0,10.0,31.268,False,200,
1787684606.0017471,managed,10.0,10.0,36.363,False,200,
1787684606.101747,managed,10.0,10.0,33.896,False,200,
1787684606.2017472,managed,10.0,10.0,33.252,False,200,
1787684606.301747,managed,10.0,10.0,29.752,False,200,
1787684606.4017472,managed,10.0,10.0,39.489,False,200,
1787684606.5017471,managed,10.0,10.0,33.852,False,200,
1787684606.601747,managed,10.0,10.0,39.13,False,200,
1787684606.7017472,managed,10.0,10.0,36.087,False,200,
1787684606.801747,managed,10.0,10.0,29.991,False,200,
1787684606.9017472,managed,10.0,10.0,34.507,False,200,
1787684607.0017471,managed,10.0,10.0,45.133,False,200,
1787684607.101747,managed,10.0,10.0,29.27,False,200,
1787684607.2017472,managed,10.0,10.0,36.215,False,200,
1787684607.301747,managed,10.0,10.0,44.538,False,200,
1787684607.4017472,managed,10.0,10.0,33.838,False,200,
1787684607.5017471,managed,10.0,10.0,35.745,False,200,
1787684607.601747,managed,10.0,10.0,42.677,False,200,
1787684607.7017472,managed,10.0,10.0,35.025,False,200,
1787684607.801747,managed,10.0,10.0,40.842,False,200,
1787684607.9017472,managed,10.0,10.0,28.836,False,200,
1787684608.0017471,managed,10.0,10.0,33.886,False,200,
1787684608.101747,managed,10.0,10.0,37.1,False,200,
1787684608.2017472,managed,10.0,10.0,30.298,False,200,
1787684608.301747,managed,10.0,10.0,39.173,False,200,
1787684608.4017472,managed,10.0,10.0,28.504,False,200,
1787684608.5017471,managed,10.0,10.0,25.922,False,200,
1787684608.601747,managed,10.0,10.0,36.844,False,200,
1787684608.7017472,managed,10.0,10.0,34.3,False,200,
1787684608.801747,managed,10.0,10.0,34.565,False,200,
1787684608.9017472,managed,10.0,10.0,32.773,False,200,
1787684609.0017471,managed,10.0,10.0,32.036,False,200,
1787684609.101747,managed,10.0,10.0,41.005,False,200,
1787684609.2017472,managed,10.0,10.0,34.237,False,200,
1787684609.301747,managed,10.0,10.0,44.389,False,200,
1787684609.4017472,managed,10.0,10.0,39.738,False,200,
1787684609.5017471,managed,10.0,10.0,37.127,False,200,
1787684609.601747,managed,10.0,10.0,47.325,False,200,
1787684609.7017472,managed,10.0,10.0,42.091,False,200,
1787684609.801747,managed,10.0,10.0,28.836,False,200,
1787684609.9017472,managed,10.0,10.0,31.484,False,200,
1787684610.0017471,managed,10.0,10.0,33.993,False,200,
1787684610.101747,managed,10.0,10.0,45.445,False,200,
1787684610.2017472,managed,10.0,10.0,35.238,False,200,
1787684610.301747,managed,10.0,10.0,29.007,False,200,
1787684610.4017472,managed,10.0,10.0,23.434,False,200,
1787684610.5017471,managed,10.0,10.0,36.35,False,200,
1787684610.601747,managed,10.0,10.0,40.577,False,200,
1787684610.7017472,managed,10.0,10.0,36.485,False,200,
1787684610.801747,managed,10.0,10.0,30.585,False,200,
1787684610.9017472,managed,10.0,10.0,31.18,False,200,
1787684611.0017471,managed,10.0,10.0,33.51,False,200,
1787684611.101747,managed,10.0,10.0,33.171,False,200,
1787684611.2017472,managed,10.0,10.0,31.12,False,200,
1787684611.301747,managed,10.0,10.0,36.357,False,200,
1787684611.4017472,managed,10.0,10.0,27.718,False,200,
1787684611.5017471,managed,10.0,10.0,43.162,False,200,
1787684611.601747,managed,10.0,10.0,38.547,False,200,
1787684611.7017472,managed,10.0,10.0,39.989,False,200,
1787684611.801747,managed,10.0,10.0,36.818,False,200,
1787684611.9017472,managed,10.0,10.0,43.51,False,200,
1787684612.0017471,managed,10.0,10.0,34.073,False,200,
1787684612.101747,managed,10.0,10.0,33.655,False,200,
1787684612.2017472,managed,10.0,10.0,30.577,False,200,
1787684612.301747,managed,10.0,10.0,43.139,False,200,
1787684612.4017472,managed,10.0,10.0,34.88,False,200,
1787684612.5017471,managed,10.0,10.0,38.13,False,200,
1787684612.601747,managed,10.0,10.0,32.425,False,200,
1787684612.7017472,managed,10.0,10.0,40.684,False,200,
1787684612.801747,managed,10.0,10.0,36.997,False,200,
1787684612.9017472,managed,10.0,10.0,30.176,False,200,
1787684613.0017471,managed,10.0,10.0,21.443,False,200,
1787684613.101747,managed,10.0,10.0,29.88,False,200,
1787684613.2017472,managed,10.0,10.0,31.006,False,200,
1787684613.301747,managed,10.0,10.0,33.611,False,200,
1787684613.4017472,managed,10.0,10.0,39.185,False,200,
1787684613.5017471,managed,10.0,10.0,31.025,False,200,
1787684613.601747,managed,10.0,10.0,33.802,False,200,
1787684613.7017472,managed,10.0,10.0,28.015,False,200,
1787684613.801747,managed,10.0,10.0,27.844,False,200,
1787684613.9017472,managed,10.0,10.0,27.621,False,200,
1787684614.0017471,managed,10.0,10.0,29.599,False,200,
1787684614.101747,managed,10.0,10.0,29.402,False,200,
1787684614.2017472,managed,10.0,10.0,39.97,False,200,
1787684614.301747,managed,10.0,10.0,36.013,False,200,
1787684614.4017472,managed,10.0,10.0,53.06,False,200,
1787684614.5017471,managed,10.0,10.0,33.635,False,200,
1787684614.601747,managed,10.0,10.0,30.942,False,200,
1787684614.7017472,managed,10.0,10.0,30.35,False,200,
1787684614.801747,managed,10.0,10.0,41.379,False,200,
1787684614.9017472,managed,10.0,10.0,46.778,False,200,
1787684615.0017471,managed,10.0,10.0,35.056,False,200,
1787684615.101747,managed,10.0,10.0,34.033,False,200,
1787684615.2017472,managed,10.0,10.0,35.171,False,200,
1787684615.301747,managed,10.0,10.0,36.019,False,200,
1787684615.4017472,managed,10.0,10.0,33.522,False,200,
1787684615.5017471,managed,10.0,10.0,37.948,False,200,
1787684615.601747,managed,10.0,10.0,27.255,False,200,
1787684615.7017472,managed,10.0,10.0,34.37,False,200,
1787684615.801747,managed,10.0,10.0,32.637,False,200,
1787684615.9017472,managed,10.0,10.0,32.818,False,200,
1787684616.0017471,managed,10.0,10.0,40.566,False,200,
1787684616.101747,managed,10.0,10.0,41.91,False,200,
1787684616.2017472,managed,10.0,10.0,38.985,False,200,
1787684616.301747,managed,10.0,10.0,33.54,False,200,
1787684616.4017472,managed,10.0,10.0,32.586,False,200,
1787684616.5017471,managed,10.0,10.0,28.857,False,200,
1787684616.601747,managed,10.0,10.0,35.39,False,200,
1787684616.7017472,managed,10.0,10.0,36.286,False,200,
1787684616.801747,managed,10.0,10.0,23.452,False,200,
1787684616.9017472,managed,10.0,10.0,29.469,False,200,
1787684617.0017471,managed,10.0,10.0,36.869,False,200,
1787684617.101747,managed,10.0,10.0,36.464,False,200,
1787684617.2017472,managed,10.0,10.0,38.941,False,200,
1787684617.301747,managed,10.0,10.0,46.065,False,200,
1787684617.4017472,managed,10.0,10.0,34.732,False,200,
1787684617.5017471,managed,10.0,10.0,28.66,False,200,
1787684617.601747,managed,10.0,10.0,39.329,False,200,
1787684617.7017472,managed,10.0,10.0,44.842,False,200,
1787684617.801747,managed,10.0,10.0,33.03,False,200,
1787684617.9017472,managed,10.0,10.0,32.783,False,200,
1787684618.0017471,managed,10.0,10.0,49.508,False,200,
1787684618.101747,managed,10.0,10.0,29.237,False,200,
1787684618.2017472,managed,10.0,10.0,29.506,False,200,
1787684618.301747,managed,10.0,10.0,41.529,False,200,
1787684618.4017472,managed,10.0,10.0,34.418,False,200,
1787684618.5017471,managed,10.0,10.0,34.111,False,200,
1787684618.601747,managed,10.0,10.0,38.487,False,200,
1787684618.7017472,managed,10.0,10.0,33.414,False,200,
1787684618.801747,managed,10.0,10.0,34.095,False,200,
1787684618.9017472,managed,10.0,10.0,26.612,False,200,
1787684619.0017471,managed,10.0,10.0,30.085,False,200,
1787684619.101747,managed,10.0,10.0,31.038,False,200,
1787684619.2017472,managed,10.0,10.0,38.839,False,200,
1787684619.301747,managed,10.0,10.0,42.103,False,200,
1787684619.4017472,managed,10.0,10.0,25.202,False,200,
1787684619.5017471,managed,10.0,10.0,31.516,False,200,
1787684619.601747,managed,10.0,10.0,35.341,False,200,
1787684619.7017472,managed,10.0,10.0,33.032,False,200,
1787684619.801747,managed,10.0,10.0,48.62,False,200,
1787684619.9017472,managed,10.0,10.0,42.504,False,200,
1787684620.0017471,managed,10.0,10.0,37.648,False,200,
1787684620.101747,managed,10.0,10.0,37.631,False,200,
1787684620.2017472,managed,10.0,10.0,35.362,False,200,
1787684620.301747,managed,10.0,10.0,45.463,False,200,
1787684620.4017472,managed,10.0,10.0,43.727,False,200,
1787684620.5017471,managed,10.0,10.0,34.228,False,200,
1787684620.601747,managed,10.0,10.0,38.456,False,200,
1787684620.7017472,managed,10.0,10.0,31.909,False,200,
1787684620.801747,managed,10.0,10.0,40.191,False,200,
1787684620.9017472,managed,10.0,10.0,31.037,False,200,
1787684621.0017471,managed,10.0,10.0,39.182,False,200,
1787684621.101747,managed,10.0,10.0,30.885,False,200,
1787684621.2017472,managed,10.0,10.0,32.95,False,200,
1787684621.301747,managed,10.0,10.0,48.314,False,200,
1787684621.4017472,managed,10.0,10.0,30.475,False,200,
1787684621.5017471,managed,10.0,10.0,34.788,False,200,
1787684621.601747,managed,10.0,10.0,31.358,False,200,
1787684621.7017472,managed,10.0,10.0,27.163,False,200,
1787684621.801747,managed,10.0,10.0,39.621,False,200,
1787684621.9017472,managed,10.0,10.0,39.523,False,200,
1787684622.0017471,managed,10.0,10.0,35.197,False,200,
1787684622.101747,managed,10.0,10.0,27.001,False,200,
1787684622.2017472,managed,10.0,10.0,35.68,False,200,
1787684622.301747,managed,10.0,10.0,40.965,False,200,
1787684622.4017472,managed,10.0,10.0,40.097,False,200,
1787684622.5017471,managed,10.0,10.0,29.467,False,200,
1787684622.601747,managed,10.0,10.0,33.81,False,200,
1787684622.7017472,managed,10.0,10.0,32.079,False,200,
1787684622.801747,managed,10.0,10.0,29.467,False,200,
1787684622.9017472,managed,10.0,10.0,29.349,False,200,
1787684623.0017471,managed,10.0,10.0,30.295,False,200,
1787684623.101747,managed,10.0,10.0,32.605,False,200,
1787684623.2017472,managed,10.0,10.0,36.256,False,200,
1787684623.301747,managed,10.0,10.0,37.85,False,200,
1787684623.4017472,managed,10.0,10.0,35.133,False,200,
1787684623.5017471,managed,10.0,10.0,32.979,False,200,
1787684623.601747,managed,10.0,10.0,43.048,False,200,
1787684623.7017472,managed,10.0,10.0,33.785,False,200,
1787684623.801747,managed,10.0,10.0,30.576,False,200,
1787684623.9017472,managed,10.0,10.0,30.041,False,200,
1787684624.0017471,managed,10.0,10.0,50.03,False,200,
1787684624.101747,managed,10.0,10.0,31.803,False,200,
1787684624.2017472,managed,10.0,10.0,37.452,False,200,
1787684624.301747,managed,10.0,10.0,44.624,False,200,
1787684624.4017472,managed,10.0,10.0,39.612,False,200,
1787684624.5017471,managed,10.0,10.0,29.664,False,200,
1787684624.601747,managed,10.0,10.0,36.416,False,200,
1787684624.7017472,managed,10.0,10.0,31.388,False,200,
1787684624.801747,managed,10.0,10.0,27.864,False,200,
1787684624.9017472,managed,10.0,10.0,33.259,False,200,
1787684625.0017471,managed,10.0,10.0,47.86,False,200,
1787684625.101747,managed,10.0,10.0,32.794,False,200,
1787684625.2017472,managed,10.0,10.0,25.338,False,200,
1787684625.301747,managed,10.0,10.0,37.496,False,200,
1787684625.4017472,managed,10.0,10.0,42.328,False,200,
1787684625.5017471,managed,10.0,10.0,33.439,False,200,
1787684625.601747,managed,10.0,10.0,30.044,False,200,
1787684625.7017472,managed,10.0,10.0,40.358,False,200,
1787684625.801747,managed,10.0,10.0,36.153,False,200,
1787684625.9017472,managed,10.0,10.0,35.838,False,200,
1787684626.0017471,managed,10.0,10.0,43.535,False,200,
1787684626.101747,managed,10.0,10.0,33.722,False,200,
1787684626.2017472,managed,10.0,10.0,35.148,False,200,
1787684626.301747,managed,10.0,10.0,33.001,False,200,
1787684626.4017472,managed,10.0,10.0,34.374,False,200,
1787684626.5017471,managed,10.0,10.0,30.892,False,200,
1787684626.601747,managed,10.0,10.0,40.58,False,200,
1787684626.7017472,managed,10.0,10.0,28.441,False,200,
1787684626.801747,managed,10.0,10.0,41.821,False,200,
1787684626.9017472,managed,10.0,10.0,36.185,False,200,
1787684627.0017471,managed,10.0,10.0,27.473,False,200,
1787684627.101747,managed,10.0,10.0,36.807,False,200,
1787684627.2017472,managed,10.0,10.0,34.028,False,200,
1787684627.301747,managed,10.0,10.0,28.227,False,200,
1787684627.4017472,managed,10.0,10.0,41.631,False,200,
1787684627.5017471,managed,10.0,10.0,34.153,False,200,
1787684627.601747,managed,10.0,10.0,35.912,False,200,
1787684627.7017472,managed,10.0,10.0,35.743,False,200,
1787684627.801747,managed,10.0,10.0,27.646,False,200,
1787684627.9017472,managed,10.0,10.0,45.036,False,200,
1787684628.0017471,managed,10.0,10.0,38.811,False,200,
1787684628.101747,managed,10.0,10.0,37.062,False,200,
1787684628.2017472,managed,10.0,10.0,39.324,False,200,
1787684628.301747,managed,10.0,10.0,31.997,False,200,
1787684628.4017472,managed,10.0,10.0,35.543,False,200,
1787684628.5017471,managed,10.0,10.0,41.802,False,200,
1787684628.601747,managed,10.0,10.0,29.524,False,200,
1787684628.7017472,managed,10.0,10.0,27.753,False,200,
1787684628.801747,managed,10.0,10.0,36.461,False,200,
1787684628.9017472,managed,10.0,10.0,29.656,False,200,
1787684629.0017471,managed,10.0,10.0,29.065,False,200,
1787684629.101747,managed,10.0,10.0,37.957,False,200,
1787684629.2017472,managed,10.0,10.0,35.199,False,200,
1787684629.301747,managed,10.0,10.0,30.423,False,200,
1787684629.4017472,managed,10.0,10.0,42.049,False,200,
1787684629.5017471,managed,10.0,10.0,28.885,False,200,
1787684629.601747,managed,10.0,10.0,30.478,False,200,
1787684629.7017472,managed,10.0,10.0,34.573,False,200,
1787684629.801747,managed,10.0,10.0,36.318,False,200,
1787684629.9017472,managed,10.0,10.0,38.486,False,200,
1787684630.0017471,managed,10.0,10.0,35.058,False,200,
1787684630.101747,managed,10.0,10.0,35.663,False,200,
1787684630.2017472,managed,10.0,10.0,40.297,False,200,
1787684630.301747,managed,10.0,10.0,33.489,False,200,
1787684630.4017472,managed,10.0,10.0,48.291,False,200,
1787684630.5017471,managed,10.0,10.0,41.447,False,200,
1787684630.601747,managed,10.0,10.0,23.015,False,200,
1787684630.7017472,managed,10.0,10.0,33.814,False,200,
1787684630.801747,managed,10.0,10.0,35.284,False,200,
1787684630.9017472,managed,10.0,10.0,28.277,False,200,
1787684631.0017471,managed,10.0,10.0,44.587,False,200,
1787684631.101747,managed,10.0,10.0,27.666,False,200,
1787684631.2017472,managed,10.0,10.0,34.816,False,200,
1787684631.301747,managed,10.0,10.0,34.374,False,200,
1787684631.4017472,managed,10.0,10.0,33.784,False,200,
1787684631.5017471,managed,10.0,10.0,34.99,False,200,
1787684631.601747,managed,10.0,10.0,31.217,False,200,
1787684631.7017472,managed,10.0,10.0,29.749,False,200,
1787684631.801747,managed,10.0,10.0,30.053,False,200,
1787684631.9017472,managed,10.0,10.0,48.417,False,200,
1787684632.0017471,managed,10.0,10.0,33.346,False,200,
1787684632.101747,managed,10.0,10.0,35.886,False,200,
1787684632.2017472,managed,10.0,10.0,39.649,False,200,
1787684632.301747,managed,10.0,10.0,43.127,False,200,
1787684632.4017472,managed,10.0,10.0,34.945,False,200,
1787684632.5017471,managed,10.0,10.0,27.023,False,200,
1787684632.601747,managed,10.0,10.0,38.53,False,200,
1787684632.7017472,managed,10.0,10.0,43.471,False,200,
1787684632.801747,managed,10.0,10.0,33.985,False,200,
1787684632.9017472,managed,10.0,10.0,36.689,False,200,
1787684633.0017471,managed,10.0,10.0,37.855,False,200,
1787684633.101747,managed,10.0,10.0,27.322,False,200,
1787684633.2017472,managed,10.0,10.0,34.692,False,200,
1787684633.301747,managed,10.0,10.0,41.576,False,200,
1787684633.4017472,managed,10.0,10.0,40.385,False,200,
1787684633.5017471,managed,10.0,10.0,37.779,False,200,
1787684633.601747,managed,10.0,10.0,36.345,False,200,
1787684633.7017472,managed,10.0,10.0,37.458,False,200,
1787684633.801747,managed,10.0,10.0,34.249,False,200,
1787684633.9017472,managed,10.0,10.0,39.26,False,200,
1787684634.0017471,managed,10.0,10.0,29.393,False,200,
1787684634.101747,managed,10.0,10.0,32.012,False,200,
1787684634.2017472,managed,10.0,10.0,32.45,False,200,
1787684634.301747,managed,10.0,10.0,28.637,False,200,
1787684634.4017472,managed,10.0,10.0,29.832,False,200,
1787684634.5017471,managed,10.0,10.0,38.993,False,200,
1787684634.601747,managed,10.0,10.0,38.371,False,200,
1787684634.7017472,managed,10.0,10.0,40.949,False,200,
1787684634.801747,managed,10.0,10.0,39.144,False,200,
1787684634.9017472,managed,10.0,10.0,30.112,False,200,
1787684635.0017471,managed,10.0,10.0,39.316,False,200,
1787684635.101747,managed,10.0,10.0,40.483,False,200,
1787684635.2017472,managed,10.0,10.0,35.688,False,200,
1787684635.301747,managed,10.0,10.0,38.321,False,200,
1787684635.4017472,managed,10.0,10.0,37.901,False,200,
1787684635.5017471,managed,10.0,10.0,33.337,False,200,
1787684635.601747,managed,10.0,10.0,50.633,False,200,
1787684635.7017472,managed,10.0,10.0,36.29,False,200,
1787684635.801747,managed,10.0,10.0,36.028,False,200,
1787684635.9017472,managed,10.0,10.0,36.625,False,200,
1787684636.0017471,managed,10.0,10.0,40.436,False,200,
1787684636.101747,managed,10.0,10.0,31.13,False,200,
1787684636.2017472,managed,10.0,10.0,36.043,False,200,
1787684636.301747,managed,10.0,10.0,35.055,False,200,
1787684636.4017472,managed,10.0,10.0,37.683,False,200,
1787684636.5017471,managed,10.0,10.0,37.47,False,200,
1787684636.601747,managed,10.0,10.0,32.371,False,200,
1787684636.7017472,managed,10.0,10.0,32.444,False,200,
1787684636.801747,managed,10.0,10.0,35.179,False,200,
1787684636.9017472,managed,10.0,10.0,40.669,False,200,
1787684637.0017471,managed,10.0,10.0,40.245,False,200,
1787684637.101747,managed,10.0,10.0,32.665,False,200,
1787684637.2017472,managed,10.0,10.0,32.908,False,200,
1787684637.301747,managed,10.0,10.0,26.915,False,200,
1787684637.4017472,managed,10.0,10.0,31.785,False,200,
1787684637.5017471,managed,10.0,10.0,41.642,False,200,
1787684637.601747,managed,10.0,10.0,31.576,False,200,
1787684637.7017472,managed,10.0,10.0,30.816,False,200,
1787684637.801747,managed,10.0,10.0,42.061,False,200,
1787684637.9017472,managed,10.0,10.0,31.599,False,200,
1787684638.0017471,managed,10.0,10.0,31.329,False,200,
1787684638.101747,managed,10.0,10.0,28.7,False,200,
1787684638.2017472,managed,10.0,10.0,36.201,False,200,
1787684638.301747,managed,10.0,10.0,34.896,False,200,
1787684638.4017472,managed,10.0,10.0,35.963,False,200,
1787684638.5017471,managed,10.0,10.0,29.528,False,200,
1787684638.601747,managed,10.0,10.0,32.2,False,200,
1787684638.7017472,managed,10.0,10.0,39.315,False,200,
1787684638.801747,managed,10.0,10.0,37.192,False,200,
1787684638.9017472,managed,10.0,10.0,34.841,False,200,
1787684639.0017471,managed,10.0,10.0,35.972,False,200,
1787684639.101747,managed,10.0,10.0,31.433,False,200,
1787684639.2017472,managed,10.0,10.0,34.97,False,200,
1787684639.301747,managed,10.0,10.0,34.731,False,200,
1787684639.4017472,managed,10.0,10.0,46.548,False,200,
1787684639.5017471,managed,10.0,10.0,32.114,False,200,
1787684639.601747,managed,10.0,10.0,27.647,False,200,
1787684639.7017472,managed,10.0,10.0,34.229,False,200,
1787684639.801747,managed,10.0,10.0,31.262,False,200,
1787684639.9017472,managed,10.0,10.0,37.07,False,200,
1787684640.0017471,managed,10.0,10.0,45.862,False,200,
1787684640.101747,managed,10.0,10.0,28.849,False,200,
1787684640.2017472,managed,10.0,10.0,37.203,False,200,
1787684640.301747,managed,10.0,10.0,36.863,False,200,
1787684640.4017472,managed,10.0,10.0,37.848,False,200,
1787684640.5017471,managed,10.0,10.0,37.126,False,200,
1787684640.601747,managed,10.0,10.0,33.89,False,200,
1787684640.7017472,managed,10.0,10.0,31.096,False,200,
1787684640.801747,managed,10.0,10.0,40.666,False,200,
1787684640.9017472,managed,10.0,10.0,31.992,False,200,
1787684641.0017471,managed,10.0,10.0,27.518,False,200,
1787684641.101747,managed,10.0,10.0,33.857,False,200,
1787684641.2017472,managed,10.0,10.0,29.075,False,200,
1787684641.301747,managed,10.0,10.0,32.765,False,200,
1787684641.4017472,managed,10.0,10.0,35.825,False,200,
1787684641.5017471,managed,10.0,10.0,35.42,False,200,
1787684641.601747,managed,10.0,10.0,34.751,False,200,
1787684641.7017472,managed,10.0,10.0,35.489,False,200,
1787684641.801747,managed,10.0,10.0,41.01,False,200,
1787684641.9017472,managed,10.0,10.0,31.426,False,200,
1787684642.0017471,managed,10.0,10.0,46.904,False,200,
1787684642.101747,managed,10.0,10.0,31.972,False,200,
1787684642.2017472,managed,10.0,10.0,33.911,False,200,
1787684642.301747,managed,10.0,10.0,39.109,False,200,
1787684642.4017472,managed,10.0,10.0,33.357,False,200,
1787684642.5017471,managed,10.0,10.0,34.39,False,200,
1787684642.601747,managed,10.0,10.0,35.261,False,200,
1787684642.7017472,managed,10.0,10.0,39.481,False,200,
1787684642.801747,managed,10.0,10.0,31.456,False,200,
1787684642.9017472,managed,10.0,10.0,34.177,False,200,
1787684643.0017471,managed,10.0,10.0,35.945,False,200,
1787684643.101747,managed,10.0,10.0,33.505,False,200,
1787684643.2017472,managed,10.0,10.0,36.155,False,200,
1787684643.301747,managed,10.0,10.0,41.966,False,200,
1787684643.4017472,managed,10.0,10.0,33.014,False,200,
1787684643.5017471,managed,10.0,10.0,29.873,False,200,
1787684643.601747,managed,10.0,10.0,31.659,False,200,
1787684643.7017472,managed,10.0,10.0,28.055,False,200,
1787684643.801747,managed,10.0,10.0,34.914,False,200,
1787684643.9017472,managed,10.0,10.0,31.122,False,200,
1787684644.0017471,managed,10.0,10.0,37.423,False,200,
1787684644.101747,managed,10.0,10.0,40.953,False,200,
1787684644.2017472,managed,10.0,10.0,35.467,False,200,
1787684644.301747,managed,10.0,10.0,40.935,False,200,
1787684644.4017472,managed,10.0,10.0,29.904,False,200,
1787684644.5017471,managed,10.0,10.0,43.944,False,200,
1787684644.601747,managed,10.0,10.0,32.529,False,200,
1787684644.7017472,managed,10.0,10.0,33.804,False,200,
1787684644.801747,managed,10.0,10.0,38.272,False,200,
1787684644.9017472,managed,10.0,10.0,31.563,False,200,
1787684645.0017471,managed,10.0,10.0,25.805,False,200,
1787684645.101747,managed,10.0,10.0,31.72,False,200,
1787684645.2017472,managed,10.0,10.0,37.791,False,200,
1787684645.301747,managed,10.0,10.0,38.846,False,200,
1787684645.4017472,managed,10.0,10.0,27.467,False,200,
1787684645.5017471,managed,10.0,10.0,33.041,False,200,
1787684645.601747,managed,10.0,10.0,29.641,False,200,
1787684645.7017472,managed,10.0,10.0,33.828,False,200,
1787684645.801747,managed,10.0,10.0,35.781,False,200,
1787684645.9017472,managed,10.0,10.0,36.28,False,200,
1787684646.0017471,managed,10.0,10.0,37.635,False,200,
1787684646.101747,managed,10.0,10.0,38.698,False,200,
1787684646.2017472,managed,10.0,10.0,36.27,False,200,
1787684646.301747,managed,10.0,10.0,34.529,False,200,
1787684646.4017472,managed,10.0,10.0,39.197,False,200,
1787684646.5017471,managed,10.0,10.0,30.33,False,200,
1787684646.601747,managed,10.0,10.0,34.227,False,200,
1787684646.7017472,managed,10.0,10.0,33.203,False,200,
1787684646.801747,managed,10.0,10.0,36.456,False,200,
1787684646.9017472,managed,10.0,10.0,37.901,False,200,
1787684647.0017471,managed,10.0,10.0,41.271,False,200,
1787684647.101747,managed,10.0,10.0,34.636,False,200,
1787684647.2017472,managed,10.0,10.0,38.174,False,200,
1787684647.301747,managed,10.0,10.0,36.795,False,200,
1787684647.4017472,managed,10.0,10.0,36.653,False,200,
1787684647.5017471,managed,10.0,10.0,32.866,False,200,
1787684647.601747,managed,10.0,10.0,28.819,False,200,
1787684647.7017472,managed,10.0,10.0,27.569,False,200,
1787684647.801747,managed,10.0,10.0,50.404,False,200,
1787684647.9017472,managed,10.0,10.0,37.512,False,200,
1787684648.0017471,managed,10.0,10.0,29.644,False,200,
1787684648.101747,managed,10.0,10.0,33.35,False,200,
1787684648.2017472,managed,10.0,10.0,30.872,False,200,
1787684648.301747,managed,10.0,10.0,27.865,False,200,
1787684648.4017472,managed,10.0,10.0,40.123,False,200,
1787684648.5017471,managed,10.0,10.0,35.64,False,200,
1787684648.601747,managed,10.0,10.0,27.264,False,200,
1787684648.7017472,managed,10.0,10.0,32.946,False,200,
1787684648.801747,managed,10.0,10.0,36.613,False,200,
1787684648.9017472,managed,10.0,10.0,29.684,False,200,
1787684649.0017471,managed,10.0,10.0,41.282,False,200,
1787684649.101747,managed,10.0,10.0,34.083,False,200,
1787684649.2017472,managed,10.0,10.0,41.491,False,200,
1787684649.301747,managed,10.0,10.0,47.7,False,200,
1787684649.4017472,managed,10.0,10.0,31.197,False,200,
1787684649.5017471,managed,10.0,10.0,40.169,False,200,
1787684649.601747,managed,10.0,10.0,31.246,False,200,
1787684649.7017472,managed,10.0,10.0,25.745,False,200,
1787684649.801747,managed,10.0,10.0,33.341,False,200,
1787684649.9017472,managed,10.0,10.0,39.555,False,200,
1787684650.0017471,managed,10.0,10.0,33.801,False,200,
1787684650.101747,managed,10.0,10.0,30.503,False,200,
1787684650.2017472,managed,10.0,10.0,39.187,False,200,
1787684650.301747,managed,10.0,10.0,34.82,False,200,
1787684650.4017472,managed,10.0,10.0,34.134,False,200,
1787684650.5017471,managed,10.0,10.0,37.162,False,200,
1787684650.601747,managed,10.0,10.0,42.499,False,200,
1787684650.7017472,managed,10.0,10.0,25.653,False,200,
1787684650.801747,managed,10.0,10.0,45.408,False,200,
1787684650.9017472,managed,10.0,10.0,28.171,False,200,
1787684651.0017471,managed,10.0,10.0,28.739,False,200,
1787684651.101747,managed,10.0,10.0,30.529,False,200,
1787684651.2017472,managed,10.0,10.0,33.423,False,200,
1787684651.301747,managed,10.0,10.0,35.77,False,200,
1787684651.4017472,managed,10.0,10.0,28.365,False,200,
1787684651.5017471,managed,10.0,10.0,33.154,False,200,
1787684651.601747,managed,10.0,10.0,32.763,False,200,
1787684651.7017472,managed,10.0,10.0,44.762,False,200,
1787684651.801747,managed,10.0,10.0,38.353,False,200,
1787684651.9017472,managed,10.0,10.0,28.669,False,200,
1787684652.0017471,managed,10.0,10.0,40.558,False,200,
1787684652.101747,managed,10.0,10.0,42.178,False,200,
1787684652.2017472,managed,10.0,10.0,30.029,False,200,
1787684652.301747,managed,10.0,10.0,40.072,False,200,
1787684652.4017472,managed,10.0,10.0,31.308,False,200,
1787684652.5017471,managed,10.0,10.0,35.822,False,200,
1787684652.601747,managed,10.0,10.0,41.511,False,200,
1787684652.7017472,managed,10.0,10.0,32.436,False,200,
1787684652.801747,managed,10.0,10.0,37.355,False,200,
1787684652.9017472,managed,10.0,10.0,36.933,False,200,
1787684653.0017471,managed,10.0,10.0,43.974,False,200,
1787684653.101747,managed,10.0,10.0,30.916,False,200,
1787684653.2017472,managed,10.0,10.0,47.862,False,200,
1787684653.301747,managed,10.0,10.0,35.892,False,200,
1787684653.4017472,managed,10.0,10.0,39.21,False,200,
1787684653.5017471,managed,10.0,10.0,35.124,False,200,
1787684653.601747,managed,10.0,10.0,29.36,False,200,
1787684653.7017472,managed,10.0,10.0,21.457,False,200,
1787684653.801747,managed,10.0,10.0,42.288,False,200,
1787684653.9017472,managed,10.0,10.0,25.504,False,200,
1787684654.0017471,managed,10.0,10.0,31.984,False,200,
1787684654.101747,managed,10.0,10.0,36.995,False,200,
1787684654.2017472,managed,10.0,10.0,39.631,False,200,
1787684654.301747,managed,10.0,10.0,33.414,False,200,
1787684654.4017472,managed,10.0,10.0,35.712,False,200,
1787684654.5017471,managed,10.0,10.0,34.158,False,200,
1787684654.601747,managed,10.0,10.0,29.466,False,200,
1787684654.7017472,managed,10.0,10.0,29.11,False,200,
1787684654.801747,managed,10.0,10.0,30.367,False,200,
1787684654.9017472,managed,10.0,10.0,35.412,False,200,
1787684655.0017471,managed,10.0,10.0,33.889,False,200,
1787684655.101747,managed,10.0,10.0,40.824,False,200,
1787684655.2017472,managed,10.0,10.0,36.713,False,200,
1787684655.301747,managed,10.0,10.0,35.668,False,200,
1787684655.4017472,managed,10.0,10.0,35.087,False,200,
1787684655.5017471,managed,10.0,10.0,36.532,False,200,
1787684655.601747,managed,10.0,10.0,40.813,False,200,
1787684655.7017472,managed,10.0,10.0,35.058,False,200,
1787684655.801747,managed,10.0,10.0,33.238,False,200,
1787684655.9017472,managed,10.0,10.0,30.832,False,200,
1787684656.0017471,managed,10.0,10.0,37.496,False,200,
1787684656.101747,managed,10.0,10.0,36.296,False,200,
1787684656.2017472,managed,10.0,10.0,41.414,False,200,
1787684656.301747,managed,10.0,10.0,30.434,False,200,
1787684656.4017472,managed,10.0,10.0,36.782,False,200,
1787684656.5017471,managed,10.0,10.0,34.862,False,200,
1787684656.601747,managed,10.0,10.0,41.689,False,200,
1787684656.7017472,managed,10.0,10.0,31.839,False,200,
1787684656.801747,managed,10.0,10.0,37.886,False,200,
1787684656.9017472,managed,10.0,10.0,31.758,False,200,
1787684657.0017471,managed,10.0,10.0,27.66,False,200,
1787684657.101747,managed,10.0,10.0,42.027,False,200,
1787684657.2017472,managed,10.0,10.0,36.272,False,200,
1787684657.301747,managed,10.0,10.0,38.996,False,200,
1787684657.4017472,managed,10.0,10.0,38.157,False,200,
1787684657.5017471,managed,10.0,10.0,40.64,False,200,
1787684657.601747,managed,10.0,10.0,44.626,False,200,
1787684657.7017472,managed,10.0,10.0,32.016,False,200,
1787684657.801747,managed,10.0,10.0,31.989,False,200,
1787684657.9017472,managed,10.0,10.0,29.376,False,200,
1787684658.0017471,managed,10.0,10.0,33.408,False,200,
1787684658.101747,managed,10.0,10.0,39.653,False,200,
1787684658.2017472,managed,10.0,10.0,32.929,False,200,
1787684658.301747,managed,10.0,10.0,39.156,False,200,
1787684658.4017472,managed,10.0,10.0,37.505,False,200,
1787684658.5017471,managed,10.0,10.0,31.936,False,200,
1787684658.601747,managed,10.0,10.0,37.859,False,200,
1787684658.7017472,managed,10.0,10.0,41.301,False,200,
1787684658.801747,managed,10.0,10.0,32.467,False,200,
1787684658.9017472,managed,10.0,10.0,41.747,False,200,
1787684659.0017471,managed,10.0,10.0,42.437,False,200,
1787684659.101747,managed,10.0,10.0,39.597,False,200,
1787684659.2017472,managed,10.0,10.0,41.451,False,200,
1787684659.301747,managed,10.0,10.0,37.135,False,200,
1787684659.4017472,managed,10.0,10.0,33.803,False,200,
1787684659.5017471,managed,10.0,10.0,25.989,False,200,
1787684659.601747,managed,10.0,10.0,40.246,False,200,
1787684659.7017472,managed,10.0,10.0,44.11,False,200,
1787684659.801747,managed,10.0,10.0,34.256,False,200,
1787684659.9017472,managed,10.0,10.0,41.466,False,200,
1787684660.0017471,managed,10.0,10.0,39.161,False,200,
1787684660.101747,managed,10.0,10.0,40.057,False,200,
1787684660.2017472,managed,10.0,10.0,31.908,False,200,
1787684660.301747,managed,10.0,10.0,40.962,False,200,
1787684660.4017472,managed,10.0,10.0,34.451,False,200,
1787684660.5017471,managed,10.0,10.0,35.565,False,200,
1787684660.601747,managed,10.0,10.0,28.352,False,200,
1787684660.7017472,managed,10.0,10.0,26.62,False,200,
1787684660.801747,managed,10.0,10.0,34.254,False,200,
1787684660.9017472,managed,10.0,10.0,47.393,False,200,
1787684661.0017471,managed,10.0,10.0,43.301,False,200,
1787684661.101747,managed,10.0,10.0,25.564,False,200,
1787684661.2017472,managed,10.0,10.0,46.861,False,200,
1787684661.301747,managed,10.0,10.0,34.835,False,200,
1787684661.4017472,managed,10.0,10.0,33.269,False,200,
1787684661.5017471,managed,10.0,10.0,35.415,False,200,
1787684661.601747,managed,10.0,10.0,32.933,False,200,
1787684661.7017472,managed,10.0,10.0,41.356,False,200,
1787684661.801747,managed,10.0,10.0,36.428,False,200,
1787684661.9017472,managed,10.0,10.0,40.372,False,200,
1787684662.0017471,managed,10.0,10.0,44.136,False,200,
1787684662.101747,managed,10.0,10.0,31.258,False,200,
1787684662.2017472,managed,10.0,10.0,29.747,False,200,
1787684662.301747,managed,10.0,10.0,30.942,False,200,
1787684662.4017472,managed,10.0,10.0,45.266,False,200,
1787684662.5017471,managed,10.0,10.0,24.654,False,200,
1787684662.601747,managed,10.0,10.0,28.896,False,200,
1787684662.7017472,managed,10.0,10.0,46.695,False,200,
1787684662.801747,managed,10.0,10.0,38.713,False,200,
1787684662.9017472,managed,10.0,10.0,27.49,False,200,
1787684663.0017471,managed,10.0,10.0,34.955,False,200,
1787684663.101747,managed,10.0,10.0,31.561,False,200,
1787684663.2017472,managed,10.0,10.0,23.379,False,200,
1787684663.301747,managed,10.0,10.0,34.623,False,200,
1787684663.4017472,managed,10.0,10.0,33.845,False,200,
1787684663.5017471,managed,10.0,10.0,30.458,False,200,
1787684663.601747,managed,10.0,10.0,38.701,False,200,
1787684663.7017472,managed,10.0,10.0,33.303,False,200,
1787684663.801747,managed,10.0,10.0,38.483,False,200,
1787684663.9017472,managed,10.0,10.0,30.392,False,200,
1787684664.0017471,managed,10.0,10.0,39.334,False,200,
1787684664.101747,managed,10.0,10.0,35.021,False,200,
1787684664.2017472,managed,10.0,10.0,40.301,False,200,
1787684664.301747,managed,10.0,10.0,36.443,False,200,
1787684664.4017472,managed,10.0,10.0,32.16,False,200,
1787684664.5017471,managed,10.0,10.0,36.93,False,200,
1787684664.601747,managed,10.0,10.0,35.236,False,200,
1787684664.7017472,managed,10.0,10.0,29.302,False,200,
1787684664.801747,managed,10.0,10.0,27.473,False,200,
1787684664.9017472,managed,10.0,10.0,31.39,False,200,
1787684665.0017471,managed,10.0,10.0,38.042,False,200,
1787684665.101747,managed,10.0,10.0,31.536,False,200,
1787684665.2017472,managed,10.0,10.0,37.671,False,200,
1787684665.301747,managed,10.0,10.0,32.885,False,200,
1787684665.4017472,managed,10.0,10.0,37.979,False,200,
1787684665.5017471,managed,10.0,10.0,41.729,False,200,
1787684665.601747,managed,10.0,10.0,28.977,False,200,
1787684665.7017472,managed,10.0,10.0,35.039,False,200,
1787684665.801747,managed,10.0,10.0,37.234,False,200,
1787684665.9017472,managed,10.0,10.0,23.862,False,200,
1787684666.0017471,managed,10.0,10.0,40.224,False,200,
1787684666.101747,managed,10.0,10.0,36.59,False,200,
1787684666.2017472,managed,10.0,10.0,28.617,False,200,
1787684666.301747,managed,10.0,10.0,30.702,False,200,
1787684666.4017472,managed,10.0,10.0,36.187,False,200,
1787684666.5017471,managed,10.0,10.0,27.95,False,200,
1787684666.601747,managed,10.0,10.0,33.998,False,200,
1787684666.7017472,managed,10.0,10.0,29.627,False,200,
1787684666.801747,managed,10.0,10.0,31.134,False,200,
1787684666.9017472,managed,10.0,10.0,35.14,False,200,
1787684667.0017471,managed,10.0,10.0,43.316,False,200,
1787684667.101747,managed,10.0,10.0,38.901,False,200,
1787684667.2017472,managed,10.0,10.0,33.003,False,200,
1787684667.301747,managed,10.0,10.0,37.749,False,200,
1787684667.4017472,managed,10.0,10.0,34.932,False,200,
1787684667.5017471,managed,10.0,10.0,33.239,False,200,
1787684667.601747,managed,10.0,10.0,30.123,False,200,
1787684667.7017472,managed,10.0,10.0,39.962,False,200,
1787684667.801747,managed,10.0,10.0,28.393,False,200,
1787684667.9017472,managed,10.0,10.0,31.136,False,200,
1787684668.0017471,managed,10.0,10.0,35.805,False,200,
1787684668.101747,managed,10.0,10.0,26.436,False,200,
1787684668.2017472,managed,10.0,10.0,32.049,False,200,
1787684668.301747,managed,10.0,10.0,32.655,False,200,
1787684668.4017472,managed,10.0,10.0,28.623,False,200,
1787684668.5017471,managed,10.0,10.0,38.404,False,200,
1787684668.601747,managed,10.0,10.0,34.672,False,200,
1787684668.7017472,managed,10.0,10.0,32.296,False,200,
1787684668.801747,managed,10.0,10.0,36.556,False,200,
1787684668.9017472,managed,10.0,10.0,22.737,False,200,
1787684669.0017471,managed,10.0,10.0,36.979,False,200,
1787684669.101747,managed,10.0,10.0,32.69,False,200,
1787684669.2017472,managed,10.0,10.0,34.42,False,200,
1787684669.301747,managed,10.0,10.0,38.333,False,200,
1787684669.4017472,managed,10.0,10.0,33.257,False,200,
1787684669.5017471,managed,10.0,10.0,30.775,False,200,
1787684669.601747,managed,10.0,10.0,39.916,False,200,
1787684669.7017472,managed,10.0,10.0,37.139,False,200,
1787684669.801747,managed,10.0,10.0,42.213,False,200,
1787684669.9017472,managed,10.0,10.0,46.36,False,200,
1787684670.0017471,managed,10.0,10.0,35.845,False,200,
1787684670.101747,managed,10.0,10.0,27.9,False,200,
1787684670.2017472,managed,10.0,10.0,33.493,False,200,
1787684670.301747,managed,10.0,10.0,29.233,False,200,
1787684670.4017472,managed,10.0,10.0,33.195,False,200,
1787684670.5017471,managed,10.0,10.0,43.702,False,200,
1787684670.601747,managed,10.0,10.0,40.138,False,200,
1787684670.7017472,managed,10.0,10.0,34.251,False,200,
1787684670.801747,managed,10.0,10.0,34.36,False,200,
1787684670.9017472,managed,10.0,10.0,31.826,False,200,
1787684671.0017471,managed,10.0,10.0,33.493,False,200,
1787684671.101747,managed,10.0,10.0,35.185,False,200,
1787684671.2017472,managed,10.0,10.0,37.501,False,200,
1787684671.301747,managed,10.0,10.0,31.93,False,200,
1787684671.4017472,managed,10.0,10.0,35.773,False,200,
1787684671.5017471,managed,10.0,10.0,38.842,False,200,
1787684671.601747,managed,10.0,10.0,38.668,False,200,
1787684671.7017472,managed,10.0,10.0,42.681,False,200,
1787684671.801747,managed,10.0,10.0,35.762,False,200,
1787684671.9017472,managed,10.0,10.0,37.874,False,200,
1787684672.0017471,managed,10.0,10.0,35.177,False,200,
1787684672.101747,managed,10.0,10.0,37.317,False,200,
1787684672.2017472,managed,10.0,10.0,37.833,False,200,
1787684672.301747,managed,10.0,10.0,46.207,False,200,
1787684672.4017472,managed,10.0,10.0,38.153,False,200,
1787684672.5017471,managed,10.0,10.0,35.297,False,200,
1787684672.601747,managed,10.0,10.0,39.905,False,200,
1787684672.7017472,managed,10.0,10.0,40.433,False,200,
1787684672.801747,managed,10.0,10.0,41.358,False,200,
1787684672.9017472,managed,10.0,10.0,40.105,False,200,
1787684673.0017471,managed,10.0,10.0,33.335,False,200,
1787684673.101747,managed,10.0,10.0,37.049,False,200,
1787684673.2017472,managed,10.0,10.0,33.759,False,200,
1787684673.301747,managed,10.0,10.0,40.485,False,200,
1787684673.4017472,managed,10.0,10.0,47.388,False,200,
1787684673.5017471,managed,10.0,10.0,27.972,False,200,
1787684673.601747,managed,10.0,10.0,39.944,False,200,
1787684673.7017472,managed,10.0,10.0,33.224,False,200,
1787684673.801747,managed,10.0,10.0,33.445,False,200,
1787684673.9017472,managed,10.0,10.0,35.146,False,200,
1787684674.0017471,managed,10.0,10.0,35.859,False,200,
1787684674.101747,managed,10.0,10.0,31.054,False,200,
1787684674.2017472,managed,10.0,10.0,37.24,False,200,
1787684674.301747,managed,10.0,10.0,25.396,False,200,
1787684674.4017472,managed,10.0,10.0,40.354,False,200,
1787684674.5017471,managed,10.0,10.0,37.002,False,200,
1787684674.601747,managed,10.0,10.0,43.972,False,200,
1787684674.7017472,managed,10.0,10.0,37.925,False,200,
1787684674.801747,managed,10.0,10.0,41.228,False,200,
1787684674.9017472,managed,10.0,10.0,37.789,False,200,
1787684675.0017471,managed,10.0,10.0,39.709,False,200,
1787684675.101747,managed,10.0,10.0,29.572,False,200,
1787684675.2017472,managed,10.0,10.0,26.115,False,200,
1787684675.301747,managed,10.0,10.0,33.251,False,200,
1787684675.4017472,managed,10.0,10.0,35.961,False,200,
1787684675.5017471,managed,10.0,10.0,38.032,False,200,
1787684675.601747,managed,10.0,10.0,38.29,False,200,
1787684675.7017472,managed,10.0,10.0,34.336,False,200,
1787684675.801747,managed,10.0,10.0,28.254,False,200,
1787684675.9017472,managed,10.0,10.0,44.546,False,200,
1787684676.0017471,managed,10.0,10.0,36.969,False,200,
1787684676.101747,managed,10.0,10.0,31.062,False,200,
1787684676.2017472,managed,10.0,10.0,35.496,False,200,
1787684676.301747,managed,10.0,10.0,42.696,False,200,
1787684676.4017472,managed,10.0,10.0,39.835,False,200,
1787684676.5017471,managed,10.0,10.0,42.619,False,200,
1787684676.601747,managed,10.0,10.0,26.449,False,200,
1787684676.7017472,managed,10.0,10.0,23.614,False,200,
1787684676.801747,managed,10.0,10.0,37.183,False,200,
1787684676.9017472,managed,10.0,10.0,36.016,False,200,
1787684677.0017471,managed,10.0,10.0,42.342,False,200,
1787684677.101747,managed,10.0,10.0,40.258,False,200,
1787684677.2017472,managed,10.0,10.0,37.136,False,200,
1787684677.301747,managed,10.0,10.0,27.458,False,200,
1787684677.4017472,managed,10.0,10.0,30.49,False,200,
1787684677.5017471,managed,10.0,10.0,35.835,False,200,
1787684677.601747,managed,10.0,10.0,37.893,False,200,
1787684677.7017472,managed,10.0,10.0,25.93,False,200,
1787684677.801747,managed,10.0,10.0,38.648,False,200,
1787684677.9017472,managed,10.0,10.0,31.386,False,200,
1787684678.0017471,managed,10.0,10.0,40.615,False,200,
1787684678.101747,managed,10.0,10.0,35.178,False,200,
1787684678.2017472,managed,10.0,10.0,29.272,False,200,
1787684678.301747,managed,10.0,10.0,34.849,False,200,
1787684678.4017472,managed,10.0,10.0,33.295,False,200,
1787684678.5017471,managed,10.0,10.0,32.136,False,200,
1787684678.601747,managed,10.0,10.0,36.515,False,200,
1787684678.7017472,managed,10.0,10.0,31.09,False,200,
1787684678.801747,managed,10.0,10.0,35.566,False,200,
1787684678.9017472,managed,10.0,10.0,38.196,False,200,
1787684679.0017471,managed,10.0,10.0,34.167,False,200,
1787684679.101747,managed,10.0,10.0,40.534,False,200,
1787684679.2017472,managed,10.0,10.0,37.582,False,200,
1787684679.301747,managed,10.0,10.0,34.618,False,200,
1787684679.4017472,managed,10.0,10.0,36.822,False,200,
1787684679.5017471,managed,10.0,10.0,31.245,False,200,
1787684679.601747,managed,10.0,10.0,33.923,False,200,
1787684679.7017472,managed,10.0,10.0,34.95,False,200,
1787684679.801747,managed,10.0,10.0,49.371,False,200,
1787684679.9017472,managed,10.0,10.0,38.068,False,200,
1787684680.0017471,managed,10.0,10.0,29.122,False,200,
1787684680.101747,managed,10.0,10.0,36.946,False,200,
1787684680.2017472,managed,10.0,10.0,41.429,False,200,
1787684680.301747,managed,10.0,10.0,33.719,False,200,
1787684680.4017472,managed,10.0,10.0,41.182,False,200,
1787684680.5017471,managed,10.0,10.0,43.269,False,200,
1787684680.601747,managed,10.0,10.0,39.566,False,200,
1787684680.7017472,managed,10.0,10.0,37.344,False,200,
1787684680.801747,managed,10.0,10.0,34.475,False,200,
1787684680.9017472,managed,10.0,10.0,26.71,False,200,
1787684681.0017471,managed,10.0,10.0,32.558,False,200,
1787684681.101747,managed,10.0,10.0,35.468,False,200,
1787684681.2017472,managed,10.0,10.0,31.443,False,200,
1787684681.301747,managed,10.0,10.0,37.898,False,200,
1787684681.4017472,managed,10.0,10.0,35.144,False,200,
1787684681.5017471,managed,10.0,10.0,38.302,False,200,
1787684681.601747,managed,10.0,10.0,30.612,False,200,
1787684681.7017472,managed,10.0,10.0,34.924,False,200,
1787684681.801747,managed,10.0,10.0,33.402,False,200,
1787684681.9017472,managed,10.0,10.0,32.121,False,200,
1787684682.0017471,managed,10.0,10.0,48.593,False,200,
1787684682.101747,managed,10.0,10.0,29.23,False,200,
1787684682.2017472,managed,10.0,10.0,26.482,False,200,
1787684682.301747,managed,10.0,10.0,31.407,False,200,
1787684682.4017472,managed,10.0,10.0,27.712,False,200,
1787684682.5017471,managed,10.0,10.0,37.453,False,200,
1787684682.601747,managed,10.0,10.0,34.449,False,200,
1787684682.7017472,managed,10.0,10.0,35.295,False,200,
1787684682.801747,managed,10.0,10.0,28.57,False,200,
1787684682.9017472,managed,10.0,10.0,35.028,False,200,
1787684683.0017471,managed,10.0,10.0,32.775,False,200,
1787684683.101747,managed,10.0,10.0,27.883,False,200,
1787684683.2017472,managed,10.0,10.0,32.973,False,200,
1787684683.301747,managed,10.0,10.0,28.376,False,200,
1787684683.4017472,managed,10.0,10.0,25.327,False,200,
1787684683.5017471,managed,10.0,10.0,30.026,False,200,
1787684683.601747,managed,10.0,10.0,36.556,False,200,
1787684683.7017472,managed,10.0,10.0,26.573,False,200,
1787684683.801747,managed,10.0,10.0,39.879,False,200,
1787684683.9017472,managed,10.0,10.0,35.499,False,200,
1787684684.0017471,managed,10.0,10.0,30.237,False,200,
1787684684.101747,managed,10.0,10.0,33.883,False,200,
1787684684.2017472,managed,10.0,10.0,29.844,False,200,
1787684684.301747,managed,10.0,10.0,31.184,False,200,
1787684684.4017472,managed,10.0,10.0,31.873,False,200,
1787684684.5017471,managed,10.0,10.0,31.394,False,200,
1787684684.601747,managed,10.0,10.0,35.927,False,200,
1787684684.7017472,managed,10.0,10.0,38.642,False,200,
1787684684.801747,managed,10.0,10.0,34.866,False,200,
1787684684.9017472,managed,10.0,10.0,32.811,False,200,
1787684685.0017471,managed,10.0,10.0,30.297,False,200,
1787684685.101747,managed,10.0,10.0,31.4,False,200,
1787684685.2017472,managed,10.0,10.0,40.236,False,200,
1787684685.301747,managed,10.0,10.0,40.274,False,200,
1787684685.4017472,managed,10.0,10.0,34.91,False,200,
1787684685.5017471,managed,10.0,10.0,32.737,False,200,
1787684685.601747,managed,10.0,10.0,36.003,False,200,
1787684685.7017472,managed,10.0,10.0,36.45,False,200,
1787684685.801747,managed,10.0,10.0,39.844,False,200,
1787684685.9017472,managed,10.0,10.0,34.007,False,200,
1787684686.0017471,managed,10.0,10.0,38.738,False,200,
1787684686.101747,managed,10.0,10.0,28.107,False,200,
1787684686.2017472,managed,10.0,10.0,35.256,False,200,
1787684686.301747,managed,10.0,10.0,30.65,False,200,
1787684686.4017472,managed,10.0,10.0,40.14,False,200,
1787684686.5017471,managed,10.0,10.0,38.421,False,200,
1787684686.601747,managed,10.0,10.0,35.378,False,200,
1787684686.7017472,managed,10.0,10.0,33.535,False,200,
1787684686.801747,managed,10.0,10.0,27.425,False,200,
1787684686.9017472,managed,10.0,10.0,30.422,False,200,
1787684687.0017471,managed,10.0,10.0,35.74,False,200,
1787684687.101747,managed,10.0,10.0,38.259,False,200,
1787684687.2017472,managed,10.0,10.0,44.343,False,200,
1787684687.301747,managed,10.0,10.0,28.878,False,200,
1787684687.4017472,managed,10.0,10.0,38.736,False,200,
1787684687.5017471,managed,10.0,10.0,32.548,False,200,
1787684687.601747,managed,10.0,10.0,39.13,False,200,
1787684687.7017472,managed,10.0,10.0,39.368,False,200,
1787684687.801747,managed,10.0,10.0,41.393,False,200,
1787684687.9017472,managed,10.0,10.0,31.896,False,200,
1787684688.0017471,managed,10.0,10.0,34.991,False,200,
1787684688.101747,managed,10.0,10.0,35.42,False,200,
1787684688.2017472,managed,10.0,10.0,35.24,False,200,
1787684688.301747,managed,10.0,10.0,39.963,False,200,
1787684688.4017472,managed,10.0,10.0,32.418,False,200,
1787684688.5017471,managed,10.0,10.0,37.285,False,200,
1787684688.601747,managed,10.0,10.0,31.785,False,200,
1787684688.7017472,managed,10.0,10.0,31.715,False,200,
1787684688.801747,managed,10.0,10.0,28.728,False,200,
1787684688.9017472,managed,10.0,10.0,24.239,False,200,
1787684689.0017471,managed,10.0,10.0,27.602,False,200,
1787684689.101747,managed,10.0,10.0,33.151,False,200,
1787684689.2017472,managed,10.0,10.0,30.201,False,200,
1787684689.301747,managed,10.0,10.0,34.668,False,200,
1787684689.4017472,managed,10.0,10.0,37.655,False,200,
1787684689.5017471,managed,10.0,10.0,46.935,False,200,
1787684689.601747,managed,10.0,10.0,36.121,False,200,
1787684689.7017472,managed,10.0,10.0,30.587,False,200,
1787684689.801747,managed,10.0,10.0,44.24,False,200,
1787684689.9017472,managed,10.0,10.0,35.755,False,200,
1787684690.0017471,managed,10.0,10.0,33.333,False,200,
1787684690.101747,managed,10.0,10.0,35.323,False,200,
1787684690.2017472,managed,10.0,10.0,34.09,False,200,
1787684690.301747,managed,10.0,10.0,34.13,False,200,
1787684690.4017472,managed,10.0,10.0,35.595,False,200,
1787684690.5017471,managed,10.0,10.0,29.861,False,200,
1787684690.601747,managed,10.0,10.0,39.888,False,200,
1787684690.7017472,managed,10.0,10.0,34.533,False,200,
1787684690.801747,managed,10.0,10.0,34.889,False,200,
1787684690.9017472,managed,10.0,10.0,38.154,False,200,
1787684691.0017471,managed,10.0,10.0,30.45,False,200,
1787684691.101747,managed,10.0,10.0,34.79,False,200,
1787684691.2017472,managed,10.0,10.0,39.657,False,200,
1787684691.301747,managed,10.0,10.0,31.212,False,200,
1787684691.4017472,managed,10.0,10.0,33.317,False,200,
1787684691.5017471,managed,10.0,10.0,34.856,False,200,
1787684691.601747,managed,10.0,10.0,38.85,False,200,
1787684691.7017472,managed,10.0,10.0,38.865,False,200,
1787684691.801747,managed,10.0,10.0,33.278,False,200,
1787684691.9017472,managed,10.0,10.0,31.03,False,200,
1787684692.0017471,managed,10.0,10.0,34.506,False,200,
1787684692.101747,managed,10.0,10.0,32.989,False,200,
1787684692.2017472,managed,10.0,10.0,55.819,False,200,
1787684692.301747,managed,10.0,10.0,26.948,False,200,
1787684692.4017472,managed,10.0,10.0,31.35,False,200,
1787684692.5017471,managed,10.0,10.0,33.474,False,200,
1787684692.601747,managed,10.0,10.0,36.877,False,200,
1787684692.7017472,managed,10.0,10.0,40.939,False,200,
1787684692.801747,managed,10.0,10.0,40.82,False,200,
1787684692.9017472,managed,10.0,10.0,37.232,False,200,
1787684693.0017471,managed,10.0,10.0,46.319,False,200,
1787684693.101747,managed,10.0,10.0,25.104,False,200,
1787684693.2017472,managed,10.0,10.0,26.197,False,200,
1787684693.301747,managed,10.0,10.0,37.399,False,200,
1787684693.4017472,managed,10.0,10.0,30.856,False,200,
1787684693.5017471,managed,10.0,10.0,41.02,False,200,
1787684693.601747,managed,10.0,10.0,40.492,False,200,
1787684693.7017472,managed,10.0,10.0,41.152,False,200,
1787684693.801747,managed,10.0,10.0,28.244,False,200,
1787684693.9017472,managed,10.0,10.0,30.916,False,200,
1787684694.0017471,managed,10.0,10.0,37.515,False,200,
1787684694.101747,managed,10.0,10.0,29.233,False,200,
1787684694.2017472,managed,10.0,10.0,37.28,False,200,
1787684694.301747,managed,10.0,10.0,43.241,False,200,
1787684694.4017472,managed,10.0,10.0,27.079,False,200,
1787684694.5017471,managed,10.0,10.0,35.61,False,200,
1787684694.601747,managed,10.0,10.0,31.274,False,200,
1787684694.7017472,managed,10.0,10.0,32.672,False,200,
1787684694.801747,managed,10.0,10.0,42.303,False,200,
1787684694.9017472,managed,10.0,10.0,49.341,False,200,
1787684695.0017471,managed,10.0,10.0,34.501,False,200,
1787684695.101747,managed,10.0,10.0,37.401,False,200,
1787684695.2017472,managed,10.0,10.0,33.07,False,200,
1787684695.301747,managed,10.0,10.0,38.382,False,200,
1787684695.4017472,managed,10.0,10.0,40.255,False,200,
1787684695.5017471,managed,10.0,10.0,44.61,False,200,
1787684695.601747,managed,10.0,10.0,36.082,False,200,
1787684695.7017472,managed,10.0,10.0,37.474,False,200,
1787684695.801747,managed,10.0,10.0,34.541,False,200,
1787684695.9017472,managed,10.0,10.0,34.733,False,200,
1787684696.0017471,managed,10.0,10.0,40.194,False,200,
1787684696.101747,managed,10.0,10.0,29.324,False,200,
1787684696.2017472,managed,10.0,10.0,33.475,False,200,
1787684696.301747,managed,10.0,10.0,38.559,False,200,
1787684696.4017472,managed,10.0,10.0,40.962,False,200,
1787684696.5017471,managed,10.0,10.0,31.476,False,200,
1787684696.601747,managed,10.0,10.0,28.15,False,200,
1787684696.7017472,managed,10.0,10.0,35.789,False,200,
1787684696.801747,managed,10.0,10.0,36.255,False,200,
1787684696.9017472,managed,10.0,10.0,36.108,False,200,
1787684697.0017471,managed,10.0,10.0,34.988,False,200,
1787684697.101747,managed,10.0,10.0,33.042,False,200,
1787684697.2017472,managed,10.0,10.0,28.181,False,200,
1787684697.301747,managed,10.0,10.0,28.632,False,200,
1787684697.4017472,managed,10.0,10.0,33.907,False,200,
1787684697.5017471,managed,10.0,10.0,32.096,False,200,
1787684697.601747,managed,10.0,10.0,37.997,False,200,
1787684697.7017472,managed,10.0,10.0,30.102,False,200,
1787684697.801747,managed,10.0,10.0,42.629,False,200,
1787684697.9017472,managed,10.0,10.0,34.229,False,200,
1787684698.0017471,managed,10.0,10.0,34.364,False,200,
1787684698.101747,managed,10.0,10.0,41.317,False,200,
1787684698.2017472,managed,10.0,10.0,32.816,False,200,
1787684698.301747,managed,10.0,10.0,33.69,False,200,
1787684698.4017472,managed,10.0,10.0,44.359,False,200,
1787684698.5017471,managed,10.0,10.0,28.042,False,200,
1787684698.601747,managed,10.0,10.0,36.381,False,200,
1787684698.7017472,managed,10.0,10.0,29.775,False,200,
1787684698.801747,managed,10.0,10.0,28.851,False,200,
1787684698.9017472,managed,10.0,10.0,39.146,False,200,
1787684699.0017471,managed,10.0,10.0,27.176,False,200,
1787684699.101747,managed,10.0,10.0,37.338,False,200,
1787684699.2017472,managed,10.0,10.0,29.713,False,200,
1787684699.301747,managed,10.0,10.0,35.595,False,200,
1787684699.4017472,managed,10.0,10.0,26.312,False,200,
1787684699.5017471,managed,10.0,10.0,28.636,False,200,
1787684699.601747,managed,10.0,10.0,37.36,False,200,
1787684699.7017472,managed,10.0,10.0,49.239,False,200,
1787684699.801747,managed,10.0,10.0,36.629,False,200,
1787684699.9017472,managed,10.0,10.0,30.679,False,200,
1787684700.0017471,managed,10.0,10.0,45.974,False,200,
1787684700.101747,managed,10.0,10.0,45.657,False,200,
1787684700.2017472,managed,10.0,10.0,37.336,False,200,
1787684700.301747,managed,10.0,10.0,40.116,False,200,
1787684700.4017472,managed,10.0,10.0,38.466,False,200,
1787684700.5017471,managed,10.0,10.0,26.758,False,200,
1787684700.601747,managed,10.0,10.0,34.417,False,200,
1787684700.7017472,managed,10.0,10.0,31.713,False,200,
1787684700.801747,managed,10.0,10.0,32.977,False,200,
1787684700.9017472,managed,10.0,10.0,31.599,False,200,
1787684701.0017471,managed,10.0,10.0,35.906,False,200,
1787684701.101747,managed,10.0,10.0,38.478,False,200,
1787684701.2017472,managed,10.0,10.0,33.324,False,200,
1787684701.301747,managed,10.0,10.0,35.019,False,200,
1787684701.4017472,managed,10.0,10.0,30.573,False,200,
1787684701.5017471,managed,10.0,10.0,43.039,False,200,
1787684701.601747,managed,10.0,10.0,35.523,False,200,
1787684701.7017472,managed,10.0,10.0,29.359,False,200,
1787684701.801747,managed,10.0,10.0,34.827,False,200,
1787684701.9017472,managed,10.0,10.0,33.469,False,200,
1787684702.0017471,managed,10.0,10.0,38.886,False,200,
1787684702.101747,managed,10.0,10.0,32.132,False,200,
1787684702.2017472,managed,10.0,10.0,38.254,False,200,
1787684702.301747,managed,10.0,10.0,38.72,False,200,
1787684702.4017472,managed,10.0,10.0,28.596,False,200,
1787684702.5017471,managed,10.0,10.0,33.224,False,200,
1787684702.601747,managed,10.0,10.0,33.824,False,200,
1787684702.7017472,managed,10.0,10.0,35.421,False,200,
1787684702.801747,managed,10.0,10.0,40.31,False,200,
1787684702.9017472,managed,10.0,10.0,41.818,False,200,
1787684703.0017471,managed,10.0,10.0,27.867,False,200,
1787684703.101747,managed,10.0,10.0,33.48,False,200,
1787684703.2017472,managed,10.0,10.0,27.309,False,200,
1787684703.301747,managed,10.0,10.0,36.268,False,200,
1787684703.4017472,managed,10.0,10.0,37.327,False,200,
1787684703.5017471,managed,10.0,10.0,33.847,False,200,
1787684703.601747,managed,10.0,10.0,33.462,False,200,
1787684703.7017472,managed,10.0,10.0,42.236,False,200,
1787684703.801747,managed,10.0,10.0,44.347,False,200,
1787684703.9017472,managed,10.0,10.0,54.544,False,200,
1787684704.0017471,managed,10.0,10.0,35.982,False,200,
1787684704.101747,managed,10.0,10.0,32.987,False,200,
1787684704.2017472,managed,10.0,10.0,28.313,False,200,
1787684704.301747,managed,10.0,10.0,34.604,False,200,
1787684704.4017472,managed,10.0,10.0,36.067,False,200,
1787684704.5017471,managed,10.0,10.0,42.844,False,200,
1787684704.601747,managed,10.0,10.0,36.863,False,200,
1787684704.7017472,managed,10.0,10.0,36.696,False,200,
1787684704.801747,managed,10.0,10.0,28.093,False,200,
1787684704.9017472,managed,10.0,10.0,41.101,False,200,
1787684705.0017471,managed,10.0,10.0,48.196,False,200,
1787684705.101747,managed,10.0,10.0,34.817,False,200,
1787684705.2017472,managed,10.0,10.0,34.821,False,200,
1787684705.301747,managed,10.0,10.0,32.309,False,200,
1787684705.4017472,managed,10.0,10.0,30.377,False,200,
1787684705.5017471,managed,10.0,10.0,47.856,False,200,
1787684705.601747,managed,10.0,10.0,31.689,False,200,
1787684705.7017472,managed,10.0,10.0,33.329,False,200,
1787684705.801747,managed,10.0,10.0,33.2,False,200,
1787684705.9017472,managed,10.0,10.0,43.389,False,200,
1787684706.0017471,managed,10.0,10.0,29.213,False,200,
1787684706.101747,managed,10.0,10.0,33.583,False,200,
1787684706.2017472,managed,10.0,10.0,32.594,False,200,
1787684706.301747,managed,10.0,10.0,35.619,False,200,
1787684706.4017472,managed,10.0,10.0,40.094,False,200,
1787684706.5017471,managed,10.0,10.0,36.208,False,200,
1787684706.601747,managed,10.0,10.0,41.083,False,200,
1787684706.7017472,managed,10.0,10.0,35.108,False,200,
1787684706.801747,managed,10.0,10.0,28.371,False,200,
1787684706.9017472,managed,10.0,10.0,36.963,False,200,
1787684707.0017471,managed,10.0,10.0,35.132,False,200,
1787684707.101747,managed,10.0,10.0,29.737,False,200,
1787684707.2017472,managed,10.0,10.0,30.706,False,200,
1787684707.301747,managed,10.0,10.0,31.403,False,200,
1787684707.4017472,managed,10.0,10.0,37.067,False,200,
1787684707.5017471,managed,10.0,10.0,28.101,False,200,
1787684707.601747,managed,10.0,10.0,43.102,False,200,
1787684707.7017472,managed,10.0,10.0,29.465,False,200,
1787684707.801747,managed,10.0,10.0,34.637,False,200,
1787684707.9017472,managed,10.0,10.0,27.657,False,200,
1787684708.0017471,managed,10.0,10.0,37.712,False,200,
1787684708.101747,managed,10.0,10.0,37.263,False,200,
1787684708.2017472,managed,10.0,10.0,31.674,False,200,
1787684708.301747,managed,10.0,10.0,29.36,False,200,
1787684708.4017472,managed,10.0,10.0,38.378,False,200,
1787684708.5017471,managed,10.0,10.0,39.287,False,200,
1787684708.601747,managed,10.0,10.0,24.121,False,200,
1787684708.7017472,managed,10.0,10.0,30.527,False,200,
1787684708.801747,managed,10.0,10.0,33.649,False,200,
1787684708.9017472,managed,10.0,10.0,31.379,False,200,
1787684709.0017471,managed,10.0,10.0,35.312,False,200,
1787684709.101747,managed,10.0,10.0,31.9,False,200,
1787684709.2017472,managed,10.0,10.0,35.621,False,200,
1787684709.301747,managed,10.0,10.0,42.022,False,200,
1787684709.4017472,managed,10.0,10.0,34.08,False,200,
1787684709.5017471,managed,10.0,10.0,32.287,False,200,
1787684709.601747,managed,10.0,10.0,34.849,False,200,
1787684709.7017472,managed,10.0,10.0,31.818,False,200,
1787684709.801747,managed,10.0,10.0,30.21,False,200,
1787684709.9017472,managed,10.0,10.0,30.875,False,200,
1787684710.0017471,managed,10.0,10.0,32.94,False,200,
1787684710.101747,managed,10.0,10.0,37.313,False,200,
1787684710.2017472,managed,10.0,10.0,42.978,False,200,
1787684710.301747,managed,10.0,10.0,38.453,False,200,
1787684710.4017472,managed,10.0,10.0,34.235,False,200,
1787684710.5017471,managed,10.0,10.0,42.114,False,200,
1787684710.601747,managed,10.0,10.0,37.593,False,200,
1787684710.7017472,managed,10.0,10.0,41.785,False,200,
1787684710.801747,managed,10.0,10.0,38.449,False,200,
1787684710.9017472,managed,10.0,10.0,33.44,False,200,
1787684711.0017471,managed,10.0,10.0,33.407,False,200,
1787684711.101747,managed,10.0,10.0,37.671,False,200,
1787684711.2017472,managed,10.0,10.0,33.89,False,200,
1787684711.301747,managed,10.0,10.0,30.606,False,200,
1787684711.4017472,managed,10.0,10.0,41.646,False,200,
1787684711.5017471,managed,10.0,10.0,33.191,False,200,
1787684711.601747,managed,10.0,10.0,32.968,False,200,
1787684711.7017472,managed,10.0,10.0,42.263,False,200,
1787684711.801747,managed,10.0,10.0,40.55,False,200,
1787684711.9017472,managed,10.0,10.0,35.822,False,200,
1787684712.0017471,managed,10.0,10.0,40.726,False,200,
1787684712.101747,managed,10.0,10.0,41.022,False,200,
1787684712.2017472,managed,10.0,10.0,43.447,False,200,
1787684712.301747,managed,10.0,10.0,38.753,False,200,
1787684712.4017472,managed,10.0,10.0,42.009,False,200,
1787684712.5017471,managed,10.0,10.0,37.662,False,200,
1787684712.601747,managed,10.0,10.0,40.966,False,200,
1787684712.7017472,managed,10.0,10.0,34.36,False,200,
1787684712.801747,managed,10.0,10.0,32.044,False,200,
1787684712.9017472,managed,10.0,10.0,38.655,False,200,
1787684713.0017471,managed,10.0,10.0,33.08,False,200,
1787684713.101747,managed,10.0,10.0,36.316,False,200,
1787684713.2017472,managed,10.0,10.0,38.031,False,200,
1787684713.301747,managed,10.0,10.0,32.661,False,200,
1787684713.4017472,managed,10.0,10.0,33.171,False,200,
1787684713.5017471,managed,10.0,10.0,34.5,False,200,
1787684713.601747,managed,10.0,10.0,37.852,False,200,
1787684713.7017472,managed,10.0,10.0,32.152,False,200,
1787684713.801747,managed,10.0,10.0,39.418,False,200,
1787684713.9017472,managed,10.0,10.0,33.341,False,200,
1787684714.0017471,managed,10.0,10.0,31.035,False,200,
1787684714.101747,managed,10.0,10.0,41.428,False,200,
1787684714.2017472,managed,10.0,10.0,34.467,False,200,
1787684714.301747,managed,10.0,10.0,38.572,False,200,
1787684714.4017472,managed,10.0,10.0,33.032,False,200,
1787684714.5017471,managed,10.0,10.0,40.447,False,200,
1787684714.601747,managed,10.0,10.0,38.442,False,200,
1787684714.7017472,managed,10.0,10.0,36.553,False,200,
1787684714.801747,managed,10.0,10.0,40.481,False,200,
1787684714.9017472,managed,10.0,10.0,31.467,False,200,
1787684715.0017471,managed,10.0,10.0,38.725,False,200,
1787684715.101747,managed,10.0,10.0,31.074,False,200,
1787684715.2017472,managed,10.0,10.0,38.238,False,200,
1787684715.301747,managed,10.0,10.0,37.658,False,200,
1787684715.4017472,managed,10.0,10.0,31.328,False,200,
1787684715.5017471,managed,10.0,10.0,39.636,False,200,
1787684715.601747,managed,10.0,10.0,40.798,False,200,
1787684715.7017472,managed,10.0,10.0,34.905,False,200,
1787684715.801747,managed,10.0,10.0,38.784,False,200,
1787684715.9017472,managed,10.0,10.0,34.657,False,200,
1787684716.0017471,managed,10.0,10.0,33.57,False,200,
1787684716.101747,managed,10.0,10.0,40.606,False,200,
1787684716.2017472,managed,10.0,10.0,35.25,False,200,
1787684716.301747,managed,10.0,10.0,32.939,False,200,
1787684716.4017472,managed,10.0,10.0,37.435,False,200,
1787684716.5017471,managed,10.0,10.0,31.689,False,200,
1787684716.601747,managed,10.0,10.0,38.139,False,200,
1787684716.7017472,managed,10.0,10.0,37.568,False,200,
1787684716.801747,managed,10.0,10.0,43.786,False,200,
1787684716.9017472,managed,10.0,10.0,32.918,False,200,
1787684717.0017471,managed,10.0,10.0,31.589,False,200,
1787684717.101747,managed,10.0,10.0,31.745,False,200,
1787684717.2017472,managed,10.0,10.0,43.106,False,200,
1787684717.301747,managed,10.0,10.0,30.678,False,200,
1787684717.4017472,managed,10.0,10.0,29.855,False,200,
1787684717.5017471,managed,10.0,10.0,41.852,False,200,
1787684717.601747,managed,10.0,10.0,33.133,False,200,
1787684717.7017472,managed,10.0,10.0,36.292,False,200,
1787684717.801747,managed,10.0,10.0,30.128,False,200,
1787684717.9017472,managed,10.0,10.0,39.35,False,200,
1787684718.0017471,managed,10.0,10.0,31.175,False,200,
1787684718.101747,managed,10.0,10.0,37.547,False,200,
1787684718.2017472,managed,10.0,10.0,36.796,False,200,
1787684718.301747,managed,10.0,10.0,31.886,False,200,
1787684718.4017472,managed,10.0,10.0,45.002,False,200,
1787684718.5017471,managed,10.0,10.0,36.128,False,200,
1787684718.601747,managed,10.0,10.0,35.86,False,200,
1787684718.7017472,managed,10.0,10.0,26.29,False,200,
1787684718.801747,managed,10.0,10.0,31.785,False,200,
1787684718.9017472,managed,10.0,10.0,37.169,False,200,
1787684719.0017471,managed,10.0,10.0,39.716,False,200,
1787684719.101747,managed,10.0,10.0,33.721,False,200,
1787684719.2017472,managed,10.0,10.0,33.648,False,200,
1787684719.301747,managed,10.0,10.0,31.919,False,200,
1787684719.4017472,managed,10.0,10.0,40.334,False,200,
1787684719.5017471,managed,10.0,10.0,39.822,False,200,
1787684719.601747,managed,10.0,10.0,35.818,False,200,
1787684719.7017472,managed,10.0,10.0,33.885,False,200,
1787684719.801747,managed,10.0,10.0,31.864,False,200,
1787684719.9017472,managed,10.0,10.0,47.989,False,200,
1787684720.0017471,managed,10.0,10.0,40.281,False,200,
1787684720.101747,managed,10.0,10.0,40.488,False,200,
1787684720.2017472,managed,10.0,10.0,34.561,False,200,
1787684720.301747,managed,10.0,10.0,32.128,False,200,
1787684720.4017472,managed,10.0,10.0,41.981,False,200,
1787684720.5017471,managed,10.0,10.0,30.801,False,200,
1787684720.601747,managed,10.0,10.0,39.04,False,200,
1787684720.7017472,managed,10.0,10.0,38.52,False,200,
1787684720.801747,managed,10.0,10.0,33.252,False,200,
1787684720.9017472,managed,10.0,10.0,38.591,False,200,
1787684721.0017471,managed,10.0,10.0,42.896,False,200,
1787684721.101747,managed,10.0,10.0,33.363,False,200,
1787684721.2017472,managed,10.0,10.0,40.652,False,200,
1787684721.301747,managed,10.0,10.0,30.631,False,200,
1787684721.4017472,managed,10.0,10.0,33.569,False,200,
1787684721.5017471,managed,10.0,10.0,33.137,False,200,
1787684721.601747,managed,10.0,10.0,35.071,False,200,
1787684721.7017472,managed,10.0,10.0,40.2,False,200,
1787684721.801747,managed,10.0,10.0,33.818,False,200,
1787684721.9017472,managed,10.0,10.0,34.799,False,200,
1787684722.0017471,managed,10.0,10.0,34.176,False,200,
1787684722.101747,managed,10.0,10.0,32.379,False,200,
1787684722.2017472,managed,10.0,10.0,29.234,False,200,
1787684722.301747,managed,10.0,10.0,36.165,False,200,
1787684722.4017472,managed,10.0,10.0,36.217,False,200,
1787684722.5017471,managed,10.0,10.0,29.814,False,200,
1787684722.601747,managed,10.0,10.0,27.318,False,200,
1787684722.7017472,managed,10.0,10.0,35.728,False,200,
1787684722.801747,managed,10.0,10.0,30.214,False,200,
1787684722.9017472,managed,10.0,10.0,33.578,False,200,
1787684723.0017471,managed,10.0,10.0,36.582,False,200,
1787684723.101747,managed,10.0,10.0,32.778,False,200,
1787684723.2017472,managed,10.0,10.0,30.173,False,200,
1787684723.301747,managed,10.0,10.0,37.349,False,200,
1787684723.4017472,managed,10.0,10.0,36.531,False,200,
