timestamp,deployment_mode,rps_target,rps_actual,latency_ms,is_cold_start,status_code,error
1787722067.520818,managed,30.0,30.0,199.771,True,200,
1787722067.5541513,managed,30.0,30.0,24.738,False,200,
1787722067.5874846,managed,30.0,30.0,33.402,False,200,
1787722067.620818,managed,30.0,30.0,39.576,False,200,
1787722067.6541514,managed,30.0,30.0,31.502,False,200,
1787722067.6874847,managed,30.0,30.0,39.416,False,200,
1787722067.720818,managed,30.0,30.0,35.215,False,200,
1787722067.7541513,managed,30.0,30.0,27.01,False,200,
1787722067.7874846,managed,30.0,30.0,31.304,False,200,
1787722067.820818,managed,30.0,30.0,31.85,False,200,
1787722067.8541512,managed,30.0,30.0,39.055,False,200,
1787722067.8874846,managed,30.0,30.0,35.003,False,200,
1787722067.920818,managed,30.0,30.0,38.196,False,200,
1787722067.9541514,managed,30.0,30.0,35.124,False,200,
1787722067.9874847,managed,30.0,30.0,29.583,False,200,
1787722068.020818,managed,30.0,30.0,28.885,False,200,
1787722068.0541513,managed,30.0,30.0,35.382,False,200,
1787722068.0874846,managed,30.0,30.0,39.132,False,200,
1787722068.120818,managed,30.0,30.0,36.395,False,200,
1787722068.1541514,managed,30.0,30.0,33.193,False,200,
1787722068.1874847,managed,30.0,30.0,28.781,False,200,
1787722068.220818,managed,30.0,30.0,33.97,False,200,
1787722068.2541513,managed,30.0,30.0,35.181,False,200,
1787722068.2874846,managed,30.0,30.0,30.004,False,200,
1787722068.320818,managed,30.0,30.0,27.005,False,200,
1787722068.3541512,managed,30.0,30.0,30.988,False,200,
1787722068.3874846,managed,30.0,30.0,44.73,False,200,
1787722068.420818,managed,30.0,30.0,39.702,False,200,
1787722068.4541514,managed,30.0,30.0,39.866,False,200,
1787722068.4874847,managed,30.0,30.0,37.026,False,200,
1787722068.520818,managed,30.0,30.0,36.558,False,200,
1787722068.5541513,managed,30.0,30.0,29.154,False,200,
1787722068.5874846,managed,30.0,30.0,50.27,False,200,
1787722068.620818,managed,30.0,30.0,32.372,False,200,
1787722068.6541514,managed,30.0,30.0,44.442,False,200,
1787722068.6874847,managed,30.0,30.0,37.191,False,200,
1787722068.720818,managed,30.0,30.0,39.025,False,200,
1787722068.7541513,managed,30.0,30.0,37.976,False,200,
1787722068.7874846,managed,30.0,30.0,39.881,False,200,
1787722068.820818,managed,30.0,30.0,49.824,False,200,
1787722068.8541512,managed,30.0,30.0,33.429,False,200,
1787722068.8874846,managed,30.0,30.0,42.251,False,200,
1787722068.920818,managed,30.0,30.0,37.234,False,200,
1787722068.9541514,managed,30.0,30.0,36.413,False,200,
1787722068.9874847,managed,30.0,30.0,37.322,False,200,
1787722069.020818,managed,30.0,30.0,35.85,False,200,
1787722069.0541513,managed,30.0,30.0,45.205,False,200,
1787722069.0874846,managed,30.0,30.0,34.316,False,200,
1787722069.120818,managed,30.0,30.0,33.749,False,200,
1787722069.1541514,managed,30.0,30.0,33.873,False,200,
1787722069.1874847,managed,30.0,30.0,40.53,False,200,
1787722069.220818,managed,30.0,30.0,33.725,False,200,
1787722069.2541513,managed,30.0,30.0,28.959,False,200,
1787722069.2874846,managed,30.0,30.0,47.877,False,200,
1787722069.320818,managed,30.0,30.0,29.645,False,200,
1787722069.3541512,managed,30.0,30.0,37.131,False,200,
1787722069.3874846,managed,30.0,30.0,24.842,False,200,
1787722069.420818,managed,30.0,30.0,25.186,False,200,
1787722069.4541514,managed,30.0,30.0,41.167,False,200,
1787722069.4874847,managed,30.0,30.0,35.227,False,200,
1787722069.520818,managed,30.0,30.0,32.137,False,200,
1787722069.5541513,managed,30.0,30.0,35.983,False,200,
1787722069.5874846,managed,30.0,30.0,28.242,False,200,
1787722069.620818,managed,30.0,30.0,24.087,False,200,
1787722069.6541514,managed,30.0,30.0,35.121,False,200,
1787722069.6874847,managed,30.0,30.0,32.098,False,200,
1787722069.720818,managed,30.0,30.0,33.694,False,200,
1787722069.7541513,managed,30.0,30.0,51.1,False,200,
1787722069.7874846,managed,30.0,30.0,31.88,False,200,
1787722069.820818,managed,30.0,30.0,38.861,False,200,
1787722069.8541512,managed,30.0,30.0,41.494,False,200,
1787722069.8874846,managed,30.0,30.0,27.325,False,200,
1787722069.920818,managed,30.0,30.0,40.305,False,200,
1787722069.9541514,managed,30.0,30.0,24.891,False,200,
1787722069.9874847,managed,30.0,30.0,33.483,False,200,
1787722070.020818,managed,30.0,30.0,42.389,False,200,
1787722070.0541513,managed,30.0,30.0,36.011,False,200,
1787722070.0874846,managed,30.0,30.0,48.897,False,200,
1787722070.120818,managed,30.0,30.0,39.225,False,200,
1787722070.1541514,managed,30.0,30.0,34.08,False,200,
1787722070.1874847,managed,30.0,30.0,31.649,False,200,
1787722070.220818,managed,30.0,30.0,31.937,False,200,
1787722070.2541513,managed,30.0,30.0,44.774,False,200,
1787722070.2874846,managed,30.0,30.0,32.313,False,200,
1787722070.320818,managed,30.0,30.0,35.635,False,200,
1787722070.3541512,managed,30.0,30.0,44.636,False,200,
1787722070.3874846,managed,30.0,30.0,42.229,False,200,
1787722070.420818,managed,30.0,30.0,38.722,False,200,
1787722070.4541514,managed,30.0,30.0,38.572,False,200,
1787722070.4874847,managed,30.0,30.0,41.556,False,200,
1787722070.520818,managed,30.0,30.0,31.293,False,200,
1787722070.5541513,managed,30.0,30.0,36.973,False,200,
1787722070.5874846,managed,30.0,30.0,38.087,False,200,
1787722070.620818,managed,30.0,30.0,36.707,False,200,
1787722070.6541514,managed,30.0,30.0,33.903,False,200,
1787722070.6874847,managed,30.0,30.0,40.038,False,200,
1787722070.720818,managed,30.0,30.0,33.307,False,200,
1787722070.7541513,managed,30.0,30.0,27.541,False,200,
1787722070.7874846,managed,30.0,30.0,33.732,False,200,
1787722070.820818,managed,30.0,30.0,31.43,False,200,
1787722070.8541512,managed,30.0,30.0,34.566,False,200,
1787722070.8874846,managed,30.0,30.0,32.486,False,200,
1787722070.920818,managed,30.0,30.0,30.559,False,200,
1787722070.9541514,managed,30.0,30.0,46.999,False,200,
1787722070.9874847,managed,30.0,30.0,42.343,False,200,
1787722071.020818,managed,30.0,30.0,28.25,False,200,
1787722071.0541513,managed,30.0,30.0,31.053,False,200,
1787722071.0874846,managed,30.0,30.0,35.02,False,200,
1787722071.120818,managed,30.0,30.0,33.649,False,200,
1787722071.1541514,managed,30.0,30.0,48.375,False,200,
1787722071.1874847,managed,30.0,30.0,28.587,False,200,
1787722071.220818,managed,30.0,30.0,29.946,False,200,
1787722071.2541513,managed,30.0,30.0,39.098,False,200,
1787722071.2874846,managed,30.0,30.0,35.194,False,200,
1787722071.320818,managed,30.0,30.0,38.584,False,200,
1787722071.3541512,managed,30.0,30.0,35.675,False,200,
1787722071.3874846,managed,30.0,30.0,44.605,False,200,
1787722071.420818,managed,30.0,30.0,30.277,False,200,
1787722071.4541514,managed,30.0,30.0,31.12,False,200,
1787722071.4874847,managed,30.0,30.0,40.126,False,200,
1787722071.520818,managed,30.0,30.0,40.293,False,200,
1787722071.5541513,managed,30.0,30.0,38.502,False,200,
1787722071.5874846,managed,30.0,30.0,31.477,False,200,
1787722071.620818,managed,30.0,30.0,31.16,False,200,
1787722071.6541514,managed,30.0,30.0,36.175,False,200,
1787722071.6874847,managed,30.0,30.0,34.396,False,200,
1787722071.720818,managed,30.0,30.0,30.88,False,200,
1787722071.7541513,managed,30.0,30.0,47.459,False,200,
1787722071.7874846,managed,30.0,30.0,28.879,False,200,
1787722071.820818,managed,30.0,30.0,32.262,False,200,
1787722071.8541512,managed,30.0,30.0,37.869,False,200,
1787722071.8874846,managed,30.0,30.0,45.115,False,200,
1787722071.920818,managed,30.0,30.0,38.911,False,200,
1787722071.9541514,managed,30.0,30.0,30.37,False,200,
1787722071.9874847,managed,30.0,30.0,31.675,False,200,
1787722072.020818,managed,30.0,30.0,36.512,False,200,
1787722072.0541513,managed,30.0,30.0,28.533,False,200,
1787722072.0874846,managed,30.0,30.0,32.758,False,200,
1787722072.120818,managed,30.0,30.0,36.034,False,200,
1787722072.1541514,managed,30.0,30.0,41.378,False,200,
1787722072.1874847,managed,30.0,30.0,30.043,False,200,
1787722072.220818,managed,30.0,30.0,34.351,False,200,
1787722072.2541513,managed,30.0,30.0,37.223,False,200,
1787722072.2874846,managed,30.0,30.0,40.611,False,200,
1787722072.320818,managed,30.0,30.0,48.813,False,200,
1787722072.3541512,managed,30.0,30.0,49.563,False,200,
1787722072.3874846,managed,30.0,30.0,33.322,False,200,
1787722072.420818,managed,30.0,30.0,43.476,False,200,
1787722072.4541514,managed,30.0,30.0,38.627,False,200,
1787722072.4874847,managed,30.0,30.0,34.882,False,200,
1787722072.520818,managed,30.0,30.0,34.105,False,200,
1787722072.5541513,managed,30.0,30.0,36.963,False,200,
1787722072.5874846,managed,30.0,30.0,35.95,False,200,
1787722072.620818,managed,30.0,30.0,31.521,False,200,
1787722072.6541514,managed,30.0,30.0,41.477,False,200,
1787722072.6874847,managed,30.0,30.0,47.025,False,200,
1787722072.720818,managed,30.0,30.0,28.166,False,200,
1787722072.7541513,managed,30.0,30.0,42.082,False,200,
1787722072.7874846,managed,30.0,30.0,31.608,False,200,
1787722072.820818,managed,30.0,30.0,33.047,False,200,
1787722072.8541512,managed,30.0,30.0,34.911,False,200,
1787722072.8874846,managed,30.0,30.0,32.491,False,200,
1787722072.920818,managed,30.0,30.0,28.426,False,200,
1787722072.9541514,managed,30.0,30.0,37.457,False,200,
1787722072.9874847,managed,30.0,30.0,31.057,False,200,
1787722073.020818,managed,30.0,30.0,41.877,False,200,
1787722073.0541513,managed,30.0,30.0,42.332,False,200,
1787722073.0874846,managed,30.0,30.0,30.235,False,200,
1787722073.120818,managed,30.0,30.0,31.571,False,200,
1787722073.1541514,managed,30.0,30.0,44.383,False,200,
1787722073.1874847,managed,30.0,30.0,37.112,False,200,
1787722073.220818,managed,30.0,30.0,31.504,False,200,
1787722073.2541513,managed,30.0,30.0,35.519,False,200,
1787722073.2874846,managed,30.0,30.0,46.439,False,200,
1787722073.320818,managed,30.0,30.0,34.971,False,200,
1787722073.3541512,managed,30.0,30.0,33.968,False,200,
1787722073.3874846,managed,30.0,30.0,31.881,False,200,
1787722073.420818,managed,30.0,30.0,33.708,False,200,
1787722073.4541514,managed,30.0,30.0,27.168,False,200,
1787722073.4874847,managed,30.0,30.0,45.964,False,200,
1787722073.520818,managed,30.0,30.0,32.156,False,200,
1787722073.5541513,managed,30.0,30.0,36.042,False,200,
1787722073.5874846,managed,30.0,30.0,30.534,False,200,
1787722073.620818,managed,30.0,30.0,36.352,False,200,
1787722073.6541514,managed,30.0,30.0,35.096,False,200,
1787722073.6874847,managed,30.0,30.0,31.022,False,200,
1787722073.720818,managed,30.0,30.0,35.223,False,200,
1787722073.7541513,managed,30.0,30.0,36.494,False,200,
1787722073.7874846,managed,30.0,30.0,28.066,False,200,
1787722073.820818,managed,30.0,30.0,32.647,False,200,
1787722073.8541512,managed,30.0,30.0,37.691,False,200,
1787722073.8874846,managed,30.0,30.0,44.448,False,200,
1787722073.920818,managed,30.0,30.0,27.786,False,200,
1787722073.9541514,managed,30.0,30.0,45.258,False,200,
1787722073.9874847,managed,30.0,30.0,32.398,False,200,
1787722074.020818,managed,30.0,30.0,26.611,False,200,
1787722074.0541513,managed,30.0,30.0,24.795,False,200,
1787722074.0874846,managed,30.0,30.0,38.974,False,200,
1787722074.120818,managed,30.0,30.0,29.966,False,200,
1787722074.1541514,managed,30.0,30.0,38.659,False,200,
1787722074.1874847,managed,30.0,30.0,37.521,False,200,
1787722074.220818,managed,30.0,30.0,35.856,False,200,
1787722074.2541513,managed,30.0,30.0,38.531,False,200,
1787722074.2874846,managed,30.0,30.0,24.377,False,200,
1787722074.320818,managed,30.0,30.0,27.621,False,200,
1787722074.3541512,managed,30.0,30.0,31.527,False,200,
1787722074.3874846,managed,30.0,30.0,40.867,False,200,
1787722074.420818,managed,30.0,30.0,36.281,False,200,
1787722074.4541514,managed,30.0,30.0,30.827,False,200,
1787722074.4874847,managed,30.0,30.0,31.138,False,200,
1787722074.520818,managed,30.0,30.0,27.529,False,200,
1787722074.5541513,managed,30.0,30.0,41.378,False,200,
1787722074.5874846,managed,30.0,30.0,42.941,False,200,
1787722074.620818,managed,30.0,30.0,30.994,False,200,
1787722074.6541514,managed,30.0,30.0,40.424,False,200,
1787722074.6874847,managed,30.0,30.0,40.396,False,200,
1787722074.720818,managed,30.0,30.0,34.642,False,200,
1787722074.7541513,managed,30.0,30.0,39.418,False,200,
1787722074.7874846,managed,30.0,30.0,32.491,False,200,
1787722074.820818,managed,30.0,30.0,32.447,False,200,
1787722074.8541512,managed,30.0,30.0,34.163,False,200,
1787722074.8874846,managed,30.0,30.0,35.388,False,200,
1787722074.920818,managed,30.0,30.0,40.19,False,200,
1787722074.9541514,managed,30.0,30.0,31.863,False,200,
1787722074.9874847,managed,30.0,30.0,37.977,False,200,
1787722075.020818,managed,30.0,30.0,42.801,False,200,
1787722075.0541513,managed,30.0,30.0,32.954,False,200,
1787722075.0874846,managed,30.0,30.0,40.182,False,200,
1787722075.120818,managed,30.0,30.0,40.664,False,200,
1787722075.1541514,managed,30.0,30.0,41.446,False,200,
1787722075.1874847,managed,30.0,30.0,35.02,False,200,
1787722075.220818,managed,30.0,30.0,27.229,False,200,
1787722075.2541513,managed,30.0,30.0,46.812,False,200,
1787722075.2874846,managed,30.0,30.0,46.674,False,200,
1787722075.320818,managed,30.0,30.0,33.871,False,200,
1787722075.3541512,managed,30.0,30.0,31.559,False,200,
1787722075.3874846,managed,30.0,30.0,38.853,False,200,
1787722075.420818,managed,30.0,30.0,38.818,False,200,
1787722075.4541514,managed,30.0,30.0,31.676,False,200,
1787722075.4874847,managed,30.0,30.0,42.395,False,200,
1787722075.520818,managed,30.0,30.0,33.355,False,200,
1787722075.5541513,managed,30.0,30.0,40.642,False,200,
1787722075.5874846,managed,30.0,30.0,29.464,False,200,
1787722075.620818,managed,30.0,30.0,30.446,False,200,
1787722075.6541514,managed,30.0,30.0,34.385,False,200,
1787722075.6874847,managed,30.0,30.0,26.338,False,200,
1787722075.720818,managed,30.0,30.0,31.374,False,200,
1787722075.7541513,managed,30.0,30.0,32.866,False,200,
1787722075.7874846,managed,30.0,30.0,47.175,False,200,
1787722075.820818,managed,30.0,30.0,44.348,False,200,
1787722075.8541512,managed,30.0,30.0,37.881,False,200,
1787722075.8874846,managed,30.0,30.0,36.974,False,200,
1787722075.920818,managed,30.0,30.0,33.0,False,200,
1787722075.9541514,managed,30.0,30.0,54.274,False,200,
1787722075.9874847,managed,30.0,30.0,39.023,False,200,
1787722076.020818,managed,30.0,30.0,24.998,False,200,
1787722076.0541513,managed,30.0,30.0,35.867,False,200,
1787722076.0874846,managed,30.0,30.0,29.67,False,200,
1787722076.120818,managed,30.0,30.0,32.603,False,200,
1787722076.1541514,managed,30.0,30.0,28.913,False,200,
1787722076.1874847,managed,30.0,30.0,35.161,False,200,
1787722076.220818,managed,30.0,30.0,32.398,False,200,
1787722076.2541513,managed,30.0,30.0,32.41,False,200,
1787722076.2874846,managed,30.0,30.0,30.731,False,200,
1787722076.320818,managed,30.0,30.0,30.557,False,200,
1787722076.3541512,managed,30.0,30.0,32.417,False,200,
1787722076.3874846,managed,30.0,30.0,31.236,False,200,
1787722076.420818,managed,30.0,30.0,37.704,False,200,
1787722076.4541514,managed,30.0,30.0,34.605,False,200,
1787722076.4874847,managed,30.0,30.0,46.8,False,200,
1787722076.520818,managed,30.0,30.0,37.848,False,200,
1787722076.5541513,managed,30.0,30.0,38.659,False,200,
1787722076.5874846,managed,30.0,30.0,41.673,False,200,
1787722076.620818,managed,30.0,30.0,37.587,False,200,
1787722076.6541514,managed,30.0,30.0,32.225,False,200,
1787722076.6874847,managed,30.0,30.0,34.896,False,200,
1787722076.720818,managed,30.0,30.0,37.382,False,200,
1787722076.7541513,managed,30.0,30.0,30.955,False,200,
1787722076.7874846,managed,30.0,30.0,20.807,False,200,
1787722076.820818,managed,30.0,30.0,35.06,False,200,
1787722076.8541512,managed,30.0,30.0,34.763,False,200,
1787722076.8874846,managed,30.0,30.0,42.851,False,200,
1787722076.920818,managed,30.0,30.0,36.893,False,200,
1787722076.9541514,managed,30.0,30.0,38.697,False,200,
1787722076.9874847,managed,30.0,30.0,37.785,False,200,
1787722077.020818,managed,30.0,30.0,28.788,False,200,
1787722077.0541513,managed,30.0,30.0,39.948,False,200,
1787722077.0874846,managed,30.0,30.0,40.49,False,200,
1787722077.120818,managed,30.0,30.0,37.773,False,200,
1787722077.1541514,managed,30.0,30.0,26.9,False,200,
1787722077.1874847,managed,30.0,30.0,30.732,False,200,
1787722077.220818,managed,30.0,30.0,35.554,False,200,
1787722077.2541513,managed,30.0,30.0,42.838,False,200,
1787722077.2874846,managed,30.0,30.0,42.23,False,200,
1787722077.320818,managed,30.0,30.0,28.473,False,200,
1787722077.3541512,managed,30.0,30.0,34.539,False,200,
1787722077.3874846,managed,30.0,30.0,27.572,False,200,
1787722077.420818,managed,30.0,30.0,36.98,False,200,
1787722077.4541514,managed,30.0,30.0,35.776,False,200,
1787722077.4874847,managed,30.0,30.0,29.981,False,200,
1787722077.520818,managed,30.0,30.0,29.354,False,200,
1787722077.5541513,managed,30.0,30.0,43.795,False,200,
1787722077.5874846,managed,30.0,30.0,34.528,False,200,
1787722077.620818,managed,30.0,30.0,34.36,False,200,
1787722077.6541514,managed,30.0,30.0,33.085,False,200,
1787722077.6874847,managed,30.0,30.0,26.725,False,200,
1787722077.720818,managed,30.0,30.0,40.729,False,200,
1787722077.7541513,managed,30.0,30.0,34.538,False,200,
1787722077.7874846,managed,30.0,30.0,32.799,False,200,
1787722077.820818,managed,30.0,30.0,36.219,False,200,
1787722077.8541512,managed,30.0,30.0,34.779,False,200,
1787722077.8874846,managed,30.0,30.0,36.64,False,200,
1787722077.920818,managed,30.0,30.0,37.119,False,200,
1787722077.9541514,managed,30.0,30.0,35.941,False,200,
1787722077.9874847,managed,30.0,30.0,29.817,False,200,
1787722078.020818,managed,30.0,30.0,25.672,False,200,
1787722078.0541513,managed,30.0,30.0,42.946,False,200,
1787722078.0874846,managed,30.0,30.0,38.719,False,200,
1787722078.120818,managed,30.0,30.0,35.735,False,200,
1787722078.1541514,managed,30.0,30.0,28.6,False,200,
1787722078.1874847,managed,30.0,30.0,28.672,False,200,
1787722078.220818,managed,30.0,30.0,34.55,False,200,
1787722078.2541513,managed,30.0,30.0,33.674,False,200,
1787722078.2874846,managed,30.0,30.0,37.789,False,200,
1787722078.320818,managed,30.0,30.0,30.509,False,200,
1787722078.3541512,managed,30.0,30.0,40.531,False,200,
1787722078.3874846,managed,30.0,30.0,35.562,False,200,
1787722078.420818,managed,30.0,30.0,39.29,False,200,
1787722078.4541514,managed,30.0,30.0,28.509,False,200,
1787722078.4874847,managed,30.0,30.0,34.959,False,200,
1787722078.520818,managed,30.0,30.0,39.397,False,200,
1787722078.5541513,managed,30.0,30.0,48.789,False,200,
1787722078.5874846,managed,30.0,30.0,39.651,False,200,
1787722078.620818,managed,30.0,30.0,29.525,False,200,
1787722078.6541514,managed,30.0,30.0,39.483,False,200,
1787722078.6874847,managed,30.0,30.0,37.795,False,200,
1787722078.720818,managed,30.0,30.0,38.739,False,200,
1787722078.7541513,managed,30.0,30.0,44.019,False,200,
1787722078.7874846,managed,30.0,30.0,34.117,False,200,
1787722078.820818,managed,30.0,30.0,33.262,False,200,
1787722078.8541512,managed,30.0,30.0,33.266,False,200,
1787722078.8874846,managed,30.0,30.0,35.461,False,200,
1787722078.920818,managed,30.0,30.0,42.441,False,200,
1787722078.9541514,managed,30.0,30.0,37.995,False,200,
1787722078.9874847,managed,30.0,30.0,30.29,False,200,
1787722079.020818,managed,30.0,30.0,34.673,False,200,
1787722079.0541513,managed,30.0,30.0,33.429,False,200,
1787722079.0874846,managed,30.0,30.0,34.388,False,200,
1787722079.120818,managed,30.0,30.0,38.065,False,200,
1787722079.1541514,managed,30.0,30.0,32.189,False,200,
1787722079.1874847,managed,30.0,30.0,36.499,False,200,
1787722079.220818,managed,30.0,30.0,34.016,False,200,
1787722079.2541513,managed,30.0,30.0,27.338,False,200,
1787722079.2874846,managed,30.0,30.0,28.828,False,200,
1787722079.320818,managed,30.0,30.0,29.667,False,200,
1787722079.3541512,managed,30.0,30.0,30.327,False,200,
1787722079.3874846,managed,30.0,30.0,35.005,False,200,
1787722079.420818,managed,30.0,30.0,39.592,False,200,
1787722079.4541514,managed,30.0,30.0,36.273,False,200,
1787722079.4874847,managed,30.0,30.0,42.04,False,200,
1787722079.520818,managed,30.0,30.0,35.626,False,200,
1787722079.5541513,managed,30.0,30.0,34.455,False,200,
1787722079.5874846,managed,30.0,30.0,33.413,False,200,
1787722079.620818,managed,30.0,30.0,37.614,False,200,
1787722079.6541514,managed,30.0,30.0,27.55,False,200,
1787722079.6874847,managed,30.0,30.0,31.461,False,200,
1787722079.720818,managed,30.0,30.0,39.711,False,200,
1787722079.7541513,managed,30.0,30.0,31.956,False,200,
1787722079.7874846,managed,30.0,30.0,28.854,False,200,
1787722079.820818,managed,30.0,30.0,38.222,False,200,
1787722079.8541512,managed,30.0,30.0,31.17,False,200,
1787722079.8874846,managed,30.0,30.0,35.582,False,200,
1787722079.920818,managed,30.0,30.0,35.927,False,200,
1787722079.9541514,managed,30.0,30.0,35.371,False,200,
1787722079.9874847,managed,30.0,30.0,37.294,False,200,
1787722080.020818,managed,30.0,30.0,32.277,False,200,
1787722080.0541513,managed,30.0,30.0,26.503,False,200,
1787722080.0874846,managed,30.0,30.0,31.177,False,200,
1787722080.120818,managed,30.0,30.0,38.707,False,200,
1787722080.1541514,managed,30.0,30.0,36.062,False,200,
1787722080.1874847,managed,30.0,30.0,41.388,False,200,
1787722080.220818,managed,30.0,30.0,44.22,False,200,
1787722080.2541513,managed,30.0,30.0,36.018,False,200,
1787722080.2874846,managed,30.0,30.0,37.26,False,200,
1787722080.320818,managed,30.0,30.0,38.635,False,200,
1787722080.3541512,managed,30.0,30.0,26.535,False,200,
1787722080.3874846,managed,30.0,30.0,29.133,False,200,
1787722080.420818,managed,30.0,30.0,43.054,False,200,
1787722080.4541514,managed,30.0,30.0,35.402,False,200,
1787722080.4874847,managed,30.0,30.0,41.261,False,200,
1787722080.520818,managed,30.0,30.0,41.68,False,200,
1787722080.5541513,managed,30.0,30.0,37.757,False,200,
1787722080.5874846,managed,30.0,30.0,32.361,False,200,
1787722080.620818,managed,30.0,30.0,33.136,False,200,
1787722080.6541514,managed,30.0,30.0,39.613,False,200,
1787722080.6874847,managed,30.0,30.0,46.139,False,200,
1787722080.720818,managed,30.0,30.0,33.786,False,200,
1787722080.7541513,managed,30.0,30.0,40.445,False,200,
1787722080.7874846,managed,30.0,30.0,35.348,False,200,
1787722080.820818,managed,30.0,30.0,38.858,False,200,
1787722080.8541512,managed,30.0,30.0,33.02,False,200,
1787722080.8874846,managed,30.0,30.0,28.501,False,200,
1787722080.920818,managed,30.0,30.0,35.762,False,200,
1787722080.9541514,managed,30.0,30.0,33.644,False,200,
1787722080.9874847,managed,30.0,30.0,31.55,False,200,
1787722081.020818,managed,30.0,30.0,44.461,False,200,
1787722081.0541513,managed,30.0,30.0,35.862,False,200,
1787722081.0874846,managed,30.0,30.0,32.08,False,200,
1787722081.120818,managed,30.0,30.0,32.556,False,200,
1787722081.1541514,managed,30.0,30.0,31.513,False,200,
1787722081.1874847,managed,30.0,30.0,37.194,False,200,
1787722081.220818,managed,30.0,30.0,28.391,False,200,
1787722081.2541513,managed,30.0,30.0,36.214,False,200,
1787722081.2874846,managed,30.0,30.0,37.213,False,200,
1787722081.320818,managed,30.0,30.0,38.928,False,200,
1787722081.3541512,managed,30.0,30.0,36.039,False,200,
1787722081.3874846,managed,30.0,30.0,29.039,False,200,
1787722081.420818,managed,30.0,30.0,34.094,False,200,
1787722081.4541514,managed,30.0,30.0,39.481,False,200,
1787722081.4874847,managed,30.0,30.0,29.219,False,200,
1787722081.520818,managed,30.0,30.0,30.378,False,200,
1787722081.5541513,managed,30.0,30.0,39.445,False,200,
1787722081.5874846,managed,30.0,30.0,36.957,False,200,
1787722081.620818,managed,30.0,30.0,31.778,False,200,
1787722081.6541514,managed,30.0,30.0,33.4,False,200,
1787722081.6874847,managed,30.0,30.0,35.676,False,200,
1787722081.720818,managed,30.0,30.0,32.644,False,200,
1787722081.7541513,managed,30.0,30.0,31.298,False,200,
1787722081.7874846,managed,30.0,30.0,38.286,False,200,
1787722081.820818,managed,30.0,30.0,33.38,False,200,
1787722081.8541512,managed,30.0,30.0,40.08,False,200,
1787722081.8874846,managed,30.0,30.0,43.704,False,200,
1787722081.920818,managed,30.0,30.0,42.415,False,200,
1787722081.9541514,managed,30.0,30.0,31.281,False,200,
1787722081.9874847,managed,30.0,30.0,27.18,False,200,
1787722082.020818,managed,30.0,30.0,40.183,False,200,
1787722082.0541513,managed,30.0,30.0,37.767,False,200,
1787722082.0874846,managed,30.0,30.0,32.304,False,200,
1787722082.120818,managed,30.0,30.0,36.156,False,200,
1787722082.1541514,managed,30.0,30.0,42.666,False,200,
1787722082.1874847,managed,30.0,30.0,34.354,False,200,
1787722082.220818,managed,30.0,30.0,35.858,False,200,
1787722082.2541513,managed,30.0,30.0,34.677,False,200,
1787722082.2874846,managed,30.0,30.0,37.779,False,200,
1787722082.320818,managed,30.0,30.0,36.75,False,200,
1787722082.3541512,managed,30.0,30.0,30.101,False,200,
1787722082.3874846,managed,30.0,30.0,30.689,False,200,
1787722082.420818,managed,30.0,30.0,32.739,False,200,
1787722082.4541514,managed,30.0,30.0,39.284,False,200,
1787722082.4874847,managed,30.0,30.0,39.043,False,200,
1787722082.520818,managed,30.0,30.0,32.764,False,200,
1787722082.5541513,managed,30.0,30.0,36.0,False,200,
1787722082.5874846,managed,30.0,30.0,49.57,False,200,
1787722082.620818,managed,30.0,30.0,32.173,False,200,
1787722082.6541514,managed,30.0,30.0,37.153,False,200,
1787722082.6874847,managed,30.0,30.0,21.862,False,200,
1787722082.720818,managed,30.0,30.0,41.083,False,200,
1787722082.7541513,managed,30.0,30.0,34.627,False,200,
1787722082.7874846,managed,30.0,30.0,26.231,False,200,
1787722082.820818,managed,30.0,30.0,22.265,False,200,
1787722082.8541512,managed,30.0,30.0,39.948,False,200,
1787722082.8874846,managed,30.0,30.0,32.964,False,200,
1787722082.920818,managed,30.0,30.0,32.309,False,200,
1787722082.9541514,managed,30.0,30.0,42.712,False,200,
1787722082.9874847,managed,30.0,30.0,30.326,False,200,
1787722083.020818,managed,30.0,30.0,44.885,False,200,
1787722083.0541513,managed,30.0,30.0,28.165,False,200,
1787722083.0874846,managed,30.0,30.0,36.43,False,200,
1787722083.120818,managed,30.0,30.0,37.867,False,200,
1787722083.1541514,managed,30.0,30.0,36.787,False,200,
1787722083.1874847,managed,30.0,30.0,33.602,False,200,
1787722083.220818,managed,30.0,30.0,42.872,False,200,
1787722083.2541513,managed,30.0,30.0,32.369,False,200,
1787722083.2874846,managed,30.0,30.0,32.403,False,200,
1787722083.320818,managed,30.0,30.0,33.981,False,200,
1787722083.3541512,managed,30.0,30.0,21.698,False,200,
1787722083.3874846,managed,30.0,30.0,34.131,False,200,
1787722083.420818,managed,30.0,30.0,37.54,False,200,
1787722083.4541514,managed,30.0,30.0,30.857,False,200,
1787722083.4874847,managed,30.0,30.0,38.296,False,200,
1787722083.520818,managed,30.0,30.0,39.049,False,200,
1787722083.5541513,managed,30.0,30.0,37.113,False,200,
1787722083.5874846,managed,30.0,30.0,31.683,False,200,
1787722083.620818,managed,30.0,30.0,33.992,False,200,
1787722083.6541514,managed,30.0,30.0,35.438,False,200,
1787722083.6874847,managed,30.0,30.0,43.626,False,200,
1787722083.720818,managed,30.0,30.0,43.579,False,200,
1787722083.7541513,managed,30.0,30.0,42.547,False,200,
1787722083.7874846,managed,30.0,30.0,33.683,False,200,
1787722083.820818,managed,30.0,30.0,30.185,False,200,
1787722083.8541512,managed,30.0,30.0,36.213,False,200,
1787722083.8874846,managed,30.0,30.0,39.343,False,200,
1787722083.920818,managed,30.0,30.0,27.773,False,200,
1787722083.9541514,managed,30.0,30.0,28.227,False,200,
1787722083.9874847,managed,30.0,30.0,26.424,False,200,
1787722084.020818,managed,30.0,30.0,36.917,False,200,
1787722084.0541513,managed,30.0,30.0,39.958,False,200,
1787722084.0874846,managed,30.0,30.0,40.822,False,200,
1787722084.120818,managed,30.0,30.0,33.395,False,200,
1787722084.1541514,managed,30.0,30.0,40.441,False,200,
1787722084.1874847,managed,30.0,30.0,33.832,False,200,
1787722084.220818,managed,30.0,30.0,35.296,False,200,
1787722084.2541513,managed,30.0,30.0,34.323,False,200,
1787722084.2874846,managed,30.0,30.0,39.988,False,200,
1787722084.320818,managed,30.0,30.0,37.878,False,200,
1787722084.3541512,managed,30.0,30.0,32.617,False,200,
1787722084.3874846,managed,30.0,30.0,46.316,False,200,
1787722084.420818,managed,30.0,30.0,35.633,False,200,
1787722084.4541514,managed,30.0,30.0,37.606,False,200,
1787722084.4874847,managed,30.0,30.0,43.78,False,200,
1787722084.520818,managed,30.0,30.0,44.969,False,200,
1787722084.5541513,managed,30.0,30.0,38.627,False,200,
1787722084.5874846,managed,30.0,30.0,30.929,False,200,
1787722084.620818,managed,30.0,30.0,50.417,False,200,
1787722084.6541514,managed,30.0,30.0,25.431,False,200,
1787722084.6874847,managed,30.0,30.0,46.306,False,200,
1787722084.720818,managed,30.0,30.0,42.336,False,200,
1787722084.7541513,managed,30.0,30.0,28.789,False,200,
1787722084.7874846,managed,30.0,30.0,36.505,False,200,
1787722084.820818,managed,30.0,30.0,30.977,False,200,
1787722084.8541512,managed,30.0,30.0,31.832,False,200,
1787722084.8874846,managed,30.0,30.0,36.749,False,200,
1787722084.920818,managed,30.0,30.0,30.576,False,200,
1787722084.9541514,managed,30.0,30.0,39.411,False,200,
1787722084.9874847,managed,30.0,30.0,39.188,False,200,
1787722085.020818,managed,30.0,30.0,28.7,False,200,
1787722085.0541513,managed,30.0,30.0,30.534,False,200,
1787722085.0874846,managed,30.0,30.0,36.814,False,200,
1787722085.120818,managed,30.0,30.0,27.926,False,200,
1787722085.1541514,managed,30.0,30.0,33.442,False,200,
1787722085.1874847,managed,30.0,30.0,34.574,False,200,
1787722085.220818,managed,30.0,30.0,37.516,False,200,
1787722085.2541513,managed,30.0,30.0,35.95,False,200,
1787722085.2874846,managed,30.0,30.0,43.789,False,200,
1787722085.320818,managed,30.0,30.0,50.861,False,200,
1787722085.3541512,managed,30.0,30.0,34.26,False,200,
1787722085.3874846,managed,30.0,30.0,48.564,False,200,
1787722085.420818,managed,30.0,30.0,34.595,False,200,
1787722085.4541514,managed,30.0,30.0,29.189,False,200,
1787722085.4874847,managed,30.0,30.0,36.597,False,200,
1787722085.520818,managed,30.0,30.0,28.597,False,200,
1787722085.5541513,managed,30.0,30.0,39.299,False,200,
1787722085.5874846,managed,30.0,30.0,30.362,False,200,
1787722085.620818,managed,30.0,30.0,33.442,False,200,
1787722085.6541514,managed,30.0,30.0,33.112,False,200,
1787722085.6874847,managed,30.0,30.0,36.849,False,200,
1787722085.720818,managed,30.0,30.0,34.756,False,200,
1787722085.7541513,managed,30.0,30.0,27.257,False,200,
1787722085.7874846,managed,30.0,30.0,38.054,False,200,
1787722085.820818,managed,30.0,30.0,28.056,False,200,
1787722085.8541512,managed,30.0,30.0,28.172,False,200,
1787722085.8874846,managed,30.0,30.0,29.444,False,200,
1787722085.920818,managed,30.0,30.0,32.643,False,200,
1787722085.9541514,managed,30.0,30.0,26.845,False,200,
1787722085.9874847,managed,30.0,30.0,36.085,False,200,
1787722086.020818,managed,30.0,30.0,38.014,False,200,
1787722086.0541513,managed,30.0,30.0,39.167,False,200,
1787722086.0874846,managed,30.0,30.0,41.997,False,200,
1787722086.120818,managed,30.0,30.0,34.42,False,200,
1787722086.1541514,managed,30.0,30.0,23.131,False,200,
1787722086.1874847,managed,30.0,30.0,25.262,False,200,
1787722086.220818,managed,30.0,30.0,36.491,False,200,
1787722086.2541513,managed,30.0,30.0,34.082,False,200,
1787722086.2874846,managed,30.0,30.0,34.279,False,200,
1787722086.320818,managed,30.0,30.0,35.337,False,200,
1787722086.3541512,managed,30.0,30.0,36.644,False,200,
1787722086.3874846,managed,30.0,30.0,25.245,False,200,
1787722086.420818,managed,30.0,30.0,37.307,False,200,
1787722086.4541514,managed,30.0,30.0,29.93,False,200,
1787722086.4874847,managed,30.0,30.0,31.293,False,200,
1787722086.520818,managed,30.0,30.0,33.552,False,200,
1787722086.5541513,managed,30.0,30.0,30.716,False,200,
1787722086.5874846,managed,30.0,30.0,41.696,False,200,
1787722086.620818,managed,30.0,30.0,42.925,False,200,
1787722086.6541514,managed,30.0,30.0,27.195,False,200,
1787722086.6874847,managed,30.0,30.0,33.71,False,200,
1787722086.720818,managed,30.0,30.0,29.77,False,200,
1787722086.7541513,managed,30.0,30.0,38.065,False,200,
1787722086.7874846,managed,30.0,30.0,33.256,False,200,
1787722086.820818,managed,30.0,30.0,37.119,False,200,
1787722086.8541512,managed,30.0,30.0,33.014,False,200,
1787722086.8874846,managed,30.0,30.0,35.196,False,200,
1787722086.920818,managed,30.0,30.0,30.815,False,200,
1787722086.9541514,managed,30.0,30.0,35.988,False,200,
1787722086.9874847,managed,30.0,30.0,39.783,False,200,
1787722087.020818,managed,30.0,30.0,32.779,False,200,
1787722087.0541513,managed,30.0,30.0,35.771,False,200,
1787722087.0874846,managed,30.0,30.0,39.189,False,200,
1787722087.120818,managed,30.0,30.0,31.534,False,200,
1787722087.1541514,managed,30.0,30.0,39.862,False,200,
1787722087.1874847,managed,30.0,30.0,30.065,False,200,
1787722087.220818,managed,30.0,30.0,37.236,False,200,
1787722087.2541513,managed,30.0,30.0,35.049,False,200,
1787722087.2874846,managed,30.0,30.0,42.102,False,200,
1787722087.320818,managed,30.0,30.0,43.509,False,200,
1787722087.3541512,managed,30.0,30.0,43.322,False,200,
1787722087.3874846,managed,30.0,30.0,32.708,False,200,
1787722087.420818,managed,30.0,30.0,35.16,False,200,
1787722087.4541514,managed,30.0,30.0,29.572,False,200,
1787722087.4874847,managed,30.0,30.0,35.351,False,200,
1787722087.520818,managed,30.0,30.0,38.315,False,200,
1787722087.5541513,managed,30.0,30.0,26.111,False,200,
1787722087.5874846,managed,30.0,30.0,27.937,False,200,
1787722087.620818,managed,30.0,30.0,41.36,False,200,
1787722087.6541514,managed,30.0,30.0,32.302,False,200,
1787722087.6874847,managed,30.0,30.0,35.855,False,200,
1787722087.720818,managed,30.0,30.0,33.253,False,200,
1787722087.7541513,managed,30.0,30.0,38.904,False,200,
1787722087.7874846,managed,30.0,30.0,34.167,False,200,
1787722087.820818,managed,30.0,30.0,27.294,False,200,
1787722087.8541512,managed,30.0,30.0,37.995,False,200,
1787722087.8874846,managed,30.0,30.0,29.591,False,200,
1787722087.920818,managed,30.0,30.0,41.284,False,200,
1787722087.9541514,managed,30.0,30.0,38.911,False,200,
1787722087.9874847,managed,30.0,30.0,31.97,False,200,
1787722088.020818,managed,30.0,30.0,30.559,False,200,
1787722088.0541513,managed,30.0,30.0,42.109,False,200,
1787722088.0874846,managed,30.0,30.0,27.979,False,200,
1787722088.120818,managed,30.0,30.0,26.841,False,200,
1787722088.1541514,managed,30.0,30.0,33.031,False,200,
1787722088.1874847,managed,30.0,30.0,31.886,False,200,
1787722088.220818,managed,30.0,30.0,42.537,False,200,
1787722088.2541513,managed,30.0,30.0,28.004,False,200,
1787722088.2874846,managed,30.0,30.0,30.081,False,200,
1787722088.320818,managed,30.0,30.0,27.359,False,200,
1787722088.3541512,managed,30.0,30.0,33.829,False,200,
1787722088.3874846,managed,30.0,30.0,32.45,False,200,
1787722088.420818,managed,30.0,30.0,32.435,False,200,
1787722088.4541514,managed,30.0,30.0,34.811,False,200,
1787722088.4874847,managed,30.0,30.0,35.401,False,200,
1787722088.520818,managed,30.0,30.0,36.211,False,200,
1787722088.5541513,managed,30.0,30.0,36.445,False,200,
1787722088.5874846,managed,30.0,30.0,37.857,False,200,
1787722088.620818,managed,30.0,30.0,28.064,False,200,
1787722088.6541514,managed,30.0,30.0,35.485,False,200,
1787722088.6874847,managed,30.0,30.0,34.888,False,200,
1787722088.720818,managed,30.0,30.0,29.978,False,200,
1787722088.7541513,managed,30.0,30.0,42.019,False,200,
1787722088.7874846,managed,30.0,30.0,45.965,False,200,
1787722088.820818,managed,30.0,30.0,41.418,False,200,
1787722088.8541512,managed,30.0,30.0,37.457,False,200,
1787722088.8874846,managed,30.0,30.0,34.485,False,200,
1787722088.920818,managed,30.0,30.0,26.145,False,200,
1787722088.9541514,managed,30.0,30.0,36.828,False,200,
1787722088.9874847,managed,30.0,30.0,30.175,False,200,
1787722089.020818,managed,30.0,30.0,34.871,False,200,
1787722089.0541513,managed,30.0,30.0,29.924,False,200,
1787722089.0874846,managed,30.0,30.0,27.422,False,200,
1787722089.120818,managed,30.0,30.0,35.966,False,200,
1787722089.1541514,managed,30.0,30.0,35.759,False,200,
1787722089.1874847,managed,30.0,30.0,33.296,False,200,
1787722089.220818,managed,30.0,30.0,35.647,False,200,
1787722089.2541513,managed,30.0,30.0,33.68,False,200,
1787722089.2874846,managed,30.0,30.0,33.725,False,200,
1787722089.320818,managed,30.0,30.0,34.128,False,200,
1787722089.3541512,managed,30.0,30.0,37.296,False,200,
1787722089.3874846,managed,30.0,30.0,34.08,False,200,
1787722089.420818,managed,30.0,30.0,30.617,False,200,
1787722089.4541514,managed,30.0,30.0,31.897,False,200,
1787722089.4874847,managed,30.0,30.0,28.505,False,200,
1787722089.520818,managed,30.0,30.0,31.335,False,200,
1787722089.5541513,managed,30.0,30.0,31.896,False,200,
1787722089.5874846,managed,30.0,30.0,33.721,False,200,
1787722089.620818,managed,30.0,30.0,31.39,False,200,
1787722089.6541514,managed,30.0,30.0,38.048,False,200,
1787722089.6874847,managed,30.0,30.0,38.109,False,200,
1787722089.720818,managed,30.0,30.0,37.89,False,200,
1787722089.7541513,managed,30.0,30.0,33.449,False,200,
1787722089.7874846,managed,30.0,30.0,25.508,False,200,
1787722089.820818,managed,30.0,30.0,34.067,False,200,
1787722089.8541512,managed,30.0,30.0,37.207,False,200,
1787722089.8874846,managed,30.0,30.0,45.828,False,200,
1787722089.920818,managed,30.0,30.0,31.868,False,200,
1787722089.9541514,managed,30.0,30.0,36.395,False,200,
1787722089.9874847,managed,30.0,30.0,50.088,False,200,
1787722090.020818,managed,30.0,30.0,37.342,False,200,
1787722090.0541513,managed,30.0,30.0,31.019,False,200,
1787722090.0874846,managed,30.0,30.0,42.955,False,200,
1787722090.120818,managed,30.0,30.0,32.847,False,200,
1787722090.1541514,managed,30.0,30.0,32.479,False,200,
1787722090.1874847,managed,30.0,30.0,33.359,False,200,
1787722090.220818,managed,30.0,30.0,31.601,False,200,
1787722090.2541513,managed,30.0,30.0,34.556,False,200,
1787722090.2874846,managed,30.0,30.0,29.927,False,200,
1787722090.320818,managed,30.0,30.0,29.501,False,200,
1787722090.3541512,managed,30.0,30.0,35.03,False,200,
1787722090.3874846,managed,30.0,30.0,35.952,False,200,
1787722090.420818,managed,30.0,30.0,41.847,False,200,
1787722090.4541514,managed,30.0,30.0,38.423,False,200,
1787722090.4874847,managed,30.0,30.0,28.991,False,200,
1787722090.520818,managed,30.0,30.0,40.714,False,200,
1787722090.5541513,managed,30.0,30.0,36.051,False,200,
1787722090.5874846,managed,30.0,30.0,24.503,False,200,
1787722090.620818,managed,30.0,30.0,33.34,False,200,
1787722090.6541514,managed,30.0,30.0,33.549,False,200,
1787722090.6874847,managed,30.0,30.0,48.678,False,200,
1787722090.720818,managed,30.0,30.0,42.997,False,200,
1787722090.7541513,managed,30.0,30.0,37.525,False,200,
1787722090.7874846,managed,30.0,30.0,37.208,False,200,
1787722090.820818,managed,30.0,30.0,28.437,False,200,
1787722090.8541512,managed,30.0,30.0,24.699,False,200,
1787722090.8874846,managed,30.0,30.0,33.173,False,200,
1787722090.920818,managed,30.0,30.0,32.295,False,200,
1787722090.9541514,managed,30.0,30.0,33.409,False,200,
1787722090.9874847,managed,30.0,30.0,27.603,False,200,
1787722091.020818,managed,30.0,30.0,31.187,False,200,
1787722091.0541513,managed,30.0,30.0,35.624,False,200,
1787722091.0874846,managed,30.0,30.0,25.907,False,200,
1787722091.120818,managed,30.0,30.0,37.504,False,200,
1787722091.1541514,managed,30.0,30.0,34.588,False,200,
1787722091.1874847,managed,30.0,30.0,35.769,False,200,
1787722091.220818,managed,30.0,30.0,33.803,False,200,
1787722091.2541513,managed,30.0,30.0,38.61,False,200,
1787722091.2874846,managed,30.0,30.0,33.395,False,200,
1787722091.320818,managed,30.0,30.0,34.886,False,200,
1787722091.3541512,managed,30.0,30.0,29.183,False,200,
1787722091.3874846,managed,30.0,30.0,38.708,False,200,
1787722091.420818,managed,30.0,30.0,39.322,False,200,
1787722091.4541514,managed,30.0,30.0,31.572,False,200,
1787722091.4874847,managed,30.0,30.0,31.922,False,200,
1787722091.520818,managed,30.0,30.0,42.19,False,200,
1787722091.5541513,managed,30.0,30.0,34.006,False,200,
1787722091.5874846,managed,30.0,30.0,29.804,False,200,
1787722091.620818,managed,30.0,30.0,30.939,False,200,
1787722091.6541514,managed,30.0,30.0,42.678,False,200,
1787722091.6874847,managed,30.0,30.0,35.902,False,200,
1787722091.720818,managed,30.0,30.0,33.75,False,200,
1787722091.7541513,managed,30.0,30.0,40.954,False,200,
1787722091.7874846,managed,30.0,30.0,32.375,False,200,
1787722091.820818,managed,30.0,30.0,41.136,False,200,
1787722091.8541512,managed,30.0,30.0,33.676,False,200,
1787722091.8874846,managed,30.0,30.0,34.302,False,200,
1787722091.920818,managed,30.0,30.0,27.767,False,200,
1787722091.9541514,managed,30.0,30.0,35.034,False,200,
1787722091.9874847,managed,30.0,30.0,48.006,False,200,
1787722092.020818,managed,30.0,30.0,26.743,False,200,
1787722092.0541513,managed,30.0,30.0,33.474,False,200,
1787722092.0874846,managed,30.0,30.0,38.356,False,200,
1787722092.120818,managed,30.0,30.0,27.809,False,200,
1787722092.1541514,managed,30.0,30.0,36.0,False,200,
1787722092.1874847,managed,30.0,30.0,27.23,False,200,
1787722092.220818,managed,30.0,30.0,41.823,False,200,
1787722092.2541513,managed,30.0,30.0,57.371,False,200,
1787722092.2874846,managed,30.0,30.0,31.397,False,200,
1787722092.320818,managed,30.0,30.0,28.573,False,200,
1787722092.3541512,managed,30.0,30.0,25.791,False,200,
1787722092.3874846,managed,30.0,30.0,33.505,False,200,
1787722092.420818,managed,30.0,30.0,31.098,False,200,
1787722092.4541514,managed,30.0,30.0,32.512,False,200,
1787722092.4874847,managed,30.0,30.0,34.256,False,200,
1787722092.520818,managed,30.0,30.0,37.642,False,200,
1787722092.5541513,managed,30.0,30.0,37.407,False,200,
1787722092.5874846,managed,30.0,30.0,38.833,False,200,
1787722092.620818,managed,30.0,30.0,41.252,False,200,
1787722092.6541514,managed,30.0,30.0,36.975,False,200,
1787722092.6874847,managed,30.0,30.0,41.013,False,200,
1787722092.720818,managed,30.0,30.0,28.541,False,200,
1787722092.7541513,managed,30.0,30.0,35.924,False,200,
1787722092.7874846,managed,30.0,30.0,41.99,False,200,
1787722092.820818,managed,30.0,30.0,29.546,False,200,
1787722092.8541512,managed,30.0,30.0,37.702,False,200,
1787722092.8874846,managed,30.0,30.0,39.07,False,200,
1787722092.920818,managed,30.0,30.0,26.845,False,200,
1787722092.9541514,managed,30.0,30.0,38.964,False,200,
1787722092.9874847,managed,30.0,30.0,37.226,False,200,
1787722093.020818,managed,30.0,30.0,39.496,False,200,
1787722093.0541513,managed,30.0,30.0,28.191,False,200,
1787722093.0874846,managed,30.0,30.0,31.455,False,200,
1787722093.120818,managed,30.0,30.0,37.663,False,200,
1787722093.1541514,managed,30.0,30.0,31.942,False,200,
1787722093.1874847,managed,30.0,30.0,30.521,False,200,
1787722093.220818,managed,30.0,30.0,31.549,False,200,
1787722093.2541513,managed,30.0,30.0,32.811,False,200,
1787722093.2874846,managed,30.0,30.0,35.207,False,200,
1787722093.320818,managed,30.0,30.0,45.156,False,200,
1787722093.3541512,managed,30.0,30.0,42.509,False,200,
1787722093.3874846,managed,30.0,30.0,36.377,False,200,
1787722093.420818,managed,30.0,30.0,38.622,False,200,
1787722093.4541514,managed,30.0,30.0,30.727,False,200,
1787722093.4874847,managed,30.0,30.0,41.655,False,200,
1787722093.520818,managed,30.0,30.0,39.973,False,200,
1787722093.5541513,managed,30.0,30.0,36.431,False,200,
1787722093.5874846,managed,30.0,30.0,36.581,False,200,
1787722093.620818,managed,30.0,30.0,37.233,False,200,
1787722093.6541514,managed,30.0,30.0,38.832,False,200,
1787722093.6874847,managed,30.0,30.0,37.728,False,200,
1787722093.720818,managed,30.0,30.0,36.273,False,200,
1787722093.7541513,managed,30.0,30.0,28.482,False,200,
1787722093.7874846,managed,30.0,30.0,42.739,False,200,
1787722093.820818,managed,30.0,30.0,36.67,False,200,
1787722093.8541512,managed,30.0,30.0,38.069,False,200,
1787722093.8874846,managed,30.0,30.0,34.835,False,200,
1787722093.920818,managed,30.0,30.0,30.89,False,200,
1787722093.9541514,managed,30.0,30.0,27.382,False,200,
1787722093.9874847,managed,30.0,30.0,28.594,False,200,
1787722094.020818,managed,30.0,30.0,35.724,False,200,
1787722094.0541513,managed,30.0,30.0,28.408,False,200,
1787722094.0874846,managed,30.0,30.0,28.376,False,200,
1787722094.120818,managed,30.0,30.0,31.669,False,200,
1787722094.1541514,managed,30.0,30.0,30.232,False,200,
1787722094.1874847,managed,30.0,30.0,29.564,False,200,
1787722094.220818,managed,30.0,30.0,35.862,False,200,
1787722094.2541513,managed,30.0,30.0,35.838,False,200,
1787722094.2874846,managed,30.0,30.0,33.492,False,200,
1787722094.320818,managed,30.0,30.0,44.538,False,200,
1787722094.3541512,managed,30.0,30.0,29.137,False,200,
1787722094.3874846,managed,30.0,30.0,28.205,False,200,
1787722094.420818,managed,30.0,30.0,37.337,False,200,
1787722094.4541514,managed,30.0,30.0,39.231,False,200,
1787722094.4874847,managed,30.0,30.0,27.552,False,200,
1787722094.520818,managed,30.0,30.0,30.781,False,200,
1787722094.5541513,managed,30.0,30.0,34.97,False,200,
1787722094.5874846,managed,30.0,30.0,37.313,False,200,
1787722094.620818,managed,30.0,30.0,39.304,False,200,
1787722094.6541514,managed,30.0,30.0,43.786,False,200,
1787722094.6874847,managed,30.0,30.0,27.82,False,200,
1787722094.720818,managed,30.0,30.0,45.895,False,200,
1787722094.7541513,managed,30.0,30.0,36.731,False,200,
1787722094.7874846,managed,30.0,30.0,30.923,False,200,
1787722094.820818,managed,30.0,30.0,30.48,False,200,
1787722094.8541512,managed,30.0,30.0,34.185,False,200,
1787722094.8874846,managed,30.0,30.0,29.304,False,200,
1787722094.920818,managed,30.0,30.0,28.884,False,200,
1787722094.9541514,managed,30.0,30.0,32.983,False,200,
1787722094.9874847,managed,30.0,30.0,32.072,False,200,
1787722095.020818,managed,30.0,30.0,47.293,False,200,
1787722095.0541513,managed,30.0,30.0,39.52,False,200,
1787722095.0874846,managed,30.0,30.0,35.758,False,200,
1787722095.120818,managed,30.0,30.0,32.186,False,200,
1787722095.1541514,managed,30.0,30.0,35.707,False,200,
1787722095.1874847,managed,30.0,30.0,38.866,False,200,
1787722095.220818,managed,30.0,30.0,30.283,False,200,
1787722095.2541513,managed,30.0,30.0,40.872,False,200,
1787722095.2874846,managed,30.0,30.0,32.406,False,200,
1787722095.320818,managed,30.0,30.0,25.557,False,200,
1787722095.3541512,managed,30.0,30.0,39.426,False,200,
1787722095.3874846,managed,30.0,30.0,32.381,False,200,
1787722095.420818,managed,30.0,30.0,34.516,False,200,
1787722095.4541514,managed,30.0,30.0,28.421,False,200,
1787722095.4874847,managed,30.0,30.0,30.496,False,200,
1787722095.520818,managed,30.0,30.0,40.267,False,200,
1787722095.5541513,managed,30.0,30.0,32.37,False,200,
1787722095.5874846,managed,30.0,30.0,28.734,False,200,
1787722095.620818,managed,30.0,30.0,42.224,False,200,
1787722095.6541514,managed,30.0,30.0,39.361,False,200,
1787722095.6874847,managed,30.0,30.0,31.282,False,200,
1787722095.720818,managed,30.0,30.0,35.656,False,200,
1787722095.7541513,managed,30.0,30.0,33.817,False,200,
1787722095.7874846,managed,30.0,30.0,31.516,False,200,
1787722095.820818,managed,30.0,30.0,37.567,False,200,
1787722095.8541512,managed,30.0,30.0,26.615,False,200,
1787722095.8874846,managed,30.0,30.0,39.235,False,200,
1787722095.920818,managed,30.0,30.0,28.95,False,200,
1787722095.9541514,managed,30.0,30.0,35.581,False,200,
1787722095.9874847,managed,30.0,30.0,33.422,False,200,
1787722096.020818,managed,30.0,30.0,44.311,False,200,
1787722096.0541513,managed,30.0,30.0,25.475,False,200,
1787722096.0874846,managed,30.0,30.0,32.41,False,200,
1787722096.120818,managed,30.0,30.0,39.026,False,200,
1787722096.1541514,managed,30.0,30.0,32.602,False,200,
1787722096.1874847,managed,30.0,30.0,31.766,False,200,
1787722096.220818,managed,30.0,30.0,29.907,False,200,
1787722096.2541513,managed,30.0,30.0,25.743,False,200,
1787722096.2874846,managed,30.0,30.0,27.558,False,200,
1787722096.320818,managed,30.0,30.0,31.529,False,200,
1787722096.3541512,managed,30.0,30.0,33.511,False,200,
1787722096.3874846,managed,30.0,30.0,40.771,False,200,
1787722096.420818,managed,30.0,30.0,48.505,False,200,
1787722096.4541514,managed,30.0,30.0,40.574,False,200,
1787722096.4874847,managed,30.0,30.0,32.3,False,200,
1787722096.520818,managed,30.0,30.0,47.599,False,200,
1787722096.5541513,managed,30.0,30.0,27.773,False,200,
1787722096.5874846,managed,30.0,30.0,36.468,False,200,
1787722096.620818,managed,30.0,30.0,34.254,False,200,
1787722096.6541514,managed,30.0,30.0,31.48,False,200,
1787722096.6874847,managed,30.0,30.0,36.083,False,200,
1787722096.720818,managed,30.0,30.0,32.553,False,200,
1787722096.7541513,managed,30.0,30.0,35.932,False,200,
1787722096.7874846,managed,30.0,30.0,38.851,False,200,
1787722096.820818,managed,30.0,30.0,36.382,False,200,
1787722096.8541512,managed,30.0,30.0,35.96,False,200,
1787722096.8874846,managed,30.0,30.0,37.912,False,200,
1787722096.920818,managed,30.0,30.0,47.246,False,200,
1787722096.9541514,managed,30.0,30.0,35.291,False,200,
1787722096.9874847,managed,30.0,30.0,32.51,False,200,
1787722097.020818,managed,30.0,30.0,32.105,False,200,
1787722097.0541513,managed,30.0,30.0,33.893,False,200,
1787722097.0874846,managed,30.0,30.0,37.682,False,200,
1787722097.120818,managed,30.0,30.0,27.163,False,200,
1787722097.1541514,managed,30.0,30.0,35.672,False,200,
1787722097.1874847,managed,30.0,30.0,31.634,False,200,
1787722097.220818,managed,30.0,30.0,39.446,False,200,
1787722097.2541513,managed,30.0,30.0,33.042,False,200,
1787722097.2874846,managed,30.0,30.0,34.373,False,200,
1787722097.320818,managed,30.0,30.0,29.661,False,200,
1787722097.3541512,managed,30.0,30.0,36.307,False,200,
1787722097.3874846,managed,30.0,30.0,46.851,False,200,
1787722097.420818,managed,30.0,30.0,30.248,False,200,
1787722097.4541514,managed,30.0,30.0,37.3,False,200,
1787722097.4874847,managed,30.0,30.0,28.074,False,200,
1787722097.520818,managed,30.0,30.0,29.413,False,200,
1787722097.5541513,managed,30.0,30.0,39.561,False,200,
1787722097.5874846,managed,30.0,30.0,45.752,False,200,
1787722097.620818,managed,30.0,30.0,43.169,False,200,
1787722097.6541514,managed,30.0,30.0,31.039,False,200,
1787722097.6874847,managed,30.0,30.0,35.148,False,200,
1787722097.720818,managed,30.0,30.0,44.741,False,200,
1787722097.7541513,managed,30.0,30.0,36.636,False,200,
1787722097.7874846,managed,30.0,30.0,39.61,False,200,
1787722097.820818,managed,30.0,30.0,39.752,False,200,
1787722097.8541512,managed,30.0,30.0,40.366,False,200,
1787722097.8874846,managed,30.0,30.0,37.209,False,200,
1787722097.920818,managed,30.0,30.0,33.63,False,200,
1787722097.9541514,managed,30.0,30.0,30.512,False,200,
1787722097.9874847,managed,30.0,30.0,32.468,False,200,
1787722098.020818,managed,30.0,30.0,28.632,False,200,
1787722098.0541513,managed,30.0,30.0,37.156,False,200,
1787722098.0874846,managed,30.0,30.0,26.507,False,200,
1787722098.120818,managed,30.0,30.0,29.532,False,200,
1787722098.1541514,managed,30.0,30.0,50.275,False,200,
1787722098.1874847,managed,30.0,30.0,37.851,False,200,
1787722098.220818,managed,30.0,30.0,34.048,False,200,
1787722098.2541513,managed,30.0,30.0,34.325,False,200,
1787722098.2874846,managed,30.0,30.0,34.62,False,200,
1787722098.320818,managed,30.0,30.0,41.173,False,200,
1787722098.3541512,managed,30.0,30.0,29.161,False,200,
1787722098.3874846,managed,30.0,30.0,38.789,False,200,
1787722098.420818,managed,30.0,30.0,31.938,False,200,
1787722098.4541514,managed,30.0,30.0,31.996,False,200,
1787722098.4874847,managed,30.0,30.0,36.777,False,200,
1787722098.520818,managed,30.0,30.0,30.972,False,200,
1787722098.5541513,managed,30.0,30.0,27.604,False,200,
1787722098.5874846,managed,30.0,30.0,35.828,False,200,
1787722098.620818,managed,30.0,30.0,28.971,False,200,
1787722098.6541514,managed,30.0,30.0,35.838,False,200,
1787722098.6874847,managed,30.0,30.0,31.163,False,200,
1787722098.720818,managed,30.0,30.0,36.218,False,200,
1787722098.7541513,managed,30.0,30.0,33.264,False,200,
1787722098.7874846,managed,30.0,30.0,30.378,False,200,
1787722098.820818,managed,30.0,30.0,31.007,False,200,
1787722098.8541512,managed,30.0,30.0,30.428,False,200,
1787722098.8874846,managed,30.0,30.0,39.394,False,200,
1787722098.920818,managed,30.0,30.0,36.282,False,200,
1787722098.9541514,managed,30.0,30.0,37.976,False,200,
1787722098.9874847,managed,30.0,30.0,30.261,False,200,
1787722099.020818,managed,30.0,30.0,36.244,False,200,
1787722099.0541513,managed,30.0,30.0,39.067,False,200,
1787722099.0874846,managed,30.0,30.0,32.479,False,200,
1787722099.120818,managed,30.0,30.0,32.061,False,200,
1787722099.1541514,managed,30.0,30.0,40.602,False,200,
1787722099.1874847,managed,30.0,30.0,33.166,False,200,
1787722099.220818,managed,30.0,30.0,34.884,False,200,
1787722099.2541513,managed,30.0,30.0,29.224,False,200,
1787722099.2874846,managed,30.0,30.0,36.428,False,200,
1787722099.320818,managed,30.0,30.0,32.793,False,200,
1787722099.3541512,managed,30.0,30.0,26.507,False,200,
1787722099.3874846,managed,30.0,30.0,31.968,False,200,
1787722099.420818,managed,30.0,30.0,39.866,False,200,
1787722099.4541514,managed,30.0,30.0,30.618,False,200,
1787722099.4874847,managed,30.0,30.0,35.391,False,200,
1787722099.520818,managed,30.0,30.0,40.605,False,200,
1787722099.5541513,managed,30.0,30.0,31.29,False,200,
1787722099.5874846,managed,30.0,30.0,42.934,False,200,
1787722099.620818,managed,30.0,30.0,34.099,False,200,
1787722099.6541514,managed,30.0,30.0,26.886,False,200,
1787722099.6874847,managed,30.0,30.0,35.71,False,200,
1787722099.720818,managed,30.0,30.0,36.397,False,200,
1787722099.7541513,managed,30.0,30.0,35.48,False,200,
1787722099.7874846,managed,30.0,30.0,39.775,False,200,
1787722099.820818,managed,30.0,30.0,35.962,False,200,
1787722099.8541512,managed,30.0,30.0,42.715,False,200,
1787722099.8874846,managed,30.0,30.0,36.58,False,200,
1787722099.920818,managed,30.0,30.0,42.968,False,200,
1787722099.9541514,managed,30.0,30.0,43.447,False,200,
1787722099.9874847,managed,30.0,30.0,41.789,False,200,
1787722100.020818,managed,30.0,30.0,35.248,False,200,
1787722100.0541513,managed,30.0,30.0,35.648,False,200,
1787722100.0874846,managed,30.0,30.0,31.263,False,200,
1787722100.120818,managed,30.0,30.0,26.657,False,200,
1787722100.1541514,managed,30.0,30.0,27.185,False,200,
1787722100.1874847,managed,30.0,30.0,33.235,False,200,
1787722100.220818,managed,30.0,30.0,25.088,False,200,
1787722100.2541513,managed,30.0,30.0,30.039,False,200,
1787722100.2874846,managed,30.0,30.0,40.219,False,200,
1787722100.320818,managed,30.0,30.0,37.761,False,200,
1787722100.3541512,managed,30.0,30.0,38.279,False,200,
1787722100.3874846,managed,30.0,30.0,41.662,False,200,
1787722100.420818,managed,30.0,30.0,32.746,False,200,
1787722100.4541514,managed,30.0,30.0,44.57,False,200,
1787722100.4874847,managed,30.0,30.0,32.921,False,200,
1787722100.520818,managed,30.0,30.0,33.907,False,200,
1787722100.5541513,managed,30.0,30.0,37.575,False,200,
1787722100.5874846,managed,30.0,30.0,24.89,False,200,
1787722100.620818,managed,30.0,30.0,38.094,False,200,
1787722100.6541514,managed,30.0,30.0,34.054,False,200,
1787722100.6874847,managed,30.0,30.0,29.516,False,200,
1787722100.720818,managed,30.0,30.0,41.308,False,200,
1787722100.7541513,managed,30.0,30.0,38.752,False,200,
1787722100.7874846,managed,30.0,30.0,28.204,False,200,
1787722100.820818,managed,30.0,30.0,39.514,False,200,
1787722100.8541512,managed,30.0,30.0,42.076,False,200,
1787722100.8874846,managed,30.0,30.0,34.097,False,200,
1787722100.920818,managed,30.0,30.0,42.718,False,200,
1787722100.9541514,managed,30.0,30.0,33.049,False,200,
1787722100.9874847,managed,30.0,30.0,35.399,False,200,
1787722101.020818,managed,30.0,30.0,36.904,False,200,
1787722101.0541513,managed,30.0,30.0,37.767,False,200,
1787722101.0874846,managed,30.0,30.0,32.174,False,200,
1787722101.120818,managed,30.0,30.0,28.669,False,200,
1787722101.1541514,managed,30.0,30.0,47.329,False,200,
1787722101.1874847,managed,30.0,30.0,46.842,False,200,
1787722101.220818,managed,30.0,30.0,33.305,False,200,
1787722101.2541513,managed,30.0,30.0,32.981,False,200,
1787722101.2874846,managed,30.0,30.0,36.173,False,200,
1787722101.320818,managed,30.0,30.0,40.274,False,200,
1787722101.3541512,managed,30.0,30.0,36.224,False,200,
1787722101.3874846,managed,30.0,30.0,42.403,False,200,
1787722101.420818,managed,30.0,30.0,29.676,False,200,
1787722101.4541514,managed,30.0,30.0,34.178,False,200,
1787722101.4874847,managed,30.0,30.0,33.364,False,200,
1787722101.520818,managed,30.0,30.0,30.366,False,200,
1787722101.5541513,managed,30.0,30.0,35.303,False,200,
1787722101.5874846,managed,30.0,30.0,31.989,False,200,
1787722101.620818,managed,30.0,30.0,29.563,False,200,
1787722101.6541514,managed,30.0,30.0,40.435,False,200,
1787722101.6874847,managed,30.0,30.0,42.947,False,200,
1787722101.720818,managed,30.0,30.0,34.392,False,200,
1787722101.7541513,managed,30.0,30.0,38.886,False,200,
1787722101.7874846,managed,30.0,30.0,29.378,False,200,
1787722101.820818,managed,30.0,30.0,29.404,False,200,
1787722101.8541512,managed,30.0,30.0,38.812,False,200,
1787722101.8874846,managed,30.0,30.0,32.45,False,200,
1787722101.920818,managed,30.0,30.0,44.001,False,200,
1787722101.9541514,managed,30.0,30.0,31.455,False,200,
1787722101.9874847,managed,30.0,30.0,33.332,False,200,
1787722102.020818,managed,30.0,30.0,38.409,False,200,
1787722102.0541513,managed,30.0,30.0,29.861,False,200,
1787722102.0874846,managed,30.0,30.0,28.117,False,200,
1787722102.120818,managed,30.0,30.0,31.519,False,200,
1787722102.1541514,managed,30.0,30.0,26.691,False,200,
1787722102.1874847,managed,30.0,30.0,30.713,False,200,
1787722102.220818,managed,30.0,30.0,32.289,False,200,
1787722102.2541513,managed,30.0,30.0,32.394,False,200,
1787722102.2874846,managed,30.0,30.0,39.57,False,200,
1787722102.320818,managed,30.0,30.0,39.473,False,200,
1787722102.3541512,managed,30.0,30.0,41.321,False,200,
1787722102.3874846,managed,30.0,30.0,38.08,False,200,
1787722102.420818,managed,30.0,30.0,40.978,False,200,
1787722102.4541514,managed,30.0,30.0,39.013,False,200,
1787722102.4874847,managed,30.0,30.0,35.323,False,200,
1787722102.520818,managed,30.0,30.0,36.053,False,200,
1787722102.5541513,managed,30.0,30.0,34.965,False,200,
1787722102.5874846,managed,30.0,30.0,28.938,False,200,
1787722102.620818,managed,30.0,30.0,31.849,False,200,
1787722102.6541514,managed,30.0,30.0,31.537,False,200,
1787722102.6874847,managed,30.0,30.0,33.696,False,200,
1787722102.720818,managed,30.0,30.0,30.57,False,200,
1787722102.7541513,managed,30.0,30.0,28.51,False,200,
1787722102.7874846,managed,30.0,30.0,50.255,False,200,
1787722102.820818,managed,30.0,30.0,27.467,False,200,
1787722102.8541512,managed,30.0,30.0,31.887,False,200,
1787722102.8874846,managed,30.0,30.0,39.466,False,200,
1787722102.920818,managed,30.0,30.0,37.4,False,200,
1787722102.9541514,managed,30.0,30.0,41.815,False,200,
1787722102.9874847,managed,30.0,30.0,44.171,False,200,
1787722103.020818,managed,30.0,30.0,33.739,False,200,
1787722103.0541513,managed,30.0,30.0,39.213,False,200,
1787722103.0874846,managed,30.0,30.0,33.859,False,200,
1787722103.120818,managed,30.0,30.0,35.211,False,200,
1787722103.1541514,managed,30.0,30.0,36.017,False,200,
1787722103.1874847,managed,30.0,30.0,46.814,False,200,
1787722103.220818,managed,30.0,30.0,30.609,False,200,
1787722103.2541513,managed,30.0,30.0,35.894,False,200,
1787722103.2874846,managed,30.0,30.0,28.477,False,200,
1787722103.320818,managed,30.0,30.0,31.275,False,200,
1787722103.3541512,managed,30.0,30.0,28.917,False,200,
1787722103.3874846,managed,30.0,30.0,35.507,False,200,
1787722103.420818,managed,30.0,30.0,38.808,False,200,
1787722103.4541514,managed,30.0,30.0,42.06,False,200,
1787722103.4874847,managed,30.0,30.0,37.041,False,200,
1787722103.520818,managed,30.0,30.0,28.706,False,200,
1787722103.5541513,managed,30.0,30.0,37.132,False,200,
1787722103.5874846,managed,30.0,30.0,35.883,False,200,
1787722103.620818,managed,30.0,30.0,39.213,False,200,
1787722103.6541514,managed,30.0,30.0,31.654,False,200,
1787722103.6874847,managed,30.0,30.0,33.994,False,200,
1787722103.720818,managed,30.0,30.0,34.319,False,200,
1787722103.7541513,managed,30.0,30.0,32.413,False,200,
1787722103.7874846,managed,30.0,30.0,40.019,False,200,
1787722103.820818,managed,30.0,30.0,36.674,False,200,
1787722103.8541512,managed,30.0,30.0,34.212,False,200,
1787722103.8874846,managed,30.0,30.0,37.793,False,200,
1787722103.920818,managed,30.0,30.0,43.97,False,200,
1787722103.9541514,managed,30.0,30.0,31.064,False,200,
1787722103.9874847,managed,30.0,30.0,45.686,False,200,
1787722104.020818,managed,30.0,30.0,30.709,False,200,
1787722104.0541513,managed,30.0,30.0,39.948,False,200,
1787722104.0874846,managed,30.0,30.0,28.87,False,200,
1787722104.120818,managed,30.0,30.0,31.564,False,200,
1787722104.1541514,managed,30.0,30.0,25.731,False,200,
1787722104.1874847,managed,30.0,30.0,29.883,False,200,
1787722104.220818,managed,30.0,30.0,46.425,False,200,
1787722104.2541513,managed,30.0,30.0,24.965,False,200,
1787722104.2874846,managed,30.0,30.0,26.92,False,200,
1787722104.320818,managed,30.0,30.0,34.81,False,200,
1787722104.3541512,managed,30.0,30.0,37.989,False,200,
1787722104.3874846,managed,30.0,30.0,41.033,False,200,
1787722104.420818,managed,30.0,30.0,35.574,False,200,
1787722104.4541514,managed,30.0,30.0,34.057,False,200,
1787722104.4874847,managed,30.0,30.0,36.079,False,200,
1787722104.520818,managed,30.0,30.0,41.039,False,200,
1787722104.5541513,managed,30.0,30.0,37.56,False,200,
1787722104.5874846,managed,30.0,30.0,38.201,False,200,
1787722104.620818,managed,30.0,30.0,36.034,False,200,
1787722104.6541514,managed,30.0,30.0,34.643,False,200,
1787722104.6874847,managed,30.0,30.0,32.269,False,200,
1787722104.720818,managed,30.0,30.0,33.953,False,200,
1787722104.7541513,managed,30.0,30.0,29.422,False,200,
1787722104.7874846,managed,30.0,30.0,33.59,False,200,
1787722104.820818,managed,30.0,30.0,34.736,False,200,
1787722104.8541512,managed,30.0,30.0,47.337,False,200,
1787722104.8874846,managed,30.0,30.0,32.005,False,200,
1787722104.920818,managed,30.0,30.0,48.103,False,200,
1787722104.9541514,managed,30.0,30.0,38.44,False,200,
1787722104.9874847,managed,30.0,30.0,32.716,False,200,
1787722105.020818,managed,30.0,30.0,31.009,False,200,
1787722105.0541513,managed,30.0,30.0,38.736,False,200,
1787722105.0874846,managed,30.0,30.0,42.886,False,200,
1787722105.120818,managed,30.0,30.0,28.973,False,200,
1787722105.1541514,managed,30.0,30.0,38.013,False,200,
1787722105.1874847,managed,30.0,30.0,39.51,False,200,
1787722105.220818,managed,30.0,30.0,39.088,False,200,
1787722105.2541513,managed,30.0,30.0,27.216,False,200,
1787722105.2874846,managed,30.0,30.0,38.715,False,200,
1787722105.320818,managed,30.0,30.0,30.666,False,200,
1787722105.3541512,managed,30.0,30.0,41.46,False,200,
1787722105.3874846,managed,30.0,30.0,39.872,False,200,
1787722105.420818,managed,30.0,30.0,37.716,False,200,
1787722105.4541514,managed,30.0,30.0,35.915,False,200,
1787722105.4874847,managed,30.0,30.0,31.691,False,200,
1787722105.520818,managed,30.0,30.0,36.455,False,200,
1787722105.5541513,managed,30.0,30.0,29.685,False,200,
1787722105.5874846,managed,30.0,30.0,42.93,False,200,
1787722105.620818,managed,30.0,30.0,37.635,False,200,
1787722105.6541514,managed,30.0,30.0,34.498,False,200,
1787722105.6874847,managed,30.0,30.0,42.679,False,200,
1787722105.720818,managed,30.0,30.0,41.711,False,200,
1787722105.7541513,managed,30.0,30.0,33.375,False,200,
1787722105.7874846,managed,30.0,30.0,36.013,False,200,
1787722105.820818,managed,30.0,30.0,32.593,False,200,
1787722105.8541512,managed,30.0,30.0,34.38,False,200,
1787722105.8874846,managed,30.0,30.0,32.477,False,200,
1787722105.920818,managed,30.0,30.0,45.811,False,200,
1787722105.9541514,managed,30.0,30.0,34.349,False,200,
1787722105.9874847,managed,30.0,30.0,26.541,False,200,
1787722106.020818,managed,30.0,30.0,42.356,False,200,
1787722106.0541513,managed,30.0,30.0,31.68,False,200,
1787722106.0874846,managed,30.0,30.0,27.819,False,200,
1787722106.120818,managed,30.0,30.0,38.006,False,200,
1787722106.1541514,managed,30.0,30.0,35.694,False,200,
1787722106.1874847,managed,30.0,30.0,33.783,False,200,
1787722106.220818,managed,30.0,30.0,38.524,False,200,
1787722106.2541513,managed,30.0,30.0,32.492,False,200,
1787722106.2874846,managed,30.0,30.0,35.341,False,200,
1787722106.320818,managed,30.0,30.0,40.635,False,200,
1787722106.3541512,managed,30.0,30.0,31.133,False,200,
1787722106.3874846,managed,30.0,30.0,37.27,False,200,
1787722106.420818,managed,30.0,30.0,33.965,False,200,
1787722106.4541514,managed,30.0,30.0,38.382,False,200,
1787722106.4874847,managed,30.0,30.0,30.318,False,200,
1787722106.520818,managed,30.0,30.0,32.068,False,200,
1787722106.5541513,managed,30.0,30.0,36.898,False,200,
1787722106.5874846,managed,30.0,30.0,34.924,False,200,
1787722106.620818,managed,30.0,30.0,41.044,False,200,
1787722106.6541514,managed,30.0,30.0,33.305,False,200,
1787722106.6874847,managed,30.0,30.0,31.294,False,200,
1787722106.720818,managed,30.0,30.0,39.468,False,200,
1787722106.7541513,managed,30.0,30.0,35.875,False,200,
1787722106.7874846,managed,30.0,30.0,32.886,False,200,
1787722106.820818,managed,30.0,30.0,22.12,False,200,
1787722106.8541512,managed,30.0,30.0,37.399,False,200,
1787722106.8874846,managed,30.0,30.0,30.648,False,200,
1787722106.920818,managed,30.0,30.0,32.27,False,200,
1787722106.9541514,managed,30.0,30.0,31.994,False,200,
1787722106.9874847,managed,30.0,30.0,30.521,False,200,
1787722107.020818,managed,30.0,30.0,33.377,False,200,
1787722107.0541513,managed,30.0,30.0,26.871,False,200,
1787722107.0874846,managed,30.0,30.0,32.225,False,200,
1787722107.120818,managed,30.0,30.0,30.921,False,200,
1787722107.1541514,managed,30.0,30.0,33.927,False,200,
1787722107.1874847,managed,30.0,30.0,39.059,False,200,
1787722107.220818,managed,30.0,30.0,33.84,False,200,
1787722107.2541513,managed,30.0,30.0,33.899,False,200,
1787722107.2874846,managed,30.0,30.0,34.524,False,200,
1787722107.320818,managed,30.0,30.0,33.237,False,200,
1787722107.3541512,managed,30.0,30.0,26.602,False,200,
1787722107.3874846,managed,30.0,30.0,42.12,False,200,
1787722107.420818,managed,30.0,30.0,29.772,False,200,
1787722107.4541514,managed,30.0,30.0,27.458,False,200,
1787722107.4874847,managed,30.0,30.0,33.491,False,200,
1787722107.520818,managed,30.0,30.0,45.263,False,200,
1787722107.5541513,managed,30.0,30.0,43.95,False,200,
1787722107.5874846,managed,30.0,30.0,31.675,False,200,
1787722107.620818,managed,30.0,30.0,34.164,False,200,
1787722107.6541514,managed,30.0,30.0,27.874,False,200,
1787722107.6874847,managed,30.0,30.0,30.006,False,200,
1787722107.720818,managed,30.0,30.0,31.736,False,200,
1787722107.7541513,managed,30.0,30.0,37.659,False,200,
1787722107.7874846,managed,30.0,30.0,34.137,False,200,
1787722107.820818,managed,30.0,30.0,36.415,False,200,
1787722107.8541512,managed,30.0,30.0,45.181,False,200,
1787722107.8874846,managed,30.0,30.0,34.048,False,200,
1787722107.920818,managed,30.0,30.0,38.613,False,200,
1787722107.9541514,managed,30.0,30.0,39.987,False,200,
1787722107.9874847,managed,30.0,30.0,34.359,False,200,
1787722108.020818,managed,30.0,30.0,37.369,False,200,
1787722108.0541513,managed,30.0,30.0,40.017,False,200,
1787722108.0874846,managed,30.0,30.0,30.237,False,200,
1787722108.120818,managed,30.0,30.0,37.525,False,200,
1787722108.1541514,managed,30.0,30.0,31.893,False,200,
1787722108.1874847,managed,30.0,30.0,35.803,False,200,
1787722108.220818,managed,30.0,30.0,42.714,False,200,
1787722108.2541513,managed,30.0,30.0,27.44,False,200,
1787722108.2874846,managed,30.0,30.0,37.257,False,200,
1787722108.320818,managed,30.0,30.0,40.097,False,200,
1787722108.3541512,managed,30.0,30.0,46.981,False,200,
1787722108.3874846,managed,30.0,30.0,36.472,False,200,
1787722108.420818,managed,30.0,30.0,35.189,False,200,
1787722108.4541514,managed,30.0,30.0,32.371,False,200,
1787722108.4874847,managed,30.0,30.0,33.512,False,200,
1787722108.520818,managed,30.0,30.0,32.43,False,200,
1787722108.5541513,managed,30.0,30.0,35.74,False,200,
1787722108.5874846,managed,30.0,30.0,36.512,False,200,
1787722108.620818,managed,30.0,30.0,46.312,False,200,
1787722108.6541514,managed,30.0,30.0,38.524,False,200,
1787722108.6874847,managed,30.0,30.0,37.23,False,200,
1787722108.720818,managed,30.0,30.0,36.041,False,200,
1787722108.7541513,managed,30.0,30.0,34.586,False,200,
1787722108.7874846,managed,30.0,30.0,36.564,False,200,
1787722108.820818,managed,30.0,30.0,39.361,False,200,
1787722108.8541512,managed,30.0,30.0,41.142,False,200,
1787722108.8874846,managed,30.0,30.0,36.95,False,200,
1787722108.920818,managed,30.0,30.0,35.612,False,200,
1787722108.9541514,managed,30.0,30.0,34.317,False,200,
1787722108.9874847,managed,30.0,30.0,36.192,False,200,
1787722109.020818,managed,30.0,30.0,32.18,False,200,
1787722109.0541513,managed,30.0,30.0,46.287,False,200,
1787722109.0874846,managed,30.0,30.0,31.669,False,200,
1787722109.120818,managed,30.0,30.0,44.666,False,200,
1787722109.1541514,managed,30.0,30.0,29.25,False,200,
1787722109.1874847,managed,30.0,30.0,35.602,False,200,
1787722109.220818,managed,30.0,30.0,29.387,False,200,
1787722109.2541513,managed,30.0,30.0,34.027,False,200,
1787722109.2874846,managed,30.0,30.0,34.902,False,200,
1787722109.320818,managed,30.0,30.0,30.066,False,200,
1787722109.3541512,managed,30.0,30.0,35.174,False,200,
1787722109.3874846,managed,30.0,30.0,41.413,False,200,
1787722109.420818,managed,30.0,30.0,48.827,False,200,
1787722109.4541514,managed,30.0,30.0,35.537,False,200,
1787722109.4874847,managed,30.0,30.0,31.273,False,200,
1787722109.520818,managed,30.0,30.0,33.947,False,200,
1787722109.5541513,managed,30.0,30.0,33.004,False,200,
1787722109.5874846,managed,30.0,30.0,29.567,False,200,
1787722109.620818,managed,30.0,30.0,37.718,False,200,
1787722109.6541514,managed,30.0,30.0,31.463,False,200,
1787722109.6874847,managed,30.0,30.0,33.087,False,200,
1787722109.720818,managed,30.0,30.0,28.697,False,200,
1787722109.7541513,managed,30.0,30.0,34.835,False,200,
1787722109.7874846,managed,30.0,30.0,53.623,False,200,
1787722109.820818,managed,30.0,30.0,34.069,False,200,
1787722109.8541512,managed,30.0,30.0,34.258,False,200,
1787722109.8874846,managed,30.0,30.0,37.542,False,200,
1787722109.920818,managed,30.0,30.0,30.299,False,200,
1787722109.9541514,managed,30.0,30.0,41.631,False,200,
1787722109.9874847,managed,30.0,30.0,36.777,False,200,
1787722110.020818,managed,30.0,30.0,33.268,False,200,
1787722110.0541513,managed,30.0,30.0,49.951,False,200,
1787722110.0874846,managed,30.0,30.0,46.539,False,200,
1787722110.120818,managed,30.0,30.0,36.25,False,200,
1787722110.1541514,managed,30.0,30.0,35.163,False,200,
1787722110.1874847,managed,30.0,30.0,27.404,False,200,
1787722110.220818,managed,30.0,30.0,39.616,False,200,
1787722110.2541513,managed,30.0,30.0,40.998,False,200,
1787722110.2874846,managed,30.0,30.0,28.252,False,200,
1787722110.320818,managed,30.0,30.0,32.408,False,200,
1787722110.3541512,managed,30.0,30.0,32.572,False,200,
1787722110.3874846,managed,30.0,30.0,28.315,False,200,
1787722110.420818,managed,30.0,30.0,31.166,False,200,
1787722110.4541514,managed,30.0,30.0,40.122,False,200,
1787722110.4874847,managed,30.0,30.0,22.816,False,200,
1787722110.520818,managed,30.0,30.0,32.588,False,200,
1787722110.5541513,managed,30.0,30.0,36.633,False,200,
1787722110.5874846,managed,30.0,30.0,36.629,False,200,
1787722110.620818,managed,30.0,30.0,43.129,False,200,
1787722110.6541514,managed,30.0,30.0,44.175,False,200,
1787722110.6874847,managed,30.0,30.0,38.472,False,200,
1787722110.720818,managed,30.0,30.0,44.01,False,200,
1787722110.7541513,managed,30.0,30.0,34.478,False,200,
1787722110.7874846,managed,30.0,30.0,34.518,False,200,
1787722110.820818,managed,30.0,30.0,38.826,False,200,
1787722110.8541512,managed,30.0,30.0,35.283,False,200,
1787722110.8874846,managed,30.0,30.0,38.736,False,200,
1787722110.920818,managed,30.0,30.0,35.063,False,200,
1787722110.9541514,managed,30.0,30.0,44.737,False,200,
1787722110.9874847,managed,30.0,30.0,34.831,False,200,
1787722111.020818,managed,30.0,30.0,26.03,False,200,
1787722111.0541513,managed,30.0,30.0,41.928,False,200,
1787722111.0874846,managed,30.0,30.0,32.818,False,200,
1787722111.120818,managed,30.0,30.0,30.314,False,200,
1787722111.1541514,managed,30.0,30.0,40.314,False,200,
1787722111.1874847,managed,30.0,30.0,33.763,False,200,
1787722111.220818,managed,30.0,30.0,32.934,False,200,
1787722111.2541513,managed,30.0,30.0,35.746,False,200,
1787722111.2874846,managed,30.0,30.0,31.499,False,200,
1787722111.320818,managed,30.0,30.0,36.933,False,200,
1787722111.3541512,managed,30.0,30.0,46.037,False,200,
1787722111.3874846,managed,30.0,30.0,30.334,False,200,
1787722111.420818,managed,30.0,30.0,37.125,False,200,
1787722111.4541514,managed,30.0,30.0,37.263,False,200,
1787722111.4874847,managed,30.0,30.0,36.944,False,200,
1787722111.520818,managed,30.0,30.0,47.904,False,200,
1787722111.5541513,managed,30.0,30.0,32.379,False,200,
1787722111.5874846,managed,30.0,30.0,31.147,False,200,
1787722111.620818,managed,30.0,30.0,37.341,False,200,
1787722111.6541514,managed,30.0,30.0,31.348,False,200,
1787722111.6874847,managed,30.0,30.0,33.883,False,200,
1787722111.720818,managed,30.0,30.0,40.562,False,200,
1787722111.7541513,managed,30.0,30.0,35.271,False,200,
1787722111.7874846,managed,30.0,30.0,26.316,False,200,
1787722111.820818,managed,30.0,30.0,26.894,False,200,
1787722111.8541512,managed,30.0,30.0,38.84,False,200,
1787722111.8874846,managed,30.0,30.0,38.365,False,200,
1787722111.920818,managed,30.0,30.0,33.377,False,200,
1787722111.9541514,managed,30.0,30.0,33.165,False,200,
1787722111.9874847,managed,30.0,30.0,35.478,False,200,
1787722112.020818,managed,30.0,30.0,30.233,False,200,
1787722112.0541513,managed,30.0,30.0,41.631,False,200,
1787722112.0874846,managed,30.0,30.0,46.066,False,200,
1787722112.120818,managed,30.0,30.0,30.88,False,200,
1787722112.1541514,managed,30.0,30.0,36.2,False,200,
1787722112.1874847,managed,30.0,30.0,38.941,False,200,
1787722112.220818,managed,30.0,30.0,36.311,False,200,
1787722112.2541513,managed,30.0,30.0,40.637,False,200,
1787722112.2874846,managed,30.0,30.0,42.557,False,200,
1787722112.320818,managed,30.0,30.0,43.465,False,200,
1787722112.3541512,managed,30.0,30.0,32.939,False,200,
1787722112.3874846,managed,30.0,30.0,29.296,False,200,
1787722112.420818,managed,30.0,30.0,41.456,False,200,
1787722112.4541514,managed,30.0,30.0,28.556,False,200,
1787722112.4874847,managed,30.0,30.0,31.232,False,200,
1787722112.520818,managed,30.0,30.0,41.351,False,200,
1787722112.5541513,managed,30.0,30.0,39.134,False,200,
1787722112.5874846,managed,30.0,30.0,35.795,False,200,
1787722112.620818,managed,30.0,30.0,35.481,False,200,
1787722112.6541514,managed,30.0,30.0,31.419,False,200,
1787722112.6874847,managed,30.0,30.0,37.735,False,200,
1787722112.720818,managed,30.0,30.0,27.612,False,200,
1787722112.7541513,managed,30.0,30.0,34.583,False,200,
1787722112.7874846,managed,30.0,30.0,34.698,False,200,
1787722112.820818,managed,30.0,30.0,35.286,False,200,
1787722112.8541512,managed,30.0,30.0,35.502,False,200,
1787722112.8874846,managed,30.0,30.0,35.291,False,200,
1787722112.920818,managed,30.0,30.0,37.249,False,200,
1787722112.9541514,managed,30.0,30.0,43.507,False,200,
1787722112.9874847,managed,30.0,30.0,31.858,False,200,
1787722113.020818,managed,30.0,30.0,35.976,False,200,
1787722113.0541513,managed,30.0,30.0,34.682,False,200,
1787722113.0874846,managed,30.0,30.0,40.992,False,200,
1787722113.120818,managed,30.0,30.0,35.986,False,200,
1787722113.1541514,managed,30.0,30.0,34.024,False,200,
1787722113.1874847,managed,30.0,30.0,35.996,False,200,
1787722113.220818,managed,30.0,30.0,31.659,False,200,
1787722113.2541513,managed,30.0,30.0,31.896,False,200,
1787722113.2874846,managed,30.0,30.0,39.484,False,200,
1787722113.320818,managed,30.0,30.0,26.232,False,200,
1787722113.3541512,managed,30.0,30.0,31.305,False,200,
1787722113.3874846,managed,30.0,30.0,31.819,False,200,
1787722113.420818,managed,30.0,30.0,32.192,False,200,
1787722113.4541514,managed,30.0,30.0,33.748,False,200,
1787722113.4874847,managed,30.0,30.0,36.277,False,200,
1787722113.520818,managed,30.0,30.0,25.094,False,200,
1787722113.5541513,managed,30.0,30.0,35.999,False,200,
1787722113.5874846,managed,30.0,30.0,29.005,False,200,
1787722113.620818,managed,30.0,30.0,29.84,False,200,
1787722113.6541514,managed,30.0,30.0,29.268,False,200,
1787722113.6874847,managed,30.0,30.0,42.093,False,200,
1787722113.720818,managed,30.0,30.0,38.087,False,200,
1787722113.7541513,managed,30.0,30.0,36.824,False,200,
1787722113.7874846,managed,30.0,30.0,29.357,False,200,
1787722113.820818,managed,30.0,30.0,35.35,False,200,
1787722113.8541512,managed,30.0,30.0,29.359,False,200,
1787722113.8874846,managed,30.0,30.0,35.875,False,200,
1787722113.920818,managed,30.0,30.0,29.693,False,200,
1787722113.9541514,managed,30.0,30.0,40.701,False,200,
1787722113.9874847,managed,30.0,30.0,36.473,False,200,
1787722114.020818,managed,30.0,30.0,28.885,False,200,
1787722114.0541513,managed,30.0,30.0,46.47,False,200,
1787722114.0874846,managed,30.0,30.0,39.659,False,200,
1787722114.120818,managed,30.0,30.0,40.998,False,200,
1787722114.1541514,managed,30.0,30.0,33.851,False,200,
1787722114.1874847,managed,30.0,30.0,35.041,False,200,
1787722114.220818,managed,30.0,30.0,40.298,False,200,
1787722114.2541513,managed,30.0,30.0,34.617,False,200,
1787722114.2874846,managed,30.0,30.0,37.503,False,200,
1787722114.320818,managed,30.0,30.0,40.388,False,200,
1787722114.3541512,managed,30.0,30.0,44.149,False,200,
1787722114.3874846,managed,30.0,30.0,42.503,False,200,
1787722114.420818,managed,30.0,30.0,29.973,False,200,
1787722114.4541514,managed,30.0,30.0,32.22,False,200,
1787722114.4874847,managed,30.0,30.0,40.149,False,200,
1787722114.520818,managed,30.0,30.0,38.442,False,200,
1787722114.5541513,managed,30.0,30.0,48.124,False,200,
1787722114.5874846,managed,30.0,30.0,35.34,False,200,
1787722114.620818,managed,30.0,30.0,32.396,False,200,
1787722114.6541514,managed,30.0,30.0,34.012,False,200,
1787722114.6874847,managed,30.0,30.0,37.474,False,200,
1787722114.720818,managed,30.0,30.0,30.777,False,200,
1787722114.7541513,managed,30.0,30.0,34.891,False,200,
1787722114.7874846,managed,30.0,30.0,31.389,False,200,
1787722114.820818,managed,30.0,30.0,31.87,False,200,
1787722114.8541512,managed,30.0,30.0,37.505,False,200,
1787722114.8874846,managed,30.0,30.0,34.14,False,200,
1787722114.920818,managed,30.0,30.0,36.682,False,200,
1787722114.9541514,managed,30.0,30.0,28.338,False,200,
1787722114.9874847,managed,30.0,30.0,34.246,False,200,
1787722115.020818,managed,30.0,30.0,31.337,False,200,
1787722115.0541513,managed,30.0,30.0,30.788,False,200,
1787722115.0874846,managed,30.0,30.0,34.207,False,200,
1787722115.120818,managed,30.0,30.0,33.932,False,200,
1787722115.1541514,managed,30.0,30.0,32.319,False,200,
1787722115.1874847,managed,30.0,30.0,27.575,False,200,
1787722115.220818,managed,30.0,30.0,28.398,False,200,
1787722115.2541513,managed,30.0,30.0,27.801,False,200,
1787722115.2874846,managed,30.0,30.0,39.642,False,200,
1787722115.320818,managed,30.0,30.0,31.891,False,200,
1787722115.3541512,managed,30.0,30.0,34.653,False,200,
1787722115.3874846,managed,30.0,30.0,29.72,False,200,
1787722115.420818,managed,30.0,30.0,30.906,False,200,
1787722115.4541514,managed,30.0,30.0,45.26,False,200,
1787722115.4874847,managed,30.0,30.0,27.466,False,200,
1787722115.520818,managed,30.0,30.0,37.41,False,200,
1787722115.5541513,managed,30.0,30.0,35.775,False,200,
1787722115.5874846,managed,30.0,30.0,41.308,False,200,
1787722115.620818,managed,30.0,30.0,28.45,False,200,
1787722115.6541514,managed,30.0,30.0,33.545,False,200,
1787722115.6874847,managed,30.0,30.0,37.981,False,200,
1787722115.720818,managed,30.0,30.0,33.204,False,200,
1787722115.7541513,managed,30.0,30.0,34.219,False,200,
1787722115.7874846,managed,30.0,30.0,40.087,False,200,
1787722115.820818,managed,30.0,30.0,31.716,False,200,
1787722115.8541512,managed,30.0,30.0,31.868,False,200,
1787722115.8874846,managed,30.0,30.0,30.511,False,200,
1787722115.920818,managed,30.0,30.0,35.1,False,200,
1787722115.9541514,managed,30.0,30.0,27.784,False,200,
1787722115.9874847,managed,30.0,30.0,46.632,False,200,
1787722116.020818,managed,30.0,30.0,32.311,False,200,
1787722116.0541513,managed,30.0,30.0,42.851,False,200,
1787722116.0874846,managed,30.0,30.0,35.122,False,200,
1787722116.120818,managed,30.0,30.0,34.807,False,200,
1787722116.1541514,managed,30.0,30.0,38.9,False,200,
1787722116.1874847,managed,30.0,30.0,33.566,False,200,
1787722116.220818,managed,30.0,30.0,36.041,False,200,
1787722116.2541513,managed,30.0,30.0,37.925,False,200,
1787722116.2874846,managed,30.0,30.0,35.514,False,200,
1787722116.320818,managed,30.0,30.0,36.563,False,200,
1787722116.3541512,managed,30.0,30.0,29.767,False,200,
1787722116.3874846,managed,30.0,30.0,40.923,False,200,
1787722116.420818,managed,30.0,30.0,37.807,False,200,
1787722116.4541514,managed,30.0,30.0,45.596,False,200,
1787722116.4874847,managed,30.0,30.0,37.985,False,200,
1787722116.520818,managed,30.0,30.0,31.237,False,200,
1787722116.5541513,managed,30.0,30.0,39.912,False,200,
1787722116.5874846,managed,30.0,30.0,32.803,False,200,
1787722116.620818,managed,30.0,30.0,33.656,False,200,
1787722116.6541514,managed,30.0,30.0,36.301,False,200,
1787722116.6874847,managed,30.0,30.0,37.347,False,200,
1787722116.720818,managed,30.0,30.0,34.397,False,200,
1787722116.7541513,managed,30.0,30.0,29.748,False,200,
1787722116.7874846,managed,30.0,30.0,33.743,False,200,
1787722116.820818,managed,30.0,30.0,36.152,False,200,
1787722116.8541512,managed,30.0,30.0,38.231,False,200,
1787722116.8874846,managed,30.0,30.0,31.069,False,200,
1787722116.920818,managed,30.0,30.0,40.45,False,200,
1787722116.9541514,managed,30.0,30.0,40.428,False,200,
1787722116.9874847,managed,30.0,30.0,30.526,False,200,
1787722117.020818,managed,30.0,30.0,29.431,False,200,
1787722117.0541513,managed,30.0,30.0,37.745,False,200,
1787722117.0874846,managed,30.0,30.0,44.003,False,200,
1787722117.120818,managed,30.0,30.0,28.119,False,200,
1787722117.1541514,managed,30.0,30.0,34.202,False,200,
1787722117.1874847,managed,30.0,30.0,38.712,False,200,
1787722117.220818,managed,30.0,30.0,34.77,False,200,
1787722117.2541513,managed,30.0,30.0,31.353,False,200,
1787722117.2874846,managed,30.0,30.0,34.186,False,200,
1787722117.320818,managed,30.0,30.0,30.976,False,200,
1787722117.3541512,managed,30.0,30.0,33.712,False,200,
1787722117.3874846,managed,30.0,30.0,30.15,False,200,
1787722117.420818,managed,30.0,30.0,40.911,False,200,
1787722117.4541514,managed,30.0,30.0,30.924,False,200,
1787722117.4874847,managed,30.0,30.0,27.43,False,200,
1787722117.520818,managed,30.0,30.0,34.877,False,200,
1787722117.5541513,managed,30.0,30.0,42.629,False,200,
1787722117.5874846,managed,30.0,30.0,32.595,False,200,
1787722117.620818,managed,30.0,30.0,40.346,False,200,
1787722117.6541514,managed,30.0,30.0,23.46,False,200,
1787722117.6874847,managed,30.0,30.0,31.644,False,200,
1787722117.720818,managed,30.0,30.0,32.004,False,200,
1787722117.7541513,managed,30.0,30.0,42.39,False,200,
1787722117.7874846,managed,30.0,30.0,32.741,False,200,
1787722117.820818,managed,30.0,30.0,37.304,False,200,
1787722117.8541512,managed,30.0,30.0,22.839,False,200,
1787722117.8874846,managed,30.0,30.0,39.954,False,200,
1787722117.920818,managed,30.0,30.0,39.254,False,200,
1787722117.9541514,managed,30.0,30.0,38.586,False,200,
1787722117.9874847,managed,30.0,30.0,31.669,False,200,
1787722118.020818,managed,30.0,30.0,33.759,False,200,
1787722118.0541513,managed,30.0,30.0,37.598,False,200,
1787722118.0874846,managed,30.0,30.0,35.04,False,200,
1787722118.120818,managed,30.0,30.0,29.123,False,200,
1787722118.1541514,managed,30.0,30.0,30.725,False,200,
1787722118.1874847,managed,30.0,30.0,34.507,False,200,
1787722118.220818,managed,30.0,30.0,29.782,False,200,
1787722118.2541513,managed,30.0,30.0,43.124,False,200,
1787722118.2874846,managed,30.0,30.0,32.659,False,200,
1787722118.320818,managed,30.0,30.0,44.523,False,200,
1787722118.3541512,managed,30.0,30.0,39.972,False,200,
1787722118.3874846,managed,30.0,30.0,31.655,False,200,
1787722118.420818,managed,30.0,30.0,35.725,False,200,
1787722118.4541514,managed,30.0,30.0,30.532,False,200,
1787722118.4874847,managed,30.0,30.0,46.91,False,200,
1787722118.520818,managed,30.0,30.0,33.953,False,200,
1787722118.5541513,managed,30.0,30.0,35.721,False,200,
1787722118.5874846,managed,30.0,30.0,35.022,False,200,
1787722118.620818,managed,30.0,30.0,43.34,False,200,
1787722118.6541514,managed,30.0,30.0,42.157,False,200,
1787722118.6874847,managed,30.0,30.0,36.377,False,200,
1787722118.720818,managed,30.0,30.0,48.188,False,200,
1787722118.7541513,managed,30.0,30.0,33.022,False,200,
1787722118.7874846,managed,30.0,30.0,30.027,False,200,
1787722118.820818,managed,30.0,30.0,38.939,False,200,
1787722118.8541512,managed,30.0,30.0,38.08,False,200,
1787722118.8874846,managed,30.0,30.0,30.658,False,200,
1787722118.920818,managed,30.0,30.0,37.273,False,200,
1787722118.9541514,managed,30.0,30.0,31.898,False,200,
1787722118.9874847,managed,30.0,30.0,42.266,False,200,
1787722119.020818,managed,30.0,30.0,31.987,False,200,
1787722119.0541513,managed,30.0,30.0,33.767,False,200,
1787722119.0874846,managed,30.0,30.0,38.355,False,200,
1787722119.120818,managed,30.0,30.0,48.216,False,200,
1787722119.1541514,managed,30.0,30.0,37.241,False,200,
1787722119.1874847,managed,30.0,30.0,33.825,False,200,
1787722119.220818,managed,30.0,30.0,48.519,False,200,
1787722119.2541513,managed,30.0,30.0,43.806,False,200,
1787722119.2874846,managed,30.0,30.0,37.649,False,200,
1787722119.320818,managed,30.0,30.0,43.441,False,200,
1787722119.3541512,managed,30.0,30.0,29.737,False,200,
1787722119.3874846,managed,30.0,30.0,33.216,False,200,
1787722119.420818,managed,30.0,30.0,42.06,False,200,
1787722119.4541514,managed,30.0,30.0,38.356,False,200,
1787722119.4874847,managed,30.0,30.0,28.218,False,200,
1787722119.520818,managed,30.0,30.0,25.133,False,200,
1787722119.5541513,managed,30.0,30.0,45.293,False,200,
1787722119.5874846,managed,30.0,30.0,35.61,False,200,
1787722119.620818,managed,30.0,30.0,37.593,False,200,
1787722119.6541514,managed,30.0,30.0,24.805,False,200,
1787722119.6874847,managed,30.0,30.0,38.196,False,200,
1787722119.720818,managed,30.0,30.0,40.314,False,200,
1787722119.7541513,managed,30.0,30.0,38.286,False,200,
1787722119.7874846,managed,30.0,30.0,37.041,False,200,
1787722119.820818,managed,30.0,30.0,29.602,False,200,
1787722119.8541512,managed,30.0,30.0,30.952,False,200,
1787722119.8874846,managed,30.0,30.0,40.797,False,200,
1787722119.920818,managed,30.0,30.0,29.149,False,200,
1787722119.9541514,managed,30.0,30.0,26.482,False,200,
1787722119.9874847,managed,30.0,30.0,28.392,False,200,
1787722120.020818,managed,30.0,30.0,33.254,False,200,
1787722120.0541513,managed,30.0,30.0,37.3,False,200,
1787722120.0874846,managed,30.0,30.0,40.353,False,200,
1787722120.120818,managed,30.0,30.0,38.66,False,200,
1787722120.1541514,managed,30.0,30.0,38.595,False,200,
1787722120.1874847,managed,30.0,30.0,41.85,False,200,
1787722120.220818,managed,30.0,30.0,25.598,False,200,
1787722120.2541513,managed,30.0,30.0,37.961,False,200,
1787722120.2874846,managed,30.0,30.0,34.101,False,200,
1787722120.320818,managed,30.0,30.0,42.488,False,200,
1787722120.3541512,managed,30.0,30.0,33.607,False,200,
1787722120.3874846,managed,30.0,30.0,33.292,False,200,
1787722120.420818,managed,30.0,30.0,34.828,False,200,
1787722120.4541514,managed,30.0,30.0,34.994,False,200,
1787722120.4874847,managed,30.0,30.0,30.047,False,200,
1787722120.520818,managed,30.0,30.0,32.279,False,200,
1787722120.5541513,managed,30.0,30.0,36.656,False,200,
1787722120.5874846,managed,30.0,30.0,36.246,False,200,
1787722120.620818,managed,30.0,30.0,29.294,False,200,
1787722120.6541514,managed,30.0,30.0,46.2,False,200,
1787722120.6874847,managed,30.0,30.0,35.364,False,200,
1787722120.720818,managed,30.0,30.0,41.179,False,200,
1787722120.7541513,managed,30.0,30.0,25.528,False,200,
1787722120.7874846,managed,30.0,30.0,26.654,False,200,
1787722120.820818,managed,30.0,30.0,39.916,False,200,
1787722120.8541512,managed,30.0,30.0,37.393,False,200,
1787722120.8874846,managed,30.0,30.0,38.368,False,200,
1787722120.920818,managed,30.0,30.0,29.834,False,200,
1787722120.9541514,managed,30.0,30.0,43.227,False,200,
1787722120.9874847,managed,30.0,30.0,40.601,False,200,
1787722121.020818,managed,30.0,30.0,35.678,False,200,
1787722121.0541513,managed,30.0,30.0,30.159,False,200,
1787722121.0874846,managed,30.0,30.0,33.174,False,200,
1787722121.120818,managed,30.0,30.0,34.154,False,200,
1787722121.1541514,managed,30.0,30.0,34.066,False,200,
1787722121.1874847,managed,30.0,30.0,35.141,False,200,
1787722121.220818,managed,30.0,30.0,31.291,False,200,
1787722121.2541513,managed,30.0,30.0,34.107,False,200,
1787722121.2874846,managed,30.0,30.0,34.52,False,200,
1787722121.320818,managed,30.0,30.0,37.878,False,200,
1787722121.3541512,managed,30.0,30.0,30.943,False,200,
1787722121.3874846,managed,30.0,30.0,24.934,False,200,
1787722121.420818,managed,30.0,30.0,29.812,False,200,
1787722121.4541514,managed,30.0,30.0,31.531,False,200,
1787722121.4874847,managed,30.0,30.0,43.268,False,200,
1787722121.520818,managed,30.0,30.0,26.209,False,200,
1787722121.5541513,managed,30.0,30.0,31.519,False,200,
1787722121.5874846,managed,30.0,30.0,44.564,False,200,
1787722121.620818,managed,30.0,30.0,35.353,False,200,
1787722121.6541514,managed,30.0,30.0,40.543,False,200,
1787722121.6874847,managed,30.0,30.0,31.668,False,200,
1787722121.720818,managed,30.0,30.0,35.405,False,200,
1787722121.7541513,managed,30.0,30.0,35.834,False,200,
1787722121.7874846,managed,30.0,30.0,28.845,False,200,
1787722121.820818,managed,30.0,30.0,30.084,False,200,
1787722121.8541512,managed,30.0,30.0,39.374,False,200,
1787722121.8874846,managed,30.0,30.0,39.991,False,200,
1787722121.920818,managed,30.0,30.0,34.745,False,200,
1787722121.9541514,managed,30.0,30.0,33.901,False,200,
1787722121.9874847,managed,30.0,30.0,38.551,False,200,
1787722122.020818,managed,30.0,30.0,29.894,False,200,
1787722122.0541513,managed,30.0,30.0,35.016,False,200,
1787722122.0874846,managed,30.0,30.0,36.553,False,200,
1787722122.120818,managed,30.0,30.0,43.265,False,200,
1787722122.1541514,managed,30.0,30.0,34.513,False,200,
1787722122.1874847,managed,30.0,30.0,35.267,False,200,
1787722122.220818,managed,30.0,30.0,34.505,False,200,
1787722122.2541513,managed,30.0,30.0,42.683,False,200,
1787722122.2874846,managed,30.0,30.0,40.673,False,200,
1787722122.320818,managed,30.0,30.0,38.126,False,200,
1787722122.3541512,managed,30.0,30.0,29.733,False,200,
1787722122.3874846,managed,30.0,30.0,36.5,False,200,
1787722122.420818,managed,30.0,30.0,37.894,False,200,
1787722122.4541514,managed,30.0,30.0,40.504,False,200,
1787722122.4874847,managed,30.0,30.0,36.295,False,200,
1787722122.520818,managed,30.0,30.0,30.307,False,200,
1787722122.5541513,managed,30.0,30.0,28.069,False,200,
1787722122.5874846,managed,30.0,30.0,38.838,False,200,
1787722122.620818,managed,30.0,30.0,39.291,False,200,
1787722122.6541514,managed,30.0,30.0,48.608,False,200,
1787722122.6874847,managed,30.0,30.0,42.601,False,200,
1787722122.720818,managed,30.0,30.0,35.044,False,200,
1787722122.7541513,managed,30.0,30.0,32.96,False,200,
1787722122.7874846,managed,30.0,30.0,35.343,False,200,
1787722122.820818,managed,30.0,30.0,38.155,False,200,
1787722122.8541512,managed,30.0,30.0,40.713,False,200,
1787722122.8874846,managed,30.0,30.0,47.937,False,200,
1787722122.920818,managed,30.0,30.0,38.307,False,200,
1787722122.9541514,managed,30.0,30.0,37.941,False,200,
1787722122.9874847,managed,30.0,30.0,34.782,False,200,
1787722123.020818,managed,30.0,30.0,39.194,False,200,
1787722123.0541513,managed,30.0,30.0,37.194,False,200,
1787722123.0874846,managed,30.0,30.0,33.645,False,200,
1787722123.120818,managed,30.0,30.0,33.767,False,200,
1787722123.1541514,managed,30.0,30.0,41.416,False,200,
1787722123.1874847,managed,30.0,30.0,31.334,False,200,
1787722123.220818,managed,30.0,30.0,38.741,False,200,
1787722123.2541513,managed,30.0,30.0,42.172,False,200,
1787722123.2874846,managed,30.0,30.0,38.58,False,200,
1787722123.320818,managed,30.0,30.0,37.153,False,200,
1787722123.3541512,managed,30.0,30.0,35.154,False,200,
1787722123.3874846,managed,30.0,30.0,37.087,False,200,
1787722123.420818,managed,30.0,30.0,29.2,False,200,
1787722123.4541514,managed,30.0,30.0,28.363,False,200,
1787722123.4874847,managed,30.0,30.0,32.558,False,200,
1787722123.520818,managed,30.0,30.0,37.545,False,200,
1787722123.5541513,managed,30.0,30.0,30.581,False,200,
1787722123.5874846,managed,30.0,30.0,36.754,False,200,
1787722123.620818,managed,30.0,30.0,33.303,False,200,
1787722123.6541514,managed,30.0,30.0,23.795,False,200,
1787722123.6874847,managed,30.0,30.0,34.16,False,200,
1787722123.720818,managed,30.0,30.0,25.379,False,200,
1787722123.7541513,managed,30.0,30.0,40.224,False,200,
1787722123.7874846,managed,30.0,30.0,36.757,False,200,
1787722123.820818,managed,30.0,30.0,33.875,False,200,
1787722123.8541512,managed,30.0,30.0,37.753,False,200,
1787722123.8874846,managed,30.0,30.0,35.57,False,200,
1787722123.920818,managed,30.0,30.0,41.957,False,200,
1787722123.9541514,managed,30.0,30.0,46.823,False,200,
1787722123.9874847,managed,30.0,30.0,35.506,False,200,
1787722124.020818,managed,30.0,30.0,48.385,False,200,
1787722124.0541513,managed,30.0,30.0,43.699,False,200,
1787722124.0874846,managed,30.0,30.0,32.067,False,200,
1787722124.120818,managed,30.0,30.0,37.758,False,200,
1787722124.1541514,managed,30.0,30.0,32.744,False,200,
1787722124.1874847,managed,30.0,30.0,37.115,False,200,
1787722124.220818,managed,30.0,30.0,30.233,False,200,
1787722124.2541513,managed,30.0,30.0,30.351,False,200,
1787722124.2874846,managed,30.0,30.0,37.129,False,200,
1787722124.320818,managed,30.0,30.0,33.404,False,200,
1787722124.3541512,managed,30.0,30.0,32.258,False,200,
1787722124.3874846,managed,30.0,30.0,36.479,False,200,
1787722124.420818,managed,30.0,30.0,29.139,False,200,
1787722124.4541514,managed,30.0,30.0,36.509,False,200,
1787722124.4874847,managed,30.0,30.0,31.566,False,200,
1787722124.520818,managed,30.0,30.0,33.002,False,200,
1787722124.5541513,managed,30.0,30.0,38.872,False,200,
1787722124.5874846,managed,30.0,30.0,33.625,False,200,
1787722124.620818,managed,30.0,30.0,37.082,False,200,
1787722124.6541514,managed,30.0,30.0,42.411,False,200,
1787722124.6874847,managed,30.0,30.0,35.402,False,200,
1787722124.720818,managed,30.0,30.0,33.66,False,200,
1787722124.7541513,managed,30.0,30.0,31.429,False,200,
1787722124.7874846,managed,30.0,30.0,39.798,False,200,
1787722124.820818,managed,30.0,30.0,30.578,False,200,
1787722124.8541512,managed,30.0,30.0,36.096,False,200,
1787722124.8874846,managed,30.0,30.0,32.578,False,200,
1787722124.920818,managed,30.0,30.0,40.537,False,200,
1787722124.9541514,managed,30.0,30.0,38.956,False,200,
1787722124.9874847,managed,30.0,30.0,27.983,False,200,
1787722125.020818,managed,30.0,30.0,32.297,False,200,
1787722125.0541513,managed,30.0,30.0,36.572,False,200,
1787722125.0874846,managed,30.0,30.0,40.993,False,200,
1787722125.120818,managed,30.0,30.0,32.908,False,200,
1787722125.1541514,managed,30.0,30.0,36.049,False,200,
1787722125.1874847,managed,30.0,30.0,36.239,False,200,
1787722125.220818,managed,30.0,30.0,38.837,False,200,
1787722125.2541513,managed,30.0,30.0,32.323,False,200,
1787722125.2874846,managed,30.0,30.0,33.756,False,200,
1787722125.320818,managed,30.0,30.0,34.609,False,200,
1787722125.3541512,managed,30.0,30.0,38.859,False,200,
1787722125.3874846,managed,30.0,30.0,38.184,False,200,
1787722125.420818,managed,30.0,30.0,33.949,False,200,
1787722125.4541514,managed,30.0,30.0,37.192,False,200,
1787722125.4874847,managed,30.0,30.0,36.778,False,200,
1787722125.520818,managed,30.0,30.0,30.755,False,200,
1787722125.5541513,managed,30.0,30.0,46.074,False,200,
1787722125.5874846,managed,30.0,30.0,38.307,False,200,
1787722125.620818,managed,30.0,30.0,40.79,False,200,
1787722125.6541514,managed,30.0,30.0,31.265,False,200,
1787722125.6874847,managed,30.0,30.0,36.337,False,200,
1787722125.720818,managed,30.0,30.0,30.236,False,200,
1787722125.7541513,managed,30.0,30.0,31.679,False,200,
1787722125.7874846,managed,30.0,30.0,24.824,False,200,
1787722125.820818,managed,30.0,30.0,26.006,False,200,
1787722125.8541512,managed,30.0,30.0,34.006,False,200,
1787722125.8874846,managed,30.0,30.0,40.548,False,200,
1787722125.920818,managed,30.0,30.0,32.144,False,200,
1787722125.9541514,managed,30.0,30.0,43.099,False,200,
1787722125.9874847,managed,30.0,30.0,39.389,False,200,
1787722126.020818,managed,30.0,30.0,34.924,False,200,
1787722126.0541513,managed,30.0,30.0,33.993,False,200,
1787722126.0874846,managed,30.0,30.0,33.634,False,200,
1787722126.120818,managed,30.0,30.0,35.067,False,200,
1787722126.1541514,managed,30.0,30.0,37.865,False,200,
1787722126.1874847,managed,30.0,30.0,28.515,False,200,
1787722126.220818,managed,30.0,30.0,34.239,False,200,
1787722126.2541513,managed,30.0,30.0,37.514,False,200,
1787722126.2874846,managed,30.0,30.0,40.042,False,200,
1787722126.320818,managed,30.0,30.0,30.675,False,200,
1787722126.3541512,managed,30.0,30.0,32.292,False,200,
1787722126.3874846,managed,30.0,30.0,43.326,False,200,
1787722126.420818,managed,30.0,30.0,38.538,False,200,
1787722126.4541514,managed,30.0,30.0,39.973,False,200,
1787722126.4874847,managed,30.0,30.0,36.204,False,200,
1787722126.520818,managed,30.0,30.0,44.14,False,200,
1787722126.5541513,managed,30.0,30.0,30.301,False,200,
1787722126.5874846,managed,30.0,30.0,33.829,False,200,
1787722126.620818,managed,30.0,30.0,37.037,False,200,
1787722126.6541514,managed,30.0,30.0,29.403,False,200,
1787722126.6874847,managed,30.0,30.0,37.075,False,200,
1787722126.720818,managed,30.0,30.0,44.405,False,200,
1787722126.7541513,managed,30.0,30.0,36.121,False,200,
1787722126.7874846,managed,30.0,30.0,33.745,False,200,
1787722126.820818,managed,30.0,30.0,34.276,False,200,
1787722126.8541512,managed,30.0,30.0,37.625,False,200,
1787722126.8874846,managed,30.0,30.0,36.626,False,200,
1787722126.920818,managed,30.0,30.0,38.29,False,200,
1787722126.9541514,managed,30.0,30.0,38.12,False,200,
1787722126.9874847,managed,30.0,30.0,37.369,False,200,
1787722127.020818,managed,30.0,30.0,35.425,False,200,
1787722127.0541513,managed,30.0,30.0,35.336,False,200,
1787722127.0874846,managed,30.0,30.0,32.384,False,200,
1787722127.120818,managed,30.0,30.0,36.09,False,200,
1787722127.1541514,managed,30.0,30.0,37.613,False,200,
1787722127.1874847,managed,30.0,30.0,32.384,False,200,
1787722127.220818,managed,30.0,30.0,31.705,False,200,
1787722127.2541513,managed,30.0,30.0,33.899,False,200,
1787722127.2874846,managed,30.0,30.0,41.481,False,200,
1787722127.320818,managed,30.0,30.0,38.296,False,200,
1787722127.3541512,managed,30.0,30.0,44.658,False,200,
1787722127.3874846,managed,30.0,30.0,40.368,False,200,
1787722127.420818,managed,30.0,30.0,42.077,False,200,
1787722127.4541514,managed,30.0,30.0,31.955,False,200,
1787722127.4874847,managed,30.0,30.0,46.066,False,200,
1787722127.520818,managed,30.0,30.0,36.552,False,200,
1787722127.5541513,managed,30.0,30.0,28.607,False,200,
1787722127.5874846,managed,30.0,30.0,37.994,False,200,
1787722127.620818,managed,30.0,30.0,39.573,False,200,
1787722127.6541514,managed,30.0,30.0,40.123,False,200,
1787722127.6874847,managed,30.0,30.0,36.271,False,200,
1787722127.720818,managed,30.0,30.0,27.784,False,200,
1787722127.7541513,managed,30.0,30.0,44.516,False,200,
1787722127.7874846,managed,30.0,30.0,28.743,False,200,
1787722127.820818,managed,30.0,30.0,29.414,False,200,
1787722127.8541512,managed,30.0,30.0,30.422,False,200,
1787722127.8874846,managed,30.0,30.0,42.541,False,200,
1787722127.920818,managed,30.0,30.0,38.867,False,200,
1787722127.9541514,managed,30.0,30.0,39.157,False,200,
1787722127.9874847,managed,30.0,30.0,35.757,False,200,
1787722128.020818,managed,30.0,30.0,26.433,False,200,
1787722128.0541513,managed,30.0,30.0,36.049,False,200,
1787722128.0874846,managed,30.0,30.0,47.379,False,200,
1787722128.120818,managed,30.0,30.0,35.793,False,200,
1787722128.1541514,managed,30.0,30.0,36.03,False,200,
1787722128.1874847,managed,30.0,30.0,36.32,False,200,
1787722128.220818,managed,30.0,30.0,31.956,False,200,
1787722128.2541513,managed,30.0,30.0,42.555,False,200,
1787722128.2874846,managed,30.0,30.0,28.044,False,200,
1787722128.320818,managed,30.0,30.0,34.026,False,200,
1787722128.3541512,managed,30.0,30.0,33.671,False,200,
1787722128.3874846,managed,30.0,30.0,37.947,False,200,
1787722128.420818,managed,30.0,30.0,36.453,False,200,
1787722128.4541514,managed,30.0,30.0,30.954,False,200,
1787722128.4874847,managed,30.0,30.0,40.595,False,200,
1787722128.520818,managed,30.0,30.0,38.415,False,200,
1787722128.5541513,managed,30.0,30.0,39.72,False,200,
1787722128.5874846,managed,30.0,30.0,28.094,False,200,
1787722128.620818,managed,30.0,30.0,38.367,False,200,
1787722128.6541514,managed,30.0,30.0,35.833,False,200,
1787722128.6874847,managed,30.0,30.0,25.557,False,200,
1787722128.720818,managed,30.0,30.0,40.831,False,200,
1787722128.7541513,managed,30.0,30.0,30.701,False,200,
1787722128.7874846,managed,30.0,30.0,35.548,False,200,
1787722128.820818,managed,30.0,30.0,31.859,False,200,
1787722128.8541512,managed,30.0,30.0,36.505,False,200,
1787722128.8874846,managed,30.0,30.0,39.809,False,200,
1787722128.920818,managed,30.0,30.0,40.222,False,200,
1787722128.9541514,managed,30.0,30.0,36.986,False,200,
1787722128.9874847,managed,30.0,30.0,36.647,False,200,
1787722129.020818,managed,30.0,30.0,40.311,False,200,
1787722129.0541513,managed,30.0,30.0,37.669,False,200,
1787722129.0874846,managed,30.0,30.0,36.18,False,200,
1787722129.120818,managed,30.0,30.0,32.811,False,200,
1787722129.1541514,managed,30.0,30.0,31.362,False,200,
1787722129.1874847,managed,30.0,30.0,35.645,False,200,
1787722129.220818,managed,30.0,30.0,29.99,False,200,
1787722129.2541513,managed,30.0,30.0,29.79,False,200,
1787722129.2874846,managed,30.0,30.0,46.353,False,200,
1787722129.320818,managed,30.0,30.0,34.679,False,200,
1787722129.3541512,managed,30.0,30.0,24.63,False,200,
1787722129.3874846,managed,30.0,30.0,37.677,False,200,
1787722129.420818,managed,30.0,30.0,39.281,False,200,
1787722129.4541514,managed,30.0,30.0,32.717,False,200,
1787722129.4874847,managed,30.0,30.0,30.152,False,200,
1787722129.520818,managed,30.0,30.0,29.682,False,200,
1787722129.5541513,managed,30.0,30.0,33.963,False,200,
1787722129.5874846,managed,30.0,30.0,35.687,False,200,
1787722129.620818,managed,30.0,30.0,39.342,False,200,
1787722129.6541514,managed,30.0,30.0,30.358,False,200,
1787722129.6874847,managed,30.0,30.0,32.629,False,200,
1787722129.720818,managed,30.0,30.0,32.915,False,200,
1787722129.7541513,managed,30.0,30.0,32.953,False,200,
1787722129.7874846,managed,30.0,30.0,34.162,False,200,
1787722129.820818,managed,30.0,30.0,34.397,False,200,
1787722129.8541512,managed,30.0,30.0,40.206,False,200,
1787722129.8874846,managed,30.0,30.0,34.893,False,200,
1787722129.920818,managed,30.0,30.0,35.23,False,200,
1787722129.9541514,managed,30.0,30.0,33.948,False,200,
1787722129.9874847,managed,30.0,30.0,30.337,False,200,
1787722130.020818,managed,30.0,30.0,28.196,False,200,
1787722130.0541513,managed,30.0,30.0,27.957,False,200,
1787722130.0874846,managed,30.0,30.0,29.242,False,200,
1787722130.120818,managed,30.0,30.0,42.864,False,200,
1787722130.1541514,managed,30.0,30.0,35.404,False,200,
1787722130.1874847,managed,30.0,30.0,32.919,False,200,
1787722130.220818,managed,30.0,30.0,42.75,False,200,
1787722130.2541513,managed,30.0,30.0,27.925,False,200,
1787722130.2874846,managed,30.0,30.0,34.722,False,200,
1787722130.320818,managed,30.0,30.0,24.466,False,200,
1787722130.3541512,managed,30.0,30.0,42.55,False,200,
1787722130.3874846,managed,30.0,30.0,35.486,False,200,
1787722130.420818,managed,30.0,30.0,32.349,False,200,
1787722130.4541514,managed,30.0,30.0,47.269,False,200,
1787722130.4874847,managed,30.0,30.0,34.466,False,200,
1787722130.520818,managed,30.0,30.0,31.454,False,200,
1787722130.5541513,managed,30.0,30.0,36.135,False,200,
1787722130.5874846,managed,30.0,30.0,29.307,False,200,
1787722130.620818,managed,30.0,30.0,31.89,False,200,
1787722130.6541514,managed,30.0,30.0,44.745,False,200,
1787722130.6874847,managed,30.0,30.0,34.405,False,200,
1787722130.720818,managed,30.0,30.0,30.78,False,200,
1787722130.7541513,managed,30.0,30.0,31.731,False,200,
1787722130.7874846,managed,30.0,30.0,42.759,False,200,
1787722130.820818,managed,30.0,30.0,34.295,False,200,
1787722130.8541512,managed,30.0,30.0,29.049,False,200,
1787722130.8874846,managed,30.0,30.0,38.891,False,200,
1787722130.920818,managed,30.0,30.0,34.045,False,200,
1787722130.9541514,managed,30.0,30.0,45.678,False,200,
1787722130.9874847,managed,30.0,30.0,28.866,False,200,
1787722131.020818,managed,30.0,30.0,38.128,False,200,
1787722131.0541513,managed,30.0,30.0,26.175,False,200,
1787722131.0874846,managed,30.0,30.0,34.185,False,200,
1787722131.120818,managed,30.0,30.0,30.495,False,200,
1787722131.1541514,managed,30.0,30.0,43.859,False,200,
1787722131.1874847,managed,30.0,30.0,36.557,False,200,
1787722131.220818,managed,30.0,30.0,29.263,False,200,
1787722131.2541513,managed,30.0,30.0,32.88,False,200,
1787722131.2874846,managed,30.0,30.0,35.427,False,200,
1787722131.320818,managed,30.0,30.0,32.893,False,200,
1787722131.3541512,managed,30.0,30.0,28.448,False,200,
1787722131.3874846,managed,30.0,30.0,37.036,False,200,
1787722131.420818,managed,30.0,30.0,39.11,False,200,
1787722131.4541514,managed,30.0,30.0,49.866,False,200,
1787722131.4874847,managed,30.0,30.0,33.071,False,200,
1787722131.520818,managed,30.0,30.0,40.753,False,200,
1787722131.5541513,managed,30.0,30.0,38.888,False,200,
1787722131.5874846,managed,30.0,30.0,35.157,False,200,
1787722131.620818,managed,30.0,30.0,34.538,False,200,
1787722131.6541514,managed,30.0,30.0,35.012,False,200,
1787722131.6874847,managed,30.0,30.0,40.52,False,200,
1787722131.720818,managed,30.0,30.0,41.161,False,200,
1787722131.7541513,managed,30.0,30.0,32.707,False,200,
1787722131.7874846,managed,30.0,30.0,35.146,False,200,
1787722131.820818,managed,30.0,30.0,26.573,False,200,
1787722131.8541512,managed,30.0,30.0,37.68,False,200,
1787722131.8874846,managed,30.0,30.0,32.424,False,200,
1787722131.920818,managed,30.0,30.0,31.47,False,200,
1787722131.9541514,managed,30.0,30.0,41.034,False,200,
1787722131.9874847,managed,30.0,30.0,35.559,False,200,
1787722132.020818,managed,30.0,30.0,34.424,False,200,
1787722132.0541513,managed,30.0,30.0,44.485,False,200,
1787722132.0874846,managed,30.0,30.0,40.421,False,200,
1787722132.120818,managed,30.0,30.0,29.433,False,200,
1787722132.1541514,managed,30.0,30.0,35.177,False,200,
1787722132.1874847,managed,30.0,30.0,44.01,False,200,
1787722132.220818,managed,30.0,30.0,35.543,False,200,
1787722132.2541513,managed,30.0,30.0,41.904,False,200,
1787722132.2874846,managed,30.0,30.0,40.749,False,200,
1787722132.320818,managed,30.0,30.0,30.228,False,200,
1787722132.3541512,managed,30.0,30.0,43.953,False,200,
1787722132.3874846,managed,30.0,30.0,39.459,False,200,
1787722132.420818,managed,30.0,30.0,38.381,False,200,
1787722132.4541514,managed,30.0,30.0,32.377,False,200,
1787722132.4874847,managed,30.0,30.0,34.403,False,200,
1787722132.520818,managed,30.0,30.0,39.799,False,200,
1787722132.5541513,managed,30.0,30.0,36.254,False,200,
1787722132.5874846,managed,30.0,30.0,36.337,False,200,
1787722132.620818,managed,30.0,30.0,32.626,False,200,
1787722132.6541514,managed,30.0,30.0,41.573,False,200,
1787722132.6874847,managed,30.0,30.0,32.079,False,200,
1787722132.720818,managed,30.0,30.0,35.244,False,200,
1787722132.7541513,managed,30.0,30.0,33.622,False,200,
1787722132.7874846,managed,30.0,30.0,31.95,False,200,
1787722132.820818,managed,30.0,30.0,35.039,False,200,
1787722132.8541512,managed,30.0,30.0,29.867,False,200,
1787722132.8874846,managed,30.0,30.0,24.463,False,200,
1787722132.920818,managed,30.0,30.0,39.693,False,200,
1787722132.9541514,managed,30.0,30.0,36.561,False,200,
1787722132.9874847,managed,30.0,30.0,38.582,False,200,
1787722133.020818,managed,30.0,30.0,26.324,False,200,
1787722133.0541513,managed,30.0,30.0,49.794,False,200,
1787722133.0874846,managed,30.0,30.0,38.99,False,200,
1787722133.120818,managed,30.0,30.0,35.459,False,200,
1787722133.1541514,managed,30.0,30.0,31.453,False,200,
1787722133.1874847,managed,30.0,30.0,39.409,False,200,
1787722133.220818,managed,30.0,30.0,31.729,False,200,
1787722133.2541513,managed,30.0,30.0,45.078,False,200,
1787722133.2874846,managed,30.0,30.0,30.909,False,200,
1787722133.320818,managed,30.0,30.0,38.194,False,200,
1787722133.3541512,managed,30.0,30.0,34.254,False,200,
1787722133.3874846,managed,30.0,30.0,33.127,False,200,
1787722133.420818,managed,30.0,30.0,30.224,False,200,
1787722133.4541514,managed,30.0,30.0,44.634,False,200,
1787722133.4874847,managed,30.0,30.0,40.706,False,200,
1787722133.520818,managed,30.0,30.0,34.226,False,200,
1787722133.5541513,managed,30.0,30.0,39.122,False,200,
1787722133.5874846,managed,30.0,30.0,37.655,False,200,
1787722133.620818,managed,30.0,30.0,37.087,False,200,
1787722133.6541514,managed,30.0,30.0,39.839,False,200,
1787722133.6874847,managed,30.0,30.0,37.375,False,200,
1787722133.720818,managed,30.0,30.0,31.905,False,200,
1787722133.7541513,managed,30.0,30.0,34.816,False,200,
1787722133.7874846,managed,30.0,30.0,37.167,False,200,
1787722133.820818,managed,30.0,30.0,41.282,False,200,
1787722133.8541512,managed,30.0,30.0,42.503,False,200,
1787722133.8874846,managed,30.0,30.0,31.006,False,200,
1787722133.920818,managed,30.0,30.0,34.059,False,200,
1787722133.9541514,managed,30.0,30.0,34.141,False,200,
1787722133.9874847,managed,30.0,30.0,37.617,False,200,
1787722134.020818,managed,30.0,30.0,38.804,False,200,
1787722134.0541513,managed,30.0,30.0,28.17,False,200,
1787722134.0874846,managed,30.0,30.0,36.702,False,200,
1787722134.120818,managed,30.0,30.0,42.145,False,200,
1787722134.1541514,managed,30.0,30.0,34.207,False,200,
1787722134.1874847,managed,30.0,30.0,38.522,False,200,
1787722134.220818,managed,30.0,30.0,31.607,False,200,
1787722134.2541513,managed,30.0,30.0,36.611,False,200,
1787722134.2874846,managed,30.0,30.0,35.336,False,200,
1787722134.320818,managed,30.0,30.0,34.016,False,200,
1787722134.3541512,managed,30.0,30.0,37.957,False,200,
1787722134.3874846,managed,30.0,30.0,49.63,False,200,
1787722134.420818,managed,30.0,30.0,31.366,False,200,
1787722134.4541514,managed,30.0,30.0,42.862,False,200,
1787722134.4874847,managed,30.0,30.0,47.691,False,200,
1787722134.520818,managed,30.0,30.0,34.949,False,200,
1787722134.5541513,managed,30.0,30.0,35.016,False,200,
1787722134.5874846,managed,30.0,30.0,40.431,False,200,
1787722134.620818,managed,30.0,30.0,34.773,False,200,
1787722134.6541514,managed,30.0,30.0,27.612,False,200,
1787722134.6874847,managed,30.0,30.0,37.842,False,200,
1787722134.720818,managed,30.0,30.0,29.947,False,200,
1787722134.7541513,managed,30.0,30.0,27.668,False,200,
1787722134.7874846,managed,30.0,30.0,35.321,False,200,
1787722134.820818,managed,30.0,30.0,38.829,False,200,
1787722134.8541512,managed,30.0,30.0,44.546,False,200,
1787722134.8874846,managed,30.0,30.0,30.925,False,200,
1787722134.920818,managed,30.0,30.0,27.634,False,200,
1787722134.9541514,managed,30.0,30.0,30.334,False,200,
1787722134.9874847,managed,30.0,30.0,35.049,False,200,
1787722135.020818,managed,30.0,30.0,32.396,False,200,
1787722135.0541513,managed,30.0,30.0,43.12,False,200,
1787722135.0874846,managed,30.0,30.0,35.034,False,200,
1787722135.120818,managed,30.0,30.0,28.731,False,200,
1787722135.1541514,managed,30.0,30.0,40.663,False,200,
1787722135.1874847,managed,30.0,30.0,34.706,False,200,
1787722135.220818,managed,30.0,30.0,29.558,False,200,
1787722135.2541513,managed,30.0,30.0,32.563,False,200,
1787722135.2874846,managed,30.0,30.0,42.987,False,200,
1787722135.320818,managed,30.0,30.0,34.565,False,200,
1787722135.3541512,managed,30.0,30.0,38.306,False,200,
1787722135.3874846,managed,30.0,30.0,37.116,False,200,
1787722135.420818,managed,30.0,30.0,37.752,False,200,
1787722135.4541514,managed,30.0,30.0,32.61,False,200,
1787722135.4874847,managed,30.0,30.0,34.407,False,200,
1787722135.520818,managed,30.0,30.0,32.113,False,200,
1787722135.5541513,managed,30.0,30.0,30.331,False,200,
1787722135.5874846,managed,30.0,30.0,38.054,False,200,
1787722135.620818,managed,30.0,30.0,42.989,False,200,
1787722135.6541514,managed,30.0,30.0,41.671,False,200,
1787722135.6874847,managed,30.0,30.0,29.736,False,200,
1787722135.720818,managed,30.0,30.0,27.881,False,200,
1787722135.7541513,managed,30.0,30.0,36.824,False,200,
1787722135.7874846,managed,30.0,30.0,42.154,False,200,
1787722135.820818,managed,30.0,30.0,38.023,False,200,
1787722135.8541512,managed,30.0,30.0,33.82,False,200,
1787722135.8874846,managed,30.0,30.0,38.279,False,200,
1787722135.920818,managed,30.0,30.0,39.529,False,200,
1787722135.9541514,managed,30.0,30.0,32.6,False,200,
1787722135.9874847,managed,30.0,30.0,40.214,False,200,
1787722136.020818,managed,30.0,30.0,36.061,False,200,
1787722136.0541513,managed,30.0,30.0,49.446,False,200,
1787722136.0874846,managed,30.0,30.0,34.627,False,200,
1787722136.120818,managed,30.0,30.0,35.795,False,200,
1787722136.1541514,managed,30.0,30.0,31.783,False,200,
1787722136.1874847,managed,30.0,30.0,30.901,False,200,
1787722136.220818,managed,30.0,30.0,40.348,False,200,
1787722136.2541513,managed,30.0,30.0,32.591,False,200,
1787722136.2874846,managed,30.0,30.0,45.418,False,200,
1787722136.320818,managed,30.0,30.0,38.597,False,200,
1787722136.3541512,managed,30.0,30.0,29.249,False,200,
1787722136.3874846,managed,30.0,30.0,33.713,False,200,
1787722136.420818,managed,30.0,30.0,31.169,False,200,
1787722136.4541514,managed,30.0,30.0,49.04,False,200,
1787722136.4874847,managed,30.0,30.0,38.275,False,200,
1787722136.520818,managed,30.0,30.0,34.2,False,200,
1787722136.5541513,managed,30.0,30.0,42.178,False,200,
1787722136.5874846,managed,30.0,30.0,42.92,False,200,
1787722136.620818,managed,30.0,30.0,35.861,False,200,
1787722136.6541514,managed,30.0,30.0,42.242,False,200,
1787722136.6874847,managed,30.0,30.0,29.31,False,200,
1787722136.720818,managed,30.0,30.0,37.422,False,200,
1787722136.7541513,managed,30.0,30.0,31.546,False,200,
1787722136.7874846,managed,30.0,30.0,39.882,False,200,
1787722136.820818,managed,30.0,30.0,37.55,False,200,
1787722136.8541512,managed,30.0,30.0,34.975,False,200,
1787722136.8874846,managed,30.0,30.0,30.484,False,200,
1787722136.920818,managed,30.0,30.0,37.22,False,200,
1787722136.9541514,managed,30.0,30.0,26.766,False,200,
1787722136.9874847,managed,30.0,30.0,34.157,False,200,
1787722137.020818,managed,30.0,30.0,35.917,False,200,
1787722137.0541513,managed,30.0,30.0,35.922,False,200,
1787722137.0874846,managed,30.0,30.0,39.425,False,200,
1787722137.120818,managed,30.0,30.0,39.529,False,200,
1787722137.1541514,managed,30.0,30.0,45.838,False,200,
1787722137.1874847,managed,30.0,30.0,40.583,False,200,
1787722137.220818,managed,30.0,30.0,35.329,False,200,
1787722137.2541513,managed,30.0,30.0,34.319,False,200,
1787722137.2874846,managed,30.0,30.0,36.107,False,200,
1787722137.320818,managed,30.0,30.0,36.361,False,200,
1787722137.3541512,managed,30.0,30.0,38.094,False,200,
1787722137.3874846,managed,30.0,30.0,35.681,False,200,
1787722137.420818,managed,30.0,30.0,31.633,False,200,
1787722137.4541514,managed,30.0,30.0,34.102,False,200,
1787722137.4874847,managed,30.0,30.0,38.051,False,200,
1787722137.520818,managed,30.0,30.0,39.695,False,200,
1787722137.5541513,managed,30.0,30.0,40.525,False,200,
1787722137.5874846,managed,30.0,30.0,32.825,False,200,
1787722137.620818,managed,30.0,30.0,34.276,False,200,
1787722137.6541514,managed,30.0,30.0,34.387,False,200,
1787722137.6874847,managed,30.0,30.0,34.607,False,200,
1787722137.720818,managed,30.0,30.0,33.448,False,200,
1787722137.7541513,managed,30.0,30.0,29.735,False,200,
1787722137.7874846,managed,30.0,30.0,26.042,False,200,
1787722137.820818,managed,30.0,30.0,42.519,False,200,
1787722137.8541512,managed,30.0,30.0,40.104,False,200,
1787722137.8874846,managed,30.0,30.0,40.557,False,200,
1787722137.920818,managed,30.0,30.0,34.247,False,200,
1787722137.9541514,managed,30.0,30.0,32.328,False,200,
1787722137.9874847,managed,30.0,30.0,30.251,False,200,
1787722138.020818,managed,30.0,30.0,29.434,False,200,
1787722138.0541513,managed,30.0,30.0,31.946,False,200,
1787722138.0874846,managed,30.0,30.0,23.47,False,200,
1787722138.120818,managed,30.0,30.0,38.456,False,200,
1787722138.1541514,managed,30.0,30.0,34.649,False,200,
1787722138.1874847,managed,30.0,30.0,38.619,False,200,
1787722138.220818,managed,30.0,30.0,40.246,False,200,
1787722138.2541513,managed,30.0,30.0,31.462,False,200,
1787722138.2874846,managed,30.0,30.0,29.449,False,200,
1787722138.320818,managed,30.0,30.0,37.855,False,200,
1787722138.3541512,managed,30.0,30.0,33.757,False,200,
1787722138.3874846,managed,30.0,30.0,32.207,False,200,
1787722138.420818,managed,30.0,30.0,25.11,False,200,
1787722138.4541514,managed,30.0,30.0,36.902,False,200,
1787722138.4874847,managed,30.0,30.0,37.938,False,200,
1787722138.520818,managed,30.0,30.0,30.517,False,200,
1787722138.5541513,managed,30.0,30.0,34.428,False,200,
1787722138.5874846,managed,30.0,30.0,26.386,False,200,
1787722138.620818,managed,30.0,30.0,28.919,False,200,
1787722138.6541514,managed,30.0,30.0,37.172,False,200,
1787722138.6874847,managed,30.0,30.0,36.446,False,200,
1787722138.720818,managed,30.0,30.0,39.606,False,200,
1787722138.7541513,managed,30.0,30.0,36.124,False,200,
1787722138.7874846,managed,30.0,30.0,35.853,False,200,
1787722138.820818,managed,30.0,30.0,33.904,False,200,
1787722138.8541512,managed,30.0,30.0,31.653,False,200,
1787722138.8874846,managed,30.0,30.0,31.881,False,200,
1787722138.920818,managed,30.0,30.0,33.945,False,200,
1787722138.9541514,managed,30.0,30.0,33.634,False,200,
1787722138.9874847,managed,30.0,30.0,44.544,False,200,
1787722139.020818,managed,30.0,30.0,29.392,False,200,
1787722139.0541513,managed,30.0,30.0,36.161,False,200,
1787722139.0874846,managed,30.0,30.0,26.531,False,200,
1787722139.120818,managed,30.0,30.0,32.558,False,200,
1787722139.1541514,managed,30.0,30.0,27.012,False,200,
1787722139.1874847,managed,30.0,30.0,32.589,False,200,
1787722139.220818,managed,30.0,30.0,33.276,False,200,
1787722139.2541513,managed,30.0,30.0,36.429,False,200,
1787722139.2874846,managed,30.0,30.0,27.967,False,200,
1787722139.320818,managed,30.0,30.0,38.693,False,200,
1787722139.3541512,managed,30.0,30.0,27.269,False,200,
1787722139.3874846,managed,30.0,30.0,31.18,False,200,
1787722139.420818,managed,30.0,30.0,37.046,False,200,
1787722139.4541514,managed,30.0,30.0,38.668,False,200,
1787722139.4874847,managed,30.0,30.0,37.043,False,200,
1787722139.520818,managed,30.0,30.0,36.26,False,200,
1787722139.5541513,managed,30.0,30.0,26.269,False,200,
1787722139.5874846,managed,30.0,30.0,31.207,False,200,
1787722139.620818,managed,30.0,30.0,33.131,False,200,
1787722139.6541514,managed,30.0,30.0,38.973,False,200,
1787722139.6874847,managed,30.0,30.0,34.84,False,200,
1787722139.720818,managed,30.0,30.0,32.773,False,200,
1787722139.7541513,managed,30.0,30.0,34.118,False,200,
1787722139.7874846,managed,30.0,30.0,30.659,False,200,
1787722139.820818,managed,30.0,30.0,35.052,False,200,
1787722139.8541512,managed,30.0,30.0,30.684,False,200,
1787722139.8874846,managed,30.0,30.0,41.868,False,200,
1787722139.920818,managed,30.0,30.0,37.506,False,200,
1787722139.9541514,managed,30.0,30.0,39.628,False,200,
1787722139.9874847,managed,30.0,30.0,37.806,False,200,
1787722140.020818,managed,30.0,30.0,41.57,False,200,
1787722140.0541513,managed,30.0,30.0,49.929,False,200,
1787722140.0874846,managed,30.0,30.0,35.406,False,200,
1787722140.120818,managed,30.0,30.0,42.109,False,200,
1787722140.1541514,managed,30.0,30.0,38.884,False,200,
1787722140.1874847,managed,30.0,30.0,36.026,False,200,
1787722140.220818,managed,30.0,30.0,35.169,False,200,
1787722140.2541513,managed,30.0,30.0,38.581,False,200,
1787722140.2874846,managed,30.0,30.0,33.581,False,200,
1787722140.320818,managed,30.0,30.0,28.885,False,200,
1787722140.3541512,managed,30.0,30.0,34.55,False,200,
1787722140.3874846,managed,30.0,30.0,40.707,False,200,
1787722140.420818,managed,30.0,30.0,35.366,False,200,
1787722140.4541514,managed,30.0,30.0,36.616,False,200,
1787722140.4874847,managed,30.0,30.0,32.149,False,200,
1787722140.520818,managed,30.0,30.0,29.751,False,200,
1787722140.5541513,managed,30.0,30.0,34.286,False,200,
1787722140.5874846,managed,30.0,30.0,38.553,False,200,
1787722140.620818,managed,30.0,30.0,33.742,False,200,
1787722140.6541514,managed,30.0,30.0,27.652,False,200,
1787722140.6874847,managed,30.0,30.0,31.523,False,200,
1787722140.720818,managed,30.0,30.0,38.108,False,200,
1787722140.7541513,managed,30.0,30.0,29.926,False,200,
1787722140.7874846,managed,30.0,30.0,29.873,False,200,
1787722140.820818,managed,30.0,30.0,29.344,False,200,
1787722140.8541512,managed,30.0,30.0,37.553,False,200,
1787722140.8874846,managed,30.0,30.0,39.177,False,200,
1787722140.920818,managed,30.0,30.0,34.3,False,200,
1787722140.9541514,managed,30.0,30.0,30.46,False,200,
1787722140.9874847,managed,30.0,30.0,35.933,False,200,
1787722141.020818,managed,30.0,30.0,32.07,False,200,
1787722141.0541513,managed,30.0,30.0,35.721,False,200,
1787722141.0874846,managed,30.0,30.0,32.284,False,200,
1787722141.120818,managed,30.0,30.0,41.249,False,200,
1787722141.1541514,managed,30.0,30.0,35.338,False,200,
1787722141.1874847,managed,30.0,30.0,38.796,False,200,
1787722141.220818,managed,30.0,30.0,32.771,False,200,
1787722141.2541513,managed,30.0,30.0,39.871,False,200,
1787722141.2874846,managed,30.0,30.0,26.719,False,200,
1787722141.320818,managed,30.0,30.0,33.365,False,200,
1787722141.3541512,managed,30.0,30.0,34.279,False,200,
1787722141.3874846,managed,30.0,30.0,34.862,False,200,
1787722141.420818,managed,30.0,30.0,29.032,False,200,
1787722141.4541514,managed,30.0,30.0,27.17,False,200,
1787722141.4874847,managed,30.0,30.0,34.829,False,200,
1787722141.520818,managed,30.0,30.0,28.506,False,200,
1787722141.5541513,managed,30.0,30.0,31.433,False,200,
1787722141.5874846,managed,30.0,30.0,34.517,False,200,
1787722141.620818,managed,30.0,30.0,29.099,False,200,
1787722141.6541514,managed,30.0,30.0,32.527,False,200,
1787722141.6874847,managed,30.0,30.0,29.468,False,200,
1787722141.720818,managed,30.0,30.0,32.441,False,200,
1787722141.7541513,managed,30.0,30.0,37.562,False,200,
1787722141.7874846,managed,30.0,30.0,39.153,False,200,
1787722141.820818,managed,30.0,30.0,32.496,False,200,
1787722141.8541512,managed,30.0,30.0,29.292,False,200,
1787722141.8874846,managed,30.0,30.0,40.998,False,200,
1787722141.920818,managed,30.0,30.0,31.216,False,200,
1787722141.9541514,managed,30.0,30.0,28.16,False,200,
1787722141.9874847,managed,30.0,30.0,31.189,False,200,
1787722142.020818,managed,30.0,30.0,30.606,False,200,
1787722142.0541513,managed,30.0,30.0,37.208,False,200,
1787722142.0874846,managed,30.0,30.0,28.156,False,200,
1787722142.120818,managed,30.0,30.0,31.788,False,200,
1787722142.1541514,managed,30.0,30.0,35.196,False,200,
1787722142.1874847,managed,30.0,30.0,27.456,False,200,
1787722142.220818,managed,30.0,30.0,35.904,False,200,
1787722142.2541513,managed,30.0,30.0,30.697,False,200,
1787722142.2874846,managed,30.0,30.0,37.204,False,200,
1787722142.320818,managed,30.0,30.0,28.997,False,200,
1787722142.3541512,managed,30.0,30.0,27.116,False,200,
1787722142.3874846,managed,30.0,30.0,44.579,False,200,
1787722142.420818,managed,30.0,30.0,31.437,False,200,
1787722142.4541514,managed,30.0,30.0,39.349,False,200,
1787722142.4874847,managed,30.0,30.0,36.165,False,200,
1787722142.520818,managed,30.0,30.0,26.586,False,200,
1787722142.5541513,managed,30.0,30.0,47.153,False,200,
1787722142.5874846,managed,30.0,30.0,41.562,False,200,
1787722142.620818,managed,30.0,30.0,44.399,False,200,
1787722142.6541514,managed,30.0,30.0,36.249,False,200,
1787722142.6874847,managed,30.0,30.0,38.344,False,200,
1787722142.720818,managed,30.0,30.0,43.863,False,200,
1787722142.7541513,managed,30.0,30.0,32.133,False,200,
1787722142.7874846,managed,30.0,30.0,32.279,False,200,
1787722142.820818,managed,30.0,30.0,36.379,False,200,
1787722142.8541512,managed,30.0,30.0,29.743,False,200,
1787722142.8874846,managed,30.0,30.0,32.252,False,200,
1787722142.920818,managed,30.0,30.0,41.022,False,200,
1787722142.9541514,managed,30.0,30.0,41.817,False,200,
1787722142.9874847,managed,30.0,30.0,31.024,False,200,
1787722143.020818,managed,30.0,30.0,35.301,False,200,
1787722143.0541513,managed,30.0,30.0,38.239,False,200,
1787722143.0874846,managed,30.0,30.0,35.886,False,200,
1787722143.120818,managed,30.0,30.0,29.957,False,200,
1787722143.1541514,managed,30.0,30.0,30.287,False,200,
1787722143.1874847,managed,30.0,30.0,34.142,False,200,
1787722143.220818,managed,30.0,30.0,36.788,False,200,
1787722143.2541513,managed,30.0,30.0,34.468,False,200,
1787722143.2874846,managed,30.0,30.0,36.926,False,200,
1787722143.320818,managed,30.0,30.0,34.657,False,200,
1787722143.3541512,managed,30.0,30.0,27.129,False,200,
1787722143.3874846,managed,30.0,30.0,29.733,False,200,
1787722143.420818,managed,30.0,30.0,31.137,False,200,
1787722143.4541514,managed,30.0,30.0,28.457,False,200,
1787722143.4874847,managed,30.0,30.0,39.783,False,200,
1787722143.520818,managed,30.0,30.0,52.139,False,200,
1787722143.5541513,managed,30.0,30.0,32.416,False,200,
1787722143.5874846,managed,30.0,30.0,29.368,False,200,
1787722143.620818,managed,30.0,30.0,28.702,False,200,
1787722143.6541514,managed,30.0,30.0,32.92,False,200,
1787722143.6874847,managed,30.0,30.0,34.851,False,200,
1787722143.720818,managed,30.0,30.0,43.571,False,200,
1787722143.7541513,managed,30.0,30.0,31.006,False,200,
1787722143.7874846,managed,30.0,30.0,32.962,False,200,
1787722143.820818,managed,30.0,30.0,43.799,False,200,
1787722143.8541512,managed,30.0,30.0,35.602,False,200,
1787722143.8874846,managed,30.0,30.0,35.927,False,200,
1787722143.920818,managed,30.0,30.0,36.972,False,200,
1787722143.9541514,managed,30.0,30.0,42.772,False,200,
1787722143.9874847,managed,30.0,30.0,34.323,False,200,
1787722144.020818,managed,30.0,30.0,34.344,False,200,
1787722144.0541513,managed,30.0,30.0,29.946,False,200,
1787722144.0874846,managed,30.0,30.0,34.212,False,200,
1787722144.120818,managed,30.0,30.0,28.9,False,200,
1787722144.1541514,managed,30.0,30.0,30.192,False,200,
1787722144.1874847,managed,30.0,30.0,30.178,False,200,
1787722144.220818,managed,30.0,30.0,38.825,False,200,
1787722144.2541513,managed,30.0,30.0,34.223,False,200,
1787722144.2874846,managed,30.0,30.0,41.26,False,200,
1787722144.320818,managed,30.0,30.0,27.077,False,200,
1787722144.3541512,managed,30.0,30.0,34.631,False,200,
1787722144.3874846,managed,30.0,30.0,38.814,False,200,
1787722144.420818,managed,30.0,30.0,37.396,False,200,
1787722144.4541514,managed,30.0,30.0,34.331,False,200,
1787722144.4874847,managed,30.0,30.0,36.406,False,200,
1787722144.520818,managed,30.0,30.0,34.795,False,200,
1787722144.5541513,managed,30.0,30.0,34.665,False,200,
1787722144.5874846,managed,30.0,30.0,29.46,False,200,
1787722144.620818,managed,30.0,30.0,34.954,False,200,
1787722144.6541514,managed,30.0,30.0,37.523,False,200,
1787722144.6874847,managed,30.0,30.0,30.324,False,200,
1787722144.720818,managed,30.0,30.0,40.665,False,200,
1787722144.7541513,managed,30.0,30.0,32.052,False,200,
1787722144.7874846,managed,30.0,30.0,39.862,False,200,
1787722144.820818,managed,30.0,30.0,34.461,False,200,
1787722144.8541512,managed,30.0,30.0,31.544,False,200,
1787722144.8874846,managed,30.0,30.0,33.059,False,200,
1787722144.920818,managed,30.0,30.0,33.82,False,200,
1787722144.9541514,managed,30.0,30.0,35.4,False,200,
1787722144.9874847,managed,30.0,30.0,41.374,False,200,
1787722145.020818,managed,30.0,30.0,32.365,False,200,
1787722145.0541513,managed,30.0,30.0,29.933,False,200,
1787722145.0874846,managed,30.0,30.0,26.242,False,200,
1787722145.120818,managed,30.0,30.0,35.84,False,200,
1787722145.1541514,managed,30.0,30.0,50.713,False,200,
1787722145.1874847,managed,30.0,30.0,28.991,False,200,
1787722145.220818,managed,30.0,30.0,30.636,False,200,
1787722145.2541513,managed,30.0,30.0,36.5,False,200,
1787722145.2874846,managed,30.0,30.0,37.482,False,200,
1787722145.320818,managed,30.0,30.0,36.253,False,200,
1787722145.3541512,managed,30.0,30.0,29.589,False,200,
1787722145.3874846,managed,30.0,30.0,39.639,False,200,
1787722145.420818,managed,30.0,30.0,38.064,False,200,
1787722145.4541514,managed,30.0,30.0,36.135,False,200,
1787722145.4874847,managed,30.0,30.0,31.546,False,200,
1787722145.520818,managed,30.0,30.0,31.934,False,200,
1787722145.5541513,managed,30.0,30.0,33.225,False,200,
1787722145.5874846,managed,30.0,30.0,34.893,False,200,
1787722145.620818,managed,30.0,30.0,26.588,False,200,
1787722145.6541514,managed,30.0,30.0,29.697,False,200,
1787722145.6874847,managed,30.0,30.0,36.089,False,200,
1787722145.720818,managed,30.0,30.0,35.151,False,200,
1787722145.7541513,managed,30.0,30.0,42.582,False,200,
1787722145.7874846,managed,30.0,30.0,34.911,False,200,
1787722145.820818,managed,30.0,30.0,44.059,False,200,
1787722145.8541512,managed,30.0,30.0,31.055,False,200,
1787722145.8874846,managed,30.0,30.0,39.665,False,200,
1787722145.920818,managed,30.0,30.0,31.43,False,200,
1787722145.9541514,managed,30.0,30.0,32.766,False,200,
1787722145.9874847,managed,30.0,30.0,42.172,False,200,
1787722146.020818,managed,30.0,30.0,33.238,False,200,
1787722146.0541513,managed,30.0,30.0,30.018,False,200,
1787722146.0874846,managed,30.0,30.0,40.72,False,200,
1787722146.120818,managed,30.0,30.0,30.528,False,200,
1787722146.1541514,managed,30.0,30.0,39.006,False,200,
1787722146.1874847,managed,30.0,30.0,43.174,False,200,
1787722146.220818,managed,30.0,30.0,30.634,False,200,
1787722146.2541513,managed,30.0,30.0,36.439,False,200,
1787722146.2874846,managed,30.0,30.0,25.48,False,200,
1787722146.320818,managed,30.0,30.0,37.044,False,200,
1787722146.3541512,managed,30.0,30.0,34.77,False,200,
1787722146.3874846,managed,30.0,30.0,35.904,False,200,
1787722146.420818,managed,30.0,30.0,36.882,False,200,
1787722146.4541514,managed,30.0,30.0,30.691,False,200,
1787722146.4874847,managed,30.0,30.0,33.117,False,200,
1787722146.520818,managed,30.0,30.0,37.249,False,200,
1787722146.5541513,managed,30.0,30.0,39.92,False,200,
1787722146.5874846,managed,30.0,30.0,27.348,False,200,
1787722146.620818,managed,30.0,30.0,28.233,False,200,
1787722146.6541514,managed,30.0,30.0,34.585,False,200,
1787722146.6874847,managed,30.0,30.0,32.414,False,200,
1787722146.720818,managed,30.0,30.0,27.352,False,200,
1787722146.7541513,managed,30.0,30.0,40.748,False,200,
1787722146.7874846,managed,30.0,30.0,35.747,False,200,
1787722146.820818,managed,30.0,30.0,37.509,False,200,
1787722146.8541512,managed,30.0,30.0,38.038,False,200,
1787722146.8874846,managed,30.0,30.0,29.36,False,200,
1787722146.920818,managed,30.0,30.0,39.57,False,200,
1787722146.9541514,managed,30.0,30.0,38.405,False,200,
1787722146.9874847,managed,30.0,30.0,32.252,False,200,
1787722147.020818,managed,30.0,30.0,30.124,False,200,
1787722147.0541513,managed,30.0,30.0,38.882,False,200,
1787722147.0874846,managed,30.0,30.0,39.189,False,200,
1787722147.120818,managed,30.0,30.0,37.97,False,200,
1787722147.1541514,managed,30.0,30.0,42.198,False,200,
1787722147.1874847,managed,30.0,30.0,36.096,False,200,
1787722147.220818,managed,30.0,30.0,31.98,False,200,
1787722147.2541513,managed,30.0,30.0,40.264,False,200,
1787722147.2874846,managed,30.0,30.0,27.849,False,200,
1787722147.320818,managed,30.0,30.0,46.655,False,200,
1787722147.3541512,managed,30.0,30.0,40.964,False,200,
1787722147.3874846,managed,30.0,30.0,37.365,False,200,
1787722147.420818,managed,30.0,30.0,35.722,False,200,
1787722147.4541514,managed,30.0,30.0,32.992,False,200,
1787722147.4874847,managed,30.0,30.0,34.895,False,200,
1787722147.520818,managed,30.0,30.0,27.446,False,200,
1787722147.5541513,managed,30.0,30.0,35.042,False,200,
1787722147.5874846,managed,30.0,30.0,20.571,False,200,
1787722147.620818,managed,30.0,30.0,37.616,False,200,
1787722147.6541514,managed,30.0,30.0,39.016,False,200,
1787722147.6874847,managed,30.0,30.0,34.235,False,200,
1787722147.720818,managed,30.0,30.0,29.727,False,200,
1787722147.7541513,managed,30.0,30.0,33.896,False,200,
1787722147.7874846,managed,30.0,30.0,30.831,False,200,
1787722147.820818,managed,30.0,30.0,41.487,False,200,
1787722147.8541512,managed,30.0,30.0,36.553,False,200,
1787722147.8874846,managed,30.0,30.0,40.397,False,200,
1787722147.920818,managed,30.0,30.0,37.966,False,200,
1787722147.9541514,managed,30.0,30.0,38.764,False,200,
1787722147.9874847,managed,30.0,30.0,38.561,False,200,
1787722148.020818,managed,30.0,30.0,36.05,False,200,
1787722148.0541513,managed,30.0,30.0,34.266,False,200,
1787722148.0874846,managed,30.0,30.0,37.551,False,200,
1787722148.120818,managed,30.0,30.0,35.173,False,200,
1787722148.1541514,managed,30.0,30.0,36.019,False,200,
1787722148.1874847,managed,30.0,30.0,29.571,False,200,
1787722148.220818,managed,30.0,30.0,39.215,False,200,
1787722148.2541513,managed,30.0,30.0,30.133,False,200,
1787722148.2874846,managed,30.0,30.0,32.661,False,200,
1787722148.320818,managed,30.0,30.0,33.578,False,200,
1787722148.3541512,managed,30.0,30.0,40.773,False,200,
1787722148.3874846,managed,30.0,30.0,27.293,False,200,
1787722148.420818,managed,30.0,30.0,35.672,False,200,
1787722148.4541514,managed,30.0,30.0,36.841,False,200,
1787722148.4874847,managed,30.0,30.0,27.015,False,200,
1787722148.520818,managed,30.0,30.0,30.647,False,200,
1787722148.5541513,managed,30.0,30.0,31.87,False,200,
1787722148.5874846,managed,30.0,30.0,27.361,False,200,
1787722148.620818,managed,30.0,30.0,32.31,False,200,
1787722148.6541514,managed,30.0,30.0,31.145,False,200,
1787722148.6874847,managed,30.0,30.0,33.618,False,200,
1787722148.720818,managed,30.0,30.0,37.306,False,200,
1787722148.7541513,managed,30.0,30.0,34.164,False,200,
1787722148.7874846,managed,30.0,30.0,33.739,False,200,
1787722148.820818,managed,30.0,30.0,43.527,False,200,
1787722148.8541512,managed,30.0,30.0,41.6,False,200,
1787722148.8874846,managed,30.0,30.0,36.737,False,200,
1787722148.920818,managed,30.0,30.0,33.761,False,200,
1787722148.9541514,managed,30.0,30.0,37.725,False,200,
1787722148.9874847,managed,30.0,30.0,41.822,False,200,
1787722149.020818,managed,30.0,30.0,42.526,False,200,
1787722149.0541513,managed,30.0,30.0,29.144,False,200,
1787722149.0874846,managed,30.0,30.0,31.746,False,200,
1787722149.120818,managed,30.0,30.0,38.858,False,200,
1787722149.1541514,managed,30.0,30.0,31.495,False,200,
1787722149.1874847,managed,30.0,30.0,33.923,False,200,
1787722149.220818,managed,30.0,30.0,35.334,False,200,
1787722149.2541513,managed,30.0,30.0,32.742,False,200,
1787722149.2874846,managed,30.0,30.0,35.881,False,200,
1787722149.320818,managed,30.0,30.0,30.324,False,200,
1787722149.3541512,managed,30.0,30.0,35.497,False,200,
1787722149.3874846,managed,30.0,30.0,35.244,False,200,
1787722149.420818,managed,30.0,30.0,28.302,False,200,
1787722149.4541514,managed,30.0,30.0,40.752,False,200,
1787722149.4874847,managed,30.0,30.0,32.93,False,200,
1787722149.520818,managed,30.0,30.0,28.185,False,200,
1787722149.5541513,managed,30.0,30.0,40.868,False,200,
1787722149.5874846,managed,30.0,30.0,30.232,False,200,
1787722149.620818,managed,30.0,30.0,31.433,False,200,
1787722149.6541514,managed,30.0,30.0,29.69,False,200,
1787722149.6874847,managed,30.0,30.0,42.217,False,200,
1787722149.720818,managed,30.0,30.0,39.673,False,200,
1787722149.7541513,managed,30.0,30.0,37.817,False,200,
1787722149.7874846,managed,30.0,30.0,36.301,False,200,
1787722149.820818,managed,30.0,30.0,33.41,False,200,
1787722149.8541512,managed,30.0,30.0,37.04,False,200,
1787722149.8874846,managed,30.0,30.0,35.965,False,200,
1787722149.920818,managed,30.0,30.0,31.639,False,200,
1787722149.9541514,managed,30.0,30.0,37.122,False,200,
1787722149.9874847,managed,30.0,30.0,34.904,False,200,
1787722150.020818,managed,30.0,30.0,27.812,False,200,
1787722150.0541513,managed,30.0,30.0,32.511,False,200,
1787722150.0874846,managed,30.0,30.0,29.863,False,200,
1787722150.120818,managed,30.0,30.0,37.953,False,200,
1787722150.1541514,managed,30.0,30.0,35.845,False,200,
1787722150.1874847,managed,30.0,30.0,36.357,False,200,
1787722150.220818,managed,30.0,30.0,30.593,False,200,
1787722150.2541513,managed,30.0,30.0,38.11,False,200,
1787722150.2874846,managed,30.0,30.0,31.609,False,200,
1787722150.320818,managed,30.0,30.0,37.349,False,200,
1787722150.3541512,managed,30.0,30.0,35.031,False,200,
1787722150.3874846,managed,30.0,30.0,35.195,False,200,
1787722150.420818,managed,30.0,30.0,34.758,False,200,
1787722150.4541514,managed,30.0,30.0,36.003,False,200,
1787722150.4874847,managed,30.0,30.0,36.668,False,200,
1787722150.520818,managed,30.0,30.0,29.979,False,200,
1787722150.5541513,managed,30.0,30.0,34.398,False,200,
1787722150.5874846,managed,30.0,30.0,44.111,False,200,
1787722150.620818,managed,30.0,30.0,33.537,False,200,
1787722150.6541514,managed,30.0,30.0,35.128,False,200,
1787722150.6874847,managed,30.0,30.0,41.797,False,200,
1787722150.720818,managed,30.0,30.0,39.58,False,200,
1787722150.7541513,managed,30.0,30.0,39.588,False,200,
1787722150.7874846,managed,30.0,30.0,35.267,False,200,
1787722150.820818,managed,30.0,30.0,26.418,False,200,
1787722150.8541512,managed,30.0,30.0,42.41,False,200,
1787722150.8874846,managed,30.0,30.0,45.061,False,200,
1787722150.920818,managed,30.0,30.0,50.759,False,200,
1787722150.9541514,managed,30.0,30.0,35.509,False,200,
1787722150.9874847,managed,30.0,30.0,33.52,False,200,
1787722151.020818,managed,30.0,30.0,34.336,False,200,
1787722151.0541513,managed,30.0,30.0,42.261,False,200,
1787722151.0874846,managed,30.0,30.0,31.37,False,200,
1787722151.120818,managed,30.0,30.0,29.155,False,200,
1787722151.1541514,managed,30.0,30.0,34.503,False,200,
1787722151.1874847,managed,30.0,30.0,32.184,False,200,
1787722151.220818,managed,30.0,30.0,36.362,False,200,
1787722151.2541513,managed,30.0,30.0,31.056,False,200,
1787722151.2874846,managed,30.0,30.0,42.225,False,200,
1787722151.320818,managed,30.0,30.0,38.14,False,200,
1787722151.3541512,managed,30.0,30.0,38.355,False,200,
1787722151.3874846,managed,30.0,30.0,34.277,False,200,
1787722151.420818,managed,30.0,30.0,30.096,False,200,
1787722151.4541514,managed,30.0,30.0,33.021,False,200,
1787722151.4874847,managed,30.0,30.0,37.481,False,200,
1787722151.520818,managed,30.0,30.0,41.605,False,200,
1787722151.5541513,managed,30.0,30.0,37.798,False,200,
1787722151.5874846,managed,30.0,30.0,39.452,False,200,
1787722151.620818,managed,30.0,30.0,35.271,False,200,
1787722151.6541514,managed,30.0,30.0,30.66,False,200,
1787722151.6874847,managed,30.0,30.0,40.59,False,200,
1787722151.720818,managed,30.0,30.0,30.462,False,200,
1787722151.7541513,managed,30.0,30.0,45.073,False,200,
1787722151.7874846,managed,30.0,30.0,46.283,False,200,
1787722151.820818,managed,30.0,30.0,32.172,False,200,
1787722151.8541512,managed,30.0,30.0,46.926,False,200,
1787722151.8874846,managed,30.0,30.0,42.175,False,200,
1787722151.920818,managed,30.0,30.0,34.409,False,200,
1787722151.9541514,managed,30.0,30.0,36.889,False,200,
1787722151.9874847,managed,30.0,30.0,41.694,False,200,
1787722152.020818,managed,30.0,30.0,32.791,False,200,
1787722152.0541513,managed,30.0,30.0,41.966,False,200,
1787722152.0874846,managed,30.0,30.0,37.549,False,200,
1787722152.120818,managed,30.0,30.0,33.218,False,200,
1787722152.1541514,managed,30.0,30.0,33.886,False,200,
1787722152.1874847,managed,30.0,30.0,29.859,False,200,
1787722152.220818,managed,30.0,30.0,30.958,False,200,
1787722152.2541513,managed,30.0,30.0,39.07,False,200,
1787722152.2874846,managed,30.0,30.0,38.582,False,200,
1787722152.320818,managed,30.0,30.0,30.642,False,200,
1787722152.3541512,managed,30.0,30.0,42.381,False,200,
1787722152.3874846,managed,30.0,30.0,37.129,False,200,
1787722152.420818,managed,30.0,30.0,28.523,False,200,
1787722152.4541514,managed,30.0,30.0,27.291,False,200,
1787722152.4874847,managed,30.0,30.0,37.007,False,200,
1787722152.520818,managed,30.0,30.0,29.333,False,200,
1787722152.5541513,managed,30.0,30.0,36.941,False,200,
1787722152.5874846,managed,30.0,30.0,36.677,False,200,
1787722152.620818,managed,30.0,30.0,34.65,False,200,
1787722152.6541514,managed,30.0,30.0,44.442,False,200,
1787722152.6874847,managed,30.0,30.0,34.997,False,200,
1787722152.720818,managed,30.0,30.0,45.411,False,200,
1787722152.7541513,managed,30.0,30.0,25.728,False,200,
1787722152.7874846,managed,30.0,30.0,26.477,False,200,
1787722152.820818,managed,30.0,30.0,34.795,False,200,
1787722152.8541512,managed,30.0,30.0,33.905,False,200,
1787722152.8874846,managed,30.0,30.0,32.463,False,200,
1787722152.920818,managed,30.0,30.0,37.616,False,200,
1787722152.9541514,managed,30.0,30.0,26.971,False,200,
1787722152.9874847,managed,30.0,30.0,35.001,False,200,
1787722153.020818,managed,30.0,30.0,39.779,False,200,
1787722153.0541513,managed,30.0,30.0,36.669,False,200,
1787722153.0874846,managed,30.0,30.0,42.133,False,200,
1787722153.120818,managed,30.0,30.0,37.776,False,200,
1787722153.1541514,managed,30.0,30.0,43.013,False,200,
1787722153.1874847,managed,30.0,30.0,30.41,False,200,
1787722153.220818,managed,30.0,30.0,42.322,False,200,
1787722153.2541513,managed,30.0,30.0,32.629,False,200,
1787722153.2874846,managed,30.0,30.0,55.464,False,200,
1787722153.320818,managed,30.0,30.0,31.475,False,200,
1787722153.3541512,managed,30.0,30.0,25.656,False,200,
1787722153.3874846,managed,30.0,30.0,30.55,False,200,
1787722153.420818,managed,30.0,30.0,33.548,False,200,
1787722153.4541514,managed,30.0,30.0,37.667,False,200,
1787722153.4874847,managed,30.0,30.0,33.179,False,200,
1787722153.520818,managed,30.0,30.0,42.208,False,200,
1787722153.5541513,managed,30.0,30.0,30.11,False,200,
1787722153.5874846,managed,30.0,30.0,27.686,False,200,
1787722153.620818,managed,30.0,30.0,36.176,False,200,
1787722153.6541514,managed,30.0,30.0,37.423,False,200,
1787722153.6874847,managed,30.0,30.0,45.772,False,200,
1787722153.720818,managed,30.0,30.0,29.905,False,200,
1787722153.7541513,managed,30.0,30.0,36.31,False,200,
1787722153.7874846,managed,30.0,30.0,28.669,False,200,
1787722153.820818,managed,30.0,30.0,42.524,False,200,
1787722153.8541512,managed,30.0,30.0,37.496,False,200,
1787722153.8874846,managed,30.0,30.0,37.718,False,200,
1787722153.920818,managed,30.0,30.0,32.118,False,200,
1787722153.9541514,managed,30.0,30.0,32.667,False,200,
1787722153.9874847,managed,30.0,30.0,29.289,False,200,
1787722154.020818,managed,30.0,30.0,45.414,False,200,
1787722154.0541513,managed,30.0,30.0,31.062,False,200,
1787722154.0874846,managed,30.0,30.0,29.622,False,200,
1787722154.120818,managed,30.0,30.0,37.462,False,200,
1787722154.1541514,managed,30.0,30.0,41.613,False,200,
1787722154.1874847,managed,30.0,30.0,39.468,False,200,
1787722154.220818,managed,30.0,30.0,30.011,False,200,
1787722154.2541513,managed,30.0,30.0,34.082,False,200,
1787722154.2874846,managed,30.0,30.0,28.678,False,200,
1787722154.320818,managed,30.0,30.0,33.154,False,200,
1787722154.3541512,managed,30.0,30.0,28.125,False,200,
1787722154.3874846,managed,30.0,30.0,33.977,False,200,
1787722154.420818,managed,30.0,30.0,41.705,False,200,
1787722154.4541514,managed,30.0,30.0,36.981,False,200,
1787722154.4874847,managed,30.0,30.0,42.292,False,200,
1787722154.520818,managed,30.0,30.0,31.145,False,200,
1787722154.5541513,managed,30.0,30.0,33.762,False,200,
1787722154.5874846,managed,30.0,30.0,37.513,False,200,
1787722154.620818,managed,30.0,30.0,37.974,False,200,
1787722154.6541514,managed,30.0,30.0,34.694,False,200,
1787722154.6874847,managed,30.0,30.0,41.703,False,200,
1787722154.720818,managed,30.0,30.0,45.697,False,200,
1787722154.7541513,managed,30.0,30.0,30.007,False,200,
1787722154.7874846,managed,30.0,30.0,32.643,False,200,
1787722154.820818,managed,30.0,30.0,33.28,False,200,
1787722154.8541512,managed,30.0,30.0,36.837,False,200,
1787722154.8874846,managed,30.0,30.0,33.147,False,200,
1787722154.920818,managed,30.0,30.0,33.275,False,200,
1787722154.9541514,managed,30.0,30.0,49.12,False,200,
1787722154.9874847,managed,30.0,30.0,41.176,False,200,
1787722155.020818,managed,30.0,30.0,24.3,False,200,
1787722155.0541513,managed,30.0,30.0,38.27,False,200,
1787722155.0874846,managed,30.0,30.0,29.285,False,200,
1787722155.120818,managed,30.0,30.0,41.25,False,200,
1787722155.1541514,managed,30.0,30.0,32.845,False,200,
1787722155.1874847,managed,30.0,30.0,40.564,False,200,
1787722155.220818,managed,30.0,30.0,35.098,False,200,
1787722155.2541513,managed,30.0,30.0,43.297,False,200,
1787722155.2874846,managed,30.0,30.0,31.443,False,200,
1787722155.320818,managed,30.0,30.0,32.067,False,200,
1787722155.3541512,managed,30.0,30.0,39.008,False,200,
1787722155.3874846,managed,30.0,30.0,33.962,False,200,
1787722155.420818,managed,30.0,30.0,42.031,False,200,
1787722155.4541514,managed,30.0,30.0,34.827,False,200,
1787722155.4874847,managed,30.0,30.0,29.344,False,200,
1787722155.520818,managed,30.0,30.0,31.943,False,200,
1787722155.5541513,managed,30.0,30.0,37.29,False,200,
1787722155.5874846,managed,30.0,30.0,37.842,False,200,
1787722155.620818,managed,30.0,30.0,35.981,False,200,
1787722155.6541514,managed,30.0,30.0,30.822,False,200,
1787722155.6874847,managed,30.0,30.0,30.986,False,200,
1787722155.720818,managed,30.0,30.0,33.468,False,200,
1787722155.7541513,managed,30.0,30.0,38.159,False,200,
1787722155.7874846,managed,30.0,30.0,44.784,False,200,
1787722155.820818,managed,30.0,30.0,40.668,False,200,
1787722155.8541512,managed,30.0,30.0,31.098,False,200,
1787722155.8874846,managed,30.0,30.0,36.601,False,200,
1787722155.920818,managed,30.0,30.0,22.207,False,200,
1787722155.9541514,managed,30.0,30.0,42.417,False,200,
1787722155.9874847,managed,30.0,30.0,41.681,False,200,
1787722156.020818,managed,30.0,30.0,35.325,False,200,
1787722156.0541513,managed,30.0,30.0,29.716,False,200,
1787722156.0874846,managed,30.0,30.0,32.562,False,200,
1787722156.120818,managed,30.0,30.0,37.353,False,200,
1787722156.1541514,managed,30.0,30.0,39.287,False,200,
1787722156.1874847,managed,30.0,30.0,29.272,False,200,
1787722156.220818,managed,30.0,30.0,29.862,False,200,
1787722156.2541513,managed,30.0,30.0,36.174,False,200,
1787722156.2874846,managed,30.0,30.0,31.742,False,200,
1787722156.320818,managed,30.0,30.0,30.252,False,200,
1787722156.3541512,managed,30.0,30.0,28.739,False,200,
1787722156.3874846,managed,30.0,30.0,43.058,False,200,
1787722156.420818,managed,30.0,30.0,29.478,False,200,
1787722156.4541514,managed,30.0,30.0,37.308,False,200,
1787722156.4874847,managed,30.0,30.0,37.699,False,200,
1787722156.520818,managed,30.0,30.0,34.629,False,200,
1787722156.5541513,managed,30.0,30.0,36.54,False,200,
1787722156.5874846,managed,30.0,30.0,33.509,False,200,
1787722156.620818,managed,30.0,30.0,48.086,False,200,
1787722156.6541514,managed,30.0,30.0,38.516,False,200,
1787722156.6874847,managed,30.0,30.0,36.08,False,200,
1787722156.720818,managed,30.0,30.0,39.166,False,200,
1787722156.7541513,managed,30.0,30.0,36.865,False,200,
1787722156.7874846,managed,30.0,30.0,34.319,False,200,
1787722156.820818,managed,30.0,30.0,36.63,False,200,
1787722156.8541512,managed,30.0,30.0,27.246,False,200,
1787722156.8874846,managed,30.0,30.0,40.361,False,200,
1787722156.920818,managed,30.0,30.0,30.922,False,200,
1787722156.9541514,managed,30.0,30.0,37.055,False,200,
1787722156.9874847,managed,30.0,30.0,32.462,False,200,
1787722157.020818,managed,30.0,30.0,25.876,False,200,
1787722157.0541513,managed,30.0,30.0,30.694,False,200,
1787722157.0874846,managed,30.0,30.0,27.909,False,200,
1787722157.120818,managed,30.0,30.0,40.313,False,200,
1787722157.1541514,managed,30.0,30.0,33.015,False,200,
1787722157.1874847,managed,30.0,30.0,34.249,False,200,
1787722157.220818,managed,30.0,30.0,40.778,False,200,
1787722157.2541513,managed,30.0,30.0,42.692,False,200,
1787722157.2874846,managed,30.0,30.0,40.042,False,200,
1787722157.320818,managed,30.0,30.0,32.414,False,200,
1787722157.3541512,managed,30.0,30.0,34.269,False,200,
1787722157.3874846,managed,30.0,30.0,38.824,False,200,
1787722157.420818,managed,30.0,30.0,35.929,False,200,
1787722157.4541514,managed,30.0,30.0,32.134,False,200,
1787722157.4874847,managed,30.0,30.0,34.744,False,200,
1787722157.520818,managed,30.0,30.0,36.838,False,200,
1787722157.5541513,managed,30.0,30.0,34.647,False,200,
1787722157.5874846,managed,30.0,30.0,36.562,False,200,
1787722157.620818,managed,30.0,30.0,33.379,False,200,
1787722157.6541514,managed,30.0,30.0,34.524,False,200,
1787722157.6874847,managed,30.0,30.0,39.796,False,200,
1787722157.720818,managed,30.0,30.0,38.867,False,200,
1787722157.7541513,managed,30.0,30.0,36.696,False,200,
1787722157.7874846,managed,30.0,30.0,33.306,False,200,
1787722157.820818,managed,30.0,30.0,35.972,False,200,
1787722157.8541512,managed,30.0,30.0,34.612,False,200,
1787722157.8874846,managed,30.0,30.0,33.199,False,200,
1787722157.920818,managed,30.0,30.0,37.881,False,200,
1787722157.9541514,managed,30.0,30.0,32.66,False,200,
1787722157.9874847,managed,30.0,30.0,34.728,False,200,
1787722158.020818,managed,30.0,30.0,32.306,False,200,
1787722158.0541513,managed,30.0,30.0,32.0,False,200,
1787722158.0874846,managed,30.0,30.0,34.547,False,200,
1787722158.120818,managed,30.0,30.0,39.1,False,200,
1787722158.1541514,managed,30.0,30.0,30.793,False,200,
1787722158.1874847,managed,30.0,30.0,38.143,False,200,
1787722158.220818,managed,30.0,30.0,40.437,False,200,
1787722158.2541513,managed,30.0,30.0,43.727,False,200,
1787722158.2874846,managed,30.0,30.0,43.098,False,200,
1787722158.320818,managed,30.0,30.0,41.416,False,200,
1787722158.3541512,managed,30.0,30.0,44.444,False,200,
1787722158.3874846,managed,30.0,30.0,44.599,False,200,
1787722158.420818,managed,30.0,30.0,30.028,False,200,
1787722158.4541514,managed,30.0,30.0,31.978,False,200,
1787722158.4874847,managed,30.0,30.0,34.753,False,200,
1787722158.520818,managed,30.0,30.0,36.258,False,200,
1787722158.5541513,managed,30.0,30.0,32.565,False,200,
1787722158.5874846,managed,30.0,30.0,37.658,False,200,
1787722158.620818,managed,30.0,30.0,29.929,False,200,
1787722158.6541514,managed,30.0,30.0,38.063,False,200,
1787722158.6874847,managed,30.0,30.0,35.01,False,200,
1787722158.720818,managed,30.0,30.0,46.901,False,200,
1787722158.7541513,managed,30.0,30.0,34.047,False,200,
1787722158.7874846,managed,30.0,30.0,35.173,False,200,
1787722158.820818,managed,30.0,30.0,43.454,False,200,
1787722158.8541512,managed,30.0,30.0,40.684,False,200,
1787722158.8874846,managed,30.0,30.0,39.257,False,200,
1787722158.920818,managed,30.0,30.0,44.745,False,200,
1787722158.9541514,managed,30.0,30.0,46.481,False,200,
1787722158.9874847,managed,30.0,30.0,37.588,False,200,
1787722159.020818,managed,30.0,30.0,39.038,False,200,
1787722159.0541513,managed,30.0,30.0,28.01,False,200,
1787722159.0874846,managed,30.0,30.0,30.504,False,200,
1787722159.120818,managed,30.0,30.0,27.329,False,200,
1787722159.1541514,managed,30.0,30.0,36.152,False,200,
1787722159.1874847,managed,30.0,30.0,36.499,False,200,
1787722159.220818,managed,30.0,30.0,46.804,False,200,
1787722159.2541513,managed,30.0,30.0,33.108,False,200,
1787722159.2874846,managed,30.0,30.0,35.305,False,200,
1787722159.320818,managed,30.0,30.0,48.287,False,200,
1787722159.3541512,managed,30.0,30.0,37.65,False,200,
1787722159.3874846,managed,30.0,30.0,34.976,False,200,
1787722159.420818,managed,30.0,30.0,36.536,False,200,
1787722159.4541514,managed,30.0,30.0,28.287,False,200,
1787722159.4874847,managed,30.0,30.0,29.341,False,200,
1787722159.520818,managed,30.0,30.0,35.067,False,200,
1787722159.5541513,managed,30.0,30.0,31.628,False,200,
1787722159.5874846,managed,30.0,30.0,35.828,False,200,
1787722159.620818,managed,30.0,30.0,37.266,False,200,
1787722159.6541514,managed,30.0,30.0,39.376,False,200,
1787722159.6874847,managed,30.0,30.0,39.969,False,200,
1787722159.720818,managed,30.0,30.0,25.863,False,200,
1787722159.7541513,managed,30.0,30.0,34.454,False,200,
1787722159.7874846,managed,30.0,30.0,36.578,False,200,
1787722159.820818,managed,30.0,30.0,36.534,False,200,
1787722159.8541512,managed,30.0,30.0,43.085,False,200,
1787722159.8874846,managed,30.0,30.0,41.218,False,200,
1787722159.920818,managed,30.0,30.0,33.386,False,200,
1787722159.9541514,managed,30.0,30.0,28.447,False,200,
1787722159.9874847,managed,30.0,30.0,32.748,False,200,
1787722160.020818,managed,30.0,30.0,42.865,False,200,
1787722160.0541513,managed,30.0,30.0,31.897,False,200,
1787722160.0874846,managed,30.0,30.0,28.538,False,200,
1787722160.120818,managed,30.0,30.0,37.324,False,200,
1787722160.1541514,managed,30.0,30.0,40.81,False,200,
1787722160.1874847,managed,30.0,30.0,35.209,False,200,
1787722160.220818,managed,30.0,30.0,40.035,False,200,
1787722160.2541513,managed,30.0,30.0,41.015,False,200,
1787722160.2874846,managed,30.0,30.0,30.8,False,200,
1787722160.320818,managed,30.0,30.0,27.494,False,200,
1787722160.3541512,managed,30.0,30.0,36.702,False,200,
1787722160.3874846,managed,30.0,30.0,37.955,False,200,
1787722160.420818,managed,30.0,30.0,38.07,False,200,
1787722160.4541514,managed,30.0,30.0,36.444,False,200,
1787722160.4874847,managed,30.0,30.0,34.771,False,200,
1787722160.520818,managed,30.0,30.0,33.25,False,200,
1787722160.5541513,managed,30.0,30.0,33.819,False,200,
1787722160.5874846,managed,30.0,30.0,36.321,False,200,
1787722160.620818,managed,30.0,30.0,35.184,False,200,
1787722160.6541514,managed,30.0,30.0,41.437,False,200,
1787722160.6874847,managed,30.0,30.0,30.287,False,200,
1787722160.720818,managed,30.0,30.0,33.046,False,200,
1787722160.7541513,managed,30.0,30.0,35.561,False,200,
1787722160.7874846,managed,30.0,30.0,43.116,False,200,
1787722160.820818,managed,30.0,30.0,38.975,False,200,
1787722160.8541512,managed,30.0,30.0,35.848,False,200,
1787722160.8874846,managed,30.0,30.0,36.782,False,200,
1787722160.920818,managed,30.0,30.0,42.551,False,200,
1787722160.9541514,managed,30.0,30.0,43.021,False,200,
1787722160.9874847,managed,30.0,30.0,44.915,False,200,
1787722161.020818,managed,30.0,30.0,27.965,False,200,
1787722161.0541513,managed,30.0,30.0,35.664,False,200,
1787722161.0874846,managed,30.0,30.0,39.488,False,200,
1787722161.120818,managed,30.0,30.0,35.843,False,200,
1787722161.1541514,managed,30.0,30.0,32.674,False,200,
1787722161.1874847,managed,30.0,30.0,29.584,False,200,
1787722161.220818,managed,30.0,30.0,35.473,False,200,
1787722161.2541513,managed,30.0,30.0,38.106,False,200,
1787722161.2874846,managed,30.0,30.0,39.021,False,200,
1787722161.320818,managed,30.0,30.0,41.797,False,200,
1787722161.3541512,managed,30.0,30.0,40.707,False,200,
1787722161.3874846,managed,30.0,30.0,31.898,False,200,
1787722161.420818,managed,30.0,30.0,41.244,False,200,
1787722161.4541514,managed,30.0,30.0,50.94,False,200,
1787722161.4874847,managed,30.0,30.0,41.366,False,200,
1787722161.520818,managed,30.0,30.0,42.733,False,200,
1787722161.5541513,managed,30.0,30.0,30.317,False,200,
1787722161.5874846,managed,30.0,30.0,34.111,False,200,
1787722161.620818,managed,30.0,30.0,39.037,False,200,
1787722161.6541514,managed,30.0,30.0,35.512,False,200,
1787722161.6874847,managed,30.0,30.0,33.493,False,200,
1787722161.720818,managed,30.0,30.0,37.523,False,200,
1787722161.7541513,managed,30.0,30.0,32.007,False,200,
1787722161.7874846,managed,30.0,30.0,32.959,False,200,
1787722161.820818,managed,30.0,30.0,33.763,False,200,
1787722161.8541512,managed,30.0,30.0,29.797,False,200,
1787722161.8874846,managed,30.0,30.0,36.215,False,200,
1787722161.920818,managed,30.0,30.0,38.935,False,200,
1787722161.9541514,managed,30.0,30.0,34.913,False,200,
1787722161.9874847,managed,30.0,30.0,29.376,False,200,
1787722162.020818,managed,30.0,30.0,39.302,False,200,
1787722162.0541513,managed,30.0,30.0,32.927,False,200,
1787722162.0874846,managed,30.0,30.0,41.652,False,200,
1787722162.120818,managed,30.0,30.0,28.537,False,200,
1787722162.1541514,managed,30.0,30.0,34.458,False,200,
1787722162.1874847,managed,30.0,30.0,27.804,False,200,
1787722162.220818,managed,30.0,30.0,43.449,False,200,
1787722162.2541513,managed,30.0,30.0,31.526,False,200,
1787722162.2874846,managed,30.0,30.0,34.194,False,200,
1787722162.320818,managed,30.0,30.0,36.762,False,200,
1787722162.3541512,managed,30.0,30.0,27.79,False,200,
1787722162.3874846,managed,30.0,30.0,29.291,False,200,
1787722162.420818,managed,30.0,30.0,35.439,False,200,
1787722162.4541514,managed,30.0,30.0,40.765,False,200,
1787722162.4874847,managed,30.0,30.0,33.382,False,200,
1787722162.520818,managed,30.0,30.0,37.7,False,200,
1787722162.5541513,managed,30.0,30.0,36.22,False,200,
1787722162.5874846,managed,30.0,30.0,37.087,False,200,
1787722162.620818,managed,30.0,30.0,38.966,False,200,
1787722162.6541514,managed,30.0,30.0,34.401,False,200,
1787722162.6874847,managed,30.0,30.0,32.155,False,200,
1787722162.720818,managed,30.0,30.0,43.155,False,200,
1787722162.7541513,managed,30.0,30.0,32.646,False,200,
1787722162.7874846,managed,30.0,30.0,37.324,False,200,
1787722162.820818,managed,30.0,30.0,32.52,False,200,
1787722162.8541512,managed,30.0,30.0,39.553,False,200,
1787722162.8874846,managed,30.0,30.0,36.828,False,200,
1787722162.920818,managed,30.0,30.0,35.922,False,200,
1787722162.9541514,managed,30.0,30.0,35.092,False,200,
1787722162.9874847,managed,30.0,30.0,34.707,False,200,
1787722163.020818,managed,30.0,30.0,28.794,False,200,
1787722163.0541513,managed,30.0,30.0,40.89,False,200,
1787722163.0874846,managed,30.0,30.0,33.795,False,200,
1787722163.120818,managed,30.0,30.0,28.236,False,200,
1787722163.1541514,managed,30.0,30.0,35.953,False,200,
1787722163.1874847,managed,30.0,30.0,28.772,False,200,
1787722163.220818,managed,30.0,30.0,41.189,False,200,
1787722163.2541513,managed,30.0,30.0,31.754,False,200,
1787722163.2874846,managed,30.0,30.0,33.353,False,200,
1787722163.320818,managed,30.0,30.0,32.207,False,200,
1787722163.3541512,managed,30.0,30.0,42.969,False,200,
1787722163.3874846,managed,30.0,30.0,47.63,False,200,
1787722163.420818,managed,30.0,30.0,33.923,False,200,
1787722163.4541514,managed,30.0,30.0,38.236,False,200,
1787722163.4874847,managed,30.0,30.0,34.923,False,200,
1787722163.520818,managed,30.0,30.0,34.314,False,200,
1787722163.5541513,managed,30.0,30.0,37.191,False,200,
1787722163.5874846,managed,30.0,30.0,38.739,False,200,
1787722163.620818,managed,30.0,30.0,35.176,False,200,
1787722163.6541514,managed,30.0,30.0,30.854,False,200,
1787722163.6874847,managed,30.0,30.0,37.557,False,200,
1787722163.720818,managed,30.0,30.0,31.665,False,200,
1787722163.7541513,managed,30.0,30.0,40.88,False,200,
1787722163.7874846,managed,30.0,30.0,35.326,False,200,
1787722163.820818,managed,30.0,30.0,27.069,False,200,
1787722163.8541512,managed,30.0,30.0,30.044,False,200,
1787722163.8874846,managed,30.0,30.0,26.255,False,200,
1787722163.920818,managed,30.0,30.0,36.24,False,200,
1787722163.9541514,managed,30.0,30.0,33.093,False,200,
1787722163.9874847,managed,30.0,30.0,35.212,False,200,
1787722164.020818,managed,30.0,30.0,27.962,False,200,
1787722164.0541513,managed,30.0,30.0,37.143,False,200,
1787722164.0874846,managed,30.0,30.0,31.465,False,200,
1787722164.120818,managed,30.0,30.0,29.843,False,200,
1787722164.1541514,managed,30.0,30.0,42.484,False,200,
1787722164.1874847,managed,30.0,30.0,34.719,False,200,
1787722164.220818,managed,30.0,30.0,32.711,False,200,
1787722164.2541513,managed,30.0,30.0,24.766,False,200,
1787722164.2874846,managed,30.0,30.0,38.904,False,200,
1787722164.320818,managed,30.0,30.0,32.9,False,200,
1787722164.3541512,managed,30.0,30.0,33.201,False,200,
1787722164.3874846,managed,30.0,30.0,26.566,False,200,
1787722164.420818,managed,30.0,30.0,38.835,False,200,
1787722164.4541514,managed,30.0,30.0,35.183,False,200,
1787722164.4874847,managed,30.0,30.0,39.51,False,200,
1787722164.520818,managed,30.0,30.0,33.237,False,200,
1787722164.5541513,managed,30.0,30.0,45.672,False,200,
1787722164.5874846,managed,30.0,30.0,51.305,False,200,
1787722164.620818,managed,30.0,30.0,35.787,False,200,
1787722164.6541514,managed,30.0,30.0,37.089,False,200,
1787722164.6874847,managed,30.0,30.0,28.472,False,200,
1787722164.720818,managed,30.0,30.0,38.389,False,200,
1787722164.7541513,managed,30.0,30.0,34.262,False,200,
1787722164.7874846,managed,30.0,30.0,30.839,False,200,
1787722164.820818,managed,30.0,30.0,29.39,False,200,
1787722164.8541512,managed,30.0,30.0,32.029,False,200,
1787722164.8874846,managed,30.0,30.0,38.582,False,200,
1787722164.920818,managed,30.0,30.0,32.725,False,200,
1787722164.9541514,managed,30.0,30.0,35.077,False,200,
1787722164.9874847,managed,30.0,30.0,35.978,False,200,
1787722165.020818,managed,30.0,30.0,32.426,False,200,
1787722165.0541513,managed,30.0,30.0,42.124,False,200,
1787722165.0874846,managed,30.0,30.0,43.952,False,200,
1787722165.120818,managed,30.0,30.0,34.402,False,200,
1787722165.1541514,managed,30.0,30.0,39.582,False,200,
1787722165.1874847,managed,30.0,30.0,38.093,False,200,
1787722165.220818,managed,30.0,30.0,31.002,False,200,
1787722165.2541513,managed,30.0,30.0,35.222,False,200,
1787722165.2874846,managed,30.0,30.0,31.068,False,200,
1787722165.320818,managed,30.0,30.0,42.634,False,200,
1787722165.3541512,managed,30.0,30.0,32.526,False,200,
1787722165.3874846,managed,30.0,30.0,30.419,False,200,
1787722165.420818,managed,30.0,30.0,33.304,False,200,
1787722165.4541514,managed,30.0,30.0,31.289,False,200,
1787722165.4874847,managed,30.0,30.0,39.705,False,200,
1787722165.520818,managed,30.0,30.0,35.596,False,200,
1787722165.5541513,managed,30.0,30.0,33.816,False,200,
1787722165.5874846,managed,30.0,30.0,37.622,False,200,
1787722165.620818,managed,30.0,30.0,38.56,False,200,
1787722165.6541514,managed,30.0,30.0,34.921,False,200,
1787722165.6874847,managed,30.0,30.0,40.248,False,200,
1787722165.720818,managed,30.0,30.0,38.023,False,200,
1787722165.7541513,managed,30.0,30.0,39.577,False,200,
1787722165.7874846,managed,30.0,30.0,35.261,False,200,
1787722165.820818,managed,30.0,30.0,36.903,False,200,
1787722165.8541512,managed,30.0,30.0,39.145,False,200,
1787722165.8874846,managed,30.0,30.0,33.769,False,200,
1787722165.920818,managed,30.0,30.0,26.528,False,200,
1787722165.9541514,managed,30.0,30.0,33.765,False,200,
1787722165.9874847,managed,30.0,30.0,39.867,False,200,
1787722166.020818,managed,30.0,30.0,35.887,False,200,
1787722166.0541513,managed,30.0,30.0,27.156,False,200,
1787722166.0874846,managed,30.0,30.0,36.9,False,200,
1787722166.120818,managed,30.0,30.0,31.058,False,200,
1787722166.1541514,managed,30.0,30.0,34.609,False,200,
1787722166.1874847,managed,30.0,30.0,40.8,False,200,
1787722166.220818,managed,30.0,30.0,31.676,False,200,
1787722166.2541513,managed,30.0,30.0,37.003,False,200,
1787722166.2874846,managed,30.0,30.0,30.079,False,200,
1787722166.320818,managed,30.0,30.0,40.593,False,200,
1787722166.3541512,managed,30.0,30.0,32.654,False,200,
1787722166.3874846,managed,30.0,30.0,36.988,False,200,
1787722166.420818,managed,30.0,30.0,47.348,False,200,
1787722166.4541514,managed,30.0,30.0,28.986,False,200,
1787722166.4874847,managed,30.0,30.0,41.626,False,200,
1787722166.520818,managed,30.0,30.0,33.228,False,200,
1787722166.5541513,managed,30.0,30.0,47.268,False,200,
1787722166.5874846,managed,30.0,30.0,33.19,False,200,
1787722166.620818,managed,30.0,30.0,35.829,False,200,
1787722166.6541514,managed,30.0,30.0,41.103,False,200,
1787722166.6874847,managed,30.0,30.0,41.969,False,200,
1787722166.720818,managed,30.0,30.0,32.408,False,200,
1787722166.7541513,managed,30.0,30.0,38.665,False,200,
1787722166.7874846,managed,30.0,30.0,39.071,False,200,
1787722166.820818,managed,30.0,30.0,32.701,False,200,
1787722166.8541512,managed,30.0,30.0,40.999,False,200,
1787722166.8874846,managed,30.0,30.0,39.378,False,200,
1787722166.920818,managed,30.0,30.0,38.665,False,200,
1787722166.9541514,managed,30.0,30.0,34.454,False,200,
1787722166.9874847,managed,30.0,30.0,37.902,False,200,
1787722167.020818,managed,30.0,30.0,31.486,False,200,
1787722167.0541513,managed,30.0,30.0,28.336,False,200,
1787722167.0874846,managed,30.0,30.0,31.341,False,200,
1787722167.120818,managed,30.0,30.0,30.028,False,200,
1787722167.1541514,managed,30.0,30.0,36.392,False,200,
1787722167.1874847,managed,30.0,30.0,38.248,False,200,
1787722167.220818,managed,30.0,30.0,31.632,False,200,
1787722167.2541513,managed,30.0,30.0,36.659,False,200,
1787722167.2874846,managed,30.0,30.0,32.128,False,200,
1787722167.320818,managed,30.0,30.0,42.507,False,200,
1787722167.3541512,managed,30.0,30.0,30.129,False,200,
1787722167.3874846,managed,30.0,30.0,31.654,False,200,
1787722167.420818,managed,30.0,30.0,39.085,False,200,
1787722167.4541514,managed,30.0,30.0,34.069,False,200,
1787722167.4874847,managed,30.0,30.0,29.28,False,200,
1787722167.520818,managed,30.0,30.0,30.077,False,200,
1787722167.5541513,managed,30.0,30.0,35.992,False,200,
1787722167.5874846,managed,30.0,30.0,46.696,False,200,
1787722167.620818,managed,30.0,30.0,40.012,False,200,
1787722167.6541514,managed,30.0,30.0,38.411,False,200,
1787722167.6874847,managed,30.0,30.0,25.36,False,200,
1787722167.720818,managed,30.0,30.0,32.729,False,200,
1787722167.7541513,managed,30.0,30.0,31.431,False,200,
1787722167.7874846,managed,30.0,30.0,32.187,False,200,
1787722167.820818,managed,30.0,30.0,43.517,False,200,
1787722167.8541512,managed,30.0,30.0,29.195,False,200,
1787722167.8874846,managed,30.0,30.0,34.884,False,200,
1787722167.920818,managed,30.0,30.0,36.547,False,200,
1787722167.9541514,managed,30.0,30.0,30.078,False,200,
1787722167.9874847,managed,30.0,30.0,26.862,False,200,
1787722168.020818,managed,30.0,30.0,31.88,False,200,
1787722168.0541513,managed,30.0,30.0,35.916,False,200,
1787722168.0874846,managed,30.0,30.0,34.307,False,200,
1787722168.120818,managed,30.0,30.0,44.703,False,200,
1787722168.1541514,managed,30.0,30.0,30.666,False,200,
1787722168.1874847,managed,30.0,30.0,38.634,False,200,
1787722168.220818,managed,30.0,30.0,30.589,False,200,
1787722168.2541513,managed,30.0,30.0,33.2,False,200,
1787722168.2874846,managed,30.0,30.0,33.485,False,200,
1787722168.320818,managed,30.0,30.0,46.039,False,200,
1787722168.3541512,managed,30.0,30.0,40.303,False,200,
1787722168.3874846,managed,30.0,30.0,30.206,False,200,
1787722168.420818,managed,30.0,30.0,36.001,False,200,
1787722168.4541514,managed,30.0,30.0,29.825,False,200,
1787722168.4874847,managed,30.0,30.0,41.835,False,200,
1787722168.520818,managed,30.0,30.0,37.976,False,200,
1787722168.5541513,managed,30.0,30.0,34.905,False,200,
1787722168.5874846,managed,30.0,30.0,28.971,False,200,
1787722168.620818,managed,30.0,30.0,44.089,False,200,
1787722168.6541514,managed,30.0,30.0,49.259,False,200,
1787722168.6874847,managed,30.0,30.0,28.032,False,200,
1787722168.720818,managed,30.0,30.0,33.664,False,200,
1787722168.7541513,managed,30.0,30.0,37.796,False,200,
1787722168.7874846,managed,30.0,30.0,47.439,False,200,
1787722168.820818,managed,30.0,30.0,25.984,False,200,
1787722168.8541512,managed,30.0,30.0,38.785,False,200,
1787722168.8874846,managed,30.0,30.0,39.154,False,200,
1787722168.920818,managed,30.0,30.0,30.655,False,200,
1787722168.9541514,managed,30.0,30.0,30.752,False,200,
1787722168.9874847,managed,30.0,30.0,40.111,False,200,
1787722169.020818,managed,30.0,30.0,33.645,False,200,
1787722169.0541513,managed,30.0,30.0,31.215,False,200,
1787722169.0874846,managed,30.0,30.0,34.053,False,200,
1787722169.120818,managed,30.0,30.0,28.94,False,200,
1787722169.1541514,managed,30.0,30.0,32.218,False,200,
1787722169.1874847,managed,30.0,30.0,36.516,False,200,
1787722169.220818,managed,30.0,30.0,39.221,False,200,
1787722169.2541513,managed,30.0,30.0,40.995,False,200,
1787722169.2874846,managed,30.0,30.0,38.938,False,200,
1787722169.320818,managed,30.0,30.0,38.491,False,200,
1787722169.3541512,managed,30.0,30.0,43.733,False,200,
1787722169.3874846,managed,30.0,30.0,20.542,False,200,
1787722169.420818,managed,30.0,30.0,24.314,False,200,
1787722169.4541514,managed,30.0,30.0,30.395,False,200,
1787722169.4874847,managed,30.0,30.0,35.47,False,200,
1787722169.520818,managed,30.0,30.0,38.831,False,200,
1787722169.5541513,managed,30.0,30.0,44.364,False,200,
1787722169.5874846,managed,30.0,30.0,36.418,False,200,
1787722169.620818,managed,30.0,30.0,34.15,False,200,
1787722169.6541514,managed,30.0,30.0,35.797,False,200,
1787722169.6874847,managed,30.0,30.0,29.074,False,200,
1787722169.720818,managed,30.0,30.0,28.408,False,200,
1787722169.7541513,managed,30.0,30.0,40.392,False,200,
1787722169.7874846,managed,30.0,30.0,36.813,False,200,
1787722169.820818,managed,30.0,30.0,32.037,False,200,
1787722169.8541512,managed,30.0,30.0,36.988,False,200,
1787722169.8874846,managed,30.0,30.0,36.315,False,200,
1787722169.920818,managed,30.0,30.0,39.534,False,200,
1787722169.9541514,managed,30.0,30.0,35.495,False,200,
1787722169.9874847,managed,30.0,30.0,31.492,False,200,
1787722170.020818,managed,30.0,30.0,32.159,False,200,
1787722170.0541513,managed,30.0,30.0,31.643,False,200,
1787722170.0874846,managed,30.0,30.0,32.711,False,200,
1787722170.120818,managed,30.0,30.0,24.554,False,200,
1787722170.1541514,managed,30.0,30.0,32.53,False,200,
1787722170.1874847,managed,30.0,30.0,31.658,False,200,
1787722170.220818,managed,30.0,30.0,41.089,False,200,
1787722170.2541513,managed,30.0,30.0,37.568,False,200,
1787722170.2874846,managed,30.0,30.0,35.535,False,200,
1787722170.320818,managed,30.0,30.0,35.55,False,200,
1787722170.3541512,managed,30.0,30.0,45.251,False,200,
1787722170.3874846,managed,30.0,30.0,36.633,False,200,
1787722170.420818,managed,30.0,30.0,30.915,False,200,
1787722170.4541514,managed,30.0,30.0,31.208,False,200,
1787722170.4874847,managed,30.0,30.0,37.107,False,200,
1787722170.520818,managed,30.0,30.0,34.809,False,200,
1787722170.5541513,managed,30.0,30.0,32.668,False,200,
1787722170.5874846,managed,30.0,30.0,47.474,False,200,
1787722170.620818,managed,30.0,30.0,25.996,False,200,
1787722170.6541514,managed,30.0,30.0,39.097,False,200,
1787722170.6874847,managed,30.0,30.0,31.725,False,200,
1787722170.720818,managed,30.0,30.0,34.852,False,200,
1787722170.7541513,managed,30.0,30.0,27.305,False,200,
1787722170.7874846,managed,30.0,30.0,40.14,False,200,
1787722170.820818,managed,30.0,30.0,45.521,False,200,
1787722170.8541512,managed,30.0,30.0,43.05,False,200,
1787722170.8874846,managed,30.0,30.0,36.649,False,200,
1787722170.920818,managed,30.0,30.0,50.061,False,200,
1787722170.9541514,managed,30.0,30.0,28.712,False,200,
1787722170.9874847,managed,30.0,30.0,33.241,False,200,
1787722171.020818,managed,30.0,30.0,42.284,False,200,
1787722171.0541513,managed,30.0,30.0,44.18,False,200,
1787722171.0874846,managed,30.0,30.0,34.28,False,200,
1787722171.120818,managed,30.0,30.0,48.524,False,200,
1787722171.1541514,managed,30.0,30.0,35.416,False,200,
1787722171.1874847,managed,30.0,30.0,39.102,False,200,
1787722171.220818,managed,30.0,30.0,44.443,False,200,
1787722171.2541513,managed,30.0,30.0,36.095,False,200,
1787722171.2874846,managed,30.0,30.0,27.593,False,200,
1787722171.320818,managed,30.0,30.0,36.29,False,200,
1787722171.3541512,managed,30.0,30.0,31.507,False,200,
1787722171.3874846,managed,30.0,30.0,40.469,False,200,
1787722171.420818,managed,30.0,30.0,43.13,False,200,
1787722171.4541514,managed,30.0,30.0,38.735,False,200,
1787722171.4874847,managed,30.0,30.0,31.798,False,200,
1787722171.520818,managed,30.0,30.0,30.661,False,200,
1787722171.5541513,managed,30.0,30.0,31.939,False,200,
1787722171.5874846,managed,30.0,30.0,37.061,False,200,
1787722171.620818,managed,30.0,30.0,34.115,False,200,
1787722171.6541514,managed,30.0,30.0,39.452,False,200,
1787722171.6874847,managed,30.0,30.0,33.592,False,200,
1787722171.720818,managed,30.0,30.0,39.167,False,200,
1787722171.7541513,managed,30.0,30.0,32.523,False,200,
1787722171.7874846,managed,30.0,30.0,30.423,False,200,
1787722171.820818,managed,30.0,30.0,36.576,False,200,
1787722171.8541512,managed,30.0,30.0,34.442,False,200,
1787722171.8874846,managed,30.0,30.0,39.855,False,200,
1787722171.920818,managed,30.0,30.0,31.401,False,200,
1787722171.9541514,managed,30.0,30.0,31.754,False,200,
1787722171.9874847,managed,30.0,30.0,37.405,False,200,
1787722172.020818,managed,30.0,30.0,37.279,False,200,
1787722172.0541513,managed,30.0,30.0,43.563,False,200,
1787722172.0874846,managed,30.0,30.0,38.565,False,200,
1787722172.120818,managed,30.0,30.0,36.383,False,200,
1787722172.1541514,managed,30.0,30.0,24.363,False,200,
1787722172.1874847,managed,30.0,30.0,27.817,False,200,
1787722172.220818,managed,30.0,30.0,38.702,False,200,
1787722172.2541513,managed,30.0,30.0,30.156,False,200,
1787722172.2874846,managed,30.0,30.0,32.079,False,200,
1787722172.320818,managed,30.0,30.0,35.396,False,200,
1787722172.3541512,managed,30.0,30.0,44.313,False,200,
1787722172.3874846,managed,30.0,30.0,46.493,False,200,
1787722172.420818,managed,30.0,30.0,40.843,False,200,
1787722172.4541514,managed,30.0,30.0,33.923,False,200,
1787722172.4874847,managed,30.0,30.0,43.059,False,200,
1787722172.520818,managed,30.0,30.0,30.039,False,200,
1787722172.5541513,managed,30.0,30.0,30.879,False,200,
1787722172.5874846,managed,30.0,30.0,37.809,False,200,
1787722172.620818,managed,30.0,30.0,29.144,False,200,
1787722172.6541514,managed,30.0,30.0,54.631,False,200,
1787722172.6874847,managed,30.0,30.0,33.533,False,200,
1787722172.720818,managed,30.0,30.0,42.068,False,200,
1787722172.7541513,managed,30.0,30.0,37.864,False,200,
1787722172.7874846,managed,30.0,30.0,36.309,False,200,
1787722172.820818,managed,30.0,30.0,39.376,False,200,
1787722172.8541512,managed,30.0,30.0,40.854,False,200,
1787722172.8874846,managed,30.0,30.0,30.738,False,200,
1787722172.920818,managed,30.0,30.0,26.148,False,200,
1787722172.9541514,managed,30.0,30.0,34.538,False,200,
1787722172.9874847,managed,30.0,30.0,51.333,False,200,
1787722173.020818,managed,30.0,30.0,38.18,False,200,
1787722173.0541513,managed,30.0,30.0,33.678,False,200,
1787722173.0874846,managed,30.0,30.0,36.567,False,200,
1787722173.120818,managed,30.0,30.0,31.79,False,200,
1787722173.1541514,managed,30.0,30.0,35.502,False,200,
1787722173.1874847,managed,30.0,30.0,28.914,False,200,
1787722173.220818,managed,30.0,30.0,42.667,False,200,
1787722173.2541513,managed,30.0,30.0,33.537,False,200,
1787722173.2874846,managed,30.0,30.0,33.408,False,200,
1787722173.320818,managed,30.0,30.0,28.034,False,200,
1787722173.3541512,managed,30.0,30.0,34.791,False,200,
1787722173.3874846,managed,30.0,30.0,39.224,False,200,
1787722173.420818,managed,30.0,30.0,32.359,False,200,
1787722173.4541514,managed,30.0,30.0,35.459,False,200,
1787722173.4874847,managed,30.0,30.0,25.769,False,200,
1787722173.520818,managed,30.0,30.0,34.124,False,200,
1787722173.5541513,managed,30.0,30.0,29.598,False,200,
1787722173.5874846,managed,30.0,30.0,42.912,False,200,
1787722173.620818,managed,30.0,30.0,29.581,False,200,
1787722173.6541514,managed,30.0,30.0,46.35,False,200,
1787722173.6874847,managed,30.0,30.0,26.03,False,200,
1787722173.720818,managed,30.0,30.0,34.926,False,200,
1787722173.7541513,managed,30.0,30.0,35.583,False,200,
1787722173.7874846,managed,30.0,30.0,33.767,False,200,
1787722173.820818,managed,30.0,30.0,33.367,False,200,
1787722173.8541512,managed,30.0,30.0,30.083,False,200,
1787722173.8874846,managed,30.0,30.0,27.202,False,200,
1787722173.920818,managed,30.0,30.0,37.334,False,200,
1787722173.9541514,managed,30.0,30.0,38.407,False,200,
1787722173.9874847,managed,30.0,30.0,34.4,False,200,
1787722174.020818,managed,30.0,30.0,28.521,False,200,
1787722174.0541513,managed,30.0,30.0,31.293,False,200,
1787722174.0874846,managed,30.0,30.0,28.27,False,200,
1787722174.120818,managed,30.0,30.0,38.927,False,200,
1787722174.1541514,managed,30.0,30.0,36.252,False,200,
1787722174.1874847,managed,30.0,30.0,32.289,False,200,
1787722174.220818,managed,30.0,30.0,44.175,False,200,
1787722174.2541513,managed,30.0,30.0,32.93,False,200,
1787722174.2874846,managed,30.0,30.0,24.134,False,200,
1787722174.320818,managed,30.0,30.0,35.477,False,200,
1787722174.3541512,managed,30.0,30.0,40.14,False,200,
1787722174.3874846,managed,30.0,30.0,39.643,False,200,
1787722174.420818,managed,30.0,30.0,39.086,False,200,
1787722174.4541514,managed,30.0,30.0,41.581,False,200,
1787722174.4874847,managed,30.0,30.0,32.062,False,200,
1787722174.520818,managed,30.0,30.0,34.191,False,200,
1787722174.5541513,managed,30.0,30.0,28.849,False,200,
1787722174.5874846,managed,30.0,30.0,37.768,False,200,
1787722174.620818,managed,30.0,30.0,27.422,False,200,
1787722174.6541514,managed,30.0,30.0,36.377,False,200,
1787722174.6874847,managed,30.0,30.0,32.141,False,200,
1787722174.720818,managed,30.0,30.0,31.337,False,200,
1787722174.7541513,managed,30.0,30.0,35.154,False,200,
1787722174.7874846,managed,30.0,30.0,28.53,False,200,
1787722174.820818,managed,30.0,30.0,39.2,False,200,
1787722174.8541512,managed,30.0,30.0,41.107,False,200,
1787722174.8874846,managed,30.0,30.0,40.551,False,200,
1787722174.920818,managed,30.0,30.0,32.03,False,200,
1787722174.9541514,managed,30.0,30.0,39.385,False,200,
1787722174.9874847,managed,30.0,30.0,35.227,False,200,
1787722175.020818,managed,30.0,30.0,25.832,False,200,
1787722175.0541513,managed,30.0,30.0,43.485,False,200,
1787722175.0874846,managed,30.0,30.0,37.042,False,200,
1787722175.120818,managed,30.0,30.0,34.341,False,200,
1787722175.1541514,managed,30.0,30.0,46.755,False,200,
1787722175.1874847,managed,30.0,30.0,41.893,False,200,
1787722175.220818,managed,30.0,30.0,38.658,False,200,
1787722175.2541513,managed,30.0,30.0,39.717,False,200,
1787722175.2874846,managed,30.0,30.0,45.695,False,200,
1787722175.320818,managed,30.0,30.0,39.908,False,200,
1787722175.3541512,managed,30.0,30.0,41.186,False,200,
1787722175.3874846,managed,30.0,30.0,35.314,False,200,
1787722175.420818,managed,30.0,30.0,42.146,False,200,
1787722175.4541514,managed,30.0,30.0,31.714,False,200,
1787722175.4874847,managed,30.0,30.0,41.041,False,200,
1787722175.520818,managed,30.0,30.0,27.996,False,200,
1787722175.5541513,managed,30.0,30.0,39.78,False,200,
1787722175.5874846,managed,30.0,30.0,32.833,False,200,
1787722175.620818,managed,30.0,30.0,47.629,False,200,
1787722175.6541514,managed,30.0,30.0,30.863,False,200,
1787722175.6874847,managed,30.0,30.0,32.79,False,200,
1787722175.720818,managed,30.0,30.0,41.654,False,200,
1787722175.7541513,managed,30.0,30.0,40.931,False,200,
1787722175.7874846,managed,30.0,30.0,40.237,False,200,
1787722175.820818,managed,30.0,30.0,41.747,False,200,
1787722175.8541512,managed,30.0,30.0,39.759,False,200,
1787722175.8874846,managed,30.0,30.0,30.303,False,200,
1787722175.920818,managed,30.0,30.0,39.193,False,200,
1787722175.9541514,managed,30.0,30.0,39.246,False,200,
1787722175.9874847,managed,30.0,30.0,40.235,False,200,
1787722176.020818,managed,30.0,30.0,34.739,False,200,
1787722176.0541513,managed,30.0,30.0,33.271,False,200,
1787722176.0874846,managed,30.0,30.0,38.499,False,200,
1787722176.120818,managed,30.0,30.0,38.075,False,200,
1787722176.1541514,managed,30.0,30.0,29.172,False,200,
1787722176.1874847,managed,30.0,30.0,36.034,False,200,
1787722176.220818,managed,30.0,30.0,29.869,False,200,
1787722176.2541513,managed,30.0,30.0,35.372,False,200,
1787722176.2874846,managed,30.0,30.0,34.357,False,200,
1787722176.320818,managed,30.0,30.0,33.863,False,200,
1787722176.3541512,managed,30.0,30.0,31.357,False,200,
1787722176.3874846,managed,30.0,30.0,36.215,False,200,
1787722176.420818,managed,30.0,30.0,35.8,False,200,
1787722176.4541514,managed,30.0,30.0,32.585,False,200,
1787722176.4874847,managed,30.0,30.0,30.895,False,200,
1787722176.520818,managed,30.0,30.0,31.934,False,200,
1787722176.5541513,managed,30.0,30.0,31.3,False,200,
1787722176.5874846,managed,30.0,30.0,40.327,False,200,
1787722176.620818,managed,30.0,30.0,29.881,False,200,
1787722176.6541514,managed,30.0,30.0,44.395,False,200,
1787722176.6874847,managed,30.0,30.0,42.287,False,200,
1787722176.720818,managed,30.0,30.0,30.344,False,200,
1787722176.7541513,managed,30.0,30.0,26.373,False,200,
1787722176.7874846,managed,30.0,30.0,22.852,False,200,
1787722176.820818,managed,30.0,30.0,40.27,False,200,
1787722176.8541512,managed,30.0,30.0,44.61,False,200,
1787722176.8874846,managed,30.0,30.0,46.082,False,200,
1787722176.920818,managed,30.0,30.0,30.388,False,200,
1787722176.9541514,managed,30.0,30.0,38.865,False,200,
1787722176.9874847,managed,30.0,30.0,34.369,False,200,
1787722177.020818,managed,30.0,30.0,37.31,False,200,
1787722177.0541513,managed,30.0,30.0,29.229,False,200,
1787722177.0874846,managed,30.0,30.0,27.658,False,200,
1787722177.120818,managed,30.0,30.0,36.944,False,200,
1787722177.1541514,managed,30.0,30.0,40.42,False,200,
1787722177.1874847,managed,30.0,30.0,33.893,False,200,
1787722177.220818,managed,30.0,30.0,29.669,False,200,
1787722177.2541513,managed,30.0,30.0,35.069,False,200,
1787722177.2874846,managed,30.0,30.0,37.644,False,200,
1787722177.320818,managed,30.0,30.0,34.657,False,200,
1787722177.3541512,managed,30.0,30.0,46.482,False,200,
1787722177.3874846,managed,30.0,30.0,31.087,False,200,
1787722177.420818,managed,30.0,30.0,33.877,False,200,
1787722177.4541514,managed,30.0,30.0,29.45,False,200,
1787722177.4874847,managed,30.0,30.0,28.012,False,200,
1787722177.520818,managed,30.0,30.0,24.419,False,200,
1787722177.5541513,managed,30.0,30.0,45.839,False,200,
1787722177.5874846,managed,30.0,30.0,35.536,False,200,
1787722177.620818,managed,30.0,30.0,42.091,False,200,
1787722177.6541514,managed,30.0,30.0,47.146,False,200,
1787722177.6874847,managed,30.0,30.0,36.505,False,200,
1787722177.720818,managed,30.0,30.0,47.389,False,200,
1787722177.7541513,managed,30.0,30.0,45.576,False,200,
1787722177.7874846,managed,30.0,30.0,39.761,False,200,
1787722177.820818,managed,30.0,30.0,42.133,False,200,
1787722177.8541512,managed,30.0,30.0,31.345,False,200,
1787722177.8874846,managed,30.0,30.0,33.056,False,200,
1787722177.920818,managed,30.0,30.0,36.956,False,200,
1787722177.9541514,managed,30.0,30.0,31.139,False,200,
1787722177.9874847,managed,30.0,30.0,36.788,False,200,
1787722178.020818,managed,30.0,30.0,42.541,False,200,
1787722178.0541513,managed,30.0,30.0,30.393,False,200,
1787722178.0874846,managed,30.0,30.0,35.572,False,200,
1787722178.120818,managed,30.0,30.0,35.188,False,200,
1787722178.1541514,managed,30.0,30.0,29.015,False,200,
1787722178.1874847,managed,30.0,30.0,37.163,False,200,
1787722178.220818,managed,30.0,30.0,39.777,False,200,
1787722178.2541513,managed,30.0,30.0,29.832,False,200,
1787722178.2874846,managed,30.0,30.0,26.763,False,200,
1787722178.320818,managed,30.0,30.0,36.096,False,200,
1787722178.3541512,managed,30.0,30.0,30.462,False,200,
1787722178.3874846,managed,30.0,30.0,41.518,False,200,
1787722178.420818,managed,30.0,30.0,38.378,False,200,
1787722178.4541514,managed,30.0,30.0,25.813,False,200,
1787722178.4874847,managed,30.0,30.0,34.566,False,200,
1787722178.520818,managed,30.0,30.0,41.358,False,200,
1787722178.5541513,managed,30.0,30.0,35.92,False,200,
1787722178.5874846,managed,30.0,30.0,47.565,False,200,
1787722178.620818,managed,30.0,30.0,41.992,False,200,
1787722178.6541514,managed,30.0,30.0,33.875,False,200,
1787722178.6874847,managed,30.0,30.0,35.655,False,200,
1787722178.720818,managed,30.0,30.0,34.048,False,200,
1787722178.7541513,managed,30.0,30.0,33.932,False,200,
1787722178.7874846,managed,30.0,30.0,37.421,False,200,
1787722178.820818,managed,30.0,30.0,41.453,False,200,
1787722178.8541512,managed,30.0,30.0,40.923,False,200,
1787722178.8874846,managed,30.0,30.0,30.067,False,200,
1787722178.920818,managed,30.0,30.0,27.437,False,200,
1787722178.9541514,managed,30.0,30.0,34.967,False,200,
1787722178.9874847,managed,30.0,30.0,34.774,False,200,
1787722179.020818,managed,30.0,30.0,36.973,False,200,
1787722179.0541513,managed,30.0,30.0,38.044,False,200,
1787722179.0874846,managed,30.0,30.0,38.476,False,200,
1787722179.120818,managed,30.0,30.0,34.15,False,200,
1787722179.1541514,managed,30.0,30.0,33.168,False,200,
1787722179.1874847,managed,30.0,30.0,44.473,False,200,
1787722179.220818,managed,30.0,30.0,47.326,False,200,
1787722179.2541513,managed,30.0,30.0,33.102,False,200,
1787722179.2874846,managed,30.0,30.0,30.27,False,200,
1787722179.320818,managed,30.0,30.0,37.633,False,200,
1787722179.3541512,managed,30.0,30.0,35.201,False,200,
1787722179.3874846,managed,30.0,30.0,41.595,False,200,
1787722179.420818,managed,30.0,30.0,33.997,False,200,
1787722179.4541514,managed,30.0,30.0,37.211,False,200,
1787722179.4874847,managed,30.0,30.0,34.5,False,200,
1787722179.520818,managed,30.0,30.0,32.812,False,200,
1787722179.5541513,managed,30.0,30.0,33.032,False,200,
1787722179.5874846,managed,30.0,30.0,42.605,False,200,
1787722179.620818,managed,30.0,30.0,41.108,False,200,
1787722179.6541514,managed,30.0,30.0,39.7,False,200,
1787722179.6874847,managed,30.0,30.0,25.943,False,200,
1787722179.720818,managed,30.0,30.0,40.246,False,200,
1787722179.7541513,managed,30.0,30.0,50.228,False,200,
1787722179.7874846,managed,30.0,30.0,42.313,False,200,
1787722179.820818,managed,30.0,30.0,35.732,False,200,
1787722179.8541512,managed,30.0,30.0,28.292,False,200,
1787722179.8874846,managed,30.0,30.0,29.147,False,200,
1787722179.920818,managed,30.0,30.0,33.872,False,200,
1787722179.9541514,managed,30.0,30.0,47.78,False,200,
1787722179.9874847,managed,30.0,30.0,35.354,False,200,
1787722180.020818,managed,30.0,30.0,37.068,False,200,
1787722180.0541513,managed,30.0,30.0,32.015,False,200,
1787722180.0874846,managed,30.0,30.0,37.181,False,200,
1787722180.120818,managed,30.0,30.0,39.573,False,200,
1787722180.1541514,managed,30.0,30.0,30.476,False,200,
1787722180.1874847,managed,30.0,30.0,35.161,False,200,
1787722180.220818,managed,30.0,30.0,49.529,False,200,
1787722180.2541513,managed,30.0,30.0,34.88,False,200,
1787722180.2874846,managed,30.0,30.0,29.798,False,200,
1787722180.320818,managed,30.0,30.0,34.307,False,200,
1787722180.3541512,managed,30.0,30.0,28.173,False,200,
1787722180.3874846,managed,30.0,30.0,39.656,False,200,
1787722180.420818,managed,30.0,30.0,35.211,False,200,
1787722180.4541514,managed,30.0,30.0,38.512,False,200,
1787722180.4874847,managed,30.0,30.0,31.525,False,200,
1787722180.520818,managed,30.0,30.0,42.117,False,200,
1787722180.5541513,managed,30.0,30.0,34.393,False,200,
1787722180.5874846,managed,30.0,30.0,35.999,False,200,
1787722180.620818,managed,30.0,30.0,41.237,False,200,
1787722180.6541514,managed,30.0,30.0,34.632,False,200,
1787722180.6874847,managed,30.0,30.0,29.596,False,200,
1787722180.720818,managed,30.0,30.0,38.324,False,200,
1787722180.7541513,managed,30.0,30.0,32.713,False,200,
1787722180.7874846,managed,30.0,30.0,31.61,False,200,
1787722180.820818,managed,30.0,30.0,31.09,False,200,
1787722180.8541512,managed,30.0,30.0,48.017,False,200,
1787722180.8874846,managed,30.0,30.0,34.414,False,200,
1787722180.920818,managed,30.0,30.0,48.589,False,200,
1787722180.9541514,managed,30.0,30.0,62.833,False,200,
1787722180.9874847,managed,30.0,30.0,36.669,False,200,
1787722181.020818,managed,30.0,30.0,37.38,False,200,
1787722181.0541513,managed,30.0,30.0,38.719,False,200,
1787722181.0874846,managed,30.0,30.0,30.301,False,200,
1787722181.120818,managed,30.0,30.0,35.712,False,200,
1787722181.1541514,managed,30.0,30.0,33.039,False,200,
1787722181.1874847,managed,30.0,30.0,24.368,False,200,
1787722181.220818,managed,30.0,30.0,37.835,False,200,
1787722181.2541513,managed,30.0,30.0,33.007,False,200,
1787722181.2874846,managed,30.0,30.0,41.105,False,200,
1787722181.320818,managed,30.0,30.0,33.731,False,200,
1787722181.3541512,managed,30.0,30.0,29.36,False,200,
1787722181.3874846,managed,30.0,30.0,30.149,False,200,
1787722181.420818,managed,30.0,30.0,31.064,False,200,
1787722181.4541514,managed,30.0,30.0,32.765,False,200,
1787722181.4874847,managed,30.0,30.0,34.368,False,200,
1787722181.520818,managed,30.0,30.0,33.757,False,200,
1787722181.5541513,managed,30.0,30.0,27.948,False,200,
1787722181.5874846,managed,30.0,30.0,34.269,False,200,
1787722181.620818,managed,30.0,30.0,29.847,False,200,
1787722181.6541514,managed,30.0,30.0,31.811,False,200,
1787722181.6874847,managed,30.0,30.0,33.954,False,200,
1787722181.720818,managed,30.0,30.0,39.27,False,200,
1787722181.7541513,managed,30.0,30.0,31.209,False,200,
1787722181.7874846,managed,30.0,30.0,35.924,False,200,
1787722181.820818,managed,30.0,30.0,40.76,False,200,
1787722181.8541512,managed,30.0,30.0,31.141,False,200,
1787722181.8874846,managed,30.0,30.0,38.106,False,200,
1787722181.920818,managed,30.0,30.0,33.466,False,200,
1787722181.9541514,managed,30.0,30.0,46.264,False,200,
1787722181.9874847,managed,30.0,30.0,38.986,False,200,
1787722182.020818,managed,30.0,30.0,32.884,False,200,
1787722182.0541513,managed,30.0,30.0,34.959,False,200,
1787722182.0874846,managed,30.0,30.0,27.988,False,200,
1787722182.120818,managed,30.0,30.0,37.221,False,200,
1787722182.1541514,managed,30.0,30.0,34.38,False,200,
1787722182.1874847,managed,30.0,30.0,34.561,False,200,
1787722182.220818,managed,30.0,30.0,39.919,False,200,
1787722182.2541513,managed,30.0,30.0,40.556,False,200,
1787722182.2874846,managed,30.0,30.0,38.048,False,200,
1787722182.320818,managed,30.0,30.0,31.457,False,200,
1787722182.3541512,managed,30.0,30.0,46.443,False,200,
1787722182.3874846,managed,30.0,30.0,42.701,False,200,
1787722182.420818,managed,30.0,30.0,36.482,False,200,
1787722182.4541514,managed,30.0,30.0,35.974,False,200,
1787722182.4874847,managed,30.0,30.0,28.391,False,200,
1787722182.520818,managed,30.0,30.0,43.379,False,200,
1787722182.5541513,managed,30.0,30.0,26.721,False,200,
1787722182.5874846,managed,30.0,30.0,34.993,False,200,
1787722182.620818,managed,30.0,30.0,42.836,False,200,
1787722182.6541514,managed,30.0,30.0,36.527,False,200,
1787722182.6874847,managed,30.0,30.0,45.784,False,200,
1787722182.720818,managed,30.0,30.0,27.742,False,200,
1787722182.7541513,managed,30.0,30.0,32.514,False,200,
1787722182.7874846,managed,30.0,30.0,35.536,False,200,
1787722182.820818,managed,30.0,30.0,31.303,False,200,
1787722182.8541512,managed,30.0,30.0,27.168,False,200,
1787722182.8874846,managed,30.0,30.0,37.377,False,200,
1787722182.920818,managed,30.0,30.0,34.797,False,200,
1787722182.9541514,managed,30.0,30.0,37.677,False,200,
1787722182.9874847,managed,30.0,30.0,29.362,False,200,
1787722183.020818,managed,30.0,30.0,40.107,False,200,
1787722183.0541513,managed,30.0,30.0,32.734,False,200,
1787722183.0874846,managed,30.0,30.0,36.579,False,200,
1787722183.120818,managed,30.0,30.0,43.394,False,200,
1787722183.1541514,managed,30.0,30.0,33.216,False,200,
1787722183.1874847,managed,30.0,30.0,38.635,False,200,
1787722183.220818,managed,30.0,30.0,29.511,False,200,
1787722183.2541513,managed,30.0,30.0,33.387,False,200,
1787722183.2874846,managed,30.0,30.0,36.625,False,200,
1787722183.320818,managed,30.0,30.0,40.749,False,200,
1787722183.3541512,managed,30.0,30.0,28.005,False,200,
1787722183.3874846,managed,30.0,30.0,37.471,False,200,
1787722183.420818,managed,30.0,30.0,35.934,False,200,
1787722183.4541514,managed,30.0,30.0,42.669,False,200,
1787722183.4874847,managed,30.0,30.0,48.348,False,200,
1787722183.520818,managed,30.0,30.0,25.022,False,200,
1787722183.5541513,managed,30.0,30.0,23.244,False,200,
1787722183.5874846,managed,30.0,30.0,31.525,False,200,
1787722183.620818,managed,30.0,30.0,34.397,False,200,
1787722183.6541514,managed,30.0,30.0,37.706,False,200,
1787722183.6874847,managed,30.0,30.0,48.898,False,200,
1787722183.720818,managed,30.0,30.0,42.832,False,200,
1787722183.7541513,managed,30.0,30.0,46.579,False,200,
1787722183.7874846,managed,30.0,30.0,35.069,False,200,
1787722183.820818,managed,30.0,30.0,40.54,False,200,
1787722183.8541512,managed,30.0,30.0,32.383,False,200,
1787722183.8874846,managed,30.0,30.0,33.993,False,200,
1787722183.920818,managed,30.0,30.0,40.786,False,200,
1787722183.9541514,managed,30.0,30.0,28.371,False,200,
1787722183.9874847,managed,30.0,30.0,33.175,False,200,
1787722184.020818,managed,30.0,30.0,29.728,False,200,
1787722184.0541513,managed,30.0,30.0,33.536,False,200,
1787722184.0874846,managed,30.0,30.0,31.46,False,200,
1787722184.120818,managed,30.0,30.0,30.925,False,200,
1787722184.1541514,managed,30.0,30.0,33.709,False,200,
1787722184.1874847,managed,30.0,30.0,41.289,False,200,
1787722184.220818,managed,30.0,30.0,39.436,False,200,
1787722184.2541513,managed,30.0,30.0,35.163,False,200,
1787722184.2874846,managed,30.0,30.0,46.708,False,200,
1787722184.320818,managed,30.0,30.0,34.022,False,200,
1787722184.3541512,managed,30.0,30.0,40.761,False,200,
1787722184.3874846,managed,30.0,30.0,37.73,False,200,
1787722184.420818,managed,30.0,30.0,28.224,False,200,
1787722184.4541514,managed,30.0,30.0,30.443,False,200,
1787722184.4874847,managed,30.0,30.0,34.717,False,200,
1787722184.520818,managed,30.0,30.0,43.353,False,200,
1787722184.5541513,managed,30.0,30.0,32.334,False,200,
1787722184.5874846,managed,30.0,30.0,36.657,False,200,
1787722184.620818,managed,30.0,30.0,31.752,False,200,
1787722184.6541514,managed,30.0,30.0,36.945,False,200,
1787722184.6874847,managed,30.0,30.0,30.306,False,200,
1787722184.720818,managed,30.0,30.0,41.666,False,200,
1787722184.7541513,managed,30.0,30.0,35.146,False,200,
1787722184.7874846,managed,30.0,30.0,24.862,False,200,
1787722184.820818,managed,30.0,30.0,35.719,False,200,
1787722184.8541512,managed,30.0,30.0,35.396,False,200,
1787722184.8874846,managed,30.0,30.0,35.249,False,200,
1787722184.920818,managed,30.0,30.0,38.159,False,200,
1787722184.9541514,managed,30.0,30.0,38.788,False,200,
1787722184.9874847,managed,30.0,30.0,32.433,False,200,
1787722185.020818,managed,30.0,30.0,33.709,False,200,
1787722185.0541513,managed,30.0,30.0,34.818,False,200,
1787722185.0874846,managed,30.0,30.0,40.088,False,200,
1787722185.120818,managed,30.0,30.0,35.157,False,200,
1787722185.1541514,managed,30.0,30.0,31.992,False,200,
1787722185.1874847,managed,30.0,30.0,40.379,False,200,
1787722185.220818,managed,30.0,30.0,41.916,False,200,
1787722185.2541513,managed,30.0,30.0,33.453,False,200,
1787722185.2874846,managed,30.0,30.0,37.918,False,200,
1787722185.320818,managed,30.0,30.0,48.149,False,200,
1787722185.3541512,managed,30.0,30.0,37.184,False,200,
1787722185.3874846,managed,30.0,30.0,39.57,False,200,
1787722185.420818,managed,30.0,30.0,37.047,False,200,
1787722185.4541514,managed,30.0,30.0,35.283,False,200,
1787722185.4874847,managed,30.0,30.0,39.204,False,200,
1787722185.520818,managed,30.0,30.0,38.236,False,200,
1787722185.5541513,managed,30.0,30.0,37.815,False,200,
1787722185.5874846,managed,30.0,30.0,26.443,False,200,
1787722185.620818,managed,30.0,30.0,29.415,False,200,
1787722185.6541514,managed,30.0,30.0,38.093,False,200,
1787722185.6874847,managed,30.0,30.0,35.646,False,200,
1787722185.720818,managed,30.0,30.0,29.792,False,200,
1787722185.7541513,managed,30.0,30.0,41.955,False,200,
1787722185.7874846,managed,30.0,30.0,36.502,False,200,
1787722185.820818,managed,30.0,30.0,29.869,False,200,
1787722185.8541512,managed,30.0,30.0,34.556,False,200,
1787722185.8874846,managed,30.0,30.0,34.938,False,200,
1787722185.920818,managed,30.0,30.0,34.664,False,200,
1787722185.9541514,managed,30.0,30.0,31.892,False,200,
1787722185.9874847,managed,30.0,30.0,33.706,False,200,
1787722186.020818,managed,30.0,30.0,32.532,False,200,
1787722186.0541513,managed,30.0,30.0,35.575,False,200,
1787722186.0874846,managed,30.0,30.0,35.936,False,200,
1787722186.120818,managed,30.0,30.0,35.072,False,200,
1787722186.1541514,managed,30.0,30.0,31.273,False,200,
1787722186.1874847,managed,30.0,30.0,36.395,False,200,
1787722186.220818,managed,30.0,30.0,30.867,False,200,
1787722186.2541513,managed,30.0,30.0,37.864,False,200,
1787722186.2874846,managed,30.0,30.0,35.799,False,200,
1787722186.320818,managed,30.0,30.0,45.345,False,200,
1787722186.3541512,managed,30.0,30.0,31.915,False,200,
1787722186.3874846,managed,30.0,30.0,37.971,False,200,
1787722186.420818,managed,30.0,30.0,35.66,False,200,
1787722186.4541514,managed,30.0,30.0,32.401,False,200,
1787722186.4874847,managed,30.0,30.0,30.311,False,200,
1787722186.520818,managed,30.0,30.0,24.611,False,200,
1787722186.5541513,managed,30.0,30.0,42.211,False,200,
1787722186.5874846,managed,30.0,30.0,43.178,False,200,
1787722186.620818,managed,30.0,30.0,32.411,False,200,
1787722186.6541514,managed,30.0,30.0,38.03,False,200,
1787722186.6874847,managed,30.0,30.0,32.822,False,200,
1787722186.720818,managed,30.0,30.0,36.683,False,200,
1787722186.7541513,managed,30.0,30.0,36.322,False,200,
1787722186.7874846,managed,30.0,30.0,40.388,False,200,
1787722186.820818,managed,30.0,30.0,31.186,False,200,
1787722186.8541512,managed,30.0,30.0,36.276,False,200,
1787722186.8874846,managed,30.0,30.0,31.929,False,200,
1787722186.920818,managed,30.0,30.0,42.424,False,200,
1787722186.9541514,managed,30.0,30.0,28.894,False,200,
1787722186.9874847,managed,30.0,30.0,36.344,False,200,
1787722187.020818,managed,30.0,30.0,39.543,False,200,
1787722187.0541513,managed,30.0,30.0,28.007,False,200,
1787722187.0874846,managed,30.0,30.0,33.339,False,200,
1787722187.120818,managed,30.0,30.0,28.64,False,200,
1787722187.1541514,managed,30.0,30.0,30.193,False,200,
1787722187.1874847,managed,30.0,30.0,41.851,False,200,
1787722187.220818,managed,30.0,30.0,34.466,False,200,
1787722187.2541513,managed,30.0,30.0,35.839,False,200,
1787722187.2874846,managed,30.0,30.0,31.467,False,200,
1787722187.320818,managed,30.0,30.0,28.747,False,200,
1787722187.3541512,managed,30.0,30.0,30.236,False,200,
1787722187.3874846,managed,30.0,30.0,33.194,False,200,
1787722187.420818,managed,30.0,30.0,31.764,False,200,
1787722187.4541514,managed,30.0,30.0,39.645,False,200,
1787722187.4874847,managed,30.0,30.0,29.177,False,200,
1787722187.520818,managed,30.0,30.0,35.002,False,200,
1787722187.5541513,managed,30.0,30.0,37.203,False,200,
1787722187.5874846,managed,30.0,30.0,40.508,False,200,
1787722187.620818,managed,30.0,30.0,33.134,False,200,
1787722187.6541514,managed,30.0,30.0,43.483,False,200,
1787722187.6874847,managed,30.0,30.0,33.527,False,200,
1787722187.720818,managed,30.0,30.0,44.165,False,200,
1787722187.7541513,managed,30.0,30.0,32.795,False,200,
1787722187.7874846,managed,30.0,30.0,41.425,False,200,
1787722187.820818,managed,30.0,30.0,40.352,False,200,
1787722187.8541512,managed,30.0,30.0,33.812,False,200,
1787722187.8874846,managed,30.0,30.0,36.611,False,200,
1787722187.920818,managed,30.0,30.0,38.206,False,200,
1787722187.9541514,managed,30.0,30.0,28.205,False,200,
1787722187.9874847,managed,30.0,30.0,44.62,False,200,
1787722188.020818,managed,30.0,30.0,31.663,False,200,
1787722188.0541513,managed,30.0,30.0,37.504,False,200,
1787722188.0874846,managed,30.0,30.0,36.263,False,200,
1787722188.120818,managed,30.0,30.0,34.425,False,200,
1787722188.1541514,managed,30.0,30.0,45.169,False,200,
1787722188.1874847,managed,30.0,30.0,33.456,False,200,
1787722188.220818,managed,30.0,30.0,28.743,False,200,
1787722188.2541513,managed,30.0,30.0,34.241,False,200,
1787722188.2874846,managed,30.0,30.0,39.667,False,200,
1787722188.320818,managed,30.0,30.0,32.773,False,200,
1787722188.3541512,managed,30.0,30.0,33.217,False,200,
1787722188.3874846,managed,30.0,30.0,25.412,False,200,
1787722188.420818,managed,30.0,30.0,34.647,False,200,
1787722188.4541514,managed,30.0,30.0,34.784,False,200,
1787722188.4874847,managed,30.0,30.0,33.289,False,200,
1787722188.520818,managed,30.0,30.0,39.812,False,200,
1787722188.5541513,managed,30.0,30.0,36.838,False,200,
1787722188.5874846,managed,30.0,30.0,29.578,False,200,
1787722188.620818,managed,30.0,30.0,35.06,False,200,
1787722188.6541514,managed,30.0,30.0,30.842,False,200,
1787722188.6874847,managed,30.0,30.0,41.367,False,200,
1787722188.720818,managed,30.0,30.0,34.497,False,200,
1787722188.7541513,managed,30.0,30.0,35.106,False,200,
1787722188.7874846,managed,30.0,30.0,42.039,False,200,
1787722188.820818,managed,30.0,30.0,36.737,False,200,
1787722188.8541512,managed,30.0,30.0,41.087,False,200,
1787722188.8874846,managed,30.0,30.0,36.671,False,200,
1787722188.920818,managed,30.0,30.0,32.304,False,200,
1787722188.9541514,managed,30.0,30.0,49.411,False,200,
1787722188.9874847,managed,30.0,30.0,29.547,False,200,
1787722189.020818,managed,30.0,30.0,41.362,False,200,
1787722189.0541513,managed,30.0,30.0,30.226,False,200,
1787722189.0874846,managed,30.0,30.0,30.081,False,200,
1787722189.120818,managed,30.0,30.0,26.993,False,200,
1787722189.1541514,managed,30.0,30.0,33.444,False,200,
1787722189.1874847,managed,30.0,30.0,28.818,False,200,
1787722189.220818,managed,30.0,30.0,30.356,False,200,
1787722189.2541513,managed,30.0,30.0,32.966,False,200,
1787722189.2874846,managed,30.0,30.0,29.736,False,200,
1787722189.320818,managed,30.0,30.0,24.903,False,200,
1787722189.3541512,managed,30.0,30.0,28.588,False,200,
1787722189.3874846,managed,30.0,30.0,33.643,False,200,
1787722189.420818,managed,30.0,30.0,26.129,False,200,
1787722189.4541514,managed,30.0,30.0,38.599,False,200,
1787722189.4874847,managed,30.0,30.0,31.748,False,200,
1787722189.520818,managed,30.0,30.0,32.25,False,200,
1787722189.5541513,managed,30.0,30.0,40.336,False,200,
1787722189.5874846,managed,30.0,30.0,31.897,False,200,
1787722189.620818,managed,30.0,30.0,31.842,False,200,
1787722189.6541514,managed,30.0,30.0,34.229,False,200,
1787722189.6874847,managed,30.0,30.0,41.31,False,200,
1787722189.720818,managed,30.0,30.0,33.122,False,200,
1787722189.7541513,managed,30.0,30.0,34.315,False,200,
1787722189.7874846,managed,30.0,30.0,44.45,False,200,
1787722189.820818,managed,30.0,30.0,30.868,False,200,
1787722189.8541512,managed,30.0,30.0,39.166,False,200,
1787722189.8874846,managed,30.0,30.0,39.486,False,200,
1787722189.920818,managed,30.0,30.0,36.099,False,200,
1787722189.9541514,managed,30.0,30.0,49.46,False,200,
1787722189.9874847,managed,30.0,30.0,40.973,False,200,
1787722190.020818,managed,30.0,30.0,33.053,False,200,
1787722190.0541513,managed,30.0,30.0,36.037,False,200,
1787722190.0874846,managed,30.0,30.0,31.654,False,200,
1787722190.120818,managed,30.0,30.0,19.655,False,200,
1787722190.1541514,managed,30.0,30.0,29.169,False,200,
1787722190.1874847,managed,30.0,30.0,48.603,False,200,
1787722190.220818,managed,30.0,30.0,30.942,False,200,
1787722190.2541513,managed,30.0,30.0,35.104,False,200,
1787722190.2874846,managed,30.0,30.0,41.452,False,200,
1787722190.320818,managed,30.0,30.0,39.76,False,200,
1787722190.3541512,managed,30.0,30.0,40.588,False,200,
1787722190.3874846,managed,30.0,30.0,44.043,False,200,
1787722190.420818,managed,30.0,30.0,33.517,False,200,
1787722190.4541514,managed,30.0,30.0,24.336,False,200,
1787722190.4874847,managed,30.0,30.0,47.001,False,200,
1787722190.520818,managed,30.0,30.0,35.99,False,200,
1787722190.5541513,managed,30.0,30.0,33.636,False,200,
1787722190.5874846,managed,30.0,30.0,40.185,False,200,
1787722190.620818,managed,30.0,30.0,33.393,False,200,
1787722190.6541514,managed,30.0,30.0,27.41,False,200,
1787722190.6874847,managed,30.0,30.0,25.587,False,200,
1787722190.720818,managed,30.0,30.0,35.921,False,200,
1787722190.7541513,managed,30.0,30.0,43.319,False,200,
1787722190.7874846,managed,30.0,30.0,42.756,False,200,
1787722190.820818,managed,30.0,30.0,35.602,False,200,
1787722190.8541512,managed,30.0,30.0,38.15,False,200,
1787722190.8874846,managed,30.0,30.0,40.816,False,200,
1787722190.920818,managed,30.0,30.0,27.838,False,200,
1787722190.9541514,managed,30.0,30.0,36.072,False,200,
1787722190.9874847,managed,30.0,30.0,29.263,False,200,
1787722191.020818,managed,30.0,30.0,42.989,False,200,
1787722191.0541513,managed,30.0,30.0,39.127,False,200,
1787722191.0874846,managed,30.0,30.0,31.335,False,200,
1787722191.120818,managed,30.0,30.0,46.525,False,200,
1787722191.1541514,managed,30.0,30.0,30.24,False,200,
1787722191.1874847,managed,30.0,30.0,35.619,False,200,
1787722191.220818,managed,30.0,30.0,34.422,False,200,
1787722191.2541513,managed,30.0,30.0,31.403,False,200,
1787722191.2874846,managed,30.0,30.0,32.307,False,200,
1787722191.320818,managed,30.0,30.0,32.925,False,200,
1787722191.3541512,managed,30.0,30.0,31.483,False,200,
1787722191.3874846,managed,30.0,30.0,38.917,False,200,
1787722191.420818,managed,30.0,30.0,37.429,False,200,
1787722191.4541514,managed,30.0,30.0,40.423,False,200,
1787722191.4874847,managed,30.0,30.0,40.703,False,200,
1787722191.520818,managed,30.0,30.0,43.192,False,200,
1787722191.5541513,managed,30.0,30.0,34.34,False,200,
1787722191.5874846,managed,30.0,30.0,37.17,False,200,
1787722191.620818,managed,30.0,30.0,30.073,False,200,
1787722191.6541514,managed,30.0,30.0,39.856,False,200,
1787722191.6874847,managed,30.0,30.0,38.915,False,200,
1787722191.720818,managed,30.0,30.0,40.928,False,200,
1787722191.7541513,managed,30.0,30.0,45.142,False,200,
1787722191.7874846,managed,30.0,30.0,35.796,False,200,
1787722191.820818,managed,30.0,30.0,36.419,False,200,
1787722191.8541512,managed,30.0,30.0,40.017,False,200,
1787722191.8874846,managed,30.0,30.0,36.577,False,200,
1787722191.920818,managed,30.0,30.0,29.485,False,200,
1787722191.9541514,managed,30.0,30.0,37.366,False,200,
1787722191.9874847,managed,30.0,30.0,31.076,False,200,
1787722192.020818,managed,30.0,30.0,28.083,False,200,
1787722192.0541513,managed,30.0,30.0,33.715,False,200,
1787722192.0874846,managed,30.0,30.0,33.881,False,200,
1787722192.120818,managed,30.0,30.0,33.658,False,200,
1787722192.1541514,managed,30.0,30.0,40.075,False,200,
1787722192.1874847,managed,30.0,30.0,29.637,False,200,
1787722192.220818,managed,30.0,30.0,47.058,False,200,
1787722192.2541513,managed,30.0,30.0,30.466,False,200,
1787722192.2874846,managed,30.0,30.0,34.738,False,200,
1787722192.320818,managed,30.0,30.0,28.181,False,200,
1787722192.3541512,managed,30.0,30.0,47.581,False,200,
1787722192.3874846,managed,30.0,30.0,34.883,False,200,
1787722192.420818,managed,30.0,30.0,38.441,False,200,
1787722192.4541514,managed,30.0,30.0,37.639,False,200,
1787722192.4874847,managed,30.0,30.0,37.844,False,200,
1787722192.520818,managed,30.0,30.0,35.711,False,200,
1787722192.5541513,managed,30.0,30.0,32.569,False,200,
1787722192.5874846,managed,30.0,30.0,30.542,False,200,
1787722192.620818,managed,30.0,30.0,32.886,False,200,
1787722192.6541514,managed,30.0,30.0,29.511,False,200,
1787722192.6874847,managed,30.0,30.0,31.043,False,200,
1787722192.720818,managed,30.0,30.0,25.778,False,200,
1787722192.7541513,managed,30.0,30.0,27.478,False,200,
1787722192.7874846,managed,30.0,30.0,25.743,False,200,
1787722192.820818,managed,30.0,30.0,31.588,False,200,
1787722192.8541512,managed,30.0,30.0,31.059,False,200,
1787722192.8874846,managed,30.0,30.0,34.698,False,200,
1787722192.920818,managed,30.0,30.0,29.115,False,200,
1787722192.9541514,managed,30.0,30.0,35.802,False,200,
1787722192.9874847,managed,30.0,30.0,33.329,False,200,
1787722193.020818,managed,30.0,30.0,38.222,False,200,
1787722193.0541513,managed,30.0,30.0,39.501,False,200,
1787722193.0874846,managed,30.0,30.0,34.958,False,200,
1787722193.120818,managed,30.0,30.0,33.401,False,200,
1787722193.1541514,managed,30.0,30.0,29.144,False,200,
1787722193.1874847,managed,30.0,30.0,30.515,False,200,
1787722193.220818,managed,30.0,30.0,29.199,False,200,
1787722193.2541513,managed,30.0,30.0,29.647,False,200,
1787722193.2874846,managed,30.0,30.0,27.223,False,200,
1787722193.320818,managed,30.0,30.0,34.87,False,200,
1787722193.3541512,managed,30.0,30.0,37.355,False,200,
1787722193.3874846,managed,30.0,30.0,37.055,False,200,
1787722193.420818,managed,30.0,30.0,40.164,False,200,
1787722193.4541514,managed,30.0,30.0,52.97,False,200,
1787722193.4874847,managed,30.0,30.0,35.197,False,200,
1787722193.520818,managed,30.0,30.0,23.789,False,200,
1787722193.5541513,managed,30.0,30.0,33.814,False,200,
1787722193.5874846,managed,30.0,30.0,28.829,False,200,
1787722193.620818,managed,30.0,30.0,38.578,False,200,
1787722193.6541514,managed,30.0,30.0,27.85,False,200,
1787722193.6874847,managed,30.0,30.0,34.223,False,200,
1787722193.720818,managed,30.0,30.0,31.672,False,200,
1787722193.7541513,managed,30.0,30.0,29.483,False,200,
1787722193.7874846,managed,30.0,30.0,31.67,False,200,
1787722193.820818,managed,30.0,30.0,26.373,False,200,
1787722193.8541512,managed,30.0,30.0,28.643,False,200,
1787722193.8874846,managed,30.0,30.0,33.455,False,200,
1787722193.920818,managed,30.0,30.0,36.466,False,200,
1787722193.9541514,managed,30.0,30.0,26.61,False,200,
1787722193.9874847,managed,30.0,30.0,37.33,False,200,
1787722194.020818,managed,30.0,30.0,27.881,False,200,
1787722194.0541513,managed,30.0,30.0,32.675,False,200,
1787722194.0874846,managed,30.0,30.0,46.714,False,200,
1787722194.120818,managed,30.0,30.0,34.889,False,200,
1787722194.1541514,managed,30.0,30.0,32.536,False,200,
1787722194.1874847,managed,30.0,30.0,46.136,False,200,
1787722194.220818,managed,30.0,30.0,31.242,False,200,
1787722194.2541513,managed,30.0,30.0,39.976,False,200,
1787722194.2874846,managed,30.0,30.0,35.997,False,200,
1787722194.320818,managed,30.0,30.0,33.624,False,200,
1787722194.3541512,managed,30.0,30.0,29.757,False,200,
1787722194.3874846,managed,30.0,30.0,39.933,False,200,
1787722194.420818,managed,30.0,30.0,41.449,False,200,
1787722194.4541514,managed,30.0,30.0,29.497,False,200,
1787722194.4874847,managed,30.0,30.0,29.195,False,200,
1787722194.520818,managed,30.0,30.0,55.252,False,200,
1787722194.5541513,managed,30.0,30.0,34.598,False,200,
1787722194.5874846,managed,30.0,30.0,31.216,False,200,
1787722194.620818,managed,30.0,30.0,25.969,False,200,
1787722194.6541514,managed,30.0,30.0,48.704,False,200,
1787722194.6874847,managed,30.0,30.0,35.27,False,200,
1787722194.720818,managed,30.0,30.0,32.96,False,200,
1787722194.7541513,managed,30.0,30.0,29.855,False,200,
1787722194.7874846,managed,30.0,30.0,31.167,False,200,
1787722194.820818,managed,30.0,30.0,40.338,False,200,
1787722194.8541512,managed,30.0,30.0,35.692,False,200,
1787722194.8874846,managed,30.0,30.0,36.868,False,200,
1787722194.920818,managed,30.0,30.0,31.318,False,200,
1787722194.9541514,managed,30.0,30.0,38.012,False,200,
1787722194.9874847,managed,30.0,30.0,34.814,False,200,
1787722195.020818,managed,30.0,30.0,38.587,False,200,
1787722195.0541513,managed,30.0,30.0,27.071,False,200,
1787722195.0874846,managed,30.0,30.0,36.078,False,200,
1787722195.120818,managed,30.0,30.0,27.605,False,200,
1787722195.1541514,managed,30.0,30.0,31.66,False,200,
1787722195.1874847,managed,30.0,30.0,33.528,False,200,
1787722195.220818,managed,30.0,30.0,34.942,False,200,
1787722195.2541513,managed,30.0,30.0,31.907,False,200,
1787722195.2874846,managed,30.0,30.0,44.771,False,200,
1787722195.320818,managed,30.0,30.0,43.62,False,200,
1787722195.3541512,managed,30.0,30.0,38.866,False,200,
1787722195.3874846,managed,30.0,30.0,32.835,False,200,
1787722195.420818,managed,30.0,30.0,34.084,False,200,
1787722195.4541514,managed,30.0,30.0,35.972,False,200,
1787722195.4874847,managed,30.0,30.0,37.131,False,200,
1787722195.520818,managed,30.0,30.0,39.535,False,200,
1787722195.5541513,managed,30.0,30.0,31.737,False,200,
1787722195.5874846,managed,30.0,30.0,32.332,False,200,
1787722195.620818,managed,30.0,30.0,31.031,False,200,
1787722195.6541514,managed,30.0,30.0,43.806,False,200,
1787722195.6874847,managed,30.0,30.0,36.491,False,200,
1787722195.720818,managed,30.0,30.0,26.331,False,200,
1787722195.7541513,managed,30.0,30.0,32.332,False,200,
1787722195.7874846,managed,30.0,30.0,40.547,False,200,
1787722195.820818,managed,30.0,30.0,38.85,False,200,
1787722195.8541512,managed,30.0,30.0,32.875,False,200,
1787722195.8874846,managed,30.0,30.0,30.482,False,200,
1787722195.920818,managed,30.0,30.0,40.421,False,200,
1787722195.9541514,managed,30.0,30.0,33.959,False,200,
1787722195.9874847,managed,30.0,30.0,32.97,False,200,
1787722196.020818,managed,30.0,30.0,33.185,False,200,
1787722196.0541513,managed,30.0,30.0,36.797,False,200,
1787722196.0874846,managed,30.0,30.0,37.005,False,200,
1787722196.120818,managed,30.0,30.0,40.985,False,200,
1787722196.1541514,managed,30.0,30.0,34.71,False,200,
1787722196.1874847,managed,30.0,30.0,39.475,False,200,
1787722196.220818,managed,30.0,30.0,41.207,False,200,
1787722196.2541513,managed,30.0,30.0,37.065,False,200,
1787722196.2874846,managed,30.0,30.0,36.047,False,200,
1787722196.320818,managed,30.0,30.0,29.748,False,200,
1787722196.3541512,managed,30.0,30.0,34.753,False,200,
1787722196.3874846,managed,30.0,30.0,30.345,False,200,
1787722196.420818,managed,30.0,30.0,30.778,False,200,
1787722196.4541514,managed,30.0,30.0,43.609,False,200,
1787722196.4874847,managed,30.0,30.0,39.074,False,200,
1787722196.520818,managed,30.0,30.0,42.031,False,200,
1787722196.5541513,managed,30.0,30.0,41.98,False,200,
1787722196.5874846,managed,30.0,30.0,30.528,False,200,
1787722196.620818,managed,30.0,30.0,33.455,False,200,
1787722196.6541514,managed,30.0,30.0,53.858,False,200,
1787722196.6874847,managed,30.0,30.0,41.292,False,200,
1787722196.720818,managed,30.0,30.0,34.255,False,200,
1787722196.7541513,managed,30.0,30.0,42.646,False,200,
1787722196.7874846,managed,30.0,30.0,47.203,False,200,
1787722196.820818,managed,30.0,30.0,42.688,False,200,
1787722196.8541512,managed,30.0,30.0,34.887,False,200,
1787722196.8874846,managed,30.0,30.0,41.396,False,200,
1787722196.920818,managed,30.0,30.0,40.824,False,200,
1787722196.9541514,managed,30.0,30.0,32.689,False,200,
1787722196.9874847,managed,30.0,30.0,32.932,False,200,
1787722197.020818,managed,30.0,30.0,39.522,False,200,
1787722197.0541513,managed,30.0,30.0,36.506,False,200,
1787722197.0874846,managed,30.0,30.0,37.702,False,200,
1787722197.120818,managed,30.0,30.0,37.661,False,200,
1787722197.1541514,managed,30.0,30.0,32.535,False,200,
1787722197.1874847,managed,30.0,30.0,40.551,False,200,
1787722197.220818,managed,30.0,30.0,35.352,False,200,
1787722197.2541513,managed,30.0,30.0,41.581,False,200,
1787722197.2874846,managed,30.0,30.0,39.247,False,200,
1787722197.320818,managed,30.0,30.0,32.809,False,200,
1787722197.3541512,managed,30.0,30.0,34.27,False,200,
1787722197.3874846,managed,30.0,30.0,35.167,False,200,
1787722197.420818,managed,30.0,30.0,29.086,False,200,
1787722197.4541514,managed,30.0,30.0,34.783,False,200,
1787722197.4874847,managed,30.0,30.0,47.721,False,200,
1787722197.520818,managed,30.0,30.0,36.348,False,200,
1787722197.5541513,managed,30.0,30.0,36.875,False,200,
1787722197.5874846,managed,30.0,30.0,33.633,False,200,
1787722197.620818,managed,30.0,30.0,29.943,False,200,
1787722197.6541514,managed,30.0,30.0,29.222,False,200,
1787722197.6874847,managed,30.0,30.0,45.223,False,200,
1787722197.720818,managed,30.0,30.0,30.001,False,200,
1787722197.7541513,managed,30.0,30.0,47.32,False,200,
1787722197.7874846,managed,30.0,30.0,32.699,False,200,
1787722197.820818,managed,30.0,30.0,28.93,False,200,
1787722197.8541512,managed,30.0,30.0,35.561,False,200,
1787722197.8874846,managed,30.0,30.0,43.991,False,200,
1787722197.920818,managed,30.0,30.0,43.457,False,200,
1787722197.9541514,managed,30.0,30.0,34.069,False,200,
1787722197.9874847,managed,30.0,30.0,42.4,False,200,
1787722198.020818,managed,30.0,30.0,33.569,False,200,
1787722198.0541513,managed,30.0,30.0,28.465,False,200,
1787722198.0874846,managed,30.0,30.0,32.581,False,200,
1787722198.120818,managed,30.0,30.0,37.992,False,200,
1787722198.1541514,managed,30.0,30.0,35.069,False,200,
1787722198.1874847,managed,30.0,30.0,27.775,False,200,
1787722198.220818,managed,30.0,30.0,39.552,False,200,
1787722198.2541513,managed,30.0,30.0,41.223,False,200,
1787722198.2874846,managed,30.0,30.0,29.567,False,200,
1787722198.320818,managed,30.0,30.0,34.689,False,200,
1787722198.3541512,managed,30.0,30.0,28.231,False,200,
1787722198.3874846,managed,30.0,30.0,34.9,False,200,
1787722198.420818,managed,30.0,30.0,38.184,False,200,
1787722198.4541514,managed,30.0,30.0,40.736,False,200,
1787722198.4874847,managed,30.0,30.0,34.959,False,200,
1787722198.520818,managed,30.0,30.0,36.207,False,200,
1787722198.5541513,managed,30.0,30.0,35.346,False,200,
1787722198.5874846,managed,30.0,30.0,31.443,False,200,
1787722198.620818,managed,30.0,30.0,37.988,False,200,
1787722198.6541514,managed,30.0,30.0,44.907,False,200,
1787722198.6874847,managed,30.0,30.0,35.332,False,200,
1787722198.720818,managed,30.0,30.0,32.516,False,200,
1787722198.7541513,managed,30.0,30.0,38.478,False,200,
1787722198.7874846,managed,30.0,30.0,31.046,False,200,
1787722198.820818,managed,30.0,30.0,33.424,False,200,
1787722198.8541512,managed,30.0,30.0,38.54,False,200,
1787722198.8874846,managed,30.0,30.0,27.588,False,200,
1787722198.920818,managed,30.0,30.0,30.57,False,200,
1787722198.9541514,managed,30.0,30.0,39.263,False,200,
1787722198.9874847,managed,30.0,30.0,32.583,False,200,
1787722199.020818,managed,30.0,30.0,28.912,False,200,
1787722199.0541513,managed,30.0,30.0,28.818,False,200,
1787722199.0874846,managed,30.0,30.0,33.134,False,200,
1787722199.120818,managed,30.0,30.0,35.988,False,200,
1787722199.1541514,managed,30.0,30.0,36.558,False,200,
1787722199.1874847,managed,30.0,30.0,35.874,False,200,
1787722199.220818,managed,30.0,30.0,33.778,False,200,
1787722199.2541513,managed,30.0,30.0,36.315,False,200,
1787722199.2874846,managed,30.0,30.0,37.055,False,200,
1787722199.320818,managed,30.0,30.0,26.498,False,200,
1787722199.3541512,managed,30.0,30.0,36.966,False,200,
1787722199.3874846,managed,30.0,30.0,33.133,False,200,
1787722199.420818,managed,30.0,30.0,41.026,False,200,
1787722199.4541514,managed,30.0,30.0,30.469,False,200,
1787722199.4874847,managed,30.0,30.0,29.307,False,200,
1787722199.520818,managed,30.0,30.0,37.177,False,200,
1787722199.5541513,managed,30.0,30.0,29.829,False,200,
1787722199.5874846,managed,30.0,30.0,29.55,False,200,
1787722199.620818,managed,30.0,30.0,44.084,False,200,
1787722199.6541514,managed,30.0,30.0,38.335,False,200,
1787722199.6874847,managed,30.0,30.0,25.839,False,200,
1787722199.720818,managed,30.0,30.0,31.15,False,200,
1787722199.7541513,managed,30.0,30.0,41.597,False,200,
1787722199.7874846,managed,30.0,30.0,28.321,False,200,
1787722199.820818,managed,30.0,30.0,41.366,False,200,
1787722199.8541512,managed,30.0,30.0,34.971,False,200,
1787722199.8874846,managed,30.0,30.0,34.222,False,200,
1787722199.920818,managed,30.0,30.0,36.947,False,200,
1787722199.9541514,managed,30.0,30.0,34.683,False,200,
1787722199.9874847,managed,30.0,30.0,43.459,False,200,
1787722200.020818,managed,30.0,30.0,37.533,False,200,
1787722200.0541513,managed,30.0,30.0,31.657,False,200,
1787722200.0874846,managed,30.0,30.0,38.438,False,200,
1787722200.120818,managed,30.0,30.0,31.289,False,200,
1787722200.1541514,managed,30.0,30.0,28.155,False,200,
1787722200.1874847,managed,30.0,30.0,32.738,False,200,
1787722200.220818,managed,30.0,30.0,31.787,False,200,
1787722200.2541513,managed,30.0,30.0,39.792,False,200,
1787722200.2874846,managed,30.0,30.0,37.176,False,200,
1787722200.320818,managed,30.0,30.0,53.655,False,200,
1787722200.3541512,managed,30.0,30.0,32.533,False,200,
1787722200.3874846,managed,30.0,30.0,38.862,False,200,
1787722200.420818,managed,30.0,30.0,33.7,False,200,
1787722200.4541514,managed,30.0,30.0,34.969,False,200,
1787722200.4874847,managed,30.0,30.0,44.609,False,200,
1787722200.520818,managed,30.0,30.0,38.966,False,200,
1787722200.5541513,managed,30.0,30.0,34.025,False,200,
1787722200.5874846,managed,30.0,30.0,44.254,False,200,
1787722200.620818,managed,30.0,30.0,28.275,False,200,
1787722200.6541514,managed,30.0,30.0,32.555,False,200,
1787722200.6874847,managed,30.0,30.0,29.679,False,200,
1787722200.720818,managed,30.0,30.0,44.856,False,200,
1787722200.7541513,managed,30.0,30.0,37.531,False,200,
1787722200.7874846,managed,30.0,30.0,37.273,False,200,
1787722200.820818,managed,30.0,30.0,27.639,False,200,
1787722200.8541512,managed,30.0,30.0,39.042,False,200,
1787722200.8874846,managed,30.0,30.0,36.738,False,200,
1787722200.920818,managed,30.0,30.0,32.32,False,200,
1787722200.9541514,managed,30.0,30.0,37.866,False,200,
1787722200.9874847,managed,30.0,30.0,48.994,False,200,
1787722201.020818,managed,30.0,30.0,33.696,False,200,
1787722201.0541513,managed,30.0,30.0,40.704,False,200,
1787722201.0874846,managed,30.0,30.0,44.26,False,200,
1787722201.120818,managed,30.0,30.0,40.393,False,200,
1787722201.1541514,managed,30.0,30.0,35.37,False,200,
1787722201.1874847,managed,30.0,30.0,43.427,False,200,
1787722201.220818,managed,30.0,30.0,33.234,False,200,
1787722201.2541513,managed,30.0,30.0,33.934,False,200,
1787722201.2874846,managed,30.0,30.0,31.375,False,200,
1787722201.320818,managed,30.0,30.0,36.514,False,200,
1787722201.3541512,managed,30.0,30.0,36.806,False,200,
1787722201.3874846,managed,30.0,30.0,25.669,False,200,
1787722201.420818,managed,30.0,30.0,39.53,False,200,
1787722201.4541514,managed,30.0,30.0,34.582,False,200,
1787722201.4874847,managed,30.0,30.0,29.656,False,200,
1787722201.520818,managed,30.0,30.0,46.851,False,200,
1787722201.5541513,managed,30.0,30.0,35.976,False,200,
1787722201.5874846,managed,30.0,30.0,39.768,False,200,
1787722201.620818,managed,30.0,30.0,37.096,False,200,
1787722201.6541514,managed,30.0,30.0,40.035,False,200,
1787722201.6874847,managed,30.0,30.0,24.852,False,200,
1787722201.720818,managed,30.0,30.0,36.45,False,200,
1787722201.7541513,managed,30.0,30.0,39.224,False,200,
1787722201.7874846,managed,30.0,30.0,31.581,False,200,
1787722201.820818,managed,30.0,30.0,33.633,False,200,
1787722201.8541512,managed,30.0,30.0,37.971,False,200,
1787722201.8874846,managed,30.0,30.0,34.433,False,200,
1787722201.920818,managed,30.0,30.0,27.184,False,200,
1787722201.9541514,managed,30.0,30.0,44.693,False,200,
1787722201.9874847,managed,30.0,30.0,28.095,False,200,
1787722202.020818,managed,30.0,30.0,30.748,False,200,
1787722202.0541513,managed,30.0,30.0,27.049,False,200,
1787722202.0874846,managed,30.0,30.0,33.442,False,200,
1787722202.120818,managed,30.0,30.0,44.736,False,200,
1787722202.1541514,managed,30.0,30.0,32.216,False,200,
1787722202.1874847,managed,30.0,30.0,36.488,False,200,
1787722202.220818,managed,30.0,30.0,34.781,False,200,
1787722202.2541513,managed,30.0,30.0,35.565,False,200,
1787722202.2874846,managed,30.0,30.0,42.05,False,200,
1787722202.320818,managed,30.0,30.0,40.389,False,200,
1787722202.3541512,managed,30.0,30.0,38.974,False,200,
1787722202.3874846,managed,30.0,30.0,35.809,False,200,
1787722202.420818,managed,30.0,30.0,49.626,False,200,
1787722202.4541514,managed,30.0,30.0,33.358,False,200,
1787722202.4874847,managed,30.0,30.0,32.445,False,200,
1787722202.520818,managed,30.0,30.0,41.493,False,200,
1787722202.5541513,managed,30.0,30.0,38.787,False,200,
1787722202.5874846,managed,30.0,30.0,34.329,False,200,
1787722202.620818,managed,30.0,30.0,35.827,False,200,
1787722202.6541514,managed,30.0,30.0,34.22,False,200,
1787722202.6874847,managed,30.0,30.0,40.091,False,200,
1787722202.720818,managed,30.0,30.0,37.718,False,200,
1787722202.7541513,managed,30.0,30.0,33.649,False,200,
1787722202.7874846,managed,30.0,30.0,37.145,False,200,
1787722202.820818,managed,30.0,30.0,33.531,False,200,
1787722202.8541512,managed,30.0,30.0,49.04,False,200,
1787722202.8874846,managed,30.0,30.0,38.698,False,200,
1787722202.920818,managed,30.0,30.0,32.715,False,200,
1787722202.9541514,managed,30.0,30.0,37.74,False,200,
1787722202.9874847,managed,30.0,30.0,43.802,False,200,
1787722203.020818,managed,30.0,30.0,37.362,False,200,
1787722203.0541513,managed,30.0,30.0,24.517,False,200,
1787722203.0874846,managed,30.0,30.0,31.111,False,200,
1787722203.120818,managed,30.0,30.0,37.371,False,200,
1787722203.1541514,managed,30.0,30.0,30.243,False,200,
1787722203.1874847,managed,30.0,30.0,35.906,False,200,
1787722203.220818,managed,30.0,30.0,33.262,False,200,
1787722203.2541513,managed,30.0,30.0,33.881,False,200,
1787722203.2874846,managed,30.0,30.0,36.702,False,200,
1787722203.320818,managed,30.0,30.0,31.94,False,200,
1787722203.3541512,managed,30.0,30.0,36.554,False,200,
1787722203.3874846,managed,30.0,30.0,44.377,False,200,
1787722203.420818,managed,30.0,30.0,41.992,False,200,
1787722203.4541514,managed,30.0,30.0,42.731,False,200,
1787722203.4874847,managed,30.0,30.0,33.761,False,200,
1787722203.520818,managed,30.0,30.0,35.477,False,200,
1787722203.5541513,managed,30.0,30.0,30.774,False,200,
1787722203.5874846,managed,30.0,30.0,40.648,False,200,
1787722203.620818,managed,30.0,30.0,34.166,False,200,
1787722203.6541514,managed,30.0,30.0,42.621,False,200,
1787722203.6874847,managed,30.0,30.0,30.78,False,200,
1787722203.720818,managed,30.0,30.0,36.742,False,200,
1787722203.7541513,managed,30.0,30.0,32.647,False,200,
1787722203.7874846,managed,30.0,30.0,37.876,False,200,
1787722203.820818,managed,30.0,30.0,39.518,False,200,
1787722203.8541512,managed,30.0,30.0,26.487,False,200,
1787722203.8874846,managed,30.0,30.0,36.233,False,200,
1787722203.920818,managed,30.0,30.0,36.009,False,200,
1787722203.9541514,managed,30.0,30.0,45.221,False,200,
1787722203.9874847,managed,30.0,30.0,27.969,False,200,
1787722204.020818,managed,30.0,30.0,48.362,False,200,
1787722204.0541513,managed,30.0,30.0,27.982,False,200,
1787722204.0874846,managed,30.0,30.0,35.37,False,200,
1787722204.120818,managed,30.0,30.0,34.204,False,200,
1787722204.1541514,managed,30.0,30.0,33.779,False,200,
1787722204.1874847,managed,30.0,30.0,44.687,False,200,
1787722204.220818,managed,30.0,30.0,31.846,False,200,
1787722204.2541513,managed,30.0,30.0,28.628,False,200,
1787722204.2874846,managed,30.0,30.0,31.393,False,200,
1787722204.320818,managed,30.0,30.0,32.536,False,200,
1787722204.3541512,managed,30.0,30.0,34.708,False,200,
1787722204.3874846,managed,30.0,30.0,36.25,False,200,
1787722204.420818,managed,30.0,30.0,31.068,False,200,
1787722204.4541514,managed,30.0,30.0,30.5,False,200,
1787722204.4874847,managed,30.0,30.0,40.057,False,200,
1787722204.520818,managed,30.0,30.0,35.471,False,200,
1787722204.5541513,managed,30.0,30.0,41.171,False,200,
1787722204.5874846,managed,30.0,30.0,34.805,False,200,
1787722204.620818,managed,30.0,30.0,24.917,False,200,
1787722204.6541514,managed,30.0,30.0,30.757,False,200,
1787722204.6874847,managed,30.0,30.0,40.173,False,200,
1787722204.720818,managed,30.0,30.0,36.062,False,200,
1787722204.7541513,managed,30.0,30.0,32.725,False,200,
1787722204.7874846,managed,30.0,30.0,53.876,False,200,
1787722204.820818,managed,30.0,30.0,32.063,False,200,
1787722204.8541512,managed,30.0,30.0,31.15,False,200,
1787722204.8874846,managed,30.0,30.0,35.492,False,200,
1787722204.920818,managed,30.0,30.0,40.129,False,200,
1787722204.9541514,managed,30.0,30.0,37.177,False,200,
1787722204.9874847,managed,30.0,30.0,36.65,False,200,
1787722205.020818,managed,30.0,30.0,33.676,False,200,
1787722205.0541513,managed,30.0,30.0,29.93,False,200,
1787722205.0874846,managed,30.0,30.0,40.634,False,200,
1787722205.120818,managed,30.0,30.0,39.224,False,200,
1787722205.1541514,managed,30.0,30.0,32.514,False,200,
1787722205.1874847,managed,30.0,30.0,29.39,False,200,
1787722205.220818,managed,30.0,30.0,28.972,False,200,
1787722205.2541513,managed,30.0,30.0,34.608,False,200,
1787722205.2874846,managed,30.0,30.0,27.717,False,200,
1787722205.320818,managed,30.0,30.0,31.779,False,200,
1787722205.3541512,managed,30.0,30.0,37.655,False,200,
1787722205.3874846,managed,30.0,30.0,44.845,False,200,
1787722205.420818,managed,30.0,30.0,37.48,False,200,
1787722205.4541514,managed,30.0,30.0,34.319,False,200,
1787722205.4874847,managed,30.0,30.0,43.141,False,200,
1787722205.520818,managed,30.0,30.0,33.943,False,200,
1787722205.5541513,managed,30.0,30.0,34.704,False,200,
1787722205.5874846,managed,30.0,30.0,28.733,False,200,
1787722205.620818,managed,30.0,30.0,33.174,False,200,
1787722205.6541514,managed,30.0,30.0,33.991,False,200,
1787722205.6874847,managed,30.0,30.0,32.066,False,200,
1787722205.720818,managed,30.0,30.0,35.915,False,200,
1787722205.7541513,managed,30.0,30.0,39.848,False,200,
1787722205.7874846,managed,30.0,30.0,35.256,False,200,
1787722205.820818,managed,30.0,30.0,29.952,False,200,
1787722205.8541512,managed,30.0,30.0,48.015,False,200,
1787722205.8874846,managed,30.0,30.0,30.994,False,200,
1787722205.920818,managed,30.0,30.0,35.867,False,200,
1787722205.9541514,managed,30.0,30.0,35.156,False,200,
1787722205.9874847,managed,30.0,30.0,51.755,False,200,
1787722206.020818,managed,30.0,30.0,41.521,False,200,
1787722206.0541513,managed,30.0,30.0,34.911,False,200,
1787722206.0874846,managed,30.0,30.0,38.128,False,200,
1787722206.120818,managed,30.0,30.0,32.575,False,200,
1787722206.1541514,managed,30.0,30.0,31.769,False,200,
1787722206.1874847,managed,30.0,30.0,32.74,False,200,
1787722206.220818,managed,30.0,30.0,29.586,False,200,
1787722206.2541513,managed,30.0,30.0,25.804,False,200,
1787722206.2874846,managed,30.0,30.0,38.858,False,200,
1787722206.320818,managed,30.0,30.0,31.277,False,200,
1787722206.3541512,managed,30.0,30.0,40.554,False,200,
1787722206.3874846,managed,30.0,30.0,31.943,False,200,
1787722206.420818,managed,30.0,30.0,29.704,False,200,
1787722206.4541514,managed,30.0,30.0,36.778,False,200,
1787722206.4874847,managed,30.0,30.0,29.247,False,200,
1787722206.520818,managed,30.0,30.0,42.598,False,200,
1787722206.5541513,managed,30.0,30.0,37.824,False,200,
1787722206.5874846,managed,30.0,30.0,38.619,False,200,
1787722206.620818,managed,30.0,30.0,42.564,False,200,
1787722206.6541514,managed,30.0,30.0,35.37,False,200,
1787722206.6874847,managed,30.0,30.0,30.094,False,200,
1787722206.720818,managed,30.0,30.0,34.512,False,200,
1787722206.7541513,managed,30.0,30.0,36.889,False,200,
1787722206.7874846,managed,30.0,30.0,36.481,False,200,
1787722206.820818,managed,30.0,30.0,32.484,False,200,
1787722206.8541512,managed,30.0,30.0,33.013,False,200,
1787722206.8874846,managed,30.0,30.0,37.096,False,200,
1787722206.920818,managed,30.0,30.0,48.714,False,200,
1787722206.9541514,managed,30.0,30.0,41.211,False,200,
1787722206.9874847,managed,30.0,30.0,41.54,False,200,
1787722207.020818,managed,30.0,30.0,27.226,False,200,
1787722207.0541513,managed,30.0,30.0,36.674,False,200,
1787722207.0874846,managed,30.0,30.0,43.528,False,200,
1787722207.120818,managed,30.0,30.0,33.614,False,200,
1787722207.1541514,managed,30.0,30.0,35.299,False,200,
1787722207.1874847,managed,30.0,30.0,38.951,False,200,
1787722207.220818,managed,30.0,30.0,39.103,False,200,
1787722207.2541513,managed,30.0,30.0,40.79,False,200,
1787722207.2874846,managed,30.0,30.0,32.285,False,200,
1787722207.320818,managed,30.0,30.0,32.638,False,200,
1787722207.3541512,managed,30.0,30.0,35.755,False,200,
1787722207.3874846,managed,30.0,30.0,36.543,False,200,
1787722207.420818,managed,30.0,30.0,27.628,False,200,
1787722207.4541514,managed,30.0,30.0,31.486,False,200,
1787722207.4874847,managed,30.0,30.0,34.289,False,200,
1787722207.520818,managed,30.0,30.0,37.357,False,200,
1787722207.5541513,managed,30.0,30.0,34.993,False,200,
1787722207.5874846,managed,30.0,30.0,30.191,False,200,
1787722207.620818,managed,30.0,30.0,40.293,False,200,
1787722207.6541514,managed,30.0,30.0,32.985,False,200,
1787722207.6874847,managed,30.0,30.0,34.681,False,200,
1787722207.720818,managed,30.0,30.0,25.914,False,200,
1787722207.7541513,managed,30.0,30.0,41.797,False,200,
1787722207.7874846,managed,30.0,30.0,31.54,False,200,
1787722207.820818,managed,30.0,30.0,35.279,False,200,
1787722207.8541512,managed,30.0,30.0,33.168,False,200,
1787722207.8874846,managed,30.0,30.0,39.836,False,200,
1787722207.920818,managed,30.0,30.0,35.654,False,200,
1787722207.9541514,managed,30.0,30.0,41.624,False,200,
1787722207.9874847,managed,30.0,30.0,41.279,False,200,
1787722208.020818,managed,30.0,30.0,36.949,False,200,
1787722208.0541513,managed,30.0,30.0,24.748,False,200,
1787722208.0874846,managed,30.0,30.0,32.018,False,200,
1787722208.120818,managed,30.0,30.0,31.21,False,200,
1787722208.1541514,managed,30.0,30.0,38.054,False,200,
1787722208.1874847,managed,30.0,30.0,30.427,False,200,
1787722208.220818,managed,30.0,30.0,27.726,False,200,
1787722208.2541513,managed,30.0,30.0,41.178,False,200,
1787722208.2874846,managed,30.0,30.0,37.806,False,200,
1787722208.320818,managed,30.0,30.0,28.877,False,200,
1787722208.3541512,managed,30.0,30.0,40.456,False,200,
1787722208.3874846,managed,30.0,30.0,41.595,False,200,
1787722208.420818,managed,30.0,30.0,34.454,False,200,
1787722208.4541514,managed,30.0,30.0,41.709,False,200,
1787722208.4874847,managed,30.0,30.0,35.241,False,200,
1787722208.520818,managed,30.0,30.0,29.776,False,200,
1787722208.5541513,managed,30.0,30.0,39.38,False,200,
1787722208.5874846,managed,30.0,30.0,34.484,False,200,
1787722208.620818,managed,30.0,30.0,45.812,False,200,
1787722208.6541514,managed,30.0,30.0,33.818,False,200,
1787722208.6874847,managed,30.0,30.0,38.176,False,200,
1787722208.720818,managed,30.0,30.0,38.501,False,200,
1787722208.7541513,managed,30.0,30.0,33.988,False,200,
1787722208.7874846,managed,30.0,30.0,33.408,False,200,
1787722208.820818,managed,30.0,30.0,32.063,False,200,
1787722208.8541512,managed,30.0,30.0,38.357,False,200,
1787722208.8874846,managed,30.0,30.0,39.746,False,200,
1787722208.920818,managed,30.0,30.0,28.163,False,200,
1787722208.9541514,managed,30.0,30.0,35.218,False,200,
1787722208.9874847,managed,30.0,30.0,33.384,False,200,
1787722209.020818,managed,30.0,30.0,42.981,False,200,
1787722209.0541513,managed,30.0,30.0,39.409,False,200,
1787722209.0874846,managed,30.0,30.0,28.262,False,200,
1787722209.120818,managed,30.0,30.0,32.437,False,200,
1787722209.1541514,managed,30.0,30.0,35.786,False,200,
1787722209.1874847,managed,30.0,30.0,25.832,False,200,
1787722209.220818,managed,30.0,30.0,34.275,False,200,
1787722209.2541513,managed,30.0,30.0,34.781,False,200,
1787722209.2874846,managed,30.0,30.0,36.074,False,200,
1787722209.320818,managed,30.0,30.0,30.99,False,200,
1787722209.3541512,managed,30.0,30.0,33.532,False,200,
1787722209.3874846,managed,30.0,30.0,32.053,False,200,
1787722209.420818,managed,30.0,30.0,31.361,False,200,
1787722209.4541514,managed,30.0,30.0,30.479,False,200,
1787722209.4874847,managed,30.0,30.0,38.884,False,200,
1787722209.520818,managed,30.0,30.0,32.517,False,200,
1787722209.5541513,managed,30.0,30.0,42.996,False,200,
1787722209.5874846,managed,30.0,30.0,27.479,False,200,
1787722209.620818,managed,30.0,30.0,24.376,False,200,
1787722209.6541514,managed,30.0,30.0,35.454,False,200,
1787722209.6874847,managed,30.0,30.0,33.744,False,200,
1787722209.720818,managed,30.0,30.0,34.654,False,200,
1787722209.7541513,managed,30.0,30.0,46.002,False,200,
1787722209.7874846,managed,30.0,30.0,40.906,False,200,
1787722209.820818,managed,30.0,30.0,38.079,False,200,
1787722209.8541512,managed,30.0,30.0,40.399,False,200,
1787722209.8874846,managed,30.0,30.0,30.548,False,200,
1787722209.920818,managed,30.0,30.0,37.521,False,200,
1787722209.9541514,managed,30.0,30.0,39.19,False,200,
1787722209.9874847,managed,30.0,30.0,35.92,False,200,
1787722210.020818,managed,30.0,30.0,32.435,False,200,
1787722210.0541513,managed,30.0,30.0,28.253,False,200,
1787722210.0874846,managed,30.0,30.0,35.91,False,200,
1787722210.120818,managed,30.0,30.0,48.129,False,200,
1787722210.1541514,managed,30.0,30.0,33.218,False,200,
1787722210.1874847,managed,30.0,30.0,34.107,False,200,
1787722210.220818,managed,30.0,30.0,40.458,False,200,
1787722210.2541513,managed,30.0,30.0,32.28,False,200,
1787722210.2874846,managed,30.0,30.0,37.852,False,200,
1787722210.320818,managed,30.0,30.0,34.539,False,200,
1787722210.3541512,managed,30.0,30.0,25.084,False,200,
1787722210.3874846,managed,30.0,30.0,28.862,False,200,
1787722210.420818,managed,30.0,30.0,34.301,False,200,
1787722210.4541514,managed,30.0,30.0,38.811,False,200,
1787722210.4874847,managed,30.0,30.0,39.185,False,200,
1787722210.520818,managed,30.0,30.0,45.654,False,200,
1787722210.5541513,managed,30.0,30.0,29.503,False,200,
1787722210.5874846,managed,30.0,30.0,32.118,False,200,
1787722210.620818,managed,30.0,30.0,31.895,False,200,
1787722210.6541514,managed,30.0,30.0,31.754,False,200,
1787722210.6874847,managed,30.0,30.0,32.454,False,200,
1787722210.720818,managed,30.0,30.0,32.014,False,200,
1787722210.7541513,managed,30.0,30.0,33.444,False,200,
1787722210.7874846,managed,30.0,30.0,39.051,False,200,
1787722210.820818,managed,30.0,30.0,37.171,False,200,
1787722210.8541512,managed,30.0,30.0,25.078,False,200,
1787722210.8874846,managed,30.0,30.0,30.591,False,200,
1787722210.920818,managed,30.0,30.0,22.581,False,200,
1787722210.9541514,managed,30.0,30.0,42.132,False,200,
1787722210.9874847,managed,30.0,30.0,33.591,False,200,
1787722211.020818,managed,30.0,30.0,43.232,False,200,
1787722211.0541513,managed,30.0,30.0,33.732,False,200,
1787722211.0874846,managed,30.0,30.0,33.776,False,200,
1787722211.120818,managed,30.0,30.0,33.971,False,200,
1787722211.1541514,managed,30.0,30.0,38.485,False,200,
1787722211.1874847,managed,30.0,30.0,33.172,False,200,
1787722211.220818,managed,30.0,30.0,34.711,False,200,
1787722211.2541513,managed,30.0,30.0,34.594,False,200,
1787722211.2874846,managed,30.0,30.0,28.382,False,200,
1787722211.320818,managed,30.0,30.0,34.611,False,200,
1787722211.3541512,managed,30.0,30.0,34.645,False,200,
1787722211.3874846,managed,30.0,30.0,35.999,False,200,
1787722211.420818,managed,30.0,30.0,32.622,False,200,
1787722211.4541514,managed,30.0,30.0,45.135,False,200,
1787722211.4874847,managed,30.0,30.0,33.231,False,200,
1787722211.520818,managed,30.0,30.0,37.977,False,200,
1787722211.5541513,managed,30.0,30.0,33.091,False,200,
1787722211.5874846,managed,30.0,30.0,32.577,False,200,
1787722211.620818,managed,30.0,30.0,30.448,False,200,
1787722211.6541514,managed,30.0,30.0,29.794,False,200,
1787722211.6874847,managed,30.0,30.0,41.892,False,200,
1787722211.720818,managed,30.0,30.0,37.068,False,200,
1787722211.7541513,managed,30.0,30.0,33.59,False,200,
1787722211.7874846,managed,30.0,30.0,38.335,False,200,
1787722211.820818,managed,30.0,30.0,34.26,False,200,
1787722211.8541512,managed,30.0,30.0,38.221,False,200,
1787722211.8874846,managed,30.0,30.0,35.185,False,200,
1787722211.920818,managed,30.0,30.0,34.492,False,200,
1787722211.9541514,managed,30.0,30.0,41.313,False,200,
1787722211.9874847,managed,30.0,30.0,34.542,False,200,
1787722212.020818,managed,30.0,30.0,39.381,False,200,
1787722212.0541513,managed,30.0,30.0,36.391,False,200,
1787722212.0874846,managed,30.0,30.0,40.447,False,200,
1787722212.120818,managed,30.0,30.0,51.631,False,200,
1787722212.1541514,managed,30.0,30.0,45.499,False,200,
1787722212.1874847,managed,30.0,30.0,28.039,False,200,
1787722212.220818,managed,30.0,30.0,34.913,False,200,
1787722212.2541513,managed,30.0,30.0,35.848,False,200,
1787722212.2874846,managed,30.0,30.0,41.941,False,200,
1787722212.320818,managed,30.0,30.0,24.201,False,200,
1787722212.3541512,managed,30.0,30.0,34.91,False,200,
1787722212.3874846,managed,30.0,30.0,34.726,False,200,
1787722212.420818,managed,30.0,30.0,36.325,False,200,
1787722212.4541514,managed,30.0,30.0,37.006,False,200,
1787722212.4874847,managed,30.0,30.0,34.952,False,200,
1787722212.520818,managed,30.0,30.0,34.057,False,200,
1787722212.5541513,managed,30.0,30.0,37.92,False,200,
1787722212.5874846,managed,30.0,30.0,30.994,False,200,
1787722212.620818,managed,30.0,30.0,28.279,False,200,
1787722212.6541514,managed,30.0,30.0,45.831,False,200,
1787722212.6874847,managed,30.0,30.0,40.891,False,200,
1787722212.720818,managed,30.0,30.0,34.844,False,200,
1787722212.7541513,managed,30.0,30.0,27.039,False,200,
1787722212.7874846,managed,30.0,30.0,34.47,False,200,
1787722212.820818,managed,30.0,30.0,32.188,False,200,
1787722212.8541512,managed,30.0,30.0,42.456,False,200,
1787722212.8874846,managed,30.0,30.0,39.221,False,200,
1787722212.920818,managed,30.0,30.0,34.97,False,200,
1787722212.9541514,managed,30.0,30.0,37.851,False,200,
1787722212.9874847,managed,30.0,30.0,33.954,False,200,
1787722213.020818,managed,30.0,30.0,34.987,False,200,
1787722213.0541513,managed,30.0,30.0,34.722,False,200,
1787722213.0874846,managed,30.0,30.0,32.952,False,200,
1787722213.120818,managed,30.0,30.0,34.77,False,200,
1787722213.1541514,managed,30.0,30.0,31.667,False,200,
1787722213.1874847,managed,30.0,30.0,30.867,False,200,
1787722213.220818,managed,30.0,30.0,35.595,False,200,
1787722213.2541513,managed,30.0,30.0,35.73,False,200,
1787722213.2874846,managed,30.0,30.0,30.468,False,200,
1787722213.320818,managed,30.0,30.0,32.597,False,200,
1787722213.3541512,managed,30.0,30.0,41.623,False,200,
1787722213.3874846,managed,30.0,30.0,31.303,False,200,
1787722213.420818,managed,30.0,30.0,37.993,False,200,
1787722213.4541514,managed,30.0,30.0,34.271,False,200,
1787722213.4874847,managed,30.0,30.0,34.66,False,200,
1787722213.520818,managed,30.0,30.0,29.738,False,200,
1787722213.5541513,managed,30.0,30.0,38.361,False,200,
1787722213.5874846,managed,30.0,30.0,25.634,False,200,
1787722213.620818,managed,30.0,30.0,34.889,False,200,
1787722213.6541514,managed,30.0,30.0,36.173,False,200,
1787722213.6874847,managed,30.0,30.0,32.41,False,200,
1787722213.720818,managed,30.0,30.0,27.691,False,200,
1787722213.7541513,managed,30.0,30.0,32.901,False,200,
1787722213.7874846,managed,30.0,30.0,30.913,False,200,
1787722213.820818,managed,30.0,30.0,40.356,False,200,
1787722213.8541512,managed,30.0,30.0,43.189,False,200,
1787722213.8874846,managed,30.0,30.0,39.816,False,200,
1787722213.920818,managed,30.0,30.0,27.118,False,200,
1787722213.9541514,managed,30.0,30.0,38.813,False,200,
1787722213.9874847,managed,30.0,30.0,42.447,False,200,
1787722214.020818,managed,30.0,30.0,33.363,False,200,
1787722214.0541513,managed,30.0,30.0,28.984,False,200,
1787722214.0874846,managed,30.0,30.0,32.629,False,200,
1787722214.120818,managed,30.0,30.0,33.54,False,200,
1787722214.1541514,managed,30.0,30.0,29.373,False,200,
1787722214.1874847,managed,30.0,30.0,32.106,False,200,
1787722214.220818,managed,30.0,30.0,30.482,False,200,
1787722214.2541513,managed,30.0,30.0,30.106,False,200,
1787722214.2874846,managed,30.0,30.0,32.424,False,200,
1787722214.320818,managed,30.0,30.0,33.55,False,200,
1787722214.3541512,managed,30.0,30.0,38.442,False,200,
1787722214.3874846,managed,30.0,30.0,40.372,False,200,
1787722214.420818,managed,30.0,30.0,30.028,False,200,
1787722214.4541514,managed,30.0,30.0,36.277,False,200,
1787722214.4874847,managed,30.0,30.0,33.077,False,200,
1787722214.520818,managed,30.0,30.0,38.261,False,200,
1787722214.5541513,managed,30.0,30.0,42.57,False,200,
1787722214.5874846,managed,30.0,30.0,33.179,False,200,
1787722214.620818,managed,30.0,30.0,35.197,False,200,
1787722214.6541514,managed,30.0,30.0,28.064,False,200,
1787722214.6874847,managed,30.0,30.0,32.284,False,200,
1787722214.720818,managed,30.0,30.0,46.257,False,200,
1787722214.7541513,managed,30.0,30.0,30.638,False,200,
1787722214.7874846,managed,30.0,30.0,40.353,False,200,
1787722214.820818,managed,30.0,30.0,29.53,False,200,
1787722214.8541512,managed,30.0,30.0,35.218,False,200,
1787722214.8874846,managed,30.0,30.0,43.916,False,200,
1787722214.920818,managed,30.0,30.0,29.139,False,200,
1787722214.9541514,managed,30.0,30.0,40.144,False,200,
1787722214.9874847,managed,30.0,30.0,29.19,False,200,
1787722215.020818,managed,30.0,30.0,33.612,False,200,
1787722215.0541513,managed,30.0,30.0,29.422,False,200,
1787722215.0874846,managed,30.0,30.0,39.073,False,200,
1787722215.120818,managed,30.0,30.0,35.72,False,200,
1787722215.1541514,managed,30.0,30.0,36.483,False,200,
1787722215.1874847,managed,30.0,30.0,30.129,False,200,
1787722215.220818,managed,30.0,30.0,41.826,False,200,
1787722215.2541513,managed,30.0,30.0,44.949,False,200,
1787722215.2874846,managed,30.0,30.0,29.922,False,200,
1787722215.320818,managed,30.0,30.0,45.448,False,200,
1787722215.3541512,managed,30.0,30.0,35.223,False,200,
1787722215.3874846,managed,30.0,30.0,30.351,False,200,
1787722215.420818,managed,30.0,30.0,36.951,False,200,
1787722215.4541514,managed,30.0,30.0,47.363,False,200,
1787722215.4874847,managed,30.0,30.0,30.794,False,200,
1787722215.520818,managed,30.0,30.0,22.399,False,200,
1787722215.5541513,managed,30.0,30.0,28.414,False,200,
1787722215.5874846,managed,30.0,30.0,41.545,False,200,
1787722215.620818,managed,30.0,30.0,37.911,False,200,
1787722215.6541514,managed,30.0,30.0,31.604,False,200,
1787722215.6874847,managed,30.0,30.0,36.75,False,200,
1787722215.720818,managed,30.0,30.0,36.217,False,200,
1787722215.7541513,managed,30.0,30.0,32.163,False,200,
1787722215.7874846,managed,30.0,30.0,41.431,False,200,
1787722215.820818,managed,30.0,30.0,44.421,False,200,
1787722215.8541512,managed,30.0,30.0,43.122,False,200,
1787722215.8874846,managed,30.0,30.0,29.746,False,200,
1787722215.920818,managed,30.0,30.0,35.873,False,200,
1787722215.9541514,managed,30.0,30.0,31.11,False,200,
1787722215.9874847,managed,30.0,30.0,32.277,False,200,
1787722216.020818,managed,30.0,30.0,27.752,False,200,
1787722216.0541513,managed,30.0,30.0,43.186,False,200,
1787722216.0874846,managed,30.0,30.0,44.939,False,200,
1787722216.120818,managed,30.0,30.0,36.007,False,200,
1787722216.1541514,managed,30.0,30.0,35.906,False,200,
1787722216.1874847,managed,30.0,30.0,33.052,False,200,
1787722216.220818,managed,30.0,30.0,45.247,False,200,
1787722216.2541513,managed,30.0,30.0,43.382,False,200,
1787722216.2874846,managed,30.0,30.0,33.373,False,200,
1787722216.320818,managed,30.0,30.0,34.95,False,200,
1787722216.3541512,managed,30.0,30.0,38.668,False,200,
1787722216.3874846,managed,30.0,30.0,35.155,False,200,
1787722216.420818,managed,30.0,30.0,43.521,False,200,
1787722216.4541514,managed,30.0,30.0,39.942,False,200,
1787722216.4874847,managed,30.0,30.0,39.144,False,200,
1787722216.520818,managed,30.0,30.0,34.462,False,200,
1787722216.5541513,managed,30.0,30.0,32.666,False,200,
1787722216.5874846,managed,30.0,30.0,51.993,False,200,
1787722216.620818,managed,30.0,30.0,29.721,False,200,
1787722216.6541514,managed,30.0,30.0,35.972,False,200,
1787722216.6874847,managed,30.0,30.0,43.706,False,200,
1787722216.720818,managed,30.0,30.0,36.924,False,200,
1787722216.7541513,managed,30.0,30.0,24.726,False,200,
1787722216.7874846,managed,30.0,30.0,30.318,False,200,
1787722216.820818,managed,30.0,30.0,37.464,False,200,
1787722216.8541512,managed,30.0,30.0,29.069,False,200,
1787722216.8874846,managed,30.0,30.0,33.673,False,200,
1787722216.920818,managed,30.0,30.0,35.786,False,200,
1787722216.9541514,managed,30.0,30.0,26.765,False,200,
1787722216.9874847,managed,30.0,30.0,26.149,False,200,
1787722217.020818,managed,30.0,30.0,31.324,False,200,
1787722217.0541513,managed,30.0,30.0,32.225,False,200,
1787722217.0874846,managed,30.0,30.0,29.393,False,200,
1787722217.120818,managed,30.0,30.0,41.718,False,200,
1787722217.1541514,managed,30.0,30.0,40.006,False,200,
1787722217.1874847,managed,30.0,30.0,37.008,False,200,
1787722217.220818,managed,30.0,30.0,35.44,False,200,
1787722217.2541513,managed,30.0,30.0,36.75,False,200,
1787722217.2874846,managed,30.0,30.0,38.897,False,200,
1787722217.320818,managed,30.0,30.0,36.451,False,200,
1787722217.3541512,managed,30.0,30.0,37.211,False,200,
1787722217.3874846,managed,30.0,30.0,36.708,False,200,
1787722217.420818,managed,30.0,30.0,35.722,False,200,
1787722217.4541514,managed,30.0,30.0,46.292,False,200,
1787722217.4874847,managed,30.0,30.0,30.541,False,200,
1787722217.520818,managed,30.0,30.0,37.944,False,200,
1787722217.5541513,managed,30.0,30.0,34.477,False,200,
1787722217.5874846,managed,30.0,30.0,32.029,False,200,
1787722217.620818,managed,30.0,30.0,36.856,False,200,
1787722217.6541514,managed,30.0,30.0,29.097,False,200,
1787722217.6874847,managed,30.0,30.0,25.045,False,200,
1787722217.720818,managed,30.0,30.0,32.556,False,200,
1787722217.7541513,managed,30.0,30.0,37.639,False,200,
1787722217.7874846,managed,30.0,30.0,37.21,False,200,
1787722217.820818,managed,30.0,30.0,43.689,False,200,
1787722217.8541512,managed,30.0,30.0,35.74,False,200,
1787722217.8874846,managed,30.0,30.0,49.169,False,200,
1787722217.920818,managed,30.0,30.0,35.155,False,200,
1787722217.9541514,managed,30.0,30.0,30.246,False,200,
1787722217.9874847,managed,30.0,30.0,42.7,False,200,
1787722218.020818,managed,30.0,30.0,32.787,False,200,
1787722218.0541513,managed,30.0,30.0,30.776,False,200,
1787722218.0874846,managed,30.0,30.0,30.06,False,200,
1787722218.120818,managed,30.0,30.0,36.378,False,200,
1787722218.1541514,managed,30.0,30.0,37.205,False,200,
1787722218.1874847,managed,30.0,30.0,35.858,False,200,
1787722218.220818,managed,30.0,30.0,44.8,False,200,
1787722218.2541513,managed,30.0,30.0,28.52,False,200,
1787722218.2874846,managed,30.0,30.0,31.207,False,200,
1787722218.320818,managed,30.0,30.0,35.439,False,200,
1787722218.3541512,managed,30.0,30.0,33.968,False,200,
1787722218.3874846,managed,30.0,30.0,32.234,False,200,
1787722218.420818,managed,30.0,30.0,34.616,False,200,
1787722218.4541514,managed,30.0,30.0,35.807,False,200,
1787722218.4874847,managed,30.0,30.0,37.773,False,200,
1787722218.520818,managed,30.0,30.0,37.205,False,200,
1787722218.5541513,managed,30.0,30.0,42.143,False,200,
1787722218.5874846,managed,30.0,30.0,31.121,False,200,
1787722218.620818,managed,30.0,30.0,36.128,False,200,
1787722218.6541514,managed,30.0,30.0,33.619,False,200,
1787722218.6874847,managed,30.0,30.0,41.374,False,200,
1787722218.720818,managed,30.0,30.0,31.551,False,200,
1787722218.7541513,managed,30.0,30.0,31.106,False,200,
1787722218.7874846,managed,30.0,30.0,31.533,False,200,
1787722218.820818,managed,30.0,30.0,38.664,False,200,
1787722218.8541512,managed,30.0,30.0,43.013,False,200,
1787722218.8874846,managed,30.0,30.0,37.716,False,200,
1787722218.920818,managed,30.0,30.0,30.081,False,200,
1787722218.9541514,managed,30.0,30.0,31.282,False,200,
1787722218.9874847,managed,30.0,30.0,39.882,False,200,
1787722219.020818,managed,30.0,30.0,35.344,False,200,
1787722219.0541513,managed,30.0,30.0,37.698,False,200,
1787722219.0874846,managed,30.0,30.0,36.639,False,200,
1787722219.120818,managed,30.0,30.0,29.74,False,200,
1787722219.1541514,managed,30.0,30.0,35.515,False,200,
1787722219.1874847,managed,30.0,30.0,42.846,False,200,
1787722219.220818,managed,30.0,30.0,45.781,False,200,
1787722219.2541513,managed,30.0,30.0,27.985,False,200,
1787722219.2874846,managed,30.0,30.0,33.799,False,200,
1787722219.320818,managed,30.0,30.0,31.137,False,200,
1787722219.3541512,managed,30.0,30.0,29.18,False,200,
1787722219.3874846,managed,30.0,30.0,38.239,False,200,
1787722219.420818,managed,30.0,30.0,40.263,False,200,
1787722219.4541514,managed,30.0,30.0,43.182,False,200,
1787722219.4874847,managed,30.0,30.0,37.262,False,200,
1787722219.520818,managed,30.0,30.0,23.822,False,200,
1787722219.5541513,managed,30.0,30.0,39.638,False,200,
1787722219.5874846,managed,30.0,30.0,31.951,False,200,
1787722219.620818,managed,30.0,30.0,40.717,False,200,
1787722219.6541514,managed,30.0,30.0,33.439,False,200,
1787722219.6874847,managed,30.0,30.0,28.853,False,200,
1787722219.720818,managed,30.0,30.0,33.952,False,200,
1787722219.7541513,managed,30.0,30.0,37.049,False,200,
1787722219.7874846,managed,30.0,30.0,43.452,False,200,
1787722219.820818,managed,30.0,30.0,26.142,False,200,
1787722219.8541512,managed,30.0,30.0,24.158,False,200,
1787722219.8874846,managed,30.0,30.0,33.7,False,200,
1787722219.920818,managed,30.0,30.0,34.05,False,200,
1787722219.9541514,managed,30.0,30.0,37.896,False,200,
1787722219.9874847,managed,30.0,30.0,36.471,False,200,
1787722220.020818,managed,30.0,30.0,30.779,False,200,
1787722220.0541513,managed,30.0,30.0,39.971,False,200,
1787722220.0874846,managed,30.0,30.0,34.025,False,200,
1787722220.120818,managed,30.0,30.0,34.065,False,200,
1787722220.1541514,managed,30.0,30.0,32.701,False,200,
1787722220.1874847,managed,30.0,30.0,27.096,False,200,
1787722220.220818,managed,30.0,30.0,27.637,False,200,
1787722220.2541513,managed,30.0,30.0,40.483,False,200,
1787722220.2874846,managed,30.0,30.0,34.381,False,200,
1787722220.320818,managed,30.0,30.0,40.978,False,200,
1787722220.3541512,managed,30.0,30.0,34.32,False,200,
1787722220.3874846,managed,30.0,30.0,37.765,False,200,
1787722220.420818,managed,30.0,30.0,33.477,False,200,
1787722220.4541514,managed,30.0,30.0,41.201,False,200,
1787722220.4874847,managed,30.0,30.0,34.129,False,200,
1787722220.520818,managed,30.0,30.0,32.911,False,200,
1787722220.5541513,managed,30.0,30.0,43.624,False,200,
1787722220.5874846,managed,30.0,30.0,43.892,False,200,
1787722220.620818,managed,30.0,30.0,41.409,False,200,
1787722220.6541514,managed,30.0,30.0,36.248,False,200,
1787722220.6874847,managed,30.0,30.0,37.592,False,200,
1787722220.720818,managed,30.0,30.0,42.765,False,200,
1787722220.7541513,managed,30.0,30.0,31.311,False,200,
1787722220.7874846,managed,30.0,30.0,30.837,False,200,
1787722220.820818,managed,30.0,30.0,32.203,False,200,
1787722220.8541512,managed,30.0,30.0,42.77,False,200,
1787722220.8874846,managed,30.0,30.0,38.381,False,200,
1787722220.920818,managed,30.0,30.0,27.738,False,200,
1787722220.9541514,managed,30.0,30.0,34.064,False,200,
1787722220.9874847,managed,30.0,30.0,34.231,False,200,
1787722221.020818,managed,30.0,30.0,27.56,False,200,
1787722221.0541513,managed,30.0,30.0,30.373,False,200,
1787722221.0874846,managed,30.0,30.0,36.934,False,200,
1787722221.120818,managed,30.0,30.0,35.833,False,200,
1787722221.1541514,managed,30.0,30.0,32.892,False,200,
1787722221.1874847,managed,30.0,30.0,37.802,False,200,
1787722221.220818,managed,30.0,30.0,38.165,False,200,
1787722221.2541513,managed,30.0,30.0,38.467,False,200,
1787722221.2874846,managed,30.0,30.0,27.833,False,200,
1787722221.320818,managed,30.0,30.0,37.242,False,200,
1787722221.3541512,managed,30.0,30.0,36.952,False,200,
1787722221.3874846,managed,30.0,30.0,33.549,False,200,
1787722221.420818,managed,30.0,30.0,31.051,False,200,
1787722221.4541514,managed,30.0,30.0,27.186,False,200,
1787722221.4874847,managed,30.0,30.0,32.389,False,200,
1787722221.520818,managed,30.0,30.0,31.499,False,200,
1787722221.5541513,managed,30.0,30.0,33.164,False,200,
1787722221.5874846,managed,30.0,30.0,26.514,False,200,
1787722221.620818,managed,30.0,30.0,32.613,False,200,
1787722221.6541514,managed,30.0,30.0,27.797,False,200,
1787722221.6874847,managed,30.0,30.0,27.975,False,200,
1787722221.720818,managed,30.0,30.0,46.222,False,200,
1787722221.7541513,managed,30.0,30.0,35.803,False,200,
1787722221.7874846,managed,30.0,30.0,29.872,False,200,
1787722221.820818,managed,30.0,30.0,33.714,False,200,
1787722221.8541512,managed,30.0,30.0,48.295,False,200,
1787722221.8874846,managed,30.0,30.0,29.764,False,200,
1787722221.920818,managed,30.0,30.0,36.244,False,200,
1787722221.9541514,managed,30.0,30.0,37.57,False,200,
1787722221.9874847,managed,30.0,30.0,37.153,False,200,
1787722222.020818,managed,30.0,30.0,38.862,False,200,
1787722222.0541513,managed,30.0,30.0,41.297,False,200,
1787722222.0874846,managed,30.0,30.0,28.849,False,200,
1787722222.120818,managed,30.0,30.0,43.803,False,200,
1787722222.1541514,managed,30.0,30.0,37.379,False,200,
1787722222.1874847,managed,30.0,30.0,43.025,False,200,
1787722222.220818,managed,30.0,30.0,37.118,False,200,
1787722222.2541513,managed,30.0,30.0,36.576,False,200,
1787722222.2874846,managed,30.0,30.0,37.034,False,200,
1787722222.320818,managed,30.0,30.0,29.528,False,200,
1787722222.3541512,managed,30.0,30.0,34.217,False,200,
1787722222.3874846,managed,30.0,30.0,26.831,False,200,
1787722222.420818,managed,30.0,30.0,38.301,False,200,
1787722222.4541514,managed,30.0,30.0,31.519,False,200,
1787722222.4874847,managed,30.0,30.0,29.176,False,200,
1787722222.520818,managed,30.0,30.0,34.358,False,200,
1787722222.5541513,managed,30.0,30.0,37.857,False,200,
1787722222.5874846,managed,30.0,30.0,33.603,False,200,
1787722222.620818,managed,30.0,30.0,42.997,False,200,
1787722222.6541514,managed,30.0,30.0,28.327,False,200,
1787722222.6874847,managed,30.0,30.0,42.942,False,200,
1787722222.720818,managed,30.0,30.0,40.525,False,200,
1787722222.7541513,managed,30.0,30.0,28.34,False,200,
1787722222.7874846,managed,30.0,30.0,29.91,False,200,
1787722222.820818,managed,30.0,30.0,35.569,False,200,
1787722222.8541512,managed,30.0,30.0,30.536,False,200,
1787722222.8874846,managed,30.0,30.0,28.803,False,200,
1787722222.920818,managed,30.0,30.0,32.53,False,200,
1787722222.9541514,managed,30.0,30.0,26.195,False,200,
1787722222.9874847,managed,30.0,30.0,43.451,False,200,
1787722223.020818,managed,30.0,30.0,29.273,False,200,
1787722223.0541513,managed,30.0,30.0,34.711,False,200,
1787722223.0874846,managed,30.0,30.0,35.564,False,200,
1787722223.120818,managed,30.0,30.0,41.114,False,200,
1787722223.1541514,managed,30.0,30.0,28.004,False,200,
1787722223.1874847,managed,30.0,30.0,35.981,False,200,
1787722223.220818,managed,30.0,30.0,29.184,False,200,
1787722223.2541513,managed,30.0,30.0,36.495,False,200,
1787722223.2874846,managed,30.0,30.0,25.201,False,200,
1787722223.320818,managed,30.0,30.0,23.853,False,200,
1787722223.3541512,managed,30.0,30.0,33.044,False,200,
1787722223.3874846,managed,30.0,30.0,39.087,False,200,
1787722223.420818,managed,30.0,30.0,52.875,False,200,
1787722223.4541514,managed,30.0,30.0,41.223,False,200,
1787722223.4874847,managed,30.0,30.0,36.817,False,200,
1787722223.520818,managed,30.0,30.0,46.425,False,200,
1787722223.5541513,managed,30.0,30.0,48.89,False,200,
1787722223.5874846,managed,30.0,30.0,34.753,False,200,
1787722223.620818,managed,30.0,30.0,40.515,False,200,
1787722223.6541514,managed,30.0,30.0,32.12,False,200,
1787722223.6874847,managed,30.0,30.0,37.128,False,200,
1787722223.720818,managed,30.0,30.0,34.999,False,200,
1787722223.7541513,managed,30.0,30.0,44.275,False,200,
1787722223.7874846,managed,30.0,30.0,33.924,False,200,
1787722223.820818,managed,30.0,30.0,37.902,False,200,
1787722223.8541512,managed,30.0,30.0,42.341,False,200,
1787722223.8874846,managed,30.0,30.0,39.295,False,200,
1787722223.920818,managed,30.0,30.0,37.539,False,200,
1787722223.9541514,managed,30.0,30.0,37.491,False,200,
1787722223.9874847,managed,30.0,30.0,30.013,False,200,
1787722224.020818,managed,30.0,30.0,40.755,False,200,
1787722224.0541513,managed,30.0,30.0,32.359,False,200,
1787722224.0874846,managed,30.0,30.0,38.395,False,200,
1787722224.120818,managed,30.0,30.0,47.19,False,200,
1787722224.1541514,managed,30.0,30.0,32.928,False,200,
1787722224.1874847,managed,30.0,30.0,35.616,False,200,
1787722224.220818,managed,30.0,30.0,36.202,False,200,
1787722224.2541513,managed,30.0,30.0,37.956,False,200,
1787722224.2874846,managed,30.0,30.0,39.416,False,200,
1787722224.320818,managed,30.0,30.0,35.491,False,200,
1787722224.3541512,managed,30.0,30.0,32.237,False,200,
1787722224.3874846,managed,30.0,30.0,40.412,False,200,
1787722224.420818,managed,30.0,30.0,25.071,False,200,
1787722224.4541514,managed,30.0,30.0,27.895,False,200,
1787722224.4874847,managed,30.0,30.0,22.093,False,200,
1787722224.520818,managed,30.0,30.0,31.835,False,200,
1787722224.5541513,managed,30.0,30.0,36.43,False,200,
1787722224.5874846,managed,30.0,30.0,33.61,False,200,
1787722224.620818,managed,30.0,30.0,29.571,False,200,
1787722224.6541514,managed,30.0,30.0,30.383,False,200,
1787722224.6874847,managed,30.0,30.0,38.462,False,200,
1787722224.720818,managed,30.0,30.0,33.744,False,200,
1787722224.7541513,managed,30.0,30.0,29.479,False,200,
1787722224.7874846,managed,30.0,30.0,33.028,False,200,
1787722224.820818,managed,30.0,30.0,33.948,False,200,
1787722224.8541512,managed,30.0,30.0,32.826,False,200,
1787722224.8874846,managed,30.0,30.0,24.806,False,200,
1787722224.920818,managed,30.0,30.0,34.949,False,200,
1787722224.9541514,managed,30.0,30.0,41.073,False,200,
1787722224.9874847,managed,30.0,30.0,29.571,False,200,
1787722225.020818,managed,30.0,30.0,27.069,False,200,
1787722225.0541513,managed,30.0,30.0,40.758,False,200,
1787722225.0874846,managed,30.0,30.0,36.34,False,200,
1787722225.120818,managed,30.0,30.0,36.386,False,200,
1787722225.1541514,managed,30.0,30.0,37.089,False,200,
1787722225.1874847,managed,30.0,30.0,39.834,False,200,
1787722225.220818,managed,30.0,30.0,41.935,False,200,
1787722225.2541513,managed,30.0,30.0,33.539,False,200,
1787722225.2874846,managed,30.0,30.0,42.86,False,200,
1787722225.320818,managed,30.0,30.0,32.757,False,200,
1787722225.3541512,managed,30.0,30.0,34.968,False,200,
1787722225.3874846,managed,30.0,30.0,28.426,False,200,
1787722225.420818,managed,30.0,30.0,35.189,False,200,
1787722225.4541514,managed,30.0,30.0,25.733,False,200,
1787722225.4874847,managed,30.0,30.0,33.134,False,200,
1787722225.520818,managed,30.0,30.0,37.689,False,200,
1787722225.5541513,managed,30.0,30.0,33.7,False,200,
1787722225.5874846,managed,30.0,30.0,31.227,False,200,
1787722225.620818,managed,30.0,30.0,27.401,False,200,
1787722225.6541514,managed,30.0,30.0,35.126,False,200,
1787722225.6874847,managed,30.0,30.0,32.445,False,200,
1787722225.720818,managed,30.0,30.0,46.571,False,200,
1787722225.7541513,managed,30.0,30.0,38.511,False,200,
1787722225.7874846,managed,30.0,30.0,30.228,False,200,
1787722225.820818,managed,30.0,30.0,41.12,False,200,
1787722225.8541512,managed,30.0,30.0,35.281,False,200,
1787722225.8874846,managed,30.0,30.0,29.562,False,200,
1787722225.920818,managed,30.0,30.0,34.877,False,200,
1787722225.9541514,managed,30.0,30.0,31.483,False,200,
1787722225.9874847,managed,30.0,30.0,37.296,False,200,
1787722226.020818,managed,30.0,30.0,34.185,False,200,
1787722226.0541513,managed,30.0,30.0,25.443,False,200,
1787722226.0874846,managed,30.0,30.0,25.671,False,200,
1787722226.120818,managed,30.0,30.0,42.79,False,200,
1787722226.1541514,managed,30.0,30.0,35.003,False,200,
1787722226.1874847,managed,30.0,30.0,35.426,False,200,
1787722226.220818,managed,30.0,30.0,38.375,False,200,
1787722226.2541513,managed,30.0,30.0,34.809,False,200,
1787722226.2874846,managed,30.0,30.0,36.202,False,200,
1787722226.320818,managed,30.0,30.0,29.032,False,200,
1787722226.3541512,managed,30.0,30.0,36.888,False,200,
1787722226.3874846,managed,30.0,30.0,37.477,False,200,
1787722226.420818,managed,30.0,30.0,34.053,False,200,
1787722226.4541514,managed,30.0,30.0,34.668,False,200,
1787722226.4874847,managed,30.0,30.0,29.798,False,200,
1787722226.520818,managed,30.0,30.0,33.388,False,200,
1787722226.5541513,managed,30.0,30.0,36.152,False,200,
1787722226.5874846,managed,30.0,30.0,38.924,False,200,
1787722226.620818,managed,30.0,30.0,38.935,False,200,
1787722226.6541514,managed,30.0,30.0,30.792,False,200,
1787722226.6874847,managed,30.0,30.0,43.499,False,200,
1787722226.720818,managed,30.0,30.0,35.723,False,200,
1787722226.7541513,managed,30.0,30.0,40.64,False,200,
1787722226.7874846,managed,30.0,30.0,36.134,False,200,
1787722226.820818,managed,30.0,30.0,34.394,False,200,
1787722226.8541512,managed,30.0,30.0,36.077,False,200,
1787722226.8874846,managed,30.0,30.0,38.696,False,200,
1787722226.920818,managed,30.0,30.0,31.529,False,200,
1787722226.9541514,managed,30.0,30.0,40.364,False,200,
1787722226.9874847,managed,30.0,30.0,34.593,False,200,
1787722227.020818,managed,30.0,30.0,29.114,False,200,
1787722227.0541513,managed,30.0,30.0,37.175,False,200,
1787722227.0874846,managed,30.0,30.0,30.53,False,200,
1787722227.120818,managed,30.0,30.0,37.667,False,200,
1787722227.1541514,managed,30.0,30.0,29.403,False,200,
1787722227.1874847,managed,30.0,30.0,34.721,False,200,
1787722227.220818,managed,30.0,30.0,33.305,False,200,
1787722227.2541513,managed,30.0,30.0,32.579,False,200,
1787722227.2874846,managed,30.0,30.0,28.21,False,200,
1787722227.320818,managed,30.0,30.0,37.777,False,200,
1787722227.3541512,managed,30.0,30.0,32.538,False,200,
1787722227.3874846,managed,30.0,30.0,29.925,False,200,
1787722227.420818,managed,30.0,30.0,32.233,False,200,
1787722227.4541514,managed,30.0,30.0,44.72,False,200,
1787722227.4874847,managed,30.0,30.0,38.147,False,200,
1787722227.520818,managed,30.0,30.0,51.051,False,200,
1787722227.5541513,managed,30.0,30.0,32.5,False,200,
1787722227.5874846,managed,30.0,30.0,39.29,False,200,
1787722227.620818,managed,30.0,30.0,29.344,False,200,
1787722227.6541514,managed,30.0,30.0,33.029,False,200,
1787722227.6874847,managed,30.0,30.0,34.171,False,200,
1787722227.720818,managed,30.0,30.0,33.184,False,200,
1787722227.7541513,managed,30.0,30.0,35.217,False,200,
1787722227.7874846,managed,30.0,30.0,34.181,False,200,
1787722227.820818,managed,30.0,30.0,44.703,False,200,
1787722227.8541512,managed,30.0,30.0,42.112,False,200,
1787722227.8874846,managed,30.0,30.0,32.942,False,200,
1787722227.920818,managed,30.0,30.0,42.577,False,200,
1787722227.9541514,managed,30.0,30.0,29.281,False,200,
1787722227.9874847,managed,30.0,30.0,35.663,False,200,
1787722228.020818,managed,30.0,30.0,39.493,False,200,
1787722228.0541513,managed,30.0,30.0,39.746,False,200,
1787722228.0874846,managed,30.0,30.0,42.028,False,200,
1787722228.120818,managed,30.0,30.0,41.22,False,200,
1787722228.1541514,managed,30.0,30.0,35.309,False,200,
1787722228.1874847,managed,30.0,30.0,37.012,False,200,
1787722228.220818,managed,30.0,30.0,37.261,False,200,
1787722228.2541513,managed,30.0,30.0,37.423,False,200,
1787722228.2874846,managed,30.0,30.0,32.304,False,200,
1787722228.320818,managed,30.0,30.0,37.055,False,200,
1787722228.3541512,managed,30.0,30.0,36.39,False,200,
1787722228.3874846,managed,30.0,30.0,32.888,False,200,
1787722228.420818,managed,30.0,30.0,41.972,False,200,
1787722228.4541514,managed,30.0,30.0,33.31,False,200,
1787722228.4874847,managed,30.0,30.0,30.811,False,200,
1787722228.520818,managed,30.0,30.0,39.244,False,200,
1787722228.5541513,managed,30.0,30.0,41.468,False,200,
1787722228.5874846,managed,30.0,30.0,23.906,False,200,
1787722228.620818,managed,30.0,30.0,37.696,False,200,
1787722228.6541514,managed,30.0,30.0,41.003,False,200,
1787722228.6874847,managed,30.0,30.0,33.052,False,200,
1787722228.720818,managed,30.0,30.0,40.001,False,200,
1787722228.7541513,managed,30.0,30.0,28.687,False,200,
1787722228.7874846,managed,30.0,30.0,34.585,False,200,
1787722228.820818,managed,30.0,30.0,29.575,False,200,
1787722228.8541512,managed,30.0,30.0,46.967,False,200,
1787722228.8874846,managed,30.0,30.0,33.888,False,200,
1787722228.920818,managed,30.0,30.0,30.878,False,200,
1787722228.9541514,managed,30.0,30.0,30.496,False,200,
1787722228.9874847,managed,30.0,30.0,36.037,False,200,
1787722229.020818,managed,30.0,30.0,38.282,False,200,
1787722229.0541513,managed,30.0,30.0,36.212,False,200,
1787722229.0874846,managed,30.0,30.0,42.523,False,200,
1787722229.120818,managed,30.0,30.0,35.182,False,200,
1787722229.1541514,managed,30.0,30.0,31.426,False,200,
1787722229.1874847,managed,30.0,30.0,27.059,False,200,
1787722229.220818,managed,30.0,30.0,39.183,False,200,
1787722229.2541513,managed,30.0,30.0,34.188,False,200,
1787722229.2874846,managed,30.0,30.0,32.468,False,200,
1787722229.320818,managed,30.0,30.0,36.546,False,200,
1787722229.3541512,managed,30.0,30.0,36.529,False,200,
1787722229.3874846,managed,30.0,30.0,36.116,False,200,
1787722229.420818,managed,30.0,30.0,41.032,False,200,
1787722229.4541514,managed,30.0,30.0,50.506,False,200,
1787722229.4874847,managed,30.0,30.0,52.079,False,200,
1787722229.520818,managed,30.0,30.0,35.861,False,200,
1787722229.5541513,managed,30.0,30.0,42.299,False,200,
1787722229.5874846,managed,30.0,30.0,38.771,False,200,
1787722229.620818,managed,30.0,30.0,32.322,False,200,
1787722229.6541514,managed,30.0,30.0,33.5,False,200,
1787722229.6874847,managed,30.0,30.0,31.121,False,200,
1787722229.720818,managed,30.0,30.0,38.897,False,200,
1787722229.7541513,managed,30.0,30.0,31.285,False,200,
1787722229.7874846,managed,30.0,30.0,30.494,False,200,
1787722229.820818,managed,30.0,30.0,35.255,False,200,
1787722229.8541512,managed,30.0,30.0,37.803,False,200,
1787722229.8874846,managed,30.0,30.0,31.303,False,200,
1787722229.920818,managed,30.0,30.0,39.627,False,200,
1787722229.9541514,managed,30.0,30.0,37.194,False,200,
1787722229.9874847,managed,30.0,30.0,33.658,False,200,
1787722230.020818,managed,30.0,30.0,37.678,False,200,
1787722230.0541513,managed,30.0,30.0,36.097,False,200,
1787722230.0874846,managed,30.0,30.0,46.366,False,200,
1787722230.120818,managed,30.0,30.0,39.264,False,200,
1787722230.1541514,managed,30.0,30.0,27.177,False,200,
1787722230.1874847,managed,30.0,30.0,31.688,False,200,
1787722230.220818,managed,30.0,30.0,34.835,False,200,
1787722230.2541513,managed,30.0,30.0,35.251,False,200,
1787722230.2874846,managed,30.0,30.0,39.207,False,200,
1787722230.320818,managed,30.0,30.0,33.723,False,200,
1787722230.3541512,managed,30.0,30.0,38.968,False,200,
1787722230.3874846,managed,30.0,30.0,40.099,False,200,
1787722230.420818,managed,30.0,30.0,34.995,False,200,
1787722230.4541514,managed,30.0,30.0,29.094,False,200,
1787722230.4874847,managed,30.0,30.0,32.757,False,200,
1787722230.520818,managed,30.0,30.0,40.275,False,200,
1787722230.5541513,managed,30.0,30.0,40.378,False,200,
1787722230.5874846,managed,30.0,30.0,29.842,False,200,
1787722230.620818,managed,30.0,30.0,34.101,False,200,
1787722230.6541514,managed,30.0,30.0,35.258,False,200,
1787722230.6874847,managed,30.0,30.0,34.48,False,200,
1787722230.720818,managed,30.0,30.0,34.136,False,200,
1787722230.7541513,managed,30.0,30.0,33.593,False,200,
1787722230.7874846,managed,30.0,30.0,39.861,False,200,
1787722230.820818,managed,30.0,30.0,40.451,False,200,
1787722230.8541512,managed,30.0,30.0,33.063,False,200,
1787722230.8874846,managed,30.0,30.0,40.611,False,200,
1787722230.920818,managed,30.0,30.0,40.545,False,200,
1787722230.9541514,managed,30.0,30.0,34.609,False,200,
1787722230.9874847,managed,30.0,30.0,31.363,False,200,
1787722231.020818,managed,30.0,30.0,29.252,False,200,
1787722231.0541513,managed,30.0,30.0,30.598,False,200,
1787722231.0874846,managed,30.0,30.0,38.739,False,200,
1787722231.120818,managed,30.0,30.0,30.108,False,200,
1787722231.1541514,managed,30.0,30.0,25.893,False,200,
1787722231.1874847,managed,30.0,30.0,30.96,False,200,
1787722231.220818,managed,30.0,30.0,42.362,False,200,
1787722231.2541513,managed,30.0,30.0,36.103,False,200,
1787722231.2874846,managed,30.0,30.0,32.69,False,200,
1787722231.320818,managed,30.0,30.0,30.527,False,200,
1787722231.3541512,managed,30.0,30.0,36.094,False,200,
1787722231.3874846,managed,30.0,30.0,36.047,False,200,
1787722231.420818,managed,30.0,30.0,33.916,False,200,
1787722231.4541514,managed,30.0,30.0,29.69,False,200,
1787722231.4874847,managed,30.0,30.0,41.791,False,200,
1787722231.520818,managed,30.0,30.0,37.596,False,200,
1787722231.5541513,managed,30.0,30.0,30.552,False,200,
1787722231.5874846,managed,30.0,30.0,38.599,False,200,
1787722231.620818,managed,30.0,30.0,27.349,False,200,
1787722231.6541514,managed,30.0,30.0,36.501,False,200,
1787722231.6874847,managed,30.0,30.0,36.056,False,200,
1787722231.720818,managed,30.0,30.0,32.09,False,200,
1787722231.7541513,managed,30.0,30.0,34.876,False,200,
1787722231.7874846,managed,30.0,30.0,29.458,False,200,
1787722231.820818,managed,30.0,30.0,34.008,False,200,
1787722231.8541512,managed,30.0,30.0,34.14,False,200,
1787722231.8874846,managed,30.0,30.0,39.133,False,200,
1787722231.920818,managed,30.0,30.0,38.146,False,200,
1787722231.9541514,managed,30.0,30.0,31.674,False,200,
1787722231.9874847,managed,30.0,30.0,29.398,False,200,
1787722232.020818,managed,30.0,30.0,36.75,False,200,
1787722232.0541513,managed,30.0,30.0,31.636,False,200,
1787722232.0874846,managed,30.0,30.0,36.567,False,200,
1787722232.120818,managed,30.0,30.0,35.346,False,200,
1787722232.1541514,managed,30.0,30.0,37.512,False,200,
1787722232.1874847,managed,30.0,30.0,37.697,False,200,
1787722232.220818,managed,30.0,30.0,34.606,False,200,
1787722232.2541513,managed,30.0,30.0,33.367,False,200,
1787722232.2874846,managed,30.0,30.0,37.572,False,200,
1787722232.320818,managed,30.0,30.0,39.113,False,200,
1787722232.3541512,managed,30.0,30.0,44.18,False,200,
1787722232.3874846,managed,30.0,30.0,37.756,False,200,
1787722232.420818,managed,30.0,30.0,30.845,False,200,
1787722232.4541514,managed,30.0,30.0,39.253,False,200,
1787722232.4874847,managed,30.0,30.0,41.616,False,200,
1787722232.520818,managed,30.0,30.0,45.466,False,200,
1787722232.5541513,managed,30.0,30.0,35.372,False,200,
1787722232.5874846,managed,30.0,30.0,33.415,False,200,
1787722232.620818,managed,30.0,30.0,31.022,False,200,
1787722232.6541514,managed,30.0,30.0,32.561,False,200,
1787722232.6874847,managed,30.0,30.0,45.666,False,200,
1787722232.720818,managed,30.0,30.0,36.537,False,200,
1787722232.7541513,managed,30.0,30.0,37.251,False,200,
1787722232.7874846,managed,30.0,30.0,33.94,False,200,
1787722232.820818,managed,30.0,30.0,30.826,False,200,
1787722232.8541512,managed,30.0,30.0,33.576,False,200,
1787722232.8874846,managed,30.0,30.0,30.52,False,200,
1787722232.920818,managed,30.0,30.0,31.939,False,200,
1787722232.9541514,managed,30.0,30.0,34.648,False,200,
1787722232.9874847,managed,30.0,30.0,37.805,False,200,
1787722233.020818,managed,30.0,30.0,37.622,False,200,
1787722233.0541513,managed,30.0,30.0,33.772,False,200,
1787722233.0874846,managed,30.0,30.0,31.505,False,200,
1787722233.120818,managed,30.0,30.0,30.595,False,200,
1787722233.1541514,managed,30.0,30.0,39.761,False,200,
1787722233.1874847,managed,30.0,30.0,39.283,False,200,
1787722233.220818,managed,30.0,30.0,36.176,False,200,
1787722233.2541513,managed,30.0,30.0,30.357,False,200,
1787722233.2874846,managed,30.0,30.0,41.294,False,200,
1787722233.320818,managed,30.0,30.0,30.654,False,200,
1787722233.3541512,managed,30.0,30.0,29.499,False,200,
1787722233.3874846,managed,30.0,30.0,34.676,False,200,
1787722233.420818,managed,30.0,30.0,46.13,False,200,
1787722233.4541514,managed,30.0,30.0,28.472,False,200,
1787722233.4874847,managed,30.0,30.0,35.987,False,200,
1787722233.520818,managed,30.0,30.0,35.216,False,200,
1787722233.5541513,managed,30.0,30.0,30.463,False,200,
1787722233.5874846,managed,30.0,30.0,41.924,False,200,
1787722233.620818,managed,30.0,30.0,41.609,False,200,
1787722233.6541514,managed,30.0,30.0,34.691,False,200,
1787722233.6874847,managed,30.0,30.0,37.669,False,200,
1787722233.720818,managed,30.0,30.0,41.882,False,200,
1787722233.7541513,managed,30.0,30.0,35.709,False,200,
1787722233.7874846,managed,30.0,30.0,29.759,False,200,
1787722233.820818,managed,30.0,30.0,42.208,False,200,
1787722233.8541512,managed,30.0,30.0,38.146,False,200,
1787722233.8874846,managed,30.0,30.0,41.068,False,200,
1787722233.920818,managed,30.0,30.0,35.752,False,200,
1787722233.9541514,managed,30.0,30.0,40.222,False,200,
1787722233.9874847,managed,30.0,30.0,32.889,False,200,
1787722234.020818,managed,30.0,30.0,34.689,False,200,
1787722234.0541513,managed,30.0,30.0,35.954,False,200,
1787722234.0874846,managed,30.0,30.0,34.145,False,200,
1787722234.120818,managed,30.0,30.0,38.832,False,200,
1787722234.1541514,managed,30.0,30.0,43.478,False,200,
1787722234.1874847,managed,30.0,30.0,35.258,False,200,
1787722234.220818,managed,30.0,30.0,28.218,False,200,
1787722234.2541513,managed,30.0,30.0,31.848,False,200,
1787722234.2874846,managed,30.0,30.0,29.142,False,200,
1787722234.320818,managed,30.0,30.0,32.332,False,200,
1787722234.3541512,managed,30.0,30.0,42.438,False,200,
1787722234.3874846,managed,30.0,30.0,33.858,False,200,
1787722234.420818,managed,30.0,30.0,35.94,False,200,
1787722234.4541514,managed,30.0,30.0,36.282,False,200,
1787722234.4874847,managed,30.0,30.0,30.171,False,200,
1787722234.520818,managed,30.0,30.0,35.151,False,200,
1787722234.5541513,managed,30.0,30.0,36.969,False,200,
1787722234.5874846,managed,30.0,30.0,36.001,False,200,
1787722234.620818,managed,30.0,30.0,44.783,False,200,
1787722234.6541514,managed,30.0,30.0,33.304,False,200,
1787722234.6874847,managed,30.0,30.0,33.704,False,200,
1787722234.720818,managed,30.0,30.0,33.526,False,200,
1787722234.7541513,managed,30.0,30.0,36.153,False,200,
1787722234.7874846,managed,30.0,30.0,29.392,False,200,
1787722234.820818,managed,30.0,30.0,34.602,False,200,
1787722234.8541512,managed,30.0,30.0,31.639,False,200,
1787722234.8874846,managed,30.0,30.0,36.821,False,200,
1787722234.920818,managed,30.0,30.0,43.444,False,200,
1787722234.9541514,managed,30.0,30.0,25.124,False,200,
1787722234.9874847,managed,30.0,30.0,33.482,False,200,
1787722235.020818,managed,30.0,30.0,32.625,False,200,
1787722235.0541513,managed,30.0,30.0,32.732,False,200,
1787722235.0874846,managed,30.0,30.0,31.815,False,200,
1787722235.120818,managed,30.0,30.0,27.903,False,200,
1787722235.1541514,managed,30.0,30.0,30.992,False,200,
1787722235.1874847,managed,30.0,30.0,32.869,False,200,
1787722235.220818,managed,30.0,30.0,37.738,False,200,
1787722235.2541513,managed,30.0,30.0,35.07,False,200,
1787722235.2874846,managed,30.0,30.0,36.651,False,200,
1787722235.320818,managed,30.0,30.0,27.438,False,200,
1787722235.3541512,managed,30.0,30.0,33.894,False,200,
1787722235.3874846,managed,30.0,30.0,27.701,False,200,
1787722235.420818,managed,30.0,30.0,34.139,False,200,
1787722235.4541514,managed,30.0,30.0,31.945,False,200,
1787722235.4874847,managed,30.0,30.0,32.461,False,200,
1787722235.520818,managed,30.0,30.0,29.156,False,200,
1787722235.5541513,managed,30.0,30.0,28.613,False,200,
1787722235.5874846,managed,30.0,30.0,40.681,False,200,
1787722235.620818,managed,30.0,30.0,38.538,False,200,
1787722235.6541514,managed,30.0,30.0,38.797,False,200,
1787722235.6874847,managed,30.0,30.0,40.94,False,200,
1787722235.720818,managed,30.0,30.0,38.643,False,200,
1787722235.7541513,managed,30.0,30.0,50.771,False,200,
1787722235.7874846,managed,30.0,30.0,34.211,False,200,
1787722235.820818,managed,30.0,30.0,33.186,False,200,
1787722235.8541512,managed,30.0,30.0,35.497,False,200,
1787722235.8874846,managed,30.0,30.0,32.507,False,200,
1787722235.920818,managed,30.0,30.0,30.546,False,200,
1787722235.9541514,managed,30.0,30.0,32.283,False,200,
1787722235.9874847,managed,30.0,30.0,27.627,False,200,
1787722236.020818,managed,30.0,30.0,57.092,False,200,
1787722236.0541513,managed,30.0,30.0,50.219,False,200,
1787722236.0874846,managed,30.0,30.0,38.79,False,200,
1787722236.120818,managed,30.0,30.0,24.345,False,200,
1787722236.1541514,managed,30.0,30.0,25.505,False,200,
1787722236.1874847,managed,30.0,30.0,34.083,False,200,
1787722236.220818,managed,30.0,30.0,41.522,False,200,
1787722236.2541513,managed,30.0,30.0,40.128,False,200,
1787722236.2874846,managed,30.0,30.0,29.766,False,200,
1787722236.320818,managed,30.0,30.0,40.019,False,200,
1787722236.3541512,managed,30.0,30.0,39.24,False,200,
1787722236.3874846,managed,30.0,30.0,43.536,False,200,
1787722236.420818,managed,30.0,30.0,28.924,False,200,
1787722236.4541514,managed,30.0,30.0,31.545,False,200,
1787722236.4874847,managed,30.0,30.0,27.944,False,200,
1787722236.520818,managed,30.0,30.0,31.752,False,200,
1787722236.5541513,managed,30.0,30.0,27.508,False,200,
1787722236.5874846,managed,30.0,30.0,42.653,False,200,
1787722236.620818,managed,30.0,30.0,35.989,False,200,
1787722236.6541514,managed,30.0,30.0,30.938,False,200,
1787722236.6874847,managed,30.0,30.0,39.067,False,200,
1787722236.720818,managed,30.0,30.0,46.046,False,200,
1787722236.7541513,managed,30.0,30.0,37.036,False,200,
1787722236.7874846,managed,30.0,30.0,27.813,False,200,
1787722236.820818,managed,30.0,30.0,37.413,False,200,
1787722236.8541512,managed,30.0,30.0,30.087,False,200,
1787722236.8874846,managed,30.0,30.0,39.782,False,200,
1787722236.920818,managed,30.0,30.0,25.33,False,200,
1787722236.9541514,managed,30.0,30.0,27.547,False,200,
1787722236.9874847,managed,30.0,30.0,33.875,False,200,
1787722237.020818,managed,30.0,30.0,42.645,False,200,
1787722237.0541513,managed,30.0,30.0,32.26,False,200,
1787722237.0874846,managed,30.0,30.0,31.827,False,200,
1787722237.120818,managed,30.0,30.0,39.276,False,200,
1787722237.1541514,managed,30.0,30.0,38.89,False,200,
1787722237.1874847,managed,30.0,30.0,41.697,False,200,
1787722237.220818,managed,30.0,30.0,24.188,False,200,
1787722237.2541513,managed,30.0,30.0,34.303,False,200,
1787722237.2874846,managed,30.0,30.0,37.738,False,200,
1787722237.320818,managed,30.0,30.0,30.971,False,200,
1787722237.3541512,managed,30.0,30.0,42.754,False,200,
1787722237.3874846,managed,30.0,30.0,33.527,False,200,
1787722237.420818,managed,30.0,30.0,40.127,False,200,
1787722237.4541514,managed,30.0,30.0,39.044,False,200,
1787722237.4874847,managed,30.0,30.0,34.072,False,200,
1787722237.520818,managed,30.0,30.0,45.968,False,200,
1787722237.5541513,managed,30.0,30.0,34.561,False,200,
1787722237.5874846,managed,30.0,30.0,34.65,False,200,
1787722237.620818,managed,30.0,30.0,42.177,False,200,
1787722237.6541514,managed,30.0,30.0,35.336,False,200,
1787722237.6874847,managed,30.0,30.0,32.387,False,200,
1787722237.720818,managed,30.0,30.0,43.049,False,200,
1787722237.7541513,managed,30.0,30.0,29.177,False,200,
1787722237.7874846,managed,30.0,30.0,31.765,False,200,
1787722237.820818,managed,30.0,30.0,35.663,False,200,
1787722237.8541512,managed,30.0,30.0,30.639,False,200,
1787722237.8874846,managed,30.0,30.0,44.74,False,200,
1787722237.920818,managed,30.0,30.0,40.454,False,200,
1787722237.9541514,managed,30.0,30.0,38.285,False,200,
1787722237.9874847,managed,30.0,30.0,32.314,False,200,
1787722238.020818,managed,30.0,30.0,38.998,False,200,
1787722238.0541513,managed,30.0,30.0,32.957,False,200,
1787722238.0874846,managed,30.0,30.0,28.533,False,200,
1787722238.120818,managed,30.0,30.0,26.658,False,200,
1787722238.1541514,managed,30.0,30.0,31.483,False,200,
1787722238.1874847,managed,30.0,30.0,41.832,False,200,
1787722238.220818,managed,30.0,30.0,25.387,False,200,
1787722238.2541513,managed,30.0,30.0,40.586,False,200,
1787722238.2874846,managed,30.0,30.0,35.688,False,200,
1787722238.320818,managed,30.0,30.0,40.595,False,200,
1787722238.3541512,managed,30.0,30.0,45.768,False,200,
1787722238.3874846,managed,30.0,30.0,48.539,False,200,
1787722238.420818,managed,30.0,30.0,33.06,False,200,
1787722238.4541514,managed,30.0,30.0,38.561,False,200,
1787722238.4874847,managed,30.0,30.0,31.742,False,200,
1787722238.520818,managed,30.0,30.0,37.003,False,200,
1787722238.5541513,managed,30.0,30.0,31.554,False,200,
1787722238.5874846,managed,30.0,30.0,47.83,False,200,
1787722238.620818,managed,30.0,30.0,36.694,False,200,
1787722238.6541514,managed,30.0,30.0,29.21,False,200,
1787722238.6874847,managed,30.0,30.0,39.931,False,200,
1787722238.720818,managed,30.0,30.0,41.408,False,200,
1787722238.7541513,managed,30.0,30.0,39.482,False,200,
1787722238.7874846,managed,30.0,30.0,38.777,False,200,
1787722238.820818,managed,30.0,30.0,36.708,False,200,
1787722238.8541512,managed,30.0,30.0,31.032,False,200,
1787722238.8874846,managed,30.0,30.0,37.352,False,200,
1787722238.920818,managed,30.0,30.0,37.148,False,200,
1787722238.9541514,managed,30.0,30.0,28.943,False,200,
1787722238.9874847,managed,30.0,30.0,32.335,False,200,
1787722239.020818,managed,30.0,30.0,41.975,False,200,
1787722239.0541513,managed,30.0,30.0,36.015,False,200,
1787722239.0874846,managed,30.0,30.0,38.541,False,200,
1787722239.120818,managed,30.0,30.0,27.368,False,200,
1787722239.1541514,managed,30.0,30.0,37.618,False,200,
1787722239.1874847,managed,30.0,30.0,38.785,False,200,
1787722239.220818,managed,30.0,30.0,38.982,False,200,
1787722239.2541513,managed,30.0,30.0,30.819,False,200,
1787722239.2874846,managed,30.0,30.0,29.417,False,200,
1787722239.320818,managed,30.0,30.0,42.108,False,200,
1787722239.3541512,managed,30.0,30.0,34.224,False,200,
1787722239.3874846,managed,30.0,30.0,49.264,False,200,
1787722239.420818,managed,30.0,30.0,34.902,False,200,
1787722239.4541514,managed,30.0,30.0,30.097,False,200,
1787722239.4874847,managed,30.0,30.0,40.773,False,200,
1787722239.520818,managed,30.0,30.0,43.487,False,200,
1787722239.5541513,managed,30.0,30.0,29.837,False,200,
1787722239.5874846,managed,30.0,30.0,25.14,False,200,
1787722239.620818,managed,30.0,30.0,28.242,False,200,
1787722239.6541514,managed,30.0,30.0,35.141,False,200,
1787722239.6874847,managed,30.0,30.0,35.844,False,200,
1787722239.720818,managed,30.0,30.0,42.988,False,200,
1787722239.7541513,managed,30.0,30.0,31.828,False,200,
1787722239.7874846,managed,30.0,30.0,28.332,False,200,
1787722239.820818,managed,30.0,30.0,36.457,False,200,
1787722239.8541512,managed,30.0,30.0,34.139,False,200,
1787722239.8874846,managed,30.0,30.0,30.625,False,200,
1787722239.920818,managed,30.0,30.0,31.985,False,200,
1787722239.9541514,managed,30.0,30.0,33.506,False,200,
1787722239.9874847,managed,30.0,30.0,35.036,False,200,
1787722240.020818,managed,30.0,30.0,38.176,False,200,
1787722240.0541513,managed,30.0,30.0,27.495,False,200,
1787722240.0874846,managed,30.0,30.0,36.014,False,200,
1787722240.120818,managed,30.0,30.0,38.891,False,200,
1787722240.1541514,managed,30.0,30.0,37.166,False,200,
1787722240.1874847,managed,30.0,30.0,32.625,False,200,
1787722240.220818,managed,30.0,30.0,35.49,False,200,
1787722240.2541513,managed,30.0,30.0,38.622,False,200,
1787722240.2874846,managed,30.0,30.0,28.95,False,200,
1787722240.320818,managed,30.0,30.0,33.633,False,200,
1787722240.3541512,managed,30.0,30.0,34.053,False,200,
1787722240.3874846,managed,30.0,30.0,42.626,False,200,
1787722240.420818,managed,30.0,30.0,31.982,False,200,
1787722240.4541514,managed,30.0,30.0,35.704,False,200,
1787722240.4874847,managed,30.0,30.0,39.017,False,200,
1787722240.520818,managed,30.0,30.0,35.829,False,200,
1787722240.5541513,managed,30.0,30.0,37.07,False,200,
1787722240.5874846,managed,30.0,30.0,27.279,False,200,
1787722240.620818,managed,30.0,30.0,50.045,False,200,
1787722240.6541514,managed,30.0,30.0,29.787,False,200,
1787722240.6874847,managed,30.0,30.0,32.681,False,200,
1787722240.720818,managed,30.0,30.0,31.497,False,200,
1787722240.7541513,managed,30.0,30.0,34.755,False,200,
1787722240.7874846,managed,30.0,30.0,28.743,False,200,
1787722240.820818,managed,30.0,30.0,34.864,False,200,
1787722240.8541512,managed,30.0,30.0,41.398,False,200,
1787722240.8874846,managed,30.0,30.0,46.622,False,200,
1787722240.920818,managed,30.0,30.0,32.461,False,200,
1787722240.9541514,managed,30.0,30.0,32.981,False,200,
1787722240.9874847,managed,30.0,30.0,33.365,False,200,
1787722241.020818,managed,30.0,30.0,41.272,False,200,
1787722241.0541513,managed,30.0,30.0,34.083,False,200,
1787722241.0874846,managed,30.0,30.0,32.879,False,200,
1787722241.120818,managed,30.0,30.0,30.058,False,200,
1787722241.1541514,managed,30.0,30.0,28.911,False,200,
1787722241.1874847,managed,30.0,30.0,33.287,False,200,
1787722241.220818,managed,30.0,30.0,35.873,False,200,
1787722241.2541513,managed,30.0,30.0,35.443,False,200,
1787722241.2874846,managed,30.0,30.0,43.221,False,200,
1787722241.320818,managed,30.0,30.0,37.33,False,200,
1787722241.3541512,managed,30.0,30.0,29.359,False,200,
1787722241.3874846,managed,30.0,30.0,28.278,False,200,
1787722241.420818,managed,30.0,30.0,37.67,False,200,
1787722241.4541514,managed,30.0,30.0,45.441,False,200,
1787722241.4874847,managed,30.0,30.0,34.519,False,200,
1787722241.520818,managed,30.0,30.0,29.007,False,200,
1787722241.5541513,managed,30.0,30.0,45.843,False,200,
1787722241.5874846,managed,30.0,30.0,43.189,False,200,
1787722241.620818,managed,30.0,30.0,40.407,False,200,
1787722241.6541514,managed,30.0,30.0,32.061,False,200,
1787722241.6874847,managed,30.0,30.0,38.228,False,200,
1787722241.720818,managed,30.0,30.0,37.073,False,200,
1787722241.7541513,managed,30.0,30.0,37.329,False,200,
1787722241.7874846,managed,30.0,30.0,44.353,False,200,
1787722241.820818,managed,30.0,30.0,39.375,False,200,
1787722241.8541512,managed,30.0,30.0,35.074,False,200,
1787722241.8874846,managed,30.0,30.0,37.584,False,200,
1787722241.920818,managed,30.0,30.0,36.359,False,200,
1787722241.9541514,managed,30.0,30.0,34.848,False,200,
1787722241.9874847,managed,30.0,30.0,34.336,False,200,
1787722242.020818,managed,30.0,30.0,40.697,False,200,
1787722242.0541513,managed,30.0,30.0,35.116,False,200,
1787722242.0874846,managed,30.0,30.0,29.639,False,200,
1787722242.120818,managed,30.0,30.0,34.174,False,200,
1787722242.1541514,managed,30.0,30.0,33.935,False,200,
1787722242.1874847,managed,30.0,30.0,30.206,False,200,
1787722242.220818,managed,30.0,30.0,33.377,False,200,
1787722242.2541513,managed,30.0,30.0,37.5,False,200,
1787722242.2874846,managed,30.0,30.0,39.566,False,200,
1787722242.320818,managed,30.0,30.0,36.028,False,200,
1787722242.3541512,managed,30.0,30.0,41.677,False,200,
1787722242.3874846,managed,30.0,30.0,37.28,False,200,
1787722242.420818,managed,30.0,30.0,38.65,False,200,
1787722242.4541514,managed,30.0,30.0,32.098,False,200,
1787722242.4874847,managed,30.0,30.0,31.978,False,200,
1787722242.520818,managed,30.0,30.0,42.739,False,200,
1787722242.5541513,managed,30.0,30.0,33.181,False,200,
1787722242.5874846,managed,30.0,30.0,33.65,False,200,
1787722242.620818,managed,30.0,30.0,35.052,False,200,
1787722242.6541514,managed,30.0,30.0,36.026,False,200,
1787722242.6874847,managed,30.0,30.0,33.427,False,200,
1787722242.720818,managed,30.0,30.0,43.013,False,200,
1787722242.7541513,managed,30.0,30.0,33.827,False,200,
1787722242.7874846,managed,30.0,30.0,28.849,False,200,
1787722242.820818,managed,30.0,30.0,41.201,False,200,
1787722242.8541512,managed,30.0,30.0,39.957,False,200,
1787722242.8874846,managed,30.0,30.0,30.401,False,200,
1787722242.920818,managed,30.0,30.0,29.095,False,200,
1787722242.9541514,managed,30.0,30.0,43.227,False,200,
1787722242.9874847,managed,30.0,30.0,31.554,False,200,
1787722243.020818,managed,30.0,30.0,33.648,False,200,
1787722243.0541513,managed,30.0,30.0,33.761,False,200,
1787722243.0874846,managed,30.0,30.0,38.677,False,200,
1787722243.120818,managed,30.0,30.0,38.637,False,200,
1787722243.1541514,managed,30.0,30.0,33.774,False,200,
1787722243.1874847,managed,30.0,30.0,31.009,False,200,
1787722243.220818,managed,30.0,30.0,34.428,False,200,
1787722243.2541513,managed,30.0,30.0,41.395,False,200,
1787722243.2874846,managed,30.0,30.0,38.837,False,200,
1787722243.320818,managed,30.0,30.0,43.617,False,200,
1787722243.3541512,managed,30.0,30.0,35.971,False,200,
1787722243.3874846,managed,30.0,30.0,40.592,False,200,
1787722243.420818,managed,30.0,30.0,34.842,False,200,
1787722243.4541514,managed,30.0,30.0,35.394,False,200,
1787722243.4874847,managed,30.0,30.0,33.235,False,200,
1787722243.520818,managed,30.0,30.0,31.498,False,200,
1787722243.5541513,managed,30.0,30.0,38.389,False,200,
1787722243.5874846,managed,30.0,30.0,29.962,False,200,
1787722243.620818,managed,30.0,30.0,24.374,False,200,
1787722243.6541514,managed,30.0,30.0,35.741,False,200,
1787722243.6874847,managed,30.0,30.0,26.287,False,200,
1787722243.720818,managed,30.0,30.0,46.02,False,200,
1787722243.7541513,managed,30.0,30.0,27.011,False,200,
1787722243.7874846,managed,30.0,30.0,32.284,False,200,
1787722243.820818,managed,30.0,30.0,36.408,False,200,
1787722243.8541512,managed,30.0,30.0,39.54,False,200,
1787722243.8874846,managed,30.0,30.0,40.711,False,200,
1787722243.920818,managed,30.0,30.0,38.411,False,200,
1787722243.9541514,managed,30.0,30.0,43.771,False,200,
1787722243.9874847,managed,30.0,30.0,32.706,False,200,
1787722244.020818,managed,30.0,30.0,27.975,False,200,
1787722244.0541513,managed,30.0,30.0,28.345,False,200,
1787722244.0874846,managed,30.0,30.0,30.01,False,200,
1787722244.120818,managed,30.0,30.0,32.001,False,200,
1787722244.1541514,managed,30.0,30.0,40.549,False,200,
1787722244.1874847,managed,30.0,30.0,27.649,False,200,
1787722244.220818,managed,30.0,30.0,35.042,False,200,
1787722244.2541513,managed,30.0,30.0,30.782,False,200,
1787722244.2874846,managed,30.0,30.0,34.796,False,200,
1787722244.320818,managed,30.0,30.0,31.863,False,200,
1787722244.3541512,managed,30.0,30.0,49.179,False,200,
1787722244.3874846,managed,30.0,30.0,39.102,False,200,
1787722244.420818,managed,30.0,30.0,31.392,False,200,
1787722244.4541514,managed,30.0,30.0,36.967,False,200,
1787722244.4874847,managed,30.0,30.0,43.543,False,200,
1787722244.520818,managed,30.0,30.0,37.629,False,200,
1787722244.5541513,managed,30.0,30.0,31.927,False,200,
1787722244.5874846,managed,30.0,30.0,31.898,False,200,
1787722244.620818,managed,30.0,30.0,32.071,False,200,
1787722244.6541514,managed,30.0,30.0,35.535,False,200,
1787722244.6874847,managed,30.0,30.0,38.087,False,200,
1787722244.720818,managed,30.0,30.0,28.375,False,200,
1787722244.7541513,managed,30.0,30.0,30.073,False,200,
1787722244.7874846,managed,30.0,30.0,35.238,False,200,
1787722244.820818,managed,30.0,30.0,33.372,False,200,
1787722244.8541512,managed,30.0,30.0,26.98,False,200,
1787722244.8874846,managed,30.0,30.0,36.266,False,200,
1787722244.920818,managed,30.0,30.0,35.724,False,200,
1787722244.9541514,managed,30.0,30.0,36.441,False,200,
1787722244.9874847,managed,30.0,30.0,30.416,False,200,
1787722245.020818,managed,30.0,30.0,40.767,False,200,
1787722245.0541513,managed,30.0,30.0,30.507,False,200,
1787722245.0874846,managed,30.0,30.0,31.419,False,200,
1787722245.120818,managed,30.0,30.0,37.429,False,200,
1787722245.1541514,managed,30.0,30.0,42.868,False,200,
1787722245.1874847,managed,30.0,30.0,30.505,False,200,
1787722245.220818,managed,30.0,30.0,36.12,False,200,
1787722245.2541513,managed,30.0,30.0,34.457,False,200,
1787722245.2874846,managed,30.0,30.0,26.172,False,200,
1787722245.320818,managed,30.0,30.0,37.628,False,200,
1787722245.3541512,managed,30.0,30.0,36.393,False,200,
1787722245.3874846,managed,30.0,30.0,27.984,False,200,
1787722245.420818,managed,30.0,30.0,32.245,False,200,
1787722245.4541514,managed,30.0,30.0,33.591,False,200,
1787722245.4874847,managed,30.0,30.0,33.175,False,200,
1787722245.520818,managed,30.0,30.0,33.139,False,200,
1787722245.5541513,managed,30.0,30.0,34.409,False,200,
1787722245.5874846,managed,30.0,30.0,24.016,False,200,
1787722245.620818,managed,30.0,30.0,41.434,False,200,
1787722245.6541514,managed,30.0,30.0,31.028,False,200,
1787722245.6874847,managed,30.0,30.0,34.206,False,200,
1787722245.720818,managed,30.0,30.0,38.038,False,200,
1787722245.7541513,managed,30.0,30.0,36.38,False,200,
1787722245.7874846,managed,30.0,30.0,26.332,False,200,
1787722245.820818,managed,30.0,30.0,38.217,False,200,
1787722245.8541512,managed,30.0,30.0,31.079,False,200,
1787722245.8874846,managed,30.0,30.0,39.056,False,200,
1787722245.920818,managed,30.0,30.0,38.424,False,200,
1787722245.9541514,managed,30.0,30.0,37.702,False,200,
1787722245.9874847,managed,30.0,30.0,30.015,False,200,
1787722246.020818,managed,30.0,30.0,33.655,False,200,
1787722246.0541513,managed,30.0,30.0,39.931,False,200,
1787722246.0874846,managed,30.0,30.0,45.876,False,200,
1787722246.120818,managed,30.0,30.0,35.899,False,200,
1787722246.1541514,managed,30.0,30.0,30.973,False,200,
1787722246.1874847,managed,30.0,30.0,38.3,False,200,
1787722246.220818,managed,30.0,30.0,43.269,False,200,
1787722246.2541513,managed,30.0,30.0,40.688,False,200,
1787722246.2874846,managed,30.0,30.0,41.382,False,200,
1787722246.320818,managed,30.0,30.0,33.46,False,200,
1787722246.3541512,managed,30.0,30.0,45.703,False,200,
1787722246.3874846,managed,30.0,30.0,33.569,False,200,
1787722246.420818,managed,30.0,30.0,33.915,False,200,
1787722246.4541514,managed,30.0,30.0,27.959,False,200,
1787722246.4874847,managed,30.0,30.0,25.438,False,200,
1787722246.520818,managed,30.0,30.0,43.148,False,200,
1787722246.5541513,managed,30.0,30.0,30.492,False,200,
1787722246.5874846,managed,30.0,30.0,39.617,False,200,
1787722246.620818,managed,30.0,30.0,38.812,False,200,
1787722246.6541514,managed,30.0,30.0,40.343,False,200,
1787722246.6874847,managed,30.0,30.0,30.342,False,200,
1787722246.720818,managed,30.0,30.0,39.537,False,200,
1787722246.7541513,managed,30.0,30.0,39.809,False,200,
1787722246.7874846,managed,30.0,30.0,37.276,False,200,
1787722246.820818,managed,30.0,30.0,34.09,False,200,
1787722246.8541512,managed,30.0,30.0,35.408,False,200,
1787722246.8874846,managed,30.0,30.0,44.563,False,200,
1787722246.920818,managed,30.0,30.0,35.363,False,200,
1787722246.9541514,managed,30.0,30.0,38.638,False,200,
1787722246.9874847,managed,30.0,30.0,37.529,False,200,
1787722247.020818,managed,30.0,30.0,31.156,False,200,
1787722247.0541513,managed,30.0,30.0,32.622,False,200,
1787722247.0874846,managed,30.0,30.0,38.618,False,200,
1787722247.120818,managed,30.0,30.0,32.043,False,200,
1787722247.1541514,managed,30.0,30.0,25.963,False,200,
1787722247.1874847,managed,30.0,30.0,31.168,False,200,
1787722247.220818,managed,30.0,30.0,30.798,False,200,
1787722247.2541513,managed,30.0,30.0,32.318,False,200,
1787722247.2874846,managed,30.0,30.0,33.645,False,200,
1787722247.320818,managed,30.0,30.0,40.574,False,200,
1787722247.3541512,managed,30.0,30.0,35.337,False,200,
1787722247.3874846,managed,30.0,30.0,29.487,False,200,
1787722247.420818,managed,30.0,30.0,35.289,False,200,
1787722247.4541514,managed,30.0,30.0,30.943,False,200,
1787722247.4874847,managed,30.0,30.0,35.904,False,200,
1787722247.520818,managed,30.0,30.0,35.886,False,200,
1787722247.5541513,managed,30.0,30.0,31.331,False,200,
1787722247.5874846,managed,30.0,30.0,32.079,False,200,
1787722247.620818,managed,30.0,30.0,43.685,False,200,
1787722247.6541514,managed,30.0,30.0,37.189,False,200,
1787722247.6874847,managed,30.0,30.0,34.159,False,200,
1787722247.720818,managed,30.0,30.0,34.529,False,200,
1787722247.7541513,managed,30.0,30.0,44.759,False,200,
1787722247.7874846,managed,30.0,30.0,44.726,False,200,
1787722247.820818,managed,30.0,30.0,32.776,False,200,
1787722247.8541512,managed,30.0,30.0,31.364,False,200,
1787722247.8874846,managed,30.0,30.0,29.999,False,200,
1787722247.920818,managed,30.0,30.0,32.594,False,200,
1787722247.9541514,managed,30.0,30.0,42.075,False,200,
1787722247.9874847,managed,30.0,30.0,36.466,False,200,
1787722248.020818,managed,30.0,30.0,22.97,False,200,
1787722248.0541513,managed,30.0,30.0,29.971,False,200,
1787722248.0874846,managed,30.0,30.0,34.936,False,200,
1787722248.120818,managed,30.0,30.0,42.345,False,200,
1787722248.1541514,managed,30.0,30.0,24.987,False,200,
1787722248.1874847,managed,30.0,30.0,37.275,False,200,
1787722248.220818,managed,30.0,30.0,41.536,False,200,
1787722248.2541513,managed,30.0,30.0,30.192,False,200,
1787722248.2874846,managed,30.0,30.0,40.052,False,200,
1787722248.320818,managed,30.0,30.0,34.083,False,200,
1787722248.3541512,managed,30.0,30.0,43.492,False,200,
1787722248.3874846,managed,30.0,30.0,29.18,False,200,
1787722248.420818,managed,30.0,30.0,39.119,False,200,
1787722248.4541514,managed,30.0,30.0,32.948,False,200,
1787722248.4874847,managed,30.0,30.0,36.907,False,200,
1787722248.520818,managed,30.0,30.0,34.036,False,200,
1787722248.5541513,managed,30.0,30.0,35.825,False,200,
1787722248.5874846,managed,30.0,30.0,31.033,False,200,
1787722248.620818,managed,30.0,30.0,31.601,False,200,
1787722248.6541514,managed,30.0,30.0,28.473,False,200,
1787722248.6874847,managed,30.0,30.0,48.795,False,200,
1787722248.720818,managed,30.0,30.0,39.237,False,200,
1787722248.7541513,managed,30.0,30.0,31.826,False,200,
1787722248.7874846,managed,30.0,30.0,38.027,False,200,
1787722248.820818,managed,30.0,30.0,46.711,False,200,
1787722248.8541512,managed,30.0,30.0,33.957,False,200,
1787722248.8874846,managed,30.0,30.0,41.058,False,200,
1787722248.920818,managed,30.0,30.0,47.59,False,200,
1787722248.9541514,managed,30.0,30.0,33.374,False,200,
1787722248.9874847,managed,30.0,30.0,34.221,False,200,
1787722249.020818,managed,30.0,30.0,34.34,False,200,
1787722249.0541513,managed,30.0,30.0,34.664,False,200,
1787722249.0874846,managed,30.0,30.0,38.706,False,200,
1787722249.120818,managed,30.0,30.0,36.694,False,200,
1787722249.1541514,managed,30.0,30.0,34.503,False,200,
1787722249.1874847,managed,30.0,30.0,32.801,False,200,
1787722249.220818,managed,30.0,30.0,36.908,False,200,
1787722249.2541513,managed,30.0,30.0,33.982,False,200,
1787722249.2874846,managed,30.0,30.0,31.567,False,200,
1787722249.320818,managed,30.0,30.0,45.557,False,200,
1787722249.3541512,managed,30.0,30.0,33.079,False,200,
1787722249.3874846,managed,30.0,30.0,34.661,False,200,
1787722249.420818,managed,30.0,30.0,46.817,False,200,
1787722249.4541514,managed,30.0,30.0,34.119,False,200,
1787722249.4874847,managed,30.0,30.0,41.643,False,200,
1787722249.520818,managed,30.0,30.0,38.37,False,200,
1787722249.5541513,managed,30.0,30.0,30.573,False,200,
1787722249.5874846,managed,30.0,30.0,28.835,False,200,
1787722249.620818,managed,30.0,30.0,34.864,False,200,
1787722249.6541514,managed,30.0,30.0,45.007,False,200,
1787722249.6874847,managed,30.0,30.0,31.421,False,200,
1787722249.720818,managed,30.0,30.0,39.294,False,200,
1787722249.7541513,managed,30.0,30.0,38.86,False,200,
1787722249.7874846,managed,30.0,30.0,38.597,False,200,
1787722249.820818,managed,30.0,30.0,38.131,False,200,
1787722249.8541512,managed,30.0,30.0,27.939,False,200,
1787722249.8874846,managed,30.0,30.0,39.44,False,200,
1787722249.920818,managed,30.0,30.0,37.962,False,200,
1787722249.9541514,managed,30.0,30.0,43.209,False,200,
1787722249.9874847,managed,30.0,30.0,32.888,False,200,
1787722250.020818,managed,30.0,30.0,41.333,False,200,
1787722250.0541513,managed,30.0,30.0,39.684,False,200,
1787722250.0874846,managed,30.0,30.0,39.648,False,200,
1787722250.120818,managed,30.0,30.0,31.953,False,200,
1787722250.1541514,managed,30.0,30.0,38.463,False,200,
1787722250.1874847,managed,30.0,30.0,31.526,False,200,
1787722250.220818,managed,30.0,30.0,37.524,False,200,
1787722250.2541513,managed,30.0,30.0,35.575,False,200,
1787722250.2874846,managed,30.0,30.0,38.013,False,200,
1787722250.320818,managed,30.0,30.0,31.047,False,200,
1787722250.3541512,managed,30.0,30.0,39.827,False,200,
1787722250.3874846,managed,30.0,30.0,35.246,False,200,
1787722250.420818,managed,30.0,30.0,47.34,False,200,
1787722250.4541514,managed,30.0,30.0,27.878,False,200,
1787722250.4874847,managed,30.0,30.0,34.289,False,200,
1787722250.520818,managed,30.0,30.0,26.893,False,200,
1787722250.5541513,managed,30.0,30.0,35.032,False,200,
1787722250.5874846,managed,30.0,30.0,32.93,False,200,
1787722250.620818,managed,30.0,30.0,33.293,False,200,
1787722250.6541514,managed,30.0,30.0,29.745,False,200,
1787722250.6874847,managed,30.0,30.0,43.399,False,200,
1787722250.720818,managed,30.0,30.0,31.02,False,200,
1787722250.7541513,managed,30.0,30.0,42.222,False,200,
1787722250.7874846,managed,30.0,30.0,46.937,False,200,
1787722250.820818,managed,30.0,30.0,39.216,False,200,
1787722250.8541512,managed,30.0,30.0,38.566,False,200,
1787722250.8874846,managed,30.0,30.0,35.406,False,200,
1787722250.920818,managed,30.0,30.0,40.084,False,200,
1787722250.9541514,managed,30.0,30.0,34.536,False,200,
1787722250.9874847,managed,30.0,30.0,43.759,False,200,
1787722251.020818,managed,30.0,30.0,27.76,False,200,
1787722251.0541513,managed,30.0,30.0,33.635,False,200,
1787722251.0874846,managed,30.0,30.0,33.382,False,200,
1787722251.120818,managed,30.0,30.0,29.863,False,200,
1787722251.1541514,managed,30.0,30.0,32.524,False,200,
1787722251.1874847,managed,30.0,30.0,34.376,False,200,
1787722251.220818,managed,30.0,30.0,29.134,False,200,
1787722251.2541513,managed,30.0,30.0,24.244,False,200,
1787722251.2874846,managed,30.0,30.0,28.254,False,200,
1787722251.320818,managed,30.0,30.0,36.6,False,200,
1787722251.3541512,managed,30.0,30.0,35.854,False,200,
1787722251.3874846,managed,30.0,30.0,27.914,False,200,
1787722251.420818,managed,30.0,30.0,41.161,False,200,
1787722251.4541514,managed,30.0,30.0,33.709,False,200,
1787722251.4874847,managed,30.0,30.0,38.722,False,200,
1787722251.520818,managed,30.0,30.0,43.887,False,200,
1787722251.5541513,managed,30.0,30.0,27.453,False,200,
1787722251.5874846,managed,30.0,30.0,30.482,False,200,
1787722251.620818,managed,30.0,30.0,48.305,False,200,
1787722251.6541514,managed,30.0,30.0,39.329,False,200,
1787722251.6874847,managed,30.0,30.0,35.58,False,200,
1787722251.720818,managed,30.0,30.0,37.797,False,200,
1787722251.7541513,managed,30.0,30.0,31.599,False,200,
1787722251.7874846,managed,30.0,30.0,29.638,False,200,
1787722251.820818,managed,30.0,30.0,33.792,False,200,
1787722251.8541512,managed,30.0,30.0,40.326,False,200,
1787722251.8874846,managed,30.0,30.0,33.628,False,200,
1787722251.920818,managed,30.0,30.0,26.73,False,200,
1787722251.9541514,managed,30.0,30.0,30.794,False,200,
1787722251.9874847,managed,30.0,30.0,27.354,False,200,
1787722252.020818,managed,30.0,30.0,29.877,False,200,
1787722252.0541513,managed,30.0,30.0,38.467,False,200,
1787722252.0874846,managed,30.0,30.0,35.985,False,200,
1787722252.120818,managed,30.0,30.0,33.243,False,200,
1787722252.1541514,managed,30.0,30.0,37.141,False,200,
1787722252.1874847,managed,30.0,30.0,30.363,False,200,
1787722252.220818,managed,30.0,30.0,34.494,False,200,
1787722252.2541513,managed,30.0,30.0,47.035,False,200,
1787722252.2874846,managed,30.0,30.0,31.024,False,200,
1787722252.320818,managed,30.0,30.0,38.897,False,200,
1787722252.3541512,managed,30.0,30.0,39.359,False,200,
1787722252.3874846,managed,30.0,30.0,27.823,False,200,
1787722252.420818,managed,30.0,30.0,27.827,False,200,
1787722252.4541514,managed,30.0,30.0,33.535,False,200,
1787722252.4874847,managed,30.0,30.0,44.508,False,200,
1787722252.520818,managed,30.0,30.0,34.309,False,200,
1787722252.5541513,managed,30.0,30.0,34.459,False,200,
1787722252.5874846,managed,30.0,30.0,29.929,False,200,
1787722252.620818,managed,30.0,30.0,34.133,False,200,
1787722252.6541514,managed,30.0,30.0,29.821,False,200,
1787722252.6874847,managed,30.0,30.0,44.676,False,200,
1787722252.720818,managed,30.0,30.0,32.388,False,200,
1787722252.7541513,managed,30.0,30.0,48.991,False,200,
1787722252.7874846,managed,30.0,30.0,42.472,False,200,
1787722252.820818,managed,30.0,30.0,34.294,False,200,
1787722252.8541512,managed,30.0,30.0,35.573,False,200,
1787722252.8874846,managed,30.0,30.0,33.207,False,200,
1787722252.920818,managed,30.0,30.0,34.202,False,200,
1787722252.9541514,managed,30.0,30.0,36.289,False,200,
1787722252.9874847,managed,30.0,30.0,47.417,False,200,
1787722253.020818,managed,30.0,30.0,31.489,False,200,
1787722253.0541513,managed,30.0,30.0,38.261,False,200,
1787722253.0874846,managed,30.0,30.0,35.734,False,200,
1787722253.120818,managed,30.0,30.0,28.769,False,200,
1787722253.1541514,managed,30.0,30.0,37.471,False,200,
1787722253.1874847,managed,30.0,30.0,33.45,False,200,
1787722253.220818,managed,30.0,30.0,42.1,False,200,
1787722253.2541513,managed,30.0,30.0,39.397,False,200,
1787722253.2874846,managed,30.0,30.0,34.017,False,200,
1787722253.320818,managed,30.0,30.0,30.959,False,200,
1787722253.3541512,managed,30.0,30.0,36.391,False,200,
1787722253.3874846,managed,30.0,30.0,34.165,False,200,
1787722253.420818,managed,30.0,30.0,36.038,False,200,
1787722253.4541514,managed,30.0,30.0,45.234,False,200,
1787722253.4874847,managed,30.0,30.0,35.328,False,200,
1787722253.520818,managed,30.0,30.0,29.847,False,200,
1787722253.5541513,managed,30.0,30.0,28.98,False,200,
1787722253.5874846,managed,30.0,30.0,41.519,False,200,
1787722253.620818,managed,30.0,30.0,36.702,False,200,
1787722253.6541514,managed,30.0,30.0,35.342,False,200,
1787722253.6874847,managed,30.0,30.0,29.94,False,200,
1787722253.720818,managed,30.0,30.0,37.78,False,200,
1787722253.7541513,managed,30.0,30.0,39.834,False,200,
1787722253.7874846,managed,30.0,30.0,36.933,False,200,
1787722253.820818,managed,30.0,30.0,41.883,False,200,
1787722253.8541512,managed,30.0,30.0,41.812,False,200,
1787722253.8874846,managed,30.0,30.0,29.573,False,200,
1787722253.920818,managed,30.0,30.0,37.212,False,200,
1787722253.9541514,managed,30.0,30.0,27.033,False,200,
1787722253.9874847,managed,30.0,30.0,36.238,False,200,
1787722254.020818,managed,30.0,30.0,37.146,False,200,
1787722254.0541513,managed,30.0,30.0,28.384,False,200,
1787722254.0874846,managed,30.0,30.0,32.286,False,200,
1787722254.120818,managed,30.0,30.0,33.923,False,200,
1787722254.1541514,managed,30.0,30.0,34.564,False,200,
1787722254.1874847,managed,30.0,30.0,33.024,False,200,
1787722254.220818,managed,30.0,30.0,28.136,False,200,
1787722254.2541513,managed,30.0,30.0,39.446,False,200,
1787722254.2874846,managed,30.0,30.0,31.197,False,200,
1787722254.320818,managed,30.0,30.0,39.229,False,200,
1787722254.3541512,managed,30.0,30.0,40.289,False,200,
1787722254.3874846,managed,30.0,30.0,47.428,False,200,
1787722254.420818,managed,30.0,30.0,30.749,False,200,
1787722254.4541514,managed,30.0,30.0,35.61,False,200,
1787722254.4874847,managed,30.0,30.0,29.923,False,200,
1787722254.520818,managed,30.0,30.0,31.128,False,200,
1787722254.5541513,managed,30.0,30.0,35.913,False,200,
1787722254.5874846,managed,30.0,30.0,36.006,False,200,
1787722254.620818,managed,30.0,30.0,28.421,False,200,
1787722254.6541514,managed,30.0,30.0,36.203,False,200,
1787722254.6874847,managed,30.0,30.0,42.372,False,200,
1787722254.720818,managed,30.0,30.0,36.972,False,200,
1787722254.7541513,managed,30.0,30.0,42.359,False,200,
1787722254.7874846,managed,30.0,30.0,33.923,False,200,
1787722254.820818,managed,30.0,30.0,40.206,False,200,
1787722254.8541512,managed,30.0,30.0,36.064,False,200,
1787722254.8874846,managed,30.0,30.0,36.088,False,200,
1787722254.920818,managed,30.0,30.0,37.149,False,200,
1787722254.9541514,managed,30.0,30.0,29.856,False,200,
1787722254.9874847,managed,30.0,30.0,33.772,False,200,
1787722255.020818,managed,30.0,30.0,36.678,False,200,
1787722255.0541513,managed,30.0,30.0,34.397,False,200,
1787722255.0874846,managed,30.0,30.0,35.153,False,200,
1787722255.120818,managed,30.0,30.0,43.013,False,200,
1787722255.1541514,managed,30.0,30.0,37.735,False,200,
1787722255.1874847,managed,30.0,30.0,31.21,False,200,
1787722255.220818,managed,30.0,30.0,33.737,False,200,
1787722255.2541513,managed,30.0,30.0,40.648,False,200,
1787722255.2874846,managed,30.0,30.0,33.418,False,200,
1787722255.320818,managed,30.0,30.0,41.856,False,200,
1787722255.3541512,managed,30.0,30.0,33.043,False,200,
1787722255.3874846,managed,30.0,30.0,24.925,False,200,
1787722255.420818,managed,30.0,30.0,40.786,False,200,
1787722255.4541514,managed,30.0,30.0,37.821,False,200,
1787722255.4874847,managed,30.0,30.0,35.149,False,200,
1787722255.520818,managed,30.0,30.0,35.118,False,200,
1787722255.5541513,managed,30.0,30.0,35.033,False,200,
1787722255.5874846,managed,30.0,30.0,26.06,False,200,
1787722255.620818,managed,30.0,30.0,25.718,False,200,
1787722255.6541514,managed,30.0,30.0,28.514,False,200,
1787722255.6874847,managed,30.0,30.0,27.121,False,200,
1787722255.720818,managed,30.0,30.0,32.487,False,200,
1787722255.7541513,managed,30.0,30.0,34.509,False,200,
1787722255.7874846,managed,30.0,30.0,24.688,False,200,
1787722255.820818,managed,30.0,30.0,36.973,False,200,
1787722255.8541512,managed,30.0,30.0,34.204,False,200,
1787722255.8874846,managed,30.0,30.0,40.967,False,200,
1787722255.920818,managed,30.0,30.0,36.808,False,200,
1787722255.9541514,managed,30.0,30.0,36.544,False,200,
1787722255.9874847,managed,30.0,30.0,32.756,False,200,
1787722256.020818,managed,30.0,30.0,29.731,False,200,
1787722256.0541513,managed,30.0,30.0,49.377,False,200,
1787722256.0874846,managed,30.0,30.0,32.591,False,200,
1787722256.120818,managed,30.0,30.0,35.927,False,200,
1787722256.1541514,managed,30.0,30.0,30.9,False,200,
1787722256.1874847,managed,30.0,30.0,34.861,False,200,
1787722256.220818,managed,30.0,30.0,51.707,False,200,
1787722256.2541513,managed,30.0,30.0,40.262,False,200,
1787722256.2874846,managed,30.0,30.0,34.269,False,200,
1787722256.320818,managed,30.0,30.0,31.972,False,200,
1787722256.3541512,managed,30.0,30.0,30.885,False,200,
1787722256.3874846,managed,30.0,30.0,36.056,False,200,
1787722256.420818,managed,30.0,30.0,37.843,False,200,
1787722256.4541514,managed,30.0,30.0,40.579,False,200,
1787722256.4874847,managed,30.0,30.0,29.38,False,200,
1787722256.520818,managed,30.0,30.0,34.328,False,200,
1787722256.5541513,managed,30.0,30.0,28.56,False,200,
1787722256.5874846,managed,30.0,30.0,47.884,False,200,
1787722256.620818,managed,30.0,30.0,39.455,False,200,
1787722256.6541514,managed,30.0,30.0,37.178,False,200,
1787722256.6874847,managed,30.0,30.0,29.682,False,200,
1787722256.720818,managed,30.0,30.0,32.266,False,200,
1787722256.7541513,managed,30.0,30.0,26.49,False,200,
1787722256.7874846,managed,30.0,30.0,39.591,False,200,
1787722256.820818,managed,30.0,30.0,26.14,False,200,
1787722256.8541512,managed,30.0,30.0,32.61,False,200,
1787722256.8874846,managed,30.0,30.0,30.742,False,200,
1787722256.920818,managed,30.0,30.0,29.859,False,200,
1787722256.9541514,managed,30.0,30.0,38.202,False,200,
1787722256.9874847,managed,30.0,30.0,36.592,False,200,
1787722257.020818,managed,30.0,30.0,32.968,False,200,
1787722257.0541513,managed,30.0,30.0,41.47,False,200,
1787722257.0874846,managed,30.0,30.0,34.554,False,200,
1787722257.120818,managed,30.0,30.0,39.294,False,200,
1787722257.1541514,managed,30.0,30.0,30.404,False,200,
1787722257.1874847,managed,30.0,30.0,27.92,False,200,
1787722257.220818,managed,30.0,30.0,35.957,False,200,
1787722257.2541513,managed,30.0,30.0,37.342,False,200,
1787722257.2874846,managed,30.0,30.0,39.927,False,200,
1787722257.320818,managed,30.0,30.0,38.409,False,200,
1787722257.3541512,managed,30.0,30.0,31.736,False,200,
1787722257.3874846,managed,30.0,30.0,39.635,False,200,
1787722257.420818,managed,30.0,30.0,30.418,False,200,
1787722257.4541514,managed,30.0,30.0,37.921,False,200,
1787722257.4874847,managed,30.0,30.0,49.058,False,200,
1787722257.520818,managed,30.0,30.0,45.029,False,200,
1787722257.5541513,managed,30.0,30.0,45.966,False,200,
1787722257.5874846,managed,30.0,30.0,34.132,False,200,
1787722257.620818,managed,30.0,30.0,30.09,False,200,
1787722257.6541514,managed,30.0,30.0,36.342,False,200,
1787722257.6874847,managed,30.0,30.0,33.054,False,200,
1787722257.720818,managed,30.0,30.0,44.933,False,200,
1787722257.7541513,managed,30.0,30.0,37.438,False,200,
1787722257.7874846,managed,30.0,30.0,33.341,False,200,
1787722257.820818,managed,30.0,30.0,45.238,False,200,
1787722257.8541512,managed,30.0,30.0,34.187,False,200,
1787722257.8874846,managed,30.0,30.0,29.906,False,200,
1787722257.920818,managed,30.0,30.0,37.485,False,200,
1787722257.9541514,managed,30.0,30.0,40.885,False,200,
1787722257.9874847,managed,30.0,30.0,30.585,False,200,
1787722258.020818,managed,30.0,30.0,35.295,False,200,
1787722258.0541513,managed,30.0,30.0,27.875,False,200,
1787722258.0874846,managed,30.0,30.0,33.142,False,200,
1787722258.120818,managed,30.0,30.0,26.361,False,200,
1787722258.1541514,managed,30.0,30.0,32.306,False,200,
1787722258.1874847,managed,30.0,30.0,38.113,False,200,
1787722258.220818,managed,30.0,30.0,41.337,False,200,
1787722258.2541513,managed,30.0,30.0,44.578,False,200,
1787722258.2874846,managed,30.0,30.0,48.957,False,200,
1787722258.320818,managed,30.0,30.0,48.672,False,200,
1787722258.3541512,managed,30.0,30.0,43.388,False,200,
1787722258.3874846,managed,30.0,30.0,41.937,False,200,
1787722258.420818,managed,30.0,30.0,27.452,False,200,
1787722258.4541514,managed,30.0,30.0,43.407,False,200,
1787722258.4874847,managed,30.0,30.0,31.929,False,200,
1787722258.520818,managed,30.0,30.0,32.003,False,200,
1787722258.5541513,managed,30.0,30.0,42.466,False,200,
1787722258.5874846,managed,30.0,30.0,28.108,False,200,
1787722258.620818,managed,30.0,30.0,39.014,False,200,
1787722258.6541514,managed,30.0,30.0,32.028,False,200,
1787722258.6874847,managed,30.0,30.0,27.8,False,200,
1787722258.720818,managed,30.0,30.0,37.28,False,200,
1787722258.7541513,managed,30.0,30.0,34.745,False,200,
1787722258.7874846,managed,30.0,30.0,44.711,False,200,
1787722258.820818,managed,30.0,30.0,40.452,False,200,
1787722258.8541512,managed,30.0,30.0,26.054,False,200,
1787722258.8874846,managed,30.0,30.0,47.406,False,200,
1787722258.920818,managed,30.0,30.0,30.688,False,200,
1787722258.9541514,managed,30.0,30.0,34.385,False,200,
1787722258.9874847,managed,30.0,30.0,33.96,False,200,
1787722259.020818,managed,30.0,30.0,29.085,False,200,
1787722259.0541513,managed,30.0,30.0,38.613,False,200,
1787722259.0874846,managed,30.0,30.0,49.206,False,200,
1787722259.120818,managed,30.0,30.0,34.683,False,200,
1787722259.1541514,managed,30.0,30.0,37.309,False,200,
1787722259.1874847,managed,30.0,30.0,29.442,False,200,
1787722259.220818,managed,30.0,30.0,33.291,False,200,
1787722259.2541513,managed,30.0,30.0,27.819,False,200,
1787722259.2874846,managed,30.0,30.0,28.988,False,200,
1787722259.320818,managed,30.0,30.0,44.583,False,200,
1787722259.3541512,managed,30.0,30.0,38.56,False,200,
1787722259.3874846,managed,30.0,30.0,29.995,False,200,
1787722259.420818,managed,30.0,30.0,29.866,False,200,
1787722259.4541514,managed,30.0,30.0,33.677,False,200,
1787722259.4874847,managed,30.0,30.0,32.475,False,200,
1787722259.520818,managed,30.0,30.0,34.259,False,200,
1787722259.5541513,managed,30.0,30.0,36.898,False,200,
1787722259.5874846,managed,30.0,30.0,38.463,False,200,
1787722259.620818,managed,30.0,30.0,37.037,False,200,
1787722259.6541514,managed,30.0,30.0,31.367,False,200,
1787722259.6874847,managed,30.0,30.0,37.576,False,200,
1787722259.720818,managed,30.0,30.0,30.022,False,200,
1787722259.7541513,managed,30.0,30.0,34.012,False,200,
1787722259.7874846,managed,30.0,30.0,35.783,False,200,
1787722259.820818,managed,30.0,30.0,34.632,False,200,
1787722259.8541512,managed,30.0,30.0,30.745,False,200,
1787722259.8874846,managed,30.0,30.0,34.929,False,200,
1787722259.920818,managed,30.0,30.0,38.449,False,200,
1787722259.9541514,managed,30.0,30.0,35.146,False,200,
1787722259.9874847,managed,30.0,30.0,37.702,False,200,
1787722260.020818,managed,30.0,30.0,24.198,False,200,
1787722260.0541513,managed,30.0,30.0,30.249,False,200,
1787722260.0874846,managed,30.0,30.0,28.406,False,200,
1787722260.120818,managed,30.0,30.0,45.16,False,200,
1787722260.1541514,managed,30.0,30.0,42.282,False,200,
1787722260.1874847,managed,30.0,30.0,42.271,False,200,
1787722260.220818,managed,30.0,30.0,36.63,False,200,
1787722260.2541513,managed,30.0,30.0,27.666,False,200,
1787722260.2874846,managed,30.0,30.0,30.492,False,200,
1787722260.320818,managed,30.0,30.0,30.244,False,200,
1787722260.3541512,managed,30.0,30.0,36.776,False,200,
1787722260.3874846,managed,30.0,30.0,45.585,False,200,
1787722260.420818,managed,30.0,30.0,34.98,False,200,
1787722260.4541514,managed,30.0,30.0,37.117,False,200,
1787722260.4874847,managed,30.0,30.0,42.791,False,200,
1787722260.520818,managed,30.0,30.0,36.53,False,200,
1787722260.5541513,managed,30.0,30.0,30.195,False,200,
1787722260.5874846,managed,30.0,30.0,37.029,False,200,
1787722260.620818,managed,30.0,30.0,29.384,False,200,
1787722260.6541514,managed,30.0,30.0,30.137,False,200,
1787722260.6874847,managed,30.0,30.0,35.386,False,200,
1787722260.720818,managed,30.0,30.0,52.24,False,200,
1787722260.7541513,managed,30.0,30.0,33.892,False,200,
1787722260.7874846,managed,30.0,30.0,46.377,False,200,
1787722260.820818,managed,30.0,30.0,30.843,False,200,
1787722260.8541512,managed,30.0,30.0,33.8,False,200,
1787722260.8874846,managed,30.0,30.0,38.612,False,200,
1787722260.920818,managed,30.0,30.0,31.939,False,200,
1787722260.9541514,managed,30.0,30.0,34.976,False,200,
1787722260.9874847,managed,30.0,30.0,37.643,False,200,
1787722261.020818,managed,30.0,30.0,41.237,False,200,
1787722261.0541513,managed,30.0,30.0,36.889,False,200,
1787722261.0874846,managed,30.0,30.0,39.832,False,200,
1787722261.120818,managed,30.0,30.0,32.584,False,200,
1787722261.1541514,managed,30.0,30.0,28.22,False,200,
1787722261.1874847,managed,30.0,30.0,40.771,False,200,
1787722261.220818,managed,30.0,30.0,37.419,False,200,
1787722261.2541513,managed,30.0,30.0,38.48,False,200,
1787722261.2874846,managed,30.0,30.0,37.665,False,200,
1787722261.320818,managed,30.0,30.0,34.633,False,200,
1787722261.3541512,managed,30.0,30.0,31.639,False,200,
1787722261.3874846,managed,30.0,30.0,39.596,False,200,
1787722261.420818,managed,30.0,30.0,32.404,False,200,
1787722261.4541514,managed,30.0,30.0,29.266,False,200,
1787722261.4874847,managed,30.0,30.0,30.602,False,200,
1787722261.520818,managed,30.0,30.0,43.265,False,200,
1787722261.5541513,managed,30.0,30.0,28.708,False,200,
1787722261.5874846,managed,30.0,30.0,51.208,False,200,
1787722261.620818,managed,30.0,30.0,32.863,False,200,
1787722261.6541514,managed,30.0,30.0,37.374,False,200,
1787722261.6874847,managed,30.0,30.0,40.989,False,200,
1787722261.720818,managed,30.0,30.0,38.772,False,200,
1787722261.7541513,managed,30.0,30.0,28.74,False,200,
1787722261.7874846,managed,30.0,30.0,36.698,False,200,
1787722261.820818,managed,30.0,30.0,38.021,False,200,
1787722261.8541512,managed,30.0,30.0,53.29,False,200,
1787722261.8874846,managed,30.0,30.0,29.768,False,200,
1787722261.920818,managed,30.0,30.0,31.488,False,200,
1787722261.9541514,managed,30.0,30.0,30.865,False,200,
1787722261.9874847,managed,30.0,30.0,42.848,False,200,
1787722262.020818,managed,30.0,30.0,23.626,False,200,
1787722262.0541513,managed,30.0,30.0,39.558,False,200,
1787722262.0874846,managed,30.0,30.0,33.852,False,200,
1787722262.120818,managed,30.0,30.0,41.728,False,200,
1787722262.1541514,managed,30.0,30.0,32.972,False,200,
1787722262.1874847,managed,30.0,30.0,29.426,False,200,
1787722262.220818,managed,30.0,30.0,37.949,False,200,
1787722262.2541513,managed,30.0,30.0,43.267,False,200,
1787722262.2874846,managed,30.0,30.0,40.147,False,200,
1787722262.320818,managed,30.0,30.0,32.091,False,200,
1787722262.3541512,managed,30.0,30.0,30.927,False,200,
1787722262.3874846,managed,30.0,30.0,40.783,False,200,
1787722262.420818,managed,30.0,30.0,27.518,False,200,
1787722262.4541514,managed,30.0,30.0,33.994,False,200,
1787722262.4874847,managed,30.0,30.0,48.761,False,200,
1787722262.520818,managed,30.0,30.0,35.645,False,200,
1787722262.5541513,managed,30.0,30.0,24.23,False,200,
1787722262.5874846,managed,30.0,30.0,30.629,False,200,
1787722262.620818,managed,30.0,30.0,31.228,False,200,
1787722262.6541514,managed,30.0,30.0,50.401,False,200,
1787722262.6874847,managed,30.0,30.0,40.139,False,200,
1787722262.720818,managed,30.0,30.0,34.61,False,200,
1787722262.7541513,managed,30.0,30.0,28.739,False,200,
1787722262.7874846,managed,30.0,30.0,28.339,False,200,
1787722262.820818,managed,30.0,30.0,27.302,False,200,
1787722262.8541512,managed,30.0,30.0,44.704,False,200,
1787722262.8874846,managed,30.0,30.0,39.749,False,200,
1787722262.920818,managed,30.0,30.0,26.666,False,200,
1787722262.9541514,managed,30.0,30.0,29.607,False,200,
1787722262.9874847,managed,30.0,30.0,31.991,False,200,
1787722263.020818,managed,30.0,30.0,42.243,False,200,
1787722263.0541513,managed,30.0,30.0,35.341,False,200,
1787722263.0874846,managed,30.0,30.0,35.437,False,200,
1787722263.120818,managed,30.0,30.0,34.295,False,200,
1787722263.1541514,managed,30.0,30.0,30.976,False,200,
1787722263.1874847,managed,30.0,30.0,47.819,False,200,
1787722263.220818,managed,30.0,30.0,22.943,False,200,
1787722263.2541513,managed,30.0,30.0,38.489,False,200,
1787722263.2874846,managed,30.0,30.0,35.571,False,200,
1787722263.320818,managed,30.0,30.0,35.776,False,200,
1787722263.3541512,managed,30.0,30.0,41.112,False,200,
1787722263.3874846,managed,30.0,30.0,39.86,False,200,
1787722263.420818,managed,30.0,30.0,30.673,False,200,
1787722263.4541514,managed,30.0,30.0,34.901,False,200,
1787722263.4874847,managed,30.0,30.0,34.454,False,200,
1787722263.520818,managed,30.0,30.0,39.832,False,200,
1787722263.5541513,managed,30.0,30.0,28.67,False,200,
1787722263.5874846,managed,30.0,30.0,33.654,False,200,
1787722263.620818,managed,30.0,30.0,40.73,False,200,
1787722263.6541514,managed,30.0,30.0,24.783,False,200,
1787722263.6874847,managed,30.0,30.0,29.593,False,200,
1787722263.720818,managed,30.0,30.0,36.006,False,200,
1787722263.7541513,managed,30.0,30.0,36.939,False,200,
1787722263.7874846,managed,30.0,30.0,33.749,False,200,
1787722263.820818,managed,30.0,30.0,28.271,False,200,
1787722263.8541512,managed,30.0,30.0,38.143,False,200,
1787722263.8874846,managed,30.0,30.0,29.579,False,200,
1787722263.920818,managed,30.0,30.0,36.118,False,200,
1787722263.9541514,managed,30.0,30.0,41.96,False,200,
1787722263.9874847,managed,30.0,30.0,40.705,False,200,
1787722264.020818,managed,30.0,30.0,37.589,False,200,
1787722264.0541513,managed,30.0,30.0,39.382,False,200,
1787722264.0874846,managed,30.0,30.0,34.713,False,200,
1787722264.120818,managed,30.0,30.0,44.373,False,200,
1787722264.1541514,managed,30.0,30.0,28.852,False,200,
1787722264.1874847,managed,30.0,30.0,41.983,False,200,
1787722264.220818,managed,30.0,30.0,37.103,False,200,
1787722264.2541513,managed,30.0,30.0,34.397,False,200,
1787722264.2874846,managed,30.0,30.0,30.657,False,200,
1787722264.320818,managed,30.0,30.0,33.635,False,200,
1787722264.3541512,managed,30.0,30.0,30.798,False,200,
1787722264.3874846,managed,30.0,30.0,41.07,False,200,
1787722264.420818,managed,30.0,30.0,38.607,False,200,
1787722264.4541514,managed,30.0,30.0,29.98,False,200,
1787722264.4874847,managed,30.0,30.0,35.179,False,200,
1787722264.520818,managed,30.0,30.0,34.742,False,200,
1787722264.5541513,managed,30.0,30.0,36.865,False,200,
1787722264.5874846,managed,30.0,30.0,31.53,False,200,
1787722264.620818,managed,30.0,30.0,46.14,False,200,
1787722264.6541514,managed,30.0,30.0,35.397,False,200,
1787722264.6874847,managed,30.0,30.0,31.002,False,200,
1787722264.720818,managed,30.0,30.0,30.79,False,200,
1787722264.7541513,managed,30.0,30.0,44.461,False,200,
1787722264.7874846,managed,30.0,30.0,33.435,False,200,
1787722264.820818,managed,30.0,30.0,44.124,False,200,
1787722264.8541512,managed,30.0,30.0,32.921,False,200,
1787722264.8874846,managed,30.0,30.0,30.922,False,200,
1787722264.920818,managed,30.0,30.0,30.938,False,200,
1787722264.9541514,managed,30.0,30.0,34.518,False,200,
1787722264.9874847,managed,30.0,30.0,36.284,False,200,
1787722265.020818,managed,30.0,30.0,35.547,False,200,
1787722265.0541513,managed,30.0,30.0,39.737,False,200,
1787722265.0874846,managed,30.0,30.0,33.353,False,200,
1787722265.120818,managed,30.0,30.0,35.137,False,200,
1787722265.1541514,managed,30.0,30.0,46.614,False,200,
1787722265.1874847,managed,30.0,30.0,37.196,False,200,
1787722265.220818,managed,30.0,30.0,38.74,False,200,
1787722265.2541513,managed,30.0,30.0,35.951,False,200,
1787722265.2874846,managed,30.0,30.0,25.503,False,200,
1787722265.320818,managed,30.0,30.0,50.612,False,200,
1787722265.3541512,managed,30.0,30.0,31.202,False,200,
1787722265.3874846,managed,30.0,30.0,35.677,False,200,
1787722265.420818,managed,30.0,30.0,36.255,False,200,
1787722265.4541514,managed,30.0,30.0,32.653,False,200,
1787722265.4874847,managed,30.0,30.0,30.11,False,200,
1787722265.520818,managed,30.0,30.0,31.981,False,200,
1787722265.5541513,managed,30.0,30.0,33.74,False,200,
1787722265.5874846,managed,30.0,30.0,34.592,False,200,
1787722265.620818,managed,30.0,30.0,42.085,False,200,
1787722265.6541514,managed,30.0,30.0,34.25,False,200,
1787722265.6874847,managed,30.0,30.0,38.021,False,200,
1787722265.720818,managed,30.0,30.0,35.091,False,200,
1787722265.7541513,managed,30.0,30.0,27.461,False,200,
1787722265.7874846,managed,30.0,30.0,36.318,False,200,
1787722265.820818,managed,30.0,30.0,34.953,False,200,
1787722265.8541512,managed,30.0,30.0,31.997,False,200,
1787722265.8874846,managed,30.0,30.0,33.29,False,200,
1787722265.920818,managed,30.0,30.0,32.02,False,200,
1787722265.9541514,managed,30.0,30.0,45.279,False,200,
1787722265.9874847,managed,30.0,30.0,30.531,False,200,
1787722266.020818,managed,30.0,30.0,45.509,False,200,
1787722266.0541513,managed,30.0,30.0,29.954,False,200,
1787722266.0874846,managed,30.0,30.0,40.0,False,200,
1787722266.120818,managed,30.0,30.0,45.842,False,200,
1787722266.1541514,managed,30.0,30.0,31.043,False,200,
1787722266.1874847,managed,30.0,30.0,35.875,False,200,
1787722266.220818,managed,30.0,30.0,36.474,False,200,
1787722266.2541513,managed,30.0,30.0,36.387,False,200,
1787722266.2874846,managed,30.0,30.0,36.103,False,200,
1787722266.320818,managed,30.0,30.0,29.299,False,200,
1787722266.3541512,managed,30.0,30.0,47.353,False,200,
1787722266.3874846,managed,30.0,30.0,39.287,False,200,
1787722266.420818,managed,30.0,30.0,40.002,False,200,
1787722266.4541514,managed,30.0,30.0,33.864,False,200,
1787722266.4874847,managed,30.0,30.0,45.149,False,200,
1787722266.520818,managed,30.0,30.0,39.924,False,200,
1787722266.5541513,managed,30.0,30.0,34.441,False,200,
1787722266.5874846,managed,30.0,30.0,42.677,False,200,
1787722266.620818,managed,30.0,30.0,39.099,False,200,
1787722266.6541514,managed,30.0,30.0,29.598,False,200,
1787722266.6874847,managed,30.0,30.0,29.444,False,200,
1787722266.720818,managed,30.0,30.0,33.02,False,200,
1787722266.7541513,managed,30.0,30.0,30.452,False,200,
1787722266.7874846,managed,30.0,30.0,36.264,False,200,
1787722266.820818,managed,30.0,30.0,37.635,False,200,
1787722266.8541512,managed,30.0,30.0,31.202,False,200,
1787722266.8874846,managed,30.0,30.0,31.961,False,200,
1787722266.920818,managed,30.0,30.0,30.852,False,200,
1787722266.9541514,managed,30.0,30.0,32.357,False,200,
1787722266.9874847,managed,30.0,30.0,34.351,False,200,
1787722267.020818,managed,30.0,30.0,29.169,False,200,
1787722267.0541513,managed,30.0,30.0,35.896,False,200,
1787722267.0874846,managed,30.0,30.0,29.748,False,200,
1787722267.120818,managed,30.0,30.0,35.759,False,200,
1787722267.1541514,managed,30.0,30.0,29.322,False,200,
1787722267.1874847,managed,30.0,30.0,39.31,False,200,
1787722267.220818,managed,30.0,30.0,36.005,False,200,
1787722267.2541513,managed,30.0,30.0,34.76,False,200,
1787722267.2874846,managed,30.0,30.0,31.979,False,200,
1787722267.320818,managed,30.0,30.0,32.064,False,200,
1787722267.3541512,managed,30.0,30.0,40.197,False,200,
1787722267.3874846,managed,30.0,30.0,32.155,False,200,
1787722267.420818,managed,30.0,30.0,38.305,False,200,
1787722267.4541514,managed,30.0,30.0,32.621,False,200,
1787722267.4874847,managed,30.0,30.0,35.356,False,200,
1787722267.520818,managed,30.0,30.0,34.288,False,200,
1787722267.5541513,managed,30.0,30.0,36.757,False,200,
1787722267.5874846,managed,30.0,30.0,35.495,False,200,
1787722267.620818,managed,30.0,30.0,27.176,False,200,
1787722267.6541514,managed,30.0,30.0,42.319,False,200,
1787722267.6874847,managed,30.0,30.0,37.841,False,200,
1787722267.720818,managed,30.0,30.0,32.937,False,200,
1787722267.7541513,managed,30.0,30.0,36.308,False,200,
1787722267.7874846,managed,30.0,30.0,33.787,False,200,
1787722267.820818,managed,30.0,30.0,27.309,False,200,
1787722267.8541512,managed,30.0,30.0,42.053,False,200,
1787722267.8874846,managed,30.0,30.0,31.45,False,200,
1787722267.920818,managed,30.0,30.0,24.332,False,200,
1787722267.9541514,managed,30.0,30.0,35.92,False,200,
1787722267.9874847,managed,30.0,30.0,36.535,False,200,
1787722268.020818,managed,30.0,30.0,33.259,False,200,
1787722268.0541513,managed,30.0,30.0,31.033,False,200,
1787722268.0874846,managed,30.0,30.0,36.032,False,200,
1787722268.120818,managed,30.0,30.0,33.167,False,200,
1787722268.1541514,managed,30.0,30.0,29.97,False,200,
1787722268.1874847,managed,30.0,30.0,29.957,False,200,
1787722268.220818,managed,30.0,30.0,28.241,False,200,
1787722268.2541513,managed,30.0,30.0,44.702,False,200,
1787722268.2874846,managed,30.0,30.0,27.149,False,200,
1787722268.320818,managed,30.0,30.0,37.414,False,200,
1787722268.3541512,managed,30.0,30.0,33.683,False,200,
1787722268.3874846,managed,30.0,30.0,34.483,False,200,
1787722268.420818,managed,30.0,30.0,32.26,False,200,
1787722268.4541514,managed,30.0,30.0,48.386,False,200,
1787722268.4874847,managed,30.0,30.0,30.939,False,200,
1787722268.520818,managed,30.0,30.0,34.358,False,200,
1787722268.5541513,managed,30.0,30.0,30.581,False,200,
1787722268.5874846,managed,30.0,30.0,34.182,False,200,
1787722268.620818,managed,30.0,30.0,51.238,False,200,
1787722268.6541514,managed,30.0,30.0,41.06,False,200,
1787722268.6874847,managed,30.0,30.0,36.76,False,200,
1787722268.720818,managed,30.0,30.0,35.577,False,200,
1787722268.7541513,managed,30.0,30.0,40.649,False,200,
1787722268.7874846,managed,30.0,30.0,37.486,False,200,
1787722268.820818,managed,30.0,30.0,44.041,False,200,
1787722268.8541512,managed,30.0,30.0,37.956,False,200,
1787722268.8874846,managed,30.0,30.0,40.762,False,200,
1787722268.920818,managed,30.0,30.0,39.436,False,200,
1787722268.9541514,managed,30.0,30.0,34.325,False,200,
1787722268.9874847,managed,30.0,30.0,25.56,False,200,
1787722269.020818,managed,30.0,30.0,34.018,False,200,
1787722269.0541513,managed,30.0,30.0,32.084,False,200,
1787722269.0874846,managed,30.0,30.0,37.096,False,200,
1787722269.120818,managed,30.0,30.0,33.673,False,200,
1787722269.1541514,managed,30.0,30.0,37.795,False,200,
1787722269.1874847,managed,30.0,30.0,28.881,False,200,
1787722269.220818,managed,30.0,30.0,33.069,False,200,
1787722269.2541513,managed,30.0,30.0,31.992,False,200,
1787722269.2874846,managed,30.0,30.0,36.234,False,200,
1787722269.320818,managed,30.0,30.0,41.98,False,200,
1787722269.3541512,managed,30.0,30.0,30.927,False,200,
1787722269.3874846,managed,30.0,30.0,35.612,False,200,
1787722269.420818,managed,30.0,30.0,36.504,False,200,
1787722269.4541514,managed,30.0,30.0,34.446,False,200,
1787722269.4874847,managed,30.0,30.0,37.606,False,200,
1787722269.520818,managed,30.0,30.0,40.835,False,200,
1787722269.5541513,managed,30.0,30.0,41.521,False,200,
1787722269.5874846,managed,30.0,30.0,18.265,False,200,
1787722269.620818,managed,30.0,30.0,35.478,False,200,
1787722269.6541514,managed,30.0,30.0,35.333,False,200,
1787722269.6874847,managed,30.0,30.0,31.597,False,200,
1787722269.720818,managed,30.0,30.0,28.481,False,200,
1787722269.7541513,managed,30.0,30.0,39.326,False,200,
1787722269.7874846,managed,30.0,30.0,26.522,False,200,
1787722269.820818,managed,30.0,30.0,43.295,False,200,
1787722269.8541512,managed,30.0,30.0,35.166,False,200,
1787722269.8874846,managed,30.0,30.0,34.606,False,200,
1787722269.920818,managed,30.0,30.0,37.048,False,200,
1787722269.9541514,managed,30.0,30.0,38.633,False,200,
1787722269.9874847,managed,30.0,30.0,35.2,False,200,
1787722270.020818,managed,30.0,30.0,27.004,False,200,
1787722270.0541513,managed,30.0,30.0,50.261,False,200,
1787722270.0874846,managed,30.0,30.0,43.391,False,200,
1787722270.120818,managed,30.0,30.0,31.408,False,200,
1787722270.1541514,managed,30.0,30.0,32.599,False,200,
1787722270.1874847,managed,30.0,30.0,44.69,False,200,
1787722270.220818,managed,30.0,30.0,41.753,False,200,
1787722270.2541513,managed,30.0,30.0,32.793,False,200,
1787722270.2874846,managed,30.0,30.0,28.45,False,200,
1787722270.320818,managed,30.0,30.0,33.848,False,200,
1787722270.3541512,managed,30.0,30.0,34.488,False,200,
1787722270.3874846,managed,30.0,30.0,42.216,False,200,
1787722270.420818,managed,30.0,30.0,38.487,False,200,
1787722270.4541514,managed,30.0,30.0,30.319,False,200,
1787722270.4874847,managed,30.0,30.0,39.964,False,200,
1787722270.520818,managed,30.0,30.0,40.091,False,200,
1787722270.5541513,managed,30.0,30.0,33.172,False,200,
1787722270.5874846,managed,30.0,30.0,38.23,False,200,
1787722270.620818,managed,30.0,30.0,33.176,False,200,
1787722270.6541514,managed,30.0,30.0,28.223,False,200,
1787722270.6874847,managed,30.0,30.0,37.509,False,200,
1787722270.720818,managed,30.0,30.0,30.874,False,200,
1787722270.7541513,managed,30.0,30.0,29.091,False,200,
1787722270.7874846,managed,30.0,30.0,35.612,False,200,
1787722270.820818,managed,30.0,30.0,29.167,False,200,
1787722270.8541512,managed,30.0,30.0,37.829,False,200,
1787722270.8874846,managed,30.0,30.0,34.321,False,200,
1787722270.920818,managed,30.0,30.0,46.523,False,200,
1787722270.9541514,managed,30.0,30.0,32.21,False,200,
1787722270.9874847,managed,30.0,30.0,40.188,False,200,
1787722271.020818,managed,30.0,30.0,40.562,False,200,
1787722271.0541513,managed,30.0,30.0,26.523,False,200,
1787722271.0874846,managed,30.0,30.0,38.742,False,200,
1787722271.120818,managed,30.0,30.0,45.812,False,200,
1787722271.1541514,managed,30.0,30.0,38.203,False,200,
1787722271.1874847,managed,30.0,30.0,32.02,False,200,
1787722271.220818,managed,30.0,30.0,30.74,False,200,
1787722271.2541513,managed,30.0,30.0,43.601,False,200,
1787722271.2874846,managed,30.0,30.0,43.39,False,200,
1787722271.320818,managed,30.0,30.0,53.521,False,200,
1787722271.3541512,managed,30.0,30.0,27.717,False,200,
1787722271.3874846,managed,30.0,30.0,37.508,False,200,
1787722271.420818,managed,30.0,30.0,24.586,False,200,
1787722271.4541514,managed,30.0,30.0,28.065,False,200,
1787722271.4874847,managed,30.0,30.0,31.618,False,200,
1787722271.520818,managed,30.0,30.0,29.982,False,200,
1787722271.5541513,managed,30.0,30.0,29.932,False,200,
1787722271.5874846,managed,30.0,30.0,39.781,False,200,
1787722271.620818,managed,30.0,30.0,33.733,False,200,
1787722271.6541514,managed,30.0,30.0,41.126,False,200,
1787722271.6874847,managed,30.0,30.0,31.37,False,200,
1787722271.720818,managed,30.0,30.0,27.792,False,200,
1787722271.7541513,managed,30.0,30.0,26.755,False,200,
1787722271.7874846,managed,30.0,30.0,39.414,False,200,
1787722271.820818,managed,30.0,30.0,28.186,False,200,
1787722271.8541512,managed,30.0,30.0,35.175,False,200,
1787722271.8874846,managed,30.0,30.0,29.812,False,200,
1787722271.920818,managed,30.0,30.0,40.487,False,200,
1787722271.9541514,managed,30.0,30.0,30.557,False,200,
1787722271.9874847,managed,30.0,30.0,42.637,False,200,
1787722272.020818,managed,30.0,30.0,34.079,False,200,
1787722272.0541513,managed,30.0,30.0,33.436,False,200,
1787722272.0874846,managed,30.0,30.0,26.879,False,200,
1787722272.120818,managed,30.0,30.0,39.572,False,200,
1787722272.1541514,managed,30.0,30.0,42.369,False,200,
1787722272.1874847,managed,30.0,30.0,39.671,False,200,
1787722272.220818,managed,30.0,30.0,29.526,False,200,
1787722272.2541513,managed,30.0,30.0,38.382,False,200,
1787722272.2874846,managed,30.0,30.0,26.646,False,200,
1787722272.320818,managed,30.0,30.0,33.383,False,200,
1787722272.3541512,managed,30.0,30.0,30.391,False,200,
1787722272.3874846,managed,30.0,30.0,29.139,False,200,
1787722272.420818,managed,30.0,30.0,27.722,False,200,
1787722272.4541514,managed,30.0,30.0,33.085,False,200,
1787722272.4874847,managed,30.0,30.0,31.727,False,200,
1787722272.520818,managed,30.0,30.0,44.984,False,200,
1787722272.5541513,managed,30.0,30.0,39.024,False,200,
1787722272.5874846,managed,30.0,30.0,37.617,False,200,
1787722272.620818,managed,30.0,30.0,40.32,False,200,
1787722272.6541514,managed,30.0,30.0,34.949,False,200,
1787722272.6874847,managed,30.0,30.0,35.346,False,200,
1787722272.720818,managed,30.0,30.0,43.624,False,200,
1787722272.7541513,managed,30.0,30.0,37.54,False,200,
1787722272.7874846,managed,30.0,30.0,39.171,False,200,
1787722272.820818,managed,30.0,30.0,43.962,False,200,
1787722272.8541512,managed,30.0,30.0,49.133,False,200,
1787722272.8874846,managed,30.0,30.0,36.382,False,200,
1787722272.920818,managed,30.0,30.0,29.586,False,200,
1787722272.9541514,managed,30.0,30.0,38.318,False,200,
1787722272.9874847,managed,30.0,30.0,37.52,False,200,
1787722273.020818,managed,30.0,30.0,47.043,False,200,
1787722273.0541513,managed,30.0,30.0,32.878,False,200,
1787722273.0874846,managed,30.0,30.0,37.34,False,200,
1787722273.120818,managed,30.0,30.0,39.433,False,200,
1787722273.1541514,managed,30.0,30.0,42.793,False,200,
1787722273.1874847,managed,30.0,30.0,34.94,False,200,
1787722273.220818,managed,30.0,30.0,39.651,False,200,
1787722273.2541513,managed,30.0,30.0,26.735,False,200,
1787722273.2874846,managed,30.0,30.0,36.439,False,200,
1787722273.320818,managed,30.0,30.0,37.694,False,200,
1787722273.3541512,managed,30.0,30.0,44.575,False,200,
1787722273.3874846,managed,30.0,30.0,31.897,False,200,
1787722273.420818,managed,30.0,30.0,27.632,False,200,
1787722273.4541514,managed,30.0,30.0,29.733,False,200,
1787722273.4874847,managed,30.0,30.0,41.979,False,200,
1787722273.520818,managed,30.0,30.0,32.153,False,200,
1787722273.5541513,managed,30.0,30.0,32.247,False,200,
1787722273.5874846,managed,30.0,30.0,37.128,False,200,
1787722273.620818,managed,30.0,30.0,40.728,False,200,
1787722273.6541514,managed,30.0,30.0,35.48,False,200,
1787722273.6874847,managed,30.0,30.0,35.93,False,200,
1787722273.720818,managed,30.0,30.0,30.61,False,200,
1787722273.7541513,managed,30.0,30.0,30.814,False,200,
1787722273.7874846,managed,30.0,30.0,32.19,False,200,
1787722273.820818,managed,30.0,30.0,34.567,False,200,
1787722273.8541512,managed,30.0,30.0,43.825,False,200,
1787722273.8874846,managed,30.0,30.0,29.88,False,200,
1787722273.920818,managed,30.0,30.0,36.613,False,200,
1787722273.9541514,managed,30.0,30.0,36.09,False,200,
1787722273.9874847,managed,30.0,30.0,33.808,False,200,
1787722274.020818,managed,30.0,30.0,28.93,False,200,
1787722274.0541513,managed,30.0,30.0,35.464,False,200,
1787722274.0874846,managed,30.0,30.0,31.932,False,200,
1787722274.120818,managed,30.0,30.0,27.078,False,200,
1787722274.1541514,managed,30.0,30.0,39.049,False,200,
1787722274.1874847,managed,30.0,30.0,27.238,False,200,
1787722274.220818,managed,30.0,30.0,34.584,False,200,
1787722274.2541513,managed,30.0,30.0,34.416,False,200,
1787722274.2874846,managed,30.0,30.0,33.798,False,200,
1787722274.320818,managed,30.0,30.0,37.004,False,200,
1787722274.3541512,managed,30.0,30.0,33.535,False,200,
1787722274.3874846,managed,30.0,30.0,34.444,False,200,
1787722274.420818,managed,30.0,30.0,35.945,False,200,
1787722274.4541514,managed,30.0,30.0,38.392,False,200,
1787722274.4874847,managed,30.0,30.0,28.348,False,200,
1787722274.520818,managed,30.0,30.0,35.178,False,200,
1787722274.5541513,managed,30.0,30.0,39.283,False,200,
1787722274.5874846,managed,30.0,30.0,29.227,False,200,
1787722274.620818,managed,30.0,30.0,36.151,False,200,
1787722274.6541514,managed,30.0,30.0,34.565,False,200,
1787722274.6874847,managed,30.0,30.0,33.222,False,200,
1787722274.720818,managed,30.0,30.0,27.84,False,200,
1787722274.7541513,managed,30.0,30.0,33.77,False,200,
1787722274.7874846,managed,30.0,30.0,44.256,False,200,
1787722274.820818,managed,30.0,30.0,30.715,False,200,
1787722274.8541512,managed,30.0,30.0,30.36,False,200,
1787722274.8874846,managed,30.0,30.0,30.802,False,200,
1787722274.920818,managed,30.0,30.0,34.723,False,200,
1787722274.9541514,managed,30.0,30.0,33.531,False,200,
1787722274.9874847,managed,30.0,30.0,38.901,False,200,
1787722275.020818,managed,30.0,30.0,33.75,False,200,
1787722275.0541513,managed,30.0,30.0,40.956,False,200,
1787722275.0874846,managed,30.0,30.0,33.996,False,200,
1787722275.120818,managed,30.0,30.0,28.546,False,200,
1787722275.1541514,managed,30.0,30.0,46.65,False,200,
1787722275.1874847,managed,30.0,30.0,33.383,False,200,
1787722275.220818,managed,30.0,30.0,26.816,False,200,
1787722275.2541513,managed,30.0,30.0,26.214,False,200,
1787722275.2874846,managed,30.0,30.0,39.826,False,200,
1787722275.320818,managed,30.0,30.0,41.981,False,200,
1787722275.3541512,managed,30.0,30.0,32.112,False,200,
1787722275.3874846,managed,30.0,30.0,42.275,False,200,
1787722275.420818,managed,30.0,30.0,34.987,False,200,
1787722275.4541514,managed,30.0,30.0,40.862,False,200,
1787722275.4874847,managed,30.0,30.0,35.175,False,200,
1787722275.520818,managed,30.0,30.0,37.295,False,200,
1787722275.5541513,managed,30.0,30.0,44.032,False,200,
1787722275.5874846,managed,30.0,30.0,36.228,False,200,
1787722275.620818,managed,30.0,30.0,37.42,False,200,
1787722275.6541514,managed,30.0,30.0,46.922,False,200,
1787722275.6874847,managed,30.0,30.0,44.461,False,200,
1787722275.720818,managed,30.0,30.0,36.693,False,200,
1787722275.7541513,managed,30.0,30.0,29.799,False,200,
1787722275.7874846,managed,30.0,30.0,28.627,False,200,
1787722275.820818,managed,30.0,30.0,31.031,False,200,
1787722275.8541512,managed,30.0,30.0,35.549,False,200,
1787722275.8874846,managed,30.0,30.0,43.518,False,200,
1787722275.920818,managed,30.0,30.0,33.157,False,200,
1787722275.9541514,managed,30.0,30.0,37.832,False,200,
1787722275.9874847,managed,30.0,30.0,33.617,False,200,
1787722276.020818,managed,30.0,30.0,28.506,False,200,
1787722276.0541513,managed,30.0,30.0,30.214,False,200,
1787722276.0874846,managed,30.0,30.0,32.841,False,200,
1787722276.120818,managed,30.0,30.0,37.562,False,200,
1787722276.1541514,managed,30.0,30.0,31.684,False,200,
1787722276.1874847,managed,30.0,30.0,32.37,False,200,
1787722276.220818,managed,30.0,30.0,34.699,False,200,
1787722276.2541513,managed,30.0,30.0,30.169,False,200,
1787722276.2874846,managed,30.0,30.0,47.749,False,200,
1787722276.320818,managed,30.0,30.0,34.812,False,200,
1787722276.3541512,managed,30.0,30.0,37.478,False,200,
1787722276.3874846,managed,30.0,30.0,36.124,False,200,
1787722276.420818,managed,30.0,30.0,35.5,False,200,
1787722276.4541514,managed,30.0,30.0,32.625,False,200,
1787722276.4874847,managed,30.0,30.0,34.392,False,200,
1787722276.520818,managed,30.0,30.0,34.213,False,200,
1787722276.5541513,managed,30.0,30.0,37.15,False,200,
1787722276.5874846,managed,30.0,30.0,41.697,False,200,
1787722276.620818,managed,30.0,30.0,33.682,False,200,
1787722276.6541514,managed,30.0,30.0,29.636,False,200,
1787722276.6874847,managed,30.0,30.0,25.019,False,200,
1787722276.720818,managed,30.0,30.0,34.109,False,200,
1787722276.7541513,managed,30.0,30.0,35.177,False,200,
1787722276.7874846,managed,30.0,30.0,32.33,False,200,
1787722276.820818,managed,30.0,30.0,26.418,False,200,
1787722276.8541512,managed,30.0,30.0,37.643,False,200,
1787722276.8874846,managed,30.0,30.0,35.576,False,200,
1787722276.920818,managed,30.0,30.0,34.706,False,200,
1787722276.9541514,managed,30.0,30.0,32.623,False,200,
1787722276.9874847,managed,30.0,30.0,38.823,False,200,
1787722277.020818,managed,30.0,30.0,37.093,False,200,
1787722277.0541513,managed,30.0,30.0,34.178,False,200,
1787722277.0874846,managed,30.0,30.0,26.77,False,200,
1787722277.120818,managed,30.0,30.0,30.704,False,200,
1787722277.1541514,managed,30.0,30.0,45.151,False,200,
1787722277.1874847,managed,30.0,30.0,39.588,False,200,
1787722277.220818,managed,30.0,30.0,30.671,False,200,
1787722277.2541513,managed,30.0,30.0,38.241,False,200,
1787722277.2874846,managed,30.0,30.0,34.442,False,200,
1787722277.320818,managed,30.0,30.0,34.173,False,200,
1787722277.3541512,managed,30.0,30.0,29.65,False,200,
1787722277.3874846,managed,30.0,30.0,30.967,False,200,
1787722277.420818,managed,30.0,30.0,39.827,False,200,
1787722277.4541514,managed,30.0,30.0,46.324,False,200,
1787722277.4874847,managed,30.0,30.0,32.69,False,200,
1787722277.520818,managed,30.0,30.0,35.111,False,200,
1787722277.5541513,managed,30.0,30.0,31.881,False,200,
1787722277.5874846,managed,30.0,30.0,29.975,False,200,
1787722277.620818,managed,30.0,30.0,38.483,False,200,
1787722277.6541514,managed,30.0,30.0,42.083,False,200,
1787722277.6874847,managed,30.0,30.0,32.313,False,200,
1787722277.720818,managed,30.0,30.0,36.109,False,200,
1787722277.7541513,managed,30.0,30.0,31.55,False,200,
1787722277.7874846,managed,30.0,30.0,28.308,False,200,
1787722277.820818,managed,30.0,30.0,41.965,False,200,
1787722277.8541512,managed,30.0,30.0,36.412,False,200,
1787722277.8874846,managed,30.0,30.0,32.948,False,200,
1787722277.920818,managed,30.0,30.0,41.265,False,200,
1787722277.9541514,managed,30.0,30.0,32.472,False,200,
1787722277.9874847,managed,30.0,30.0,27.999,False,200,
1787722278.020818,managed,30.0,30.0,26.83,False,200,
1787722278.0541513,managed,30.0,30.0,30.554,False,200,
1787722278.0874846,managed,30.0,30.0,43.299,False,200,
1787722278.120818,managed,30.0,30.0,24.607,False,200,
1787722278.1541514,managed,30.0,30.0,30.127,False,200,
1787722278.1874847,managed,30.0,30.0,34.373,False,200,
1787722278.220818,managed,30.0,30.0,28.313,False,200,
1787722278.2541513,managed,30.0,30.0,42.26,False,200,
1787722278.2874846,managed,30.0,30.0,25.704,False,200,
1787722278.320818,managed,30.0,30.0,34.765,False,200,
1787722278.3541512,managed,30.0,30.0,27.163,False,200,
1787722278.3874846,managed,30.0,30.0,29.481,False,200,
1787722278.420818,managed,30.0,30.0,37.443,False,200,
1787722278.4541514,managed,30.0,30.0,36.26,False,200,
1787722278.4874847,managed,30.0,30.0,31.682,False,200,
1787722278.520818,managed,30.0,30.0,34.096,False,200,
1787722278.5541513,managed,30.0,30.0,33.383,False,200,
1787722278.5874846,managed,30.0,30.0,41.275,False,200,
1787722278.620818,managed,30.0,30.0,33.015,False,200,
1787722278.6541514,managed,30.0,30.0,36.183,False,200,
1787722278.6874847,managed,30.0,30.0,43.839,False,200,
1787722278.720818,managed,30.0,30.0,43.046,False,200,
1787722278.7541513,managed,30.0,30.0,41.552,False,200,
1787722278.7874846,managed,30.0,30.0,36.806,False,200,
1787722278.820818,managed,30.0,30.0,29.06,False,200,
1787722278.8541512,managed,30.0,30.0,37.955,False,200,
1787722278.8874846,managed,30.0,30.0,35.831,False,200,
1787722278.920818,managed,30.0,30.0,42.661,False,200,
1787722278.9541514,managed,30.0,30.0,34.731,False,200,
1787722278.9874847,managed,30.0,30.0,37.316,False,200,
1787722279.020818,managed,30.0,30.0,30.897,False,200,
1787722279.0541513,managed,30.0,30.0,39.467,False,200,
1787722279.0874846,managed,30.0,30.0,31.645,False,200,
1787722279.120818,managed,30.0,30.0,42.664,False,200,
1787722279.1541514,managed,30.0,30.0,35.676,False,200,
1787722279.1874847,managed,30.0,30.0,31.997,False,200,
1787722279.220818,managed,30.0,30.0,25.64,False,200,
1787722279.2541513,managed,30.0,30.0,35.188,False,200,
1787722279.2874846,managed,30.0,30.0,43.203,False,200,
1787722279.320818,managed,30.0,30.0,31.576,False,200,
1787722279.3541512,managed,30.0,30.0,42.785,False,200,
1787722279.3874846,managed,30.0,30.0,34.076,False,200,
1787722279.420818,managed,30.0,30.0,35.605,False,200,
1787722279.4541514,managed,30.0,30.0,31.436,False,200,
1787722279.4874847,managed,30.0,30.0,36.598,False,200,
1787722279.520818,managed,30.0,30.0,36.267,False,200,
1787722279.5541513,managed,30.0,30.0,34.836,False,200,
1787722279.5874846,managed,30.0,30.0,24.514,False,200,
1787722279.620818,managed,30.0,30.0,31.718,False,200,
1787722279.6541514,managed,30.0,30.0,34.067,False,200,
1787722279.6874847,managed,30.0,30.0,31.213,False,200,
1787722279.720818,managed,30.0,30.0,40.746,False,200,
1787722279.7541513,managed,30.0,30.0,30.861,False,200,
1787722279.7874846,managed,30.0,30.0,28.871,False,200,
1787722279.820818,managed,30.0,30.0,38.828,False,200,
1787722279.8541512,managed,30.0,30.0,37.14,False,200,
1787722279.8874846,managed,30.0,30.0,34.045,False,200,
1787722279.920818,managed,30.0,30.0,45.866,False,200,
1787722279.9541514,managed,30.0,30.0,32.822,False,200,
1787722279.9874847,managed,30.0,30.0,33.908,False,200,
1787722280.020818,managed,30.0,30.0,31.123,False,200,
1787722280.0541513,managed,30.0,30.0,37.678,False,200,
1787722280.0874846,managed,30.0,30.0,29.023,False,200,
1787722280.120818,managed,30.0,30.0,38.221,False,200,
1787722280.1541514,managed,30.0,30.0,31.655,False,200,
1787722280.1874847,managed,30.0,30.0,32.466,False,200,
1787722280.220818,managed,30.0,30.0,35.985,False,200,
1787722280.2541513,managed,30.0,30.0,40.214,False,200,
1787722280.2874846,managed,30.0,30.0,35.973,False,200,
1787722280.320818,managed,30.0,30.0,45.866,False,200,
1787722280.3541512,managed,30.0,30.0,41.717,False,200,
1787722280.3874846,managed,30.0,30.0,28.615,False,200,
1787722280.420818,managed,30.0,30.0,39.017,False,200,
1787722280.4541514,managed,30.0,30.0,36.032,False,200,
1787722280.4874847,managed,30.0,30.0,32.431,False,200,
1787722280.520818,managed,30.0,30.0,35.443,False,200,
1787722280.5541513,managed,30.0,30.0,40.357,False,200,
1787722280.5874846,managed,30.0,30.0,39.204,False,200,
1787722280.620818,managed,30.0,30.0,28.198,False,200,
1787722280.6541514,managed,30.0,30.0,34.79,False,200,
1787722280.6874847,managed,30.0,30.0,35.515,False,200,
1787722280.720818,managed,30.0,30.0,36.288,False,200,
1787722280.7541513,managed,30.0,30.0,36.881,False,200,
1787722280.7874846,managed,30.0,30.0,43.257,False,200,
1787722280.820818,managed,30.0,30.0,36.176,False,200,
1787722280.8541512,managed,30.0,30.0,35.58,False,200,
1787722280.8874846,managed,30.0,30.0,36.875,False,200,
1787722280.920818,managed,30.0,30.0,25.703,False,200,
1787722280.9541514,managed,30.0,30.0,36.704,False,200,
1787722280.9874847,managed,30.0,30.0,34.445,False,200,
1787722281.020818,managed,30.0,30.0,36.775,False,200,
1787722281.0541513,managed,30.0,30.0,44.094,False,200,
1787722281.0874846,managed,30.0,30.0,38.442,False,200,
1787722281.120818,managed,30.0,30.0,32.557,False,200,
1787722281.1541514,managed,30.0,30.0,35.888,False,200,
1787722281.1874847,managed,30.0,30.0,37.674,False,200,
1787722281.220818,managed,30.0,30.0,29.725,False,200,
1787722281.2541513,managed,30.0,30.0,28.37,False,200,
1787722281.2874846,managed,30.0,30.0,35.831,False,200,
1787722281.320818,managed,30.0,30.0,27.65,False,200,
1787722281.3541512,managed,30.0,30.0,31.817,False,200,
1787722281.3874846,managed,30.0,30.0,29.767,False,200,
1787722281.420818,managed,30.0,30.0,35.134,False,200,
1787722281.4541514,managed,30.0,30.0,30.173,False,200,
1787722281.4874847,managed,30.0,30.0,36.434,False,200,
1787722281.520818,managed,30.0,30.0,32.919,False,200,
1787722281.5541513,managed,30.0,30.0,41.798,False,200,
1787722281.5874846,managed,30.0,30.0,46.664,False,200,
1787722281.620818,managed,30.0,30.0,32.719,False,200,
1787722281.6541514,managed,30.0,30.0,32.783,False,200,
1787722281.6874847,managed,30.0,30.0,32.135,False,200,
1787722281.720818,managed,30.0,30.0,37.347,False,200,
1787722281.7541513,managed,30.0,30.0,37.619,False,200,
1787722281.7874846,managed,30.0,30.0,29.511,False,200,
1787722281.820818,managed,30.0,30.0,43.863,False,200,
1787722281.8541512,managed,30.0,30.0,30.942,False,200,
1787722281.8874846,managed,30.0,30.0,33.882,False,200,
1787722281.920818,managed,30.0,30.0,26.906,False,200,
1787722281.9541514,managed,30.0,30.0,32.825,False,200,
1787722281.9874847,managed,30.0,30.0,43.756,False,200,
1787722282.020818,managed,30.0,30.0,51.105,False,200,
1787722282.0541513,managed,30.0,30.0,40.936,False,200,
1787722282.0874846,managed,30.0,30.0,42.478,False,200,
1787722282.120818,managed,30.0,30.0,31.212,False,200,
1787722282.1541514,managed,30.0,30.0,29.855,False,200,
1787722282.1874847,managed,30.0,30.0,36.118,False,200,
1787722282.220818,managed,30.0,30.0,40.853,False,200,
1787722282.2541513,managed,30.0,30.0,32.863,False,200,
1787722282.2874846,managed,30.0,30.0,33.586,False,200,
1787722282.320818,managed,30.0,30.0,30.019,False,200,
1787722282.3541512,managed,30.0,30.0,32.057,False,200,
1787722282.3874846,managed,30.0,30.0,40.524,False,200,
1787722282.420818,managed,30.0,30.0,33.307,False,200,
1787722282.4541514,managed,30.0,30.0,27.105,False,200,
1787722282.4874847,managed,30.0,30.0,34.599,False,200,
1787722282.520818,managed,30.0,30.0,41.739,False,200,
1787722282.5541513,managed,30.0,30.0,29.161,False,200,
1787722282.5874846,managed,30.0,30.0,28.422,False,200,
1787722282.620818,managed,30.0,30.0,40.067,False,200,
1787722282.6541514,managed,30.0,30.0,33.131,False,200,
1787722282.6874847,managed,30.0,30.0,43.883,False,200,
1787722282.720818,managed,30.0,30.0,29.398,False,200,
1787722282.7541513,managed,30.0,30.0,26.333,False,200,
1787722282.7874846,managed,30.0,30.0,27.004,False,200,
1787722282.820818,managed,30.0,30.0,35.482,False,200,
1787722282.8541512,managed,30.0,30.0,36.856,False,200,
1787722282.8874846,managed,30.0,30.0,34.358,False,200,
1787722282.920818,managed,30.0,30.0,33.234,False,200,
1787722282.9541514,managed,30.0,30.0,26.437,False,200,
1787722282.9874847,managed,30.0,30.0,30.97,False,200,
1787722283.020818,managed,30.0,30.0,35.775,False,200,
1787722283.0541513,managed,30.0,30.0,42.946,False,200,
1787722283.0874846,managed,30.0,30.0,30.592,False,200,
1787722283.120818,managed,30.0,30.0,38.328,False,200,
1787722283.1541514,managed,30.0,30.0,31.603,False,200,
1787722283.1874847,managed,30.0,30.0,43.506,False,200,
1787722283.220818,managed,30.0,30.0,28.469,False,200,
1787722283.2541513,managed,30.0,30.0,36.221,False,200,
1787722283.2874846,managed,30.0,30.0,37.269,False,200,
1787722283.320818,managed,30.0,30.0,38.092,False,200,
1787722283.3541512,managed,30.0,30.0,34.841,False,200,
1787722283.3874846,managed,30.0,30.0,27.484,False,200,
1787722283.420818,managed,30.0,30.0,41.345,False,200,
1787722283.4541514,managed,30.0,30.0,37.523,False,200,
1787722283.4874847,managed,30.0,30.0,40.002,False,200,
1787722283.520818,managed,30.0,30.0,28.939,False,200,
1787722283.5541513,managed,30.0,30.0,33.618,False,200,
1787722283.5874846,managed,30.0,30.0,39.526,False,200,
1787722283.620818,managed,30.0,30.0,38.246,False,200,
1787722283.6541514,managed,30.0,30.0,38.448,False,200,
1787722283.6874847,managed,30.0,30.0,42.983,False,200,
1787722283.720818,managed,30.0,30.0,29.064,False,200,
1787722283.7541513,managed,30.0,30.0,38.965,False,200,
1787722283.7874846,managed,30.0,30.0,43.127,False,200,
1787722283.820818,managed,30.0,30.0,37.992,False,200,
1787722283.8541512,managed,30.0,30.0,37.796,False,200,
1787722283.8874846,managed,30.0,30.0,34.221,False,200,
1787722283.920818,managed,30.0,30.0,39.224,False,200,
1787722283.9541514,managed,30.0,30.0,49.219,False,200,
1787722283.9874847,managed,30.0,30.0,35.49,False,200,
1787722284.020818,managed,30.0,30.0,35.024,False,200,
1787722284.0541513,managed,30.0,30.0,32.743,False,200,
1787722284.0874846,managed,30.0,30.0,32.552,False,200,
1787722284.120818,managed,30.0,30.0,44.002,False,200,
1787722284.1541514,managed,30.0,30.0,37.323,False,200,
1787722284.1874847,managed,30.0,30.0,40.425,False,200,
1787722284.220818,managed,30.0,30.0,41.407,False,200,
1787722284.2541513,managed,30.0,30.0,35.206,False,200,
1787722284.2874846,managed,30.0,30.0,32.984,False,200,
1787722284.320818,managed,30.0,30.0,39.481,False,200,
1787722284.3541512,managed,30.0,30.0,34.808,False,200,
1787722284.3874846,managed,30.0,30.0,34.255,False,200,
1787722284.420818,managed,30.0,30.0,36.476,False,200,
1787722284.4541514,managed,30.0,30.0,35.181,False,200,
1787722284.4874847,managed,30.0,30.0,33.716,False,200,
1787722284.520818,managed,30.0,30.0,28.289,False,200,
1787722284.5541513,managed,30.0,30.0,32.881,False,200,
1787722284.5874846,managed,30.0,30.0,34.4,False,200,
1787722284.620818,managed,30.0,30.0,46.318,False,200,
1787722284.6541514,managed,30.0,30.0,40.343,False,200,
1787722284.6874847,managed,30.0,30.0,33.275,False,200,
1787722284.720818,managed,30.0,30.0,32.023,False,200,
1787722284.7541513,managed,30.0,30.0,32.729,False,200,
1787722284.7874846,managed,30.0,30.0,36.71,False,200,
1787722284.820818,managed,30.0,30.0,34.076,False,200,
1787722284.8541512,managed,30.0,30.0,32.577,False,200,
1787722284.8874846,managed,30.0,30.0,40.84,False,200,
1787722284.920818,managed,30.0,30.0,34.582,False,200,
1787722284.9541514,managed,30.0,30.0,34.239,False,200,
1787722284.9874847,managed,30.0,30.0,30.668,False,200,
1787722285.020818,managed,30.0,30.0,33.037,False,200,
1787722285.0541513,managed,30.0,30.0,32.126,False,200,
1787722285.0874846,managed,30.0,30.0,38.759,False,200,
1787722285.120818,managed,30.0,30.0,30.291,False,200,
1787722285.1541514,managed,30.0,30.0,27.992,False,200,
1787722285.1874847,managed,30.0,30.0,46.283,False,200,
1787722285.220818,managed,30.0,30.0,36.438,False,200,
1787722285.2541513,managed,30.0,30.0,32.403,False,200,
1787722285.2874846,managed,30.0,30.0,38.632,False,200,
1787722285.320818,managed,30.0,30.0,35.74,False,200,
1787722285.3541512,managed,30.0,30.0,34.942,False,200,
1787722285.3874846,managed,30.0,30.0,30.745,False,200,
1787722285.420818,managed,30.0,30.0,30.191,False,200,
1787722285.4541514,managed,30.0,30.0,41.739,False,200,
1787722285.4874847,managed,30.0,30.0,27.012,False,200,
1787722285.520818,managed,30.0,30.0,31.915,False,200,
1787722285.5541513,managed,30.0,30.0,41.423,False,200,
1787722285.5874846,managed,30.0,30.0,37.875,False,200,
1787722285.620818,managed,30.0,30.0,32.016,False,200,
1787722285.6541514,managed,30.0,30.0,37.884,False,200,
1787722285.6874847,managed,30.0,30.0,31.619,False,200,
1787722285.720818,managed,30.0,30.0,32.013,False,200,
1787722285.7541513,managed,30.0,30.0,31.428,False,200,
1787722285.7874846,managed,30.0,30.0,29.552,False,200,
1787722285.820818,managed,30.0,30.0,39.193,False,200,
1787722285.8541512,managed,30.0,30.0,31.455,False,200,
1787722285.8874846,managed,30.0,30.0,41.663,False,200,
1787722285.920818,managed,30.0,30.0,31.275,False,200,
1787722285.9541514,managed,30.0,30.0,41.915,False,200,
1787722285.9874847,managed,30.0,30.0,40.365,False,200,
1787722286.020818,managed,30.0,30.0,36.913,False,200,
1787722286.0541513,managed,30.0,30.0,37.462,False,200,
1787722286.0874846,managed,30.0,30.0,29.83,False,200,
1787722286.120818,managed,30.0,30.0,39.793,False,200,
1787722286.1541514,managed,30.0,30.0,34.4,False,200,
1787722286.1874847,managed,30.0,30.0,28.341,False,200,
1787722286.220818,managed,30.0,30.0,45.427,False,200,
1787722286.2541513,managed,30.0,30.0,47.316,False,200,
1787722286.2874846,managed,30.0,30.0,28.77,False,200,
1787722286.320818,managed,30.0,30.0,40.8,False,200,
1787722286.3541512,managed,30.0,30.0,30.909,False,200,
1787722286.3874846,managed,30.0,30.0,35.093,False,200,
1787722286.420818,managed,30.0,30.0,28.471,False,200,
1787722286.4541514,managed,30.0,30.0,29.899,False,200,
1787722286.4874847,managed,30.0,30.0,29.352,False,200,
1787722286.520818,managed,30.0,30.0,35.308,False,200,
1787722286.5541513,managed,30.0,30.0,34.596,False,200,
1787722286.5874846,managed,30.0,30.0,31.944,False,200,
1787722286.620818,managed,30.0,30.0,45.822,False,200,
1787722286.6541514,managed,30.0,30.0,30.53,False,200,
1787722286.6874847,managed,30.0,30.0,38.51,False,200,
1787722286.720818,managed,30.0,30.0,37.243,False,200,
1787722286.7541513,managed,30.0,30.0,31.298,False,200,
1787722286.7874846,managed,30.0,30.0,41.832,False,200,
1787722286.820818,managed,30.0,30.0,32.408,False,200,
1787722286.8541512,managed,30.0,30.0,34.541,False,200,
1787722286.8874846,managed,30.0,30.0,43.908,False,200,
1787722286.920818,managed,30.0,30.0,36.975,False,200,
1787722286.9541514,managed,30.0,30.0,35.206,False,200,
1787722286.9874847,managed,30.0,30.0,32.635,False,200,
1787722287.020818,managed,30.0,30.0,28.01,False,200,
1787722287.0541513,managed,30.0,30.0,36.98,False,200,
1787722287.0874846,managed,30.0,30.0,29.845,False,200,
1787722287.120818,managed,30.0,30.0,47.2,False,200,
1787722287.1541514,managed,30.0,30.0,37.976,False,200,
1787722287.1874847,managed,30.0,30.0,38.604,False,200,
1787722287.220818,managed,30.0,30.0,30.416,False,200,
1787722287.2541513,managed,30.0,30.0,40.926,False,200,
1787722287.2874846,managed,30.0,30.0,25.784,False,200,
1787722287.320818,managed,30.0,30.0,27.611,False,200,
1787722287.3541512,managed,30.0,30.0,34.208,False,200,
1787722287.3874846,managed,30.0,30.0,35.833,False,200,
1787722287.420818,managed,30.0,30.0,36.728,False,200,
1787722287.4541514,managed,30.0,30.0,40.892,False,200,
1787722287.4874847,managed,30.0,30.0,40.059,False,200,
1787722287.520818,managed,30.0,30.0,32.103,False,200,
1787722287.5541513,managed,30.0,30.0,45.356,False,200,
1787722287.5874846,managed,30.0,30.0,39.563,False,200,
1787722287.620818,managed,30.0,30.0,38.111,False,200,
1787722287.6541514,managed,30.0,30.0,34.322,False,200,
1787722287.6874847,managed,30.0,30.0,38.507,False,200,
1787722287.720818,managed,30.0,30.0,34.238,False,200,
1787722287.7541513,managed,30.0,30.0,32.938,False,200,
1787722287.7874846,managed,30.0,30.0,36.968,False,200,
1787722287.820818,managed,30.0,30.0,31.31,False,200,
1787722287.8541512,managed,30.0,30.0,36.14,False,200,
1787722287.8874846,managed,30.0,30.0,35.673,False,200,
1787722287.920818,managed,30.0,30.0,28.986,False,200,
1787722287.9541514,managed,30.0,30.0,40.711,False,200,
1787722287.9874847,managed,30.0,30.0,37.02,False,200,
1787722288.020818,managed,30.0,30.0,30.047,False,200,
1787722288.0541513,managed,30.0,30.0,35.063,False,200,
1787722288.0874846,managed,30.0,30.0,28.704,False,200,
1787722288.120818,managed,30.0,30.0,37.57,False,200,
1787722288.1541514,managed,30.0,30.0,39.764,False,200,
1787722288.1874847,managed,30.0,30.0,40.733,False,200,
1787722288.220818,managed,30.0,30.0,28.872,False,200,
1787722288.2541513,managed,30.0,30.0,30.374,False,200,
1787722288.2874846,managed,30.0,30.0,42.44,False,200,
1787722288.320818,managed,30.0,30.0,38.073,False,200,
1787722288.3541512,managed,30.0,30.0,37.814,False,200,
1787722288.3874846,managed,30.0,30.0,44.015,False,200,
1787722288.420818,managed,30.0,30.0,32.296,False,200,
1787722288.4541514,managed,30.0,30.0,39.036,False,200,
1787722288.4874847,managed,30.0,30.0,33.011,False,200,
1787722288.520818,managed,30.0,30.0,44.33,False,200,
1787722288.5541513,managed,30.0,30.0,30.897,False,200,
1787722288.5874846,managed,30.0,30.0,43.35,False,200,
1787722288.620818,managed,30.0,30.0,29.831,False,200,
1787722288.6541514,managed,30.0,30.0,30.592,False,200,
1787722288.6874847,managed,30.0,30.0,34.226,False,200,
1787722288.720818,managed,30.0,30.0,27.128,False,200,
1787722288.7541513,managed,30.0,30.0,37.832,False,200,
1787722288.7874846,managed,30.0,30.0,40.601,False,200,
1787722288.820818,managed,30.0,30.0,33.637,False,200,
1787722288.8541512,managed,30.0,30.0,41.616,False,200,
1787722288.8874846,managed,30.0,30.0,37.421,False,200,
1787722288.920818,managed,30.0,30.0,28.988,False,200,
1787722288.9541514,managed,30.0,30.0,33.592,False,200,
1787722288.9874847,managed,30.0,30.0,37.941,False,200,
1787722289.020818,managed,30.0,30.0,35.345,False,200,
1787722289.0541513,managed,30.0,30.0,38.33,False,200,
1787722289.0874846,managed,30.0,30.0,39.221,False,200,
1787722289.120818,managed,30.0,30.0,33.891,False,200,
1787722289.1541514,managed,30.0,30.0,33.946,False,200,
1787722289.1874847,managed,30.0,30.0,25.958,False,200,
1787722289.220818,managed,30.0,30.0,33.291,False,200,
1787722289.2541513,managed,30.0,30.0,34.342,False,200,
1787722289.2874846,managed,30.0,30.0,35.362,False,200,
1787722289.320818,managed,30.0,30.0,40.37,False,200,
1787722289.3541512,managed,30.0,30.0,38.55,False,200,
1787722289.3874846,managed,30.0,30.0,39.592,False,200,
1787722289.420818,managed,30.0,30.0,32.165,False,200,
1787722289.4541514,managed,30.0,30.0,31.806,False,200,
1787722289.4874847,managed,30.0,30.0,33.139,False,200,
1787722289.520818,managed,30.0,30.0,36.554,False,200,
1787722289.5541513,managed,30.0,30.0,35.04,False,200,
1787722289.5874846,managed,30.0,30.0,45.313,False,200,
1787722289.620818,managed,30.0,30.0,40.978,False,200,
1787722289.6541514,managed,30.0,30.0,42.963,False,200,
1787722289.6874847,managed,30.0,30.0,33.977,False,200,
1787722289.720818,managed,30.0,30.0,37.728,False,200,
1787722289.7541513,managed,30.0,30.0,25.803,False,200,
1787722289.7874846,managed,30.0,30.0,33.317,False,200,
1787722289.820818,managed,30.0,30.0,41.209,False,200,
1787722289.8541512,managed,30.0,30.0,28.059,False,200,
1787722289.8874846,managed,30.0,30.0,39.313,False,200,
1787722289.920818,managed,30.0,30.0,40.663,False,200,
1787722289.9541514,managed,30.0,30.0,30.403,False,200,
1787722289.9874847,managed,30.0,30.0,30.636,False,200,
1787722290.020818,managed,30.0,30.0,33.182,False,200,
1787722290.0541513,managed,30.0,30.0,31.506,False,200,
1787722290.0874846,managed,30.0,30.0,43.141,False,200,
1787722290.120818,managed,30.0,30.0,36.672,False,200,
1787722290.1541514,managed,30.0,30.0,34.885,False,200,
1787722290.1874847,managed,30.0,30.0,45.362,False,200,
1787722290.220818,managed,30.0,30.0,37.084,False,200,
1787722290.2541513,managed,30.0,30.0,30.521,False,200,
1787722290.2874846,managed,30.0,30.0,34.908,False,200,
1787722290.320818,managed,30.0,30.0,47.837,False,200,
1787722290.3541512,managed,30.0,30.0,32.191,False,200,
1787722290.3874846,managed,30.0,30.0,34.07,False,200,
1787722290.420818,managed,30.0,30.0,35.325,False,200,
1787722290.4541514,managed,30.0,30.0,37.671,False,200,
1787722290.4874847,managed,30.0,30.0,28.641,False,200,
1787722290.520818,managed,30.0,30.0,39.255,False,200,
1787722290.5541513,managed,30.0,30.0,37.262,False,200,
1787722290.5874846,managed,30.0,30.0,32.758,False,200,
1787722290.620818,managed,30.0,30.0,34.129,False,200,
1787722290.6541514,managed,30.0,30.0,37.084,False,200,
1787722290.6874847,managed,30.0,30.0,27.379,False,200,
1787722290.720818,managed,30.0,30.0,28.336,False,200,
1787722290.7541513,managed,30.0,30.0,33.489,False,200,
1787722290.7874846,managed,30.0,30.0,36.459,False,200,
1787722290.820818,managed,30.0,30.0,47.225,False,200,
1787722290.8541512,managed,30.0,30.0,35.418,False,200,
1787722290.8874846,managed,30.0,30.0,40.263,False,200,
1787722290.920818,managed,30.0,30.0,36.637,False,200,
1787722290.9541514,managed,30.0,30.0,40.319,False,200,
1787722290.9874847,managed,30.0,30.0,33.743,False,200,
1787722291.020818,managed,30.0,30.0,35.46,False,200,
1787722291.0541513,managed,30.0,30.0,31.533,False,200,
1787722291.0874846,managed,30.0,30.0,34.411,False,200,
1787722291.120818,managed,30.0,30.0,37.325,False,200,
1787722291.1541514,managed,30.0,30.0,35.048,False,200,
1787722291.1874847,managed,30.0,30.0,37.892,False,200,
1787722291.220818,managed,30.0,30.0,41.22,False,200,
1787722291.2541513,managed,30.0,30.0,36.127,False,200,
1787722291.2874846,managed,30.0,30.0,33.862,False,200,
1787722291.320818,managed,30.0,30.0,31.025,False,200,
1787722291.3541512,managed,30.0,30.0,36.081,False,200,
1787722291.3874846,managed,30.0,30.0,34.64,False,200,
1787722291.420818,managed,30.0,30.0,40.088,False,200,
1787722291.4541514,managed,30.0,30.0,35.169,False,200,
1787722291.4874847,managed,30.0,30.0,42.209,False,200,
1787722291.520818,managed,30.0,30.0,34.355,False,200,
1787722291.5541513,managed,30.0,30.0,37.428,False,200,
1787722291.5874846,managed,30.0,30.0,29.601,False,200,
1787722291.620818,managed,30.0,30.0,39.318,False,200,
1787722291.6541514,managed,30.0,30.0,38.233,False,200,
1787722291.6874847,managed,30.0,30.0,32.335,False,200,
1787722291.720818,managed,30.0,30.0,46.56,False,200,
1787722291.7541513,managed,30.0,30.0,34.835,False,200,
1787722291.7874846,managed,30.0,30.0,37.764,False,200,
1787722291.820818,managed,30.0,30.0,36.481,False,200,
1787722291.8541512,managed,30.0,30.0,33.138,False,200,
1787722291.8874846,managed,30.0,30.0,42.687,False,200,
1787722291.920818,managed,30.0,30.0,39.181,False,200,
1787722291.9541514,managed,30.0,30.0,29.653,False,200,
1787722291.9874847,managed,30.0,30.0,38.141,False,200,
1787722292.020818,managed,30.0,30.0,34.693,False,200,
1787722292.0541513,managed,30.0,30.0,43.43,False,200,
1787722292.0874846,managed,30.0,30.0,39.352,False,200,
1787722292.120818,managed,30.0,30.0,28.428,False,200,
1787722292.1541514,managed,30.0,30.0,36.584,False,200,
1787722292.1874847,managed,30.0,30.0,27.293,False,200,
1787722292.220818,managed,30.0,30.0,36.016,False,200,
1787722292.2541513,managed,30.0,30.0,34.239,False,200,
1787722292.2874846,managed,30.0,30.0,33.953,False,200,
1787722292.320818,managed,30.0,30.0,33.222,False,200,
1787722292.3541512,managed,30.0,30.0,37.689,False,200,
1787722292.3874846,managed,30.0,30.0,40.169,False,200,
1787722292.420818,managed,30.0,30.0,35.387,False,200,
1787722292.4541514,managed,30.0,30.0,38.451,False,200,
1787722292.4874847,managed,30.0,30.0,41.665,False,200,
1787722292.520818,managed,30.0,30.0,33.026,False,200,
1787722292.5541513,managed,30.0,30.0,27.645,False,200,
1787722292.5874846,managed,30.0,30.0,30.672,False,200,
1787722292.620818,managed,30.0,30.0,41.799,False,200,
1787722292.6541514,managed,30.0,30.0,38.581,False,200,
1787722292.6874847,managed,30.0,30.0,41.579,False,200,
1787722292.720818,managed,30.0,30.0,40.829,False,200,
1787722292.7541513,managed,30.0,30.0,43.17,False,200,
1787722292.7874846,managed,30.0,30.0,32.464,False,200,
1787722292.820818,managed,30.0,30.0,30.722,False,200,
1787722292.8541512,managed,30.0,30.0,36.631,False,200,
1787722292.8874846,managed,30.0,30.0,38.435,False,200,
1787722292.920818,managed,30.0,30.0,25.347,False,200,
1787722292.9541514,managed,30.0,30.0,35.859,False,200,
1787722292.9874847,managed,30.0,30.0,34.976,False,200,
1787722293.020818,managed,30.0,30.0,30.233,False,200,
1787722293.0541513,managed,30.0,30.0,33.254,False,200,
1787722293.0874846,managed,30.0,30.0,38.925,False,200,
1787722293.120818,managed,30.0,30.0,32.921,False,200,
1787722293.1541514,managed,30.0,30.0,26.907,False,200,
1787722293.1874847,managed,30.0,30.0,29.181,False,200,
1787722293.220818,managed,30.0,30.0,31.665,False,200,
1787722293.2541513,managed,30.0,30.0,30.101,False,200,
1787722293.2874846,managed,30.0,30.0,31.624,False,200,
1787722293.320818,managed,30.0,30.0,35.256,False,200,
1787722293.3541512,managed,30.0,30.0,42.311,False,200,
1787722293.3874846,managed,30.0,30.0,33.801,False,200,
1787722293.420818,managed,30.0,30.0,31.91,False,200,
1787722293.4541514,managed,30.0,30.0,50.429,False,200,
1787722293.4874847,managed,30.0,30.0,42.106,False,200,
1787722293.520818,managed,30.0,30.0,36.005,False,200,
1787722293.5541513,managed,30.0,30.0,36.511,False,200,
1787722293.5874846,managed,30.0,30.0,37.466,False,200,
1787722293.620818,managed,30.0,30.0,35.537,False,200,
1787722293.6541514,managed,30.0,30.0,32.033,False,200,
1787722293.6874847,managed,30.0,30.0,36.488,False,200,
1787722293.720818,managed,30.0,30.0,34.215,False,200,
1787722293.7541513,managed,30.0,30.0,42.216,False,200,
1787722293.7874846,managed,30.0,30.0,42.527,False,200,
1787722293.820818,managed,30.0,30.0,43.515,False,200,
1787722293.8541512,managed,30.0,30.0,32.766,False,200,
1787722293.8874846,managed,30.0,30.0,32.227,False,200,
1787722293.920818,managed,30.0,30.0,30.455,False,200,
1787722293.9541514,managed,30.0,30.0,41.654,False,200,
1787722293.9874847,managed,30.0,30.0,37.796,False,200,
1787722294.020818,managed,30.0,30.0,30.241,False,200,
1787722294.0541513,managed,30.0,30.0,37.796,False,200,
1787722294.0874846,managed,30.0,30.0,40.673,False,200,
1787722294.120818,managed,30.0,30.0,44.898,False,200,
1787722294.1541514,managed,30.0,30.0,31.789,False,200,
1787722294.1874847,managed,30.0,30.0,48.506,False,200,
1787722294.220818,managed,30.0,30.0,45.533,False,200,
1787722294.2541513,managed,30.0,30.0,27.156,False,200,
1787722294.2874846,managed,30.0,30.0,31.928,False,200,
1787722294.320818,managed,30.0,30.0,35.169,False,200,
1787722294.3541512,managed,30.0,30.0,36.213,False,200,
1787722294.3874846,managed,30.0,30.0,38.393,False,200,
1787722294.420818,managed,30.0,30.0,28.375,False,200,
1787722294.4541514,managed,30.0,30.0,31.247,False,200,
1787722294.4874847,managed,30.0,30.0,34.425,False,200,
1787722294.520818,managed,30.0,30.0,38.194,False,200,
1787722294.5541513,managed,30.0,30.0,32.401,False,200,
1787722294.5874846,managed,30.0,30.0,30.378,False,200,
1787722294.620818,managed,30.0,30.0,34.791,False,200,
1787722294.6541514,managed,30.0,30.0,23.488,False,200,
1787722294.6874847,managed,30.0,30.0,39.824,False,200,
1787722294.720818,managed,30.0,30.0,30.555,False,200,
1787722294.7541513,managed,30.0,30.0,32.457,False,200,
1787722294.7874846,managed,30.0,30.0,29.858,False,200,
1787722294.820818,managed,30.0,30.0,43.218,False,200,
1787722294.8541512,managed,30.0,30.0,41.696,False,200,
1787722294.8874846,managed,30.0,30.0,40.554,False,200,
1787722294.920818,managed,30.0,30.0,42.616,False,200,
1787722294.9541514,managed,30.0,30.0,31.52,False,200,
1787722294.9874847,managed,30.0,30.0,35.155,False,200,
1787722295.020818,managed,30.0,30.0,44.899,False,200,
1787722295.0541513,managed,30.0,30.0,41.467,False,200,
1787722295.0874846,managed,30.0,30.0,33.357,False,200,
1787722295.120818,managed,30.0,30.0,29.002,False,200,
1787722295.1541514,managed,30.0,30.0,29.101,False,200,
1787722295.1874847,managed,30.0,30.0,40.277,False,200,
1787722295.220818,managed,30.0,30.0,33.434,False,200,
1787722295.2541513,managed,30.0,30.0,40.942,False,200,
1787722295.2874846,managed,30.0,30.0,30.785,False,200,
1787722295.320818,managed,30.0,30.0,35.226,False,200,
1787722295.3541512,managed,30.0,30.0,37.643,False,200,
1787722295.3874846,managed,30.0,30.0,31.818,False,200,
1787722295.420818,managed,30.0,30.0,32.145,False,200,
1787722295.4541514,managed,30.0,30.0,37.491,False,200,
1787722295.4874847,managed,30.0,30.0,45.509,False,200,
1787722295.520818,managed,30.0,30.0,36.81,False,200,
1787722295.5541513,managed,30.0,30.0,43.374,False,200,
1787722295.5874846,managed,30.0,30.0,32.047,False,200,
1787722295.620818,managed,30.0,30.0,35.953,False,200,
1787722295.6541514,managed,30.0,30.0,36.19,False,200,
1787722295.6874847,managed,30.0,30.0,33.734,False,200,
1787722295.720818,managed,30.0,30.0,28.142,False,200,
1787722295.7541513,managed,30.0,30.0,37.967,False,200,
1787722295.7874846,managed,30.0,30.0,28.554,False,200,
1787722295.820818,managed,30.0,30.0,26.653,False,200,
1787722295.8541512,managed,30.0,30.0,25.454,False,200,
1787722295.8874846,managed,30.0,30.0,41.663,False,200,
1787722295.920818,managed,30.0,30.0,36.648,False,200,
1787722295.9541514,managed,30.0,30.0,28.011,False,200,
1787722295.9874847,managed,30.0,30.0,45.752,False,200,
1787722296.020818,managed,30.0,30.0,36.214,False,200,
1787722296.0541513,managed,30.0,30.0,44.266,False,200,
1787722296.0874846,managed,30.0,30.0,37.221,False,200,
1787722296.120818,managed,30.0,30.0,36.171,False,200,
1787722296.1541514,managed,30.0,30.0,40.284,False,200,
1787722296.1874847,managed,30.0,30.0,42.873,False,200,
1787722296.220818,managed,30.0,30.0,36.613,False,200,
1787722296.2541513,managed,30.0,30.0,30.647,False,200,
1787722296.2874846,managed,30.0,30.0,37.252,False,200,
1787722296.320818,managed,30.0,30.0,33.796,False,200,
1787722296.3541512,managed,30.0,30.0,42.398,False,200,
1787722296.3874846,managed,30.0,30.0,46.561,False,200,
1787722296.420818,managed,30.0,30.0,35.328,False,200,
1787722296.4541514,managed,30.0,30.0,40.912,False,200,
1787722296.4874847,managed,30.0,30.0,30.577,False,200,
1787722296.520818,managed,30.0,30.0,35.664,False,200,
1787722296.5541513,managed,30.0,30.0,35.92,False,200,
1787722296.5874846,managed,30.0,30.0,31.067,False,200,
1787722296.620818,managed,30.0,30.0,35.84,False,200,
1787722296.6541514,managed,30.0,30.0,29.806,False,200,
1787722296.6874847,managed,30.0,30.0,36.85,False,200,
1787722296.720818,managed,30.0,30.0,38.605,False,200,
1787722296.7541513,managed,30.0,30.0,31.345,False,200,
1787722296.7874846,managed,30.0,30.0,38.693,False,200,
1787722296.820818,managed,30.0,30.0,30.379,False,200,
1787722296.8541512,managed,30.0,30.0,27.388,False,200,
1787722296.8874846,managed,30.0,30.0,47.223,False,200,
1787722296.920818,managed,30.0,30.0,33.448,False,200,
1787722296.9541514,managed,30.0,30.0,44.339,False,200,
1787722296.9874847,managed,30.0,30.0,49.167,False,200,
1787722297.020818,managed,30.0,30.0,37.493,False,200,
1787722297.0541513,managed,30.0,30.0,37.763,False,200,
1787722297.0874846,managed,30.0,30.0,30.264,False,200,
1787722297.120818,managed,30.0,30.0,36.237,False,200,
1787722297.1541514,managed,30.0,30.0,30.701,False,200,
1787722297.1874847,managed,30.0,30.0,36.101,False,200,
1787722297.220818,managed,30.0,30.0,41.926,False,200,
1787722297.2541513,managed,30.0,30.0,33.89,False,200,
1787722297.2874846,managed,30.0,30.0,38.587,False,200,
1787722297.320818,managed,30.0,30.0,34.329,False,200,
1787722297.3541512,managed,30.0,30.0,36.023,False,200,
1787722297.3874846,managed,30.0,30.0,31.534,False,200,
1787722297.420818,managed,30.0,30.0,36.482,False,200,
1787722297.4541514,managed,30.0,30.0,29.877,False,200,
1787722297.4874847,managed,30.0,30.0,33.976,False,200,
1787722297.520818,managed,30.0,30.0,49.159,False,200,
1787722297.5541513,managed,30.0,30.0,44.595,False,200,
1787722297.5874846,managed,30.0,30.0,32.089,False,200,
1787722297.620818,managed,30.0,30.0,33.994,False,200,
1787722297.6541514,managed,30.0,30.0,39.363,False,200,
1787722297.6874847,managed,30.0,30.0,31.557,False,200,
1787722297.720818,managed,30.0,30.0,34.674,False,200,
1787722297.7541513,managed,30.0,30.0,34.986,False,200,
1787722297.7874846,managed,30.0,30.0,42.329,False,200,
1787722297.820818,managed,30.0,30.0,38.474,False,200,
1787722297.8541512,managed,30.0,30.0,24.986,False,200,
1787722297.8874846,managed,30.0,30.0,42.233,False,200,
1787722297.920818,managed,30.0,30.0,34.875,False,200,
1787722297.9541514,managed,30.0,30.0,48.13,False,200,
1787722297.9874847,managed,30.0,30.0,30.912,False,200,
1787722298.020818,managed,30.0,30.0,29.861,False,200,
1787722298.0541513,managed,30.0,30.0,46.976,False,200,
1787722298.0874846,managed,30.0,30.0,31.523,False,200,
1787722298.120818,managed,30.0,30.0,34.12,False,200,
1787722298.1541514,managed,30.0,30.0,37.88,False,200,
1787722298.1874847,managed,30.0,30.0,31.672,False,200,
1787722298.220818,managed,30.0,30.0,44.086,False,200,
1787722298.2541513,managed,30.0,30.0,48.716,False,200,
1787722298.2874846,managed,30.0,30.0,25.698,False,200,
1787722298.320818,managed,30.0,30.0,35.035,False,200,
1787722298.3541512,managed,30.0,30.0,37.093,False,200,
1787722298.3874846,managed,30.0,30.0,36.432,False,200,
1787722298.420818,managed,30.0,30.0,41.11,False,200,
1787722298.4541514,managed,30.0,30.0,41.235,False,200,
1787722298.4874847,managed,30.0,30.0,41.12,False,200,
1787722298.520818,managed,30.0,30.0,42.527,False,200,
1787722298.5541513,managed,30.0,30.0,36.22,False,200,
1787722298.5874846,managed,30.0,30.0,42.273,False,200,
1787722298.620818,managed,30.0,30.0,29.906,False,200,
1787722298.6541514,managed,30.0,30.0,34.68,False,200,
1787722298.6874847,managed,30.0,30.0,25.541,False,200,
1787722298.720818,managed,30.0,30.0,34.38,False,200,
1787722298.7541513,managed,30.0,30.0,33.849,False,200,
1787722298.7874846,managed,30.0,30.0,51.081,False,200,
1787722298.820818,managed,30.0,30.0,33.091,False,200,
1787722298.8541512,managed,30.0,30.0,32.232,False,200,
1787722298.8874846,managed,30.0,30.0,31.074,False,200,
1787722298.920818,managed,30.0,30.0,33.203,False,200,
1787722298.9541514,managed,30.0,30.0,38.782,False,200,
1787722298.9874847,managed,30.0,30.0,48.514,False,200,
1787722299.020818,managed,30.0,30.0,35.841,False,200,
1787722299.0541513,managed,30.0,30.0,29.222,False,200,
1787722299.0874846,managed,30.0,30.0,33.585,False,200,
1787722299.120818,managed,30.0,30.0,40.351,False,200,
1787722299.1541514,managed,30.0,30.0,38.331,False,200,
1787722299.1874847,managed,30.0,30.0,35.572,False,200,
1787722299.220818,managed,30.0,30.0,30.715,False,200,
1787722299.2541513,managed,30.0,30.0,29.923,False,200,
1787722299.2874846,managed,30.0,30.0,39.144,False,200,
1787722299.320818,managed,30.0,30.0,31.214,False,200,
1787722299.3541512,managed,30.0,30.0,36.638,False,200,
1787722299.3874846,managed,30.0,30.0,36.35,False,200,
1787722299.420818,managed,30.0,30.0,41.629,False,200,
1787722299.4541514,managed,30.0,30.0,29.949,False,200,
1787722299.4874847,managed,30.0,30.0,37.393,False,200,
1787722299.520818,managed,30.0,30.0,32.233,False,200,
1787722299.5541513,managed,30.0,30.0,29.821,False,200,
1787722299.5874846,managed,30.0,30.0,25.023,False,200,
1787722299.620818,managed,30.0,30.0,31.996,False,200,
1787722299.6541514,managed,30.0,30.0,32.62,False,200,
1787722299.6874847,managed,30.0,30.0,28.451,False,200,
1787722299.720818,managed,30.0,30.0,36.199,False,200,
1787722299.7541513,managed,30.0,30.0,32.791,False,200,
1787722299.7874846,managed,30.0,30.0,33.927,False,200,
1787722299.820818,managed,30.0,30.0,45.502,False,200,
1787722299.8541512,managed,30.0,30.0,38.448,False,200,
1787722299.8874846,managed,30.0,30.0,34.366,False,200,
1787722299.920818,managed,30.0,30.0,27.311,False,200,
1787722299.9541514,managed,30.0,30.0,25.241,False,200,
1787722299.9874847,managed,30.0,30.0,34.365,False,200,
1787722300.020818,managed,30.0,30.0,36.081,False,200,
1787722300.0541513,managed,30.0,30.0,39.618,False,200,
1787722300.0874846,managed,30.0,30.0,34.049,False,200,
1787722300.120818,managed,30.0,30.0,24.326,False,200,
1787722300.1541514,managed,30.0,30.0,33.516,False,200,
1787722300.1874847,managed,30.0,30.0,31.4,False,200,
1787722300.220818,managed,30.0,30.0,35.956,False,200,
1787722300.2541513,managed,30.0,30.0,31.167,False,200,
1787722300.2874846,managed,30.0,30.0,31.685,False,200,
1787722300.320818,managed,30.0,30.0,31.434,False,200,
1787722300.3541512,managed,30.0,30.0,30.16,False,200,
1787722300.3874846,managed,30.0,30.0,29.504,False,200,
1787722300.420818,managed,30.0,30.0,29.748,False,200,
1787722300.4541514,managed,30.0,30.0,38.774,False,200,
1787722300.4874847,managed,30.0,30.0,42.101,False,200,
1787722300.520818,managed,30.0,30.0,34.735,False,200,
1787722300.5541513,managed,30.0,30.0,40.612,False,200,
1787722300.5874846,managed,30.0,30.0,36.371,False,200,
1787722300.620818,managed,30.0,30.0,28.772,False,200,
1787722300.6541514,managed,30.0,30.0,45.258,False,200,
1787722300.6874847,managed,30.0,30.0,47.787,False,200,
1787722300.720818,managed,30.0,30.0,31.807,False,200,
1787722300.7541513,managed,30.0,30.0,31.441,False,200,
1787722300.7874846,managed,30.0,30.0,31.255,False,200,
1787722300.820818,managed,30.0,30.0,31.748,False,200,
1787722300.8541512,managed,30.0,30.0,31.449,False,200,
1787722300.8874846,managed,30.0,30.0,33.315,False,200,
1787722300.920818,managed,30.0,30.0,31.642,False,200,
1787722300.9541514,managed,30.0,30.0,37.133,False,200,
1787722300.9874847,managed,30.0,30.0,31.025,False,200,
1787722301.020818,managed,30.0,30.0,39.901,False,200,
1787722301.0541513,managed,30.0,30.0,30.066,False,200,
1787722301.0874846,managed,30.0,30.0,47.423,False,200,
1787722301.120818,managed,30.0,30.0,37.711,False,200,
1787722301.1541514,managed,30.0,30.0,27.261,False,200,
1787722301.1874847,managed,30.0,30.0,26.219,False,200,
1787722301.220818,managed,30.0,30.0,39.147,False,200,
1787722301.2541513,managed,30.0,30.0,35.102,False,200,
1787722301.2874846,managed,30.0,30.0,29.527,False,200,
1787722301.320818,managed,30.0,30.0,34.314,False,200,
1787722301.3541512,managed,30.0,30.0,37.634,False,200,
1787722301.3874846,managed,30.0,30.0,37.389,False,200,
1787722301.420818,managed,30.0,30.0,37.218,False,200,
1787722301.4541514,managed,30.0,30.0,41.33,False,200,
1787722301.4874847,managed,30.0,30.0,36.261,False,200,
1787722301.520818,managed,30.0,30.0,42.174,False,200,
1787722301.5541513,managed,30.0,30.0,30.164,False,200,
1787722301.5874846,managed,30.0,30.0,44.564,False,200,
1787722301.620818,managed,30.0,30.0,36.284,False,200,
1787722301.6541514,managed,30.0,30.0,50.987,False,200,
1787722301.6874847,managed,30.0,30.0,34.731,False,200,
1787722301.720818,managed,30.0,30.0,31.804,False,200,
1787722301.7541513,managed,30.0,30.0,50.615,False,200,
1787722301.7874846,managed,30.0,30.0,38.444,False,200,
1787722301.820818,managed,30.0,30.0,38.507,False,200,
1787722301.8541512,managed,30.0,30.0,25.478,False,200,
1787722301.8874846,managed,30.0,30.0,48.418,False,200,
1787722301.920818,managed,30.0,30.0,42.584,False,200,
1787722301.9541514,managed,30.0,30.0,31.066,False,200,
1787722301.9874847,managed,30.0,30.0,33.719,False,200,
1787722302.020818,managed,30.0,30.0,37.166,False,200,
1787722302.0541513,managed,30.0,30.0,27.558,False,200,
1787722302.0874846,managed,30.0,30.0,48.999,False,200,
1787722302.120818,managed,30.0,30.0,36.038,False,200,
1787722302.1541514,managed,30.0,30.0,32.371,False,200,
1787722302.1874847,managed,30.0,30.0,29.438,False,200,
1787722302.220818,managed,30.0,30.0,32.743,False,200,
1787722302.2541513,managed,30.0,30.0,32.491,False,200,
1787722302.2874846,managed,30.0,30.0,29.427,False,200,
1787722302.320818,managed,30.0,30.0,39.642,False,200,
1787722302.3541512,managed,30.0,30.0,36.179,False,200,
1787722302.3874846,managed,30.0,30.0,47.357,False,200,
1787722302.420818,managed,30.0,30.0,34.885,False,200,
1787722302.4541514,managed,30.0,30.0,41.843,False,200,
1787722302.4874847,managed,30.0,30.0,33.572,False,200,
1787722302.520818,managed,30.0,30.0,31.894,False,200,
1787722302.5541513,managed,30.0,30.0,31.945,False,200,
1787722302.5874846,managed,30.0,30.0,42.002,False,200,
1787722302.620818,managed,30.0,30.0,36.114,False,200,
1787722302.6541514,managed,30.0,30.0,39.592,False,200,
1787722302.6874847,managed,30.0,30.0,46.937,False,200,
1787722302.720818,managed,30.0,30.0,32.426,False,200,
1787722302.7541513,managed,30.0,30.0,28.83,False,200,
1787722302.7874846,managed,30.0,30.0,42.782,False,200,
1787722302.820818,managed,30.0,30.0,30.84,False,200,
1787722302.8541512,managed,30.0,30.0,35.502,False,200,
1787722302.8874846,managed,30.0,30.0,44.741,False,200,
1787722302.920818,managed,30.0,30.0,40.995,False,200,
1787722302.9541514,managed,30.0,30.0,39.258,False,200,
1787722302.9874847,managed,30.0,30.0,41.423,False,200,
1787722303.020818,managed,30.0,30.0,28.841,False,200,
1787722303.0541513,managed,30.0,30.0,38.969,False,200,
1787722303.0874846,managed,30.0,30.0,30.893,False,200,
1787722303.120818,managed,30.0,30.0,33.718,False,200,
1787722303.1541514,managed,30.0,30.0,47.992,False,200,
1787722303.1874847,managed,30.0,30.0,51.522,False,200,
1787722303.220818,managed,30.0,30.0,42.627,False,200,
1787722303.2541513,managed,30.0,30.0,40.552,False,200,
1787722303.2874846,managed,30.0,30.0,31.087,False,200,
1787722303.320818,managed,30.0,30.0,39.066,False,200,
1787722303.3541512,managed,30.0,30.0,42.472,False,200,
1787722303.3874846,managed,30.0,30.0,40.261,False,200,
1787722303.420818,managed,30.0,30.0,49.807,False,200,
1787722303.4541514,managed,30.0,30.0,34.772,False,200,
1787722303.4874847,managed,30.0,30.0,27.634,False,200,
1787722303.520818,managed,30.0,30.0,35.213,False,200,
1787722303.5541513,managed,30.0,30.0,30.58,False,200,
1787722303.5874846,managed,30.0,30.0,43.824,False,200,
1787722303.620818,managed,30.0,30.0,34.93,False,200,
1787722303.6541514,managed,30.0,30.0,38.917,False,200,
1787722303.6874847,managed,30.0,30.0,22.861,False,200,
1787722303.720818,managed,30.0,30.0,48.653,False,200,
1787722303.7541513,managed,30.0,30.0,37.235,False,200,
1787722303.7874846,managed,30.0,30.0,41.488,False,200,
1787722303.820818,managed,30.0,30.0,33.232,False,200,
1787722303.8541512,managed,30.0,30.0,36.248,False,200,
1787722303.8874846,managed,30.0,30.0,42.688,False,200,
1787722303.920818,managed,30.0,30.0,38.328,False,200,
1787722303.9541514,managed,30.0,30.0,28.91,False,200,
1787722303.9874847,managed,30.0,30.0,31.061,False,200,
1787722304.020818,managed,30.0,30.0,37.093,False,200,
1787722304.0541513,managed,30.0,30.0,38.859,False,200,
1787722304.0874846,managed,30.0,30.0,41.617,False,200,
1787722304.120818,managed,30.0,30.0,36.037,False,200,
1787722304.1541514,managed,30.0,30.0,43.058,False,200,
1787722304.1874847,managed,30.0,30.0,35.049,False,200,
1787722304.220818,managed,30.0,30.0,39.745,False,200,
1787722304.2541513,managed,30.0,30.0,32.304,False,200,
1787722304.2874846,managed,30.0,30.0,40.818,False,200,
1787722304.320818,managed,30.0,30.0,35.873,False,200,
1787722304.3541512,managed,30.0,30.0,37.267,False,200,
1787722304.3874846,managed,30.0,30.0,34.201,False,200,
1787722304.420818,managed,30.0,30.0,32.035,False,200,
1787722304.4541514,managed,30.0,30.0,36.783,False,200,
1787722304.4874847,managed,30.0,30.0,39.406,False,200,
1787722304.520818,managed,30.0,30.0,31.369,False,200,
1787722304.5541513,managed,30.0,30.0,27.389,False,200,
1787722304.5874846,managed,30.0,30.0,30.475,False,200,
1787722304.620818,managed,30.0,30.0,28.929,False,200,
1787722304.6541514,managed,30.0,30.0,29.637,False,200,
1787722304.6874847,managed,30.0,30.0,34.58,False,200,
1787722304.720818,managed,30.0,30.0,34.403,False,200,
1787722304.7541513,managed,30.0,30.0,38.072,False,200,
1787722304.7874846,managed,30.0,30.0,28.79,False,200,
1787722304.820818,managed,30.0,30.0,41.343,False,200,
1787722304.8541512,managed,30.0,30.0,25.038,False,200,
1787722304.8874846,managed,30.0,30.0,34.651,False,200,
1787722304.920818,managed,30.0,30.0,41.146,False,200,
1787722304.9541514,managed,30.0,30.0,35.083,False,200,
1787722304.9874847,managed,30.0,30.0,33.217,False,200,
1787722305.020818,managed,30.0,30.0,41.534,False,200,
1787722305.0541513,managed,30.0,30.0,32.868,False,200,
1787722305.0874846,managed,30.0,30.0,34.058,False,200,
1787722305.120818,managed,30.0,30.0,34.618,False,200,
1787722305.1541514,managed,30.0,30.0,31.276,False,200,
1787722305.1874847,managed,30.0,30.0,31.884,False,200,
1787722305.220818,managed,30.0,30.0,33.185,False,200,
1787722305.2541513,managed,30.0,30.0,34.669,False,200,
1787722305.2874846,managed,30.0,30.0,33.82,False,200,
1787722305.320818,managed,30.0,30.0,34.806,False,200,
1787722305.3541512,managed,30.0,30.0,33.532,False,200,
1787722305.3874846,managed,30.0,30.0,33.916,False,200,
1787722305.420818,managed,30.0,30.0,37.882,False,200,
1787722305.4541514,managed,30.0,30.0,40.054,False,200,
1787722305.4874847,managed,30.0,30.0,36.483,False,200,
1787722305.520818,managed,30.0,30.0,46.944,False,200,
1787722305.5541513,managed,30.0,30.0,47.061,False,200,
1787722305.5874846,managed,30.0,30.0,31.654,False,200,
1787722305.620818,managed,30.0,30.0,30.052,False,200,
1787722305.6541514,managed,30.0,30.0,44.031,False,200,
1787722305.6874847,managed,30.0,30.0,49.289,False,200,
1787722305.720818,managed,30.0,30.0,34.657,False,200,
1787722305.7541513,managed,30.0,30.0,38.958,False,200,
1787722305.7874846,managed,30.0,30.0,34.472,False,200,
1787722305.820818,managed,30.0,30.0,31.688,False,200,
1787722305.8541512,managed,30.0,30.0,35.593,False,200,
1787722305.8874846,managed,30.0,30.0,31.852,False,200,
1787722305.920818,managed,30.0,30.0,24.767,False,200,
1787722305.9541514,managed,30.0,30.0,31.943,False,200,
1787722305.9874847,managed,30.0,30.0,28.505,False,200,
1787722306.020818,managed,30.0,30.0,31.023,False,200,
1787722306.0541513,managed,30.0,30.0,40.085,False,200,
1787722306.0874846,managed,30.0,30.0,41.613,False,200,
1787722306.120818,managed,30.0,30.0,31.963,False,200,
1787722306.1541514,managed,30.0,30.0,26.725,False,200,
1787722306.1874847,managed,30.0,30.0,43.263,False,200,
1787722306.220818,managed,30.0,30.0,26.386,False,200,
1787722306.2541513,managed,30.0,30.0,30.743,False,200,
1787722306.2874846,managed,30.0,30.0,37.64,False,200,
1787722306.320818,managed,30.0,30.0,45.239,False,200,
1787722306.3541512,managed,30.0,30.0,36.147,False,200,
1787722306.3874846,managed,30.0,30.0,32.908,False,200,
1787722306.420818,managed,30.0,30.0,36.502,False,200,
1787722306.4541514,managed,30.0,30.0,34.434,False,200,
1787722306.4874847,managed,30.0,30.0,35.29,False,200,
1787722306.520818,managed,30.0,30.0,37.487,False,200,
1787722306.5541513,managed,30.0,30.0,28.345,False,200,
1787722306.5874846,managed,30.0,30.0,28.852,False,200,
1787722306.620818,managed,30.0,30.0,34.287,False,200,
1787722306.6541514,managed,30.0,30.0,29.269,False,200,
1787722306.6874847,managed,30.0,30.0,30.319,False,200,
1787722306.720818,managed,30.0,30.0,34.535,False,200,
1787722306.7541513,managed,30.0,30.0,39.024,False,200,
1787722306.7874846,managed,30.0,30.0,37.937,False,200,
1787722306.820818,managed,30.0,30.0,34.671,False,200,
1787722306.8541512,managed,30.0,30.0,25.199,False,200,
1787722306.8874846,managed,30.0,30.0,44.426,False,200,
1787722306.920818,managed,30.0,30.0,27.138,False,200,
1787722306.9541514,managed,30.0,30.0,47.704,False,200,
1787722306.9874847,managed,30.0,30.0,36.145,False,200,
1787722307.020818,managed,30.0,30.0,46.062,False,200,
1787722307.0541513,managed,30.0,30.0,47.087,False,200,
1787722307.0874846,managed,30.0,30.0,47.051,False,200,
1787722307.120818,managed,30.0,30.0,35.718,False,200,
1787722307.1541514,managed,30.0,30.0,35.073,False,200,
1787722307.1874847,managed,30.0,30.0,33.48,False,200,
1787722307.220818,managed,30.0,30.0,45.004,False,200,
1787722307.2541513,managed,30.0,30.0,34.776,False,200,
1787722307.2874846,managed,30.0,30.0,45.63,False,200,
1787722307.320818,managed,30.0,30.0,31.349,False,200,
1787722307.3541512,managed,30.0,30.0,31.476,False,200,
1787722307.3874846,managed,30.0,30.0,35.738,False,200,
1787722307.420818,managed,30.0,30.0,53.977,False,200,
1787722307.4541514,managed,30.0,30.0,42.418,False,200,
1787722307.4874847,managed,30.0,30.0,30.53,False,200,
1787722307.520818,managed,30.0,30.0,28.278,False,200,
1787722307.5541513,managed,30.0,30.0,36.58,False,200,
1787722307.5874846,managed,30.0,30.0,34.859,False,200,
1787722307.620818,managed,30.0,30.0,43.229,False,200,
1787722307.6541514,managed,30.0,30.0,37.417,False,200,
1787722307.6874847,managed,30.0,30.0,35.369,False,200,
1787722307.720818,managed,30.0,30.0,23.932,False,200,
1787722307.7541513,managed,30.0,30.0,35.154,False,200,
1787722307.7874846,managed,30.0,30.0,23.765,False,200,
1787722307.820818,managed,30.0,30.0,36.096,False,200,
1787722307.8541512,managed,30.0,30.0,37.412,False,200,
1787722307.8874846,managed,30.0,30.0,32.983,False,200,
1787722307.920818,managed,30.0,30.0,41.239,False,200,
1787722307.9541514,managed,30.0,30.0,29.207,False,200,
1787722307.9874847,managed,30.0,30.0,37.339,False,200,
1787722308.020818,managed,30.0,30.0,34.085,False,200,
1787722308.0541513,managed,30.0,30.0,35.806,False,200,
1787722308.0874846,managed,30.0,30.0,33.767,False,200,
1787722308.120818,managed,30.0,30.0,38.682,False,200,
1787722308.1541514,managed,30.0,30.0,33.28,False,200,
1787722308.1874847,managed,30.0,30.0,32.765,False,200,
1787722308.220818,managed,30.0,30.0,38.84,False,200,
1787722308.2541513,managed,30.0,30.0,27.288,False,200,
1787722308.2874846,managed,30.0,30.0,39.796,False,200,
1787722308.320818,managed,30.0,30.0,32.839,False,200,
1787722308.3541512,managed,30.0,30.0,31.442,False,200,
1787722308.3874846,managed,30.0,30.0,35.786,False,200,
1787722308.420818,managed,30.0,30.0,33.029,False,200,
1787722308.4541514,managed,30.0,30.0,34.722,False,200,
1787722308.4874847,managed,30.0,30.0,44.136,False,200,
1787722308.520818,managed,30.0,30.0,39.23,False,200,
1787722308.5541513,managed,30.0,30.0,44.66,False,200,
1787722308.5874846,managed,30.0,30.0,32.819,False,200,
1787722308.620818,managed,30.0,30.0,39.88,False,200,
1787722308.6541514,managed,30.0,30.0,35.965,False,200,
1787722308.6874847,managed,30.0,30.0,37.878,False,200,
1787722308.720818,managed,30.0,30.0,32.454,False,200,
1787722308.7541513,managed,30.0,30.0,30.595,False,200,
1787722308.7874846,managed,30.0,30.0,32.495,False,200,
1787722308.820818,managed,30.0,30.0,39.313,False,200,
1787722308.8541512,managed,30.0,30.0,36.916,False,200,
1787722308.8874846,managed,30.0,30.0,28.038,False,200,
1787722308.920818,managed,30.0,30.0,33.518,False,200,
1787722308.9541514,managed,30.0,30.0,30.18,False,200,
1787722308.9874847,managed,30.0,30.0,41.259,False,200,
1787722309.020818,managed,30.0,30.0,41.086,False,200,
1787722309.0541513,managed,30.0,30.0,34.459,False,200,
1787722309.0874846,managed,30.0,30.0,45.516,False,200,
1787722309.120818,managed,30.0,30.0,41.158,False,200,
1787722309.1541514,managed,30.0,30.0,36.273,False,200,
1787722309.1874847,managed,30.0,30.0,40.14,False,200,
1787722309.220818,managed,30.0,30.0,31.757,False,200,
1787722309.2541513,managed,30.0,30.0,36.054,False,200,
1787722309.2874846,managed,30.0,30.0,42.955,False,200,
1787722309.320818,managed,30.0,30.0,36.26,False,200,
1787722309.3541512,managed,30.0,30.0,35.873,False,200,
1787722309.3874846,managed,30.0,30.0,33.35,False,200,
1787722309.420818,managed,30.0,30.0,31.376,False,200,
1787722309.4541514,managed,30.0,30.0,38.142,False,200,
1787722309.4874847,managed,30.0,30.0,41.473,False,200,
1787722309.520818,managed,30.0,30.0,35.668,False,200,
1787722309.5541513,managed,30.0,30.0,37.622,False,200,
1787722309.5874846,managed,30.0,30.0,38.357,False,200,
1787722309.620818,managed,30.0,30.0,35.754,False,200,
1787722309.6541514,managed,30.0,30.0,26.21,False,200,
1787722309.6874847,managed,30.0,30.0,36.779,False,200,
1787722309.720818,managed,30.0,30.0,32.715,False,200,
1787722309.7541513,managed,30.0,30.0,35.526,False,200,
1787722309.7874846,managed,30.0,30.0,38.428,False,200,
1787722309.820818,managed,30.0,30.0,32.781,False,200,
1787722309.8541512,managed,30.0,30.0,34.773,False,200,
1787722309.8874846,managed,30.0,30.0,35.532,False,200,
1787722309.920818,managed,30.0,30.0,29.128,False,200,
1787722309.9541514,managed,30.0,30.0,35.97,False,200,
1787722309.9874847,managed,30.0,30.0,41.231,False,200,
1787722310.020818,managed,30.0,30.0,29.556,False,200,
1787722310.0541513,managed,30.0,30.0,39.493,False,200,
1787722310.0874846,managed,30.0,30.0,34.624,False,200,
1787722310.120818,managed,30.0,30.0,40.358,False,200,
1787722310.1541514,managed,30.0,30.0,39.313,False,200,
1787722310.1874847,managed,30.0,30.0,37.678,False,200,
1787722310.220818,managed,30.0,30.0,39.18,False,200,
1787722310.2541513,managed,30.0,30.0,34.462,False,200,
1787722310.2874846,managed,30.0,30.0,29.237,False,200,
1787722310.320818,managed,30.0,30.0,31.185,False,200,
1787722310.3541512,managed,30.0,30.0,36.568,False,200,
1787722310.3874846,managed,30.0,30.0,31.739,False,200,
1787722310.420818,managed,30.0,30.0,41.53,False,200,
1787722310.4541514,managed,30.0,30.0,26.661,False,200,
1787722310.4874847,managed,30.0,30.0,39.643,False,200,
1787722310.520818,managed,30.0,30.0,34.189,False,200,
1787722310.5541513,managed,30.0,30.0,36.913,False,200,
1787722310.5874846,managed,30.0,30.0,32.762,False,200,
1787722310.620818,managed,30.0,30.0,38.928,False,200,
1787722310.6541514,managed,30.0,30.0,33.501,False,200,
1787722310.6874847,managed,30.0,30.0,31.632,False,200,
1787722310.720818,managed,30.0,30.0,36.57,False,200,
1787722310.7541513,managed,30.0,30.0,29.622,False,200,
1787722310.7874846,managed,30.0,30.0,32.196,False,200,
1787722310.820818,managed,30.0,30.0,42.357,False,200,
1787722310.8541512,managed,30.0,30.0,31.908,False,200,
1787722310.8874846,managed,30.0,30.0,51.668,False,200,
1787722310.920818,managed,30.0,30.0,29.983,False,200,
1787722310.9541514,managed,30.0,30.0,36.158,False,200,
1787722310.9874847,managed,30.0,30.0,29.06,False,200,
1787722311.020818,managed,30.0,30.0,45.778,False,200,
1787722311.0541513,managed,30.0,30.0,34.542,False,200,
1787722311.0874846,managed,30.0,30.0,37.632,False,200,
1787722311.120818,managed,30.0,30.0,37.056,False,200,
1787722311.1541514,managed,30.0,30.0,32.855,False,200,
1787722311.1874847,managed,30.0,30.0,32.067,False,200,
1787722311.220818,managed,30.0,30.0,35.876,False,200,
1787722311.2541513,managed,30.0,30.0,35.451,False,200,
1787722311.2874846,managed,30.0,30.0,38.239,False,200,
1787722311.320818,managed,30.0,30.0,30.716,False,200,
1787722311.3541512,managed,30.0,30.0,35.441,False,200,
1787722311.3874846,managed,30.0,30.0,33.454,False,200,
1787722311.420818,managed,30.0,30.0,35.928,False,200,
1787722311.4541514,managed,30.0,30.0,41.326,False,200,
1787722311.4874847,managed,30.0,30.0,26.887,False,200,
1787722311.520818,managed,30.0,30.0,33.285,False,200,
1787722311.5541513,managed,30.0,30.0,51.249,False,200,
1787722311.5874846,managed,30.0,30.0,40.793,False,200,
1787722311.620818,managed,30.0,30.0,37.932,False,200,
1787722311.6541514,managed,30.0,30.0,45.372,False,200,
1787722311.6874847,managed,30.0,30.0,32.331,False,200,
1787722311.720818,managed,30.0,30.0,27.447,False,200,
1787722311.7541513,managed,30.0,30.0,39.691,False,200,
1787722311.7874846,managed,30.0,30.0,35.676,False,200,
1787722311.820818,managed,30.0,30.0,47.714,False,200,
1787722311.8541512,managed,30.0,30.0,30.366,False,200,
1787722311.8874846,managed,30.0,30.0,33.859,False,200,
1787722311.920818,managed,30.0,30.0,34.378,False,200,
1787722311.9541514,managed,30.0,30.0,36.103,False,200,
1787722311.9874847,managed,30.0,30.0,41.284,False,200,
1787722312.020818,managed,30.0,30.0,29.548,False,200,
1787722312.0541513,managed,30.0,30.0,30.631,False,200,
1787722312.0874846,managed,30.0,30.0,29.932,False,200,
1787722312.120818,managed,30.0,30.0,37.556,False,200,
1787722312.1541514,managed,30.0,30.0,36.293,False,200,
1787722312.1874847,managed,30.0,30.0,30.692,False,200,
1787722312.220818,managed,30.0,30.0,42.535,False,200,
1787722312.2541513,managed,30.0,30.0,35.104,False,200,
1787722312.2874846,managed,30.0,30.0,37.685,False,200,
1787722312.320818,managed,30.0,30.0,33.857,False,200,
1787722312.3541512,managed,30.0,30.0,37.645,False,200,
1787722312.3874846,managed,30.0,30.0,39.723,False,200,
1787722312.420818,managed,30.0,30.0,45.209,False,200,
1787722312.4541514,managed,30.0,30.0,36.875,False,200,
1787722312.4874847,managed,30.0,30.0,32.816,False,200,
1787722312.520818,managed,30.0,30.0,45.909,False,200,
1787722312.5541513,managed,30.0,30.0,40.859,False,200,
1787722312.5874846,managed,30.0,30.0,33.822,False,200,
1787722312.620818,managed,30.0,30.0,33.39,False,200,
1787722312.6541514,managed,30.0,30.0,31.485,False,200,
1787722312.6874847,managed,30.0,30.0,38.307,False,200,
1787722312.720818,managed,30.0,30.0,40.65,False,200,
1787722312.7541513,managed,30.0,30.0,30.455,False,200,
1787722312.7874846,managed,30.0,30.0,32.019,False,200,
1787722312.820818,managed,30.0,30.0,38.193,False,200,
1787722312.8541512,managed,30.0,30.0,34.974,False,200,
1787722312.8874846,managed,30.0,30.0,44.426,False,200,
1787722312.920818,managed,30.0,30.0,37.147,False,200,
1787722312.9541514,managed,30.0,30.0,24.926,False,200,
1787722312.9874847,managed,30.0,30.0,25.093,False,200,
1787722313.020818,managed,30.0,30.0,36.841,False,200,
1787722313.0541513,managed,30.0,30.0,30.517,False,200,
1787722313.0874846,managed,30.0,30.0,32.783,False,200,
1787722313.120818,managed,30.0,30.0,39.064,False,200,
1787722313.1541514,managed,30.0,30.0,29.768,False,200,
1787722313.1874847,managed,30.0,30.0,30.966,False,200,
1787722313.220818,managed,30.0,30.0,28.977,False,200,
1787722313.2541513,managed,30.0,30.0,34.141,False,200,
1787722313.2874846,managed,30.0,30.0,35.245,False,200,
1787722313.320818,managed,30.0,30.0,29.261,False,200,
1787722313.3541512,managed,30.0,30.0,29.046,False,200,
1787722313.3874846,managed,30.0,30.0,37.521,False,200,
1787722313.420818,managed,30.0,30.0,36.876,False,200,
1787722313.4541514,managed,30.0,30.0,28.495,False,200,
1787722313.4874847,managed,30.0,30.0,35.093,False,200,
1787722313.520818,managed,30.0,30.0,41.918,False,200,
1787722313.5541513,managed,30.0,30.0,33.689,False,200,
1787722313.5874846,managed,30.0,30.0,34.826,False,200,
1787722313.620818,managed,30.0,30.0,29.378,False,200,
1787722313.6541514,managed,30.0,30.0,38.199,False,200,
1787722313.6874847,managed,30.0,30.0,33.149,False,200,
1787722313.720818,managed,30.0,30.0,30.832,False,200,
1787722313.7541513,managed,30.0,30.0,51.178,False,200,
1787722313.7874846,managed,30.0,30.0,33.832,False,200,
1787722313.820818,managed,30.0,30.0,33.432,False,200,
1787722313.8541512,managed,30.0,30.0,37.198,False,200,
1787722313.8874846,managed,30.0,30.0,34.008,False,200,
1787722313.920818,managed,30.0,30.0,42.201,False,200,
1787722313.9541514,managed,30.0,30.0,33.191,False,200,
1787722313.9874847,managed,30.0,30.0,29.779,False,200,
1787722314.020818,managed,30.0,30.0,35.447,False,200,
1787722314.0541513,managed,30.0,30.0,40.672,False,200,
1787722314.0874846,managed,30.0,30.0,37.989,False,200,
1787722314.120818,managed,30.0,30.0,35.375,False,200,
1787722314.1541514,managed,30.0,30.0,31.995,False,200,
1787722314.1874847,managed,30.0,30.0,31.082,False,200,
1787722314.220818,managed,30.0,30.0,37.265,False,200,
1787722314.2541513,managed,30.0,30.0,37.614,False,200,
1787722314.2874846,managed,30.0,30.0,39.436,False,200,
1787722314.320818,managed,30.0,30.0,34.61,False,200,
1787722314.3541512,managed,30.0,30.0,35.18,False,200,
1787722314.3874846,managed,30.0,30.0,37.744,False,200,
1787722314.420818,managed,30.0,30.0,43.425,False,200,
1787722314.4541514,managed,30.0,30.0,40.947,False,200,
1787722314.4874847,managed,30.0,30.0,40.82,False,200,
1787722314.520818,managed,30.0,30.0,34.679,False,200,
1787722314.5541513,managed,30.0,30.0,39.962,False,200,
1787722314.5874846,managed,30.0,30.0,33.755,False,200,
1787722314.620818,managed,30.0,30.0,38.877,False,200,
1787722314.6541514,managed,30.0,30.0,35.962,False,200,
1787722314.6874847,managed,30.0,30.0,37.81,False,200,
1787722314.720818,managed,30.0,30.0,38.998,False,200,
1787722314.7541513,managed,30.0,30.0,33.266,False,200,
1787722314.7874846,managed,30.0,30.0,32.597,False,200,
1787722314.820818,managed,30.0,30.0,33.751,False,200,
1787722314.8541512,managed,30.0,30.0,37.002,False,200,
1787722314.8874846,managed,30.0,30.0,36.007,False,200,
1787722314.920818,managed,30.0,30.0,34.839,False,200,
1787722314.9541514,managed,30.0,30.0,29.419,False,200,
1787722314.9874847,managed,30.0,30.0,23.558,False,200,
1787722315.020818,managed,30.0,30.0,36.437,False,200,
1787722315.0541513,managed,30.0,30.0,26.89,False,200,
1787722315.0874846,managed,30.0,30.0,25.872,False,200,
1787722315.120818,managed,30.0,30.0,36.685,False,200,
1787722315.1541514,managed,30.0,30.0,24.124,False,200,
1787722315.1874847,managed,30.0,30.0,33.255,False,200,
1787722315.220818,managed,30.0,30.0,28.995,False,200,
1787722315.2541513,managed,30.0,30.0,40.456,False,200,
1787722315.2874846,managed,30.0,30.0,30.689,False,200,
1787722315.320818,managed,30.0,30.0,32.483,False,200,
1787722315.3541512,managed,30.0,30.0,36.471,False,200,
1787722315.3874846,managed,30.0,30.0,29.927,False,200,
1787722315.420818,managed,30.0,30.0,36.407,False,200,
1787722315.4541514,managed,30.0,30.0,37.835,False,200,
1787722315.4874847,managed,30.0,30.0,38.76,False,200,
1787722315.520818,managed,30.0,30.0,29.936,False,200,
1787722315.5541513,managed,30.0,30.0,37.101,False,200,
1787722315.5874846,managed,30.0,30.0,36.265,False,200,
1787722315.620818,managed,30.0,30.0,30.171,False,200,
1787722315.6541514,managed,30.0,30.0,40.146,False,200,
1787722315.6874847,managed,30.0,30.0,44.998,False,200,
1787722315.720818,managed,30.0,30.0,36.561,False,200,
1787722315.7541513,managed,30.0,30.0,24.273,False,200,
1787722315.7874846,managed,30.0,30.0,31.043,False,200,
1787722315.820818,managed,30.0,30.0,50.245,False,200,
1787722315.8541512,managed,30.0,30.0,25.228,False,200,
1787722315.8874846,managed,30.0,30.0,29.663,False,200,
1787722315.920818,managed,30.0,30.0,39.311,False,200,
1787722315.9541514,managed,30.0,30.0,36.966,False,200,
1787722315.9874847,managed,30.0,30.0,32.407,False,200,
1787722316.020818,managed,30.0,30.0,29.555,False,200,
1787722316.0541513,managed,30.0,30.0,38.746,False,200,
1787722316.0874846,managed,30.0,30.0,38.581,False,200,
1787722316.120818,managed,30.0,30.0,32.136,False,200,
1787722316.1541514,managed,30.0,30.0,31.543,False,200,
1787722316.1874847,managed,30.0,30.0,36.917,False,200,
1787722316.220818,managed,30.0,30.0,36.082,False,200,
1787722316.2541513,managed,30.0,30.0,37.476,False,200,
1787722316.2874846,managed,30.0,30.0,40.951,False,200,
1787722316.320818,managed,30.0,30.0,60.033,False,200,
1787722316.3541512,managed,30.0,30.0,35.733,False,200,
1787722316.3874846,managed,30.0,30.0,39.202,False,200,
1787722316.420818,managed,30.0,30.0,27.23,False,200,
1787722316.4541514,managed,30.0,30.0,33.407,False,200,
1787722316.4874847,managed,30.0,30.0,35.6,False,200,
1787722316.520818,managed,30.0,30.0,28.377,False,200,
1787722316.5541513,managed,30.0,30.0,35.612,False,200,
1787722316.5874846,managed,30.0,30.0,43.529,False,200,
1787722316.620818,managed,30.0,30.0,46.009,False,200,
1787722316.6541514,managed,30.0,30.0,40.563,False,200,
1787722316.6874847,managed,30.0,30.0,26.633,False,200,
1787722316.720818,managed,30.0,30.0,44.594,False,200,
1787722316.7541513,managed,30.0,30.0,34.814,False,200,
1787722316.7874846,managed,30.0,30.0,29.612,False,200,
1787722316.820818,managed,30.0,30.0,40.966,False,200,
1787722316.8541512,managed,30.0,30.0,44.221,False,200,
1787722316.8874846,managed,30.0,30.0,30.806,False,200,
1787722316.920818,managed,30.0,30.0,41.597,False,200,
1787722316.9541514,managed,30.0,30.0,37.412,False,200,
1787722316.9874847,managed,30.0,30.0,31.034,False,200,
1787722317.020818,managed,30.0,30.0,35.627,False,200,
1787722317.0541513,managed,30.0,30.0,38.605,False,200,
1787722317.0874846,managed,30.0,30.0,39.765,False,200,
1787722317.120818,managed,30.0,30.0,38.632,False,200,
1787722317.1541514,managed,30.0,30.0,36.398,False,200,
1787722317.1874847,managed,30.0,30.0,36.825,False,200,
1787722317.220818,managed,30.0,30.0,44.555,False,200,
1787722317.2541513,managed,30.0,30.0,34.948,False,200,
1787722317.2874846,managed,30.0,30.0,33.196,False,200,
1787722317.320818,managed,30.0,30.0,39.567,False,200,
1787722317.3541512,managed,30.0,30.0,29.828,False,200,
1787722317.3874846,managed,30.0,30.0,37.019,False,200,
1787722317.420818,managed,30.0,30.0,35.851,False,200,
1787722317.4541514,managed,30.0,30.0,37.305,False,200,
1787722317.4874847,managed,30.0,30.0,42.902,False,200,
1787722317.520818,managed,30.0,30.0,37.304,False,200,
1787722317.5541513,managed,30.0,30.0,44.696,False,200,
1787722317.5874846,managed,30.0,30.0,27.977,False,200,
1787722317.620818,managed,30.0,30.0,44.724,False,200,
1787722317.6541514,managed,30.0,30.0,39.711,False,200,
1787722317.6874847,managed,30.0,30.0,34.15,False,200,
1787722317.720818,managed,30.0,30.0,44.882,False,200,
1787722317.7541513,managed,30.0,30.0,33.56,False,200,
1787722317.7874846,managed,30.0,30.0,32.33,False,200,
1787722317.820818,managed,30.0,30.0,31.621,False,200,
1787722317.8541512,managed,30.0,30.0,27.459,False,200,
1787722317.8874846,managed,30.0,30.0,36.224,False,200,
1787722317.920818,managed,30.0,30.0,27.315,False,200,
1787722317.9541514,managed,30.0,30.0,42.814,False,200,
1787722317.9874847,managed,30.0,30.0,37.764,False,200,
1787722318.020818,managed,30.0,30.0,41.905,False,200,
1787722318.0541513,managed,30.0,30.0,39.292,False,200,
1787722318.0874846,managed,30.0,30.0,32.188,False,200,
1787722318.120818,managed,30.0,30.0,39.011,False,200,
1787722318.1541514,managed,30.0,30.0,34.24,False,200,
1787722318.1874847,managed,30.0,30.0,40.573,False,200,
1787722318.220818,managed,30.0,30.0,34.875,False,200,
1787722318.2541513,managed,30.0,30.0,31.847,False,200,
1787722318.2874846,managed,30.0,30.0,36.685,False,200,
1787722318.320818,managed,30.0,30.0,41.064,False,200,
1787722318.3541512,managed,30.0,30.0,35.227,False,200,
1787722318.3874846,managed,30.0,30.0,36.771,False,200,
1787722318.420818,managed,30.0,30.0,36.294,False,200,
1787722318.4541514,managed,30.0,30.0,34.606,False,200,
1787722318.4874847,managed,30.0,30.0,35.069,False,200,
1787722318.520818,managed,30.0,30.0,46.521,False,200,
1787722318.5541513,managed,30.0,30.0,34.25,False,200,
1787722318.5874846,managed,30.0,30.0,37.947,False,200,
1787722318.620818,managed,30.0,30.0,41.149,False,200,
1787722318.6541514,managed,30.0,30.0,38.208,False,200,
1787722318.6874847,managed,30.0,30.0,43.394,False,200,
1787722318.720818,managed,30.0,30.0,39.627,False,200,
1787722318.7541513,managed,30.0,30.0,29.255,False,200,
1787722318.7874846,managed,30.0,30.0,28.776,False,200,
1787722318.820818,managed,30.0,30.0,29.041,False,200,
1787722318.8541512,managed,30.0,30.0,39.379,False,200,
1787722318.8874846,managed,30.0,30.0,45.429,False,200,
1787722318.920818,managed,30.0,30.0,33.1,False,200,
1787722318.9541514,managed,30.0,30.0,34.655,False,200,
1787722318.9874847,managed,30.0,30.0,32.029,False,200,
1787722319.020818,managed,30.0,30.0,34.994,False,200,
1787722319.0541513,managed,30.0,30.0,32.253,False,200,
1787722319.0874846,managed,30.0,30.0,31.625,False,200,
1787722319.120818,managed,30.0,30.0,32.291,False,200,
1787722319.1541514,managed,30.0,30.0,37.534,False,200,
1787722319.1874847,managed,30.0,30.0,28.263,False,200,
1787722319.220818,managed,30.0,30.0,42.894,False,200,
1787722319.2541513,managed,30.0,30.0,31.993,False,200,
1787722319.2874846,managed,30.0,30.0,46.745,False,200,
1787722319.320818,managed,30.0,30.0,39.217,False,200,
1787722319.3541512,managed,30.0,30.0,39.315,False,200,
1787722319.3874846,managed,30.0,30.0,28.748,False,200,
1787722319.420818,managed,30.0,30.0,44.835,False,200,
1787722319.4541514,managed,30.0,30.0,39.653,False,200,
1787722319.4874847,managed,30.0,30.0,32.93,False,200,
1787722319.520818,managed,30.0,30.0,30.639,False,200,
1787722319.5541513,managed,30.0,30.0,38.343,False,200,
1787722319.5874846,managed,30.0,30.0,28.951,False,200,
1787722319.620818,managed,30.0,30.0,38.946,False,200,
1787722319.6541514,managed,30.0,30.0,34.246,False,200,
1787722319.6874847,managed,30.0,30.0,28.283,False,200,
1787722319.720818,managed,30.0,30.0,28.691,False,200,
1787722319.7541513,managed,30.0,30.0,29.687,False,200,
1787722319.7874846,managed,30.0,30.0,29.134,False,200,
1787722319.820818,managed,30.0,30.0,38.928,False,200,
1787722319.8541512,managed,30.0,30.0,33.467,False,200,
1787722319.8874846,managed,30.0,30.0,42.036,False,200,
1787722319.920818,managed,30.0,30.0,41.232,False,200,
1787722319.9541514,managed,30.0,30.0,35.632,False,200,
1787722319.9874847,managed,30.0,30.0,30.871,False,200,
1787722320.020818,managed,30.0,30.0,36.084,False,200,
1787722320.0541513,managed,30.0,30.0,33.185,False,200,
1787722320.0874846,managed,30.0,30.0,42.692,False,200,
1787722320.120818,managed,30.0,30.0,35.344,False,200,
1787722320.1541514,managed,30.0,30.0,38.063,False,200,
1787722320.1874847,managed,30.0,30.0,38.254,False,200,
1787722320.220818,managed,30.0,30.0,31.799,False,200,
1787722320.2541513,managed,30.0,30.0,33.701,False,200,
1787722320.2874846,managed,30.0,30.0,34.472,False,200,
1787722320.320818,managed,30.0,30.0,33.744,False,200,
1787722320.3541512,managed,30.0,30.0,27.819,False,200,
1787722320.3874846,managed,30.0,30.0,42.041,False,200,
1787722320.420818,managed,30.0,30.0,33.114,False,200,
1787722320.4541514,managed,30.0,30.0,40.987,False,200,
1787722320.4874847,managed,30.0,30.0,35.566,False,200,
1787722320.520818,managed,30.0,30.0,39.528,False,200,
1787722320.5541513,managed,30.0,30.0,36.781,False,200,
1787722320.5874846,managed,30.0,30.0,46.406,False,200,
1787722320.620818,managed,30.0,30.0,39.367,False,200,
1787722320.6541514,managed,30.0,30.0,38.825,False,200,
1787722320.6874847,managed,30.0,30.0,37.117,False,200,
1787722320.720818,managed,30.0,30.0,36.741,False,200,
1787722320.7541513,managed,30.0,30.0,36.957,False,200,
1787722320.7874846,managed,30.0,30.0,36.205,False,200,
1787722320.820818,managed,30.0,30.0,30.564,False,200,
1787722320.8541512,managed,30.0,30.0,37.717,False,200,
1787722320.8874846,managed,30.0,30.0,40.029,False,200,
1787722320.920818,managed,30.0,30.0,31.093,False,200,
1787722320.9541514,managed,30.0,30.0,29.076,False,200,
1787722320.9874847,managed,30.0,30.0,36.065,False,200,
1787722321.020818,managed,30.0,30.0,30.064,False,200,
1787722321.0541513,managed,30.0,30.0,32.554,False,200,
1787722321.0874846,managed,30.0,30.0,35.575,False,200,
1787722321.120818,managed,30.0,30.0,36.948,False,200,
1787722321.1541514,managed,30.0,30.0,34.564,False,200,
1787722321.1874847,managed,30.0,30.0,35.426,False,200,
1787722321.220818,managed,30.0,30.0,37.72,False,200,
1787722321.2541513,managed,30.0,30.0,36.852,False,200,
1787722321.2874846,managed,30.0,30.0,38.414,False,200,
1787722321.320818,managed,30.0,30.0,34.16,False,200,
1787722321.3541512,managed,30.0,30.0,35.24,False,200,
1787722321.3874846,managed,30.0,30.0,37.329,False,200,
1787722321.420818,managed,30.0,30.0,40.269,False,200,
1787722321.4541514,managed,30.0,30.0,29.475,False,200,
1787722321.4874847,managed,30.0,30.0,35.685,False,200,
1787722321.520818,managed,30.0,30.0,32.348,False,200,
1787722321.5541513,managed,30.0,30.0,43.875,False,200,
1787722321.5874846,managed,30.0,30.0,27.925,False,200,
1787722321.620818,managed,30.0,30.0,35.182,False,200,
1787722321.6541514,managed,30.0,30.0,30.363,False,200,
1787722321.6874847,managed,30.0,30.0,29.715,False,200,
1787722321.720818,managed,30.0,30.0,34.099,False,200,
1787722321.7541513,managed,30.0,30.0,39.668,False,200,
1787722321.7874846,managed,30.0,30.0,31.666,False,200,
1787722321.820818,managed,30.0,30.0,38.884,False,200,
1787722321.8541512,managed,30.0,30.0,32.53,False,200,
1787722321.8874846,managed,30.0,30.0,25.195,False,200,
1787722321.920818,managed,30.0,30.0,45.251,False,200,
1787722321.9541514,managed,30.0,30.0,29.555,False,200,
1787722321.9874847,managed,30.0,30.0,38.884,False,200,
1787722322.020818,managed,30.0,30.0,27.614,False,200,
1787722322.0541513,managed,30.0,30.0,33.932,False,200,
1787722322.0874846,managed,30.0,30.0,25.692,False,200,
1787722322.120818,managed,30.0,30.0,36.63,False,200,
1787722322.1541514,managed,30.0,30.0,41.061,False,200,
1787722322.1874847,managed,30.0,30.0,31.659,False,200,
1787722322.220818,managed,30.0,30.0,33.246,False,200,
1787722322.2541513,managed,30.0,30.0,31.105,False,200,
1787722322.2874846,managed,30.0,30.0,34.316,False,200,
1787722322.320818,managed,30.0,30.0,30.671,False,200,
1787722322.3541512,managed,30.0,30.0,34.583,False,200,
1787722322.3874846,managed,30.0,30.0,34.452,False,200,
1787722322.420818,managed,30.0,30.0,33.278,False,200,
1787722322.4541514,managed,30.0,30.0,22.331,False,200,
1787722322.4874847,managed,30.0,30.0,40.254,False,200,
1787722322.520818,managed,30.0,30.0,34.554,False,200,
1787722322.5541513,managed,30.0,30.0,33.517,False,200,
1787722322.5874846,managed,30.0,30.0,35.442,False,200,
1787722322.620818,managed,30.0,30.0,36.102,False,200,
1787722322.6541514,managed,30.0,30.0,29.233,False,200,
1787722322.6874847,managed,30.0,30.0,39.6,False,200,
1787722322.720818,managed,30.0,30.0,37.505,False,200,
1787722322.7541513,managed,30.0,30.0,39.666,False,200,
1787722322.7874846,managed,30.0,30.0,33.066,False,200,
1787722322.820818,managed,30.0,30.0,38.329,False,200,
1787722322.8541512,managed,30.0,30.0,36.978,False,200,
1787722322.8874846,managed,30.0,30.0,47.572,False,200,
1787722322.920818,managed,30.0,30.0,33.295,False,200,
1787722322.9541514,managed,30.0,30.0,38.156,False,200,
1787722322.9874847,managed,30.0,30.0,34.224,False,200,
1787722323.020818,managed,30.0,30.0,38.716,False,200,
1787722323.0541513,managed,30.0,30.0,43.341,False,200,
1787722323.0874846,managed,30.0,30.0,33.225,False,200,
1787722323.120818,managed,30.0,30.0,29.322,False,200,
1787722323.1541514,managed,30.0,30.0,42.266,False,200,
1787722323.1874847,managed,30.0,30.0,43.759,False,200,
1787722323.220818,managed,30.0,30.0,39.491,False,200,
1787722323.2541513,managed,30.0,30.0,28.457,False,200,
1787722323.2874846,managed,30.0,30.0,31.357,False,200,
1787722323.320818,managed,30.0,30.0,37.351,False,200,
1787722323.3541512,managed,30.0,30.0,25.398,False,200,
1787722323.3874846,managed,30.0,30.0,31.569,False,200,
1787722323.420818,managed,30.0,30.0,40.642,False,200,
1787722323.4541514,managed,30.0,30.0,34.602,False,200,
1787722323.4874847,managed,30.0,30.0,34.125,False,200,
1787722323.520818,managed,30.0,30.0,34.639,False,200,
1787722323.5541513,managed,30.0,30.0,42.294,False,200,
1787722323.5874846,managed,30.0,30.0,33.388,False,200,
1787722323.620818,managed,30.0,30.0,37.251,False,200,
1787722323.6541514,managed,30.0,30.0,35.569,False,200,
1787722323.6874847,managed,30.0,30.0,27.955,False,200,
1787722323.720818,managed,30.0,30.0,34.98,False,200,
1787722323.7541513,managed,30.0,30.0,36.597,False,200,
1787722323.7874846,managed,30.0,30.0,43.392,False,200,
1787722323.820818,managed,30.0,30.0,35.957,False,200,
1787722323.8541512,managed,30.0,30.0,41.839,False,200,
1787722323.8874846,managed,30.0,30.0,43.264,False,200,
1787722323.920818,managed,30.0,30.0,32.205,False,200,
1787722323.9541514,managed,30.0,30.0,35.813,False,200,
1787722323.9874847,managed,30.0,30.0,30.984,False,200,
1787722324.020818,managed,30.0,30.0,43.593,False,200,
1787722324.0541513,managed,30.0,30.0,39.097,False,200,
1787722324.0874846,managed,30.0,30.0,32.983,False,200,
1787722324.120818,managed,30.0,30.0,31.818,False,200,
1787722324.1541514,managed,30.0,30.0,28.089,False,200,
1787722324.1874847,managed,30.0,30.0,31.309,False,200,
1787722324.220818,managed,30.0,30.0,34.627,False,200,
1787722324.2541513,managed,30.0,30.0,38.567,False,200,
1787722324.2874846,managed,30.0,30.0,31.683,False,200,
1787722324.320818,managed,30.0,30.0,39.838,False,200,
1787722324.3541512,managed,30.0,30.0,37.065,False,200,
1787722324.3874846,managed,30.0,30.0,28.929,False,200,
1787722324.420818,managed,30.0,30.0,30.766,False,200,
1787722324.4541514,managed,30.0,30.0,31.518,False,200,
1787722324.4874847,managed,30.0,30.0,33.842,False,200,
1787722324.520818,managed,30.0,30.0,45.775,False,200,
1787722324.5541513,managed,30.0,30.0,40.398,False,200,
1787722324.5874846,managed,30.0,30.0,34.645,False,200,
1787722324.620818,managed,30.0,30.0,34.464,False,200,
1787722324.6541514,managed,30.0,30.0,28.923,False,200,
1787722324.6874847,managed,30.0,30.0,41.287,False,200,
1787722324.720818,managed,30.0,30.0,41.678,False,200,
1787722324.7541513,managed,30.0,30.0,32.312,False,200,
1787722324.7874846,managed,30.0,30.0,37.619,False,200,
1787722324.820818,managed,30.0,30.0,36.57,False,200,
1787722324.8541512,managed,30.0,30.0,37.197,False,200,
1787722324.8874846,managed,30.0,30.0,43.03,False,200,
1787722324.920818,managed,30.0,30.0,44.335,False,200,
1787722324.9541514,managed,30.0,30.0,32.607,False,200,
1787722324.9874847,managed,30.0,30.0,30.956,False,200,
1787722325.020818,managed,30.0,30.0,31.115,False,200,
1787722325.0541513,managed,30.0,30.0,45.213,False,200,
1787722325.0874846,managed,30.0,30.0,47.204,False,200,
1787722325.120818,managed,30.0,30.0,46.402,False,200,
1787722325.1541514,managed,30.0,30.0,42.385,False,200,
1787722325.1874847,managed,30.0,30.0,26.068,False,200,
1787722325.220818,managed,30.0,30.0,29.396,False,200,
1787722325.2541513,managed,30.0,30.0,30.139,False,200,
1787722325.2874846,managed,30.0,30.0,34.233,False,200,
1787722325.320818,managed,30.0,30.0,36.259,False,200,
1787722325.3541512,managed,30.0,30.0,33.697,False,200,
1787722325.3874846,managed,30.0,30.0,47.769,False,200,
1787722325.420818,managed,30.0,30.0,43.219,False,200,
1787722325.4541514,managed,30.0,30.0,43.78,False,200,
1787722325.4874847,managed,30.0,30.0,30.52,False,200,
1787722325.520818,managed,30.0,30.0,38.475,False,200,
1787722325.5541513,managed,30.0,30.0,35.408,False,200,
1787722325.5874846,managed,30.0,30.0,36.777,False,200,
1787722325.620818,managed,30.0,30.0,37.624,False,200,
1787722325.6541514,managed,30.0,30.0,36.363,False,200,
1787722325.6874847,managed,30.0,30.0,26.635,False,200,
1787722325.720818,managed,30.0,30.0,32.321,False,200,
1787722325.7541513,managed,30.0,30.0,32.872,False,200,
1787722325.7874846,managed,30.0,30.0,35.017,False,200,
1787722325.820818,managed,30.0,30.0,25.294,False,200,
1787722325.8541512,managed,30.0,30.0,38.322,False,200,
1787722325.8874846,managed,30.0,30.0,30.11,False,200,
1787722325.920818,managed,30.0,30.0,46.851,False,200,
1787722325.9541514,managed,30.0,30.0,35.876,False,200,
1787722325.9874847,managed,30.0,30.0,32.901,False,200,
1787722326.020818,managed,30.0,30.0,33.002,False,200,
1787722326.0541513,managed,30.0,30.0,39.718,False,200,
1787722326.0874846,managed,30.0,30.0,31.99,False,200,
1787722326.120818,managed,30.0,30.0,33.025,False,200,
1787722326.1541514,managed,30.0,30.0,31.935,False,200,
1787722326.1874847,managed,30.0,30.0,33.781,False,200,
1787722326.220818,managed,30.0,30.0,31.731,False,200,
1787722326.2541513,managed,30.0,30.0,32.474,False,200,
1787722326.2874846,managed,30.0,30.0,38.659,False,200,
1787722326.320818,managed,30.0,30.0,30.734,False,200,
1787722326.3541512,managed,30.0,30.0,39.322,False,200,
1787722326.3874846,managed,30.0,30.0,33.85,False,200,
1787722326.420818,managed,30.0,30.0,35.879,False,200,
1787722326.4541514,managed,30.0,30.0,40.95,False,200,
1787722326.4874847,managed,30.0,30.0,37.195,False,200,
1787722326.520818,managed,30.0,30.0,32.719,False,200,
1787722326.5541513,managed,30.0,30.0,34.492,False,200,
1787722326.5874846,managed,30.0,30.0,34.334,False,200,
1787722326.620818,managed,30.0,30.0,36.699,False,200,
1787722326.6541514,managed,30.0,30.0,31.633,False,200,
1787722326.6874847,managed,30.0,30.0,33.802,False,200,
1787722326.720818,managed,30.0,30.0,29.014,False,200,
1787722326.7541513,managed,30.0,30.0,37.681,False,200,
1787722326.7874846,managed,30.0,30.0,47.908,False,200,
1787722326.820818,managed,30.0,30.0,27.483,False,200,
1787722326.8541512,managed,30.0,30.0,35.376,False,200,
1787722326.8874846,managed,30.0,30.0,35.848,False,200,
1787722326.920818,managed,30.0,30.0,26.81,False,200,
1787722326.9541514,managed,30.0,30.0,37.021,False,200,
1787722326.9874847,managed,30.0,30.0,38.97,False,200,
1787722327.020818,managed,30.0,30.0,47.129,False,200,
1787722327.0541513,managed,30.0,30.0,41.764,False,200,
1787722327.0874846,managed,30.0,30.0,33.49,False,200,
1787722327.120818,managed,30.0,30.0,31.785,False,200,
1787722327.1541514,managed,30.0,30.0,34.158,False,200,
1787722327.1874847,managed,30.0,30.0,39.693,False,200,
1787722327.220818,managed,30.0,30.0,37.717,False,200,
1787722327.2541513,managed,30.0,30.0,35.555,False,200,
1787722327.2874846,managed,30.0,30.0,27.581,False,200,
1787722327.320818,managed,30.0,30.0,42.284,False,200,
1787722327.3541512,managed,30.0,30.0,36.299,False,200,
1787722327.3874846,managed,30.0,30.0,34.012,False,200,
1787722327.420818,managed,30.0,30.0,32.064,False,200,
1787722327.4541514,managed,30.0,30.0,39.449,False,200,
1787722327.4874847,managed,30.0,30.0,27.116,False,200,
1787722327.520818,managed,30.0,30.0,30.338,False,200,
1787722327.5541513,managed,30.0,30.0,29.528,False,200,
1787722327.5874846,managed,30.0,30.0,29.138,False,200,
1787722327.620818,managed,30.0,30.0,35.017,False,200,
1787722327.6541514,managed,30.0,30.0,40.644,False,200,
1787722327.6874847,managed,30.0,30.0,29.573,False,200,
1787722327.720818,managed,30.0,30.0,36.08,False,200,
1787722327.7541513,managed,30.0,30.0,33.198,False,200,
1787722327.7874846,managed,30.0,30.0,30.361,False,200,
1787722327.820818,managed,30.0,30.0,42.652,False,200,
1787722327.8541512,managed,30.0,30.0,38.031,False,200,
1787722327.8874846,managed,30.0,30.0,36.645,False,200,
1787722327.920818,managed,30.0,30.0,28.334,False,200,
1787722327.9541514,managed,30.0,30.0,40.127,False,200,
1787722327.9874847,managed,30.0,30.0,38.2,False,200,
1787722328.020818,managed,30.0,30.0,34.721,False,200,
1787722328.0541513,managed,30.0,30.0,39.775,False,200,
1787722328.0874846,managed,30.0,30.0,31.284,False,200,
1787722328.120818,managed,30.0,30.0,35.093,False,200,
1787722328.1541514,managed,30.0,30.0,36.023,False,200,
1787722328.1874847,managed,30.0,30.0,36.043,False,200,
1787722328.220818,managed,30.0,30.0,39.761,False,200,
1787722328.2541513,managed,30.0,30.0,29.065,False,200,
1787722328.2874846,managed,30.0,30.0,42.005,False,200,
1787722328.320818,managed,30.0,30.0,40.932,False,200,
1787722328.3541512,managed,30.0,30.0,34.561,False,200,
1787722328.3874846,managed,30.0,30.0,38.46,False,200,
1787722328.420818,managed,30.0,30.0,30.5,False,200,
1787722328.4541514,managed,30.0,30.0,35.003,False,200,
1787722328.4874847,managed,30.0,30.0,35.808,False,200,
1787722328.520818,managed,30.0,30.0,29.079,False,200,
1787722328.5541513,managed,30.0,30.0,46.801,False,200,
1787722328.5874846,managed,30.0,30.0,30.642,False,200,
1787722328.620818,managed,30.0,30.0,37.134,False,200,
1787722328.6541514,managed,30.0,30.0,35.183,False,200,
1787722328.6874847,managed,30.0,30.0,32.274,False,200,
1787722328.720818,managed,30.0,30.0,29.429,False,200,
1787722328.7541513,managed,30.0,30.0,25.514,False,200,
1787722328.7874846,managed,30.0,30.0,31.828,False,200,
1787722328.820818,managed,30.0,30.0,24.775,False,200,
1787722328.8541512,managed,30.0,30.0,35.882,False,200,
1787722328.8874846,managed,30.0,30.0,26.843,False,200,
1787722328.920818,managed,30.0,30.0,39.684,False,200,
1787722328.9541514,managed,30.0,30.0,39.076,False,200,
1787722328.9874847,managed,30.0,30.0,36.763,False,200,
1787722329.020818,managed,30.0,30.0,37.866,False,200,
1787722329.0541513,managed,30.0,30.0,30.348,False,200,
1787722329.0874846,managed,30.0,30.0,29.064,False,200,
1787722329.120818,managed,30.0,30.0,35.907,False,200,
1787722329.1541514,managed,30.0,30.0,49.148,False,200,
1787722329.1874847,managed,30.0,30.0,31.528,False,200,
1787722329.220818,managed,30.0,30.0,36.491,False,200,
1787722329.2541513,managed,30.0,30.0,43.275,False,200,
1787722329.2874846,managed,30.0,30.0,41.981,False,200,
1787722329.320818,managed,30.0,30.0,29.723,False,200,
1787722329.3541512,managed,30.0,30.0,35.746,False,200,
1787722329.3874846,managed,30.0,30.0,37.738,False,200,
1787722329.420818,managed,30.0,30.0,32.661,False,200,
1787722329.4541514,managed,30.0,30.0,40.064,False,200,
1787722329.4874847,managed,30.0,30.0,31.34,False,200,
1787722329.520818,managed,30.0,30.0,30.037,False,200,
1787722329.5541513,managed,30.0,30.0,39.329,False,200,
1787722329.5874846,managed,30.0,30.0,39.793,False,200,
1787722329.620818,managed,30.0,30.0,42.13,False,200,
1787722329.6541514,managed,30.0,30.0,27.714,False,200,
1787722329.6874847,managed,30.0,30.0,24.775,False,200,
1787722329.720818,managed,30.0,30.0,34.888,False,200,
1787722329.7541513,managed,30.0,30.0,37.939,False,200,
1787722329.7874846,managed,30.0,30.0,35.324,False,200,
1787722329.820818,managed,30.0,30.0,31.144,False,200,
1787722329.8541512,managed,30.0,30.0,39.971,False,200,
1787722329.8874846,managed,30.0,30.0,33.989,False,200,
1787722329.920818,managed,30.0,30.0,28.734,False,200,
1787722329.9541514,managed,30.0,30.0,32.82,False,200,
1787722329.9874847,managed,30.0,30.0,30.406,False,200,
1787722330.020818,managed,30.0,30.0,32.065,False,200,
1787722330.0541513,managed,30.0,30.0,41.96,False,200,
1787722330.0874846,managed,30.0,30.0,32.849,False,200,
1787722330.120818,managed,30.0,30.0,29.256,False,200,
1787722330.1541514,managed,30.0,30.0,34.81,False,200,
1787722330.1874847,managed,30.0,30.0,32.374,False,200,
1787722330.220818,managed,30.0,30.0,27.324,False,200,
1787722330.2541513,managed,30.0,30.0,41.002,False,200,
1787722330.2874846,managed,30.0,30.0,41.91,False,200,
1787722330.320818,managed,30.0,30.0,40.316,False,200,
1787722330.3541512,managed,30.0,30.0,41.422,False,200,
1787722330.3874846,managed,30.0,30.0,25.579,False,200,
1787722330.420818,managed,30.0,30.0,51.711,False,200,
1787722330.4541514,managed,30.0,30.0,38.366,False,200,
1787722330.4874847,managed,30.0,30.0,32.89,False,200,
1787722330.520818,managed,30.0,30.0,42.127,False,200,
1787722330.5541513,managed,30.0,30.0,38.179,False,200,
1787722330.5874846,managed,30.0,30.0,33.593,False,200,
1787722330.620818,managed,30.0,30.0,44.715,False,200,
1787722330.6541514,managed,30.0,30.0,38.426,False,200,
1787722330.6874847,managed,30.0,30.0,32.508,False,200,
1787722330.720818,managed,30.0,30.0,29.409,False,200,
1787722330.7541513,managed,30.0,30.0,33.771,False,200,
1787722330.7874846,managed,30.0,30.0,31.571,False,200,
1787722330.820818,managed,30.0,30.0,33.89,False,200,
1787722330.8541512,managed,30.0,30.0,36.321,False,200,
1787722330.8874846,managed,30.0,30.0,40.986,False,200,
1787722330.920818,managed,30.0,30.0,42.48,False,200,
1787722330.9541514,managed,30.0,30.0,31.663,False,200,
1787722330.9874847,managed,30.0,30.0,46.732,False,200,
1787722331.020818,managed,30.0,30.0,33.297,False,200,
1787722331.0541513,managed,30.0,30.0,38.126,False,200,
1787722331.0874846,managed,30.0,30.0,35.362,False,200,
1787722331.120818,managed,30.0,30.0,36.597,False,200,
1787722331.1541514,managed,30.0,30.0,33.873,False,200,
1787722331.1874847,managed,30.0,30.0,38.744,False,200,
1787722331.220818,managed,30.0,30.0,31.351,False,200,
1787722331.2541513,managed,30.0,30.0,36.51,False,200,
1787722331.2874846,managed,30.0,30.0,33.394,False,200,
1787722331.320818,managed,30.0,30.0,29.397,False,200,
1787722331.3541512,managed,30.0,30.0,36.745,False,200,
1787722331.3874846,managed,30.0,30.0,37.331,False,200,
1787722331.420818,managed,30.0,30.0,35.979,False,200,
1787722331.4541514,managed,30.0,30.0,28.138,False,200,
1787722331.4874847,managed,30.0,30.0,31.512,False,200,
1787722331.520818,managed,30.0,30.0,32.61,False,200,
1787722331.5541513,managed,30.0,30.0,30.429,False,200,
1787722331.5874846,managed,30.0,30.0,41.108,False,200,
1787722331.620818,managed,30.0,30.0,34.926,False,200,
1787722331.6541514,managed,30.0,30.0,30.901,False,200,
1787722331.6874847,managed,30.0,30.0,41.847,False,200,
1787722331.720818,managed,30.0,30.0,41.204,False,200,
1787722331.7541513,managed,30.0,30.0,33.651,False,200,
1787722331.7874846,managed,30.0,30.0,34.811,False,200,
1787722331.820818,managed,30.0,30.0,27.537,False,200,
1787722331.8541512,managed,30.0,30.0,40.559,False,200,
1787722331.8874846,managed,30.0,30.0,38.959,False,200,
1787722331.920818,managed,30.0,30.0,31.546,False,200,
1787722331.9541514,managed,30.0,30.0,29.445,False,200,
1787722331.9874847,managed,30.0,30.0,26.821,False,200,
1787722332.020818,managed,30.0,30.0,39.181,False,200,
1787722332.0541513,managed,30.0,30.0,34.08,False,200,
1787722332.0874846,managed,30.0,30.0,33.731,False,200,
1787722332.120818,managed,30.0,30.0,36.154,False,200,
1787722332.1541514,managed,30.0,30.0,33.178,False,200,
1787722332.1874847,managed,30.0,30.0,33.11,False,200,
1787722332.220818,managed,30.0,30.0,42.248,False,200,
1787722332.2541513,managed,30.0,30.0,31.675,False,200,
1787722332.2874846,managed,30.0,30.0,41.144,False,200,
1787722332.320818,managed,30.0,30.0,40.376,False,200,
1787722332.3541512,managed,30.0,30.0,28.758,False,200,
1787722332.3874846,managed,30.0,30.0,37.289,False,200,
1787722332.420818,managed,30.0,30.0,36.509,False,200,
1787722332.4541514,managed,30.0,30.0,35.753,False,200,
1787722332.4874847,managed,30.0,30.0,33.538,False,200,
1787722332.520818,managed,30.0,30.0,36.811,False,200,
1787722332.5541513,managed,30.0,30.0,33.12,False,200,
1787722332.5874846,managed,30.0,30.0,38.654,False,200,
1787722332.620818,managed,30.0,30.0,42.422,False,200,
1787722332.6541514,managed,30.0,30.0,25.514,False,200,
1787722332.6874847,managed,30.0,30.0,34.872,False,200,
1787722332.720818,managed,30.0,30.0,38.436,False,200,
1787722332.7541513,managed,30.0,30.0,35.021,False,200,
1787722332.7874846,managed,30.0,30.0,30.138,False,200,
1787722332.820818,managed,30.0,30.0,25.571,False,200,
1787722332.8541512,managed,30.0,30.0,37.992,False,200,
1787722332.8874846,managed,30.0,30.0,39.147,False,200,
1787722332.920818,managed,30.0,30.0,38.654,False,200,
1787722332.9541514,managed,30.0,30.0,36.236,False,200,
1787722332.9874847,managed,30.0,30.0,29.828,False,200,
1787722333.020818,managed,30.0,30.0,33.562,False,200,
1787722333.0541513,managed,30.0,30.0,27.314,False,200,
1787722333.0874846,managed,30.0,30.0,33.037,False,200,
1787722333.120818,managed,30.0,30.0,28.224,False,200,
1787722333.1541514,managed,30.0,30.0,33.783,False,200,
1787722333.1874847,managed,30.0,30.0,33.295,False,200,
1787722333.220818,managed,30.0,30.0,35.779,False,200,
1787722333.2541513,managed,30.0,30.0,40.589,False,200,
1787722333.2874846,managed,30.0,30.0,38.039,False,200,
1787722333.320818,managed,30.0,30.0,26.068,False,200,
1787722333.3541512,managed,30.0,30.0,37.41,False,200,
1787722333.3874846,managed,30.0,30.0,28.901,False,200,
1787722333.420818,managed,30.0,30.0,32.301,False,200,
1787722333.4541514,managed,30.0,30.0,43.562,False,200,
1787722333.4874847,managed,30.0,30.0,37.566,False,200,
1787722333.520818,managed,30.0,30.0,34.771,False,200,
1787722333.5541513,managed,30.0,30.0,36.204,False,200,
1787722333.5874846,managed,30.0,30.0,25.376,False,200,
1787722333.620818,managed,30.0,30.0,35.713,False,200,
1787722333.6541514,managed,30.0,30.0,39.403,False,200,
1787722333.6874847,managed,30.0,30.0,36.406,False,200,
1787722333.720818,managed,30.0,30.0,34.292,False,200,
1787722333.7541513,managed,30.0,30.0,51.02,False,200,
1787722333.7874846,managed,30.0,30.0,36.686,False,200,
1787722333.820818,managed,30.0,30.0,29.198,False,200,
1787722333.8541512,managed,30.0,30.0,37.749,False,200,
1787722333.8874846,managed,30.0,30.0,35.068,False,200,
1787722333.920818,managed,30.0,30.0,31.837,False,200,
1787722333.9541514,managed,30.0,30.0,33.487,False,200,
1787722333.9874847,managed,30.0,30.0,30.814,False,200,
1787722334.020818,managed,30.0,30.0,45.093,False,200,
1787722334.0541513,managed,30.0,30.0,37.815,False,200,
1787722334.0874846,managed,30.0,30.0,26.263,False,200,
1787722334.120818,managed,30.0,30.0,28.383,False,200,
1787722334.1541514,managed,30.0,30.0,32.022,False,200,
1787722334.1874847,managed,30.0,30.0,44.587,False,200,
1787722334.220818,managed,30.0,30.0,33.001,False,200,
1787722334.2541513,managed,30.0,30.0,40.712,False,200,
1787722334.2874846,managed,30.0,30.0,34.204,False,200,
1787722334.320818,managed,30.0,30.0,36.56,False,200,
1787722334.3541512,managed,30.0,30.0,32.842,False,200,
1787722334.3874846,managed,30.0,30.0,37.624,False,200,
1787722334.420818,managed,30.0,30.0,31.351,False,200,
1787722334.4541514,managed,30.0,30.0,29.059,False,200,
1787722334.4874847,managed,30.0,30.0,29.111,False,200,
1787722334.520818,managed,30.0,30.0,29.958,False,200,
1787722334.5541513,managed,30.0,30.0,30.604,False,200,
1787722334.5874846,managed,30.0,30.0,37.718,False,200,
1787722334.620818,managed,30.0,30.0,33.493,False,200,
1787722334.6541514,managed,30.0,30.0,28.924,False,200,
1787722334.6874847,managed,30.0,30.0,34.231,False,200,
1787722334.720818,managed,30.0,30.0,34.729,False,200,
1787722334.7541513,managed,30.0,30.0,25.803,False,200,
1787722334.7874846,managed,30.0,30.0,38.571,False,200,
1787722334.820818,managed,30.0,30.0,40.666,False,200,
1787722334.8541512,managed,30.0,30.0,35.506,False,200,
1787722334.8874846,managed,30.0,30.0,35.866,False,200,
1787722334.920818,managed,30.0,30.0,40.07,False,200,
1787722334.9541514,managed,30.0,30.0,23.045,False,200,
1787722334.9874847,managed,30.0,30.0,33.158,False,200,
1787722335.020818,managed,30.0,30.0,28.626,False,200,
1787722335.0541513,managed,30.0,30.0,32.065,False,200,
1787722335.0874846,managed,30.0,30.0,34.039,False,200,
1787722335.120818,managed,30.0,30.0,39.17,False,200,
1787722335.1541514,managed,30.0,30.0,37.971,False,200,
1787722335.1874847,managed,30.0,30.0,44.788,False,200,
1787722335.220818,managed,30.0,30.0,30.398,False,200,
1787722335.2541513,managed,30.0,30.0,36.515,False,200,
1787722335.2874846,managed,30.0,30.0,30.287,False,200,
1787722335.320818,managed,30.0,30.0,45.063,False,200,
1787722335.3541512,managed,30.0,30.0,28.489,False,200,
1787722335.3874846,managed,30.0,30.0,36.525,False,200,
1787722335.420818,managed,30.0,30.0,35.5,False,200,
1787722335.4541514,managed,30.0,30.0,32.556,False,200,
1787722335.4874847,managed,30.0,30.0,41.158,False,200,
1787722335.520818,managed,30.0,30.0,38.991,False,200,
1787722335.5541513,managed,30.0,30.0,35.428,False,200,
1787722335.5874846,managed,30.0,30.0,35.261,False,200,
1787722335.620818,managed,30.0,30.0,31.177,False,200,
1787722335.6541514,managed,30.0,30.0,42.265,False,200,
1787722335.6874847,managed,30.0,30.0,36.144,False,200,
1787722335.720818,managed,30.0,30.0,34.871,False,200,
1787722335.7541513,managed,30.0,30.0,35.408,False,200,
1787722335.7874846,managed,30.0,30.0,33.838,False,200,
1787722335.820818,managed,30.0,30.0,37.267,False,200,
1787722335.8541512,managed,30.0,30.0,40.021,False,200,
1787722335.8874846,managed,30.0,30.0,33.525,False,200,
1787722335.920818,managed,30.0,30.0,31.227,False,200,
1787722335.9541514,managed,30.0,30.0,33.333,False,200,
1787722335.9874847,managed,30.0,30.0,37.384,False,200,
1787722336.020818,managed,30.0,30.0,35.637,False,200,
1787722336.0541513,managed,30.0,30.0,34.448,False,200,
1787722336.0874846,managed,30.0,30.0,27.631,False,200,
1787722336.120818,managed,30.0,30.0,32.576,False,200,
1787722336.1541514,managed,30.0,30.0,32.715,False,200,
1787722336.1874847,managed,30.0,30.0,38.501,False,200,
1787722336.220818,managed,30.0,30.0,40.091,False,200,
1787722336.2541513,managed,30.0,30.0,34.798,False,200,
1787722336.2874846,managed,30.0,30.0,34.984,False,200,
1787722336.320818,managed,30.0,30.0,34.345,False,200,
1787722336.3541512,managed,30.0,30.0,40.858,False,200,
1787722336.3874846,managed,30.0,30.0,39.795,False,200,
1787722336.420818,managed,30.0,30.0,33.669,False,200,
1787722336.4541514,managed,30.0,30.0,25.863,False,200,
1787722336.4874847,managed,30.0,30.0,30.17,False,200,
1787722336.520818,managed,30.0,30.0,32.418,False,200,
1787722336.5541513,managed,30.0,30.0,31.074,False,200,
1787722336.5874846,managed,30.0,30.0,43.874,False,200,
1787722336.620818,managed,30.0,30.0,31.153,False,200,
1787722336.6541514,managed,30.0,30.0,45.415,False,200,
1787722336.6874847,managed,30.0,30.0,33.881,False,200,
1787722336.720818,managed,30.0,30.0,37.887,False,200,
1787722336.7541513,managed,30.0,30.0,41.316,False,200,
1787722336.7874846,managed,30.0,30.0,29.548,False,200,
1787722336.820818,managed,30.0,30.0,33.863,False,200,
1787722336.8541512,managed,30.0,30.0,36.22,False,200,
1787722336.8874846,managed,30.0,30.0,40.976,False,200,
1787722336.920818,managed,30.0,30.0,30.027,False,200,
1787722336.9541514,managed,30.0,30.0,35.316,False,200,
1787722336.9874847,managed,30.0,30.0,39.312,False,200,
1787722337.020818,managed,30.0,30.0,32.863,False,200,
1787722337.0541513,managed,30.0,30.0,37.193,False,200,
1787722337.0874846,managed,30.0,30.0,36.579,False,200,
1787722337.120818,managed,30.0,30.0,42.331,False,200,
1787722337.1541514,managed,30.0,30.0,39.613,False,200,
1787722337.1874847,managed,30.0,30.0,30.569,False,200,
1787722337.220818,managed,30.0,30.0,31.423,False,200,
1787722337.2541513,managed,30.0,30.0,26.317,False,200,
1787722337.2874846,managed,30.0,30.0,39.997,False,200,
1787722337.320818,managed,30.0,30.0,27.558,False,200,
1787722337.3541512,managed,30.0,30.0,31.922,False,200,
1787722337.3874846,managed,30.0,30.0,42.582,False,200,
1787722337.420818,managed,30.0,30.0,38.106,False,200,
1787722337.4541514,managed,30.0,30.0,34.975,False,200,
1787722337.4874847,managed,30.0,30.0,34.237,False,200,
1787722337.520818,managed,30.0,30.0,35.173,False,200,
1787722337.5541513,managed,30.0,30.0,34.678,False,200,
1787722337.5874846,managed,30.0,30.0,30.531,False,200,
1787722337.620818,managed,30.0,30.0,37.686,False,200,
1787722337.6541514,managed,30.0,30.0,34.317,False,200,
1787722337.6874847,managed,30.0,30.0,45.896,False,200,
1787722337.720818,managed,30.0,30.0,36.82,False,200,
1787722337.7541513,managed,30.0,30.0,32.558,False,200,
1787722337.7874846,managed,30.0,30.0,41.482,False,200,
1787722337.820818,managed,30.0,30.0,28.177,False,200,
1787722337.8541512,managed,30.0,30.0,33.172,False,200,
1787722337.8874846,managed,30.0,30.0,25.073,False,200,
1787722337.920818,managed,30.0,30.0,35.935,False,200,
1787722337.9541514,managed,30.0,30.0,33.076,False,200,
1787722337.9874847,managed,30.0,30.0,29.706,False,200,
1787722338.020818,managed,30.0,30.0,32.467,False,200,
1787722338.0541513,managed,30.0,30.0,30.92,False,200,
1787722338.0874846,managed,30.0,30.0,42.059,False,200,
1787722338.120818,managed,30.0,30.0,33.066,False,200,
1787722338.1541514,managed,30.0,30.0,32.062,False,200,
1787722338.1874847,managed,30.0,30.0,32.323,False,200,
1787722338.220818,managed,30.0,30.0,37.456,False,200,
1787722338.2541513,managed,30.0,30.0,38.171,False,200,
1787722338.2874846,managed,30.0,30.0,39.923,False,200,
1787722338.320818,managed,30.0,30.0,36.735,False,200,
1787722338.3541512,managed,30.0,30.0,38.311,False,200,
1787722338.3874846,managed,30.0,30.0,30.121,False,200,
1787722338.420818,managed,30.0,30.0,36.874,False,200,
1787722338.4541514,managed,30.0,30.0,41.134,False,200,
1787722338.4874847,managed,30.0,30.0,41.849,False,200,
1787722338.520818,managed,30.0,30.0,32.756,False,200,
1787722338.5541513,managed,30.0,30.0,38.914,False,200,
1787722338.5874846,managed,30.0,30.0,31.627,False,200,
1787722338.620818,managed,30.0,30.0,40.98,False,200,
1787722338.6541514,managed,30.0,30.0,38.268,False,200,
1787722338.6874847,managed,30.0,30.0,31.78,False,200,
1787722338.720818,managed,30.0,30.0,31.345,False,200,
1787722338.7541513,managed,30.0,30.0,42.864,False,200,
1787722338.7874846,managed,30.0,30.0,33.033,False,200,
1787722338.820818,managed,30.0,30.0,35.55,False,200,
1787722338.8541512,managed,30.0,30.0,31.442,False,200,
1787722338.8874846,managed,30.0,30.0,33.423,False,200,
1787722338.920818,managed,30.0,30.0,41.451,False,200,
1787722338.9541514,managed,30.0,30.0,41.614,False,200,
1787722338.9874847,managed,30.0,30.0,40.422,False,200,
1787722339.020818,managed,30.0,30.0,28.054,False,200,
1787722339.0541513,managed,30.0,30.0,34.21,False,200,
1787722339.0874846,managed,30.0,30.0,37.425,False,200,
1787722339.120818,managed,30.0,30.0,33.211,False,200,
1787722339.1541514,managed,30.0,30.0,36.065,False,200,
1787722339.1874847,managed,30.0,30.0,35.152,False,200,
1787722339.220818,managed,30.0,30.0,34.539,False,200,
1787722339.2541513,managed,30.0,30.0,32.881,False,200,
1787722339.2874846,managed,30.0,30.0,33.018,False,200,
1787722339.320818,managed,30.0,30.0,32.253,False,200,
1787722339.3541512,managed,30.0,30.0,37.42,False,200,
1787722339.3874846,managed,30.0,30.0,39.854,False,200,
1787722339.420818,managed,30.0,30.0,28.709,False,200,
1787722339.4541514,managed,30.0,30.0,36.967,False,200,
1787722339.4874847,managed,30.0,30.0,39.946,False,200,
1787722339.520818,managed,30.0,30.0,36.564,False,200,
1787722339.5541513,managed,30.0,30.0,33.887,False,200,
1787722339.5874846,managed,30.0,30.0,41.217,False,200,
1787722339.620818,managed,30.0,30.0,31.024,False,200,
1787722339.6541514,managed,30.0,30.0,35.823,False,200,
1787722339.6874847,managed,30.0,30.0,31.321,False,200,
1787722339.720818,managed,30.0,30.0,37.115,False,200,
1787722339.7541513,managed,30.0,30.0,34.812,False,200,
1787722339.7874846,managed,30.0,30.0,33.726,False,200,
1787722339.820818,managed,30.0,30.0,29.017,False,200,
1787722339.8541512,managed,30.0,30.0,45.305,False,200,
1787722339.8874846,managed,30.0,30.0,26.677,False,200,
1787722339.920818,managed,30.0,30.0,31.788,False,200,
1787722339.9541514,managed,30.0,30.0,31.333,False,200,
1787722339.9874847,managed,30.0,30.0,49.31,False,200,
1787722340.020818,managed,30.0,30.0,40.954,False,200,
1787722340.0541513,managed,30.0,30.0,35.901,False,200,
1787722340.0874846,managed,30.0,30.0,34.353,False,200,
1787722340.120818,managed,30.0,30.0,33.214,False,200,
1787722340.1541514,managed,30.0,30.0,36.443,False,200,
1787722340.1874847,managed,30.0,30.0,41.088,False,200,
1787722340.220818,managed,30.0,30.0,39.522,False,200,
1787722340.2541513,managed,30.0,30.0,28.948,False,200,
1787722340.2874846,managed,30.0,30.0,38.828,False,200,
1787722340.320818,managed,30.0,30.0,38.272,False,200,
1787722340.3541512,managed,30.0,30.0,32.296,False,200,
1787722340.3874846,managed,30.0,30.0,36.989,False,200,
1787722340.420818,managed,30.0,30.0,31.745,False,200,
1787722340.4541514,managed,30.0,30.0,40.917,False,200,
1787722340.4874847,managed,30.0,30.0,41.06,False,200,
1787722340.520818,managed,30.0,30.0,34.475,False,200,
1787722340.5541513,managed,30.0,30.0,28.702,False,200,
1787722340.5874846,managed,30.0,30.0,39.853,False,200,
1787722340.620818,managed,30.0,30.0,41.082,False,200,
1787722340.6541514,managed,30.0,30.0,39.195,False,200,
1787722340.6874847,managed,30.0,30.0,33.085,False,200,
1787722340.720818,managed,30.0,30.0,36.14,False,200,
1787722340.7541513,managed,30.0,30.0,43.261,False,200,
1787722340.7874846,managed,30.0,30.0,39.367,False,200,
1787722340.820818,managed,30.0,30.0,35.323,False,200,
1787722340.8541512,managed,30.0,30.0,27.711,False,200,
1787722340.8874846,managed,30.0,30.0,30.543,False,200,
1787722340.920818,managed,30.0,30.0,33.773,False,200,
1787722340.9541514,managed,30.0,30.0,32.222,False,200,
1787722340.9874847,managed,30.0,30.0,28.888,False,200,
1787722341.020818,managed,30.0,30.0,24.119,False,200,
1787722341.0541513,managed,30.0,30.0,37.385,False,200,
1787722341.0874846,managed,30.0,30.0,35.262,False,200,
1787722341.120818,managed,30.0,30.0,26.662,False,200,
1787722341.1541514,managed,30.0,30.0,40.807,False,200,
1787722341.1874847,managed,30.0,30.0,37.711,False,200,
1787722341.220818,managed,30.0,30.0,35.986,False,200,
1787722341.2541513,managed,30.0,30.0,43.312,False,200,
1787722341.2874846,managed,30.0,30.0,35.222,False,200,
1787722341.320818,managed,30.0,30.0,29.05,False,200,
1787722341.3541512,managed,30.0,30.0,37.46,False,200,
1787722341.3874846,managed,30.0,30.0,39.519,False,200,
1787722341.420818,managed,30.0,30.0,30.019,False,200,
1787722341.4541514,managed,30.0,30.0,50.038,False,200,
1787722341.4874847,managed,30.0,30.0,29.538,False,200,
1787722341.520818,managed,30.0,30.0,31.186,False,200,
1787722341.5541513,managed,30.0,30.0,30.861,False,200,
1787722341.5874846,managed,30.0,30.0,35.623,False,200,
1787722341.620818,managed,30.0,30.0,38.418,False,200,
1787722341.6541514,managed,30.0,30.0,36.594,False,200,
1787722341.6874847,managed,30.0,30.0,39.987,False,200,
1787722341.720818,managed,30.0,30.0,32.966,False,200,
1787722341.7541513,managed,30.0,30.0,29.649,False,200,
1787722341.7874846,managed,30.0,30.0,31.495,False,200,
1787722341.820818,managed,30.0,30.0,32.264,False,200,
1787722341.8541512,managed,30.0,30.0,32.014,False,200,
1787722341.8874846,managed,30.0,30.0,32.472,False,200,
1787722341.920818,managed,30.0,30.0,36.749,False,200,
1787722341.9541514,managed,30.0,30.0,38.786,False,200,
1787722341.9874847,managed,30.0,30.0,31.747,False,200,
1787722342.020818,managed,30.0,30.0,35.699,False,200,
1787722342.0541513,managed,30.0,30.0,42.134,False,200,
1787722342.0874846,managed,30.0,30.0,33.949,False,200,
1787722342.120818,managed,30.0,30.0,31.803,False,200,
1787722342.1541514,managed,30.0,30.0,27.967,False,200,
1787722342.1874847,managed,30.0,30.0,37.843,False,200,
1787722342.220818,managed,30.0,30.0,31.54,False,200,
1787722342.2541513,managed,30.0,30.0,31.576,False,200,
1787722342.2874846,managed,30.0,30.0,43.626,False,200,
1787722342.320818,managed,30.0,30.0,31.425,False,200,
1787722342.3541512,managed,30.0,30.0,47.878,False,200,
1787722342.3874846,managed,30.0,30.0,36.556,False,200,
1787722342.420818,managed,30.0,30.0,35.146,False,200,
1787722342.4541514,managed,30.0,30.0,28.897,False,200,
1787722342.4874847,managed,30.0,30.0,40.179,False,200,
1787722342.520818,managed,30.0,30.0,34.183,False,200,
1787722342.5541513,managed,30.0,30.0,31.624,False,200,
1787722342.5874846,managed,30.0,30.0,31.019,False,200,
1787722342.620818,managed,30.0,30.0,42.872,False,200,
1787722342.6541514,managed,30.0,30.0,33.378,False,200,
1787722342.6874847,managed,30.0,30.0,37.255,False,200,
1787722342.720818,managed,30.0,30.0,35.288,False,200,
1787722342.7541513,managed,30.0,30.0,31.8,False,200,
1787722342.7874846,managed,30.0,30.0,31.695,False,200,
1787722342.820818,managed,30.0,30.0,35.026,False,200,
1787722342.8541512,managed,30.0,30.0,34.495,False,200,
1787722342.8874846,managed,30.0,30.0,36.791,False,200,
1787722342.920818,managed,30.0,30.0,31.943,False,200,
1787722342.9541514,managed,30.0,30.0,36.874,False,200,
1787722342.9874847,managed,30.0,30.0,28.412,False,200,
1787722343.020818,managed,30.0,30.0,33.722,False,200,
1787722343.0541513,managed,30.0,30.0,31.251,False,200,
1787722343.0874846,managed,30.0,30.0,31.666,False,200,
1787722343.120818,managed,30.0,30.0,32.677,False,200,
1787722343.1541514,managed,30.0,30.0,32.927,False,200,
1787722343.1874847,managed,30.0,30.0,35.83,False,200,
1787722343.220818,managed,30.0,30.0,34.253,False,200,
1787722343.2541513,managed,30.0,30.0,39.877,False,200,
1787722343.2874846,managed,30.0,30.0,35.26,False,200,
1787722343.320818,managed,30.0,30.0,36.995,False,200,
1787722343.3541512,managed,30.0,30.0,40.515,False,200,
1787722343.3874846,managed,30.0,30.0,28.495,False,200,
1787722343.420818,managed,30.0,30.0,34.101,False,200,
1787722343.4541514,managed,30.0,30.0,33.201,False,200,
1787722343.4874847,managed,30.0,30.0,34.629,False,200,
1787722343.520818,managed,30.0,30.0,37.216,False,200,
1787722343.5541513,managed,30.0,30.0,34.376,False,200,
1787722343.5874846,managed,30.0,30.0,33.68,False,200,
1787722343.620818,managed,30.0,30.0,30.259,False,200,
1787722343.6541514,managed,30.0,30.0,36.958,False,200,
1787722343.6874847,managed,30.0,30.0,27.789,False,200,
1787722343.720818,managed,30.0,30.0,28.076,False,200,
1787722343.7541513,managed,30.0,30.0,41.786,False,200,
1787722343.7874846,managed,30.0,30.0,35.536,False,200,
1787722343.820818,managed,30.0,30.0,45.187,False,200,
1787722343.8541512,managed,30.0,30.0,31.442,False,200,
1787722343.8874846,managed,30.0,30.0,53.205,False,200,
1787722343.920818,managed,30.0,30.0,34.061,False,200,
1787722343.9541514,managed,30.0,30.0,32.715,False,200,
1787722343.9874847,managed,30.0,30.0,37.174,False,200,
1787722344.020818,managed,30.0,30.0,37.49,False,200,
1787722344.0541513,managed,30.0,30.0,37.498,False,200,
1787722344.0874846,managed,30.0,30.0,46.133,False,200,
1787722344.120818,managed,30.0,30.0,31.828,False,200,
1787722344.1541514,managed,30.0,30.0,29.149,False,200,
1787722344.1874847,managed,30.0,30.0,34.49,False,200,
1787722344.220818,managed,30.0,30.0,38.333,False,200,
1787722344.2541513,managed,30.0,30.0,42.629,False,200,
1787722344.2874846,managed,30.0,30.0,38.008,False,200,
1787722344.320818,managed,30.0,30.0,32.595,False,200,
1787722344.3541512,managed,30.0,30.0,40.18,False,200,
1787722344.3874846,managed,30.0,30.0,26.385,False,200,
1787722344.420818,managed,30.0,30.0,39.491,False,200,
1787722344.4541514,managed,30.0,30.0,28.838,False,200,
1787722344.4874847,managed,30.0,30.0,39.778,False,200,
1787722344.520818,managed,30.0,30.0,28.138,False,200,
1787722344.5541513,managed,30.0,30.0,37.719,False,200,
1787722344.5874846,managed,30.0,30.0,32.061,False,200,
1787722344.620818,managed,30.0,30.0,40.866,False,200,
1787722344.6541514,managed,30.0,30.0,42.261,False,200,
1787722344.6874847,managed,30.0,30.0,38.616,False,200,
1787722344.720818,managed,30.0,30.0,42.318,False,200,
1787722344.7541513,managed,30.0,30.0,29.649,False,200,
1787722344.7874846,managed,30.0,30.0,33.685,False,200,
1787722344.820818,managed,30.0,30.0,53.161,False,200,
1787722344.8541512,managed,30.0,30.0,32.436,False,200,
1787722344.8874846,managed,30.0,30.0,31.633,False,200,
1787722344.920818,managed,30.0,30.0,27.582,False,200,
1787722344.9541514,managed,30.0,30.0,36.193,False,200,
1787722344.9874847,managed,30.0,30.0,45.942,False,200,
1787722345.020818,managed,30.0,30.0,40.938,False,200,
1787722345.0541513,managed,30.0,30.0,37.842,False,200,
1787722345.0874846,managed,30.0,30.0,39.935,False,200,
1787722345.120818,managed,30.0,30.0,37.895,False,200,
1787722345.1541514,managed,30.0,30.0,41.477,False,200,
1787722345.1874847,managed,30.0,30.0,35.921,False,200,
1787722345.220818,managed,30.0,30.0,35.653,False,200,
1787722345.2541513,managed,30.0,30.0,38.421,False,200,
1787722345.2874846,managed,30.0,30.0,29.158,False,200,
1787722345.320818,managed,30.0,30.0,39.535,False,200,
1787722345.3541512,managed,30.0,30.0,34.939,False,200,
1787722345.3874846,managed,30.0,30.0,34.864,False,200,
1787722345.420818,managed,30.0,30.0,36.674,False,200,
1787722345.4541514,managed,30.0,30.0,38.956,False,200,
1787722345.4874847,managed,30.0,30.0,26.895,False,200,
1787722345.520818,managed,30.0,30.0,42.54,False,200,
1787722345.5541513,managed,30.0,30.0,30.853,False,200,
1787722345.5874846,managed,30.0,30.0,37.502,False,200,
1787722345.620818,managed,30.0,30.0,34.249,False,200,
1787722345.6541514,managed,30.0,30.0,30.144,False,200,
1787722345.6874847,managed,30.0,30.0,28.797,False,200,
1787722345.720818,managed,30.0,30.0,38.718,False,200,
1787722345.7541513,managed,30.0,30.0,44.723,False,200,
1787722345.7874846,managed,30.0,30.0,42.809,False,200,
1787722345.820818,managed,30.0,30.0,31.017,False,200,
1787722345.8541512,managed,30.0,30.0,46.025,False,200,
1787722345.8874846,managed,30.0,30.0,42.445,False,200,
1787722345.920818,managed,30.0,30.0,33.729,False,200,
1787722345.9541514,managed,30.0,30.0,34.975,False,200,
1787722345.9874847,managed,30.0,30.0,38.555,False,200,
1787722346.020818,managed,30.0,30.0,38.246,False,200,
1787722346.0541513,managed,30.0,30.0,39.815,False,200,
1787722346.0874846,managed,30.0,30.0,28.761,False,200,
1787722346.120818,managed,30.0,30.0,35.941,False,200,
1787722346.1541514,managed,30.0,30.0,41.786,False,200,
1787722346.1874847,managed,30.0,30.0,33.748,False,200,
1787722346.220818,managed,30.0,30.0,34.335,False,200,
1787722346.2541513,managed,30.0,30.0,43.487,False,200,
1787722346.2874846,managed,30.0,30.0,27.389,False,200,
1787722346.320818,managed,30.0,30.0,29.501,False,200,
1787722346.3541512,managed,30.0,30.0,39.476,False,200,
1787722346.3874846,managed,30.0,30.0,33.83,False,200,
1787722346.420818,managed,30.0,30.0,35.19,False,200,
1787722346.4541514,managed,30.0,30.0,36.438,False,200,
1787722346.4874847,managed,30.0,30.0,40.35,False,200,
1787722346.520818,managed,30.0,30.0,29.992,False,200,
1787722346.5541513,managed,30.0,30.0,31.243,False,200,
1787722346.5874846,managed,30.0,30.0,27.881,False,200,
1787722346.620818,managed,30.0,30.0,35.287,False,200,
1787722346.6541514,managed,30.0,30.0,33.288,False,200,
1787722346.6874847,managed,30.0,30.0,34.046,False,200,
1787722346.720818,managed,30.0,30.0,38.485,False,200,
1787722346.7541513,managed,30.0,30.0,34.991,False,200,
1787722346.7874846,managed,30.0,30.0,30.193,False,200,
1787722346.820818,managed,30.0,30.0,36.223,False,200,
1787722346.8541512,managed,30.0,30.0,34.416,False,200,
1787722346.8874846,managed,30.0,30.0,31.221,False,200,
1787722346.920818,managed,30.0,30.0,35.436,False,200,
1787722346.9541514,managed,30.0,30.0,47.64,False,200,
1787722346.9874847,managed,30.0,30.0,32.969,False,200,
1787722347.020818,managed,30.0,30.0,39.655,False,200,
1787722347.0541513,managed,30.0,30.0,35.46,False,200,
1787722347.0874846,managed,30.0,30.0,34.015,False,200,
1787722347.120818,managed,30.0,30.0,39.43,False,200,
1787722347.1541514,managed,30.0,30.0,35.57,False,200,
1787722347.1874847,managed,30.0,30.0,39.41,False,200,
1787722347.220818,managed,30.0,30.0,31.709,False,200,
1787722347.2541513,managed,30.0,30.0,30.986,False,200,
1787722347.2874846,managed,30.0,30.0,39.631,False,200,
1787722347.320818,managed,30.0,30.0,40.184,False,200,
1787722347.3541512,managed,30.0,30.0,46.377,False,200,
1787722347.3874846,managed,30.0,30.0,33.457,False,200,
1787722347.420818,managed,30.0,30.0,29.287,False,200,
1787722347.4541514,managed,30.0,30.0,46.144,False,200,
1787722347.4874847,managed,30.0,30.0,33.438,False,200,
1787722347.520818,managed,30.0,30.0,33.416,False,200,
1787722347.5541513,managed,30.0,30.0,30.675,False,200,
1787722347.5874846,managed,30.0,30.0,36.458,False,200,
1787722347.620818,managed,30.0,30.0,34.108,False,200,
1787722347.6541514,managed,30.0,30.0,33.282,False,200,
1787722347.6874847,managed,30.0,30.0,30.346,False,200,
1787722347.720818,managed,30.0,30.0,39.266,False,200,
1787722347.7541513,managed,30.0,30.0,39.78,False,200,
1787722347.7874846,managed,30.0,30.0,32.306,False,200,
1787722347.820818,managed,30.0,30.0,29.406,False,200,
1787722347.8541512,managed,30.0,30.0,29.466,False,200,
1787722347.8874846,managed,30.0,30.0,36.878,False,200,
1787722347.920818,managed,30.0,30.0,46.874,False,200,
1787722347.9541514,managed,30.0,30.0,28.432,False,200,
1787722347.9874847,managed,30.0,30.0,40.098,False,200,
1787722348.020818,managed,30.0,30.0,39.171,False,200,
1787722348.0541513,managed,30.0,30.0,29.226,False,200,
1787722348.0874846,managed,30.0,30.0,33.707,False,200,
1787722348.120818,managed,30.0,30.0,39.361,False,200,
1787722348.1541514,managed,30.0,30.0,27.352,False,200,
1787722348.1874847,managed,30.0,30.0,35.65,False,200,
1787722348.220818,managed,30.0,30.0,33.262,False,200,
1787722348.2541513,managed,30.0,30.0,32.304,False,200,
1787722348.2874846,managed,30.0,30.0,31.459,False,200,
1787722348.320818,managed,30.0,30.0,35.429,False,200,
1787722348.3541512,managed,30.0,30.0,37.263,False,200,
1787722348.3874846,managed,30.0,30.0,37.386,False,200,
1787722348.420818,managed,30.0,30.0,31.266,False,200,
1787722348.4541514,managed,30.0,30.0,32.476,False,200,
1787722348.4874847,managed,30.0,30.0,34.2,False,200,
1787722348.520818,managed,30.0,30.0,44.448,False,200,
1787722348.5541513,managed,30.0,30.0,29.02,False,200,
1787722348.5874846,managed,30.0,30.0,48.293,False,200,
1787722348.620818,managed,30.0,30.0,31.047,False,200,
1787722348.6541514,managed,30.0,30.0,37.733,False,200,
1787722348.6874847,managed,30.0,30.0,34.189,False,200,
1787722348.720818,managed,30.0,30.0,33.939,False,200,
1787722348.7541513,managed,30.0,30.0,26.956,False,200,
1787722348.7874846,managed,30.0,30.0,45.053,False,200,
1787722348.820818,managed,30.0,30.0,35.174,False,200,
1787722348.8541512,managed,30.0,30.0,28.11,False,200,
1787722348.8874846,managed,30.0,30.0,38.39,False,200,
1787722348.920818,managed,30.0,30.0,37.115,False,200,
1787722348.9541514,managed,30.0,30.0,33.248,False,200,
1787722348.9874847,managed,30.0,30.0,37.136,False,200,
1787722349.020818,managed,30.0,30.0,36.973,False,200,
1787722349.0541513,managed,30.0,30.0,30.301,False,200,
1787722349.0874846,managed,30.0,30.0,36.259,False,200,
1787722349.120818,managed,30.0,30.0,33.089,False,200,
1787722349.1541514,managed,30.0,30.0,40.97,False,200,
1787722349.1874847,managed,30.0,30.0,36.164,False,200,
1787722349.220818,managed,30.0,30.0,36.451,False,200,
1787722349.2541513,managed,30.0,30.0,38.209,False,200,
1787722349.2874846,managed,30.0,30.0,38.137,False,200,
1787722349.320818,managed,30.0,30.0,34.081,False,200,
1787722349.3541512,managed,30.0,30.0,46.834,False,200,
1787722349.3874846,managed,30.0,30.0,29.347,False,200,
1787722349.420818,managed,30.0,30.0,30.333,False,200,
1787722349.4541514,managed,30.0,30.0,31.936,False,200,
1787722349.4874847,managed,30.0,30.0,40.667,False,200,
1787722349.520818,managed,30.0,30.0,26.719,False,200,
1787722349.5541513,managed,30.0,30.0,33.83,False,200,
1787722349.5874846,managed,30.0,30.0,35.875,False,200,
1787722349.620818,managed,30.0,30.0,32.771,False,200,
1787722349.6541514,managed,30.0,30.0,30.104,False,200,
1787722349.6874847,managed,30.0,30.0,36.648,False,200,
1787722349.720818,managed,30.0,30.0,33.468,False,200,
1787722349.7541513,managed,30.0,30.0,33.154,False,200,
1787722349.7874846,managed,30.0,30.0,24.215,False,200,
1787722349.820818,managed,30.0,30.0,33.931,False,200,
1787722349.8541512,managed,30.0,30.0,34.227,False,200,
1787722349.8874846,managed,30.0,30.0,26.67,False,200,
1787722349.920818,managed,30.0,30.0,40.904,False,200,
1787722349.9541514,managed,30.0,30.0,39.412,False,200,
1787722349.9874847,managed,30.0,30.0,46.466,False,200,
1787722350.020818,managed,30.0,30.0,36.939,False,200,
1787722350.0541513,managed,30.0,30.0,38.065,False,200,
1787722350.0874846,managed,30.0,30.0,44.57,False,200,
1787722350.120818,managed,30.0,30.0,29.349,False,200,
1787722350.1541514,managed,30.0,30.0,25.759,False,200,
1787722350.1874847,managed,30.0,30.0,30.57,False,200,
1787722350.220818,managed,30.0,30.0,49.65,False,200,
1787722350.2541513,managed,30.0,30.0,33.575,False,200,
1787722350.2874846,managed,30.0,30.0,37.795,False,200,
1787722350.320818,managed,30.0,30.0,49.032,False,200,
1787722350.3541512,managed,30.0,30.0,32.924,False,200,
1787722350.3874846,managed,30.0,30.0,36.895,False,200,
1787722350.420818,managed,30.0,30.0,39.179,False,200,
1787722350.4541514,managed,30.0,30.0,34.842,False,200,
1787722350.4874847,managed,30.0,30.0,28.995,False,200,
1787722350.520818,managed,30.0,30.0,36.411,False,200,
1787722350.5541513,managed,30.0,30.0,31.956,False,200,
1787722350.5874846,managed,30.0,30.0,41.285,False,200,
1787722350.620818,managed,30.0,30.0,37.219,False,200,
1787722350.6541514,managed,30.0,30.0,33.909,False,200,
1787722350.6874847,managed,30.0,30.0,30.121,False,200,
1787722350.720818,managed,30.0,30.0,28.388,False,200,
1787722350.7541513,managed,30.0,30.0,36.986,False,200,
1787722350.7874846,managed,30.0,30.0,37.774,False,200,
1787722350.820818,managed,30.0,30.0,42.288,False,200,
1787722350.8541512,managed,30.0,30.0,31.458,False,200,
1787722350.8874846,managed,30.0,30.0,26.366,False,200,
1787722350.920818,managed,30.0,30.0,31.71,False,200,
1787722350.9541514,managed,30.0,30.0,34.157,False,200,
1787722350.9874847,managed,30.0,30.0,41.583,False,200,
1787722351.020818,managed,30.0,30.0,31.75,False,200,
1787722351.0541513,managed,30.0,30.0,27.412,False,200,
1787722351.0874846,managed,30.0,30.0,40.52,False,200,
1787722351.120818,managed,30.0,30.0,28.528,False,200,
1787722351.1541514,managed,30.0,30.0,33.533,False,200,
1787722351.1874847,managed,30.0,30.0,29.266,False,200,
1787722351.220818,managed,30.0,30.0,34.64,False,200,
1787722351.2541513,managed,30.0,30.0,38.038,False,200,
1787722351.2874846,managed,30.0,30.0,34.286,False,200,
1787722351.320818,managed,30.0,30.0,34.143,False,200,
1787722351.3541512,managed,30.0,30.0,29.86,False,200,
1787722351.3874846,managed,30.0,30.0,41.372,False,200,
1787722351.420818,managed,30.0,30.0,28.135,False,200,
1787722351.4541514,managed,30.0,30.0,39.215,False,200,
1787722351.4874847,managed,30.0,30.0,31.98,False,200,
1787722351.520818,managed,30.0,30.0,39.583,False,200,
1787722351.5541513,managed,30.0,30.0,39.867,False,200,
1787722351.5874846,managed,30.0,30.0,39.623,False,200,
1787722351.620818,managed,30.0,30.0,37.743,False,200,
1787722351.6541514,managed,30.0,30.0,38.73,False,200,
1787722351.6874847,managed,30.0,30.0,36.215,False,200,
1787722351.720818,managed,30.0,30.0,47.844,False,200,
1787722351.7541513,managed,30.0,30.0,33.13,False,200,
1787722351.7874846,managed,30.0,30.0,33.167,False,200,
1787722351.820818,managed,30.0,30.0,29.381,False,200,
1787722351.8541512,managed,30.0,30.0,40.175,False,200,
1787722351.8874846,managed,30.0,30.0,31.329,False,200,
1787722351.920818,managed,30.0,30.0,29.687,False,200,
1787722351.9541514,managed,30.0,30.0,37.188,False,200,
1787722351.9874847,managed,30.0,30.0,39.765,False,200,
1787722352.020818,managed,30.0,30.0,41.934,False,200,
1787722352.0541513,managed,30.0,30.0,34.439,False,200,
1787722352.0874846,managed,30.0,30.0,29.922,False,200,
1787722352.120818,managed,30.0,30.0,34.301,False,200,
1787722352.1541514,managed,30.0,30.0,36.117,False,200,
1787722352.1874847,managed,30.0,30.0,34.369,False,200,
1787722352.220818,managed,30.0,30.0,43.811,False,200,
1787722352.2541513,managed,30.0,30.0,41.989,False,200,
1787722352.2874846,managed,30.0,30.0,28.549,False,200,
1787722352.320818,managed,30.0,30.0,24.807,False,200,
1787722352.3541512,managed,30.0,30.0,39.052,False,200,
1787722352.3874846,managed,30.0,30.0,31.518,False,200,
1787722352.420818,managed,30.0,30.0,37.958,False,200,
1787722352.4541514,managed,30.0,30.0,37.753,False,200,
1787722352.4874847,managed,30.0,30.0,37.699,False,200,
1787722352.520818,managed,30.0,30.0,26.951,False,200,
1787722352.5541513,managed,30.0,30.0,30.026,False,200,
1787722352.5874846,managed,30.0,30.0,35.577,False,200,
1787722352.620818,managed,30.0,30.0,41.117,False,200,
1787722352.6541514,managed,30.0,30.0,38.459,False,200,
1787722352.6874847,managed,30.0,30.0,34.481,False,200,
1787722352.720818,managed,30.0,30.0,38.363,False,200,
1787722352.7541513,managed,30.0,30.0,43.92,False,200,
1787722352.7874846,managed,30.0,30.0,40.356,False,200,
1787722352.820818,managed,30.0,30.0,35.638,False,200,
1787722352.8541512,managed,30.0,30.0,42.365,False,200,
1787722352.8874846,managed,30.0,30.0,38.926,False,200,
1787722352.920818,managed,30.0,30.0,35.552,False,200,
1787722352.9541514,managed,30.0,30.0,34.181,False,200,
1787722352.9874847,managed,30.0,30.0,35.954,False,200,
1787722353.020818,managed,30.0,30.0,36.188,False,200,
1787722353.0541513,managed,30.0,30.0,33.797,False,200,
1787722353.0874846,managed,30.0,30.0,38.277,False,200,
1787722353.120818,managed,30.0,30.0,27.573,False,200,
1787722353.1541514,managed,30.0,30.0,30.998,False,200,
1787722353.1874847,managed,30.0,30.0,34.755,False,200,
1787722353.220818,managed,30.0,30.0,32.708,False,200,
1787722353.2541513,managed,30.0,30.0,35.533,False,200,
1787722353.2874846,managed,30.0,30.0,34.113,False,200,
1787722353.320818,managed,30.0,30.0,34.445,False,200,
1787722353.3541512,managed,30.0,30.0,30.877,False,200,
1787722353.3874846,managed,30.0,30.0,33.553,False,200,
1787722353.420818,managed,30.0,30.0,37.103,False,200,
1787722353.4541514,managed,30.0,30.0,34.398,False,200,
1787722353.4874847,managed,30.0,30.0,31.589,False,200,
1787722353.520818,managed,30.0,30.0,32.184,False,200,
1787722353.5541513,managed,30.0,30.0,37.806,False,200,
1787722353.5874846,managed,30.0,30.0,38.401,False,200,
1787722353.620818,managed,30.0,30.0,35.607,False,200,
1787722353.6541514,managed,30.0,30.0,29.629,False,200,
1787722353.6874847,managed,30.0,30.0,39.31,False,200,
1787722353.720818,managed,30.0,30.0,35.244,False,200,
1787722353.7541513,managed,30.0,30.0,34.236,False,200,
1787722353.7874846,managed,30.0,30.0,35.105,False,200,
1787722353.820818,managed,30.0,30.0,34.944,False,200,
1787722353.8541512,managed,30.0,30.0,30.898,False,200,
1787722353.8874846,managed,30.0,30.0,37.916,False,200,
1787722353.920818,managed,30.0,30.0,39.736,False,200,
1787722353.9541514,managed,30.0,30.0,44.029,False,200,
1787722353.9874847,managed,30.0,30.0,34.85,False,200,
1787722354.020818,managed,30.0,30.0,28.515,False,200,
1787722354.0541513,managed,30.0,30.0,29.615,False,200,
1787722354.0874846,managed,30.0,30.0,36.062,False,200,
1787722354.120818,managed,30.0,30.0,25.157,False,200,
1787722354.1541514,managed,30.0,30.0,45.925,False,200,
1787722354.1874847,managed,30.0,30.0,38.896,False,200,
1787722354.220818,managed,30.0,30.0,38.55,False,200,
1787722354.2541513,managed,30.0,30.0,41.133,False,200,
1787722354.2874846,managed,30.0,30.0,35.875,False,200,
1787722354.320818,managed,30.0,30.0,36.381,False,200,
1787722354.3541512,managed,30.0,30.0,32.065,False,200,
1787722354.3874846,managed,30.0,30.0,25.223,False,200,
1787722354.420818,managed,30.0,30.0,36.025,False,200,
1787722354.4541514,managed,30.0,30.0,45.115,False,200,
1787722354.4874847,managed,30.0,30.0,48.908,False,200,
1787722354.520818,managed,30.0,30.0,33.87,False,200,
1787722354.5541513,managed,30.0,30.0,32.342,False,200,
1787722354.5874846,managed,30.0,30.0,37.599,False,200,
1787722354.620818,managed,30.0,30.0,26.37,False,200,
1787722354.6541514,managed,30.0,30.0,38.939,False,200,
1787722354.6874847,managed,30.0,30.0,30.655,False,200,
1787722354.720818,managed,30.0,30.0,35.469,False,200,
1787722354.7541513,managed,30.0,30.0,32.384,False,200,
1787722354.7874846,managed,30.0,30.0,32.343,False,200,
1787722354.820818,managed,30.0,30.0,36.5,False,200,
1787722354.8541512,managed,30.0,30.0,37.943,False,200,
1787722354.8874846,managed,30.0,30.0,46.245,False,200,
1787722354.920818,managed,30.0,30.0,35.982,False,200,
1787722354.9541514,managed,30.0,30.0,29.242,False,200,
1787722354.9874847,managed,30.0,30.0,28.359,False,200,
1787722355.020818,managed,30.0,30.0,34.965,False,200,
1787722355.0541513,managed,30.0,30.0,49.713,False,200,
1787722355.0874846,managed,30.0,30.0,43.563,False,200,
1787722355.120818,managed,30.0,30.0,31.426,False,200,
1787722355.1541514,managed,30.0,30.0,40.039,False,200,
1787722355.1874847,managed,30.0,30.0,34.419,False,200,
1787722355.220818,managed,30.0,30.0,30.968,False,200,
1787722355.2541513,managed,30.0,30.0,33.646,False,200,
1787722355.2874846,managed,30.0,30.0,29.941,False,200,
1787722355.320818,managed,30.0,30.0,30.912,False,200,
1787722355.3541512,managed,30.0,30.0,31.997,False,200,
1787722355.3874846,managed,30.0,30.0,38.444,False,200,
1787722355.420818,managed,30.0,30.0,36.441,False,200,
1787722355.4541514,managed,30.0,30.0,31.014,False,200,
1787722355.4874847,managed,30.0,30.0,36.55,False,200,
1787722355.520818,managed,30.0,30.0,29.391,False,200,
1787722355.5541513,managed,30.0,30.0,34.774,False,200,
1787722355.5874846,managed,30.0,30.0,33.002,False,200,
1787722355.620818,managed,30.0,30.0,31.125,False,200,
1787722355.6541514,managed,30.0,30.0,34.487,False,200,
1787722355.6874847,managed,30.0,30.0,34.229,False,200,
1787722355.720818,managed,30.0,30.0,28.2,False,200,
1787722355.7541513,managed,30.0,30.0,53.237,False,200,
1787722355.7874846,managed,30.0,30.0,41.653,False,200,
1787722355.820818,managed,30.0,30.0,37.013,False,200,
1787722355.8541512,managed,30.0,30.0,31.774,False,200,
1787722355.8874846,managed,30.0,30.0,33.252,False,200,
1787722355.920818,managed,30.0,30.0,33.367,False,200,
1787722355.9541514,managed,30.0,30.0,39.873,False,200,
1787722355.9874847,managed,30.0,30.0,34.782,False,200,
1787722356.020818,managed,30.0,30.0,27.311,False,200,
1787722356.0541513,managed,30.0,30.0,36.76,False,200,
1787722356.0874846,managed,30.0,30.0,37.022,False,200,
1787722356.120818,managed,30.0,30.0,38.953,False,200,
1787722356.1541514,managed,30.0,30.0,32.085,False,200,
1787722356.1874847,managed,30.0,30.0,42.509,False,200,
1787722356.220818,managed,30.0,30.0,45.928,False,200,
1787722356.2541513,managed,30.0,30.0,32.734,False,200,
1787722356.2874846,managed,30.0,30.0,34.348,False,200,
1787722356.320818,managed,30.0,30.0,40.654,False,200,
1787722356.3541512,managed,30.0,30.0,37.062,False,200,
1787722356.3874846,managed,30.0,30.0,25.826,False,200,
1787722356.420818,managed,30.0,30.0,45.603,False,200,
1787722356.4541514,managed,30.0,30.0,35.576,False,200,
1787722356.4874847,managed,30.0,30.0,26.834,False,200,
1787722356.520818,managed,30.0,30.0,38.098,False,200,
1787722356.5541513,managed,30.0,30.0,32.838,False,200,
1787722356.5874846,managed,30.0,30.0,33.674,False,200,
1787722356.620818,managed,30.0,30.0,28.52,False,200,
1787722356.6541514,managed,30.0,30.0,44.255,False,200,
1787722356.6874847,managed,30.0,30.0,36.527,False,200,
1787722356.720818,managed,30.0,30.0,42.925,False,200,
1787722356.7541513,managed,30.0,30.0,32.99,False,200,
1787722356.7874846,managed,30.0,30.0,50.201,False,200,
1787722356.820818,managed,30.0,30.0,42.175,False,200,
1787722356.8541512,managed,30.0,30.0,42.639,False,200,
1787722356.8874846,managed,30.0,30.0,35.362,False,200,
1787722356.920818,managed,30.0,30.0,34.148,False,200,
1787722356.9541514,managed,30.0,30.0,32.536,False,200,
1787722356.9874847,managed,30.0,30.0,42.702,False,200,
1787722357.020818,managed,30.0,30.0,40.002,False,200,
1787722357.0541513,managed,30.0,30.0,36.994,False,200,
1787722357.0874846,managed,30.0,30.0,29.592,False,200,
1787722357.120818,managed,30.0,30.0,33.792,False,200,
1787722357.1541514,managed,30.0,30.0,32.439,False,200,
1787722357.1874847,managed,30.0,30.0,38.605,False,200,
1787722357.220818,managed,30.0,30.0,42.385,False,200,
1787722357.2541513,managed,30.0,30.0,32.158,False,200,
1787722357.2874846,managed,30.0,30.0,27.896,False,200,
1787722357.320818,managed,30.0,30.0,39.324,False,200,
1787722357.3541512,managed,30.0,30.0,35.319,False,200,
1787722357.3874846,managed,30.0,30.0,45.653,False,200,
1787722357.420818,managed,30.0,30.0,36.934,False,200,
1787722357.4541514,managed,30.0,30.0,44.312,False,200,
1787722357.4874847,managed,30.0,30.0,30.602,False,200,
1787722357.520818,managed,30.0,30.0,29.651,False,200,
1787722357.5541513,managed,30.0,30.0,36.316,False,200,
1787722357.5874846,managed,30.0,30.0,44.473,False,200,
1787722357.620818,managed,30.0,30.0,33.243,False,200,
1787722357.6541514,managed,30.0,30.0,39.836,False,200,
1787722357.6874847,managed,30.0,30.0,31.078,False,200,
1787722357.720818,managed,30.0,30.0,40.776,False,200,
1787722357.7541513,managed,30.0,30.0,33.325,False,200,
1787722357.7874846,managed,30.0,30.0,31.718,False,200,
1787722357.820818,managed,30.0,30.0,39.181,False,200,
1787722357.8541512,managed,30.0,30.0,35.85,False,200,
1787722357.8874846,managed,30.0,30.0,31.768,False,200,
1787722357.920818,managed,30.0,30.0,30.611,False,200,
1787722357.9541514,managed,30.0,30.0,31.622,False,200,
1787722357.9874847,managed,30.0,30.0,30.629,False,200,
1787722358.020818,managed,30.0,30.0,31.04,False,200,
1787722358.0541513,managed,30.0,30.0,31.636,False,200,
1787722358.0874846,managed,30.0,30.0,28.554,False,200,
1787722358.120818,managed,30.0,30.0,33.691,False,200,
1787722358.1541514,managed,30.0,30.0,30.999,False,200,
1787722358.1874847,managed,30.0,30.0,27.094,False,200,
1787722358.220818,managed,30.0,30.0,40.949,False,200,
1787722358.2541513,managed,30.0,30.0,33.593,False,200,
1787722358.2874846,managed,30.0,30.0,36.658,False,200,
1787722358.320818,managed,30.0,30.0,37.119,False,200,
1787722358.3541512,managed,30.0,30.0,27.99,False,200,
1787722358.3874846,managed,30.0,30.0,31.173,False,200,
1787722358.420818,managed,30.0,30.0,30.812,False,200,
1787722358.4541514,managed,30.0,30.0,37.285,False,200,
1787722358.4874847,managed,30.0,30.0,43.077,False,200,
1787722358.520818,managed,30.0,30.0,35.282,False,200,
1787722358.5541513,managed,30.0,30.0,31.926,False,200,
1787722358.5874846,managed,30.0,30.0,42.979,False,200,
1787722358.620818,managed,30.0,30.0,36.355,False,200,
1787722358.6541514,managed,30.0,30.0,41.05,False,200,
1787722358.6874847,managed,30.0,30.0,39.057,False,200,
1787722358.720818,managed,30.0,30.0,39.68,False,200,
1787722358.7541513,managed,30.0,30.0,27.026,False,200,
1787722358.7874846,managed,30.0,30.0,39.157,False,200,
1787722358.820818,managed,30.0,30.0,40.094,False,200,
1787722358.8541512,managed,30.0,30.0,42.762,False,200,
1787722358.8874846,managed,30.0,30.0,27.928,False,200,
1787722358.920818,managed,30.0,30.0,31.6,False,200,
1787722358.9541514,managed,30.0,30.0,36.046,False,200,
1787722358.9874847,managed,30.0,30.0,29.914,False,200,
1787722359.020818,managed,30.0,30.0,35.517,False,200,
1787722359.0541513,managed,30.0,30.0,32.856,False,200,
1787722359.0874846,managed,30.0,30.0,37.688,False,200,
1787722359.120818,managed,30.0,30.0,31.31,False,200,
1787722359.1541514,managed,30.0,30.0,36.26,False,200,
1787722359.1874847,managed,30.0,30.0,33.094,False,200,
1787722359.220818,managed,30.0,30.0,49.74,False,200,
1787722359.2541513,managed,30.0,30.0,26.457,False,200,
1787722359.2874846,managed,30.0,30.0,36.024,False,200,
1787722359.320818,managed,30.0,30.0,30.994,False,200,
1787722359.3541512,managed,30.0,30.0,32.187,False,200,
1787722359.3874846,managed,30.0,30.0,38.274,False,200,
1787722359.420818,managed,30.0,30.0,33.822,False,200,
1787722359.4541514,managed,30.0,30.0,37.815,False,200,
1787722359.4874847,managed,30.0,30.0,38.595,False,200,
1787722359.520818,managed,30.0,30.0,27.935,False,200,
1787722359.5541513,managed,30.0,30.0,32.48,False,200,
1787722359.5874846,managed,30.0,30.0,44.819,False,200,
1787722359.620818,managed,30.0,30.0,37.839,False,200,
1787722359.6541514,managed,30.0,30.0,26.869,False,200,
1787722359.6874847,managed,30.0,30.0,38.797,False,200,
1787722359.720818,managed,30.0,30.0,41.656,False,200,
1787722359.7541513,managed,30.0,30.0,36.148,False,200,
1787722359.7874846,managed,30.0,30.0,37.338,False,200,
1787722359.820818,managed,30.0,30.0,32.521,False,200,
1787722359.8541512,managed,30.0,30.0,48.291,False,200,
1787722359.8874846,managed,30.0,30.0,38.519,False,200,
1787722359.920818,managed,30.0,30.0,36.216,False,200,
1787722359.9541514,managed,30.0,30.0,36.383,False,200,
1787722359.9874847,managed,30.0,30.0,31.162,False,200,
1787722360.020818,managed,30.0,30.0,31.961,False,200,
1787722360.0541513,managed,30.0,30.0,30.657,False,200,
1787722360.0874846,managed,30.0,30.0,43.326,False,200,
1787722360.120818,managed,30.0,30.0,39.788,False,200,
1787722360.1541514,managed,30.0,30.0,30.148,False,200,
1787722360.1874847,managed,30.0,30.0,32.611,False,200,
1787722360.220818,managed,30.0,30.0,26.535,False,200,
1787722360.2541513,managed,30.0,30.0,32.42,False,200,
1787722360.2874846,managed,30.0,30.0,34.178,False,200,
1787722360.320818,managed,30.0,30.0,33.109,False,200,
1787722360.3541512,managed,30.0,30.0,34.38,False,200,
1787722360.3874846,managed,30.0,30.0,33.392,False,200,
1787722360.420818,managed,30.0,30.0,37.04,False,200,
1787722360.4541514,managed,30.0,30.0,36.503,False,200,
1787722360.4874847,managed,30.0,30.0,33.992,False,200,
1787722360.520818,managed,30.0,30.0,37.237,False,200,
1787722360.5541513,managed,30.0,30.0,34.755,False,200,
1787722360.5874846,managed,30.0,30.0,36.047,False,200,
1787722360.620818,managed,30.0,30.0,45.606,False,200,
1787722360.6541514,managed,30.0,30.0,29.24,False,200,
1787722360.6874847,managed,30.0,30.0,34.364,False,200,
1787722360.720818,managed,30.0,30.0,36.196,False,200,
1787722360.7541513,managed,30.0,30.0,29.002,False,200,
1787722360.7874846,managed,30.0,30.0,44.795,False,200,
1787722360.820818,managed,30.0,30.0,33.826,False,200,
1787722360.8541512,managed,30.0,30.0,33.818,False,200,
1787722360.8874846,managed,30.0,30.0,39.845,False,200,
1787722360.920818,managed,30.0,30.0,32.661,False,200,
1787722360.9541514,managed,30.0,30.0,39.016,False,200,
1787722360.9874847,managed,30.0,30.0,38.986,False,200,
1787722361.020818,managed,30.0,30.0,43.292,False,200,
1787722361.0541513,managed,30.0,30.0,32.9,False,200,
1787722361.0874846,managed,30.0,30.0,36.098,False,200,
1787722361.120818,managed,30.0,30.0,39.407,False,200,
1787722361.1541514,managed,30.0,30.0,28.281,False,200,
1787722361.1874847,managed,30.0,30.0,41.147,False,200,
1787722361.220818,managed,30.0,30.0,36.434,False,200,
1787722361.2541513,managed,30.0,30.0,47.978,False,200,
1787722361.2874846,managed,30.0,30.0,30.988,False,200,
1787722361.320818,managed,30.0,30.0,39.989,False,200,
1787722361.3541512,managed,30.0,30.0,34.218,False,200,
1787722361.3874846,managed,30.0,30.0,42.983,False,200,
1787722361.420818,managed,30.0,30.0,28.119,False,200,
1787722361.4541514,managed,30.0,30.0,38.04,False,200,
1787722361.4874847,managed,30.0,30.0,32.221,False,200,
1787722361.520818,managed,30.0,30.0,31.414,False,200,
1787722361.5541513,managed,30.0,30.0,36.309,False,200,
1787722361.5874846,managed,30.0,30.0,36.881,False,200,
1787722361.620818,managed,30.0,30.0,37.687,False,200,
1787722361.6541514,managed,30.0,30.0,36.237,False,200,
1787722361.6874847,managed,30.0,30.0,41.354,False,200,
1787722361.720818,managed,30.0,30.0,37.244,False,200,
1787722361.7541513,managed,30.0,30.0,32.139,False,200,
1787722361.7874846,managed,30.0,30.0,38.77,False,200,
1787722361.820818,managed,30.0,30.0,39.244,False,200,
1787722361.8541512,managed,30.0,30.0,43.876,False,200,
1787722361.8874846,managed,30.0,30.0,38.846,False,200,
1787722361.920818,managed,30.0,30.0,34.306,False,200,
1787722361.9541514,managed,30.0,30.0,37.18,False,200,
1787722361.9874847,managed,30.0,30.0,36.046,False,200,
1787722362.020818,managed,30.0,30.0,35.893,False,200,
1787722362.0541513,managed,30.0,30.0,37.318,False,200,
1787722362.0874846,managed,30.0,30.0,32.932,False,200,
1787722362.120818,managed,30.0,30.0,31.363,False,200,
1787722362.1541514,managed,30.0,30.0,40.954,False,200,
1787722362.1874847,managed,30.0,30.0,29.911,False,200,
1787722362.220818,managed,30.0,30.0,38.623,False,200,
1787722362.2541513,managed,30.0,30.0,31.917,False,200,
1787722362.2874846,managed,30.0,30.0,36.474,False,200,
1787722362.320818,managed,30.0,30.0,35.114,False,200,
1787722362.3541512,managed,30.0,30.0,40.15,False,200,
1787722362.3874846,managed,30.0,30.0,27.789,False,200,
1787722362.420818,managed,30.0,30.0,29.709,False,200,
1787722362.4541514,managed,30.0,30.0,33.192,False,200,
1787722362.4874847,managed,30.0,30.0,32.437,False,200,
1787722362.520818,managed,30.0,30.0,29.695,False,200,
1787722362.5541513,managed,30.0,30.0,37.048,False,200,
1787722362.5874846,managed,30.0,30.0,37.368,False,200,
1787722362.620818,managed,30.0,30.0,31.504,False,200,
1787722362.6541514,managed,30.0,30.0,36.101,False,200,
1787722362.6874847,managed,30.0,30.0,32.384,False,200,
1787722362.720818,managed,30.0,30.0,30.749,False,200,
1787722362.7541513,managed,30.0,30.0,29.818,False,200,
1787722362.7874846,managed,30.0,30.0,39.753,False,200,
1787722362.820818,managed,30.0,30.0,33.221,False,200,
1787722362.8541512,managed,30.0,30.0,49.12,False,200,
1787722362.8874846,managed,30.0,30.0,30.651,False,200,
1787722362.920818,managed,30.0,30.0,49.365,False,200,
1787722362.9541514,managed,30.0,30.0,38.486,False,200,
1787722362.9874847,managed,30.0,30.0,37.343,False,200,
1787722363.020818,managed,30.0,30.0,36.569,False,200,
1787722363.0541513,managed,30.0,30.0,33.88,False,200,
1787722363.0874846,managed,30.0,30.0,30.743,False,200,
1787722363.120818,managed,30.0,30.0,33.453,False,200,
1787722363.1541514,managed,30.0,30.0,27.798,False,200,
1787722363.1874847,managed,30.0,30.0,33.996,False,200,
1787722363.220818,managed,30.0,30.0,30.84,False,200,
1787722363.2541513,managed,30.0,30.0,38.794,False,200,
1787722363.2874846,managed,30.0,30.0,36.592,False,200,
1787722363.320818,managed,30.0,30.0,31.333,False,200,
1787722363.3541512,managed,30.0,30.0,33.395,False,200,
1787722363.3874846,managed,30.0,30.0,33.941,False,200,
1787722363.420818,managed,30.0,30.0,33.009,False,200,
1787722363.4541514,managed,30.0,30.0,33.241,False,200,
1787722363.4874847,managed,30.0,30.0,37.912,False,200,
1787722363.520818,managed,30.0,30.0,36.335,False,200,
1787722363.5541513,managed,30.0,30.0,26.452,False,200,
1787722363.5874846,managed,30.0,30.0,35.748,False,200,
1787722363.620818,managed,30.0,30.0,33.845,False,200,
1787722363.6541514,managed,30.0,30.0,32.148,False,200,
1787722363.6874847,managed,30.0,30.0,43.362,False,200,
1787722363.720818,managed,30.0,30.0,32.244,False,200,
1787722363.7541513,managed,30.0,30.0,40.883,False,200,
1787722363.7874846,managed,30.0,30.0,31.562,False,200,
1787722363.820818,managed,30.0,30.0,36.697,False,200,
1787722363.8541512,managed,30.0,30.0,26.782,False,200,
1787722363.8874846,managed,30.0,30.0,33.696,False,200,
1787722363.920818,managed,30.0,30.0,38.512,False,200,
1787722363.9541514,managed,30.0,30.0,43.167,False,200,
1787722363.9874847,managed,30.0,30.0,32.877,False,200,
1787722364.020818,managed,30.0,30.0,38.001,False,200,
1787722364.0541513,managed,30.0,30.0,36.835,False,200,
1787722364.0874846,managed,30.0,30.0,37.36,False,200,
1787722364.120818,managed,30.0,30.0,30.157,False,200,
1787722364.1541514,managed,30.0,30.0,26.445,False,200,
1787722364.1874847,managed,30.0,30.0,34.638,False,200,
1787722364.220818,managed,30.0,30.0,28.786,False,200,
1787722364.2541513,managed,30.0,30.0,35.097,False,200,
1787722364.2874846,managed,30.0,30.0,48.703,False,200,
1787722364.320818,managed,30.0,30.0,44.334,False,200,
1787722364.3541512,managed,30.0,30.0,28.589,False,200,
1787722364.3874846,managed,30.0,30.0,43.079,False,200,
1787722364.420818,managed,30.0,30.0,44.287,False,200,
1787722364.4541514,managed,30.0,30.0,33.835,False,200,
1787722364.4874847,managed,30.0,30.0,37.459,False,200,
1787722364.520818,managed,30.0,30.0,42.722,False,200,
1787722364.5541513,managed,30.0,30.0,33.869,False,200,
1787722364.5874846,managed,30.0,30.0,35.54,False,200,
1787722364.620818,managed,30.0,30.0,31.41,False,200,
1787722364.6541514,managed,30.0,30.0,30.915,False,200,
1787722364.6874847,managed,30.0,30.0,33.986,False,200,
1787722364.720818,managed,30.0,30.0,34.567,False,200,
1787722364.7541513,managed,30.0,30.0,34.238,False,200,
1787722364.7874846,managed,30.0,30.0,55.787,False,200,
1787722364.820818,managed,30.0,30.0,39.707,False,200,
1787722364.8541512,managed,30.0,30.0,38.733,False,200,
1787722364.8874846,managed,30.0,30.0,35.124,False,200,
1787722364.920818,managed,30.0,30.0,40.446,False,200,
1787722364.9541514,managed,30.0,30.0,55.749,False,200,
1787722364.9874847,managed,30.0,30.0,39.158,False,200,
1787722365.020818,managed,30.0,30.0,35.352,False,200,
1787722365.0541513,managed,30.0,30.0,30.17,False,200,
1787722365.0874846,managed,30.0,30.0,31.523,False,200,
1787722365.120818,managed,30.0,30.0,36.015,False,200,
1787722365.1541514,managed,30.0,30.0,30.394,False,200,
1787722365.1874847,managed,30.0,30.0,27.896,False,200,
1787722365.220818,managed,30.0,30.0,32.083,False,200,
1787722365.2541513,managed,30.0,30.0,37.465,False,200,
1787722365.2874846,managed,30.0,30.0,40.655,False,200,
1787722365.320818,managed,30.0,30.0,33.623,False,200,
1787722365.3541512,managed,30.0,30.0,34.947,False,200,
1787722365.3874846,managed,30.0,30.0,34.391,False,200,
1787722365.420818,managed,30.0,30.0,29.802,False,200,
1787722365.4541514,managed,30.0,30.0,31.695,False,200,
1787722365.4874847,managed,30.0,30.0,30.545,False,200,
1787722365.520818,managed,30.0,30.0,34.137,False,200,
1787722365.5541513,managed,30.0,30.0,46.624,False,200,
1787722365.5874846,managed,30.0,30.0,42.839,False,200,
1787722365.620818,managed,30.0,30.0,28.494,False,200,
1787722365.6541514,managed,30.0,30.0,38.845,False,200,
1787722365.6874847,managed,30.0,30.0,26.464,False,200,
1787722365.720818,managed,30.0,30.0,29.035,False,200,
1787722365.7541513,managed,30.0,30.0,34.986,False,200,
1787722365.7874846,managed,30.0,30.0,41.733,False,200,
1787722365.820818,managed,30.0,30.0,35.905,False,200,
1787722365.8541512,managed,30.0,30.0,48.875,False,200,
1787722365.8874846,managed,30.0,30.0,34.793,False,200,
1787722365.920818,managed,30.0,30.0,43.479,False,200,
1787722365.9541514,managed,30.0,30.0,32.744,False,200,
1787722365.9874847,managed,30.0,30.0,43.804,False,200,
1787722366.020818,managed,30.0,30.0,35.836,False,200,
1787722366.0541513,managed,30.0,30.0,43.007,False,200,
1787722366.0874846,managed,30.0,30.0,33.834,False,200,
1787722366.120818,managed,30.0,30.0,34.026,False,200,
1787722366.1541514,managed,30.0,30.0,36.961,False,200,
1787722366.1874847,managed,30.0,30.0,36.072,False,200,
1787722366.220818,managed,30.0,30.0,37.921,False,200,
1787722366.2541513,managed,30.0,30.0,34.724,False,200,
1787722366.2874846,managed,30.0,30.0,41.956,False,200,
1787722366.320818,managed,30.0,30.0,30.725,False,200,
1787722366.3541512,managed,30.0,30.0,37.117,False,200,
1787722366.3874846,managed,30.0,30.0,43.873,False,200,
1787722366.420818,managed,30.0,30.0,32.32,False,200,
1787722366.4541514,managed,30.0,30.0,42.329,False,200,
1787722366.4874847,managed,30.0,30.0,37.772,False,200,
1787722366.520818,managed,30.0,30.0,33.787,False,200,
1787722366.5541513,managed,30.0,30.0,39.243,False,200,
1787722366.5874846,managed,30.0,30.0,37.422,False,200,
1787722366.620818,managed,30.0,30.0,42.083,False,200,
1787722366.6541514,managed,30.0,30.0,32.311,False,200,
1787722366.6874847,managed,30.0,30.0,31.735,False,200,
1787722366.720818,managed,30.0,30.0,35.092,False,200,
1787722366.7541513,managed,30.0,30.0,35.623,False,200,
1787722366.7874846,managed,30.0,30.0,31.963,False,200,
1787722366.820818,managed,30.0,30.0,36.988,False,200,
1787722366.8541512,managed,30.0,30.0,46.076,False,200,
1787722366.8874846,managed,30.0,30.0,39.749,False,200,
1787722366.920818,managed,30.0,30.0,24.012,False,200,
1787722366.9541514,managed,30.0,30.0,25.923,False,200,
1787722366.9874847,managed,30.0,30.0,30.811,False,200,
1787722367.020818,managed,30.0,30.0,33.559,False,200,
1787722367.0541513,managed,30.0,30.0,44.487,False,200,
1787722367.0874846,managed,30.0,30.0,34.279,False,200,
1787722367.120818,managed,30.0,30.0,41.542,False,200,
1787722367.1541514,managed,30.0,30.0,39.887,False,200,
1787722367.1874847,managed,30.0,30.0,35.817,False,200,
1787722367.220818,managed,30.0,30.0,30.149,False,200,
1787722367.2541513,managed,30.0,30.0,41.829,False,200,
1787722367.2874846,managed,30.0,30.0,30.863,False,200,
1787722367.320818,managed,30.0,30.0,41.637,False,200,
1787722367.3541512,managed,30.0,30.0,40.304,False,200,
1787722367.3874846,managed,30.0,30.0,31.969,False,200,
1787722367.420818,managed,30.0,30.0,32.055,False,200,
1787722367.4541514,managed,30.0,30.0,27.597,False,200,
1787722367.4874847,managed,30.0,30.0,29.467,False,200,
