timestamp,deployment_mode,rps_target,rps_actual,latency_ms,is_cold_start,status_code,error
1787684423.5347593,managed,30.0,30.0,182.216,True,200,
1787684423.5680926,managed,30.0,30.0,39.667,False,200,
1787684423.601426,managed,30.0,30.0,39.829,False,200,
1787684423.6347592,managed,30.0,30.0,39.605,False,200,
1787684423.6680927,managed,30.0,30.0,41.026,False,200,
1787684423.701426,managed,30.0,30.0,30.487,False,200,
1787684423.7347593,managed,30.0,30.0,33.476,False,200,
1787684423.7680926,managed,30.0,30.0,36.555,False,200,
1787684423.801426,managed,30.0,30.0,24.974,False,200,
1787684423.8347592,managed,30.0,30.0,36.702,False,200,
1787684423.8680925,managed,30.0,30.0,30.427,False,200,
1787684423.9014258,managed,30.0,30.0,34.967,False,200,
1787684423.9347594,managed,30.0,30.0,32.66,False,200,
1787684423.9680927,managed,30.0,30.0,35.092,False,200,
1787684424.001426,managed,30.0,30.0,32.136,False,200,
1787684424.0347593,managed,30.0,30.0,34.836,False,200,
1787684424.0680926,managed,30.0,30.0,47.074,False,200,
1787684424.101426,managed,30.0,30.0,50.409,False,200,
1787684424.1347592,managed,30.0,30.0,35.963,False,200,
1787684424.1680927,managed,30.0,30.0,34.797,False,200,
1787684424.201426,managed,30.0,30.0,41.302,False,200,
1787684424.2347593,managed,30.0,30.0,38.718,False,200,
1787684424.2680926,managed,30.0,30.0,29.418,False,200,
1787684424.301426,managed,30.0,30.0,41.139,False,200,
1787684424.3347592,managed,30.0,30.0,33.763,False,200,
1787684424.3680925,managed,30.0,30.0,35.42,False,200,
1787684424.4014258,managed,30.0,30.0,35.339,False,200,
1787684424.4347594,managed,30.0,30.0,31.797,False,200,
1787684424.4680927,managed,30.0,30.0,42.32,False,200,
1787684424.501426,managed,30.0,30.0,32.812,False,200,
1787684424.5347593,managed,30.0,30.0,41.866,False,200,
1787684424.5680926,managed,30.0,30.0,28.974,False,200,
1787684424.601426,managed,30.0,30.0,28.438,False,200,
1787684424.6347592,managed,30.0,30.0,33.307,False,200,
1787684424.6680927,managed,30.0,30.0,35.69,False,200,
1787684424.701426,managed,30.0,30.0,37.624,False,200,
1787684424.7347593,managed,30.0,30.0,41.726,False,200,
1787684424.7680926,managed,30.0,30.0,35.262,False,200,
1787684424.801426,managed,30.0,30.0,30.043,False,200,
1787684424.8347592,managed,30.0,30.0,38.818,False,200,
1787684424.8680925,managed,30.0,30.0,33.556,False,200,
1787684424.9014258,managed,30.0,30.0,33.871,False,200,
1787684424.9347594,managed,30.0,30.0,40.0,False,200,
1787684424.9680927,managed,30.0,30.0,35.756,False,200,
1787684425.001426,managed,30.0,30.0,35.634,False,200,
1787684425.0347593,managed,30.0,30.0,42.622,False,200,
1787684425.0680926,managed,30.0,30.0,28.864,False,200,
1787684425.101426,managed,30.0,30.0,41.14,False,200,
1787684425.1347592,managed,30.0,30.0,36.744,False,200,
1787684425.1680927,managed,30.0,30.0,43.885,False,200,
1787684425.201426,managed,30.0,30.0,34.777,False,200,
1787684425.2347593,managed,30.0,30.0,43.186,False,200,
1787684425.2680926,managed,30.0,30.0,27.38,False,200,
1787684425.301426,managed,30.0,30.0,34.232,False,200,
1787684425.3347592,managed,30.0,30.0,32.975,False,200,
1787684425.3680925,managed,30.0,30.0,35.043,False,200,
1787684425.4014258,managed,30.0,30.0,33.251,False,200,
1787684425.4347594,managed,30.0,30.0,28.406,False,200,
1787684425.4680927,managed,30.0,30.0,35.314,False,200,
1787684425.501426,managed,30.0,30.0,46.512,False,200,
1787684425.5347593,managed,30.0,30.0,36.95,False,200,
1787684425.5680926,managed,30.0,30.0,39.792,False,200,
1787684425.601426,managed,30.0,30.0,38.964,False,200,
1787684425.6347592,managed,30.0,30.0,34.147,False,200,
1787684425.6680927,managed,30.0,30.0,41.743,False,200,
1787684425.701426,managed,30.0,30.0,52.675,False,200,
1787684425.7347593,managed,30.0,30.0,53.614,False,200,
1787684425.7680926,managed,30.0,30.0,34.963,False,200,
1787684425.801426,managed,30.0,30.0,39.992,False,200,
1787684425.8347592,managed,30.0,30.0,37.763,False,200,
1787684425.8680925,managed,30.0,30.0,41.745,False,200,
1787684425.9014258,managed,30.0,30.0,34.623,False,200,
1787684425.9347594,managed,30.0,30.0,33.572,False,200,
1787684425.9680927,managed,30.0,30.0,40.308,False,200,
1787684426.001426,managed,30.0,30.0,34.691,False,200,
1787684426.0347593,managed,30.0,30.0,56.422,False,200,
1787684426.0680926,managed,30.0,30.0,32.783,False,200,
1787684426.101426,managed,30.0,30.0,36.493,False,200,
1787684426.1347592,managed,30.0,30.0,30.601,False,200,
1787684426.1680927,managed,30.0,30.0,33.195,False,200,
1787684426.201426,managed,30.0,30.0,30.369,False,200,
1787684426.2347593,managed,30.0,30.0,33.585,False,200,
1787684426.2680926,managed,30.0,30.0,37.801,False,200,
1787684426.301426,managed,30.0,30.0,32.585,False,200,
1787684426.3347592,managed,30.0,30.0,31.606,False,200,
1787684426.3680925,managed,30.0,30.0,40.31,False,200,
1787684426.4014258,managed,30.0,30.0,28.451,False,200,
1787684426.4347594,managed,30.0,30.0,39.584,False,200,
1787684426.4680927,managed,30.0,30.0,31.751,False,200,
1787684426.501426,managed,30.0,30.0,36.114,False,200,
1787684426.5347593,managed,30.0,30.0,36.098,False,200,
1787684426.5680926,managed,30.0,30.0,51.099,False,200,
1787684426.601426,managed,30.0,30.0,32.523,False,200,
1787684426.6347592,managed,30.0,30.0,33.484,False,200,
1787684426.6680927,managed,30.0,30.0,35.613,False,200,
1787684426.701426,managed,30.0,30.0,43.515,False,200,
1787684426.7347593,managed,30.0,30.0,43.11,False,200,
1787684426.7680926,managed,30.0,30.0,31.651,False,200,
1787684426.801426,managed,30.0,30.0,36.309,False,200,
1787684426.8347592,managed,30.0,30.0,40.957,False,200,
1787684426.8680925,managed,30.0,30.0,37.38,False,200,
1787684426.9014258,managed,30.0,30.0,24.854,False,200,
1787684426.9347594,managed,30.0,30.0,33.489,False,200,
1787684426.9680927,managed,30.0,30.0,34.26,False,200,
1787684427.001426,managed,30.0,30.0,32.032,False,200,
1787684427.0347593,managed,30.0,30.0,30.598,False,200,
1787684427.0680926,managed,30.0,30.0,25.51,False,200,
1787684427.101426,managed,30.0,30.0,41.485,False,200,
1787684427.1347592,managed,30.0,30.0,36.68,False,200,
1787684427.1680927,managed,30.0,30.0,31.585,False,200,
1787684427.201426,managed,30.0,30.0,32.807,False,200,
1787684427.2347593,managed,30.0,30.0,38.832,False,200,
1787684427.2680926,managed,30.0,30.0,27.883,False,200,
1787684427.301426,managed,30.0,30.0,37.141,False,200,
1787684427.3347592,managed,30.0,30.0,33.129,False,200,
1787684427.3680925,managed,30.0,30.0,41.284,False,200,
1787684427.4014258,managed,30.0,30.0,40.263,False,200,
1787684427.4347594,managed,30.0,30.0,32.607,False,200,
1787684427.4680927,managed,30.0,30.0,41.96,False,200,
1787684427.501426,managed,30.0,30.0,28.928,False,200,
1787684427.5347593,managed,30.0,30.0,39.496,False,200,
1787684427.5680926,managed,30.0,30.0,36.937,False,200,
1787684427.601426,managed,30.0,30.0,33.269,False,200,
1787684427.6347592,managed,30.0,30.0,26.275,False,200,
1787684427.6680927,managed,30.0,30.0,43.75,False,200,
1787684427.701426,managed,30.0,30.0,25.645,False,200,
1787684427.7347593,managed,30.0,30.0,34.797,False,200,
1787684427.7680926,managed,30.0,30.0,35.31,False,200,
1787684427.801426,managed,30.0,30.0,28.653,False,200,
1787684427.8347592,managed,30.0,30.0,30.842,False,200,
1787684427.8680925,managed,30.0,30.0,29.686,False,200,
1787684427.9014258,managed,30.0,30.0,44.21,False,200,
1787684427.9347594,managed,30.0,30.0,39.494,False,200,
1787684427.9680927,managed,30.0,30.0,27.492,False,200,
1787684428.001426,managed,30.0,30.0,30.856,False,200,
1787684428.0347593,managed,30.0,30.0,37.025,False,200,
1787684428.0680926,managed,30.0,30.0,46.141,False,200,
1787684428.101426,managed,30.0,30.0,39.139,False,200,
1787684428.1347592,managed,30.0,30.0,29.56,False,200,
1787684428.1680927,managed,30.0,30.0,34.199,False,200,
1787684428.201426,managed,30.0,30.0,25.759,False,200,
1787684428.2347593,managed,30.0,30.0,36.935,False,200,
1787684428.2680926,managed,30.0,30.0,27.357,False,200,
1787684428.301426,managed,30.0,30.0,34.669,False,200,
1787684428.3347592,managed,30.0,30.0,29.188,False,200,
1787684428.3680925,managed,30.0,30.0,42.292,False,200,
1787684428.4014258,managed,30.0,30.0,30.702,False,200,
1787684428.4347594,managed,30.0,30.0,30.771,False,200,
1787684428.4680927,managed,30.0,30.0,40.135,False,200,
1787684428.501426,managed,30.0,30.0,36.293,False,200,
1787684428.5347593,managed,30.0,30.0,38.585,False,200,
1787684428.5680926,managed,30.0,30.0,35.131,False,200,
1787684428.601426,managed,30.0,30.0,31.198,False,200,
1787684428.6347592,managed,30.0,30.0,30.788,False,200,
1787684428.6680927,managed,30.0,30.0,25.205,False,200,
1787684428.701426,managed,30.0,30.0,34.455,False,200,
1787684428.7347593,managed,30.0,30.0,30.424,False,200,
1787684428.7680926,managed,30.0,30.0,31.5,False,200,
1787684428.801426,managed,30.0,30.0,29.164,False,200,
1787684428.8347592,managed,30.0,30.0,35.122,False,200,
1787684428.8680925,managed,30.0,30.0,37.053,False,200,
1787684428.9014258,managed,30.0,30.0,38.376,False,200,
1787684428.9347594,managed,30.0,30.0,34.568,False,200,
1787684428.9680927,managed,30.0,30.0,38.21,False,200,
1787684429.001426,managed,30.0,30.0,38.805,False,200,
1787684429.0347593,managed,30.0,30.0,34.748,False,200,
1787684429.0680926,managed,30.0,30.0,38.305,False,200,
1787684429.101426,managed,30.0,30.0,27.079,False,200,
1787684429.1347592,managed,30.0,30.0,36.532,False,200,
1787684429.1680927,managed,30.0,30.0,27.972,False,200,
1787684429.201426,managed,30.0,30.0,28.579,False,200,
1787684429.2347593,managed,30.0,30.0,26.34,False,200,
1787684429.2680926,managed,30.0,30.0,33.509,False,200,
1787684429.301426,managed,30.0,30.0,38.347,False,200,
1787684429.3347592,managed,30.0,30.0,23.96,False,200,
1787684429.3680925,managed,30.0,30.0,32.804,False,200,
1787684429.4014258,managed,30.0,30.0,34.708,False,200,
1787684429.4347594,managed,30.0,30.0,43.481,False,200,
1787684429.4680927,managed,30.0,30.0,32.548,False,200,
1787684429.501426,managed,30.0,30.0,28.817,False,200,
1787684429.5347593,managed,30.0,30.0,33.595,False,200,
1787684429.5680926,managed,30.0,30.0,31.11,False,200,
1787684429.601426,managed,30.0,30.0,30.613,False,200,
1787684429.6347592,managed,30.0,30.0,42.887,False,200,
1787684429.6680927,managed,30.0,30.0,31.374,False,200,
1787684429.701426,managed,30.0,30.0,41.15,False,200,
1787684429.7347593,managed,30.0,30.0,28.79,False,200,
1787684429.7680926,managed,30.0,30.0,27.478,False,200,
1787684429.801426,managed,30.0,30.0,35.125,False,200,
1787684429.8347592,managed,30.0,30.0,29.245,False,200,
1787684429.8680925,managed,30.0,30.0,42.625,False,200,
1787684429.9014258,managed,30.0,30.0,40.885,False,200,
1787684429.9347594,managed,30.0,30.0,39.412,False,200,
1787684429.9680927,managed,30.0,30.0,35.743,False,200,
1787684430.001426,managed,30.0,30.0,44.808,False,200,
1787684430.0347593,managed,30.0,30.0,37.187,False,200,
1787684430.0680926,managed,30.0,30.0,27.42,False,200,
1787684430.101426,managed,30.0,30.0,33.427,False,200,
1787684430.1347592,managed,30.0,30.0,33.448,False,200,
1787684430.1680927,managed,30.0,30.0,34.353,False,200,
1787684430.201426,managed,30.0,30.0,38.529,False,200,
1787684430.2347593,managed,30.0,30.0,33.489,False,200,
1787684430.2680926,managed,30.0,30.0,30.596,False,200,
1787684430.301426,managed,30.0,30.0,41.918,False,200,
1787684430.3347592,managed,30.0,30.0,35.165,False,200,
1787684430.3680925,managed,30.0,30.0,39.52,False,200,
1787684430.4014258,managed,30.0,30.0,34.641,False,200,
1787684430.4347594,managed,30.0,30.0,37.285,False,200,
1787684430.4680927,managed,30.0,30.0,35.192,False,200,
1787684430.501426,managed,30.0,30.0,40.038,False,200,
1787684430.5347593,managed,30.0,30.0,33.6,False,200,
1787684430.5680926,managed,30.0,30.0,33.817,False,200,
1787684430.601426,managed,30.0,30.0,32.458,False,200,
1787684430.6347592,managed,30.0,30.0,34.565,False,200,
1787684430.6680927,managed,30.0,30.0,34.847,False,200,
1787684430.701426,managed,30.0,30.0,38.65,False,200,
1787684430.7347593,managed,30.0,30.0,36.181,False,200,
1787684430.7680926,managed,30.0,30.0,30.667,False,200,
1787684430.801426,managed,30.0,30.0,38.815,False,200,
1787684430.8347592,managed,30.0,30.0,35.26,False,200,
1787684430.8680925,managed,30.0,30.0,31.892,False,200,
1787684430.9014258,managed,30.0,30.0,42.101,False,200,
1787684430.9347594,managed,30.0,30.0,31.179,False,200,
1787684430.9680927,managed,30.0,30.0,37.412,False,200,
1787684431.001426,managed,30.0,30.0,29.12,False,200,
1787684431.0347593,managed,30.0,30.0,33.888,False,200,
1787684431.0680926,managed,30.0,30.0,31.044,False,200,
1787684431.101426,managed,30.0,30.0,42.079,False,200,
1787684431.1347592,managed,30.0,30.0,33.635,False,200,
1787684431.1680927,managed,30.0,30.0,33.047,False,200,
1787684431.201426,managed,30.0,30.0,36.139,False,200,
1787684431.2347593,managed,30.0,30.0,33.085,False,200,
1787684431.2680926,managed,30.0,30.0,48.277,False,200,
1787684431.301426,managed,30.0,30.0,32.567,False,200,
1787684431.3347592,managed,30.0,30.0,37.139,False,200,
1787684431.3680925,managed,30.0,30.0,42.084,False,200,
1787684431.4014258,managed,30.0,30.0,31.371,False,200,
1787684431.4347594,managed,30.0,30.0,38.079,False,200,
1787684431.4680927,managed,30.0,30.0,30.291,False,200,
1787684431.501426,managed,30.0,30.0,39.517,False,200,
1787684431.5347593,managed,30.0,30.0,38.208,False,200,
1787684431.5680926,managed,30.0,30.0,30.802,False,200,
1787684431.601426,managed,30.0,30.0,32.508,False,200,
1787684431.6347592,managed,30.0,30.0,38.097,False,200,
1787684431.6680927,managed,30.0,30.0,32.79,False,200,
1787684431.701426,managed,30.0,30.0,37.49,False,200,
1787684431.7347593,managed,30.0,30.0,25.286,False,200,
1787684431.7680926,managed,30.0,30.0,35.48,False,200,
1787684431.801426,managed,30.0,30.0,34.963,False,200,
1787684431.8347592,managed,30.0,30.0,39.387,False,200,
1787684431.8680925,managed,30.0,30.0,33.948,False,200,
1787684431.9014258,managed,30.0,30.0,29.882,False,200,
1787684431.9347594,managed,30.0,30.0,38.352,False,200,
1787684431.9680927,managed,30.0,30.0,32.763,False,200,
1787684432.001426,managed,30.0,30.0,43.897,False,200,
1787684432.0347593,managed,30.0,30.0,44.04,False,200,
1787684432.0680926,managed,30.0,30.0,25.131,False,200,
1787684432.101426,managed,30.0,30.0,36.24,False,200,
1787684432.1347592,managed,30.0,30.0,29.985,False,200,
1787684432.1680927,managed,30.0,30.0,32.914,False,200,
1787684432.201426,managed,30.0,30.0,20.708,False,200,
1787684432.2347593,managed,30.0,30.0,29.964,False,200,
1787684432.2680926,managed,30.0,30.0,34.375,False,200,
1787684432.301426,managed,30.0,30.0,34.923,False,200,
1787684432.3347592,managed,30.0,30.0,33.834,False,200,
1787684432.3680925,managed,30.0,30.0,36.345,False,200,
1787684432.4014258,managed,30.0,30.0,33.639,False,200,
1787684432.4347594,managed,30.0,30.0,32.604,False,200,
1787684432.4680927,managed,30.0,30.0,33.536,False,200,
1787684432.501426,managed,30.0,30.0,36.33,False,200,
1787684432.5347593,managed,30.0,30.0,30.405,False,200,
1787684432.5680926,managed,30.0,30.0,38.909,False,200,
1787684432.601426,managed,30.0,30.0,28.479,False,200,
1787684432.6347592,managed,30.0,30.0,41.621,False,200,
1787684432.6680927,managed,30.0,30.0,41.142,False,200,
1787684432.701426,managed,30.0,30.0,38.256,False,200,
1787684432.7347593,managed,30.0,30.0,32.625,False,200,
1787684432.7680926,managed,30.0,30.0,34.876,False,200,
1787684432.801426,managed,30.0,30.0,28.569,False,200,
1787684432.8347592,managed,30.0,30.0,33.031,False,200,
1787684432.8680925,managed,30.0,30.0,39.137,False,200,
1787684432.9014258,managed,30.0,30.0,31.96,False,200,
1787684432.9347594,managed,30.0,30.0,40.456,False,200,
1787684432.9680927,managed,30.0,30.0,36.357,False,200,
1787684433.001426,managed,30.0,30.0,28.015,False,200,
1787684433.0347593,managed,30.0,30.0,34.661,False,200,
1787684433.0680926,managed,30.0,30.0,26.507,False,200,
1787684433.101426,managed,30.0,30.0,30.397,False,200,
1787684433.1347592,managed,30.0,30.0,32.334,False,200,
1787684433.1680927,managed,30.0,30.0,28.031,False,200,
1787684433.201426,managed,30.0,30.0,33.078,False,200,
1787684433.2347593,managed,30.0,30.0,23.829,False,200,
1787684433.2680926,managed,30.0,30.0,32.594,False,200,
1787684433.301426,managed,30.0,30.0,40.247,False,200,
1787684433.3347592,managed,30.0,30.0,32.35,False,200,
1787684433.3680925,managed,30.0,30.0,29.908,False,200,
1787684433.4014258,managed,30.0,30.0,35.575,False,200,
1787684433.4347594,managed,30.0,30.0,33.991,False,200,
1787684433.4680927,managed,30.0,30.0,33.041,False,200,
1787684433.501426,managed,30.0,30.0,46.92,False,200,
1787684433.5347593,managed,30.0,30.0,35.727,False,200,
1787684433.5680926,managed,30.0,30.0,28.453,False,200,
1787684433.601426,managed,30.0,30.0,39.213,False,200,
1787684433.6347592,managed,30.0,30.0,26.258,False,200,
1787684433.6680927,managed,30.0,30.0,39.507,False,200,
1787684433.701426,managed,30.0,30.0,29.713,False,200,
1787684433.7347593,managed,30.0,30.0,41.446,False,200,
1787684433.7680926,managed,30.0,30.0,42.001,False,200,
1787684433.801426,managed,30.0,30.0,36.642,False,200,
1787684433.8347592,managed,30.0,30.0,29.993,False,200,
1787684433.8680925,managed,30.0,30.0,27.957,False,200,
1787684433.9014258,managed,30.0,30.0,39.47,False,200,
1787684433.9347594,managed,30.0,30.0,34.125,False,200,
1787684433.9680927,managed,30.0,30.0,36.812,False,200,
1787684434.001426,managed,30.0,30.0,32.31,False,200,
1787684434.0347593,managed,30.0,30.0,40.452,False,200,
1787684434.0680926,managed,30.0,30.0,30.07,False,200,
1787684434.101426,managed,30.0,30.0,39.913,False,200,
1787684434.1347592,managed,30.0,30.0,44.035,False,200,
1787684434.1680927,managed,30.0,30.0,43.209,False,200,
1787684434.201426,managed,30.0,30.0,36.429,False,200,
1787684434.2347593,managed,30.0,30.0,53.22,False,200,
1787684434.2680926,managed,30.0,30.0,35.312,False,200,
1787684434.301426,managed,30.0,30.0,36.668,False,200,
1787684434.3347592,managed,30.0,30.0,25.977,False,200,
1787684434.3680925,managed,30.0,30.0,29.461,False,200,
1787684434.4014258,managed,30.0,30.0,33.388,False,200,
1787684434.4347594,managed,30.0,30.0,36.807,False,200,
1787684434.4680927,managed,30.0,30.0,31.605,False,200,
1787684434.501426,managed,30.0,30.0,34.177,False,200,
1787684434.5347593,managed,30.0,30.0,33.849,False,200,
1787684434.5680926,managed,30.0,30.0,31.264,False,200,
1787684434.601426,managed,30.0,30.0,29.714,False,200,
1787684434.6347592,managed,30.0,30.0,30.991,False,200,
1787684434.6680927,managed,30.0,30.0,39.42,False,200,
1787684434.701426,managed,30.0,30.0,42.546,False,200,
1787684434.7347593,managed,30.0,30.0,39.301,False,200,
1787684434.7680926,managed,30.0,30.0,36.639,False,200,
1787684434.801426,managed,30.0,30.0,28.241,False,200,
1787684434.8347592,managed,30.0,30.0,45.16,False,200,
1787684434.8680925,managed,30.0,30.0,39.746,False,200,
1787684434.9014258,managed,30.0,30.0,30.885,False,200,
1787684434.9347594,managed,30.0,30.0,45.21,False,200,
1787684434.9680927,managed,30.0,30.0,41.172,False,200,
1787684435.001426,managed,30.0,30.0,27.178,False,200,
1787684435.0347593,managed,30.0,30.0,35.871,False,200,
1787684435.0680926,managed,30.0,30.0,29.306,False,200,
1787684435.101426,managed,30.0,30.0,50.58,False,200,
1787684435.1347592,managed,30.0,30.0,29.707,False,200,
1787684435.1680927,managed,30.0,30.0,32.449,False,200,
1787684435.201426,managed,30.0,30.0,26.484,False,200,
1787684435.2347593,managed,30.0,30.0,42.737,False,200,
1787684435.2680926,managed,30.0,30.0,27.984,False,200,
1787684435.301426,managed,30.0,30.0,39.519,False,200,
1787684435.3347592,managed,30.0,30.0,36.422,False,200,
1787684435.3680925,managed,30.0,30.0,38.943,False,200,
1787684435.4014258,managed,30.0,30.0,32.124,False,200,
1787684435.4347594,managed,30.0,30.0,30.97,False,200,
1787684435.4680927,managed,30.0,30.0,28.339,False,200,
1787684435.501426,managed,30.0,30.0,34.474,False,200,
1787684435.5347593,managed,30.0,30.0,32.82,False,200,
1787684435.5680926,managed,30.0,30.0,37.475,False,200,
1787684435.601426,managed,30.0,30.0,39.395,False,200,
1787684435.6347592,managed,30.0,30.0,35.914,False,200,
1787684435.6680927,managed,30.0,30.0,40.85,False,200,
1787684435.701426,managed,30.0,30.0,27.77,False,200,
1787684435.7347593,managed,30.0,30.0,42.379,False,200,
1787684435.7680926,managed,30.0,30.0,37.939,False,200,
1787684435.801426,managed,30.0,30.0,30.858,False,200,
1787684435.8347592,managed,30.0,30.0,28.752,False,200,
1787684435.8680925,managed,30.0,30.0,28.633,False,200,
1787684435.9014258,managed,30.0,30.0,35.52,False,200,
1787684435.9347594,managed,30.0,30.0,31.419,False,200,
1787684435.9680927,managed,30.0,30.0,33.033,False,200,
1787684436.001426,managed,30.0,30.0,33.483,False,200,
1787684436.0347593,managed,30.0,30.0,30.949,False,200,
1787684436.0680926,managed,30.0,30.0,34.742,False,200,
1787684436.101426,managed,30.0,30.0,38.281,False,200,
1787684436.1347592,managed,30.0,30.0,44.616,False,200,
1787684436.1680927,managed,30.0,30.0,31.245,False,200,
1787684436.201426,managed,30.0,30.0,40.241,False,200,
1787684436.2347593,managed,30.0,30.0,37.556,False,200,
1787684436.2680926,managed,30.0,30.0,34.499,False,200,
1787684436.301426,managed,30.0,30.0,36.132,False,200,
1787684436.3347592,managed,30.0,30.0,42.307,False,200,
1787684436.3680925,managed,30.0,30.0,37.8,False,200,
1787684436.4014258,managed,30.0,30.0,30.095,False,200,
1787684436.4347594,managed,30.0,30.0,34.947,False,200,
1787684436.4680927,managed,30.0,30.0,41.445,False,200,
1787684436.501426,managed,30.0,30.0,30.031,False,200,
1787684436.5347593,managed,30.0,30.0,38.348,False,200,
1787684436.5680926,managed,30.0,30.0,43.566,False,200,
1787684436.601426,managed,30.0,30.0,28.224,False,200,
1787684436.6347592,managed,30.0,30.0,30.389,False,200,
1787684436.6680927,managed,30.0,30.0,29.878,False,200,
1787684436.701426,managed,30.0,30.0,32.943,False,200,
1787684436.7347593,managed,30.0,30.0,26.794,False,200,
1787684436.7680926,managed,30.0,30.0,37.883,False,200,
1787684436.801426,managed,30.0,30.0,31.082,False,200,
1787684436.8347592,managed,30.0,30.0,26.408,False,200,
1787684436.8680925,managed,30.0,30.0,39.062,False,200,
1787684436.9014258,managed,30.0,30.0,33.86,False,200,
1787684436.9347594,managed,30.0,30.0,40.746,False,200,
1787684436.9680927,managed,30.0,30.0,33.689,False,200,
1787684437.001426,managed,30.0,30.0,29.156,False,200,
1787684437.0347593,managed,30.0,30.0,34.473,False,200,
1787684437.0680926,managed,30.0,30.0,39.019,False,200,
1787684437.101426,managed,30.0,30.0,46.406,False,200,
1787684437.1347592,managed,30.0,30.0,39.546,False,200,
1787684437.1680927,managed,30.0,30.0,29.702,False,200,
1787684437.201426,managed,30.0,30.0,34.099,False,200,
1787684437.2347593,managed,30.0,30.0,30.731,False,200,
1787684437.2680926,managed,30.0,30.0,41.628,False,200,
1787684437.301426,managed,30.0,30.0,26.494,False,200,
1787684437.3347592,managed,30.0,30.0,31.383,False,200,
1787684437.3680925,managed,30.0,30.0,32.684,False,200,
1787684437.4014258,managed,30.0,30.0,33.562,False,200,
1787684437.4347594,managed,30.0,30.0,49.591,False,200,
1787684437.4680927,managed,30.0,30.0,31.588,False,200,
1787684437.501426,managed,30.0,30.0,36.348,False,200,
1787684437.5347593,managed,30.0,30.0,36.604,False,200,
1787684437.5680926,managed,30.0,30.0,31.016,False,200,
1787684437.601426,managed,30.0,30.0,35.63,False,200,
1787684437.6347592,managed,30.0,30.0,34.964,False,200,
1787684437.6680927,managed,30.0,30.0,46.819,False,200,
1787684437.701426,managed,30.0,30.0,37.64,False,200,
1787684437.7347593,managed,30.0,30.0,36.69,False,200,
1787684437.7680926,managed,30.0,30.0,35.524,False,200,
1787684437.801426,managed,30.0,30.0,38.79,False,200,
1787684437.8347592,managed,30.0,30.0,40.31,False,200,
1787684437.8680925,managed,30.0,30.0,34.715,False,200,
1787684437.9014258,managed,30.0,30.0,26.173,False,200,
1787684437.9347594,managed,30.0,30.0,25.781,False,200,
1787684437.9680927,managed,30.0,30.0,32.778,False,200,
1787684438.001426,managed,30.0,30.0,26.74,False,200,
1787684438.0347593,managed,30.0,30.0,37.457,False,200,
1787684438.0680926,managed,30.0,30.0,42.391,False,200,
1787684438.101426,managed,30.0,30.0,36.64,False,200,
1787684438.1347592,managed,30.0,30.0,39.054,False,200,
1787684438.1680927,managed,30.0,30.0,30.811,False,200,
1787684438.201426,managed,30.0,30.0,33.062,False,200,
1787684438.2347593,managed,30.0,30.0,49.778,False,200,
1787684438.2680926,managed,30.0,30.0,43.291,False,200,
1787684438.301426,managed,30.0,30.0,37.197,False,200,
1787684438.3347592,managed,30.0,30.0,34.275,False,200,
1787684438.3680925,managed,30.0,30.0,36.42,False,200,
1787684438.4014258,managed,30.0,30.0,25.973,False,200,
1787684438.4347594,managed,30.0,30.0,34.925,False,200,
1787684438.4680927,managed,30.0,30.0,35.826,False,200,
1787684438.501426,managed,30.0,30.0,35.439,False,200,
1787684438.5347593,managed,30.0,30.0,31.035,False,200,
1787684438.5680926,managed,30.0,30.0,37.413,False,200,
1787684438.601426,managed,30.0,30.0,29.472,False,200,
1787684438.6347592,managed,30.0,30.0,31.857,False,200,
1787684438.6680927,managed,30.0,30.0,30.427,False,200,
1787684438.701426,managed,30.0,30.0,28.779,False,200,
1787684438.7347593,managed,30.0,30.0,37.574,False,200,
1787684438.7680926,managed,30.0,30.0,33.399,False,200,
1787684438.801426,managed,30.0,30.0,34.698,False,200,
1787684438.8347592,managed,30.0,30.0,29.555,False,200,
1787684438.8680925,managed,30.0,30.0,33.121,False,200,
1787684438.9014258,managed,30.0,30.0,39.141,False,200,
1787684438.9347594,managed,30.0,30.0,38.357,False,200,
1787684438.9680927,managed,30.0,30.0,33.558,False,200,
1787684439.001426,managed,30.0,30.0,34.404,False,200,
1787684439.0347593,managed,30.0,30.0,30.653,False,200,
1787684439.0680926,managed,30.0,30.0,32.453,False,200,
1787684439.101426,managed,30.0,30.0,29.14,False,200,
1787684439.1347592,managed,30.0,30.0,35.905,False,200,
1787684439.1680927,managed,30.0,30.0,27.159,False,200,
1787684439.201426,managed,30.0,30.0,39.576,False,200,
1787684439.2347593,managed,30.0,30.0,32.104,False,200,
1787684439.2680926,managed,30.0,30.0,30.822,False,200,
1787684439.301426,managed,30.0,30.0,31.8,False,200,
1787684439.3347592,managed,30.0,30.0,31.876,False,200,
1787684439.3680925,managed,30.0,30.0,45.333,False,200,
1787684439.4014258,managed,30.0,30.0,35.32,False,200,
1787684439.4347594,managed,30.0,30.0,35.762,False,200,
1787684439.4680927,managed,30.0,30.0,36.706,False,200,
1787684439.501426,managed,30.0,30.0,31.432,False,200,
1787684439.5347593,managed,30.0,30.0,39.008,False,200,
1787684439.5680926,managed,30.0,30.0,35.408,False,200,
1787684439.601426,managed,30.0,30.0,34.711,False,200,
1787684439.6347592,managed,30.0,30.0,38.42,False,200,
1787684439.6680927,managed,30.0,30.0,30.448,False,200,
1787684439.701426,managed,30.0,30.0,30.844,False,200,
1787684439.7347593,managed,30.0,30.0,33.323,False,200,
1787684439.7680926,managed,30.0,30.0,44.486,False,200,
1787684439.801426,managed,30.0,30.0,37.15,False,200,
1787684439.8347592,managed,30.0,30.0,40.349,False,200,
1787684439.8680925,managed,30.0,30.0,24.427,False,200,
1787684439.9014258,managed,30.0,30.0,40.492,False,200,
1787684439.9347594,managed,30.0,30.0,31.288,False,200,
1787684439.9680927,managed,30.0,30.0,37.5,False,200,
1787684440.001426,managed,30.0,30.0,46.636,False,200,
1787684440.0347593,managed,30.0,30.0,29.708,False,200,
1787684440.0680926,managed,30.0,30.0,34.467,False,200,
1787684440.101426,managed,30.0,30.0,34.562,False,200,
1787684440.1347592,managed,30.0,30.0,36.167,False,200,
1787684440.1680927,managed,30.0,30.0,38.422,False,200,
1787684440.201426,managed,30.0,30.0,29.3,False,200,
1787684440.2347593,managed,30.0,30.0,28.563,False,200,
1787684440.2680926,managed,30.0,30.0,29.139,False,200,
1787684440.301426,managed,30.0,30.0,46.604,False,200,
1787684440.3347592,managed,30.0,30.0,29.517,False,200,
1787684440.3680925,managed,30.0,30.0,36.836,False,200,
1787684440.4014258,managed,30.0,30.0,37.515,False,200,
1787684440.4347594,managed,30.0,30.0,31.318,False,200,
1787684440.4680927,managed,30.0,30.0,32.065,False,200,
1787684440.501426,managed,30.0,30.0,34.389,False,200,
1787684440.5347593,managed,30.0,30.0,31.741,False,200,
1787684440.5680926,managed,30.0,30.0,34.945,False,200,
1787684440.601426,managed,30.0,30.0,39.354,False,200,
1787684440.6347592,managed,30.0,30.0,35.474,False,200,
1787684440.6680927,managed,30.0,30.0,33.972,False,200,
1787684440.701426,managed,30.0,30.0,35.862,False,200,
1787684440.7347593,managed,30.0,30.0,31.767,False,200,
1787684440.7680926,managed,30.0,30.0,41.195,False,200,
1787684440.801426,managed,30.0,30.0,36.996,False,200,
1787684440.8347592,managed,30.0,30.0,34.144,False,200,
1787684440.8680925,managed,30.0,30.0,37.906,False,200,
1787684440.9014258,managed,30.0,30.0,37.386,False,200,
1787684440.9347594,managed,30.0,30.0,30.723,False,200,
1787684440.9680927,managed,30.0,30.0,28.335,False,200,
1787684441.001426,managed,30.0,30.0,37.478,False,200,
1787684441.0347593,managed,30.0,30.0,37.781,False,200,
1787684441.0680926,managed,30.0,30.0,35.463,False,200,
1787684441.101426,managed,30.0,30.0,41.091,False,200,
1787684441.1347592,managed,30.0,30.0,36.658,False,200,
1787684441.1680927,managed,30.0,30.0,33.182,False,200,
1787684441.201426,managed,30.0,30.0,40.601,False,200,
1787684441.2347593,managed,30.0,30.0,30.18,False,200,
1787684441.2680926,managed,30.0,30.0,38.735,False,200,
1787684441.301426,managed,30.0,30.0,32.189,False,200,
1787684441.3347592,managed,30.0,30.0,41.397,False,200,
1787684441.3680925,managed,30.0,30.0,37.701,False,200,
1787684441.4014258,managed,30.0,30.0,41.122,False,200,
1787684441.4347594,managed,30.0,30.0,33.241,False,200,
1787684441.4680927,managed,30.0,30.0,24.196,False,200,
1787684441.501426,managed,30.0,30.0,27.749,False,200,
1787684441.5347593,managed,30.0,30.0,34.338,False,200,
1787684441.5680926,managed,30.0,30.0,35.348,False,200,
1787684441.601426,managed,30.0,30.0,41.786,False,200,
1787684441.6347592,managed,30.0,30.0,33.996,False,200,
1787684441.6680927,managed,30.0,30.0,49.187,False,200,
1787684441.701426,managed,30.0,30.0,34.778,False,200,
1787684441.7347593,managed,30.0,30.0,34.002,False,200,
1787684441.7680926,managed,30.0,30.0,35.06,False,200,
1787684441.801426,managed,30.0,30.0,37.447,False,200,
1787684441.8347592,managed,30.0,30.0,32.119,False,200,
1787684441.8680925,managed,30.0,30.0,34.911,False,200,
1787684441.9014258,managed,30.0,30.0,34.647,False,200,
1787684441.9347594,managed,30.0,30.0,35.596,False,200,
1787684441.9680927,managed,30.0,30.0,43.113,False,200,
1787684442.001426,managed,30.0,30.0,33.844,False,200,
1787684442.0347593,managed,30.0,30.0,35.073,False,200,
1787684442.0680926,managed,30.0,30.0,37.622,False,200,
1787684442.101426,managed,30.0,30.0,40.789,False,200,
1787684442.1347592,managed,30.0,30.0,32.216,False,200,
1787684442.1680927,managed,30.0,30.0,33.42,False,200,
1787684442.201426,managed,30.0,30.0,31.421,False,200,
1787684442.2347593,managed,30.0,30.0,44.938,False,200,
1787684442.2680926,managed,30.0,30.0,34.567,False,200,
1787684442.301426,managed,30.0,30.0,33.828,False,200,
1787684442.3347592,managed,30.0,30.0,28.559,False,200,
1787684442.3680925,managed,30.0,30.0,32.033,False,200,
1787684442.4014258,managed,30.0,30.0,40.148,False,200,
1787684442.4347594,managed,30.0,30.0,38.155,False,200,
1787684442.4680927,managed,30.0,30.0,35.826,False,200,
1787684442.501426,managed,30.0,30.0,33.444,False,200,
1787684442.5347593,managed,30.0,30.0,33.164,False,200,
1787684442.5680926,managed,30.0,30.0,31.218,False,200,
1787684442.601426,managed,30.0,30.0,31.72,False,200,
1787684442.6347592,managed,30.0,30.0,23.693,False,200,
1787684442.6680927,managed,30.0,30.0,44.498,False,200,
1787684442.701426,managed,30.0,30.0,31.719,False,200,
1787684442.7347593,managed,30.0,30.0,25.883,False,200,
1787684442.7680926,managed,30.0,30.0,38.86,False,200,
1787684442.801426,managed,30.0,30.0,28.219,False,200,
1787684442.8347592,managed,30.0,30.0,30.634,False,200,
1787684442.8680925,managed,30.0,30.0,32.414,False,200,
1787684442.9014258,managed,30.0,30.0,32.947,False,200,
1787684442.9347594,managed,30.0,30.0,32.385,False,200,
1787684442.9680927,managed,30.0,30.0,31.323,False,200,
1787684443.001426,managed,30.0,30.0,33.028,False,200,
1787684443.0347593,managed,30.0,30.0,32.687,False,200,
1787684443.0680926,managed,30.0,30.0,40.349,False,200,
1787684443.101426,managed,30.0,30.0,30.858,False,200,
1787684443.1347592,managed,30.0,30.0,33.553,False,200,
1787684443.1680927,managed,30.0,30.0,32.638,False,200,
1787684443.201426,managed,30.0,30.0,28.93,False,200,
1787684443.2347593,managed,30.0,30.0,40.23,False,200,
1787684443.2680926,managed,30.0,30.0,47.281,False,200,
1787684443.301426,managed,30.0,30.0,35.201,False,200,
1787684443.3347592,managed,30.0,30.0,40.935,False,200,
1787684443.3680925,managed,30.0,30.0,29.856,False,200,
1787684443.4014258,managed,30.0,30.0,36.686,False,200,
1787684443.4347594,managed,30.0,30.0,45.648,False,200,
1787684443.4680927,managed,30.0,30.0,37.618,False,200,
1787684443.501426,managed,30.0,30.0,35.697,False,200,
1787684443.5347593,managed,30.0,30.0,38.359,False,200,
1787684443.5680926,managed,30.0,30.0,37.962,False,200,
1787684443.601426,managed,30.0,30.0,30.455,False,200,
1787684443.6347592,managed,30.0,30.0,40.352,False,200,
1787684443.6680927,managed,30.0,30.0,31.421,False,200,
1787684443.701426,managed,30.0,30.0,28.358,False,200,
1787684443.7347593,managed,30.0,30.0,34.141,False,200,
1787684443.7680926,managed,30.0,30.0,28.893,False,200,
1787684443.801426,managed,30.0,30.0,29.121,False,200,
1787684443.8347592,managed,30.0,30.0,35.894,False,200,
1787684443.8680925,managed,30.0,30.0,44.783,False,200,
1787684443.9014258,managed,30.0,30.0,33.631,False,200,
1787684443.9347594,managed,30.0,30.0,30.306,False,200,
1787684443.9680927,managed,30.0,30.0,35.753,False,200,
1787684444.001426,managed,30.0,30.0,33.905,False,200,
1787684444.0347593,managed,30.0,30.0,36.724,False,200,
1787684444.0680926,managed,30.0,30.0,39.154,False,200,
1787684444.101426,managed,30.0,30.0,33.271,False,200,
1787684444.1347592,managed,30.0,30.0,36.426,False,200,
1787684444.1680927,managed,30.0,30.0,36.869,False,200,
1787684444.201426,managed,30.0,30.0,26.275,False,200,
1787684444.2347593,managed,30.0,30.0,55.575,False,200,
1787684444.2680926,managed,30.0,30.0,33.962,False,200,
1787684444.301426,managed,30.0,30.0,39.164,False,200,
1787684444.3347592,managed,30.0,30.0,31.775,False,200,
1787684444.3680925,managed,30.0,30.0,33.467,False,200,
1787684444.4014258,managed,30.0,30.0,37.255,False,200,
1787684444.4347594,managed,30.0,30.0,27.001,False,200,
1787684444.4680927,managed,30.0,30.0,36.253,False,200,
1787684444.501426,managed,30.0,30.0,40.586,False,200,
1787684444.5347593,managed,30.0,30.0,35.422,False,200,
1787684444.5680926,managed,30.0,30.0,42.237,False,200,
1787684444.601426,managed,30.0,30.0,40.063,False,200,
1787684444.6347592,managed,30.0,30.0,30.881,False,200,
1787684444.6680927,managed,30.0,30.0,27.514,False,200,
1787684444.701426,managed,30.0,30.0,29.946,False,200,
1787684444.7347593,managed,30.0,30.0,37.159,False,200,
1787684444.7680926,managed,30.0,30.0,33.503,False,200,
1787684444.801426,managed,30.0,30.0,37.151,False,200,
1787684444.8347592,managed,30.0,30.0,33.197,False,200,
1787684444.8680925,managed,30.0,30.0,30.215,False,200,
1787684444.9014258,managed,30.0,30.0,35.144,False,200,
1787684444.9347594,managed,30.0,30.0,38.17,False,200,
1787684444.9680927,managed,30.0,30.0,35.793,False,200,
1787684445.001426,managed,30.0,30.0,36.415,False,200,
1787684445.0347593,managed,30.0,30.0,35.736,False,200,
1787684445.0680926,managed,30.0,30.0,40.844,False,200,
1787684445.101426,managed,30.0,30.0,30.637,False,200,
1787684445.1347592,managed,30.0,30.0,42.756,False,200,
1787684445.1680927,managed,30.0,30.0,32.054,False,200,
1787684445.201426,managed,30.0,30.0,33.481,False,200,
1787684445.2347593,managed,30.0,30.0,32.159,False,200,
1787684445.2680926,managed,30.0,30.0,31.157,False,200,
1787684445.301426,managed,30.0,30.0,27.418,False,200,
1787684445.3347592,managed,30.0,30.0,40.396,False,200,
1787684445.3680925,managed,30.0,30.0,31.79,False,200,
1787684445.4014258,managed,30.0,30.0,37.871,False,200,
1787684445.4347594,managed,30.0,30.0,27.559,False,200,
1787684445.4680927,managed,30.0,30.0,33.339,False,200,
1787684445.501426,managed,30.0,30.0,31.452,False,200,
1787684445.5347593,managed,30.0,30.0,31.69,False,200,
1787684445.5680926,managed,30.0,30.0,44.87,False,200,
1787684445.601426,managed,30.0,30.0,46.235,False,200,
1787684445.6347592,managed,30.0,30.0,41.743,False,200,
1787684445.6680927,managed,30.0,30.0,38.957,False,200,
1787684445.701426,managed,30.0,30.0,32.094,False,200,
1787684445.7347593,managed,30.0,30.0,32.269,False,200,
1787684445.7680926,managed,30.0,30.0,30.698,False,200,
1787684445.801426,managed,30.0,30.0,32.567,False,200,
1787684445.8347592,managed,30.0,30.0,36.496,False,200,
1787684445.8680925,managed,30.0,30.0,39.69,False,200,
1787684445.9014258,managed,30.0,30.0,32.652,False,200,
1787684445.9347594,managed,30.0,30.0,40.556,False,200,
1787684445.9680927,managed,30.0,30.0,36.278,False,200,
1787684446.001426,managed,30.0,30.0,38.235,False,200,
1787684446.0347593,managed,30.0,30.0,31.807,False,200,
1787684446.0680926,managed,30.0,30.0,28.036,False,200,
1787684446.101426,managed,30.0,30.0,30.148,False,200,
1787684446.1347592,managed,30.0,30.0,30.835,False,200,
1787684446.1680927,managed,30.0,30.0,41.945,False,200,
1787684446.201426,managed,30.0,30.0,32.652,False,200,
1787684446.2347593,managed,30.0,30.0,28.962,False,200,
1787684446.2680926,managed,30.0,30.0,37.9,False,200,
1787684446.301426,managed,30.0,30.0,34.992,False,200,
1787684446.3347592,managed,30.0,30.0,41.428,False,200,
1787684446.3680925,managed,30.0,30.0,25.041,False,200,
1787684446.4014258,managed,30.0,30.0,44.395,False,200,
1787684446.4347594,managed,30.0,30.0,32.021,False,200,
1787684446.4680927,managed,30.0,30.0,25.132,False,200,
1787684446.501426,managed,30.0,30.0,31.31,False,200,
1787684446.5347593,managed,30.0,30.0,39.081,False,200,
1787684446.5680926,managed,30.0,30.0,37.104,False,200,
1787684446.601426,managed,30.0,30.0,41.14,False,200,
1787684446.6347592,managed,30.0,30.0,36.409,False,200,
1787684446.6680927,managed,30.0,30.0,29.734,False,200,
1787684446.701426,managed,30.0,30.0,28.78,False,200,
1787684446.7347593,managed,30.0,30.0,40.934,False,200,
1787684446.7680926,managed,30.0,30.0,38.634,False,200,
1787684446.801426,managed,30.0,30.0,42.334,False,200,
1787684446.8347592,managed,30.0,30.0,43.18,False,200,
1787684446.8680925,managed,30.0,30.0,39.67,False,200,
1787684446.9014258,managed,30.0,30.0,34.058,False,200,
1787684446.9347594,managed,30.0,30.0,42.459,False,200,
1787684446.9680927,managed,30.0,30.0,37.181,False,200,
1787684447.001426,managed,30.0,30.0,47.001,False,200,
1787684447.0347593,managed,30.0,30.0,42.275,False,200,
1787684447.0680926,managed,30.0,30.0,39.498,False,200,
1787684447.101426,managed,30.0,30.0,39.188,False,200,
1787684447.1347592,managed,30.0,30.0,29.02,False,200,
1787684447.1680927,managed,30.0,30.0,47.558,False,200,
1787684447.201426,managed,30.0,30.0,50.204,False,200,
1787684447.2347593,managed,30.0,30.0,37.017,False,200,
1787684447.2680926,managed,30.0,30.0,43.998,False,200,
1787684447.301426,managed,30.0,30.0,34.49,False,200,
1787684447.3347592,managed,30.0,30.0,33.95,False,200,
1787684447.3680925,managed,30.0,30.0,33.128,False,200,
1787684447.4014258,managed,30.0,30.0,41.291,False,200,
1787684447.4347594,managed,30.0,30.0,33.655,False,200,
1787684447.4680927,managed,30.0,30.0,39.302,False,200,
1787684447.501426,managed,30.0,30.0,33.771,False,200,
1787684447.5347593,managed,30.0,30.0,34.933,False,200,
1787684447.5680926,managed,30.0,30.0,29.122,False,200,
1787684447.601426,managed,30.0,30.0,39.34,False,200,
1787684447.6347592,managed,30.0,30.0,34.692,False,200,
1787684447.6680927,managed,30.0,30.0,31.435,False,200,
1787684447.701426,managed,30.0,30.0,37.613,False,200,
1787684447.7347593,managed,30.0,30.0,39.696,False,200,
1787684447.7680926,managed,30.0,30.0,36.622,False,200,
1787684447.801426,managed,30.0,30.0,41.101,False,200,
1787684447.8347592,managed,30.0,30.0,35.262,False,200,
1787684447.8680925,managed,30.0,30.0,32.936,False,200,
1787684447.9014258,managed,30.0,30.0,35.239,False,200,
1787684447.9347594,managed,30.0,30.0,25.949,False,200,
1787684447.9680927,managed,30.0,30.0,38.368,False,200,
1787684448.001426,managed,30.0,30.0,29.139,False,200,
1787684448.0347593,managed,30.0,30.0,32.4,False,200,
1787684448.0680926,managed,30.0,30.0,33.911,False,200,
1787684448.101426,managed,30.0,30.0,39.762,False,200,
1787684448.1347592,managed,30.0,30.0,30.309,False,200,
1787684448.1680927,managed,30.0,30.0,38.154,False,200,
1787684448.201426,managed,30.0,30.0,34.342,False,200,
1787684448.2347593,managed,30.0,30.0,25.804,False,200,
1787684448.2680926,managed,30.0,30.0,27.497,False,200,
1787684448.301426,managed,30.0,30.0,36.323,False,200,
1787684448.3347592,managed,30.0,30.0,36.028,False,200,
1787684448.3680925,managed,30.0,30.0,39.843,False,200,
1787684448.4014258,managed,30.0,30.0,32.972,False,200,
1787684448.4347594,managed,30.0,30.0,28.948,False,200,
1787684448.4680927,managed,30.0,30.0,41.408,False,200,
1787684448.501426,managed,30.0,30.0,36.918,False,200,
1787684448.5347593,managed,30.0,30.0,40.786,False,200,
1787684448.5680926,managed,30.0,30.0,26.72,False,200,
1787684448.601426,managed,30.0,30.0,32.42,False,200,
1787684448.6347592,managed,30.0,30.0,33.939,False,200,
1787684448.6680927,managed,30.0,30.0,31.958,False,200,
1787684448.701426,managed,30.0,30.0,29.563,False,200,
1787684448.7347593,managed,30.0,30.0,36.361,False,200,
1787684448.7680926,managed,30.0,30.0,32.262,False,200,
1787684448.801426,managed,30.0,30.0,35.423,False,200,
1787684448.8347592,managed,30.0,30.0,28.806,False,200,
1787684448.8680925,managed,30.0,30.0,39.042,False,200,
1787684448.9014258,managed,30.0,30.0,43.324,False,200,
1787684448.9347594,managed,30.0,30.0,31.481,False,200,
1787684448.9680927,managed,30.0,30.0,35.424,False,200,
1787684449.001426,managed,30.0,30.0,38.715,False,200,
1787684449.0347593,managed,30.0,30.0,36.795,False,200,
1787684449.0680926,managed,30.0,30.0,35.702,False,200,
1787684449.101426,managed,30.0,30.0,29.264,False,200,
1787684449.1347592,managed,30.0,30.0,34.226,False,200,
1787684449.1680927,managed,30.0,30.0,36.768,False,200,
1787684449.201426,managed,30.0,30.0,40.339,False,200,
1787684449.2347593,managed,30.0,30.0,37.227,False,200,
1787684449.2680926,managed,30.0,30.0,30.554,False,200,
1787684449.301426,managed,30.0,30.0,30.585,False,200,
1787684449.3347592,managed,30.0,30.0,33.103,False,200,
1787684449.3680925,managed,30.0,30.0,26.405,False,200,
1787684449.4014258,managed,30.0,30.0,30.402,False,200,
1787684449.4347594,managed,30.0,30.0,31.739,False,200,
1787684449.4680927,managed,30.0,30.0,41.189,False,200,
1787684449.501426,managed,30.0,30.0,44.637,False,200,
1787684449.5347593,managed,30.0,30.0,30.573,False,200,
1787684449.5680926,managed,30.0,30.0,45.929,False,200,
1787684449.601426,managed,30.0,30.0,33.146,False,200,
1787684449.6347592,managed,30.0,30.0,34.307,False,200,
1787684449.6680927,managed,30.0,30.0,40.936,False,200,
1787684449.701426,managed,30.0,30.0,33.646,False,200,
1787684449.7347593,managed,30.0,30.0,37.008,False,200,
1787684449.7680926,managed,30.0,30.0,31.16,False,200,
1787684449.801426,managed,30.0,30.0,31.333,False,200,
1787684449.8347592,managed,30.0,30.0,34.947,False,200,
1787684449.8680925,managed,30.0,30.0,35.698,False,200,
1787684449.9014258,managed,30.0,30.0,36.437,False,200,
1787684449.9347594,managed,30.0,30.0,34.469,False,200,
1787684449.9680927,managed,30.0,30.0,34.323,False,200,
1787684450.001426,managed,30.0,30.0,33.084,False,200,
1787684450.0347593,managed,30.0,30.0,35.855,False,200,
1787684450.0680926,managed,30.0,30.0,27.707,False,200,
1787684450.101426,managed,30.0,30.0,39.147,False,200,
1787684450.1347592,managed,30.0,30.0,39.709,False,200,
1787684450.1680927,managed,30.0,30.0,41.543,False,200,
1787684450.201426,managed,30.0,30.0,30.441,False,200,
1787684450.2347593,managed,30.0,30.0,36.063,False,200,
1787684450.2680926,managed,30.0,30.0,39.131,False,200,
1787684450.301426,managed,30.0,30.0,30.36,False,200,
1787684450.3347592,managed,30.0,30.0,38.603,False,200,
1787684450.3680925,managed,30.0,30.0,31.415,False,200,
1787684450.4014258,managed,30.0,30.0,31.217,False,200,
1787684450.4347594,managed,30.0,30.0,48.161,False,200,
1787684450.4680927,managed,30.0,30.0,29.092,False,200,
1787684450.501426,managed,30.0,30.0,32.671,False,200,
1787684450.5347593,managed,30.0,30.0,39.787,False,200,
1787684450.5680926,managed,30.0,30.0,40.966,False,200,
1787684450.601426,managed,30.0,30.0,37.995,False,200,
1787684450.6347592,managed,30.0,30.0,31.234,False,200,
1787684450.6680927,managed,30.0,30.0,46.924,False,200,
1787684450.701426,managed,30.0,30.0,26.599,False,200,
1787684450.7347593,managed,30.0,30.0,31.989,False,200,
1787684450.7680926,managed,30.0,30.0,26.94,False,200,
1787684450.801426,managed,30.0,30.0,33.856,False,200,
1787684450.8347592,managed,30.0,30.0,28.829,False,200,
1787684450.8680925,managed,30.0,30.0,41.734,False,200,
1787684450.9014258,managed,30.0,30.0,36.023,False,200,
1787684450.9347594,managed,30.0,30.0,40.634,False,200,
1787684450.9680927,managed,30.0,30.0,37.614,False,200,
1787684451.001426,managed,30.0,30.0,33.535,False,200,
1787684451.0347593,managed,30.0,30.0,43.857,False,200,
1787684451.0680926,managed,30.0,30.0,32.773,False,200,
1787684451.101426,managed,30.0,30.0,34.889,False,200,
1787684451.1347592,managed,30.0,30.0,35.403,False,200,
1787684451.1680927,managed,30.0,30.0,33.731,False,200,
1787684451.201426,managed,30.0,30.0,40.053,False,200,
1787684451.2347593,managed,30.0,30.0,34.554,False,200,
1787684451.2680926,managed,30.0,30.0,34.34,False,200,
1787684451.301426,managed,30.0,30.0,30.805,False,200,
1787684451.3347592,managed,30.0,30.0,31.505,False,200,
1787684451.3680925,managed,30.0,30.0,31.132,False,200,
1787684451.4014258,managed,30.0,30.0,29.249,False,200,
1787684451.4347594,managed,30.0,30.0,34.084,False,200,
1787684451.4680927,managed,30.0,30.0,35.78,False,200,
1787684451.501426,managed,30.0,30.0,31.195,False,200,
1787684451.5347593,managed,30.0,30.0,29.195,False,200,
1787684451.5680926,managed,30.0,30.0,34.162,False,200,
1787684451.601426,managed,30.0,30.0,35.607,False,200,
1787684451.6347592,managed,30.0,30.0,39.094,False,200,
1787684451.6680927,managed,30.0,30.0,36.954,False,200,
1787684451.701426,managed,30.0,30.0,50.137,False,200,
1787684451.7347593,managed,30.0,30.0,35.322,False,200,
1787684451.7680926,managed,30.0,30.0,34.271,False,200,
1787684451.801426,managed,30.0,30.0,26.027,False,200,
1787684451.8347592,managed,30.0,30.0,41.654,False,200,
1787684451.8680925,managed,30.0,30.0,34.632,False,200,
1787684451.9014258,managed,30.0,30.0,33.333,False,200,
1787684451.9347594,managed,30.0,30.0,34.087,False,200,
1787684451.9680927,managed,30.0,30.0,30.974,False,200,
1787684452.001426,managed,30.0,30.0,29.23,False,200,
1787684452.0347593,managed,30.0,30.0,34.559,False,200,
1787684452.0680926,managed,30.0,30.0,50.279,False,200,
1787684452.101426,managed,30.0,30.0,43.769,False,200,
1787684452.1347592,managed,30.0,30.0,27.755,False,200,
1787684452.1680927,managed,30.0,30.0,30.821,False,200,
1787684452.201426,managed,30.0,30.0,39.72,False,200,
1787684452.2347593,managed,30.0,30.0,29.214,False,200,
1787684452.2680926,managed,30.0,30.0,25.013,False,200,
1787684452.301426,managed,30.0,30.0,35.15,False,200,
1787684452.3347592,managed,30.0,30.0,33.656,False,200,
1787684452.3680925,managed,30.0,30.0,29.225,False,200,
1787684452.4014258,managed,30.0,30.0,28.21,False,200,
1787684452.4347594,managed,30.0,30.0,33.393,False,200,
1787684452.4680927,managed,30.0,30.0,34.62,False,200,
1787684452.501426,managed,30.0,30.0,23.267,False,200,
1787684452.5347593,managed,30.0,30.0,59.046,False,200,
1787684452.5680926,managed,30.0,30.0,37.273,False,200,
1787684452.601426,managed,30.0,30.0,27.964,False,200,
1787684452.6347592,managed,30.0,30.0,25.93,False,200,
1787684452.6680927,managed,30.0,30.0,30.15,False,200,
1787684452.701426,managed,30.0,30.0,33.751,False,200,
1787684452.7347593,managed,30.0,30.0,32.189,False,200,
1787684452.7680926,managed,30.0,30.0,36.082,False,200,
1787684452.801426,managed,30.0,30.0,33.629,False,200,
1787684452.8347592,managed,30.0,30.0,31.925,False,200,
1787684452.8680925,managed,30.0,30.0,54.375,False,200,
1787684452.9014258,managed,30.0,30.0,39.362,False,200,
1787684452.9347594,managed,30.0,30.0,32.381,False,200,
1787684452.9680927,managed,30.0,30.0,31.134,False,200,
1787684453.001426,managed,30.0,30.0,42.214,False,200,
1787684453.0347593,managed,30.0,30.0,34.791,False,200,
1787684453.0680926,managed,30.0,30.0,36.826,False,200,
1787684453.101426,managed,30.0,30.0,38.09,False,200,
1787684453.1347592,managed,30.0,30.0,39.297,False,200,
1787684453.1680927,managed,30.0,30.0,26.522,False,200,
1787684453.201426,managed,30.0,30.0,32.751,False,200,
1787684453.2347593,managed,30.0,30.0,35.799,False,200,
1787684453.2680926,managed,30.0,30.0,27.758,False,200,
1787684453.301426,managed,30.0,30.0,34.485,False,200,
1787684453.3347592,managed,30.0,30.0,42.559,False,200,
1787684453.3680925,managed,30.0,30.0,36.056,False,200,
1787684453.4014258,managed,30.0,30.0,40.909,False,200,
1787684453.4347594,managed,30.0,30.0,36.78,False,200,
1787684453.4680927,managed,30.0,30.0,32.495,False,200,
1787684453.501426,managed,30.0,30.0,25.242,False,200,
1787684453.5347593,managed,30.0,30.0,34.332,False,200,
1787684453.5680926,managed,30.0,30.0,42.017,False,200,
1787684453.601426,managed,30.0,30.0,38.467,False,200,
1787684453.6347592,managed,30.0,30.0,34.206,False,200,
1787684453.6680927,managed,30.0,30.0,34.72,False,200,
1787684453.701426,managed,30.0,30.0,39.522,False,200,
1787684453.7347593,managed,30.0,30.0,36.013,False,200,
1787684453.7680926,managed,30.0,30.0,28.428,False,200,
1787684453.801426,managed,30.0,30.0,37.362,False,200,
1787684453.8347592,managed,30.0,30.0,30.064,False,200,
1787684453.8680925,managed,30.0,30.0,32.275,False,200,
1787684453.9014258,managed,30.0,30.0,44.691,False,200,
1787684453.9347594,managed,30.0,30.0,29.702,False,200,
1787684453.9680927,managed,30.0,30.0,34.739,False,200,
1787684454.001426,managed,30.0,30.0,38.604,False,200,
1787684454.0347593,managed,30.0,30.0,36.227,False,200,
1787684454.0680926,managed,30.0,30.0,38.335,False,200,
1787684454.101426,managed,30.0,30.0,38.971,False,200,
1787684454.1347592,managed,30.0,30.0,44.204,False,200,
1787684454.1680927,managed,30.0,30.0,43.493,False,200,
1787684454.201426,managed,30.0,30.0,37.831,False,200,
1787684454.2347593,managed,30.0,30.0,35.134,False,200,
1787684454.2680926,managed,30.0,30.0,35.974,False,200,
1787684454.301426,managed,30.0,30.0,34.553,False,200,
1787684454.3347592,managed,30.0,30.0,37.093,False,200,
1787684454.3680925,managed,30.0,30.0,37.36,False,200,
1787684454.4014258,managed,30.0,30.0,29.765,False,200,
1787684454.4347594,managed,30.0,30.0,38.624,False,200,
1787684454.4680927,managed,30.0,30.0,34.468,False,200,
1787684454.501426,managed,30.0,30.0,31.365,False,200,
1787684454.5347593,managed,30.0,30.0,38.794,False,200,
1787684454.5680926,managed,30.0,30.0,34.987,False,200,
1787684454.601426,managed,30.0,30.0,38.124,False,200,
1787684454.6347592,managed,30.0,30.0,34.073,False,200,
1787684454.6680927,managed,30.0,30.0,40.954,False,200,
1787684454.701426,managed,30.0,30.0,23.675,False,200,
1787684454.7347593,managed,30.0,30.0,33.428,False,200,
1787684454.7680926,managed,30.0,30.0,41.587,False,200,
1787684454.801426,managed,30.0,30.0,32.897,False,200,
1787684454.8347592,managed,30.0,30.0,30.035,False,200,
1787684454.8680925,managed,30.0,30.0,33.87,False,200,
1787684454.9014258,managed,30.0,30.0,33.157,False,200,
1787684454.9347594,managed,30.0,30.0,21.189,False,200,
1787684454.9680927,managed,30.0,30.0,36.539,False,200,
1787684455.001426,managed,30.0,30.0,34.309,False,200,
1787684455.0347593,managed,30.0,30.0,35.567,False,200,
1787684455.0680926,managed,30.0,30.0,33.748,False,200,
1787684455.101426,managed,30.0,30.0,27.349,False,200,
1787684455.1347592,managed,30.0,30.0,39.669,False,200,
1787684455.1680927,managed,30.0,30.0,32.169,False,200,
1787684455.201426,managed,30.0,30.0,33.389,False,200,
1787684455.2347593,managed,30.0,30.0,27.825,False,200,
1787684455.2680926,managed,30.0,30.0,33.484,False,200,
1787684455.301426,managed,30.0,30.0,37.861,False,200,
1787684455.3347592,managed,30.0,30.0,25.618,False,200,
1787684455.3680925,managed,30.0,30.0,33.586,False,200,
1787684455.4014258,managed,30.0,30.0,35.252,False,200,
1787684455.4347594,managed,30.0,30.0,37.585,False,200,
1787684455.4680927,managed,30.0,30.0,39.779,False,200,
1787684455.501426,managed,30.0,30.0,36.726,False,200,
1787684455.5347593,managed,30.0,30.0,36.503,False,200,
1787684455.5680926,managed,30.0,30.0,28.238,False,200,
1787684455.601426,managed,30.0,30.0,38.585,False,200,
1787684455.6347592,managed,30.0,30.0,37.929,False,200,
1787684455.6680927,managed,30.0,30.0,32.003,False,200,
1787684455.701426,managed,30.0,30.0,29.926,False,200,
1787684455.7347593,managed,30.0,30.0,34.092,False,200,
1787684455.7680926,managed,30.0,30.0,32.974,False,200,
1787684455.801426,managed,30.0,30.0,31.906,False,200,
1787684455.8347592,managed,30.0,30.0,34.456,False,200,
1787684455.8680925,managed,30.0,30.0,30.243,False,200,
1787684455.9014258,managed,30.0,30.0,31.712,False,200,
1787684455.9347594,managed,30.0,30.0,35.604,False,200,
1787684455.9680927,managed,30.0,30.0,37.738,False,200,
1787684456.001426,managed,30.0,30.0,36.737,False,200,
1787684456.0347593,managed,30.0,30.0,26.772,False,200,
1787684456.0680926,managed,30.0,30.0,31.707,False,200,
1787684456.101426,managed,30.0,30.0,38.196,False,200,
1787684456.1347592,managed,30.0,30.0,39.686,False,200,
1787684456.1680927,managed,30.0,30.0,36.576,False,200,
1787684456.201426,managed,30.0,30.0,34.971,False,200,
1787684456.2347593,managed,30.0,30.0,28.992,False,200,
1787684456.2680926,managed,30.0,30.0,37.188,False,200,
1787684456.301426,managed,30.0,30.0,35.167,False,200,
1787684456.3347592,managed,30.0,30.0,34.858,False,200,
1787684456.3680925,managed,30.0,30.0,40.659,False,200,
1787684456.4014258,managed,30.0,30.0,34.683,False,200,
1787684456.4347594,managed,30.0,30.0,38.736,False,200,
1787684456.4680927,managed,30.0,30.0,29.986,False,200,
1787684456.501426,managed,30.0,30.0,31.295,False,200,
1787684456.5347593,managed,30.0,30.0,36.287,False,200,
1787684456.5680926,managed,30.0,30.0,33.258,False,200,
1787684456.601426,managed,30.0,30.0,36.16,False,200,
1787684456.6347592,managed,30.0,30.0,32.729,False,200,
1787684456.6680927,managed,30.0,30.0,37.43,False,200,
1787684456.701426,managed,30.0,30.0,37.151,False,200,
1787684456.7347593,managed,30.0,30.0,41.042,False,200,
1787684456.7680926,managed,30.0,30.0,35.129,False,200,
1787684456.801426,managed,30.0,30.0,43.317,False,200,
1787684456.8347592,managed,30.0,30.0,31.94,False,200,
1787684456.8680925,managed,30.0,30.0,39.365,False,200,
1787684456.9014258,managed,30.0,30.0,37.599,False,200,
1787684456.9347594,managed,30.0,30.0,40.136,False,200,
1787684456.9680927,managed,30.0,30.0,33.537,False,200,
1787684457.001426,managed,30.0,30.0,33.532,False,200,
1787684457.0347593,managed,30.0,30.0,47.532,False,200,
1787684457.0680926,managed,30.0,30.0,45.688,False,200,
1787684457.101426,managed,30.0,30.0,33.712,False,200,
1787684457.1347592,managed,30.0,30.0,34.857,False,200,
1787684457.1680927,managed,30.0,30.0,31.427,False,200,
1787684457.201426,managed,30.0,30.0,34.766,False,200,
1787684457.2347593,managed,30.0,30.0,33.951,False,200,
1787684457.2680926,managed,30.0,30.0,45.387,False,200,
1787684457.301426,managed,30.0,30.0,36.605,False,200,
1787684457.3347592,managed,30.0,30.0,38.048,False,200,
1787684457.3680925,managed,30.0,30.0,32.686,False,200,
1787684457.4014258,managed,30.0,30.0,36.447,False,200,
1787684457.4347594,managed,30.0,30.0,38.4,False,200,
1787684457.4680927,managed,30.0,30.0,39.755,False,200,
1787684457.501426,managed,30.0,30.0,31.801,False,200,
1787684457.5347593,managed,30.0,30.0,36.224,False,200,
1787684457.5680926,managed,30.0,30.0,37.763,False,200,
1787684457.601426,managed,30.0,30.0,31.971,False,200,
1787684457.6347592,managed,30.0,30.0,34.297,False,200,
1787684457.6680927,managed,30.0,30.0,28.454,False,200,
1787684457.701426,managed,30.0,30.0,33.432,False,200,
1787684457.7347593,managed,30.0,30.0,37.626,False,200,
1787684457.7680926,managed,30.0,30.0,27.05,False,200,
1787684457.801426,managed,30.0,30.0,34.048,False,200,
1787684457.8347592,managed,30.0,30.0,36.23,False,200,
1787684457.8680925,managed,30.0,30.0,41.528,False,200,
1787684457.9014258,managed,30.0,30.0,30.469,False,200,
1787684457.9347594,managed,30.0,30.0,32.671,False,200,
1787684457.9680927,managed,30.0,30.0,35.366,False,200,
1787684458.001426,managed,30.0,30.0,36.113,False,200,
1787684458.0347593,managed,30.0,30.0,46.255,False,200,
1787684458.0680926,managed,30.0,30.0,28.999,False,200,
1787684458.101426,managed,30.0,30.0,26.901,False,200,
1787684458.1347592,managed,30.0,30.0,33.283,False,200,
1787684458.1680927,managed,30.0,30.0,33.647,False,200,
1787684458.201426,managed,30.0,30.0,29.574,False,200,
1787684458.2347593,managed,30.0,30.0,36.327,False,200,
1787684458.2680926,managed,30.0,30.0,34.752,False,200,
1787684458.301426,managed,30.0,30.0,30.051,False,200,
1787684458.3347592,managed,30.0,30.0,35.89,False,200,
1787684458.3680925,managed,30.0,30.0,33.85,False,200,
1787684458.4014258,managed,30.0,30.0,31.175,False,200,
1787684458.4347594,managed,30.0,30.0,37.093,False,200,
1787684458.4680927,managed,30.0,30.0,25.772,False,200,
1787684458.501426,managed,30.0,30.0,30.924,False,200,
1787684458.5347593,managed,30.0,30.0,39.002,False,200,
1787684458.5680926,managed,30.0,30.0,35.354,False,200,
1787684458.601426,managed,30.0,30.0,48.795,False,200,
1787684458.6347592,managed,30.0,30.0,50.931,False,200,
1787684458.6680927,managed,30.0,30.0,38.044,False,200,
1787684458.701426,managed,30.0,30.0,32.324,False,200,
1787684458.7347593,managed,30.0,30.0,36.127,False,200,
1787684458.7680926,managed,30.0,30.0,37.011,False,200,
1787684458.801426,managed,30.0,30.0,24.591,False,200,
1787684458.8347592,managed,30.0,30.0,36.778,False,200,
1787684458.8680925,managed,30.0,30.0,32.733,False,200,
1787684458.9014258,managed,30.0,30.0,31.576,False,200,
1787684458.9347594,managed,30.0,30.0,27.6,False,200,
1787684458.9680927,managed,30.0,30.0,25.3,False,200,
1787684459.001426,managed,30.0,30.0,37.069,False,200,
1787684459.0347593,managed,30.0,30.0,38.297,False,200,
1787684459.0680926,managed,30.0,30.0,33.369,False,200,
1787684459.101426,managed,30.0,30.0,35.338,False,200,
1787684459.1347592,managed,30.0,30.0,33.118,False,200,
1787684459.1680927,managed,30.0,30.0,33.271,False,200,
1787684459.201426,managed,30.0,30.0,31.058,False,200,
1787684459.2347593,managed,30.0,30.0,30.812,False,200,
1787684459.2680926,managed,30.0,30.0,34.576,False,200,
1787684459.301426,managed,30.0,30.0,39.964,False,200,
1787684459.3347592,managed,30.0,30.0,31.053,False,200,
1787684459.3680925,managed,30.0,30.0,28.708,False,200,
1787684459.4014258,managed,30.0,30.0,35.377,False,200,
1787684459.4347594,managed,30.0,30.0,38.055,False,200,
1787684459.4680927,managed,30.0,30.0,46.819,False,200,
1787684459.501426,managed,30.0,30.0,29.716,False,200,
1787684459.5347593,managed,30.0,30.0,43.883,False,200,
1787684459.5680926,managed,30.0,30.0,36.918,False,200,
1787684459.601426,managed,30.0,30.0,37.965,False,200,
1787684459.6347592,managed,30.0,30.0,31.106,False,200,
1787684459.6680927,managed,30.0,30.0,37.255,False,200,
1787684459.701426,managed,30.0,30.0,40.562,False,200,
1787684459.7347593,managed,30.0,30.0,38.809,False,200,
1787684459.7680926,managed,30.0,30.0,29.379,False,200,
1787684459.801426,managed,30.0,30.0,31.655,False,200,
1787684459.8347592,managed,30.0,30.0,32.888,False,200,
1787684459.8680925,managed,30.0,30.0,45.538,False,200,
1787684459.9014258,managed,30.0,30.0,36.094,False,200,
1787684459.9347594,managed,30.0,30.0,34.005,False,200,
1787684459.9680927,managed,30.0,30.0,31.614,False,200,
1787684460.001426,managed,30.0,30.0,27.711,False,200,
1787684460.0347593,managed,30.0,30.0,37.24,False,200,
1787684460.0680926,managed,30.0,30.0,34.395,False,200,
1787684460.101426,managed,30.0,30.0,33.731,False,200,
1787684460.1347592,managed,30.0,30.0,31.661,False,200,
1787684460.1680927,managed,30.0,30.0,28.477,False,200,
1787684460.201426,managed,30.0,30.0,34.738,False,200,
1787684460.2347593,managed,30.0,30.0,36.329,False,200,
1787684460.2680926,managed,30.0,30.0,44.063,False,200,
1787684460.301426,managed,30.0,30.0,32.997,False,200,
1787684460.3347592,managed,30.0,30.0,39.978,False,200,
1787684460.3680925,managed,30.0,30.0,41.295,False,200,
1787684460.4014258,managed,30.0,30.0,36.549,False,200,
1787684460.4347594,managed,30.0,30.0,44.968,False,200,
1787684460.4680927,managed,30.0,30.0,41.334,False,200,
1787684460.501426,managed,30.0,30.0,30.55,False,200,
1787684460.5347593,managed,30.0,30.0,29.033,False,200,
1787684460.5680926,managed,30.0,30.0,36.223,False,200,
1787684460.601426,managed,30.0,30.0,44.103,False,200,
1787684460.6347592,managed,30.0,30.0,48.299,False,200,
1787684460.6680927,managed,30.0,30.0,31.523,False,200,
1787684460.701426,managed,30.0,30.0,39.911,False,200,
1787684460.7347593,managed,30.0,30.0,36.043,False,200,
1787684460.7680926,managed,30.0,30.0,36.852,False,200,
1787684460.801426,managed,30.0,30.0,41.599,False,200,
1787684460.8347592,managed,30.0,30.0,29.906,False,200,
1787684460.8680925,managed,30.0,30.0,27.293,False,200,
1787684460.9014258,managed,30.0,30.0,32.768,False,200,
1787684460.9347594,managed,30.0,30.0,29.531,False,200,
1787684460.9680927,managed,30.0,30.0,39.949,False,200,
1787684461.001426,managed,30.0,30.0,40.241,False,200,
1787684461.0347593,managed,30.0,30.0,31.991,False,200,
1787684461.0680926,managed,30.0,30.0,29.909,False,200,
1787684461.101426,managed,30.0,30.0,27.644,False,200,
1787684461.1347592,managed,30.0,30.0,32.768,False,200,
1787684461.1680927,managed,30.0,30.0,36.801,False,200,
1787684461.201426,managed,30.0,30.0,35.348,False,200,
1787684461.2347593,managed,30.0,30.0,32.678,False,200,
1787684461.2680926,managed,30.0,30.0,32.157,False,200,
1787684461.301426,managed,30.0,30.0,32.455,False,200,
1787684461.3347592,managed,30.0,30.0,44.582,False,200,
1787684461.3680925,managed,30.0,30.0,31.427,False,200,
1787684461.4014258,managed,30.0,30.0,32.375,False,200,
1787684461.4347594,managed,30.0,30.0,43.182,False,200,
1787684461.4680927,managed,30.0,30.0,27.599,False,200,
1787684461.501426,managed,30.0,30.0,28.187,False,200,
1787684461.5347593,managed,30.0,30.0,39.164,False,200,
1787684461.5680926,managed,30.0,30.0,39.125,False,200,
1787684461.601426,managed,30.0,30.0,37.337,False,200,
1787684461.6347592,managed,30.0,30.0,43.584,False,200,
1787684461.6680927,managed,30.0,30.0,33.305,False,200,
1787684461.701426,managed,30.0,30.0,31.713,False,200,
1787684461.7347593,managed,30.0,30.0,35.883,False,200,
1787684461.7680926,managed,30.0,30.0,32.828,False,200,
1787684461.801426,managed,30.0,30.0,33.495,False,200,
1787684461.8347592,managed,30.0,30.0,40.544,False,200,
1787684461.8680925,managed,30.0,30.0,39.872,False,200,
1787684461.9014258,managed,30.0,30.0,40.235,False,200,
1787684461.9347594,managed,30.0,30.0,32.086,False,200,
1787684461.9680927,managed,30.0,30.0,33.047,False,200,
1787684462.001426,managed,30.0,30.0,45.311,False,200,
1787684462.0347593,managed,30.0,30.0,26.656,False,200,
1787684462.0680926,managed,30.0,30.0,31.457,False,200,
1787684462.101426,managed,30.0,30.0,32.528,False,200,
1787684462.1347592,managed,30.0,30.0,32.873,False,200,
1787684462.1680927,managed,30.0,30.0,36.629,False,200,
1787684462.201426,managed,30.0,30.0,31.856,False,200,
1787684462.2347593,managed,30.0,30.0,33.185,False,200,
1787684462.2680926,managed,30.0,30.0,31.248,False,200,
1787684462.301426,managed,30.0,30.0,36.95,False,200,
1787684462.3347592,managed,30.0,30.0,31.076,False,200,
1787684462.3680925,managed,30.0,30.0,35.92,False,200,
1787684462.4014258,managed,30.0,30.0,28.511,False,200,
1787684462.4347594,managed,30.0,30.0,33.94,False,200,
1787684462.4680927,managed,30.0,30.0,32.84,False,200,
1787684462.501426,managed,30.0,30.0,43.323,False,200,
1787684462.5347593,managed,30.0,30.0,30.982,False,200,
1787684462.5680926,managed,30.0,30.0,52.014,False,200,
1787684462.601426,managed,30.0,30.0,41.113,False,200,
1787684462.6347592,managed,30.0,30.0,27.62,False,200,
1787684462.6680927,managed,30.0,30.0,30.875,False,200,
1787684462.701426,managed,30.0,30.0,29.101,False,200,
1787684462.7347593,managed,30.0,30.0,49.387,False,200,
1787684462.7680926,managed,30.0,30.0,32.12,False,200,
1787684462.801426,managed,30.0,30.0,36.772,False,200,
1787684462.8347592,managed,30.0,30.0,34.199,False,200,
1787684462.8680925,managed,30.0,30.0,32.609,False,200,
1787684462.9014258,managed,30.0,30.0,33.029,False,200,
1787684462.9347594,managed,30.0,30.0,29.692,False,200,
1787684462.9680927,managed,30.0,30.0,44.639,False,200,
1787684463.001426,managed,30.0,30.0,39.973,False,200,
1787684463.0347593,managed,30.0,30.0,40.497,False,200,
1787684463.0680926,managed,30.0,30.0,33.201,False,200,
1787684463.101426,managed,30.0,30.0,28.259,False,200,
1787684463.1347592,managed,30.0,30.0,37.225,False,200,
1787684463.1680927,managed,30.0,30.0,33.259,False,200,
1787684463.201426,managed,30.0,30.0,31.107,False,200,
1787684463.2347593,managed,30.0,30.0,36.022,False,200,
1787684463.2680926,managed,30.0,30.0,35.494,False,200,
1787684463.301426,managed,30.0,30.0,35.877,False,200,
1787684463.3347592,managed,30.0,30.0,32.317,False,200,
1787684463.3680925,managed,30.0,30.0,30.452,False,200,
1787684463.4014258,managed,30.0,30.0,38.832,False,200,
1787684463.4347594,managed,30.0,30.0,30.841,False,200,
1787684463.4680927,managed,30.0,30.0,48.43,False,200,
1787684463.501426,managed,30.0,30.0,33.046,False,200,
1787684463.5347593,managed,30.0,30.0,40.539,False,200,
1787684463.5680926,managed,30.0,30.0,47.523,False,200,
1787684463.601426,managed,30.0,30.0,36.88,False,200,
1787684463.6347592,managed,30.0,30.0,33.576,False,200,
1787684463.6680927,managed,30.0,30.0,34.75,False,200,
1787684463.701426,managed,30.0,30.0,40.154,False,200,
1787684463.7347593,managed,30.0,30.0,42.316,False,200,
1787684463.7680926,managed,30.0,30.0,43.711,False,200,
1787684463.801426,managed,30.0,30.0,27.94,False,200,
1787684463.8347592,managed,30.0,30.0,49.135,False,200,
1787684463.8680925,managed,30.0,30.0,35.011,False,200,
1787684463.9014258,managed,30.0,30.0,40.57,False,200,
1787684463.9347594,managed,30.0,30.0,31.001,False,200,
1787684463.9680927,managed,30.0,30.0,32.368,False,200,
1787684464.001426,managed,30.0,30.0,39.61,False,200,
1787684464.0347593,managed,30.0,30.0,38.884,False,200,
1787684464.0680926,managed,30.0,30.0,28.746,False,200,
1787684464.101426,managed,30.0,30.0,34.258,False,200,
1787684464.1347592,managed,30.0,30.0,29.525,False,200,
1787684464.1680927,managed,30.0,30.0,32.788,False,200,
1787684464.201426,managed,30.0,30.0,36.932,False,200,
1787684464.2347593,managed,30.0,30.0,30.16,False,200,
1787684464.2680926,managed,30.0,30.0,31.479,False,200,
1787684464.301426,managed,30.0,30.0,36.173,False,200,
1787684464.3347592,managed,30.0,30.0,50.888,False,200,
1787684464.3680925,managed,30.0,30.0,38.563,False,200,
1787684464.4014258,managed,30.0,30.0,33.54,False,200,
1787684464.4347594,managed,30.0,30.0,45.696,False,200,
1787684464.4680927,managed,30.0,30.0,43.332,False,200,
1787684464.501426,managed,30.0,30.0,36.057,False,200,
1787684464.5347593,managed,30.0,30.0,29.834,False,200,
1787684464.5680926,managed,30.0,30.0,33.58,False,200,
1787684464.601426,managed,30.0,30.0,31.002,False,200,
1787684464.6347592,managed,30.0,30.0,37.745,False,200,
1787684464.6680927,managed,30.0,30.0,32.241,False,200,
1787684464.701426,managed,30.0,30.0,43.22,False,200,
1787684464.7347593,managed,30.0,30.0,38.351,False,200,
1787684464.7680926,managed,30.0,30.0,34.617,False,200,
1787684464.801426,managed,30.0,30.0,39.894,False,200,
1787684464.8347592,managed,30.0,30.0,29.989,False,200,
1787684464.8680925,managed,30.0,30.0,37.863,False,200,
1787684464.9014258,managed,30.0,30.0,30.018,False,200,
1787684464.9347594,managed,30.0,30.0,37.191,False,200,
1787684464.9680927,managed,30.0,30.0,29.965,False,200,
1787684465.001426,managed,30.0,30.0,58.506,False,200,
1787684465.0347593,managed,30.0,30.0,33.02,False,200,
1787684465.0680926,managed,30.0,30.0,27.598,False,200,
1787684465.101426,managed,30.0,30.0,45.865,False,200,
1787684465.1347592,managed,30.0,30.0,35.8,False,200,
1787684465.1680927,managed,30.0,30.0,30.562,False,200,
1787684465.201426,managed,30.0,30.0,29.498,False,200,
1787684465.2347593,managed,30.0,30.0,33.628,False,200,
1787684465.2680926,managed,30.0,30.0,35.579,False,200,
1787684465.301426,managed,30.0,30.0,28.837,False,200,
1787684465.3347592,managed,30.0,30.0,31.703,False,200,
1787684465.3680925,managed,30.0,30.0,35.669,False,200,
1787684465.4014258,managed,30.0,30.0,35.843,False,200,
1787684465.4347594,managed,30.0,30.0,39.045,False,200,
1787684465.4680927,managed,30.0,30.0,29.114,False,200,
1787684465.501426,managed,30.0,30.0,35.508,False,200,
1787684465.5347593,managed,30.0,30.0,33.374,False,200,
1787684465.5680926,managed,30.0,30.0,25.129,False,200,
1787684465.601426,managed,30.0,30.0,30.165,False,200,
1787684465.6347592,managed,30.0,30.0,35.601,False,200,
1787684465.6680927,managed,30.0,30.0,30.488,False,200,
1787684465.701426,managed,30.0,30.0,31.188,False,200,
1787684465.7347593,managed,30.0,30.0,28.708,False,200,
1787684465.7680926,managed,30.0,30.0,40.84,False,200,
1787684465.801426,managed,30.0,30.0,27.444,False,200,
1787684465.8347592,managed,30.0,30.0,34.572,False,200,
1787684465.8680925,managed,30.0,30.0,27.869,False,200,
1787684465.9014258,managed,30.0,30.0,38.067,False,200,
1787684465.9347594,managed,30.0,30.0,46.522,False,200,
1787684465.9680927,managed,30.0,30.0,41.347,False,200,
1787684466.001426,managed,30.0,30.0,39.193,False,200,
1787684466.0347593,managed,30.0,30.0,34.186,False,200,
1787684466.0680926,managed,30.0,30.0,36.41,False,200,
1787684466.101426,managed,30.0,30.0,33.245,False,200,
1787684466.1347592,managed,30.0,30.0,36.114,False,200,
1787684466.1680927,managed,30.0,30.0,40.64,False,200,
1787684466.201426,managed,30.0,30.0,42.683,False,200,
1787684466.2347593,managed,30.0,30.0,32.767,False,200,
1787684466.2680926,managed,30.0,30.0,30.571,False,200,
1787684466.301426,managed,30.0,30.0,32.733,False,200,
1787684466.3347592,managed,30.0,30.0,40.749,False,200,
1787684466.3680925,managed,30.0,30.0,36.209,False,200,
1787684466.4014258,managed,30.0,30.0,27.2,False,200,
1787684466.4347594,managed,30.0,30.0,42.948,False,200,
1787684466.4680927,managed,30.0,30.0,38.725,False,200,
1787684466.501426,managed,30.0,30.0,43.637,False,200,
1787684466.5347593,managed,30.0,30.0,38.563,False,200,
1787684466.5680926,managed,30.0,30.0,48.353,False,200,
1787684466.601426,managed,30.0,30.0,40.751,False,200,
1787684466.6347592,managed,30.0,30.0,32.035,False,200,
1787684466.6680927,managed,30.0,30.0,47.907,False,200,
1787684466.701426,managed,30.0,30.0,35.798,False,200,
1787684466.7347593,managed,30.0,30.0,40.356,False,200,
1787684466.7680926,managed,30.0,30.0,36.599,False,200,
1787684466.801426,managed,30.0,30.0,28.434,False,200,
1787684466.8347592,managed,30.0,30.0,33.861,False,200,
1787684466.8680925,managed,30.0,30.0,29.707,False,200,
1787684466.9014258,managed,30.0,30.0,43.006,False,200,
1787684466.9347594,managed,30.0,30.0,36.171,False,200,
1787684466.9680927,managed,30.0,30.0,29.28,False,200,
1787684467.001426,managed,30.0,30.0,31.407,False,200,
1787684467.0347593,managed,30.0,30.0,28.166,False,200,
1787684467.0680926,managed,30.0,30.0,37.648,False,200,
1787684467.101426,managed,30.0,30.0,40.39,False,200,
1787684467.1347592,managed,30.0,30.0,34.538,False,200,
1787684467.1680927,managed,30.0,30.0,27.778,False,200,
1787684467.201426,managed,30.0,30.0,30.5,False,200,
1787684467.2347593,managed,30.0,30.0,37.196,False,200,
1787684467.2680926,managed,30.0,30.0,29.857,False,200,
1787684467.301426,managed,30.0,30.0,29.841,False,200,
1787684467.3347592,managed,30.0,30.0,32.023,False,200,
1787684467.3680925,managed,30.0,30.0,31.23,False,200,
1787684467.4014258,managed,30.0,30.0,33.432,False,200,
1787684467.4347594,managed,30.0,30.0,38.791,False,200,
1787684467.4680927,managed,30.0,30.0,32.588,False,200,
1787684467.501426,managed,30.0,30.0,31.265,False,200,
1787684467.5347593,managed,30.0,30.0,32.709,False,200,
1787684467.5680926,managed,30.0,30.0,37.391,False,200,
1787684467.601426,managed,30.0,30.0,38.813,False,200,
1787684467.6347592,managed,30.0,30.0,31.307,False,200,
1787684467.6680927,managed,30.0,30.0,32.695,False,200,
1787684467.701426,managed,30.0,30.0,38.237,False,200,
1787684467.7347593,managed,30.0,30.0,45.464,False,200,
1787684467.7680926,managed,30.0,30.0,34.809,False,200,
1787684467.801426,managed,30.0,30.0,35.078,False,200,
1787684467.8347592,managed,30.0,30.0,31.856,False,200,
1787684467.8680925,managed,30.0,30.0,41.269,False,200,
1787684467.9014258,managed,30.0,30.0,30.213,False,200,
1787684467.9347594,managed,30.0,30.0,44.87,False,200,
1787684467.9680927,managed,30.0,30.0,27.578,False,200,
1787684468.001426,managed,30.0,30.0,34.042,False,200,
1787684468.0347593,managed,30.0,30.0,25.147,False,200,
1787684468.0680926,managed,30.0,30.0,33.733,False,200,
1787684468.101426,managed,30.0,30.0,31.017,False,200,
1787684468.1347592,managed,30.0,30.0,27.302,False,200,
1787684468.1680927,managed,30.0,30.0,36.723,False,200,
1787684468.201426,managed,30.0,30.0,39.115,False,200,
1787684468.2347593,managed,30.0,30.0,34.817,False,200,
1787684468.2680926,managed,30.0,30.0,39.218,False,200,
1787684468.301426,managed,30.0,30.0,40.322,False,200,
1787684468.3347592,managed,30.0,30.0,43.923,False,200,
1787684468.3680925,managed,30.0,30.0,29.923,False,200,
1787684468.4014258,managed,30.0,30.0,23.095,False,200,
1787684468.4347594,managed,30.0,30.0,41.323,False,200,
1787684468.4680927,managed,30.0,30.0,27.731,False,200,
1787684468.501426,managed,30.0,30.0,40.074,False,200,
1787684468.5347593,managed,30.0,30.0,33.792,False,200,
1787684468.5680926,managed,30.0,30.0,33.071,False,200,
1787684468.601426,managed,30.0,30.0,19.996,False,200,
1787684468.6347592,managed,30.0,30.0,27.584,False,200,
1787684468.6680927,managed,30.0,30.0,38.047,False,200,
1787684468.701426,managed,30.0,30.0,35.262,False,200,
1787684468.7347593,managed,30.0,30.0,37.562,False,200,
1787684468.7680926,managed,30.0,30.0,24.105,False,200,
1787684468.801426,managed,30.0,30.0,41.324,False,200,
1787684468.8347592,managed,30.0,30.0,31.799,False,200,
1787684468.8680925,managed,30.0,30.0,38.056,False,200,
1787684468.9014258,managed,30.0,30.0,34.159,False,200,
1787684468.9347594,managed,30.0,30.0,29.746,False,200,
1787684468.9680927,managed,30.0,30.0,39.239,False,200,
1787684469.001426,managed,30.0,30.0,32.709,False,200,
1787684469.0347593,managed,30.0,30.0,35.398,False,200,
1787684469.0680926,managed,30.0,30.0,42.081,False,200,
1787684469.101426,managed,30.0,30.0,34.44,False,200,
1787684469.1347592,managed,30.0,30.0,38.145,False,200,
1787684469.1680927,managed,30.0,30.0,36.736,False,200,
1787684469.201426,managed,30.0,30.0,22.869,False,200,
1787684469.2347593,managed,30.0,30.0,35.291,False,200,
1787684469.2680926,managed,30.0,30.0,33.42,False,200,
1787684469.301426,managed,30.0,30.0,27.057,False,200,
1787684469.3347592,managed,30.0,30.0,41.723,False,200,
1787684469.3680925,managed,30.0,30.0,36.394,False,200,
1787684469.4014258,managed,30.0,30.0,41.506,False,200,
1787684469.4347594,managed,30.0,30.0,38.36,False,200,
1787684469.4680927,managed,30.0,30.0,33.5,False,200,
1787684469.501426,managed,30.0,30.0,30.924,False,200,
1787684469.5347593,managed,30.0,30.0,35.715,False,200,
1787684469.5680926,managed,30.0,30.0,36.986,False,200,
1787684469.601426,managed,30.0,30.0,30.805,False,200,
1787684469.6347592,managed,30.0,30.0,38.538,False,200,
1787684469.6680927,managed,30.0,30.0,42.785,False,200,
1787684469.701426,managed,30.0,30.0,34.354,False,200,
1787684469.7347593,managed,30.0,30.0,30.513,False,200,
1787684469.7680926,managed,30.0,30.0,28.663,False,200,
1787684469.801426,managed,30.0,30.0,32.205,False,200,
1787684469.8347592,managed,30.0,30.0,34.98,False,200,
1787684469.8680925,managed,30.0,30.0,29.883,False,200,
1787684469.9014258,managed,30.0,30.0,31.458,False,200,
1787684469.9347594,managed,30.0,30.0,23.924,False,200,
1787684469.9680927,managed,30.0,30.0,37.51,False,200,
1787684470.001426,managed,30.0,30.0,35.213,False,200,
1787684470.0347593,managed,30.0,30.0,40.804,False,200,
1787684470.0680926,managed,30.0,30.0,31.979,False,200,
1787684470.101426,managed,30.0,30.0,39.619,False,200,
1787684470.1347592,managed,30.0,30.0,29.224,False,200,
1787684470.1680927,managed,30.0,30.0,33.133,False,200,
1787684470.201426,managed,30.0,30.0,32.93,False,200,
1787684470.2347593,managed,30.0,30.0,36.646,False,200,
1787684470.2680926,managed,30.0,30.0,39.338,False,200,
1787684470.301426,managed,30.0,30.0,36.705,False,200,
1787684470.3347592,managed,30.0,30.0,36.86,False,200,
1787684470.3680925,managed,30.0,30.0,50.208,False,200,
1787684470.4014258,managed,30.0,30.0,33.257,False,200,
1787684470.4347594,managed,30.0,30.0,44.971,False,200,
1787684470.4680927,managed,30.0,30.0,42.312,False,200,
1787684470.501426,managed,30.0,30.0,36.167,False,200,
1787684470.5347593,managed,30.0,30.0,43.095,False,200,
1787684470.5680926,managed,30.0,30.0,39.198,False,200,
1787684470.601426,managed,30.0,30.0,31.368,False,200,
1787684470.6347592,managed,30.0,30.0,28.522,False,200,
1787684470.6680927,managed,30.0,30.0,37.485,False,200,
1787684470.701426,managed,30.0,30.0,34.562,False,200,
1787684470.7347593,managed,30.0,30.0,34.649,False,200,
1787684470.7680926,managed,30.0,30.0,40.3,False,200,
1787684470.801426,managed,30.0,30.0,43.7,False,200,
1787684470.8347592,managed,30.0,30.0,39.476,False,200,
1787684470.8680925,managed,30.0,30.0,45.109,False,200,
1787684470.9014258,managed,30.0,30.0,27.665,False,200,
1787684470.9347594,managed,30.0,30.0,30.714,False,200,
1787684470.9680927,managed,30.0,30.0,37.824,False,200,
1787684471.001426,managed,30.0,30.0,39.441,False,200,
1787684471.0347593,managed,30.0,30.0,37.029,False,200,
1787684471.0680926,managed,30.0,30.0,37.799,False,200,
1787684471.101426,managed,30.0,30.0,34.689,False,200,
1787684471.1347592,managed,30.0,30.0,35.389,False,200,
1787684471.1680927,managed,30.0,30.0,35.415,False,200,
1787684471.201426,managed,30.0,30.0,39.263,False,200,
1787684471.2347593,managed,30.0,30.0,39.731,False,200,
1787684471.2680926,managed,30.0,30.0,35.226,False,200,
1787684471.301426,managed,30.0,30.0,40.197,False,200,
1787684471.3347592,managed,30.0,30.0,33.784,False,200,
1787684471.3680925,managed,30.0,30.0,36.775,False,200,
1787684471.4014258,managed,30.0,30.0,34.26,False,200,
1787684471.4347594,managed,30.0,30.0,36.37,False,200,
1787684471.4680927,managed,30.0,30.0,36.076,False,200,
1787684471.501426,managed,30.0,30.0,41.814,False,200,
1787684471.5347593,managed,30.0,30.0,34.836,False,200,
1787684471.5680926,managed,30.0,30.0,28.955,False,200,
1787684471.601426,managed,30.0,30.0,42.232,False,200,
1787684471.6347592,managed,30.0,30.0,48.017,False,200,
1787684471.6680927,managed,30.0,30.0,34.817,False,200,
1787684471.701426,managed,30.0,30.0,28.668,False,200,
1787684471.7347593,managed,30.0,30.0,35.724,False,200,
1787684471.7680926,managed,30.0,30.0,33.508,False,200,
1787684471.801426,managed,30.0,30.0,33.145,False,200,
1787684471.8347592,managed,30.0,30.0,31.666,False,200,
1787684471.8680925,managed,30.0,30.0,45.229,False,200,
1787684471.9014258,managed,30.0,30.0,41.897,False,200,
1787684471.9347594,managed,30.0,30.0,34.894,False,200,
1787684471.9680927,managed,30.0,30.0,26.86,False,200,
1787684472.001426,managed,30.0,30.0,33.939,False,200,
1787684472.0347593,managed,30.0,30.0,38.441,False,200,
1787684472.0680926,managed,30.0,30.0,41.909,False,200,
1787684472.101426,managed,30.0,30.0,36.09,False,200,
1787684472.1347592,managed,30.0,30.0,32.015,False,200,
1787684472.1680927,managed,30.0,30.0,31.869,False,200,
1787684472.201426,managed,30.0,30.0,33.069,False,200,
1787684472.2347593,managed,30.0,30.0,37.931,False,200,
1787684472.2680926,managed,30.0,30.0,36.701,False,200,
1787684472.301426,managed,30.0,30.0,29.382,False,200,
1787684472.3347592,managed,30.0,30.0,34.453,False,200,
1787684472.3680925,managed,30.0,30.0,38.116,False,200,
1787684472.4014258,managed,30.0,30.0,33.131,False,200,
1787684472.4347594,managed,30.0,30.0,44.314,False,200,
1787684472.4680927,managed,30.0,30.0,32.4,False,200,
1787684472.501426,managed,30.0,30.0,40.826,False,200,
1787684472.5347593,managed,30.0,30.0,30.8,False,200,
1787684472.5680926,managed,30.0,30.0,29.291,False,200,
1787684472.601426,managed,30.0,30.0,31.564,False,200,
1787684472.6347592,managed,30.0,30.0,42.77,False,200,
1787684472.6680927,managed,30.0,30.0,34.279,False,200,
1787684472.701426,managed,30.0,30.0,34.941,False,200,
1787684472.7347593,managed,30.0,30.0,33.166,False,200,
1787684472.7680926,managed,30.0,30.0,38.995,False,200,
1787684472.801426,managed,30.0,30.0,33.72,False,200,
1787684472.8347592,managed,30.0,30.0,33.126,False,200,
1787684472.8680925,managed,30.0,30.0,30.594,False,200,
1787684472.9014258,managed,30.0,30.0,39.364,False,200,
1787684472.9347594,managed,30.0,30.0,29.253,False,200,
1787684472.9680927,managed,30.0,30.0,28.46,False,200,
1787684473.001426,managed,30.0,30.0,27.6,False,200,
1787684473.0347593,managed,30.0,30.0,29.682,False,200,
1787684473.0680926,managed,30.0,30.0,27.196,False,200,
1787684473.101426,managed,30.0,30.0,33.802,False,200,
1787684473.1347592,managed,30.0,30.0,30.024,False,200,
1787684473.1680927,managed,30.0,30.0,34.191,False,200,
1787684473.201426,managed,30.0,30.0,39.874,False,200,
1787684473.2347593,managed,30.0,30.0,29.468,False,200,
1787684473.2680926,managed,30.0,30.0,38.985,False,200,
1787684473.301426,managed,30.0,30.0,27.729,False,200,
1787684473.3347592,managed,30.0,30.0,29.132,False,200,
1787684473.3680925,managed,30.0,30.0,36.425,False,200,
1787684473.4014258,managed,30.0,30.0,32.417,False,200,
1787684473.4347594,managed,30.0,30.0,52.803,False,200,
1787684473.4680927,managed,30.0,30.0,37.57,False,200,
1787684473.501426,managed,30.0,30.0,36.663,False,200,
1787684473.5347593,managed,30.0,30.0,31.818,False,200,
1787684473.5680926,managed,30.0,30.0,43.241,False,200,
1787684473.601426,managed,30.0,30.0,27.201,False,200,
1787684473.6347592,managed,30.0,30.0,29.9,False,200,
1787684473.6680927,managed,30.0,30.0,37.269,False,200,
1787684473.701426,managed,30.0,30.0,34.079,False,200,
1787684473.7347593,managed,30.0,30.0,42.888,False,200,
1787684473.7680926,managed,30.0,30.0,29.744,False,200,
1787684473.801426,managed,30.0,30.0,34.705,False,200,
1787684473.8347592,managed,30.0,30.0,45.363,False,200,
1787684473.8680925,managed,30.0,30.0,33.253,False,200,
1787684473.9014258,managed,30.0,30.0,39.205,False,200,
1787684473.9347594,managed,30.0,30.0,41.075,False,200,
1787684473.9680927,managed,30.0,30.0,28.618,False,200,
1787684474.001426,managed,30.0,30.0,33.075,False,200,
1787684474.0347593,managed,30.0,30.0,49.025,False,200,
1787684474.0680926,managed,30.0,30.0,26.468,False,200,
1787684474.101426,managed,30.0,30.0,31.207,False,200,
1787684474.1347592,managed,30.0,30.0,38.745,False,200,
1787684474.1680927,managed,30.0,30.0,26.913,False,200,
1787684474.201426,managed,30.0,30.0,39.944,False,200,
1787684474.2347593,managed,30.0,30.0,38.088,False,200,
1787684474.2680926,managed,30.0,30.0,41.554,False,200,
1787684474.301426,managed,30.0,30.0,33.038,False,200,
1787684474.3347592,managed,30.0,30.0,34.151,False,200,
1787684474.3680925,managed,30.0,30.0,30.204,False,200,
1787684474.4014258,managed,30.0,30.0,38.582,False,200,
1787684474.4347594,managed,30.0,30.0,38.047,False,200,
1787684474.4680927,managed,30.0,30.0,33.247,False,200,
1787684474.501426,managed,30.0,30.0,29.766,False,200,
1787684474.5347593,managed,30.0,30.0,37.612,False,200,
1787684474.5680926,managed,30.0,30.0,32.767,False,200,
1787684474.601426,managed,30.0,30.0,36.953,False,200,
1787684474.6347592,managed,30.0,30.0,31.484,False,200,
1787684474.6680927,managed,30.0,30.0,54.929,False,200,
1787684474.701426,managed,30.0,30.0,48.726,False,200,
1787684474.7347593,managed,30.0,30.0,38.435,False,200,
1787684474.7680926,managed,30.0,30.0,30.607,False,200,
1787684474.801426,managed,30.0,30.0,32.648,False,200,
1787684474.8347592,managed,30.0,30.0,38.616,False,200,
1787684474.8680925,managed,30.0,30.0,28.557,False,200,
1787684474.9014258,managed,30.0,30.0,37.552,False,200,
1787684474.9347594,managed,30.0,30.0,35.566,False,200,
1787684474.9680927,managed,30.0,30.0,40.628,False,200,
1787684475.001426,managed,30.0,30.0,37.082,False,200,
1787684475.0347593,managed,30.0,30.0,35.401,False,200,
1787684475.0680926,managed,30.0,30.0,32.842,False,200,
1787684475.101426,managed,30.0,30.0,33.142,False,200,
1787684475.1347592,managed,30.0,30.0,32.846,False,200,
1787684475.1680927,managed,30.0,30.0,36.87,False,200,
1787684475.201426,managed,30.0,30.0,38.039,False,200,
1787684475.2347593,managed,30.0,30.0,27.677,False,200,
1787684475.2680926,managed,30.0,30.0,30.0,False,200,
1787684475.301426,managed,30.0,30.0,39.899,False,200,
1787684475.3347592,managed,30.0,30.0,39.043,False,200,
1787684475.3680925,managed,30.0,30.0,30.21,False,200,
1787684475.4014258,managed,30.0,30.0,29.112,False,200,
1787684475.4347594,managed,30.0,30.0,40.265,False,200,
1787684475.4680927,managed,30.0,30.0,36.501,False,200,
1787684475.501426,managed,30.0,30.0,35.784,False,200,
1787684475.5347593,managed,30.0,30.0,38.646,False,200,
1787684475.5680926,managed,30.0,30.0,28.877,False,200,
1787684475.601426,managed,30.0,30.0,34.877,False,200,
1787684475.6347592,managed,30.0,30.0,36.216,False,200,
1787684475.6680927,managed,30.0,30.0,28.791,False,200,
1787684475.701426,managed,30.0,30.0,43.202,False,200,
1787684475.7347593,managed,30.0,30.0,32.351,False,200,
1787684475.7680926,managed,30.0,30.0,41.597,False,200,
1787684475.801426,managed,30.0,30.0,41.44,False,200,
1787684475.8347592,managed,30.0,30.0,26.861,False,200,
1787684475.8680925,managed,30.0,30.0,27.666,False,200,
1787684475.9014258,managed,30.0,30.0,34.512,False,200,
1787684475.9347594,managed,30.0,30.0,31.591,False,200,
1787684475.9680927,managed,30.0,30.0,27.034,False,200,
1787684476.001426,managed,30.0,30.0,29.849,False,200,
1787684476.0347593,managed,30.0,30.0,37.708,False,200,
1787684476.0680926,managed,30.0,30.0,52.078,False,200,
1787684476.101426,managed,30.0,30.0,37.398,False,200,
1787684476.1347592,managed,30.0,30.0,36.452,False,200,
1787684476.1680927,managed,30.0,30.0,29.371,False,200,
1787684476.201426,managed,30.0,30.0,25.58,False,200,
1787684476.2347593,managed,30.0,30.0,36.279,False,200,
1787684476.2680926,managed,30.0,30.0,33.16,False,200,
1787684476.301426,managed,30.0,30.0,42.494,False,200,
1787684476.3347592,managed,30.0,30.0,33.544,False,200,
1787684476.3680925,managed,30.0,30.0,34.572,False,200,
1787684476.4014258,managed,30.0,30.0,36.995,False,200,
1787684476.4347594,managed,30.0,30.0,36.587,False,200,
1787684476.4680927,managed,30.0,30.0,27.226,False,200,
1787684476.501426,managed,30.0,30.0,36.301,False,200,
1787684476.5347593,managed,30.0,30.0,38.561,False,200,
1787684476.5680926,managed,30.0,30.0,36.365,False,200,
1787684476.601426,managed,30.0,30.0,28.627,False,200,
1787684476.6347592,managed,30.0,30.0,33.68,False,200,
1787684476.6680927,managed,30.0,30.0,38.038,False,200,
1787684476.701426,managed,30.0,30.0,38.624,False,200,
1787684476.7347593,managed,30.0,30.0,34.023,False,200,
1787684476.7680926,managed,30.0,30.0,34.02,False,200,
1787684476.801426,managed,30.0,30.0,41.396,False,200,
1787684476.8347592,managed,30.0,30.0,36.45,False,200,
1787684476.8680925,managed,30.0,30.0,34.273,False,200,
1787684476.9014258,managed,30.0,30.0,31.168,False,200,
1787684476.9347594,managed,30.0,30.0,38.53,False,200,
1787684476.9680927,managed,30.0,30.0,40.728,False,200,
1787684477.001426,managed,30.0,30.0,39.047,False,200,
1787684477.0347593,managed,30.0,30.0,28.468,False,200,
1787684477.0680926,managed,30.0,30.0,36.346,False,200,
1787684477.101426,managed,30.0,30.0,33.367,False,200,
1787684477.1347592,managed,30.0,30.0,34.918,False,200,
1787684477.1680927,managed,30.0,30.0,46.342,False,200,
1787684477.201426,managed,30.0,30.0,38.177,False,200,
1787684477.2347593,managed,30.0,30.0,32.629,False,200,
1787684477.2680926,managed,30.0,30.0,39.028,False,200,
1787684477.301426,managed,30.0,30.0,35.442,False,200,
1787684477.3347592,managed,30.0,30.0,38.418,False,200,
1787684477.3680925,managed,30.0,30.0,34.893,False,200,
1787684477.4014258,managed,30.0,30.0,30.293,False,200,
1787684477.4347594,managed,30.0,30.0,40.184,False,200,
1787684477.4680927,managed,30.0,30.0,40.761,False,200,
1787684477.501426,managed,30.0,30.0,35.34,False,200,
1787684477.5347593,managed,30.0,30.0,32.45,False,200,
1787684477.5680926,managed,30.0,30.0,39.488,False,200,
1787684477.601426,managed,30.0,30.0,40.673,False,200,
1787684477.6347592,managed,30.0,30.0,32.28,False,200,
1787684477.6680927,managed,30.0,30.0,28.052,False,200,
1787684477.701426,managed,30.0,30.0,42.083,False,200,
1787684477.7347593,managed,30.0,30.0,32.15,False,200,
1787684477.7680926,managed,30.0,30.0,39.746,False,200,
1787684477.801426,managed,30.0,30.0,46.523,False,200,
1787684477.8347592,managed,30.0,30.0,33.113,False,200,
1787684477.8680925,managed,30.0,30.0,36.457,False,200,
1787684477.9014258,managed,30.0,30.0,33.654,False,200,
1787684477.9347594,managed,30.0,30.0,35.051,False,200,
1787684477.9680927,managed,30.0,30.0,35.014,False,200,
1787684478.001426,managed,30.0,30.0,31.466,False,200,
1787684478.0347593,managed,30.0,30.0,33.033,False,200,
1787684478.0680926,managed,30.0,30.0,32.722,False,200,
1787684478.101426,managed,30.0,30.0,35.351,False,200,
1787684478.1347592,managed,30.0,30.0,31.772,False,200,
1787684478.1680927,managed,30.0,30.0,32.834,False,200,
1787684478.201426,managed,30.0,30.0,37.353,False,200,
1787684478.2347593,managed,30.0,30.0,29.957,False,200,
1787684478.2680926,managed,30.0,30.0,31.78,False,200,
1787684478.301426,managed,30.0,30.0,30.451,False,200,
1787684478.3347592,managed,30.0,30.0,29.966,False,200,
1787684478.3680925,managed,30.0,30.0,33.135,False,200,
1787684478.4014258,managed,30.0,30.0,44.507,False,200,
1787684478.4347594,managed,30.0,30.0,36.752,False,200,
1787684478.4680927,managed,30.0,30.0,36.866,False,200,
1787684478.501426,managed,30.0,30.0,30.811,False,200,
1787684478.5347593,managed,30.0,30.0,34.751,False,200,
1787684478.5680926,managed,30.0,30.0,31.054,False,200,
1787684478.601426,managed,30.0,30.0,26.21,False,200,
1787684478.6347592,managed,30.0,30.0,38.267,False,200,
1787684478.6680927,managed,30.0,30.0,34.362,False,200,
1787684478.701426,managed,30.0,30.0,26.518,False,200,
1787684478.7347593,managed,30.0,30.0,25.903,False,200,
1787684478.7680926,managed,30.0,30.0,26.71,False,200,
1787684478.801426,managed,30.0,30.0,34.4,False,200,
1787684478.8347592,managed,30.0,30.0,34.035,False,200,
1787684478.8680925,managed,30.0,30.0,30.34,False,200,
1787684478.9014258,managed,30.0,30.0,30.23,False,200,
1787684478.9347594,managed,30.0,30.0,36.02,False,200,
1787684478.9680927,managed,30.0,30.0,36.636,False,200,
1787684479.001426,managed,30.0,30.0,37.996,False,200,
1787684479.0347593,managed,30.0,30.0,35.862,False,200,
1787684479.0680926,managed,30.0,30.0,40.119,False,200,
1787684479.101426,managed,30.0,30.0,32.126,False,200,
1787684479.1347592,managed,30.0,30.0,27.219,False,200,
1787684479.1680927,managed,30.0,30.0,39.019,False,200,
1787684479.201426,managed,30.0,30.0,35.124,False,200,
1787684479.2347593,managed,30.0,30.0,37.678,False,200,
1787684479.2680926,managed,30.0,30.0,39.742,False,200,
1787684479.301426,managed,30.0,30.0,37.862,False,200,
1787684479.3347592,managed,30.0,30.0,35.813,False,200,
1787684479.3680925,managed,30.0,30.0,33.273,False,200,
1787684479.4014258,managed,30.0,30.0,39.088,False,200,
1787684479.4347594,managed,30.0,30.0,41.306,False,200,
1787684479.4680927,managed,30.0,30.0,39.459,False,200,
1787684479.501426,managed,30.0,30.0,35.655,False,200,
1787684479.5347593,managed,30.0,30.0,27.989,False,200,
1787684479.5680926,managed,30.0,30.0,33.518,False,200,
1787684479.601426,managed,30.0,30.0,31.271,False,200,
1787684479.6347592,managed,30.0,30.0,44.135,False,200,
1787684479.6680927,managed,30.0,30.0,40.425,False,200,
1787684479.701426,managed,30.0,30.0,29.482,False,200,
1787684479.7347593,managed,30.0,30.0,32.326,False,200,
1787684479.7680926,managed,30.0,30.0,34.18,False,200,
1787684479.801426,managed,30.0,30.0,36.959,False,200,
1787684479.8347592,managed,30.0,30.0,47.161,False,200,
1787684479.8680925,managed,30.0,30.0,38.92,False,200,
1787684479.9014258,managed,30.0,30.0,41.731,False,200,
1787684479.9347594,managed,30.0,30.0,39.131,False,200,
1787684479.9680927,managed,30.0,30.0,32.649,False,200,
1787684480.001426,managed,30.0,30.0,41.512,False,200,
1787684480.0347593,managed,30.0,30.0,36.325,False,200,
1787684480.0680926,managed,30.0,30.0,31.383,False,200,
1787684480.101426,managed,30.0,30.0,39.138,False,200,
1787684480.1347592,managed,30.0,30.0,35.515,False,200,
1787684480.1680927,managed,30.0,30.0,42.139,False,200,
1787684480.201426,managed,30.0,30.0,36.52,False,200,
1787684480.2347593,managed,30.0,30.0,33.54,False,200,
1787684480.2680926,managed,30.0,30.0,30.706,False,200,
1787684480.301426,managed,30.0,30.0,35.341,False,200,
1787684480.3347592,managed,30.0,30.0,40.63,False,200,
1787684480.3680925,managed,30.0,30.0,31.275,False,200,
1787684480.4014258,managed,30.0,30.0,33.072,False,200,
1787684480.4347594,managed,30.0,30.0,33.021,False,200,
1787684480.4680927,managed,30.0,30.0,30.841,False,200,
1787684480.501426,managed,30.0,30.0,34.899,False,200,
1787684480.5347593,managed,30.0,30.0,38.978,False,200,
1787684480.5680926,managed,30.0,30.0,36.203,False,200,
1787684480.601426,managed,30.0,30.0,28.608,False,200,
1787684480.6347592,managed,30.0,30.0,35.231,False,200,
1787684480.6680927,managed,30.0,30.0,34.323,False,200,
1787684480.701426,managed,30.0,30.0,32.365,False,200,
1787684480.7347593,managed,30.0,30.0,29.334,False,200,
1787684480.7680926,managed,30.0,30.0,31.801,False,200,
1787684480.801426,managed,30.0,30.0,29.253,False,200,
1787684480.8347592,managed,30.0,30.0,33.508,False,200,
1787684480.8680925,managed,30.0,30.0,38.39,False,200,
1787684480.9014258,managed,30.0,30.0,37.375,False,200,
1787684480.9347594,managed,30.0,30.0,35.061,False,200,
1787684480.9680927,managed,30.0,30.0,43.017,False,200,
1787684481.001426,managed,30.0,30.0,29.864,False,200,
1787684481.0347593,managed,30.0,30.0,35.958,False,200,
1787684481.0680926,managed,30.0,30.0,39.581,False,200,
1787684481.101426,managed,30.0,30.0,27.606,False,200,
1787684481.1347592,managed,30.0,30.0,35.473,False,200,
1787684481.1680927,managed,30.0,30.0,37.368,False,200,
1787684481.201426,managed,30.0,30.0,36.999,False,200,
1787684481.2347593,managed,30.0,30.0,32.471,False,200,
1787684481.2680926,managed,30.0,30.0,37.821,False,200,
1787684481.301426,managed,30.0,30.0,37.873,False,200,
1787684481.3347592,managed,30.0,30.0,37.114,False,200,
1787684481.3680925,managed,30.0,30.0,39.933,False,200,
1787684481.4014258,managed,30.0,30.0,36.304,False,200,
1787684481.4347594,managed,30.0,30.0,36.351,False,200,
1787684481.4680927,managed,30.0,30.0,30.44,False,200,
1787684481.501426,managed,30.0,30.0,33.259,False,200,
1787684481.5347593,managed,30.0,30.0,38.015,False,200,
1787684481.5680926,managed,30.0,30.0,32.817,False,200,
1787684481.601426,managed,30.0,30.0,36.833,False,200,
1787684481.6347592,managed,30.0,30.0,42.402,False,200,
1787684481.6680927,managed,30.0,30.0,32.631,False,200,
1787684481.701426,managed,30.0,30.0,35.943,False,200,
1787684481.7347593,managed,30.0,30.0,32.698,False,200,
1787684481.7680926,managed,30.0,30.0,44.692,False,200,
1787684481.801426,managed,30.0,30.0,41.972,False,200,
1787684481.8347592,managed,30.0,30.0,28.378,False,200,
1787684481.8680925,managed,30.0,30.0,40.539,False,200,
1787684481.9014258,managed,30.0,30.0,35.006,False,200,
1787684481.9347594,managed,30.0,30.0,38.539,False,200,
1787684481.9680927,managed,30.0,30.0,35.043,False,200,
1787684482.001426,managed,30.0,30.0,35.814,False,200,
1787684482.0347593,managed,30.0,30.0,31.436,False,200,
1787684482.0680926,managed,30.0,30.0,30.901,False,200,
1787684482.101426,managed,30.0,30.0,31.745,False,200,
1787684482.1347592,managed,30.0,30.0,43.824,False,200,
1787684482.1680927,managed,30.0,30.0,29.55,False,200,
1787684482.201426,managed,30.0,30.0,27.853,False,200,
1787684482.2347593,managed,30.0,30.0,50.188,False,200,
1787684482.2680926,managed,30.0,30.0,36.319,False,200,
1787684482.301426,managed,30.0,30.0,42.182,False,200,
1787684482.3347592,managed,30.0,30.0,40.836,False,200,
1787684482.3680925,managed,30.0,30.0,41.94,False,200,
1787684482.4014258,managed,30.0,30.0,37.702,False,200,
1787684482.4347594,managed,30.0,30.0,32.382,False,200,
1787684482.4680927,managed,30.0,30.0,36.28,False,200,
1787684482.501426,managed,30.0,30.0,40.244,False,200,
1787684482.5347593,managed,30.0,30.0,37.219,False,200,
1787684482.5680926,managed,30.0,30.0,53.972,False,200,
1787684482.601426,managed,30.0,30.0,38.729,False,200,
1787684482.6347592,managed,30.0,30.0,24.26,False,200,
1787684482.6680927,managed,30.0,30.0,33.208,False,200,
1787684482.701426,managed,30.0,30.0,45.64,False,200,
1787684482.7347593,managed,30.0,30.0,38.372,False,200,
1787684482.7680926,managed,30.0,30.0,36.605,False,200,
1787684482.801426,managed,30.0,30.0,26.19,False,200,
1787684482.8347592,managed,30.0,30.0,37.774,False,200,
1787684482.8680925,managed,30.0,30.0,47.845,False,200,
1787684482.9014258,managed,30.0,30.0,32.969,False,200,
1787684482.9347594,managed,30.0,30.0,29.364,False,200,
1787684482.9680927,managed,30.0,30.0,36.612,False,200,
1787684483.001426,managed,30.0,30.0,42.105,False,200,
1787684483.0347593,managed,30.0,30.0,37.438,False,200,
1787684483.0680926,managed,30.0,30.0,37.142,False,200,
1787684483.101426,managed,30.0,30.0,40.417,False,200,
1787684483.1347592,managed,30.0,30.0,38.868,False,200,
1787684483.1680927,managed,30.0,30.0,31.463,False,200,
1787684483.201426,managed,30.0,30.0,33.652,False,200,
1787684483.2347593,managed,30.0,30.0,33.415,False,200,
1787684483.2680926,managed,30.0,30.0,34.221,False,200,
1787684483.301426,managed,30.0,30.0,42.989,False,200,
1787684483.3347592,managed,30.0,30.0,30.201,False,200,
1787684483.3680925,managed,30.0,30.0,31.741,False,200,
1787684483.4014258,managed,30.0,30.0,36.724,False,200,
1787684483.4347594,managed,30.0,30.0,37.744,False,200,
1787684483.4680927,managed,30.0,30.0,30.352,False,200,
1787684483.501426,managed,30.0,30.0,34.231,False,200,
1787684483.5347593,managed,30.0,30.0,32.858,False,200,
1787684483.5680926,managed,30.0,30.0,30.621,False,200,
1787684483.601426,managed,30.0,30.0,34.935,False,200,
1787684483.6347592,managed,30.0,30.0,34.006,False,200,
1787684483.6680927,managed,30.0,30.0,41.919,False,200,
1787684483.701426,managed,30.0,30.0,33.949,False,200,
1787684483.7347593,managed,30.0,30.0,28.61,False,200,
1787684483.7680926,managed,30.0,30.0,30.715,False,200,
1787684483.801426,managed,30.0,30.0,41.216,False,200,
1787684483.8347592,managed,30.0,30.0,29.435,False,200,
1787684483.8680925,managed,30.0,30.0,34.528,False,200,
1787684483.9014258,managed,30.0,30.0,30.05,False,200,
1787684483.9347594,managed,30.0,30.0,35.987,False,200,
1787684483.9680927,managed,30.0,30.0,36.718,False,200,
1787684484.001426,managed,30.0,30.0,35.491,False,200,
1787684484.0347593,managed,30.0,30.0,41.818,False,200,
1787684484.0680926,managed,30.0,30.0,36.148,False,200,
1787684484.101426,managed,30.0,30.0,33.615,False,200,
1787684484.1347592,managed,30.0,30.0,35.554,False,200,
1787684484.1680927,managed,30.0,30.0,31.572,False,200,
1787684484.201426,managed,30.0,30.0,31.381,False,200,
1787684484.2347593,managed,30.0,30.0,29.814,False,200,
1787684484.2680926,managed,30.0,30.0,32.872,False,200,
1787684484.301426,managed,30.0,30.0,37.87,False,200,
1787684484.3347592,managed,30.0,30.0,34.128,False,200,
1787684484.3680925,managed,30.0,30.0,46.56,False,200,
1787684484.4014258,managed,30.0,30.0,37.399,False,200,
1787684484.4347594,managed,30.0,30.0,41.69,False,200,
1787684484.4680927,managed,30.0,30.0,35.547,False,200,
1787684484.501426,managed,30.0,30.0,43.716,False,200,
1787684484.5347593,managed,30.0,30.0,25.933,False,200,
1787684484.5680926,managed,30.0,30.0,34.845,False,200,
1787684484.601426,managed,30.0,30.0,36.325,False,200,
1787684484.6347592,managed,30.0,30.0,31.205,False,200,
1787684484.6680927,managed,30.0,30.0,26.323,False,200,
1787684484.701426,managed,30.0,30.0,40.123,False,200,
1787684484.7347593,managed,30.0,30.0,34.653,False,200,
1787684484.7680926,managed,30.0,30.0,36.394,False,200,
1787684484.801426,managed,30.0,30.0,37.129,False,200,
1787684484.8347592,managed,30.0,30.0,48.847,False,200,
1787684484.8680925,managed,30.0,30.0,39.182,False,200,
1787684484.9014258,managed,30.0,30.0,36.019,False,200,
1787684484.9347594,managed,30.0,30.0,28.676,False,200,
1787684484.9680927,managed,30.0,30.0,30.333,False,200,
1787684485.001426,managed,30.0,30.0,47.19,False,200,
1787684485.0347593,managed,30.0,30.0,43.195,False,200,
1787684485.0680926,managed,30.0,30.0,33.068,False,200,
1787684485.101426,managed,30.0,30.0,36.561,False,200,
1787684485.1347592,managed,30.0,30.0,42.274,False,200,
1787684485.1680927,managed,30.0,30.0,42.627,False,200,
1787684485.201426,managed,30.0,30.0,36.192,False,200,
1787684485.2347593,managed,30.0,30.0,31.752,False,200,
1787684485.2680926,managed,30.0,30.0,28.879,False,200,
1787684485.301426,managed,30.0,30.0,31.965,False,200,
1787684485.3347592,managed,30.0,30.0,39.04,False,200,
1787684485.3680925,managed,30.0,30.0,47.04,False,200,
1787684485.4014258,managed,30.0,30.0,40.232,False,200,
1787684485.4347594,managed,30.0,30.0,30.893,False,200,
1787684485.4680927,managed,30.0,30.0,31.705,False,200,
1787684485.501426,managed,30.0,30.0,36.144,False,200,
1787684485.5347593,managed,30.0,30.0,42.867,False,200,
1787684485.5680926,managed,30.0,30.0,31.641,False,200,
1787684485.601426,managed,30.0,30.0,37.217,False,200,
1787684485.6347592,managed,30.0,30.0,34.031,False,200,
1787684485.6680927,managed,30.0,30.0,37.264,False,200,
1787684485.701426,managed,30.0,30.0,34.395,False,200,
1787684485.7347593,managed,30.0,30.0,32.117,False,200,
1787684485.7680926,managed,30.0,30.0,36.069,False,200,
1787684485.801426,managed,30.0,30.0,33.766,False,200,
1787684485.8347592,managed,30.0,30.0,32.207,False,200,
1787684485.8680925,managed,30.0,30.0,28.952,False,200,
1787684485.9014258,managed,30.0,30.0,25.402,False,200,
1787684485.9347594,managed,30.0,30.0,41.403,False,200,
1787684485.9680927,managed,30.0,30.0,34.472,False,200,
1787684486.001426,managed,30.0,30.0,35.065,False,200,
1787684486.0347593,managed,30.0,30.0,28.535,False,200,
1787684486.0680926,managed,30.0,30.0,33.932,False,200,
1787684486.101426,managed,30.0,30.0,35.669,False,200,
1787684486.1347592,managed,30.0,30.0,32.174,False,200,
1787684486.1680927,managed,30.0,30.0,31.851,False,200,
1787684486.201426,managed,30.0,30.0,37.563,False,200,
1787684486.2347593,managed,30.0,30.0,29.597,False,200,
1787684486.2680926,managed,30.0,30.0,33.139,False,200,
1787684486.301426,managed,30.0,30.0,33.337,False,200,
1787684486.3347592,managed,30.0,30.0,39.282,False,200,
1787684486.3680925,managed,30.0,30.0,26.996,False,200,
1787684486.4014258,managed,30.0,30.0,34.123,False,200,
1787684486.4347594,managed,30.0,30.0,35.257,False,200,
1787684486.4680927,managed,30.0,30.0,47.282,False,200,
1787684486.501426,managed,30.0,30.0,34.007,False,200,
1787684486.5347593,managed,30.0,30.0,31.664,False,200,
1787684486.5680926,managed,30.0,30.0,35.3,False,200,
1787684486.601426,managed,30.0,30.0,37.297,False,200,
1787684486.6347592,managed,30.0,30.0,29.817,False,200,
1787684486.6680927,managed,30.0,30.0,32.812,False,200,
1787684486.701426,managed,30.0,30.0,40.975,False,200,
1787684486.7347593,managed,30.0,30.0,29.79,False,200,
1787684486.7680926,managed,30.0,30.0,27.197,False,200,
1787684486.801426,managed,30.0,30.0,32.295,False,200,
1787684486.8347592,managed,30.0,30.0,38.339,False,200,
1787684486.8680925,managed,30.0,30.0,34.305,False,200,
1787684486.9014258,managed,30.0,30.0,33.623,False,200,
1787684486.9347594,managed,30.0,30.0,29.743,False,200,
1787684486.9680927,managed,30.0,30.0,39.63,False,200,
1787684487.001426,managed,30.0,30.0,45.259,False,200,
1787684487.0347593,managed,30.0,30.0,30.63,False,200,
1787684487.0680926,managed,30.0,30.0,32.42,False,200,
1787684487.101426,managed,30.0,30.0,28.195,False,200,
1787684487.1347592,managed,30.0,30.0,27.776,False,200,
1787684487.1680927,managed,30.0,30.0,37.352,False,200,
1787684487.201426,managed,30.0,30.0,28.901,False,200,
1787684487.2347593,managed,30.0,30.0,32.497,False,200,
1787684487.2680926,managed,30.0,30.0,48.213,False,200,
1787684487.301426,managed,30.0,30.0,42.881,False,200,
1787684487.3347592,managed,30.0,30.0,26.986,False,200,
1787684487.3680925,managed,30.0,30.0,29.401,False,200,
1787684487.4014258,managed,30.0,30.0,43.98,False,200,
1787684487.4347594,managed,30.0,30.0,34.51,False,200,
1787684487.4680927,managed,30.0,30.0,36.5,False,200,
1787684487.501426,managed,30.0,30.0,37.588,False,200,
1787684487.5347593,managed,30.0,30.0,35.881,False,200,
1787684487.5680926,managed,30.0,30.0,43.045,False,200,
1787684487.601426,managed,30.0,30.0,37.039,False,200,
1787684487.6347592,managed,30.0,30.0,39.287,False,200,
1787684487.6680927,managed,30.0,30.0,39.565,False,200,
1787684487.701426,managed,30.0,30.0,37.59,False,200,
1787684487.7347593,managed,30.0,30.0,31.882,False,200,
1787684487.7680926,managed,30.0,30.0,29.361,False,200,
1787684487.801426,managed,30.0,30.0,32.653,False,200,
1787684487.8347592,managed,30.0,30.0,37.798,False,200,
1787684487.8680925,managed,30.0,30.0,24.963,False,200,
1787684487.9014258,managed,30.0,30.0,42.643,False,200,
1787684487.9347594,managed,30.0,30.0,30.835,False,200,
1787684487.9680927,managed,30.0,30.0,33.752,False,200,
1787684488.001426,managed,30.0,30.0,28.62,False,200,
1787684488.0347593,managed,30.0,30.0,31.65,False,200,
1787684488.0680926,managed,30.0,30.0,33.347,False,200,
1787684488.101426,managed,30.0,30.0,31.222,False,200,
1787684488.1347592,managed,30.0,30.0,32.514,False,200,
1787684488.1680927,managed,30.0,30.0,36.122,False,200,
1787684488.201426,managed,30.0,30.0,33.321,False,200,
1787684488.2347593,managed,30.0,30.0,29.681,False,200,
1787684488.2680926,managed,30.0,30.0,28.281,False,200,
1787684488.301426,managed,30.0,30.0,26.92,False,200,
1787684488.3347592,managed,30.0,30.0,30.376,False,200,
1787684488.3680925,managed,30.0,30.0,41.774,False,200,
1787684488.4014258,managed,30.0,30.0,31.47,False,200,
1787684488.4347594,managed,30.0,30.0,36.778,False,200,
1787684488.4680927,managed,30.0,30.0,26.921,False,200,
1787684488.501426,managed,30.0,30.0,30.599,False,200,
1787684488.5347593,managed,30.0,30.0,33.989,False,200,
1787684488.5680926,managed,30.0,30.0,36.546,False,200,
1787684488.601426,managed,30.0,30.0,39.025,False,200,
1787684488.6347592,managed,30.0,30.0,34.921,False,200,
1787684488.6680927,managed,30.0,30.0,31.111,False,200,
1787684488.701426,managed,30.0,30.0,43.964,False,200,
1787684488.7347593,managed,30.0,30.0,32.03,False,200,
1787684488.7680926,managed,30.0,30.0,38.354,False,200,
1787684488.801426,managed,30.0,30.0,28.028,False,200,
1787684488.8347592,managed,30.0,30.0,33.04,False,200,
1787684488.8680925,managed,30.0,30.0,36.187,False,200,
1787684488.9014258,managed,30.0,30.0,31.175,False,200,
1787684488.9347594,managed,30.0,30.0,41.718,False,200,
1787684488.9680927,managed,30.0,30.0,39.299,False,200,
1787684489.001426,managed,30.0,30.0,25.583,False,200,
1787684489.0347593,managed,30.0,30.0,23.135,False,200,
1787684489.0680926,managed,30.0,30.0,35.796,False,200,
1787684489.101426,managed,30.0,30.0,32.761,False,200,
1787684489.1347592,managed,30.0,30.0,36.168,False,200,
1787684489.1680927,managed,30.0,30.0,30.792,False,200,
1787684489.201426,managed,30.0,30.0,39.01,False,200,
1787684489.2347593,managed,30.0,30.0,31.57,False,200,
1787684489.2680926,managed,30.0,30.0,39.931,False,200,
1787684489.301426,managed,30.0,30.0,36.373,False,200,
1787684489.3347592,managed,30.0,30.0,35.851,False,200,
1787684489.3680925,managed,30.0,30.0,28.405,False,200,
1787684489.4014258,managed,30.0,30.0,39.593,False,200,
1787684489.4347594,managed,30.0,30.0,27.816,False,200,
1787684489.4680927,managed,30.0,30.0,42.613,False,200,
1787684489.501426,managed,30.0,30.0,33.349,False,200,
1787684489.5347593,managed,30.0,30.0,32.521,False,200,
1787684489.5680926,managed,30.0,30.0,29.35,False,200,
1787684489.601426,managed,30.0,30.0,35.157,False,200,
1787684489.6347592,managed,30.0,30.0,35.121,False,200,
1787684489.6680927,managed,30.0,30.0,27.062,False,200,
1787684489.701426,managed,30.0,30.0,33.964,False,200,
1787684489.7347593,managed,30.0,30.0,43.616,False,200,
1787684489.7680926,managed,30.0,30.0,34.986,False,200,
1787684489.801426,managed,30.0,30.0,31.542,False,200,
1787684489.8347592,managed,30.0,30.0,38.948,False,200,
1787684489.8680925,managed,30.0,30.0,31.71,False,200,
1787684489.9014258,managed,30.0,30.0,26.078,False,200,
1787684489.9347594,managed,30.0,30.0,48.71,False,200,
1787684489.9680927,managed,30.0,30.0,38.7,False,200,
1787684490.001426,managed,30.0,30.0,35.365,False,200,
1787684490.0347593,managed,30.0,30.0,26.795,False,200,
1787684490.0680926,managed,30.0,30.0,36.822,False,200,
1787684490.101426,managed,30.0,30.0,37.494,False,200,
1787684490.1347592,managed,30.0,30.0,37.981,False,200,
1787684490.1680927,managed,30.0,30.0,23.98,False,200,
1787684490.201426,managed,30.0,30.0,32.894,False,200,
1787684490.2347593,managed,30.0,30.0,31.232,False,200,
1787684490.2680926,managed,30.0,30.0,29.655,False,200,
1787684490.301426,managed,30.0,30.0,32.805,False,200,
1787684490.3347592,managed,30.0,30.0,32.149,False,200,
1787684490.3680925,managed,30.0,30.0,33.405,False,200,
1787684490.4014258,managed,30.0,30.0,32.766,False,200,
1787684490.4347594,managed,30.0,30.0,32.07,False,200,
1787684490.4680927,managed,30.0,30.0,28.887,False,200,
1787684490.501426,managed,30.0,30.0,31.33,False,200,
1787684490.5347593,managed,30.0,30.0,37.335,False,200,
1787684490.5680926,managed,30.0,30.0,42.226,False,200,
1787684490.601426,managed,30.0,30.0,37.301,False,200,
1787684490.6347592,managed,30.0,30.0,32.382,False,200,
1787684490.6680927,managed,30.0,30.0,29.263,False,200,
1787684490.701426,managed,30.0,30.0,36.713,False,200,
1787684490.7347593,managed,30.0,30.0,30.571,False,200,
1787684490.7680926,managed,30.0,30.0,36.249,False,200,
1787684490.801426,managed,30.0,30.0,31.218,False,200,
1787684490.8347592,managed,30.0,30.0,40.186,False,200,
1787684490.8680925,managed,30.0,30.0,32.981,False,200,
1787684490.9014258,managed,30.0,30.0,25.156,False,200,
1787684490.9347594,managed,30.0,30.0,40.91,False,200,
1787684490.9680927,managed,30.0,30.0,33.506,False,200,
1787684491.001426,managed,30.0,30.0,38.079,False,200,
1787684491.0347593,managed,30.0,30.0,40.534,False,200,
1787684491.0680926,managed,30.0,30.0,36.083,False,200,
1787684491.101426,managed,30.0,30.0,31.847,False,200,
1787684491.1347592,managed,30.0,30.0,43.718,False,200,
1787684491.1680927,managed,30.0,30.0,35.893,False,200,
1787684491.201426,managed,30.0,30.0,38.818,False,200,
1787684491.2347593,managed,30.0,30.0,36.749,False,200,
1787684491.2680926,managed,30.0,30.0,35.49,False,200,
1787684491.301426,managed,30.0,30.0,27.904,False,200,
1787684491.3347592,managed,30.0,30.0,33.645,False,200,
1787684491.3680925,managed,30.0,30.0,42.246,False,200,
1787684491.4014258,managed,30.0,30.0,50.126,False,200,
1787684491.4347594,managed,30.0,30.0,32.096,False,200,
1787684491.4680927,managed,30.0,30.0,36.99,False,200,
1787684491.501426,managed,30.0,30.0,39.704,False,200,
1787684491.5347593,managed,30.0,30.0,28.053,False,200,
1787684491.5680926,managed,30.0,30.0,39.314,False,200,
1787684491.601426,managed,30.0,30.0,37.643,False,200,
1787684491.6347592,managed,30.0,30.0,29.128,False,200,
1787684491.6680927,managed,30.0,30.0,37.068,False,200,
1787684491.701426,managed,30.0,30.0,39.093,False,200,
1787684491.7347593,managed,30.0,30.0,34.463,False,200,
1787684491.7680926,managed,30.0,30.0,39.58,False,200,
1787684491.801426,managed,30.0,30.0,36.164,False,200,
1787684491.8347592,managed,30.0,30.0,31.099,False,200,
1787684491.8680925,managed,30.0,30.0,35.824,False,200,
1787684491.9014258,managed,30.0,30.0,34.642,False,200,
1787684491.9347594,managed,30.0,30.0,41.424,False,200,
1787684491.9680927,managed,30.0,30.0,28.172,False,200,
1787684492.001426,managed,30.0,30.0,36.013,False,200,
1787684492.0347593,managed,30.0,30.0,41.149,False,200,
1787684492.0680926,managed,30.0,30.0,26.912,False,200,
1787684492.101426,managed,30.0,30.0,33.179,False,200,
1787684492.1347592,managed,30.0,30.0,40.503,False,200,
1787684492.1680927,managed,30.0,30.0,38.095,False,200,
1787684492.201426,managed,30.0,30.0,34.201,False,200,
1787684492.2347593,managed,30.0,30.0,31.714,False,200,
1787684492.2680926,managed,30.0,30.0,35.891,False,200,
1787684492.301426,managed,30.0,30.0,31.436,False,200,
1787684492.3347592,managed,30.0,30.0,35.129,False,200,
1787684492.3680925,managed,30.0,30.0,28.29,False,200,
1787684492.4014258,managed,30.0,30.0,48.57,False,200,
1787684492.4347594,managed,30.0,30.0,41.749,False,200,
1787684492.4680927,managed,30.0,30.0,35.287,False,200,
1787684492.501426,managed,30.0,30.0,47.724,False,200,
1787684492.5347593,managed,30.0,30.0,48.304,False,200,
1787684492.5680926,managed,30.0,30.0,35.413,False,200,
1787684492.601426,managed,30.0,30.0,31.714,False,200,
1787684492.6347592,managed,30.0,30.0,36.081,False,200,
1787684492.6680927,managed,30.0,30.0,40.271,False,200,
1787684492.701426,managed,30.0,30.0,39.782,False,200,
1787684492.7347593,managed,30.0,30.0,33.0,False,200,
1787684492.7680926,managed,30.0,30.0,31.172,False,200,
1787684492.801426,managed,30.0,30.0,35.866,False,200,
1787684492.8347592,managed,30.0,30.0,34.707,False,200,
1787684492.8680925,managed,30.0,30.0,39.876,False,200,
1787684492.9014258,managed,30.0,30.0,44.289,False,200,
1787684492.9347594,managed,30.0,30.0,40.144,False,200,
1787684492.9680927,managed,30.0,30.0,38.474,False,200,
1787684493.001426,managed,30.0,30.0,26.245,False,200,
1787684493.0347593,managed,30.0,30.0,31.841,False,200,
1787684493.0680926,managed,30.0,30.0,49.575,False,200,
1787684493.101426,managed,30.0,30.0,36.434,False,200,
1787684493.1347592,managed,30.0,30.0,36.959,False,200,
1787684493.1680927,managed,30.0,30.0,28.771,False,200,
1787684493.201426,managed,30.0,30.0,35.722,False,200,
1787684493.2347593,managed,30.0,30.0,37.267,False,200,
1787684493.2680926,managed,30.0,30.0,32.546,False,200,
1787684493.301426,managed,30.0,30.0,33.023,False,200,
1787684493.3347592,managed,30.0,30.0,30.79,False,200,
1787684493.3680925,managed,30.0,30.0,58.885,False,200,
1787684493.4014258,managed,30.0,30.0,38.023,False,200,
1787684493.4347594,managed,30.0,30.0,36.477,False,200,
1787684493.4680927,managed,30.0,30.0,30.94,False,200,
1787684493.501426,managed,30.0,30.0,28.964,False,200,
1787684493.5347593,managed,30.0,30.0,29.971,False,200,
1787684493.5680926,managed,30.0,30.0,36.926,False,200,
1787684493.601426,managed,30.0,30.0,40.491,False,200,
1787684493.6347592,managed,30.0,30.0,28.899,False,200,
1787684493.6680927,managed,30.0,30.0,32.161,False,200,
1787684493.701426,managed,30.0,30.0,37.87,False,200,
1787684493.7347593,managed,30.0,30.0,35.67,False,200,
1787684493.7680926,managed,30.0,30.0,36.169,False,200,
1787684493.801426,managed,30.0,30.0,32.537,False,200,
1787684493.8347592,managed,30.0,30.0,33.429,False,200,
1787684493.8680925,managed,30.0,30.0,29.453,False,200,
1787684493.9014258,managed,30.0,30.0,41.227,False,200,
1787684493.9347594,managed,30.0,30.0,33.19,False,200,
1787684493.9680927,managed,30.0,30.0,41.04,False,200,
1787684494.001426,managed,30.0,30.0,48.087,False,200,
1787684494.0347593,managed,30.0,30.0,38.193,False,200,
1787684494.0680926,managed,30.0,30.0,34.61,False,200,
1787684494.101426,managed,30.0,30.0,45.022,False,200,
1787684494.1347592,managed,30.0,30.0,31.315,False,200,
1787684494.1680927,managed,30.0,30.0,53.65,False,200,
1787684494.201426,managed,30.0,30.0,30.036,False,200,
1787684494.2347593,managed,30.0,30.0,36.887,False,200,
1787684494.2680926,managed,30.0,30.0,29.846,False,200,
1787684494.301426,managed,30.0,30.0,30.399,False,200,
1787684494.3347592,managed,30.0,30.0,36.781,False,200,
1787684494.3680925,managed,30.0,30.0,37.403,False,200,
1787684494.4014258,managed,30.0,30.0,32.839,False,200,
1787684494.4347594,managed,30.0,30.0,37.354,False,200,
1787684494.4680927,managed,30.0,30.0,34.487,False,200,
1787684494.501426,managed,30.0,30.0,37.179,False,200,
1787684494.5347593,managed,30.0,30.0,30.872,False,200,
1787684494.5680926,managed,30.0,30.0,35.574,False,200,
1787684494.601426,managed,30.0,30.0,46.965,False,200,
1787684494.6347592,managed,30.0,30.0,27.277,False,200,
1787684494.6680927,managed,30.0,30.0,28.068,False,200,
1787684494.701426,managed,30.0,30.0,28.672,False,200,
1787684494.7347593,managed,30.0,30.0,41.193,False,200,
1787684494.7680926,managed,30.0,30.0,45.393,False,200,
1787684494.801426,managed,30.0,30.0,39.364,False,200,
1787684494.8347592,managed,30.0,30.0,37.105,False,200,
1787684494.8680925,managed,30.0,30.0,41.39,False,200,
1787684494.9014258,managed,30.0,30.0,29.781,False,200,
1787684494.9347594,managed,30.0,30.0,37.454,False,200,
1787684494.9680927,managed,30.0,30.0,39.689,False,200,
1787684495.001426,managed,30.0,30.0,28.185,False,200,
1787684495.0347593,managed,30.0,30.0,30.563,False,200,
1787684495.0680926,managed,30.0,30.0,34.51,False,200,
1787684495.101426,managed,30.0,30.0,42.004,False,200,
1787684495.1347592,managed,30.0,30.0,42.001,False,200,
1787684495.1680927,managed,30.0,30.0,43.928,False,200,
1787684495.201426,managed,30.0,30.0,31.312,False,200,
1787684495.2347593,managed,30.0,30.0,31.019,False,200,
1787684495.2680926,managed,30.0,30.0,29.127,False,200,
1787684495.301426,managed,30.0,30.0,28.362,False,200,
1787684495.3347592,managed,30.0,30.0,33.628,False,200,
1787684495.3680925,managed,30.0,30.0,24.195,False,200,
1787684495.4014258,managed,30.0,30.0,31.319,False,200,
1787684495.4347594,managed,30.0,30.0,36.96,False,200,
1787684495.4680927,managed,30.0,30.0,39.061,False,200,
1787684495.501426,managed,30.0,30.0,30.433,False,200,
1787684495.5347593,managed,30.0,30.0,28.262,False,200,
1787684495.5680926,managed,30.0,30.0,33.515,False,200,
1787684495.601426,managed,30.0,30.0,41.869,False,200,
1787684495.6347592,managed,30.0,30.0,31.534,False,200,
1787684495.6680927,managed,30.0,30.0,32.118,False,200,
1787684495.701426,managed,30.0,30.0,34.104,False,200,
1787684495.7347593,managed,30.0,30.0,36.36,False,200,
1787684495.7680926,managed,30.0,30.0,36.947,False,200,
1787684495.801426,managed,30.0,30.0,33.924,False,200,
1787684495.8347592,managed,30.0,30.0,34.754,False,200,
1787684495.8680925,managed,30.0,30.0,32.115,False,200,
1787684495.9014258,managed,30.0,30.0,30.037,False,200,
1787684495.9347594,managed,30.0,30.0,41.26,False,200,
1787684495.9680927,managed,30.0,30.0,42.608,False,200,
1787684496.001426,managed,30.0,30.0,38.241,False,200,
1787684496.0347593,managed,30.0,30.0,31.905,False,200,
1787684496.0680926,managed,30.0,30.0,32.848,False,200,
1787684496.101426,managed,30.0,30.0,27.884,False,200,
1787684496.1347592,managed,30.0,30.0,35.831,False,200,
1787684496.1680927,managed,30.0,30.0,29.407,False,200,
1787684496.201426,managed,30.0,30.0,39.159,False,200,
1787684496.2347593,managed,30.0,30.0,31.06,False,200,
1787684496.2680926,managed,30.0,30.0,30.892,False,200,
1787684496.301426,managed,30.0,30.0,39.327,False,200,
1787684496.3347592,managed,30.0,30.0,36.371,False,200,
1787684496.3680925,managed,30.0,30.0,34.985,False,200,
1787684496.4014258,managed,30.0,30.0,41.149,False,200,
1787684496.4347594,managed,30.0,30.0,37.606,False,200,
1787684496.4680927,managed,30.0,30.0,40.812,False,200,
1787684496.501426,managed,30.0,30.0,35.69,False,200,
1787684496.5347593,managed,30.0,30.0,35.525,False,200,
1787684496.5680926,managed,30.0,30.0,37.3,False,200,
1787684496.601426,managed,30.0,30.0,32.588,False,200,
1787684496.6347592,managed,30.0,30.0,30.636,False,200,
1787684496.6680927,managed,30.0,30.0,28.51,False,200,
1787684496.701426,managed,30.0,30.0,34.104,False,200,
1787684496.7347593,managed,30.0,30.0,34.582,False,200,
1787684496.7680926,managed,30.0,30.0,35.2,False,200,
1787684496.801426,managed,30.0,30.0,38.674,False,200,
1787684496.8347592,managed,30.0,30.0,35.4,False,200,
1787684496.8680925,managed,30.0,30.0,38.238,False,200,
1787684496.9014258,managed,30.0,30.0,24.652,False,200,
1787684496.9347594,managed,30.0,30.0,37.023,False,200,
1787684496.9680927,managed,30.0,30.0,39.118,False,200,
1787684497.001426,managed,30.0,30.0,32.796,False,200,
1787684497.0347593,managed,30.0,30.0,44.731,False,200,
1787684497.0680926,managed,30.0,30.0,38.847,False,200,
1787684497.101426,managed,30.0,30.0,40.73,False,200,
1787684497.1347592,managed,30.0,30.0,39.196,False,200,
1787684497.1680927,managed,30.0,30.0,37.473,False,200,
1787684497.201426,managed,30.0,30.0,31.984,False,200,
1787684497.2347593,managed,30.0,30.0,24.955,False,200,
1787684497.2680926,managed,30.0,30.0,35.615,False,200,
1787684497.301426,managed,30.0,30.0,38.033,False,200,
1787684497.3347592,managed,30.0,30.0,27.883,False,200,
1787684497.3680925,managed,30.0,30.0,27.688,False,200,
1787684497.4014258,managed,30.0,30.0,35.725,False,200,
1787684497.4347594,managed,30.0,30.0,29.704,False,200,
1787684497.4680927,managed,30.0,30.0,34.081,False,200,
1787684497.501426,managed,30.0,30.0,40.747,False,200,
1787684497.5347593,managed,30.0,30.0,34.52,False,200,
1787684497.5680926,managed,30.0,30.0,28.723,False,200,
1787684497.601426,managed,30.0,30.0,35.765,False,200,
1787684497.6347592,managed,30.0,30.0,39.615,False,200,
1787684497.6680927,managed,30.0,30.0,35.509,False,200,
1787684497.701426,managed,30.0,30.0,33.366,False,200,
1787684497.7347593,managed,30.0,30.0,36.55,False,200,
1787684497.7680926,managed,30.0,30.0,41.039,False,200,
1787684497.801426,managed,30.0,30.0,29.187,False,200,
1787684497.8347592,managed,30.0,30.0,23.558,False,200,
1787684497.8680925,managed,30.0,30.0,38.946,False,200,
1787684497.9014258,managed,30.0,30.0,38.94,False,200,
1787684497.9347594,managed,30.0,30.0,39.667,False,200,
1787684497.9680927,managed,30.0,30.0,41.314,False,200,
1787684498.001426,managed,30.0,30.0,34.005,False,200,
1787684498.0347593,managed,30.0,30.0,30.462,False,200,
1787684498.0680926,managed,30.0,30.0,30.957,False,200,
1787684498.101426,managed,30.0,30.0,38.504,False,200,
1787684498.1347592,managed,30.0,30.0,39.482,False,200,
1787684498.1680927,managed,30.0,30.0,32.759,False,200,
1787684498.201426,managed,30.0,30.0,35.029,False,200,
1787684498.2347593,managed,30.0,30.0,43.845,False,200,
1787684498.2680926,managed,30.0,30.0,32.168,False,200,
1787684498.301426,managed,30.0,30.0,47.637,False,200,
1787684498.3347592,managed,30.0,30.0,29.366,False,200,
1787684498.3680925,managed,30.0,30.0,39.756,False,200,
1787684498.4014258,managed,30.0,30.0,36.568,False,200,
1787684498.4347594,managed,30.0,30.0,35.581,False,200,
1787684498.4680927,managed,30.0,30.0,32.615,False,200,
1787684498.501426,managed,30.0,30.0,38.341,False,200,
1787684498.5347593,managed,30.0,30.0,39.92,False,200,
1787684498.5680926,managed,30.0,30.0,38.898,False,200,
1787684498.601426,managed,30.0,30.0,32.303,False,200,
1787684498.6347592,managed,30.0,30.0,36.977,False,200,
1787684498.6680927,managed,30.0,30.0,32.145,False,200,
1787684498.701426,managed,30.0,30.0,28.905,False,200,
1787684498.7347593,managed,30.0,30.0,33.51,False,200,
1787684498.7680926,managed,30.0,30.0,33.851,False,200,
1787684498.801426,managed,30.0,30.0,30.228,False,200,
1787684498.8347592,managed,30.0,30.0,32.154,False,200,
1787684498.8680925,managed,30.0,30.0,36.931,False,200,
1787684498.9014258,managed,30.0,30.0,34.148,False,200,
1787684498.9347594,managed,30.0,30.0,33.8,False,200,
1787684498.9680927,managed,30.0,30.0,32.681,False,200,
1787684499.001426,managed,30.0,30.0,32.998,False,200,
1787684499.0347593,managed,30.0,30.0,39.718,False,200,
1787684499.0680926,managed,30.0,30.0,43.847,False,200,
1787684499.101426,managed,30.0,30.0,31.546,False,200,
1787684499.1347592,managed,30.0,30.0,32.173,False,200,
1787684499.1680927,managed,30.0,30.0,31.785,False,200,
1787684499.201426,managed,30.0,30.0,39.242,False,200,
1787684499.2347593,managed,30.0,30.0,29.616,False,200,
1787684499.2680926,managed,30.0,30.0,41.021,False,200,
1787684499.301426,managed,30.0,30.0,37.659,False,200,
1787684499.3347592,managed,30.0,30.0,30.713,False,200,
1787684499.3680925,managed,30.0,30.0,28.042,False,200,
1787684499.4014258,managed,30.0,30.0,34.436,False,200,
1787684499.4347594,managed,30.0,30.0,33.158,False,200,
1787684499.4680927,managed,30.0,30.0,28.51,False,200,
1787684499.501426,managed,30.0,30.0,39.983,False,200,
1787684499.5347593,managed,30.0,30.0,38.804,False,200,
1787684499.5680926,managed,30.0,30.0,43.008,False,200,
1787684499.601426,managed,30.0,30.0,41.298,False,200,
1787684499.6347592,managed,30.0,30.0,41.644,False,200,
1787684499.6680927,managed,30.0,30.0,39.055,False,200,
1787684499.701426,managed,30.0,30.0,39.631,False,200,
1787684499.7347593,managed,30.0,30.0,34.935,False,200,
1787684499.7680926,managed,30.0,30.0,39.246,False,200,
1787684499.801426,managed,30.0,30.0,41.752,False,200,
1787684499.8347592,managed,30.0,30.0,47.059,False,200,
1787684499.8680925,managed,30.0,30.0,29.924,False,200,
1787684499.9014258,managed,30.0,30.0,36.372,False,200,
1787684499.9347594,managed,30.0,30.0,46.238,False,200,
1787684499.9680927,managed,30.0,30.0,41.509,False,200,
1787684500.001426,managed,30.0,30.0,32.379,False,200,
1787684500.0347593,managed,30.0,30.0,32.808,False,200,
1787684500.0680926,managed,30.0,30.0,35.584,False,200,
1787684500.101426,managed,30.0,30.0,43.887,False,200,
1787684500.1347592,managed,30.0,30.0,40.892,False,200,
1787684500.1680927,managed,30.0,30.0,36.836,False,200,
1787684500.201426,managed,30.0,30.0,39.626,False,200,
1787684500.2347593,managed,30.0,30.0,33.151,False,200,
1787684500.2680926,managed,30.0,30.0,35.796,False,200,
1787684500.301426,managed,30.0,30.0,30.667,False,200,
1787684500.3347592,managed,30.0,30.0,36.634,False,200,
1787684500.3680925,managed,30.0,30.0,32.848,False,200,
1787684500.4014258,managed,30.0,30.0,37.248,False,200,
1787684500.4347594,managed,30.0,30.0,34.318,False,200,
1787684500.4680927,managed,30.0,30.0,34.663,False,200,
1787684500.501426,managed,30.0,30.0,34.5,False,200,
1787684500.5347593,managed,30.0,30.0,28.74,False,200,
1787684500.5680926,managed,30.0,30.0,36.285,False,200,
1787684500.601426,managed,30.0,30.0,39.971,False,200,
1787684500.6347592,managed,30.0,30.0,33.707,False,200,
1787684500.6680927,managed,30.0,30.0,31.2,False,200,
1787684500.701426,managed,30.0,30.0,31.359,False,200,
1787684500.7347593,managed,30.0,30.0,30.206,False,200,
1787684500.7680926,managed,30.0,30.0,36.498,False,200,
1787684500.801426,managed,30.0,30.0,47.072,False,200,
1787684500.8347592,managed,30.0,30.0,31.375,False,200,
1787684500.8680925,managed,30.0,30.0,38.744,False,200,
1787684500.9014258,managed,30.0,30.0,34.445,False,200,
1787684500.9347594,managed,30.0,30.0,47.387,False,200,
1787684500.9680927,managed,30.0,30.0,32.117,False,200,
1787684501.001426,managed,30.0,30.0,28.004,False,200,
1787684501.0347593,managed,30.0,30.0,26.492,False,200,
1787684501.0680926,managed,30.0,30.0,34.537,False,200,
1787684501.101426,managed,30.0,30.0,42.396,False,200,
1787684501.1347592,managed,30.0,30.0,35.68,False,200,
1787684501.1680927,managed,30.0,30.0,34.954,False,200,
1787684501.201426,managed,30.0,30.0,31.751,False,200,
1787684501.2347593,managed,30.0,30.0,28.148,False,200,
1787684501.2680926,managed,30.0,30.0,30.989,False,200,
1787684501.301426,managed,30.0,30.0,38.214,False,200,
1787684501.3347592,managed,30.0,30.0,32.861,False,200,
1787684501.3680925,managed,30.0,30.0,39.177,False,200,
1787684501.4014258,managed,30.0,30.0,37.889,False,200,
1787684501.4347594,managed,30.0,30.0,42.347,False,200,
1787684501.4680927,managed,30.0,30.0,33.659,False,200,
1787684501.501426,managed,30.0,30.0,37.65,False,200,
1787684501.5347593,managed,30.0,30.0,39.324,False,200,
1787684501.5680926,managed,30.0,30.0,35.698,False,200,
1787684501.601426,managed,30.0,30.0,24.812,False,200,
1787684501.6347592,managed,30.0,30.0,42.838,False,200,
1787684501.6680927,managed,30.0,30.0,32.711,False,200,
1787684501.701426,managed,30.0,30.0,36.858,False,200,
1787684501.7347593,managed,30.0,30.0,29.011,False,200,
1787684501.7680926,managed,30.0,30.0,33.863,False,200,
1787684501.801426,managed,30.0,30.0,34.295,False,200,
1787684501.8347592,managed,30.0,30.0,30.546,False,200,
1787684501.8680925,managed,30.0,30.0,40.629,False,200,
1787684501.9014258,managed,30.0,30.0,35.975,False,200,
1787684501.9347594,managed,30.0,30.0,39.181,False,200,
1787684501.9680927,managed,30.0,30.0,40.546,False,200,
1787684502.001426,managed,30.0,30.0,38.805,False,200,
1787684502.0347593,managed,30.0,30.0,35.8,False,200,
1787684502.0680926,managed,30.0,30.0,34.226,False,200,
1787684502.101426,managed,30.0,30.0,39.008,False,200,
1787684502.1347592,managed,30.0,30.0,31.803,False,200,
1787684502.1680927,managed,30.0,30.0,39.849,False,200,
1787684502.201426,managed,30.0,30.0,38.758,False,200,
1787684502.2347593,managed,30.0,30.0,33.497,False,200,
1787684502.2680926,managed,30.0,30.0,43.958,False,200,
1787684502.301426,managed,30.0,30.0,33.441,False,200,
1787684502.3347592,managed,30.0,30.0,35.78,False,200,
1787684502.3680925,managed,30.0,30.0,37.958,False,200,
1787684502.4014258,managed,30.0,30.0,34.35,False,200,
1787684502.4347594,managed,30.0,30.0,29.235,False,200,
1787684502.4680927,managed,30.0,30.0,40.582,False,200,
1787684502.501426,managed,30.0,30.0,26.869,False,200,
1787684502.5347593,managed,30.0,30.0,37.895,False,200,
1787684502.5680926,managed,30.0,30.0,33.411,False,200,
1787684502.601426,managed,30.0,30.0,47.871,False,200,
1787684502.6347592,managed,30.0,30.0,37.823,False,200,
1787684502.6680927,managed,30.0,30.0,31.015,False,200,
1787684502.701426,managed,30.0,30.0,39.836,False,200,
1787684502.7347593,managed,30.0,30.0,49.569,False,200,
1787684502.7680926,managed,30.0,30.0,36.401,False,200,
1787684502.801426,managed,30.0,30.0,27.231,False,200,
1787684502.8347592,managed,30.0,30.0,30.794,False,200,
1787684502.8680925,managed,30.0,30.0,31.274,False,200,
1787684502.9014258,managed,30.0,30.0,34.602,False,200,
1787684502.9347594,managed,30.0,30.0,30.63,False,200,
1787684502.9680927,managed,30.0,30.0,31.659,False,200,
1787684503.001426,managed,30.0,30.0,30.101,False,200,
1787684503.0347593,managed,30.0,30.0,31.903,False,200,
1787684503.0680926,managed,30.0,30.0,34.089,False,200,
1787684503.101426,managed,30.0,30.0,30.218,False,200,
1787684503.1347592,managed,30.0,30.0,28.513,False,200,
1787684503.1680927,managed,30.0,30.0,32.99,False,200,
1787684503.201426,managed,30.0,30.0,35.484,False,200,
1787684503.2347593,managed,30.0,30.0,36.006,False,200,
1787684503.2680926,managed,30.0,30.0,43.368,False,200,
1787684503.301426,managed,30.0,30.0,30.089,False,200,
1787684503.3347592,managed,30.0,30.0,36.754,False,200,
1787684503.3680925,managed,30.0,30.0,31.901,False,200,
1787684503.4014258,managed,30.0,30.0,32.38,False,200,
1787684503.4347594,managed,30.0,30.0,37.339,False,200,
1787684503.4680927,managed,30.0,30.0,48.937,False,200,
1787684503.501426,managed,30.0,30.0,36.757,False,200,
1787684503.5347593,managed,30.0,30.0,45.511,False,200,
1787684503.5680926,managed,30.0,30.0,30.906,False,200,
1787684503.601426,managed,30.0,30.0,46.069,False,200,
1787684503.6347592,managed,30.0,30.0,34.466,False,200,
1787684503.6680927,managed,30.0,30.0,41.572,False,200,
1787684503.701426,managed,30.0,30.0,39.466,False,200,
1787684503.7347593,managed,30.0,30.0,31.966,False,200,
1787684503.7680926,managed,30.0,30.0,38.697,False,200,
1787684503.801426,managed,30.0,30.0,35.303,False,200,
1787684503.8347592,managed,30.0,30.0,35.036,False,200,
1787684503.8680925,managed,30.0,30.0,35.577,False,200,
1787684503.9014258,managed,30.0,30.0,28.004,False,200,
1787684503.9347594,managed,30.0,30.0,35.929,False,200,
1787684503.9680927,managed,30.0,30.0,35.909,False,200,
1787684504.001426,managed,30.0,30.0,38.517,False,200,
1787684504.0347593,managed,30.0,30.0,44.333,False,200,
1787684504.0680926,managed,30.0,30.0,42.462,False,200,
1787684504.101426,managed,30.0,30.0,33.01,False,200,
1787684504.1347592,managed,30.0,30.0,39.857,False,200,
1787684504.1680927,managed,30.0,30.0,39.894,False,200,
1787684504.201426,managed,30.0,30.0,40.771,False,200,
1787684504.2347593,managed,30.0,30.0,42.909,False,200,
1787684504.2680926,managed,30.0,30.0,32.797,False,200,
1787684504.301426,managed,30.0,30.0,43.868,False,200,
1787684504.3347592,managed,30.0,30.0,49.657,False,200,
1787684504.3680925,managed,30.0,30.0,37.258,False,200,
1787684504.4014258,managed,30.0,30.0,44.049,False,200,
1787684504.4347594,managed,30.0,30.0,43.994,False,200,
1787684504.4680927,managed,30.0,30.0,47.313,False,200,
1787684504.501426,managed,30.0,30.0,49.008,False,200,
1787684504.5347593,managed,30.0,30.0,39.545,False,200,
1787684504.5680926,managed,30.0,30.0,30.695,False,200,
1787684504.601426,managed,30.0,30.0,35.164,False,200,
1787684504.6347592,managed,30.0,30.0,38.196,False,200,
1787684504.6680927,managed,30.0,30.0,30.509,False,200,
1787684504.701426,managed,30.0,30.0,34.255,False,200,
1787684504.7347593,managed,30.0,30.0,34.575,False,200,
1787684504.7680926,managed,30.0,30.0,33.278,False,200,
1787684504.801426,managed,30.0,30.0,36.351,False,200,
1787684504.8347592,managed,30.0,30.0,34.966,False,200,
1787684504.8680925,managed,30.0,30.0,34.615,False,200,
1787684504.9014258,managed,30.0,30.0,35.799,False,200,
1787684504.9347594,managed,30.0,30.0,30.259,False,200,
1787684504.9680927,managed,30.0,30.0,37.297,False,200,
1787684505.001426,managed,30.0,30.0,35.324,False,200,
1787684505.0347593,managed,30.0,30.0,35.988,False,200,
1787684505.0680926,managed,30.0,30.0,46.135,False,200,
1787684505.101426,managed,30.0,30.0,34.101,False,200,
1787684505.1347592,managed,30.0,30.0,39.81,False,200,
1787684505.1680927,managed,30.0,30.0,33.287,False,200,
1787684505.201426,managed,30.0,30.0,33.287,False,200,
1787684505.2347593,managed,30.0,30.0,32.724,False,200,
1787684505.2680926,managed,30.0,30.0,30.427,False,200,
1787684505.301426,managed,30.0,30.0,40.759,False,200,
1787684505.3347592,managed,30.0,30.0,33.519,False,200,
1787684505.3680925,managed,30.0,30.0,42.424,False,200,
1787684505.4014258,managed,30.0,30.0,44.046,False,200,
1787684505.4347594,managed,30.0,30.0,39.153,False,200,
1787684505.4680927,managed,30.0,30.0,30.748,False,200,
1787684505.501426,managed,30.0,30.0,27.44,False,200,
1787684505.5347593,managed,30.0,30.0,39.74,False,200,
1787684505.5680926,managed,30.0,30.0,34.021,False,200,
1787684505.601426,managed,30.0,30.0,39.415,False,200,
1787684505.6347592,managed,30.0,30.0,32.693,False,200,
1787684505.6680927,managed,30.0,30.0,35.921,False,200,
1787684505.701426,managed,30.0,30.0,33.381,False,200,
1787684505.7347593,managed,30.0,30.0,36.394,False,200,
1787684505.7680926,managed,30.0,30.0,38.812,False,200,
1787684505.801426,managed,30.0,30.0,26.259,False,200,
1787684505.8347592,managed,30.0,30.0,32.779,False,200,
1787684505.8680925,managed,30.0,30.0,43.34,False,200,
1787684505.9014258,managed,30.0,30.0,33.824,False,200,
1787684505.9347594,managed,30.0,30.0,34.924,False,200,
1787684505.9680927,managed,30.0,30.0,40.712,False,200,
1787684506.001426,managed,30.0,30.0,37.442,False,200,
1787684506.0347593,managed,30.0,30.0,44.61,False,200,
1787684506.0680926,managed,30.0,30.0,34.315,False,200,
1787684506.101426,managed,30.0,30.0,43.256,False,200,
1787684506.1347592,managed,30.0,30.0,35.541,False,200,
1787684506.1680927,managed,30.0,30.0,45.51,False,200,
1787684506.201426,managed,30.0,30.0,40.041,False,200,
1787684506.2347593,managed,30.0,30.0,33.381,False,200,
1787684506.2680926,managed,30.0,30.0,33.438,False,200,
1787684506.301426,managed,30.0,30.0,41.318,False,200,
1787684506.3347592,managed,30.0,30.0,45.863,False,200,
1787684506.3680925,managed,30.0,30.0,24.914,False,200,
1787684506.4014258,managed,30.0,30.0,31.996,False,200,
1787684506.4347594,managed,30.0,30.0,35.301,False,200,
1787684506.4680927,managed,30.0,30.0,40.529,False,200,
1787684506.501426,managed,30.0,30.0,31.408,False,200,
1787684506.5347593,managed,30.0,30.0,38.811,False,200,
1787684506.5680926,managed,30.0,30.0,25.627,False,200,
1787684506.601426,managed,30.0,30.0,24.429,False,200,
1787684506.6347592,managed,30.0,30.0,39.404,False,200,
1787684506.6680927,managed,30.0,30.0,27.02,False,200,
1787684506.701426,managed,30.0,30.0,38.076,False,200,
1787684506.7347593,managed,30.0,30.0,26.698,False,200,
1787684506.7680926,managed,30.0,30.0,35.402,False,200,
1787684506.801426,managed,30.0,30.0,30.03,False,200,
1787684506.8347592,managed,30.0,30.0,36.498,False,200,
1787684506.8680925,managed,30.0,30.0,34.919,False,200,
1787684506.9014258,managed,30.0,30.0,33.886,False,200,
1787684506.9347594,managed,30.0,30.0,47.37,False,200,
1787684506.9680927,managed,30.0,30.0,42.001,False,200,
1787684507.001426,managed,30.0,30.0,37.666,False,200,
1787684507.0347593,managed,30.0,30.0,37.065,False,200,
1787684507.0680926,managed,30.0,30.0,36.606,False,200,
1787684507.101426,managed,30.0,30.0,38.166,False,200,
1787684507.1347592,managed,30.0,30.0,36.876,False,200,
1787684507.1680927,managed,30.0,30.0,29.707,False,200,
1787684507.201426,managed,30.0,30.0,34.844,False,200,
1787684507.2347593,managed,30.0,30.0,29.939,False,200,
1787684507.2680926,managed,30.0,30.0,35.885,False,200,
1787684507.301426,managed,30.0,30.0,39.871,False,200,
1787684507.3347592,managed,30.0,30.0,40.111,False,200,
1787684507.3680925,managed,30.0,30.0,34.207,False,200,
1787684507.4014258,managed,30.0,30.0,42.007,False,200,
1787684507.4347594,managed,30.0,30.0,34.009,False,200,
1787684507.4680927,managed,30.0,30.0,25.47,False,200,
1787684507.501426,managed,30.0,30.0,40.171,False,200,
1787684507.5347593,managed,30.0,30.0,27.173,False,200,
1787684507.5680926,managed,30.0,30.0,52.793,False,200,
1787684507.601426,managed,30.0,30.0,37.329,False,200,
1787684507.6347592,managed,30.0,30.0,35.779,False,200,
1787684507.6680927,managed,30.0,30.0,32.611,False,200,
1787684507.701426,managed,30.0,30.0,36.365,False,200,
1787684507.7347593,managed,30.0,30.0,30.91,False,200,
1787684507.7680926,managed,30.0,30.0,39.935,False,200,
1787684507.801426,managed,30.0,30.0,27.06,False,200,
1787684507.8347592,managed,30.0,30.0,37.611,False,200,
1787684507.8680925,managed,30.0,30.0,42.413,False,200,
1787684507.9014258,managed,30.0,30.0,26.071,False,200,
1787684507.9347594,managed,30.0,30.0,38.488,False,200,
1787684507.9680927,managed,30.0,30.0,33.847,False,200,
1787684508.001426,managed,30.0,30.0,39.91,False,200,
1787684508.0347593,managed,30.0,30.0,31.01,False,200,
1787684508.0680926,managed,30.0,30.0,36.899,False,200,
1787684508.101426,managed,30.0,30.0,37.875,False,200,
1787684508.1347592,managed,30.0,30.0,34.422,False,200,
1787684508.1680927,managed,30.0,30.0,27.701,False,200,
1787684508.201426,managed,30.0,30.0,40.026,False,200,
1787684508.2347593,managed,30.0,30.0,34.817,False,200,
1787684508.2680926,managed,30.0,30.0,31.804,False,200,
1787684508.301426,managed,30.0,30.0,40.199,False,200,
1787684508.3347592,managed,30.0,30.0,35.347,False,200,
1787684508.3680925,managed,30.0,30.0,35.056,False,200,
1787684508.4014258,managed,30.0,30.0,37.697,False,200,
1787684508.4347594,managed,30.0,30.0,35.878,False,200,
1787684508.4680927,managed,30.0,30.0,32.515,False,200,
1787684508.501426,managed,30.0,30.0,38.606,False,200,
1787684508.5347593,managed,30.0,30.0,51.201,False,200,
1787684508.5680926,managed,30.0,30.0,45.971,False,200,
1787684508.601426,managed,30.0,30.0,29.644,False,200,
1787684508.6347592,managed,30.0,30.0,30.115,False,200,
1787684508.6680927,managed,30.0,30.0,38.946,False,200,
1787684508.701426,managed,30.0,30.0,32.173,False,200,
1787684508.7347593,managed,30.0,30.0,29.174,False,200,
1787684508.7680926,managed,30.0,30.0,46.469,False,200,
1787684508.801426,managed,30.0,30.0,37.504,False,200,
1787684508.8347592,managed,30.0,30.0,30.323,False,200,
1787684508.8680925,managed,30.0,30.0,33.695,False,200,
1787684508.9014258,managed,30.0,30.0,32.812,False,200,
1787684508.9347594,managed,30.0,30.0,42.735,False,200,
1787684508.9680927,managed,30.0,30.0,39.407,False,200,
1787684509.001426,managed,30.0,30.0,47.195,False,200,
1787684509.0347593,managed,30.0,30.0,33.619,False,200,
1787684509.0680926,managed,30.0,30.0,42.188,False,200,
1787684509.101426,managed,30.0,30.0,34.472,False,200,
1787684509.1347592,managed,30.0,30.0,28.724,False,200,
1787684509.1680927,managed,30.0,30.0,44.628,False,200,
1787684509.201426,managed,30.0,30.0,42.151,False,200,
1787684509.2347593,managed,30.0,30.0,33.771,False,200,
1787684509.2680926,managed,30.0,30.0,39.532,False,200,
1787684509.301426,managed,30.0,30.0,40.645,False,200,
1787684509.3347592,managed,30.0,30.0,43.037,False,200,
1787684509.3680925,managed,30.0,30.0,37.022,False,200,
1787684509.4014258,managed,30.0,30.0,41.145,False,200,
1787684509.4347594,managed,30.0,30.0,26.99,False,200,
1787684509.4680927,managed,30.0,30.0,32.654,False,200,
1787684509.501426,managed,30.0,30.0,29.746,False,200,
1787684509.5347593,managed,30.0,30.0,37.173,False,200,
1787684509.5680926,managed,30.0,30.0,34.372,False,200,
1787684509.601426,managed,30.0,30.0,30.249,False,200,
1787684509.6347592,managed,30.0,30.0,39.61,False,200,
1787684509.6680927,managed,30.0,30.0,31.65,False,200,
1787684509.701426,managed,30.0,30.0,31.913,False,200,
1787684509.7347593,managed,30.0,30.0,34.027,False,200,
1787684509.7680926,managed,30.0,30.0,34.463,False,200,
1787684509.801426,managed,30.0,30.0,31.559,False,200,
1787684509.8347592,managed,30.0,30.0,42.892,False,200,
1787684509.8680925,managed,30.0,30.0,32.862,False,200,
1787684509.9014258,managed,30.0,30.0,25.79,False,200,
1787684509.9347594,managed,30.0,30.0,38.762,False,200,
1787684509.9680927,managed,30.0,30.0,36.049,False,200,
1787684510.001426,managed,30.0,30.0,39.143,False,200,
1787684510.0347593,managed,30.0,30.0,34.385,False,200,
1787684510.0680926,managed,30.0,30.0,33.425,False,200,
1787684510.101426,managed,30.0,30.0,34.533,False,200,
1787684510.1347592,managed,30.0,30.0,34.245,False,200,
1787684510.1680927,managed,30.0,30.0,46.859,False,200,
1787684510.201426,managed,30.0,30.0,34.677,False,200,
1787684510.2347593,managed,30.0,30.0,31.978,False,200,
1787684510.2680926,managed,30.0,30.0,35.187,False,200,
1787684510.301426,managed,30.0,30.0,27.846,False,200,
1787684510.3347592,managed,30.0,30.0,31.579,False,200,
1787684510.3680925,managed,30.0,30.0,34.16,False,200,
1787684510.4014258,managed,30.0,30.0,30.207,False,200,
1787684510.4347594,managed,30.0,30.0,36.903,False,200,
1787684510.4680927,managed,30.0,30.0,28.486,False,200,
1787684510.501426,managed,30.0,30.0,44.338,False,200,
1787684510.5347593,managed,30.0,30.0,34.604,False,200,
1787684510.5680926,managed,30.0,30.0,37.768,False,200,
1787684510.601426,managed,30.0,30.0,39.247,False,200,
1787684510.6347592,managed,30.0,30.0,31.747,False,200,
1787684510.6680927,managed,30.0,30.0,36.934,False,200,
1787684510.701426,managed,30.0,30.0,30.273,False,200,
1787684510.7347593,managed,30.0,30.0,32.987,False,200,
1787684510.7680926,managed,30.0,30.0,30.293,False,200,
1787684510.801426,managed,30.0,30.0,38.447,False,200,
1787684510.8347592,managed,30.0,30.0,41.122,False,200,
1787684510.8680925,managed,30.0,30.0,34.62,False,200,
1787684510.9014258,managed,30.0,30.0,29.865,False,200,
1787684510.9347594,managed,30.0,30.0,28.993,False,200,
1787684510.9680927,managed,30.0,30.0,33.239,False,200,
1787684511.001426,managed,30.0,30.0,34.595,False,200,
1787684511.0347593,managed,30.0,30.0,36.713,False,200,
1787684511.0680926,managed,30.0,30.0,34.851,False,200,
1787684511.101426,managed,30.0,30.0,39.171,False,200,
1787684511.1347592,managed,30.0,30.0,31.132,False,200,
1787684511.1680927,managed,30.0,30.0,29.472,False,200,
1787684511.201426,managed,30.0,30.0,30.045,False,200,
1787684511.2347593,managed,30.0,30.0,38.057,False,200,
1787684511.2680926,managed,30.0,30.0,30.65,False,200,
1787684511.301426,managed,30.0,30.0,28.16,False,200,
1787684511.3347592,managed,30.0,30.0,31.72,False,200,
1787684511.3680925,managed,30.0,30.0,37.914,False,200,
1787684511.4014258,managed,30.0,30.0,28.959,False,200,
1787684511.4347594,managed,30.0,30.0,35.49,False,200,
1787684511.4680927,managed,30.0,30.0,31.18,False,200,
1787684511.501426,managed,30.0,30.0,38.053,False,200,
1787684511.5347593,managed,30.0,30.0,34.225,False,200,
1787684511.5680926,managed,30.0,30.0,35.353,False,200,
1787684511.601426,managed,30.0,30.0,35.577,False,200,
1787684511.6347592,managed,30.0,30.0,36.002,False,200,
1787684511.6680927,managed,30.0,30.0,51.919,False,200,
1787684511.701426,managed,30.0,30.0,40.874,False,200,
1787684511.7347593,managed,30.0,30.0,36.436,False,200,
1787684511.7680926,managed,30.0,30.0,32.263,False,200,
1787684511.801426,managed,30.0,30.0,31.183,False,200,
1787684511.8347592,managed,30.0,30.0,32.006,False,200,
1787684511.8680925,managed,30.0,30.0,35.432,False,200,
1787684511.9014258,managed,30.0,30.0,44.645,False,200,
1787684511.9347594,managed,30.0,30.0,36.023,False,200,
1787684511.9680927,managed,30.0,30.0,31.521,False,200,
1787684512.001426,managed,30.0,30.0,37.865,False,200,
1787684512.0347593,managed,30.0,30.0,49.837,False,200,
1787684512.0680926,managed,30.0,30.0,39.86,False,200,
1787684512.101426,managed,30.0,30.0,33.038,False,200,
1787684512.1347592,managed,30.0,30.0,31.109,False,200,
1787684512.1680927,managed,30.0,30.0,31.356,False,200,
1787684512.201426,managed,30.0,30.0,29.807,False,200,
1787684512.2347593,managed,30.0,30.0,34.526,False,200,
1787684512.2680926,managed,30.0,30.0,35.83,False,200,
1787684512.301426,managed,30.0,30.0,29.822,False,200,
1787684512.3347592,managed,30.0,30.0,35.933,False,200,
1787684512.3680925,managed,30.0,30.0,27.236,False,200,
1787684512.4014258,managed,30.0,30.0,41.179,False,200,
1787684512.4347594,managed,30.0,30.0,29.94,False,200,
1787684512.4680927,managed,30.0,30.0,35.277,False,200,
1787684512.501426,managed,30.0,30.0,29.447,False,200,
1787684512.5347593,managed,30.0,30.0,34.522,False,200,
1787684512.5680926,managed,30.0,30.0,30.856,False,200,
1787684512.601426,managed,30.0,30.0,36.866,False,200,
1787684512.6347592,managed,30.0,30.0,37.26,False,200,
1787684512.6680927,managed,30.0,30.0,25.402,False,200,
1787684512.701426,managed,30.0,30.0,33.156,False,200,
1787684512.7347593,managed,30.0,30.0,34.625,False,200,
1787684512.7680926,managed,30.0,30.0,29.251,False,200,
1787684512.801426,managed,30.0,30.0,38.616,False,200,
1787684512.8347592,managed,30.0,30.0,29.8,False,200,
1787684512.8680925,managed,30.0,30.0,33.533,False,200,
1787684512.9014258,managed,30.0,30.0,33.232,False,200,
1787684512.9347594,managed,30.0,30.0,31.785,False,200,
1787684512.9680927,managed,30.0,30.0,29.369,False,200,
1787684513.001426,managed,30.0,30.0,32.315,False,200,
1787684513.0347593,managed,30.0,30.0,34.373,False,200,
1787684513.0680926,managed,30.0,30.0,32.247,False,200,
1787684513.101426,managed,30.0,30.0,33.508,False,200,
1787684513.1347592,managed,30.0,30.0,33.405,False,200,
1787684513.1680927,managed,30.0,30.0,39.65,False,200,
1787684513.201426,managed,30.0,30.0,26.937,False,200,
1787684513.2347593,managed,30.0,30.0,35.334,False,200,
1787684513.2680926,managed,30.0,30.0,32.493,False,200,
1787684513.301426,managed,30.0,30.0,31.982,False,200,
1787684513.3347592,managed,30.0,30.0,25.452,False,200,
1787684513.3680925,managed,30.0,30.0,34.116,False,200,
1787684513.4014258,managed,30.0,30.0,38.034,False,200,
1787684513.4347594,managed,30.0,30.0,39.555,False,200,
1787684513.4680927,managed,30.0,30.0,28.438,False,200,
1787684513.501426,managed,30.0,30.0,37.776,False,200,
1787684513.5347593,managed,30.0,30.0,38.869,False,200,
1787684513.5680926,managed,30.0,30.0,39.497,False,200,
1787684513.601426,managed,30.0,30.0,43.992,False,200,
1787684513.6347592,managed,30.0,30.0,38.541,False,200,
1787684513.6680927,managed,30.0,30.0,35.593,False,200,
1787684513.701426,managed,30.0,30.0,32.814,False,200,
1787684513.7347593,managed,30.0,30.0,28.505,False,200,
1787684513.7680926,managed,30.0,30.0,35.083,False,200,
1787684513.801426,managed,30.0,30.0,28.899,False,200,
1787684513.8347592,managed,30.0,30.0,39.505,False,200,
1787684513.8680925,managed,30.0,30.0,39.8,False,200,
1787684513.9014258,managed,30.0,30.0,41.239,False,200,
1787684513.9347594,managed,30.0,30.0,31.874,False,200,
1787684513.9680927,managed,30.0,30.0,37.369,False,200,
1787684514.001426,managed,30.0,30.0,33.089,False,200,
1787684514.0347593,managed,30.0,30.0,39.856,False,200,
1787684514.0680926,managed,30.0,30.0,33.003,False,200,
1787684514.101426,managed,30.0,30.0,28.741,False,200,
1787684514.1347592,managed,30.0,30.0,29.669,False,200,
1787684514.1680927,managed,30.0,30.0,39.889,False,200,
1787684514.201426,managed,30.0,30.0,38.031,False,200,
1787684514.2347593,managed,30.0,30.0,29.257,False,200,
1787684514.2680926,managed,30.0,30.0,34.077,False,200,
1787684514.301426,managed,30.0,30.0,34.574,False,200,
1787684514.3347592,managed,30.0,30.0,36.161,False,200,
1787684514.3680925,managed,30.0,30.0,38.339,False,200,
1787684514.4014258,managed,30.0,30.0,36.534,False,200,
1787684514.4347594,managed,30.0,30.0,34.258,False,200,
1787684514.4680927,managed,30.0,30.0,45.699,False,200,
1787684514.501426,managed,30.0,30.0,35.439,False,200,
1787684514.5347593,managed,30.0,30.0,29.381,False,200,
1787684514.5680926,managed,30.0,30.0,35.531,False,200,
1787684514.601426,managed,30.0,30.0,28.517,False,200,
1787684514.6347592,managed,30.0,30.0,36.711,False,200,
1787684514.6680927,managed,30.0,30.0,33.581,False,200,
1787684514.701426,managed,30.0,30.0,39.223,False,200,
1787684514.7347593,managed,30.0,30.0,54.477,False,200,
1787684514.7680926,managed,30.0,30.0,36.405,False,200,
1787684514.801426,managed,30.0,30.0,32.979,False,200,
1787684514.8347592,managed,30.0,30.0,31.786,False,200,
1787684514.8680925,managed,30.0,30.0,43.735,False,200,
1787684514.9014258,managed,30.0,30.0,33.421,False,200,
1787684514.9347594,managed,30.0,30.0,30.633,False,200,
1787684514.9680927,managed,30.0,30.0,36.272,False,200,
1787684515.001426,managed,30.0,30.0,26.001,False,200,
1787684515.0347593,managed,30.0,30.0,34.253,False,200,
1787684515.0680926,managed,30.0,30.0,30.489,False,200,
1787684515.101426,managed,30.0,30.0,43.137,False,200,
1787684515.1347592,managed,30.0,30.0,40.266,False,200,
1787684515.1680927,managed,30.0,30.0,35.56,False,200,
1787684515.201426,managed,30.0,30.0,32.141,False,200,
1787684515.2347593,managed,30.0,30.0,32.022,False,200,
1787684515.2680926,managed,30.0,30.0,31.754,False,200,
1787684515.301426,managed,30.0,30.0,31.827,False,200,
1787684515.3347592,managed,30.0,30.0,34.929,False,200,
1787684515.3680925,managed,30.0,30.0,41.779,False,200,
1787684515.4014258,managed,30.0,30.0,41.995,False,200,
1787684515.4347594,managed,30.0,30.0,33.741,False,200,
1787684515.4680927,managed,30.0,30.0,29.373,False,200,
1787684515.501426,managed,30.0,30.0,37.71,False,200,
1787684515.5347593,managed,30.0,30.0,30.098,False,200,
1787684515.5680926,managed,30.0,30.0,30.182,False,200,
1787684515.601426,managed,30.0,30.0,57.218,False,200,
1787684515.6347592,managed,30.0,30.0,36.937,False,200,
1787684515.6680927,managed,30.0,30.0,32.793,False,200,
1787684515.701426,managed,30.0,30.0,37.646,False,200,
1787684515.7347593,managed,30.0,30.0,33.939,False,200,
1787684515.7680926,managed,30.0,30.0,49.669,False,200,
1787684515.801426,managed,30.0,30.0,34.618,False,200,
1787684515.8347592,managed,30.0,30.0,31.661,False,200,
1787684515.8680925,managed,30.0,30.0,34.503,False,200,
1787684515.9014258,managed,30.0,30.0,31.219,False,200,
1787684515.9347594,managed,30.0,30.0,35.782,False,200,
1787684515.9680927,managed,30.0,30.0,34.812,False,200,
1787684516.001426,managed,30.0,30.0,35.553,False,200,
1787684516.0347593,managed,30.0,30.0,30.182,False,200,
1787684516.0680926,managed,30.0,30.0,32.423,False,200,
1787684516.101426,managed,30.0,30.0,40.905,False,200,
1787684516.1347592,managed,30.0,30.0,33.368,False,200,
1787684516.1680927,managed,30.0,30.0,39.707,False,200,
1787684516.201426,managed,30.0,30.0,31.4,False,200,
1787684516.2347593,managed,30.0,30.0,36.666,False,200,
1787684516.2680926,managed,30.0,30.0,26.255,False,200,
1787684516.301426,managed,30.0,30.0,39.74,False,200,
1787684516.3347592,managed,30.0,30.0,35.963,False,200,
1787684516.3680925,managed,30.0,30.0,29.622,False,200,
1787684516.4014258,managed,30.0,30.0,25.811,False,200,
1787684516.4347594,managed,30.0,30.0,36.012,False,200,
1787684516.4680927,managed,30.0,30.0,38.618,False,200,
1787684516.501426,managed,30.0,30.0,37.218,False,200,
1787684516.5347593,managed,30.0,30.0,41.035,False,200,
1787684516.5680926,managed,30.0,30.0,36.226,False,200,
1787684516.601426,managed,30.0,30.0,42.603,False,200,
1787684516.6347592,managed,30.0,30.0,37.155,False,200,
1787684516.6680927,managed,30.0,30.0,40.889,False,200,
1787684516.701426,managed,30.0,30.0,39.688,False,200,
1787684516.7347593,managed,30.0,30.0,26.426,False,200,
1787684516.7680926,managed,30.0,30.0,36.117,False,200,
1787684516.801426,managed,30.0,30.0,32.741,False,200,
1787684516.8347592,managed,30.0,30.0,33.518,False,200,
1787684516.8680925,managed,30.0,30.0,31.533,False,200,
1787684516.9014258,managed,30.0,30.0,40.162,False,200,
1787684516.9347594,managed,30.0,30.0,33.047,False,200,
1787684516.9680927,managed,30.0,30.0,34.128,False,200,
1787684517.001426,managed,30.0,30.0,26.869,False,200,
1787684517.0347593,managed,30.0,30.0,32.091,False,200,
1787684517.0680926,managed,30.0,30.0,42.534,False,200,
1787684517.101426,managed,30.0,30.0,33.278,False,200,
1787684517.1347592,managed,30.0,30.0,31.775,False,200,
1787684517.1680927,managed,30.0,30.0,34.328,False,200,
1787684517.201426,managed,30.0,30.0,29.52,False,200,
1787684517.2347593,managed,30.0,30.0,30.832,False,200,
1787684517.2680926,managed,30.0,30.0,44.996,False,200,
1787684517.301426,managed,30.0,30.0,33.962,False,200,
1787684517.3347592,managed,30.0,30.0,32.489,False,200,
1787684517.3680925,managed,30.0,30.0,40.685,False,200,
1787684517.4014258,managed,30.0,30.0,38.182,False,200,
1787684517.4347594,managed,30.0,30.0,36.05,False,200,
1787684517.4680927,managed,30.0,30.0,28.145,False,200,
1787684517.501426,managed,30.0,30.0,37.706,False,200,
1787684517.5347593,managed,30.0,30.0,35.275,False,200,
1787684517.5680926,managed,30.0,30.0,33.627,False,200,
1787684517.601426,managed,30.0,30.0,42.799,False,200,
1787684517.6347592,managed,30.0,30.0,30.026,False,200,
1787684517.6680927,managed,30.0,30.0,40.2,False,200,
1787684517.701426,managed,30.0,30.0,44.75,False,200,
1787684517.7347593,managed,30.0,30.0,41.077,False,200,
1787684517.7680926,managed,30.0,30.0,32.434,False,200,
1787684517.801426,managed,30.0,30.0,32.995,False,200,
1787684517.8347592,managed,30.0,30.0,30.833,False,200,
1787684517.8680925,managed,30.0,30.0,37.011,False,200,
1787684517.9014258,managed,30.0,30.0,34.587,False,200,
1787684517.9347594,managed,30.0,30.0,40.784,False,200,
1787684517.9680927,managed,30.0,30.0,30.136,False,200,
1787684518.001426,managed,30.0,30.0,42.751,False,200,
1787684518.0347593,managed,30.0,30.0,51.297,False,200,
1787684518.0680926,managed,30.0,30.0,29.206,False,200,
1787684518.101426,managed,30.0,30.0,37.924,False,200,
1787684518.1347592,managed,30.0,30.0,28.933,False,200,
1787684518.1680927,managed,30.0,30.0,35.083,False,200,
1787684518.201426,managed,30.0,30.0,29.259,False,200,
1787684518.2347593,managed,30.0,30.0,36.002,False,200,
1787684518.2680926,managed,30.0,30.0,38.075,False,200,
1787684518.301426,managed,30.0,30.0,38.861,False,200,
1787684518.3347592,managed,30.0,30.0,31.042,False,200,
1787684518.3680925,managed,30.0,30.0,30.457,False,200,
1787684518.4014258,managed,30.0,30.0,26.842,False,200,
1787684518.4347594,managed,30.0,30.0,41.666,False,200,
1787684518.4680927,managed,30.0,30.0,43.951,False,200,
1787684518.501426,managed,30.0,30.0,33.811,False,200,
1787684518.5347593,managed,30.0,30.0,26.183,False,200,
1787684518.5680926,managed,30.0,30.0,36.007,False,200,
1787684518.601426,managed,30.0,30.0,45.046,False,200,
1787684518.6347592,managed,30.0,30.0,34.538,False,200,
1787684518.6680927,managed,30.0,30.0,37.352,False,200,
1787684518.701426,managed,30.0,30.0,43.361,False,200,
1787684518.7347593,managed,30.0,30.0,30.047,False,200,
1787684518.7680926,managed,30.0,30.0,35.376,False,200,
1787684518.801426,managed,30.0,30.0,43.802,False,200,
1787684518.8347592,managed,30.0,30.0,38.322,False,200,
1787684518.8680925,managed,30.0,30.0,45.24,False,200,
1787684518.9014258,managed,30.0,30.0,31.338,False,200,
1787684518.9347594,managed,30.0,30.0,35.167,False,200,
1787684518.9680927,managed,30.0,30.0,30.407,False,200,
1787684519.001426,managed,30.0,30.0,37.108,False,200,
1787684519.0347593,managed,30.0,30.0,33.27,False,200,
1787684519.0680926,managed,30.0,30.0,37.314,False,200,
1787684519.101426,managed,30.0,30.0,43.314,False,200,
1787684519.1347592,managed,30.0,30.0,37.009,False,200,
1787684519.1680927,managed,30.0,30.0,36.415,False,200,
1787684519.201426,managed,30.0,30.0,41.24,False,200,
1787684519.2347593,managed,30.0,30.0,34.65,False,200,
1787684519.2680926,managed,30.0,30.0,36.895,False,200,
1787684519.301426,managed,30.0,30.0,35.861,False,200,
1787684519.3347592,managed,30.0,30.0,44.918,False,200,
1787684519.3680925,managed,30.0,30.0,32.307,False,200,
1787684519.4014258,managed,30.0,30.0,32.372,False,200,
1787684519.4347594,managed,30.0,30.0,29.939,False,200,
1787684519.4680927,managed,30.0,30.0,32.002,False,200,
1787684519.501426,managed,30.0,30.0,30.233,False,200,
1787684519.5347593,managed,30.0,30.0,28.608,False,200,
1787684519.5680926,managed,30.0,30.0,32.909,False,200,
1787684519.601426,managed,30.0,30.0,32.62,False,200,
1787684519.6347592,managed,30.0,30.0,36.675,False,200,
1787684519.6680927,managed,30.0,30.0,34.399,False,200,
1787684519.701426,managed,30.0,30.0,34.385,False,200,
1787684519.7347593,managed,30.0,30.0,41.898,False,200,
1787684519.7680926,managed,30.0,30.0,36.603,False,200,
1787684519.801426,managed,30.0,30.0,30.398,False,200,
1787684519.8347592,managed,30.0,30.0,34.708,False,200,
1787684519.8680925,managed,30.0,30.0,43.755,False,200,
1787684519.9014258,managed,30.0,30.0,33.376,False,200,
1787684519.9347594,managed,30.0,30.0,35.214,False,200,
1787684519.9680927,managed,30.0,30.0,28.054,False,200,
1787684520.001426,managed,30.0,30.0,40.918,False,200,
1787684520.0347593,managed,30.0,30.0,31.799,False,200,
1787684520.0680926,managed,30.0,30.0,33.443,False,200,
1787684520.101426,managed,30.0,30.0,38.186,False,200,
1787684520.1347592,managed,30.0,30.0,36.698,False,200,
1787684520.1680927,managed,30.0,30.0,36.106,False,200,
1787684520.201426,managed,30.0,30.0,31.126,False,200,
1787684520.2347593,managed,30.0,30.0,29.149,False,200,
1787684520.2680926,managed,30.0,30.0,43.018,False,200,
1787684520.301426,managed,30.0,30.0,28.241,False,200,
1787684520.3347592,managed,30.0,30.0,34.544,False,200,
1787684520.3680925,managed,30.0,30.0,45.658,False,200,
1787684520.4014258,managed,30.0,30.0,35.415,False,200,
1787684520.4347594,managed,30.0,30.0,28.305,False,200,
1787684520.4680927,managed,30.0,30.0,38.042,False,200,
1787684520.501426,managed,30.0,30.0,43.931,False,200,
1787684520.5347593,managed,30.0,30.0,28.703,False,200,
1787684520.5680926,managed,30.0,30.0,40.019,False,200,
1787684520.601426,managed,30.0,30.0,38.869,False,200,
1787684520.6347592,managed,30.0,30.0,27.749,False,200,
1787684520.6680927,managed,30.0,30.0,32.902,False,200,
1787684520.701426,managed,30.0,30.0,37.55,False,200,
1787684520.7347593,managed,30.0,30.0,28.859,False,200,
1787684520.7680926,managed,30.0,30.0,36.667,False,200,
1787684520.801426,managed,30.0,30.0,40.947,False,200,
1787684520.8347592,managed,30.0,30.0,33.401,False,200,
1787684520.8680925,managed,30.0,30.0,40.792,False,200,
1787684520.9014258,managed,30.0,30.0,35.579,False,200,
1787684520.9347594,managed,30.0,30.0,27.846,False,200,
1787684520.9680927,managed,30.0,30.0,35.574,False,200,
1787684521.001426,managed,30.0,30.0,39.493,False,200,
1787684521.0347593,managed,30.0,30.0,29.514,False,200,
1787684521.0680926,managed,30.0,30.0,38.046,False,200,
1787684521.101426,managed,30.0,30.0,42.926,False,200,
1787684521.1347592,managed,30.0,30.0,31.357,False,200,
1787684521.1680927,managed,30.0,30.0,48.656,False,200,
1787684521.201426,managed,30.0,30.0,33.368,False,200,
1787684521.2347593,managed,30.0,30.0,30.659,False,200,
1787684521.2680926,managed,30.0,30.0,33.468,False,200,
1787684521.301426,managed,30.0,30.0,29.839,False,200,
1787684521.3347592,managed,30.0,30.0,38.086,False,200,
1787684521.3680925,managed,30.0,30.0,29.967,False,200,
1787684521.4014258,managed,30.0,30.0,22.219,False,200,
1787684521.4347594,managed,30.0,30.0,38.952,False,200,
1787684521.4680927,managed,30.0,30.0,32.382,False,200,
1787684521.501426,managed,30.0,30.0,36.021,False,200,
1787684521.5347593,managed,30.0,30.0,44.609,False,200,
1787684521.5680926,managed,30.0,30.0,36.775,False,200,
1787684521.601426,managed,30.0,30.0,42.406,False,200,
1787684521.6347592,managed,30.0,30.0,33.195,False,200,
1787684521.6680927,managed,30.0,30.0,43.224,False,200,
1787684521.701426,managed,30.0,30.0,46.148,False,200,
1787684521.7347593,managed,30.0,30.0,38.165,False,200,
1787684521.7680926,managed,30.0,30.0,36.412,False,200,
1787684521.801426,managed,30.0,30.0,31.38,False,200,
1787684521.8347592,managed,30.0,30.0,31.299,False,200,
1787684521.8680925,managed,30.0,30.0,39.282,False,200,
1787684521.9014258,managed,30.0,30.0,35.098,False,200,
1787684521.9347594,managed,30.0,30.0,40.528,False,200,
1787684521.9680927,managed,30.0,30.0,34.038,False,200,
1787684522.001426,managed,30.0,30.0,36.929,False,200,
1787684522.0347593,managed,30.0,30.0,28.335,False,200,
1787684522.0680926,managed,30.0,30.0,42.445,False,200,
1787684522.101426,managed,30.0,30.0,40.635,False,200,
1787684522.1347592,managed,30.0,30.0,33.44,False,200,
1787684522.1680927,managed,30.0,30.0,45.289,False,200,
1787684522.201426,managed,30.0,30.0,36.894,False,200,
1787684522.2347593,managed,30.0,30.0,37.532,False,200,
1787684522.2680926,managed,30.0,30.0,42.703,False,200,
1787684522.301426,managed,30.0,30.0,34.091,False,200,
1787684522.3347592,managed,30.0,30.0,33.242,False,200,
1787684522.3680925,managed,30.0,30.0,35.739,False,200,
1787684522.4014258,managed,30.0,30.0,53.427,False,200,
1787684522.4347594,managed,30.0,30.0,40.698,False,200,
1787684522.4680927,managed,30.0,30.0,41.336,False,200,
1787684522.501426,managed,30.0,30.0,41.032,False,200,
1787684522.5347593,managed,30.0,30.0,30.29,False,200,
1787684522.5680926,managed,30.0,30.0,33.263,False,200,
1787684522.601426,managed,30.0,30.0,39.867,False,200,
1787684522.6347592,managed,30.0,30.0,32.384,False,200,
1787684522.6680927,managed,30.0,30.0,28.893,False,200,
1787684522.701426,managed,30.0,30.0,34.927,False,200,
1787684522.7347593,managed,30.0,30.0,32.13,False,200,
1787684522.7680926,managed,30.0,30.0,27.846,False,200,
1787684522.801426,managed,30.0,30.0,40.454,False,200,
1787684522.8347592,managed,30.0,30.0,31.101,False,200,
1787684522.8680925,managed,30.0,30.0,39.629,False,200,
1787684522.9014258,managed,30.0,30.0,35.335,False,200,
1787684522.9347594,managed,30.0,30.0,37.063,False,200,
1787684522.9680927,managed,30.0,30.0,31.176,False,200,
1787684523.001426,managed,30.0,30.0,31.951,False,200,
1787684523.0347593,managed,30.0,30.0,33.365,False,200,
1787684523.0680926,managed,30.0,30.0,30.375,False,200,
1787684523.101426,managed,30.0,30.0,40.131,False,200,
1787684523.1347592,managed,30.0,30.0,35.597,False,200,
1787684523.1680927,managed,30.0,30.0,37.801,False,200,
1787684523.201426,managed,30.0,30.0,33.533,False,200,
1787684523.2347593,managed,30.0,30.0,32.917,False,200,
1787684523.2680926,managed,30.0,30.0,45.057,False,200,
1787684523.301426,managed,30.0,30.0,28.948,False,200,
1787684523.3347592,managed,30.0,30.0,30.163,False,200,
1787684523.3680925,managed,30.0,30.0,37.038,False,200,
1787684523.4014258,managed,30.0,30.0,37.567,False,200,
1787684523.4347594,managed,30.0,30.0,44.892,False,200,
1787684523.4680927,managed,30.0,30.0,29.479,False,200,
1787684523.501426,managed,30.0,30.0,32.529,False,200,
1787684523.5347593,managed,30.0,30.0,39.967,False,200,
1787684523.5680926,managed,30.0,30.0,36.931,False,200,
1787684523.601426,managed,30.0,30.0,42.898,False,200,
1787684523.6347592,managed,30.0,30.0,38.603,False,200,
1787684523.6680927,managed,30.0,30.0,27.682,False,200,
1787684523.701426,managed,30.0,30.0,37.121,False,200,
1787684523.7347593,managed,30.0,30.0,33.337,False,200,
1787684523.7680926,managed,30.0,30.0,31.248,False,200,
1787684523.801426,managed,30.0,30.0,33.302,False,200,
1787684523.8347592,managed,30.0,30.0,32.672,False,200,
1787684523.8680925,managed,30.0,30.0,29.989,False,200,
1787684523.9014258,managed,30.0,30.0,44.442,False,200,
1787684523.9347594,managed,30.0,30.0,46.759,False,200,
1787684523.9680927,managed,30.0,30.0,27.533,False,200,
1787684524.001426,managed,30.0,30.0,29.658,False,200,
1787684524.0347593,managed,30.0,30.0,26.523,False,200,
1787684524.0680926,managed,30.0,30.0,34.315,False,200,
1787684524.101426,managed,30.0,30.0,32.517,False,200,
1787684524.1347592,managed,30.0,30.0,31.077,False,200,
1787684524.1680927,managed,30.0,30.0,30.136,False,200,
1787684524.201426,managed,30.0,30.0,36.641,False,200,
1787684524.2347593,managed,30.0,30.0,39.674,False,200,
1787684524.2680926,managed,30.0,30.0,36.141,False,200,
1787684524.301426,managed,30.0,30.0,33.096,False,200,
1787684524.3347592,managed,30.0,30.0,46.421,False,200,
1787684524.3680925,managed,30.0,30.0,39.935,False,200,
1787684524.4014258,managed,30.0,30.0,32.412,False,200,
1787684524.4347594,managed,30.0,30.0,31.236,False,200,
1787684524.4680927,managed,30.0,30.0,33.828,False,200,
1787684524.501426,managed,30.0,30.0,31.001,False,200,
1787684524.5347593,managed,30.0,30.0,32.434,False,200,
1787684524.5680926,managed,30.0,30.0,37.823,False,200,
1787684524.601426,managed,30.0,30.0,32.078,False,200,
1787684524.6347592,managed,30.0,30.0,38.53,False,200,
1787684524.6680927,managed,30.0,30.0,32.653,False,200,
1787684524.701426,managed,30.0,30.0,33.202,False,200,
1787684524.7347593,managed,30.0,30.0,32.503,False,200,
1787684524.7680926,managed,30.0,30.0,36.861,False,200,
1787684524.801426,managed,30.0,30.0,35.595,False,200,
1787684524.8347592,managed,30.0,30.0,45.308,False,200,
1787684524.8680925,managed,30.0,30.0,48.096,False,200,
1787684524.9014258,managed,30.0,30.0,39.293,False,200,
1787684524.9347594,managed,30.0,30.0,39.599,False,200,
1787684524.9680927,managed,30.0,30.0,42.65,False,200,
1787684525.001426,managed,30.0,30.0,39.877,False,200,
1787684525.0347593,managed,30.0,30.0,32.139,False,200,
1787684525.0680926,managed,30.0,30.0,33.045,False,200,
1787684525.101426,managed,30.0,30.0,37.038,False,200,
1787684525.1347592,managed,30.0,30.0,26.896,False,200,
1787684525.1680927,managed,30.0,30.0,37.812,False,200,
1787684525.201426,managed,30.0,30.0,35.037,False,200,
1787684525.2347593,managed,30.0,30.0,32.608,False,200,
1787684525.2680926,managed,30.0,30.0,32.041,False,200,
1787684525.301426,managed,30.0,30.0,34.04,False,200,
1787684525.3347592,managed,30.0,30.0,35.377,False,200,
1787684525.3680925,managed,30.0,30.0,38.993,False,200,
1787684525.4014258,managed,30.0,30.0,31.577,False,200,
1787684525.4347594,managed,30.0,30.0,45.77,False,200,
1787684525.4680927,managed,30.0,30.0,35.558,False,200,
1787684525.501426,managed,30.0,30.0,34.493,False,200,
1787684525.5347593,managed,30.0,30.0,31.226,False,200,
1787684525.5680926,managed,30.0,30.0,26.991,False,200,
1787684525.601426,managed,30.0,30.0,34.169,False,200,
1787684525.6347592,managed,30.0,30.0,37.835,False,200,
1787684525.6680927,managed,30.0,30.0,39.699,False,200,
1787684525.701426,managed,30.0,30.0,43.376,False,200,
1787684525.7347593,managed,30.0,30.0,41.04,False,200,
1787684525.7680926,managed,30.0,30.0,36.652,False,200,
1787684525.801426,managed,30.0,30.0,35.25,False,200,
1787684525.8347592,managed,30.0,30.0,40.122,False,200,
1787684525.8680925,managed,30.0,30.0,31.158,False,200,
1787684525.9014258,managed,30.0,30.0,33.592,False,200,
1787684525.9347594,managed,30.0,30.0,31.081,False,200,
1787684525.9680927,managed,30.0,30.0,32.875,False,200,
1787684526.001426,managed,30.0,30.0,25.096,False,200,
1787684526.0347593,managed,30.0,30.0,26.584,False,200,
1787684526.0680926,managed,30.0,30.0,33.587,False,200,
1787684526.101426,managed,30.0,30.0,37.928,False,200,
1787684526.1347592,managed,30.0,30.0,25.788,False,200,
1787684526.1680927,managed,30.0,30.0,31.451,False,200,
1787684526.201426,managed,30.0,30.0,45.99,False,200,
1787684526.2347593,managed,30.0,30.0,38.241,False,200,
1787684526.2680926,managed,30.0,30.0,39.753,False,200,
1787684526.301426,managed,30.0,30.0,31.932,False,200,
1787684526.3347592,managed,30.0,30.0,32.056,False,200,
1787684526.3680925,managed,30.0,30.0,37.915,False,200,
1787684526.4014258,managed,30.0,30.0,31.012,False,200,
1787684526.4347594,managed,30.0,30.0,39.461,False,200,
1787684526.4680927,managed,30.0,30.0,35.64,False,200,
1787684526.501426,managed,30.0,30.0,37.202,False,200,
1787684526.5347593,managed,30.0,30.0,39.001,False,200,
1787684526.5680926,managed,30.0,30.0,34.838,False,200,
1787684526.601426,managed,30.0,30.0,30.415,False,200,
1787684526.6347592,managed,30.0,30.0,29.182,False,200,
1787684526.6680927,managed,30.0,30.0,31.873,False,200,
1787684526.701426,managed,30.0,30.0,30.181,False,200,
1787684526.7347593,managed,30.0,30.0,39.686,False,200,
1787684526.7680926,managed,30.0,30.0,38.763,False,200,
1787684526.801426,managed,30.0,30.0,31.22,False,200,
1787684526.8347592,managed,30.0,30.0,40.879,False,200,
1787684526.8680925,managed,30.0,30.0,32.137,False,200,
1787684526.9014258,managed,30.0,30.0,24.372,False,200,
1787684526.9347594,managed,30.0,30.0,34.453,False,200,
1787684526.9680927,managed,30.0,30.0,42.363,False,200,
1787684527.001426,managed,30.0,30.0,25.299,False,200,
1787684527.0347593,managed,30.0,30.0,42.067,False,200,
1787684527.0680926,managed,30.0,30.0,44.236,False,200,
1787684527.101426,managed,30.0,30.0,42.855,False,200,
1787684527.1347592,managed,30.0,30.0,40.248,False,200,
1787684527.1680927,managed,30.0,30.0,29.812,False,200,
1787684527.201426,managed,30.0,30.0,32.429,False,200,
1787684527.2347593,managed,30.0,30.0,26.566,False,200,
1787684527.2680926,managed,30.0,30.0,28.263,False,200,
1787684527.301426,managed,30.0,30.0,38.154,False,200,
1787684527.3347592,managed,30.0,30.0,30.147,False,200,
1787684527.3680925,managed,30.0,30.0,26.412,False,200,
1787684527.4014258,managed,30.0,30.0,38.391,False,200,
1787684527.4347594,managed,30.0,30.0,35.494,False,200,
1787684527.4680927,managed,30.0,30.0,40.746,False,200,
1787684527.501426,managed,30.0,30.0,31.048,False,200,
1787684527.5347593,managed,30.0,30.0,28.311,False,200,
1787684527.5680926,managed,30.0,30.0,38.405,False,200,
1787684527.601426,managed,30.0,30.0,41.091,False,200,
1787684527.6347592,managed,30.0,30.0,30.398,False,200,
1787684527.6680927,managed,30.0,30.0,38.77,False,200,
1787684527.701426,managed,30.0,30.0,45.627,False,200,
1787684527.7347593,managed,30.0,30.0,33.795,False,200,
1787684527.7680926,managed,30.0,30.0,36.347,False,200,
1787684527.801426,managed,30.0,30.0,35.921,False,200,
1787684527.8347592,managed,30.0,30.0,42.512,False,200,
1787684527.8680925,managed,30.0,30.0,34.855,False,200,
1787684527.9014258,managed,30.0,30.0,38.424,False,200,
1787684527.9347594,managed,30.0,30.0,34.783,False,200,
1787684527.9680927,managed,30.0,30.0,34.819,False,200,
1787684528.001426,managed,30.0,30.0,36.291,False,200,
1787684528.0347593,managed,30.0,30.0,32.556,False,200,
1787684528.0680926,managed,30.0,30.0,35.113,False,200,
1787684528.101426,managed,30.0,30.0,33.2,False,200,
1787684528.1347592,managed,30.0,30.0,33.621,False,200,
1787684528.1680927,managed,30.0,30.0,28.337,False,200,
1787684528.201426,managed,30.0,30.0,42.836,False,200,
1787684528.2347593,managed,30.0,30.0,39.865,False,200,
1787684528.2680926,managed,30.0,30.0,38.969,False,200,
1787684528.301426,managed,30.0,30.0,44.11,False,200,
1787684528.3347592,managed,30.0,30.0,42.052,False,200,
1787684528.3680925,managed,30.0,30.0,28.608,False,200,
1787684528.4014258,managed,30.0,30.0,35.705,False,200,
1787684528.4347594,managed,30.0,30.0,33.975,False,200,
1787684528.4680927,managed,30.0,30.0,32.096,False,200,
1787684528.501426,managed,30.0,30.0,31.337,False,200,
1787684528.5347593,managed,30.0,30.0,37.177,False,200,
1787684528.5680926,managed,30.0,30.0,33.285,False,200,
1787684528.601426,managed,30.0,30.0,35.73,False,200,
1787684528.6347592,managed,30.0,30.0,32.803,False,200,
1787684528.6680927,managed,30.0,30.0,32.255,False,200,
1787684528.701426,managed,30.0,30.0,34.358,False,200,
1787684528.7347593,managed,30.0,30.0,29.68,False,200,
1787684528.7680926,managed,30.0,30.0,31.147,False,200,
1787684528.801426,managed,30.0,30.0,39.102,False,200,
1787684528.8347592,managed,30.0,30.0,35.509,False,200,
1787684528.8680925,managed,30.0,30.0,24.982,False,200,
1787684528.9014258,managed,30.0,30.0,39.038,False,200,
1787684528.9347594,managed,30.0,30.0,39.256,False,200,
1787684528.9680927,managed,30.0,30.0,32.878,False,200,
1787684529.001426,managed,30.0,30.0,37.247,False,200,
1787684529.0347593,managed,30.0,30.0,42.322,False,200,
1787684529.0680926,managed,30.0,30.0,41.33,False,200,
1787684529.101426,managed,30.0,30.0,34.912,False,200,
1787684529.1347592,managed,30.0,30.0,38.458,False,200,
1787684529.1680927,managed,30.0,30.0,42.631,False,200,
1787684529.201426,managed,30.0,30.0,40.9,False,200,
1787684529.2347593,managed,30.0,30.0,36.574,False,200,
1787684529.2680926,managed,30.0,30.0,38.003,False,200,
1787684529.301426,managed,30.0,30.0,36.87,False,200,
1787684529.3347592,managed,30.0,30.0,39.85,False,200,
1787684529.3680925,managed,30.0,30.0,31.204,False,200,
1787684529.4014258,managed,30.0,30.0,38.765,False,200,
1787684529.4347594,managed,30.0,30.0,36.712,False,200,
1787684529.4680927,managed,30.0,30.0,50.157,False,200,
1787684529.501426,managed,30.0,30.0,35.002,False,200,
1787684529.5347593,managed,30.0,30.0,30.316,False,200,
1787684529.5680926,managed,30.0,30.0,28.656,False,200,
1787684529.601426,managed,30.0,30.0,28.113,False,200,
1787684529.6347592,managed,30.0,30.0,31.98,False,200,
1787684529.6680927,managed,30.0,30.0,36.222,False,200,
1787684529.701426,managed,30.0,30.0,30.791,False,200,
1787684529.7347593,managed,30.0,30.0,31.534,False,200,
1787684529.7680926,managed,30.0,30.0,27.561,False,200,
1787684529.801426,managed,30.0,30.0,40.139,False,200,
1787684529.8347592,managed,30.0,30.0,33.787,False,200,
1787684529.8680925,managed,30.0,30.0,39.895,False,200,
1787684529.9014258,managed,30.0,30.0,38.16,False,200,
1787684529.9347594,managed,30.0,30.0,32.707,False,200,
1787684529.9680927,managed,30.0,30.0,37.434,False,200,
1787684530.001426,managed,30.0,30.0,43.709,False,200,
1787684530.0347593,managed,30.0,30.0,43.932,False,200,
1787684530.0680926,managed,30.0,30.0,44.597,False,200,
1787684530.101426,managed,30.0,30.0,27.838,False,200,
1787684530.1347592,managed,30.0,30.0,35.211,False,200,
1787684530.1680927,managed,30.0,30.0,27.547,False,200,
1787684530.201426,managed,30.0,30.0,34.2,False,200,
1787684530.2347593,managed,30.0,30.0,33.617,False,200,
1787684530.2680926,managed,30.0,30.0,29.696,False,200,
1787684530.301426,managed,30.0,30.0,40.557,False,200,
1787684530.3347592,managed,30.0,30.0,35.119,False,200,
1787684530.3680925,managed,30.0,30.0,33.82,False,200,
1787684530.4014258,managed,30.0,30.0,43.418,False,200,
1787684530.4347594,managed,30.0,30.0,37.223,False,200,
1787684530.4680927,managed,30.0,30.0,37.646,False,200,
1787684530.501426,managed,30.0,30.0,44.37,False,200,
1787684530.5347593,managed,30.0,30.0,35.878,False,200,
1787684530.5680926,managed,30.0,30.0,28.539,False,200,
1787684530.601426,managed,30.0,30.0,32.0,False,200,
1787684530.6347592,managed,30.0,30.0,41.51,False,200,
1787684530.6680927,managed,30.0,30.0,30.263,False,200,
1787684530.701426,managed,30.0,30.0,27.988,False,200,
1787684530.7347593,managed,30.0,30.0,23.992,False,200,
1787684530.7680926,managed,30.0,30.0,29.392,False,200,
1787684530.801426,managed,30.0,30.0,45.674,False,200,
1787684530.8347592,managed,30.0,30.0,29.261,False,200,
1787684530.8680925,managed,30.0,30.0,44.045,False,200,
1787684530.9014258,managed,30.0,30.0,29.375,False,200,
1787684530.9347594,managed,30.0,30.0,34.152,False,200,
1787684530.9680927,managed,30.0,30.0,32.615,False,200,
1787684531.001426,managed,30.0,30.0,36.005,False,200,
1787684531.0347593,managed,30.0,30.0,35.04,False,200,
1787684531.0680926,managed,30.0,30.0,35.136,False,200,
1787684531.101426,managed,30.0,30.0,27.832,False,200,
1787684531.1347592,managed,30.0,30.0,38.002,False,200,
1787684531.1680927,managed,30.0,30.0,29.419,False,200,
1787684531.201426,managed,30.0,30.0,43.23,False,200,
1787684531.2347593,managed,30.0,30.0,36.237,False,200,
1787684531.2680926,managed,30.0,30.0,26.984,False,200,
1787684531.301426,managed,30.0,30.0,29.158,False,200,
1787684531.3347592,managed,30.0,30.0,38.957,False,200,
1787684531.3680925,managed,30.0,30.0,34.943,False,200,
1787684531.4014258,managed,30.0,30.0,32.046,False,200,
1787684531.4347594,managed,30.0,30.0,33.353,False,200,
1787684531.4680927,managed,30.0,30.0,30.197,False,200,
1787684531.501426,managed,30.0,30.0,39.54,False,200,
1787684531.5347593,managed,30.0,30.0,39.888,False,200,
1787684531.5680926,managed,30.0,30.0,36.609,False,200,
1787684531.601426,managed,30.0,30.0,36.746,False,200,
1787684531.6347592,managed,30.0,30.0,29.848,False,200,
1787684531.6680927,managed,30.0,30.0,29.17,False,200,
1787684531.701426,managed,30.0,30.0,44.411,False,200,
1787684531.7347593,managed,30.0,30.0,34.336,False,200,
1787684531.7680926,managed,30.0,30.0,36.767,False,200,
1787684531.801426,managed,30.0,30.0,39.57,False,200,
1787684531.8347592,managed,30.0,30.0,39.02,False,200,
1787684531.8680925,managed,30.0,30.0,38.486,False,200,
1787684531.9014258,managed,30.0,30.0,33.952,False,200,
1787684531.9347594,managed,30.0,30.0,39.295,False,200,
1787684531.9680927,managed,30.0,30.0,30.468,False,200,
1787684532.001426,managed,30.0,30.0,36.08,False,200,
1787684532.0347593,managed,30.0,30.0,29.887,False,200,
1787684532.0680926,managed,30.0,30.0,28.145,False,200,
1787684532.101426,managed,30.0,30.0,29.44,False,200,
1787684532.1347592,managed,30.0,30.0,39.38,False,200,
1787684532.1680927,managed,30.0,30.0,51.731,False,200,
1787684532.201426,managed,30.0,30.0,40.245,False,200,
1787684532.2347593,managed,30.0,30.0,39.35,False,200,
1787684532.2680926,managed,30.0,30.0,37.495,False,200,
1787684532.301426,managed,30.0,30.0,38.182,False,200,
1787684532.3347592,managed,30.0,30.0,36.226,False,200,
1787684532.3680925,managed,30.0,30.0,36.452,False,200,
1787684532.4014258,managed,30.0,30.0,33.89,False,200,
1787684532.4347594,managed,30.0,30.0,32.897,False,200,
1787684532.4680927,managed,30.0,30.0,27.067,False,200,
1787684532.501426,managed,30.0,30.0,31.704,False,200,
1787684532.5347593,managed,30.0,30.0,35.378,False,200,
1787684532.5680926,managed,30.0,30.0,33.559,False,200,
1787684532.601426,managed,30.0,30.0,31.066,False,200,
1787684532.6347592,managed,30.0,30.0,38.074,False,200,
1787684532.6680927,managed,30.0,30.0,32.574,False,200,
1787684532.701426,managed,30.0,30.0,42.913,False,200,
1787684532.7347593,managed,30.0,30.0,35.664,False,200,
1787684532.7680926,managed,30.0,30.0,38.532,False,200,
1787684532.801426,managed,30.0,30.0,34.23,False,200,
1787684532.8347592,managed,30.0,30.0,44.416,False,200,
1787684532.8680925,managed,30.0,30.0,42.11,False,200,
1787684532.9014258,managed,30.0,30.0,45.601,False,200,
1787684532.9347594,managed,30.0,30.0,35.708,False,200,
1787684532.9680927,managed,30.0,30.0,32.632,False,200,
1787684533.001426,managed,30.0,30.0,33.444,False,200,
1787684533.0347593,managed,30.0,30.0,28.206,False,200,
1787684533.0680926,managed,30.0,30.0,29.385,False,200,
1787684533.101426,managed,30.0,30.0,36.111,False,200,
1787684533.1347592,managed,30.0,30.0,29.046,False,200,
1787684533.1680927,managed,30.0,30.0,35.277,False,200,
1787684533.201426,managed,30.0,30.0,48.23,False,200,
1787684533.2347593,managed,30.0,30.0,25.057,False,200,
1787684533.2680926,managed,30.0,30.0,34.337,False,200,
1787684533.301426,managed,30.0,30.0,37.755,False,200,
1787684533.3347592,managed,30.0,30.0,45.973,False,200,
1787684533.3680925,managed,30.0,30.0,43.249,False,200,
1787684533.4014258,managed,30.0,30.0,33.905,False,200,
1787684533.4347594,managed,30.0,30.0,39.072,False,200,
1787684533.4680927,managed,30.0,30.0,35.801,False,200,
1787684533.501426,managed,30.0,30.0,37.752,False,200,
1787684533.5347593,managed,30.0,30.0,43.251,False,200,
1787684533.5680926,managed,30.0,30.0,37.902,False,200,
1787684533.601426,managed,30.0,30.0,38.946,False,200,
1787684533.6347592,managed,30.0,30.0,30.539,False,200,
1787684533.6680927,managed,30.0,30.0,31.696,False,200,
1787684533.701426,managed,30.0,30.0,31.608,False,200,
1787684533.7347593,managed,30.0,30.0,28.568,False,200,
1787684533.7680926,managed,30.0,30.0,42.115,False,200,
1787684533.801426,managed,30.0,30.0,30.82,False,200,
1787684533.8347592,managed,30.0,30.0,26.193,False,200,
1787684533.8680925,managed,30.0,30.0,32.266,False,200,
1787684533.9014258,managed,30.0,30.0,43.96,False,200,
1787684533.9347594,managed,30.0,30.0,29.409,False,200,
1787684533.9680927,managed,30.0,30.0,38.913,False,200,
1787684534.001426,managed,30.0,30.0,34.307,False,200,
1787684534.0347593,managed,30.0,30.0,30.089,False,200,
1787684534.0680926,managed,30.0,30.0,38.793,False,200,
1787684534.101426,managed,30.0,30.0,35.946,False,200,
1787684534.1347592,managed,30.0,30.0,25.279,False,200,
1787684534.1680927,managed,30.0,30.0,30.54,False,200,
1787684534.201426,managed,30.0,30.0,28.615,False,200,
1787684534.2347593,managed,30.0,30.0,36.54,False,200,
1787684534.2680926,managed,30.0,30.0,38.267,False,200,
1787684534.301426,managed,30.0,30.0,32.32,False,200,
1787684534.3347592,managed,30.0,30.0,32.011,False,200,
1787684534.3680925,managed,30.0,30.0,33.23,False,200,
1787684534.4014258,managed,30.0,30.0,42.399,False,200,
1787684534.4347594,managed,30.0,30.0,26.485,False,200,
1787684534.4680927,managed,30.0,30.0,36.362,False,200,
1787684534.501426,managed,30.0,30.0,37.177,False,200,
1787684534.5347593,managed,30.0,30.0,46.453,False,200,
1787684534.5680926,managed,30.0,30.0,43.35,False,200,
1787684534.601426,managed,30.0,30.0,39.398,False,200,
1787684534.6347592,managed,30.0,30.0,34.214,False,200,
1787684534.6680927,managed,30.0,30.0,37.871,False,200,
1787684534.701426,managed,30.0,30.0,29.974,False,200,
1787684534.7347593,managed,30.0,30.0,29.933,False,200,
1787684534.7680926,managed,30.0,30.0,37.302,False,200,
1787684534.801426,managed,30.0,30.0,44.896,False,200,
1787684534.8347592,managed,30.0,30.0,33.95,False,200,
1787684534.8680925,managed,30.0,30.0,35.185,False,200,
1787684534.9014258,managed,30.0,30.0,31.013,False,200,
1787684534.9347594,managed,30.0,30.0,51.836,False,200,
1787684534.9680927,managed,30.0,30.0,36.211,False,200,
1787684535.001426,managed,30.0,30.0,36.846,False,200,
1787684535.0347593,managed,30.0,30.0,40.165,False,200,
1787684535.0680926,managed,30.0,30.0,30.632,False,200,
1787684535.101426,managed,30.0,30.0,28.892,False,200,
1787684535.1347592,managed,30.0,30.0,31.798,False,200,
1787684535.1680927,managed,30.0,30.0,39.521,False,200,
1787684535.201426,managed,30.0,30.0,35.786,False,200,
1787684535.2347593,managed,30.0,30.0,35.995,False,200,
1787684535.2680926,managed,30.0,30.0,43.957,False,200,
1787684535.301426,managed,30.0,30.0,35.319,False,200,
1787684535.3347592,managed,30.0,30.0,34.638,False,200,
1787684535.3680925,managed,30.0,30.0,31.527,False,200,
1787684535.4014258,managed,30.0,30.0,30.668,False,200,
1787684535.4347594,managed,30.0,30.0,32.231,False,200,
1787684535.4680927,managed,30.0,30.0,34.737,False,200,
1787684535.501426,managed,30.0,30.0,23.045,False,200,
1787684535.5347593,managed,30.0,30.0,33.801,False,200,
1787684535.5680926,managed,30.0,30.0,52.956,False,200,
1787684535.601426,managed,30.0,30.0,28.66,False,200,
1787684535.6347592,managed,30.0,30.0,28.189,False,200,
1787684535.6680927,managed,30.0,30.0,42.217,False,200,
1787684535.701426,managed,30.0,30.0,38.83,False,200,
1787684535.7347593,managed,30.0,30.0,33.605,False,200,
1787684535.7680926,managed,30.0,30.0,22.124,False,200,
1787684535.801426,managed,30.0,30.0,29.719,False,200,
1787684535.8347592,managed,30.0,30.0,25.627,False,200,
1787684535.8680925,managed,30.0,30.0,26.549,False,200,
1787684535.9014258,managed,30.0,30.0,37.228,False,200,
1787684535.9347594,managed,30.0,30.0,40.537,False,200,
1787684535.9680927,managed,30.0,30.0,27.778,False,200,
1787684536.001426,managed,30.0,30.0,34.231,False,200,
1787684536.0347593,managed,30.0,30.0,34.71,False,200,
1787684536.0680926,managed,30.0,30.0,33.071,False,200,
1787684536.101426,managed,30.0,30.0,35.462,False,200,
1787684536.1347592,managed,30.0,30.0,40.671,False,200,
1787684536.1680927,managed,30.0,30.0,38.668,False,200,
1787684536.201426,managed,30.0,30.0,38.423,False,200,
1787684536.2347593,managed,30.0,30.0,22.174,False,200,
1787684536.2680926,managed,30.0,30.0,26.6,False,200,
1787684536.301426,managed,30.0,30.0,29.242,False,200,
1787684536.3347592,managed,30.0,30.0,34.815,False,200,
1787684536.3680925,managed,30.0,30.0,44.958,False,200,
1787684536.4014258,managed,30.0,30.0,35.418,False,200,
1787684536.4347594,managed,30.0,30.0,33.198,False,200,
1787684536.4680927,managed,30.0,30.0,31.388,False,200,
1787684536.501426,managed,30.0,30.0,27.95,False,200,
1787684536.5347593,managed,30.0,30.0,39.987,False,200,
1787684536.5680926,managed,30.0,30.0,41.649,False,200,
1787684536.601426,managed,30.0,30.0,42.987,False,200,
1787684536.6347592,managed,30.0,30.0,32.223,False,200,
1787684536.6680927,managed,30.0,30.0,44.101,False,200,
1787684536.701426,managed,30.0,30.0,28.038,False,200,
1787684536.7347593,managed,30.0,30.0,32.24,False,200,
1787684536.7680926,managed,30.0,30.0,49.867,False,200,
1787684536.801426,managed,30.0,30.0,43.133,False,200,
1787684536.8347592,managed,30.0,30.0,30.035,False,200,
1787684536.8680925,managed,30.0,30.0,38.708,False,200,
1787684536.9014258,managed,30.0,30.0,39.294,False,200,
1787684536.9347594,managed,30.0,30.0,37.466,False,200,
1787684536.9680927,managed,30.0,30.0,37.59,False,200,
1787684537.001426,managed,30.0,30.0,32.941,False,200,
1787684537.0347593,managed,30.0,30.0,44.835,False,200,
1787684537.0680926,managed,30.0,30.0,31.635,False,200,
1787684537.101426,managed,30.0,30.0,41.93,False,200,
1787684537.1347592,managed,30.0,30.0,35.13,False,200,
1787684537.1680927,managed,30.0,30.0,31.214,False,200,
1787684537.201426,managed,30.0,30.0,36.73,False,200,
1787684537.2347593,managed,30.0,30.0,40.746,False,200,
1787684537.2680926,managed,30.0,30.0,32.861,False,200,
1787684537.301426,managed,30.0,30.0,36.313,False,200,
1787684537.3347592,managed,30.0,30.0,33.212,False,200,
1787684537.3680925,managed,30.0,30.0,35.422,False,200,
1787684537.4014258,managed,30.0,30.0,31.36,False,200,
1787684537.4347594,managed,30.0,30.0,28.925,False,200,
1787684537.4680927,managed,30.0,30.0,30.911,False,200,
1787684537.501426,managed,30.0,30.0,28.77,False,200,
1787684537.5347593,managed,30.0,30.0,33.788,False,200,
1787684537.5680926,managed,30.0,30.0,36.716,False,200,
1787684537.601426,managed,30.0,30.0,35.689,False,200,
1787684537.6347592,managed,30.0,30.0,43.802,False,200,
1787684537.6680927,managed,30.0,30.0,32.119,False,200,
1787684537.701426,managed,30.0,30.0,40.536,False,200,
1787684537.7347593,managed,30.0,30.0,32.75,False,200,
1787684537.7680926,managed,30.0,30.0,37.312,False,200,
1787684537.801426,managed,30.0,30.0,30.264,False,200,
1787684537.8347592,managed,30.0,30.0,30.57,False,200,
1787684537.8680925,managed,30.0,30.0,32.529,False,200,
1787684537.9014258,managed,30.0,30.0,30.554,False,200,
1787684537.9347594,managed,30.0,30.0,37.818,False,200,
1787684537.9680927,managed,30.0,30.0,39.657,False,200,
1787684538.001426,managed,30.0,30.0,45.208,False,200,
1787684538.0347593,managed,30.0,30.0,32.303,False,200,
1787684538.0680926,managed,30.0,30.0,35.995,False,200,
1787684538.101426,managed,30.0,30.0,34.8,False,200,
1787684538.1347592,managed,30.0,30.0,31.825,False,200,
1787684538.1680927,managed,30.0,30.0,34.608,False,200,
1787684538.201426,managed,30.0,30.0,41.744,False,200,
1787684538.2347593,managed,30.0,30.0,34.235,False,200,
1787684538.2680926,managed,30.0,30.0,32.194,False,200,
1787684538.301426,managed,30.0,30.0,31.453,False,200,
1787684538.3347592,managed,30.0,30.0,27.828,False,200,
1787684538.3680925,managed,30.0,30.0,37.198,False,200,
1787684538.4014258,managed,30.0,30.0,28.853,False,200,
1787684538.4347594,managed,30.0,30.0,32.551,False,200,
1787684538.4680927,managed,30.0,30.0,37.039,False,200,
1787684538.501426,managed,30.0,30.0,35.56,False,200,
1787684538.5347593,managed,30.0,30.0,41.845,False,200,
1787684538.5680926,managed,30.0,30.0,33.104,False,200,
1787684538.601426,managed,30.0,30.0,37.211,False,200,
1787684538.6347592,managed,30.0,30.0,36.323,False,200,
1787684538.6680927,managed,30.0,30.0,30.424,False,200,
1787684538.701426,managed,30.0,30.0,43.361,False,200,
1787684538.7347593,managed,30.0,30.0,35.906,False,200,
1787684538.7680926,managed,30.0,30.0,35.986,False,200,
1787684538.801426,managed,30.0,30.0,28.547,False,200,
1787684538.8347592,managed,30.0,30.0,31.524,False,200,
1787684538.8680925,managed,30.0,30.0,36.705,False,200,
1787684538.9014258,managed,30.0,30.0,44.589,False,200,
1787684538.9347594,managed,30.0,30.0,38.682,False,200,
1787684538.9680927,managed,30.0,30.0,37.656,False,200,
1787684539.001426,managed,30.0,30.0,37.731,False,200,
1787684539.0347593,managed,30.0,30.0,34.268,False,200,
1787684539.0680926,managed,30.0,30.0,34.991,False,200,
1787684539.101426,managed,30.0,30.0,35.242,False,200,
1787684539.1347592,managed,30.0,30.0,28.839,False,200,
1787684539.1680927,managed,30.0,30.0,38.577,False,200,
1787684539.201426,managed,30.0,30.0,27.732,False,200,
1787684539.2347593,managed,30.0,30.0,31.221,False,200,
1787684539.2680926,managed,30.0,30.0,45.985,False,200,
1787684539.301426,managed,30.0,30.0,42.772,False,200,
1787684539.3347592,managed,30.0,30.0,24.727,False,200,
1787684539.3680925,managed,30.0,30.0,36.747,False,200,
1787684539.4014258,managed,30.0,30.0,34.833,False,200,
1787684539.4347594,managed,30.0,30.0,42.685,False,200,
1787684539.4680927,managed,30.0,30.0,35.859,False,200,
1787684539.501426,managed,30.0,30.0,43.917,False,200,
1787684539.5347593,managed,30.0,30.0,41.581,False,200,
1787684539.5680926,managed,30.0,30.0,33.461,False,200,
1787684539.601426,managed,30.0,30.0,34.498,False,200,
1787684539.6347592,managed,30.0,30.0,33.364,False,200,
1787684539.6680927,managed,30.0,30.0,32.411,False,200,
1787684539.701426,managed,30.0,30.0,32.278,False,200,
1787684539.7347593,managed,30.0,30.0,33.92,False,200,
1787684539.7680926,managed,30.0,30.0,34.736,False,200,
1787684539.801426,managed,30.0,30.0,34.291,False,200,
1787684539.8347592,managed,30.0,30.0,44.421,False,200,
1787684539.8680925,managed,30.0,30.0,34.49,False,200,
1787684539.9014258,managed,30.0,30.0,30.433,False,200,
1787684539.9347594,managed,30.0,30.0,37.617,False,200,
1787684539.9680927,managed,30.0,30.0,34.768,False,200,
1787684540.001426,managed,30.0,30.0,37.729,False,200,
1787684540.0347593,managed,30.0,30.0,31.497,False,200,
1787684540.0680926,managed,30.0,30.0,32.243,False,200,
1787684540.101426,managed,30.0,30.0,36.787,False,200,
1787684540.1347592,managed,30.0,30.0,36.62,False,200,
1787684540.1680927,managed,30.0,30.0,38.823,False,200,
1787684540.201426,managed,30.0,30.0,29.396,False,200,
1787684540.2347593,managed,30.0,30.0,34.248,False,200,
1787684540.2680926,managed,30.0,30.0,47.359,False,200,
1787684540.301426,managed,30.0,30.0,27.686,False,200,
1787684540.3347592,managed,30.0,30.0,34.756,False,200,
1787684540.3680925,managed,30.0,30.0,42.352,False,200,
1787684540.4014258,managed,30.0,30.0,40.533,False,200,
1787684540.4347594,managed,30.0,30.0,23.771,False,200,
1787684540.4680927,managed,30.0,30.0,35.258,False,200,
1787684540.501426,managed,30.0,30.0,31.115,False,200,
1787684540.5347593,managed,30.0,30.0,29.527,False,200,
1787684540.5680926,managed,30.0,30.0,38.474,False,200,
1787684540.601426,managed,30.0,30.0,38.99,False,200,
1787684540.6347592,managed,30.0,30.0,30.632,False,200,
1787684540.6680927,managed,30.0,30.0,37.995,False,200,
1787684540.701426,managed,30.0,30.0,37.191,False,200,
1787684540.7347593,managed,30.0,30.0,44.558,False,200,
1787684540.7680926,managed,30.0,30.0,38.974,False,200,
1787684540.801426,managed,30.0,30.0,29.959,False,200,
1787684540.8347592,managed,30.0,30.0,30.399,False,200,
1787684540.8680925,managed,30.0,30.0,31.712,False,200,
1787684540.9014258,managed,30.0,30.0,33.601,False,200,
1787684540.9347594,managed,30.0,30.0,28.629,False,200,
1787684540.9680927,managed,30.0,30.0,36.056,False,200,
1787684541.001426,managed,30.0,30.0,32.041,False,200,
1787684541.0347593,managed,30.0,30.0,32.204,False,200,
1787684541.0680926,managed,30.0,30.0,36.261,False,200,
1787684541.101426,managed,30.0,30.0,28.996,False,200,
1787684541.1347592,managed,30.0,30.0,41.617,False,200,
1787684541.1680927,managed,30.0,30.0,40.39,False,200,
1787684541.201426,managed,30.0,30.0,34.64,False,200,
1787684541.2347593,managed,30.0,30.0,34.022,False,200,
1787684541.2680926,managed,30.0,30.0,31.739,False,200,
1787684541.301426,managed,30.0,30.0,35.324,False,200,
1787684541.3347592,managed,30.0,30.0,29.714,False,200,
1787684541.3680925,managed,30.0,30.0,37.236,False,200,
1787684541.4014258,managed,30.0,30.0,39.241,False,200,
1787684541.4347594,managed,30.0,30.0,44.606,False,200,
1787684541.4680927,managed,30.0,30.0,36.318,False,200,
1787684541.501426,managed,30.0,30.0,32.137,False,200,
1787684541.5347593,managed,30.0,30.0,25.603,False,200,
1787684541.5680926,managed,30.0,30.0,35.367,False,200,
1787684541.601426,managed,30.0,30.0,37.823,False,200,
1787684541.6347592,managed,30.0,30.0,30.53,False,200,
1787684541.6680927,managed,30.0,30.0,28.722,False,200,
1787684541.701426,managed,30.0,30.0,33.076,False,200,
1787684541.7347593,managed,30.0,30.0,30.022,False,200,
1787684541.7680926,managed,30.0,30.0,48.974,False,200,
1787684541.801426,managed,30.0,30.0,46.239,False,200,
1787684541.8347592,managed,30.0,30.0,33.861,False,200,
1787684541.8680925,managed,30.0,30.0,36.156,False,200,
1787684541.9014258,managed,30.0,30.0,38.256,False,200,
1787684541.9347594,managed,30.0,30.0,39.406,False,200,
1787684541.9680927,managed,30.0,30.0,29.706,False,200,
1787684542.001426,managed,30.0,30.0,38.651,False,200,
1787684542.0347593,managed,30.0,30.0,38.902,False,200,
1787684542.0680926,managed,30.0,30.0,31.473,False,200,
1787684542.101426,managed,30.0,30.0,37.261,False,200,
1787684542.1347592,managed,30.0,30.0,36.666,False,200,
1787684542.1680927,managed,30.0,30.0,26.083,False,200,
1787684542.201426,managed,30.0,30.0,35.166,False,200,
1787684542.2347593,managed,30.0,30.0,28.616,False,200,
1787684542.2680926,managed,30.0,30.0,35.174,False,200,
1787684542.301426,managed,30.0,30.0,26.226,False,200,
1787684542.3347592,managed,30.0,30.0,36.963,False,200,
1787684542.3680925,managed,30.0,30.0,40.947,False,200,
1787684542.4014258,managed,30.0,30.0,30.411,False,200,
1787684542.4347594,managed,30.0,30.0,35.336,False,200,
1787684542.4680927,managed,30.0,30.0,20.286,False,200,
1787684542.501426,managed,30.0,30.0,31.962,False,200,
1787684542.5347593,managed,30.0,30.0,45.835,False,200,
1787684542.5680926,managed,30.0,30.0,23.875,False,200,
1787684542.601426,managed,30.0,30.0,40.742,False,200,
1787684542.6347592,managed,30.0,30.0,32.247,False,200,
1787684542.6680927,managed,30.0,30.0,43.018,False,200,
1787684542.701426,managed,30.0,30.0,37.978,False,200,
1787684542.7347593,managed,30.0,30.0,32.713,False,200,
1787684542.7680926,managed,30.0,30.0,35.634,False,200,
1787684542.801426,managed,30.0,30.0,31.714,False,200,
1787684542.8347592,managed,30.0,30.0,40.599,False,200,
1787684542.8680925,managed,30.0,30.0,39.836,False,200,
1787684542.9014258,managed,30.0,30.0,34.509,False,200,
1787684542.9347594,managed,30.0,30.0,40.878,False,200,
1787684542.9680927,managed,30.0,30.0,26.232,False,200,
1787684543.001426,managed,30.0,30.0,32.709,False,200,
1787684543.0347593,managed,30.0,30.0,31.397,False,200,
1787684543.0680926,managed,30.0,30.0,39.005,False,200,
1787684543.101426,managed,30.0,30.0,38.123,False,200,
1787684543.1347592,managed,30.0,30.0,30.763,False,200,
1787684543.1680927,managed,30.0,30.0,41.168,False,200,
1787684543.201426,managed,30.0,30.0,31.339,False,200,
1787684543.2347593,managed,30.0,30.0,28.925,False,200,
1787684543.2680926,managed,30.0,30.0,36.231,False,200,
1787684543.301426,managed,30.0,30.0,29.539,False,200,
1787684543.3347592,managed,30.0,30.0,27.673,False,200,
1787684543.3680925,managed,30.0,30.0,33.243,False,200,
1787684543.4014258,managed,30.0,30.0,34.731,False,200,
1787684543.4347594,managed,30.0,30.0,32.253,False,200,
1787684543.4680927,managed,30.0,30.0,36.578,False,200,
1787684543.501426,managed,30.0,30.0,27.776,False,200,
1787684543.5347593,managed,30.0,30.0,35.606,False,200,
1787684543.5680926,managed,30.0,30.0,33.327,False,200,
1787684543.601426,managed,30.0,30.0,29.269,False,200,
1787684543.6347592,managed,30.0,30.0,51.389,False,200,
1787684543.6680927,managed,30.0,30.0,32.692,False,200,
1787684543.701426,managed,30.0,30.0,27.664,False,200,
1787684543.7347593,managed,30.0,30.0,36.084,False,200,
1787684543.7680926,managed,30.0,30.0,35.122,False,200,
1787684543.801426,managed,30.0,30.0,32.678,False,200,
1787684543.8347592,managed,30.0,30.0,43.294,False,200,
1787684543.8680925,managed,30.0,30.0,36.994,False,200,
1787684543.9014258,managed,30.0,30.0,36.644,False,200,
1787684543.9347594,managed,30.0,30.0,42.492,False,200,
1787684543.9680927,managed,30.0,30.0,27.102,False,200,
1787684544.001426,managed,30.0,30.0,35.145,False,200,
1787684544.0347593,managed,30.0,30.0,33.274,False,200,
1787684544.0680926,managed,30.0,30.0,48.921,False,200,
1787684544.101426,managed,30.0,30.0,28.002,False,200,
1787684544.1347592,managed,30.0,30.0,39.572,False,200,
1787684544.1680927,managed,30.0,30.0,28.488,False,200,
1787684544.201426,managed,30.0,30.0,32.005,False,200,
1787684544.2347593,managed,30.0,30.0,38.255,False,200,
1787684544.2680926,managed,30.0,30.0,38.773,False,200,
1787684544.301426,managed,30.0,30.0,32.407,False,200,
1787684544.3347592,managed,30.0,30.0,36.98,False,200,
1787684544.3680925,managed,30.0,30.0,45.121,False,200,
1787684544.4014258,managed,30.0,30.0,33.849,False,200,
1787684544.4347594,managed,30.0,30.0,31.885,False,200,
1787684544.4680927,managed,30.0,30.0,40.196,False,200,
1787684544.501426,managed,30.0,30.0,30.674,False,200,
1787684544.5347593,managed,30.0,30.0,36.31,False,200,
1787684544.5680926,managed,30.0,30.0,45.116,False,200,
1787684544.601426,managed,30.0,30.0,30.665,False,200,
1787684544.6347592,managed,30.0,30.0,43.883,False,200,
1787684544.6680927,managed,30.0,30.0,40.935,False,200,
1787684544.701426,managed,30.0,30.0,42.512,False,200,
1787684544.7347593,managed,30.0,30.0,40.44,False,200,
1787684544.7680926,managed,30.0,30.0,42.703,False,200,
1787684544.801426,managed,30.0,30.0,30.395,False,200,
1787684544.8347592,managed,30.0,30.0,40.851,False,200,
1787684544.8680925,managed,30.0,30.0,38.868,False,200,
1787684544.9014258,managed,30.0,30.0,33.647,False,200,
1787684544.9347594,managed,30.0,30.0,42.865,False,200,
1787684544.9680927,managed,30.0,30.0,30.432,False,200,
1787684545.001426,managed,30.0,30.0,40.779,False,200,
1787684545.0347593,managed,30.0,30.0,48.838,False,200,
1787684545.0680926,managed,30.0,30.0,31.447,False,200,
1787684545.101426,managed,30.0,30.0,34.774,False,200,
1787684545.1347592,managed,30.0,30.0,36.401,False,200,
1787684545.1680927,managed,30.0,30.0,36.004,False,200,
1787684545.201426,managed,30.0,30.0,40.951,False,200,
1787684545.2347593,managed,30.0,30.0,30.817,False,200,
1787684545.2680926,managed,30.0,30.0,34.091,False,200,
1787684545.301426,managed,30.0,30.0,32.622,False,200,
1787684545.3347592,managed,30.0,30.0,43.848,False,200,
1787684545.3680925,managed,30.0,30.0,40.638,False,200,
1787684545.4014258,managed,30.0,30.0,33.168,False,200,
1787684545.4347594,managed,30.0,30.0,26.715,False,200,
1787684545.4680927,managed,30.0,30.0,41.477,False,200,
1787684545.501426,managed,30.0,30.0,42.78,False,200,
1787684545.5347593,managed,30.0,30.0,24.724,False,200,
1787684545.5680926,managed,30.0,30.0,41.4,False,200,
1787684545.601426,managed,30.0,30.0,29.313,False,200,
1787684545.6347592,managed,30.0,30.0,42.867,False,200,
1787684545.6680927,managed,30.0,30.0,38.78,False,200,
1787684545.701426,managed,30.0,30.0,30.205,False,200,
1787684545.7347593,managed,30.0,30.0,35.723,False,200,
1787684545.7680926,managed,30.0,30.0,38.279,False,200,
1787684545.801426,managed,30.0,30.0,29.745,False,200,
1787684545.8347592,managed,30.0,30.0,36.567,False,200,
1787684545.8680925,managed,30.0,30.0,44.177,False,200,
1787684545.9014258,managed,30.0,30.0,36.216,False,200,
1787684545.9347594,managed,30.0,30.0,37.209,False,200,
1787684545.9680927,managed,30.0,30.0,25.756,False,200,
1787684546.001426,managed,30.0,30.0,31.136,False,200,
1787684546.0347593,managed,30.0,30.0,37.716,False,200,
1787684546.0680926,managed,30.0,30.0,33.08,False,200,
1787684546.101426,managed,30.0,30.0,39.294,False,200,
1787684546.1347592,managed,30.0,30.0,35.408,False,200,
1787684546.1680927,managed,30.0,30.0,35.473,False,200,
1787684546.201426,managed,30.0,30.0,36.145,False,200,
1787684546.2347593,managed,30.0,30.0,35.3,False,200,
1787684546.2680926,managed,30.0,30.0,36.126,False,200,
1787684546.301426,managed,30.0,30.0,35.948,False,200,
1787684546.3347592,managed,30.0,30.0,30.751,False,200,
1787684546.3680925,managed,30.0,30.0,35.958,False,200,
1787684546.4014258,managed,30.0,30.0,36.184,False,200,
1787684546.4347594,managed,30.0,30.0,42.696,False,200,
1787684546.4680927,managed,30.0,30.0,39.886,False,200,
1787684546.501426,managed,30.0,30.0,39.561,False,200,
1787684546.5347593,managed,30.0,30.0,39.368,False,200,
1787684546.5680926,managed,30.0,30.0,41.964,False,200,
1787684546.601426,managed,30.0,30.0,32.235,False,200,
1787684546.6347592,managed,30.0,30.0,30.616,False,200,
1787684546.6680927,managed,30.0,30.0,33.932,False,200,
1787684546.701426,managed,30.0,30.0,31.406,False,200,
1787684546.7347593,managed,30.0,30.0,38.077,False,200,
1787684546.7680926,managed,30.0,30.0,38.27,False,200,
1787684546.801426,managed,30.0,30.0,39.763,False,200,
1787684546.8347592,managed,30.0,30.0,34.458,False,200,
1787684546.8680925,managed,30.0,30.0,34.947,False,200,
1787684546.9014258,managed,30.0,30.0,30.662,False,200,
1787684546.9347594,managed,30.0,30.0,41.963,False,200,
1787684546.9680927,managed,30.0,30.0,40.841,False,200,
1787684547.001426,managed,30.0,30.0,35.933,False,200,
1787684547.0347593,managed,30.0,30.0,35.402,False,200,
1787684547.0680926,managed,30.0,30.0,30.394,False,200,
1787684547.101426,managed,30.0,30.0,36.158,False,200,
1787684547.1347592,managed,30.0,30.0,31.499,False,200,
1787684547.1680927,managed,30.0,30.0,35.949,False,200,
1787684547.201426,managed,30.0,30.0,34.063,False,200,
1787684547.2347593,managed,30.0,30.0,40.614,False,200,
1787684547.2680926,managed,30.0,30.0,28.583,False,200,
1787684547.301426,managed,30.0,30.0,35.588,False,200,
1787684547.3347592,managed,30.0,30.0,30.267,False,200,
1787684547.3680925,managed,30.0,30.0,38.89,False,200,
1787684547.4014258,managed,30.0,30.0,33.523,False,200,
1787684547.4347594,managed,30.0,30.0,40.965,False,200,
1787684547.4680927,managed,30.0,30.0,46.625,False,200,
1787684547.501426,managed,30.0,30.0,47.942,False,200,
1787684547.5347593,managed,30.0,30.0,22.808,False,200,
1787684547.5680926,managed,30.0,30.0,34.001,False,200,
1787684547.601426,managed,30.0,30.0,48.849,False,200,
1787684547.6347592,managed,30.0,30.0,35.898,False,200,
1787684547.6680927,managed,30.0,30.0,33.574,False,200,
1787684547.701426,managed,30.0,30.0,32.165,False,200,
1787684547.7347593,managed,30.0,30.0,39.64,False,200,
1787684547.7680926,managed,30.0,30.0,34.708,False,200,
1787684547.801426,managed,30.0,30.0,35.601,False,200,
1787684547.8347592,managed,30.0,30.0,44.507,False,200,
1787684547.8680925,managed,30.0,30.0,39.131,False,200,
1787684547.9014258,managed,30.0,30.0,39.808,False,200,
1787684547.9347594,managed,30.0,30.0,36.126,False,200,
1787684547.9680927,managed,30.0,30.0,30.59,False,200,
1787684548.001426,managed,30.0,30.0,38.797,False,200,
1787684548.0347593,managed,30.0,30.0,43.188,False,200,
1787684548.0680926,managed,30.0,30.0,46.852,False,200,
1787684548.101426,managed,30.0,30.0,33.073,False,200,
1787684548.1347592,managed,30.0,30.0,30.648,False,200,
1787684548.1680927,managed,30.0,30.0,35.901,False,200,
1787684548.201426,managed,30.0,30.0,36.886,False,200,
1787684548.2347593,managed,30.0,30.0,37.641,False,200,
1787684548.2680926,managed,30.0,30.0,41.367,False,200,
1787684548.301426,managed,30.0,30.0,31.02,False,200,
1787684548.3347592,managed,30.0,30.0,40.663,False,200,
1787684548.3680925,managed,30.0,30.0,35.679,False,200,
1787684548.4014258,managed,30.0,30.0,32.565,False,200,
1787684548.4347594,managed,30.0,30.0,27.773,False,200,
1787684548.4680927,managed,30.0,30.0,38.61,False,200,
1787684548.501426,managed,30.0,30.0,38.26,False,200,
1787684548.5347593,managed,30.0,30.0,32.074,False,200,
1787684548.5680926,managed,30.0,30.0,33.549,False,200,
1787684548.601426,managed,30.0,30.0,33.892,False,200,
1787684548.6347592,managed,30.0,30.0,30.093,False,200,
1787684548.6680927,managed,30.0,30.0,45.922,False,200,
1787684548.701426,managed,30.0,30.0,32.67,False,200,
1787684548.7347593,managed,30.0,30.0,46.181,False,200,
1787684548.7680926,managed,30.0,30.0,37.428,False,200,
1787684548.801426,managed,30.0,30.0,31.239,False,200,
1787684548.8347592,managed,30.0,30.0,36.277,False,200,
1787684548.8680925,managed,30.0,30.0,47.825,False,200,
1787684548.9014258,managed,30.0,30.0,29.931,False,200,
1787684548.9347594,managed,30.0,30.0,33.146,False,200,
1787684548.9680927,managed,30.0,30.0,30.975,False,200,
1787684549.001426,managed,30.0,30.0,48.084,False,200,
1787684549.0347593,managed,30.0,30.0,38.64,False,200,
1787684549.0680926,managed,30.0,30.0,44.222,False,200,
1787684549.101426,managed,30.0,30.0,29.22,False,200,
1787684549.1347592,managed,30.0,30.0,39.715,False,200,
1787684549.1680927,managed,30.0,30.0,37.528,False,200,
1787684549.201426,managed,30.0,30.0,33.577,False,200,
1787684549.2347593,managed,30.0,30.0,28.228,False,200,
1787684549.2680926,managed,30.0,30.0,30.756,False,200,
1787684549.301426,managed,30.0,30.0,33.754,False,200,
1787684549.3347592,managed,30.0,30.0,32.114,False,200,
1787684549.3680925,managed,30.0,30.0,26.814,False,200,
1787684549.4014258,managed,30.0,30.0,32.863,False,200,
1787684549.4347594,managed,30.0,30.0,35.459,False,200,
1787684549.4680927,managed,30.0,30.0,34.654,False,200,
1787684549.501426,managed,30.0,30.0,38.891,False,200,
1787684549.5347593,managed,30.0,30.0,33.441,False,200,
1787684549.5680926,managed,30.0,30.0,31.643,False,200,
1787684549.601426,managed,30.0,30.0,39.633,False,200,
1787684549.6347592,managed,30.0,30.0,33.543,False,200,
1787684549.6680927,managed,30.0,30.0,38.955,False,200,
1787684549.701426,managed,30.0,30.0,38.2,False,200,
1787684549.7347593,managed,30.0,30.0,33.805,False,200,
1787684549.7680926,managed,30.0,30.0,31.175,False,200,
1787684549.801426,managed,30.0,30.0,36.44,False,200,
1787684549.8347592,managed,30.0,30.0,33.242,False,200,
1787684549.8680925,managed,30.0,30.0,37.03,False,200,
1787684549.9014258,managed,30.0,30.0,34.904,False,200,
1787684549.9347594,managed,30.0,30.0,32.537,False,200,
1787684549.9680927,managed,30.0,30.0,30.908,False,200,
1787684550.001426,managed,30.0,30.0,34.623,False,200,
1787684550.0347593,managed,30.0,30.0,35.992,False,200,
1787684550.0680926,managed,30.0,30.0,34.479,False,200,
1787684550.101426,managed,30.0,30.0,31.683,False,200,
1787684550.1347592,managed,30.0,30.0,34.271,False,200,
1787684550.1680927,managed,30.0,30.0,32.458,False,200,
1787684550.201426,managed,30.0,30.0,37.902,False,200,
1787684550.2347593,managed,30.0,30.0,42.14,False,200,
1787684550.2680926,managed,30.0,30.0,35.886,False,200,
1787684550.301426,managed,30.0,30.0,28.969,False,200,
1787684550.3347592,managed,30.0,30.0,39.691,False,200,
1787684550.3680925,managed,30.0,30.0,36.293,False,200,
1787684550.4014258,managed,30.0,30.0,39.451,False,200,
1787684550.4347594,managed,30.0,30.0,29.138,False,200,
1787684550.4680927,managed,30.0,30.0,30.093,False,200,
1787684550.501426,managed,30.0,30.0,36.869,False,200,
1787684550.5347593,managed,30.0,30.0,34.072,False,200,
1787684550.5680926,managed,30.0,30.0,28.856,False,200,
1787684550.601426,managed,30.0,30.0,29.172,False,200,
1787684550.6347592,managed,30.0,30.0,37.284,False,200,
1787684550.6680927,managed,30.0,30.0,33.401,False,200,
1787684550.701426,managed,30.0,30.0,38.473,False,200,
1787684550.7347593,managed,30.0,30.0,36.617,False,200,
1787684550.7680926,managed,30.0,30.0,28.983,False,200,
1787684550.801426,managed,30.0,30.0,30.018,False,200,
1787684550.8347592,managed,30.0,30.0,26.504,False,200,
1787684550.8680925,managed,30.0,30.0,34.002,False,200,
1787684550.9014258,managed,30.0,30.0,27.851,False,200,
1787684550.9347594,managed,30.0,30.0,33.996,False,200,
1787684550.9680927,managed,30.0,30.0,30.784,False,200,
1787684551.001426,managed,30.0,30.0,30.304,False,200,
1787684551.0347593,managed,30.0,30.0,31.789,False,200,
1787684551.0680926,managed,30.0,30.0,32.938,False,200,
1787684551.101426,managed,30.0,30.0,36.923,False,200,
1787684551.1347592,managed,30.0,30.0,39.685,False,200,
1787684551.1680927,managed,30.0,30.0,43.35,False,200,
1787684551.201426,managed,30.0,30.0,37.501,False,200,
1787684551.2347593,managed,30.0,30.0,37.104,False,200,
1787684551.2680926,managed,30.0,30.0,26.255,False,200,
1787684551.301426,managed,30.0,30.0,31.697,False,200,
1787684551.3347592,managed,30.0,30.0,32.562,False,200,
1787684551.3680925,managed,30.0,30.0,34.008,False,200,
1787684551.4014258,managed,30.0,30.0,33.144,False,200,
1787684551.4347594,managed,30.0,30.0,28.945,False,200,
1787684551.4680927,managed,30.0,30.0,28.771,False,200,
1787684551.501426,managed,30.0,30.0,31.488,False,200,
1787684551.5347593,managed,30.0,30.0,34.104,False,200,
1787684551.5680926,managed,30.0,30.0,35.299,False,200,
1787684551.601426,managed,30.0,30.0,32.185,False,200,
1787684551.6347592,managed,30.0,30.0,39.669,False,200,
1787684551.6680927,managed,30.0,30.0,38.685,False,200,
1787684551.701426,managed,30.0,30.0,28.981,False,200,
1787684551.7347593,managed,30.0,30.0,36.544,False,200,
1787684551.7680926,managed,30.0,30.0,23.397,False,200,
1787684551.801426,managed,30.0,30.0,28.344,False,200,
1787684551.8347592,managed,30.0,30.0,31.41,False,200,
1787684551.8680925,managed,30.0,30.0,32.223,False,200,
1787684551.9014258,managed,30.0,30.0,34.049,False,200,
1787684551.9347594,managed,30.0,30.0,38.099,False,200,
1787684551.9680927,managed,30.0,30.0,45.478,False,200,
1787684552.001426,managed,30.0,30.0,48.636,False,200,
1787684552.0347593,managed,30.0,30.0,35.331,False,200,
1787684552.0680926,managed,30.0,30.0,36.682,False,200,
1787684552.101426,managed,30.0,30.0,38.123,False,200,
1787684552.1347592,managed,30.0,30.0,31.557,False,200,
1787684552.1680927,managed,30.0,30.0,36.366,False,200,
1787684552.201426,managed,30.0,30.0,35.659,False,200,
1787684552.2347593,managed,30.0,30.0,40.757,False,200,
1787684552.2680926,managed,30.0,30.0,40.606,False,200,
1787684552.301426,managed,30.0,30.0,39.587,False,200,
1787684552.3347592,managed,30.0,30.0,28.368,False,200,
1787684552.3680925,managed,30.0,30.0,37.503,False,200,
1787684552.4014258,managed,30.0,30.0,42.861,False,200,
1787684552.4347594,managed,30.0,30.0,34.828,False,200,
1787684552.4680927,managed,30.0,30.0,35.596,False,200,
1787684552.501426,managed,30.0,30.0,29.16,False,200,
1787684552.5347593,managed,30.0,30.0,39.967,False,200,
1787684552.5680926,managed,30.0,30.0,37.043,False,200,
1787684552.601426,managed,30.0,30.0,33.728,False,200,
1787684552.6347592,managed,30.0,30.0,42.188,False,200,
1787684552.6680927,managed,30.0,30.0,29.251,False,200,
1787684552.701426,managed,30.0,30.0,42.371,False,200,
1787684552.7347593,managed,30.0,30.0,31.364,False,200,
1787684552.7680926,managed,30.0,30.0,31.718,False,200,
1787684552.801426,managed,30.0,30.0,27.955,False,200,
1787684552.8347592,managed,30.0,30.0,42.489,False,200,
1787684552.8680925,managed,30.0,30.0,35.047,False,200,
1787684552.9014258,managed,30.0,30.0,28.772,False,200,
1787684552.9347594,managed,30.0,30.0,38.415,False,200,
1787684552.9680927,managed,30.0,30.0,32.258,False,200,
1787684553.001426,managed,30.0,30.0,43.085,False,200,
1787684553.0347593,managed,30.0,30.0,45.506,False,200,
1787684553.0680926,managed,30.0,30.0,34.039,False,200,
1787684553.101426,managed,30.0,30.0,38.022,False,200,
1787684553.1347592,managed,30.0,30.0,39.172,False,200,
1787684553.1680927,managed,30.0,30.0,33.895,False,200,
1787684553.201426,managed,30.0,30.0,30.137,False,200,
1787684553.2347593,managed,30.0,30.0,38.298,False,200,
1787684553.2680926,managed,30.0,30.0,34.61,False,200,
1787684553.301426,managed,30.0,30.0,37.465,False,200,
1787684553.3347592,managed,30.0,30.0,41.689,False,200,
1787684553.3680925,managed,30.0,30.0,51.876,False,200,
1787684553.4014258,managed,30.0,30.0,29.984,False,200,
1787684553.4347594,managed,30.0,30.0,45.797,False,200,
1787684553.4680927,managed,30.0,30.0,37.134,False,200,
1787684553.501426,managed,30.0,30.0,37.906,False,200,
1787684553.5347593,managed,30.0,30.0,33.719,False,200,
1787684553.5680926,managed,30.0,30.0,29.726,False,200,
1787684553.601426,managed,30.0,30.0,26.974,False,200,
1787684553.6347592,managed,30.0,30.0,38.452,False,200,
1787684553.6680927,managed,30.0,30.0,37.163,False,200,
1787684553.701426,managed,30.0,30.0,29.423,False,200,
1787684553.7347593,managed,30.0,30.0,42.357,False,200,
1787684553.7680926,managed,30.0,30.0,26.94,False,200,
1787684553.801426,managed,30.0,30.0,31.964,False,200,
1787684553.8347592,managed,30.0,30.0,37.195,False,200,
1787684553.8680925,managed,30.0,30.0,41.103,False,200,
1787684553.9014258,managed,30.0,30.0,32.699,False,200,
1787684553.9347594,managed,30.0,30.0,43.675,False,200,
1787684553.9680927,managed,30.0,30.0,32.531,False,200,
1787684554.001426,managed,30.0,30.0,37.681,False,200,
1787684554.0347593,managed,30.0,30.0,38.301,False,200,
1787684554.0680926,managed,30.0,30.0,35.458,False,200,
1787684554.101426,managed,30.0,30.0,42.35,False,200,
1787684554.1347592,managed,30.0,30.0,32.401,False,200,
1787684554.1680927,managed,30.0,30.0,43.685,False,200,
1787684554.201426,managed,30.0,30.0,40.798,False,200,
1787684554.2347593,managed,30.0,30.0,35.675,False,200,
1787684554.2680926,managed,30.0,30.0,40.598,False,200,
1787684554.301426,managed,30.0,30.0,43.979,False,200,
1787684554.3347592,managed,30.0,30.0,37.664,False,200,
1787684554.3680925,managed,30.0,30.0,33.305,False,200,
1787684554.4014258,managed,30.0,30.0,33.963,False,200,
1787684554.4347594,managed,30.0,30.0,28.66,False,200,
1787684554.4680927,managed,30.0,30.0,26.911,False,200,
1787684554.501426,managed,30.0,30.0,35.616,False,200,
1787684554.5347593,managed,30.0,30.0,33.741,False,200,
1787684554.5680926,managed,30.0,30.0,41.698,False,200,
1787684554.601426,managed,30.0,30.0,44.698,False,200,
1787684554.6347592,managed,30.0,30.0,36.71,False,200,
1787684554.6680927,managed,30.0,30.0,32.602,False,200,
1787684554.701426,managed,30.0,30.0,33.854,False,200,
1787684554.7347593,managed,30.0,30.0,41.158,False,200,
1787684554.7680926,managed,30.0,30.0,50.036,False,200,
1787684554.801426,managed,30.0,30.0,39.261,False,200,
1787684554.8347592,managed,30.0,30.0,39.412,False,200,
1787684554.8680925,managed,30.0,30.0,30.885,False,200,
1787684554.9014258,managed,30.0,30.0,41.924,False,200,
1787684554.9347594,managed,30.0,30.0,33.869,False,200,
1787684554.9680927,managed,30.0,30.0,28.656,False,200,
1787684555.001426,managed,30.0,30.0,37.11,False,200,
1787684555.0347593,managed,30.0,30.0,34.422,False,200,
1787684555.0680926,managed,30.0,30.0,31.872,False,200,
1787684555.101426,managed,30.0,30.0,31.594,False,200,
1787684555.1347592,managed,30.0,30.0,32.646,False,200,
1787684555.1680927,managed,30.0,30.0,32.206,False,200,
1787684555.201426,managed,30.0,30.0,36.888,False,200,
1787684555.2347593,managed,30.0,30.0,32.922,False,200,
1787684555.2680926,managed,30.0,30.0,34.902,False,200,
1787684555.301426,managed,30.0,30.0,38.541,False,200,
1787684555.3347592,managed,30.0,30.0,31.229,False,200,
1787684555.3680925,managed,30.0,30.0,44.127,False,200,
1787684555.4014258,managed,30.0,30.0,36.197,False,200,
1787684555.4347594,managed,30.0,30.0,38.933,False,200,
1787684555.4680927,managed,30.0,30.0,43.554,False,200,
1787684555.501426,managed,30.0,30.0,32.982,False,200,
1787684555.5347593,managed,30.0,30.0,37.096,False,200,
1787684555.5680926,managed,30.0,30.0,36.836,False,200,
1787684555.601426,managed,30.0,30.0,33.579,False,200,
1787684555.6347592,managed,30.0,30.0,33.01,False,200,
1787684555.6680927,managed,30.0,30.0,31.323,False,200,
1787684555.701426,managed,30.0,30.0,28.537,False,200,
1787684555.7347593,managed,30.0,30.0,32.2,False,200,
1787684555.7680926,managed,30.0,30.0,27.932,False,200,
1787684555.801426,managed,30.0,30.0,42.334,False,200,
1787684555.8347592,managed,30.0,30.0,30.547,False,200,
1787684555.8680925,managed,30.0,30.0,36.828,False,200,
1787684555.9014258,managed,30.0,30.0,33.087,False,200,
1787684555.9347594,managed,30.0,30.0,35.355,False,200,
1787684555.9680927,managed,30.0,30.0,36.254,False,200,
1787684556.001426,managed,30.0,30.0,39.349,False,200,
1787684556.0347593,managed,30.0,30.0,28.847,False,200,
1787684556.0680926,managed,30.0,30.0,36.23,False,200,
1787684556.101426,managed,30.0,30.0,44.15,False,200,
1787684556.1347592,managed,30.0,30.0,35.095,False,200,
1787684556.1680927,managed,30.0,30.0,29.071,False,200,
1787684556.201426,managed,30.0,30.0,29.009,False,200,
1787684556.2347593,managed,30.0,30.0,44.294,False,200,
1787684556.2680926,managed,30.0,30.0,31.04,False,200,
1787684556.301426,managed,30.0,30.0,28.6,False,200,
1787684556.3347592,managed,30.0,30.0,40.559,False,200,
1787684556.3680925,managed,30.0,30.0,27.382,False,200,
1787684556.4014258,managed,30.0,30.0,29.977,False,200,
1787684556.4347594,managed,30.0,30.0,39.911,False,200,
1787684556.4680927,managed,30.0,30.0,35.797,False,200,
1787684556.501426,managed,30.0,30.0,35.646,False,200,
1787684556.5347593,managed,30.0,30.0,38.534,False,200,
1787684556.5680926,managed,30.0,30.0,39.108,False,200,
1787684556.601426,managed,30.0,30.0,27.965,False,200,
1787684556.6347592,managed,30.0,30.0,41.796,False,200,
1787684556.6680927,managed,30.0,30.0,37.246,False,200,
1787684556.701426,managed,30.0,30.0,35.038,False,200,
1787684556.7347593,managed,30.0,30.0,38.869,False,200,
1787684556.7680926,managed,30.0,30.0,33.819,False,200,
1787684556.801426,managed,30.0,30.0,44.971,False,200,
1787684556.8347592,managed,30.0,30.0,38.672,False,200,
1787684556.8680925,managed,30.0,30.0,37.48,False,200,
1787684556.9014258,managed,30.0,30.0,40.725,False,200,
1787684556.9347594,managed,30.0,30.0,45.933,False,200,
1787684556.9680927,managed,30.0,30.0,47.697,False,200,
1787684557.001426,managed,30.0,30.0,29.278,False,200,
1787684557.0347593,managed,30.0,30.0,31.181,False,200,
1787684557.0680926,managed,30.0,30.0,28.809,False,200,
1787684557.101426,managed,30.0,30.0,35.136,False,200,
1787684557.1347592,managed,30.0,30.0,45.789,False,200,
1787684557.1680927,managed,30.0,30.0,49.728,False,200,
1787684557.201426,managed,30.0,30.0,36.32,False,200,
1787684557.2347593,managed,30.0,30.0,38.092,False,200,
1787684557.2680926,managed,30.0,30.0,31.857,False,200,
1787684557.301426,managed,30.0,30.0,34.933,False,200,
1787684557.3347592,managed,30.0,30.0,29.751,False,200,
1787684557.3680925,managed,30.0,30.0,42.448,False,200,
1787684557.4014258,managed,30.0,30.0,37.009,False,200,
1787684557.4347594,managed,30.0,30.0,31.24,False,200,
1787684557.4680927,managed,30.0,30.0,35.439,False,200,
1787684557.501426,managed,30.0,30.0,36.123,False,200,
1787684557.5347593,managed,30.0,30.0,28.898,False,200,
1787684557.5680926,managed,30.0,30.0,40.234,False,200,
1787684557.601426,managed,30.0,30.0,36.648,False,200,
1787684557.6347592,managed,30.0,30.0,35.81,False,200,
1787684557.6680927,managed,30.0,30.0,30.164,False,200,
1787684557.701426,managed,30.0,30.0,34.275,False,200,
1787684557.7347593,managed,30.0,30.0,30.733,False,200,
1787684557.7680926,managed,30.0,30.0,32.309,False,200,
1787684557.801426,managed,30.0,30.0,36.61,False,200,
1787684557.8347592,managed,30.0,30.0,46.159,False,200,
1787684557.8680925,managed,30.0,30.0,38.997,False,200,
1787684557.9014258,managed,30.0,30.0,41.538,False,200,
1787684557.9347594,managed,30.0,30.0,45.007,False,200,
1787684557.9680927,managed,30.0,30.0,40.347,False,200,
1787684558.001426,managed,30.0,30.0,32.051,False,200,
1787684558.0347593,managed,30.0,30.0,42.636,False,200,
1787684558.0680926,managed,30.0,30.0,35.882,False,200,
1787684558.101426,managed,30.0,30.0,36.68,False,200,
1787684558.1347592,managed,30.0,30.0,35.868,False,200,
1787684558.1680927,managed,30.0,30.0,32.214,False,200,
1787684558.201426,managed,30.0,30.0,47.327,False,200,
1787684558.2347593,managed,30.0,30.0,33.342,False,200,
1787684558.2680926,managed,30.0,30.0,40.576,False,200,
1787684558.301426,managed,30.0,30.0,27.553,False,200,
1787684558.3347592,managed,30.0,30.0,35.562,False,200,
1787684558.3680925,managed,30.0,30.0,42.225,False,200,
1787684558.4014258,managed,30.0,30.0,31.773,False,200,
1787684558.4347594,managed,30.0,30.0,31.967,False,200,
1787684558.4680927,managed,30.0,30.0,44.597,False,200,
1787684558.501426,managed,30.0,30.0,30.458,False,200,
1787684558.5347593,managed,30.0,30.0,35.549,False,200,
1787684558.5680926,managed,30.0,30.0,32.49,False,200,
1787684558.601426,managed,30.0,30.0,40.025,False,200,
1787684558.6347592,managed,30.0,30.0,35.043,False,200,
1787684558.6680927,managed,30.0,30.0,22.136,False,200,
1787684558.701426,managed,30.0,30.0,36.627,False,200,
1787684558.7347593,managed,30.0,30.0,32.655,False,200,
1787684558.7680926,managed,30.0,30.0,28.541,False,200,
1787684558.801426,managed,30.0,30.0,35.358,False,200,
1787684558.8347592,managed,30.0,30.0,23.439,False,200,
1787684558.8680925,managed,30.0,30.0,39.248,False,200,
1787684558.9014258,managed,30.0,30.0,32.288,False,200,
1787684558.9347594,managed,30.0,30.0,44.824,False,200,
1787684558.9680927,managed,30.0,30.0,33.842,False,200,
1787684559.001426,managed,30.0,30.0,43.637,False,200,
1787684559.0347593,managed,30.0,30.0,33.219,False,200,
1787684559.0680926,managed,30.0,30.0,36.455,False,200,
1787684559.101426,managed,30.0,30.0,33.254,False,200,
1787684559.1347592,managed,30.0,30.0,24.923,False,200,
1787684559.1680927,managed,30.0,30.0,31.823,False,200,
1787684559.201426,managed,30.0,30.0,40.582,False,200,
1787684559.2347593,managed,30.0,30.0,42.466,False,200,
1787684559.2680926,managed,30.0,30.0,36.688,False,200,
1787684559.301426,managed,30.0,30.0,38.829,False,200,
1787684559.3347592,managed,30.0,30.0,35.265,False,200,
1787684559.3680925,managed,30.0,30.0,33.131,False,200,
1787684559.4014258,managed,30.0,30.0,43.529,False,200,
1787684559.4347594,managed,30.0,30.0,30.562,False,200,
1787684559.4680927,managed,30.0,30.0,39.882,False,200,
1787684559.501426,managed,30.0,30.0,38.377,False,200,
1787684559.5347593,managed,30.0,30.0,35.738,False,200,
1787684559.5680926,managed,30.0,30.0,36.774,False,200,
1787684559.601426,managed,30.0,30.0,37.418,False,200,
1787684559.6347592,managed,30.0,30.0,34.112,False,200,
1787684559.6680927,managed,30.0,30.0,40.855,False,200,
1787684559.701426,managed,30.0,30.0,30.094,False,200,
1787684559.7347593,managed,30.0,30.0,30.69,False,200,
1787684559.7680926,managed,30.0,30.0,31.281,False,200,
1787684559.801426,managed,30.0,30.0,29.455,False,200,
1787684559.8347592,managed,30.0,30.0,48.165,False,200,
1787684559.8680925,managed,30.0,30.0,36.409,False,200,
1787684559.9014258,managed,30.0,30.0,32.186,False,200,
1787684559.9347594,managed,30.0,30.0,41.417,False,200,
1787684559.9680927,managed,30.0,30.0,45.787,False,200,
1787684560.001426,managed,30.0,30.0,40.657,False,200,
1787684560.0347593,managed,30.0,30.0,33.688,False,200,
1787684560.0680926,managed,30.0,30.0,27.927,False,200,
1787684560.101426,managed,30.0,30.0,38.433,False,200,
1787684560.1347592,managed,30.0,30.0,31.469,False,200,
1787684560.1680927,managed,30.0,30.0,38.587,False,200,
1787684560.201426,managed,30.0,30.0,30.57,False,200,
1787684560.2347593,managed,30.0,30.0,29.23,False,200,
1787684560.2680926,managed,30.0,30.0,35.96,False,200,
1787684560.301426,managed,30.0,30.0,30.468,False,200,
1787684560.3347592,managed,30.0,30.0,34.625,False,200,
1787684560.3680925,managed,30.0,30.0,34.97,False,200,
1787684560.4014258,managed,30.0,30.0,38.317,False,200,
1787684560.4347594,managed,30.0,30.0,45.167,False,200,
1787684560.4680927,managed,30.0,30.0,26.909,False,200,
1787684560.501426,managed,30.0,30.0,34.724,False,200,
1787684560.5347593,managed,30.0,30.0,23.452,False,200,
1787684560.5680926,managed,30.0,30.0,36.028,False,200,
1787684560.601426,managed,30.0,30.0,30.263,False,200,
1787684560.6347592,managed,30.0,30.0,32.678,False,200,
1787684560.6680927,managed,30.0,30.0,36.867,False,200,
1787684560.701426,managed,30.0,30.0,31.696,False,200,
1787684560.7347593,managed,30.0,30.0,40.115,False,200,
1787684560.7680926,managed,30.0,30.0,44.297,False,200,
1787684560.801426,managed,30.0,30.0,37.423,False,200,
1787684560.8347592,managed,30.0,30.0,30.303,False,200,
1787684560.8680925,managed,30.0,30.0,35.429,False,200,
1787684560.9014258,managed,30.0,30.0,35.506,False,200,
1787684560.9347594,managed,30.0,30.0,34.882,False,200,
1787684560.9680927,managed,30.0,30.0,31.959,False,200,
1787684561.001426,managed,30.0,30.0,35.587,False,200,
1787684561.0347593,managed,30.0,30.0,34.943,False,200,
1787684561.0680926,managed,30.0,30.0,33.35,False,200,
1787684561.101426,managed,30.0,30.0,30.444,False,200,
1787684561.1347592,managed,30.0,30.0,38.767,False,200,
1787684561.1680927,managed,30.0,30.0,33.645,False,200,
1787684561.201426,managed,30.0,30.0,26.729,False,200,
1787684561.2347593,managed,30.0,30.0,28.197,False,200,
1787684561.2680926,managed,30.0,30.0,25.288,False,200,
1787684561.301426,managed,30.0,30.0,25.455,False,200,
1787684561.3347592,managed,30.0,30.0,42.734,False,200,
1787684561.3680925,managed,30.0,30.0,35.898,False,200,
1787684561.4014258,managed,30.0,30.0,35.599,False,200,
1787684561.4347594,managed,30.0,30.0,33.169,False,200,
1787684561.4680927,managed,30.0,30.0,32.48,False,200,
1787684561.501426,managed,30.0,30.0,39.264,False,200,
1787684561.5347593,managed,30.0,30.0,40.444,False,200,
1787684561.5680926,managed,30.0,30.0,33.952,False,200,
1787684561.601426,managed,30.0,30.0,38.84,False,200,
1787684561.6347592,managed,30.0,30.0,36.094,False,200,
1787684561.6680927,managed,30.0,30.0,28.81,False,200,
1787684561.701426,managed,30.0,30.0,40.989,False,200,
1787684561.7347593,managed,30.0,30.0,38.746,False,200,
1787684561.7680926,managed,30.0,30.0,32.614,False,200,
1787684561.801426,managed,30.0,30.0,45.769,False,200,
1787684561.8347592,managed,30.0,30.0,41.228,False,200,
1787684561.8680925,managed,30.0,30.0,37.492,False,200,
1787684561.9014258,managed,30.0,30.0,39.567,False,200,
1787684561.9347594,managed,30.0,30.0,37.665,False,200,
1787684561.9680927,managed,30.0,30.0,44.431,False,200,
1787684562.001426,managed,30.0,30.0,46.534,False,200,
1787684562.0347593,managed,30.0,30.0,31.787,False,200,
1787684562.0680926,managed,30.0,30.0,30.953,False,200,
1787684562.101426,managed,30.0,30.0,41.206,False,200,
1787684562.1347592,managed,30.0,30.0,39.794,False,200,
1787684562.1680927,managed,30.0,30.0,28.917,False,200,
1787684562.201426,managed,30.0,30.0,37.679,False,200,
1787684562.2347593,managed,30.0,30.0,29.599,False,200,
1787684562.2680926,managed,30.0,30.0,37.107,False,200,
1787684562.301426,managed,30.0,30.0,28.074,False,200,
1787684562.3347592,managed,30.0,30.0,43.245,False,200,
1787684562.3680925,managed,30.0,30.0,28.804,False,200,
1787684562.4014258,managed,30.0,30.0,37.542,False,200,
1787684562.4347594,managed,30.0,30.0,36.651,False,200,
1787684562.4680927,managed,30.0,30.0,39.575,False,200,
1787684562.501426,managed,30.0,30.0,42.232,False,200,
1787684562.5347593,managed,30.0,30.0,31.914,False,200,
1787684562.5680926,managed,30.0,30.0,43.774,False,200,
1787684562.601426,managed,30.0,30.0,47.257,False,200,
1787684562.6347592,managed,30.0,30.0,34.674,False,200,
1787684562.6680927,managed,30.0,30.0,34.769,False,200,
1787684562.701426,managed,30.0,30.0,39.215,False,200,
1787684562.7347593,managed,30.0,30.0,31.898,False,200,
1787684562.7680926,managed,30.0,30.0,37.45,False,200,
1787684562.801426,managed,30.0,30.0,24.388,False,200,
1787684562.8347592,managed,30.0,30.0,41.557,False,200,
1787684562.8680925,managed,30.0,30.0,24.852,False,200,
1787684562.9014258,managed,30.0,30.0,30.882,False,200,
1787684562.9347594,managed,30.0,30.0,34.966,False,200,
1787684562.9680927,managed,30.0,30.0,43.467,False,200,
1787684563.001426,managed,30.0,30.0,37.619,False,200,
1787684563.0347593,managed,30.0,30.0,38.525,False,200,
1787684563.0680926,managed,30.0,30.0,34.934,False,200,
1787684563.101426,managed,30.0,30.0,35.409,False,200,
1787684563.1347592,managed,30.0,30.0,23.134,False,200,
1787684563.1680927,managed,30.0,30.0,39.656,False,200,
1787684563.201426,managed,30.0,30.0,35.485,False,200,
1787684563.2347593,managed,30.0,30.0,34.265,False,200,
1787684563.2680926,managed,30.0,30.0,33.154,False,200,
1787684563.301426,managed,30.0,30.0,31.874,False,200,
1787684563.3347592,managed,30.0,30.0,35.997,False,200,
1787684563.3680925,managed,30.0,30.0,38.973,False,200,
1787684563.4014258,managed,30.0,30.0,36.573,False,200,
1787684563.4347594,managed,30.0,30.0,37.376,False,200,
1787684563.4680927,managed,30.0,30.0,41.562,False,200,
1787684563.501426,managed,30.0,30.0,31.238,False,200,
1787684563.5347593,managed,30.0,30.0,45.405,False,200,
1787684563.5680926,managed,30.0,30.0,32.481,False,200,
1787684563.601426,managed,30.0,30.0,28.725,False,200,
1787684563.6347592,managed,30.0,30.0,29.892,False,200,
1787684563.6680927,managed,30.0,30.0,33.585,False,200,
1787684563.701426,managed,30.0,30.0,38.94,False,200,
1787684563.7347593,managed,30.0,30.0,30.22,False,200,
1787684563.7680926,managed,30.0,30.0,23.319,False,200,
1787684563.801426,managed,30.0,30.0,33.618,False,200,
1787684563.8347592,managed,30.0,30.0,42.337,False,200,
1787684563.8680925,managed,30.0,30.0,33.817,False,200,
1787684563.9014258,managed,30.0,30.0,24.056,False,200,
1787684563.9347594,managed,30.0,30.0,39.384,False,200,
1787684563.9680927,managed,30.0,30.0,29.418,False,200,
1787684564.001426,managed,30.0,30.0,40.761,False,200,
1787684564.0347593,managed,30.0,30.0,40.744,False,200,
1787684564.0680926,managed,30.0,30.0,30.897,False,200,
1787684564.101426,managed,30.0,30.0,34.077,False,200,
1787684564.1347592,managed,30.0,30.0,45.321,False,200,
1787684564.1680927,managed,30.0,30.0,31.849,False,200,
1787684564.201426,managed,30.0,30.0,28.573,False,200,
1787684564.2347593,managed,30.0,30.0,34.631,False,200,
1787684564.2680926,managed,30.0,30.0,43.306,False,200,
1787684564.301426,managed,30.0,30.0,39.467,False,200,
1787684564.3347592,managed,30.0,30.0,30.61,False,200,
1787684564.3680925,managed,30.0,30.0,27.856,False,200,
1787684564.4014258,managed,30.0,30.0,38.223,False,200,
1787684564.4347594,managed,30.0,30.0,39.394,False,200,
1787684564.4680927,managed,30.0,30.0,45.513,False,200,
1787684564.501426,managed,30.0,30.0,48.862,False,200,
1787684564.5347593,managed,30.0,30.0,31.613,False,200,
1787684564.5680926,managed,30.0,30.0,48.506,False,200,
1787684564.601426,managed,30.0,30.0,32.556,False,200,
1787684564.6347592,managed,30.0,30.0,43.807,False,200,
1787684564.6680927,managed,30.0,30.0,43.821,False,200,
1787684564.701426,managed,30.0,30.0,29.592,False,200,
1787684564.7347593,managed,30.0,30.0,57.594,False,200,
1787684564.7680926,managed,30.0,30.0,42.104,False,200,
1787684564.801426,managed,30.0,30.0,36.628,False,200,
1787684564.8347592,managed,30.0,30.0,35.008,False,200,
1787684564.8680925,managed,30.0,30.0,30.622,False,200,
1787684564.9014258,managed,30.0,30.0,35.427,False,200,
1787684564.9347594,managed,30.0,30.0,29.083,False,200,
1787684564.9680927,managed,30.0,30.0,37.537,False,200,
1787684565.001426,managed,30.0,30.0,41.186,False,200,
1787684565.0347593,managed,30.0,30.0,38.123,False,200,
1787684565.0680926,managed,30.0,30.0,33.826,False,200,
1787684565.101426,managed,30.0,30.0,29.304,False,200,
1787684565.1347592,managed,30.0,30.0,35.808,False,200,
1787684565.1680927,managed,30.0,30.0,27.801,False,200,
1787684565.201426,managed,30.0,30.0,36.182,False,200,
1787684565.2347593,managed,30.0,30.0,33.65,False,200,
1787684565.2680926,managed,30.0,30.0,36.778,False,200,
1787684565.301426,managed,30.0,30.0,32.597,False,200,
1787684565.3347592,managed,30.0,30.0,35.296,False,200,
1787684565.3680925,managed,30.0,30.0,43.236,False,200,
1787684565.4014258,managed,30.0,30.0,24.553,False,200,
1787684565.4347594,managed,30.0,30.0,41.054,False,200,
1787684565.4680927,managed,30.0,30.0,31.49,False,200,
1787684565.501426,managed,30.0,30.0,28.942,False,200,
1787684565.5347593,managed,30.0,30.0,30.03,False,200,
1787684565.5680926,managed,30.0,30.0,33.448,False,200,
1787684565.601426,managed,30.0,30.0,43.846,False,200,
1787684565.6347592,managed,30.0,30.0,26.896,False,200,
1787684565.6680927,managed,30.0,30.0,30.533,False,200,
1787684565.701426,managed,30.0,30.0,36.727,False,200,
1787684565.7347593,managed,30.0,30.0,29.714,False,200,
1787684565.7680926,managed,30.0,30.0,35.189,False,200,
1787684565.801426,managed,30.0,30.0,36.478,False,200,
1787684565.8347592,managed,30.0,30.0,39.683,False,200,
1787684565.8680925,managed,30.0,30.0,39.236,False,200,
1787684565.9014258,managed,30.0,30.0,31.693,False,200,
1787684565.9347594,managed,30.0,30.0,31.574,False,200,
1787684565.9680927,managed,30.0,30.0,33.821,False,200,
1787684566.001426,managed,30.0,30.0,37.244,False,200,
1787684566.0347593,managed,30.0,30.0,33.808,False,200,
1787684566.0680926,managed,30.0,30.0,34.587,False,200,
1787684566.101426,managed,30.0,30.0,44.483,False,200,
1787684566.1347592,managed,30.0,30.0,41.961,False,200,
1787684566.1680927,managed,30.0,30.0,23.529,False,200,
1787684566.201426,managed,30.0,30.0,32.024,False,200,
1787684566.2347593,managed,30.0,30.0,31.677,False,200,
1787684566.2680926,managed,30.0,30.0,34.399,False,200,
1787684566.301426,managed,30.0,30.0,28.475,False,200,
1787684566.3347592,managed,30.0,30.0,40.435,False,200,
1787684566.3680925,managed,30.0,30.0,36.12,False,200,
1787684566.4014258,managed,30.0,30.0,38.036,False,200,
1787684566.4347594,managed,30.0,30.0,24.333,False,200,
1787684566.4680927,managed,30.0,30.0,35.567,False,200,
1787684566.501426,managed,30.0,30.0,44.39,False,200,
1787684566.5347593,managed,30.0,30.0,31.605,False,200,
1787684566.5680926,managed,30.0,30.0,33.499,False,200,
1787684566.601426,managed,30.0,30.0,26.44,False,200,
1787684566.6347592,managed,30.0,30.0,32.668,False,200,
1787684566.6680927,managed,30.0,30.0,41.182,False,200,
1787684566.701426,managed,30.0,30.0,28.926,False,200,
1787684566.7347593,managed,30.0,30.0,38.496,False,200,
1787684566.7680926,managed,30.0,30.0,33.966,False,200,
1787684566.801426,managed,30.0,30.0,42.359,False,200,
1787684566.8347592,managed,30.0,30.0,49.397,False,200,
1787684566.8680925,managed,30.0,30.0,30.131,False,200,
1787684566.9014258,managed,30.0,30.0,33.965,False,200,
1787684566.9347594,managed,30.0,30.0,36.125,False,200,
1787684566.9680927,managed,30.0,30.0,41.105,False,200,
1787684567.001426,managed,30.0,30.0,35.139,False,200,
1787684567.0347593,managed,30.0,30.0,37.746,False,200,
1787684567.0680926,managed,30.0,30.0,37.594,False,200,
1787684567.101426,managed,30.0,30.0,29.844,False,200,
1787684567.1347592,managed,30.0,30.0,35.696,False,200,
1787684567.1680927,managed,30.0,30.0,32.321,False,200,
1787684567.201426,managed,30.0,30.0,41.071,False,200,
1787684567.2347593,managed,30.0,30.0,29.696,False,200,
1787684567.2680926,managed,30.0,30.0,34.184,False,200,
1787684567.301426,managed,30.0,30.0,36.329,False,200,
1787684567.3347592,managed,30.0,30.0,34.479,False,200,
1787684567.3680925,managed,30.0,30.0,38.579,False,200,
1787684567.4014258,managed,30.0,30.0,44.167,False,200,
1787684567.4347594,managed,30.0,30.0,32.975,False,200,
1787684567.4680927,managed,30.0,30.0,25.957,False,200,
1787684567.501426,managed,30.0,30.0,39.064,False,200,
1787684567.5347593,managed,30.0,30.0,35.493,False,200,
1787684567.5680926,managed,30.0,30.0,36.343,False,200,
1787684567.601426,managed,30.0,30.0,43.239,False,200,
1787684567.6347592,managed,30.0,30.0,40.572,False,200,
1787684567.6680927,managed,30.0,30.0,32.05,False,200,
1787684567.701426,managed,30.0,30.0,27.276,False,200,
1787684567.7347593,managed,30.0,30.0,42.72,False,200,
1787684567.7680926,managed,30.0,30.0,44.455,False,200,
1787684567.801426,managed,30.0,30.0,34.463,False,200,
1787684567.8347592,managed,30.0,30.0,29.402,False,200,
1787684567.8680925,managed,30.0,30.0,29.72,False,200,
1787684567.9014258,managed,30.0,30.0,35.716,False,200,
1787684567.9347594,managed,30.0,30.0,38.398,False,200,
1787684567.9680927,managed,30.0,30.0,38.407,False,200,
1787684568.001426,managed,30.0,30.0,36.72,False,200,
1787684568.0347593,managed,30.0,30.0,27.589,False,200,
1787684568.0680926,managed,30.0,30.0,30.172,False,200,
1787684568.101426,managed,30.0,30.0,35.394,False,200,
1787684568.1347592,managed,30.0,30.0,41.153,False,200,
1787684568.1680927,managed,30.0,30.0,42.133,False,200,
1787684568.201426,managed,30.0,30.0,38.124,False,200,
1787684568.2347593,managed,30.0,30.0,31.059,False,200,
1787684568.2680926,managed,30.0,30.0,25.755,False,200,
1787684568.301426,managed,30.0,30.0,27.47,False,200,
1787684568.3347592,managed,30.0,30.0,37.444,False,200,
1787684568.3680925,managed,30.0,30.0,32.979,False,200,
1787684568.4014258,managed,30.0,30.0,37.087,False,200,
1787684568.4347594,managed,30.0,30.0,30.837,False,200,
1787684568.4680927,managed,30.0,30.0,29.31,False,200,
1787684568.501426,managed,30.0,30.0,27.418,False,200,
1787684568.5347593,managed,30.0,30.0,35.882,False,200,
1787684568.5680926,managed,30.0,30.0,38.168,False,200,
1787684568.601426,managed,30.0,30.0,34.826,False,200,
1787684568.6347592,managed,30.0,30.0,36.418,False,200,
1787684568.6680927,managed,30.0,30.0,35.599,False,200,
1787684568.701426,managed,30.0,30.0,35.089,False,200,
1787684568.7347593,managed,30.0,30.0,44.596,False,200,
1787684568.7680926,managed,30.0,30.0,44.179,False,200,
1787684568.801426,managed,30.0,30.0,36.699,False,200,
1787684568.8347592,managed,30.0,30.0,33.903,False,200,
1787684568.8680925,managed,30.0,30.0,31.721,False,200,
1787684568.9014258,managed,30.0,30.0,30.004,False,200,
1787684568.9347594,managed,30.0,30.0,35.602,False,200,
1787684568.9680927,managed,30.0,30.0,37.652,False,200,
1787684569.001426,managed,30.0,30.0,32.891,False,200,
1787684569.0347593,managed,30.0,30.0,38.214,False,200,
1787684569.0680926,managed,30.0,30.0,34.295,False,200,
1787684569.101426,managed,30.0,30.0,35.317,False,200,
1787684569.1347592,managed,30.0,30.0,46.932,False,200,
1787684569.1680927,managed,30.0,30.0,28.244,False,200,
1787684569.201426,managed,30.0,30.0,33.453,False,200,
1787684569.2347593,managed,30.0,30.0,34.501,False,200,
1787684569.2680926,managed,30.0,30.0,32.859,False,200,
1787684569.301426,managed,30.0,30.0,29.306,False,200,
1787684569.3347592,managed,30.0,30.0,39.025,False,200,
1787684569.3680925,managed,30.0,30.0,35.639,False,200,
1787684569.4014258,managed,30.0,30.0,41.042,False,200,
1787684569.4347594,managed,30.0,30.0,36.28,False,200,
1787684569.4680927,managed,30.0,30.0,27.205,False,200,
1787684569.501426,managed,30.0,30.0,32.837,False,200,
1787684569.5347593,managed,30.0,30.0,34.101,False,200,
1787684569.5680926,managed,30.0,30.0,45.229,False,200,
1787684569.601426,managed,30.0,30.0,31.774,False,200,
1787684569.6347592,managed,30.0,30.0,32.408,False,200,
1787684569.6680927,managed,30.0,30.0,33.847,False,200,
1787684569.701426,managed,30.0,30.0,38.226,False,200,
1787684569.7347593,managed,30.0,30.0,29.347,False,200,
1787684569.7680926,managed,30.0,30.0,36.128,False,200,
1787684569.801426,managed,30.0,30.0,30.829,False,200,
1787684569.8347592,managed,30.0,30.0,34.914,False,200,
1787684569.8680925,managed,30.0,30.0,30.718,False,200,
1787684569.9014258,managed,30.0,30.0,31.679,False,200,
1787684569.9347594,managed,30.0,30.0,42.061,False,200,
1787684569.9680927,managed,30.0,30.0,31.436,False,200,
1787684570.001426,managed,30.0,30.0,27.298,False,200,
1787684570.0347593,managed,30.0,30.0,41.626,False,200,
1787684570.0680926,managed,30.0,30.0,32.579,False,200,
1787684570.101426,managed,30.0,30.0,43.659,False,200,
1787684570.1347592,managed,30.0,30.0,36.442,False,200,
1787684570.1680927,managed,30.0,30.0,36.479,False,200,
1787684570.201426,managed,30.0,30.0,31.746,False,200,
1787684570.2347593,managed,30.0,30.0,38.253,False,200,
1787684570.2680926,managed,30.0,30.0,42.297,False,200,
1787684570.301426,managed,30.0,30.0,38.199,False,200,
1787684570.3347592,managed,30.0,30.0,34.543,False,200,
1787684570.3680925,managed,30.0,30.0,42.726,False,200,
1787684570.4014258,managed,30.0,30.0,28.261,False,200,
1787684570.4347594,managed,30.0,30.0,29.386,False,200,
1787684570.4680927,managed,30.0,30.0,33.53,False,200,
1787684570.501426,managed,30.0,30.0,31.809,False,200,
1787684570.5347593,managed,30.0,30.0,32.585,False,200,
1787684570.5680926,managed,30.0,30.0,37.416,False,200,
1787684570.601426,managed,30.0,30.0,27.97,False,200,
1787684570.6347592,managed,30.0,30.0,27.323,False,200,
1787684570.6680927,managed,30.0,30.0,43.024,False,200,
1787684570.701426,managed,30.0,30.0,38.626,False,200,
1787684570.7347593,managed,30.0,30.0,47.125,False,200,
1787684570.7680926,managed,30.0,30.0,31.081,False,200,
1787684570.801426,managed,30.0,30.0,40.117,False,200,
1787684570.8347592,managed,30.0,30.0,39.67,False,200,
1787684570.8680925,managed,30.0,30.0,30.085,False,200,
1787684570.9014258,managed,30.0,30.0,34.563,False,200,
1787684570.9347594,managed,30.0,30.0,32.182,False,200,
1787684570.9680927,managed,30.0,30.0,30.929,False,200,
1787684571.001426,managed,30.0,30.0,34.763,False,200,
1787684571.0347593,managed,30.0,30.0,40.693,False,200,
1787684571.0680926,managed,30.0,30.0,31.924,False,200,
1787684571.101426,managed,30.0,30.0,36.387,False,200,
1787684571.1347592,managed,30.0,30.0,34.678,False,200,
1787684571.1680927,managed,30.0,30.0,35.479,False,200,
1787684571.201426,managed,30.0,30.0,44.435,False,200,
1787684571.2347593,managed,30.0,30.0,38.403,False,200,
1787684571.2680926,managed,30.0,30.0,33.84,False,200,
1787684571.301426,managed,30.0,30.0,37.162,False,200,
1787684571.3347592,managed,30.0,30.0,39.926,False,200,
1787684571.3680925,managed,30.0,30.0,43.173,False,200,
1787684571.4014258,managed,30.0,30.0,36.927,False,200,
1787684571.4347594,managed,30.0,30.0,32.622,False,200,
1787684571.4680927,managed,30.0,30.0,40.215,False,200,
1787684571.501426,managed,30.0,30.0,35.346,False,200,
1787684571.5347593,managed,30.0,30.0,50.217,False,200,
1787684571.5680926,managed,30.0,30.0,38.752,False,200,
1787684571.601426,managed,30.0,30.0,46.347,False,200,
1787684571.6347592,managed,30.0,30.0,34.323,False,200,
1787684571.6680927,managed,30.0,30.0,42.281,False,200,
1787684571.701426,managed,30.0,30.0,30.59,False,200,
1787684571.7347593,managed,30.0,30.0,24.115,False,200,
1787684571.7680926,managed,30.0,30.0,40.306,False,200,
1787684571.801426,managed,30.0,30.0,33.346,False,200,
1787684571.8347592,managed,30.0,30.0,44.082,False,200,
1787684571.8680925,managed,30.0,30.0,36.655,False,200,
1787684571.9014258,managed,30.0,30.0,39.514,False,200,
1787684571.9347594,managed,30.0,30.0,30.168,False,200,
1787684571.9680927,managed,30.0,30.0,37.908,False,200,
1787684572.001426,managed,30.0,30.0,32.773,False,200,
1787684572.0347593,managed,30.0,30.0,34.76,False,200,
1787684572.0680926,managed,30.0,30.0,32.72,False,200,
1787684572.101426,managed,30.0,30.0,31.33,False,200,
1787684572.1347592,managed,30.0,30.0,41.315,False,200,
1787684572.1680927,managed,30.0,30.0,38.185,False,200,
1787684572.201426,managed,30.0,30.0,31.134,False,200,
1787684572.2347593,managed,30.0,30.0,31.076,False,200,
1787684572.2680926,managed,30.0,30.0,37.922,False,200,
1787684572.301426,managed,30.0,30.0,37.085,False,200,
1787684572.3347592,managed,30.0,30.0,28.224,False,200,
1787684572.3680925,managed,30.0,30.0,36.114,False,200,
1787684572.4014258,managed,30.0,30.0,34.552,False,200,
1787684572.4347594,managed,30.0,30.0,28.523,False,200,
1787684572.4680927,managed,30.0,30.0,30.704,False,200,
1787684572.501426,managed,30.0,30.0,37.506,False,200,
1787684572.5347593,managed,30.0,30.0,38.887,False,200,
1787684572.5680926,managed,30.0,30.0,38.379,False,200,
1787684572.601426,managed,30.0,30.0,39.113,False,200,
1787684572.6347592,managed,30.0,30.0,24.19,False,200,
1787684572.6680927,managed,30.0,30.0,39.75,False,200,
1787684572.701426,managed,30.0,30.0,36.171,False,200,
1787684572.7347593,managed,30.0,30.0,36.806,False,200,
1787684572.7680926,managed,30.0,30.0,42.189,False,200,
1787684572.801426,managed,30.0,30.0,33.079,False,200,
1787684572.8347592,managed,30.0,30.0,28.459,False,200,
1787684572.8680925,managed,30.0,30.0,38.009,False,200,
1787684572.9014258,managed,30.0,30.0,40.473,False,200,
1787684572.9347594,managed,30.0,30.0,35.582,False,200,
1787684572.9680927,managed,30.0,30.0,35.529,False,200,
1787684573.001426,managed,30.0,30.0,40.903,False,200,
1787684573.0347593,managed,30.0,30.0,32.044,False,200,
1787684573.0680926,managed,30.0,30.0,29.251,False,200,
1787684573.101426,managed,30.0,30.0,39.477,False,200,
1787684573.1347592,managed,30.0,30.0,33.846,False,200,
1787684573.1680927,managed,30.0,30.0,33.994,False,200,
1787684573.201426,managed,30.0,30.0,28.151,False,200,
1787684573.2347593,managed,30.0,30.0,30.858,False,200,
1787684573.2680926,managed,30.0,30.0,35.161,False,200,
1787684573.301426,managed,30.0,30.0,38.025,False,200,
1787684573.3347592,managed,30.0,30.0,33.745,False,200,
1787684573.3680925,managed,30.0,30.0,36.158,False,200,
1787684573.4014258,managed,30.0,30.0,39.82,False,200,
1787684573.4347594,managed,30.0,30.0,33.313,False,200,
1787684573.4680927,managed,30.0,30.0,33.992,False,200,
1787684573.501426,managed,30.0,30.0,27.732,False,200,
1787684573.5347593,managed,30.0,30.0,36.923,False,200,
1787684573.5680926,managed,30.0,30.0,34.522,False,200,
1787684573.601426,managed,30.0,30.0,33.749,False,200,
1787684573.6347592,managed,30.0,30.0,24.35,False,200,
1787684573.6680927,managed,30.0,30.0,31.292,False,200,
1787684573.701426,managed,30.0,30.0,38.658,False,200,
1787684573.7347593,managed,30.0,30.0,30.905,False,200,
1787684573.7680926,managed,30.0,30.0,35.075,False,200,
1787684573.801426,managed,30.0,30.0,42.312,False,200,
1787684573.8347592,managed,30.0,30.0,35.813,False,200,
1787684573.8680925,managed,30.0,30.0,41.274,False,200,
1787684573.9014258,managed,30.0,30.0,38.052,False,200,
1787684573.9347594,managed,30.0,30.0,29.206,False,200,
1787684573.9680927,managed,30.0,30.0,34.892,False,200,
1787684574.001426,managed,30.0,30.0,31.403,False,200,
1787684574.0347593,managed,30.0,30.0,34.7,False,200,
1787684574.0680926,managed,30.0,30.0,35.607,False,200,
1787684574.101426,managed,30.0,30.0,25.249,False,200,
1787684574.1347592,managed,30.0,30.0,39.297,False,200,
1787684574.1680927,managed,30.0,30.0,39.997,False,200,
1787684574.201426,managed,30.0,30.0,30.469,False,200,
1787684574.2347593,managed,30.0,30.0,39.573,False,200,
1787684574.2680926,managed,30.0,30.0,32.161,False,200,
1787684574.301426,managed,30.0,30.0,35.853,False,200,
1787684574.3347592,managed,30.0,30.0,35.784,False,200,
1787684574.3680925,managed,30.0,30.0,26.994,False,200,
1787684574.4014258,managed,30.0,30.0,31.924,False,200,
1787684574.4347594,managed,30.0,30.0,41.214,False,200,
1787684574.4680927,managed,30.0,30.0,38.387,False,200,
1787684574.501426,managed,30.0,30.0,34.608,False,200,
1787684574.5347593,managed,30.0,30.0,41.324,False,200,
1787684574.5680926,managed,30.0,30.0,28.336,False,200,
1787684574.601426,managed,30.0,30.0,29.823,False,200,
1787684574.6347592,managed,30.0,30.0,35.939,False,200,
1787684574.6680927,managed,30.0,30.0,42.303,False,200,
1787684574.701426,managed,30.0,30.0,42.446,False,200,
1787684574.7347593,managed,30.0,30.0,31.045,False,200,
1787684574.7680926,managed,30.0,30.0,36.063,False,200,
1787684574.801426,managed,30.0,30.0,29.0,False,200,
1787684574.8347592,managed,30.0,30.0,32.663,False,200,
1787684574.8680925,managed,30.0,30.0,40.872,False,200,
1787684574.9014258,managed,30.0,30.0,47.229,False,200,
1787684574.9347594,managed,30.0,30.0,23.4,False,200,
1787684574.9680927,managed,30.0,30.0,37.189,False,200,
1787684575.001426,managed,30.0,30.0,34.998,False,200,
1787684575.0347593,managed,30.0,30.0,28.772,False,200,
1787684575.0680926,managed,30.0,30.0,39.789,False,200,
1787684575.101426,managed,30.0,30.0,32.147,False,200,
1787684575.1347592,managed,30.0,30.0,28.999,False,200,
1787684575.1680927,managed,30.0,30.0,34.936,False,200,
1787684575.201426,managed,30.0,30.0,35.201,False,200,
1787684575.2347593,managed,30.0,30.0,37.729,False,200,
1787684575.2680926,managed,30.0,30.0,32.699,False,200,
1787684575.301426,managed,30.0,30.0,39.375,False,200,
1787684575.3347592,managed,30.0,30.0,38.692,False,200,
1787684575.3680925,managed,30.0,30.0,33.991,False,200,
1787684575.4014258,managed,30.0,30.0,34.356,False,200,
1787684575.4347594,managed,30.0,30.0,32.303,False,200,
1787684575.4680927,managed,30.0,30.0,43.963,False,200,
1787684575.501426,managed,30.0,30.0,36.096,False,200,
1787684575.5347593,managed,30.0,30.0,25.341,False,200,
1787684575.5680926,managed,30.0,30.0,33.819,False,200,
1787684575.601426,managed,30.0,30.0,37.218,False,200,
1787684575.6347592,managed,30.0,30.0,25.662,False,200,
1787684575.6680927,managed,30.0,30.0,36.915,False,200,
1787684575.701426,managed,30.0,30.0,33.111,False,200,
1787684575.7347593,managed,30.0,30.0,35.188,False,200,
1787684575.7680926,managed,30.0,30.0,28.572,False,200,
1787684575.801426,managed,30.0,30.0,36.754,False,200,
1787684575.8347592,managed,30.0,30.0,32.562,False,200,
1787684575.8680925,managed,30.0,30.0,42.591,False,200,
1787684575.9014258,managed,30.0,30.0,46.809,False,200,
1787684575.9347594,managed,30.0,30.0,29.888,False,200,
1787684575.9680927,managed,30.0,30.0,29.509,False,200,
1787684576.001426,managed,30.0,30.0,44.897,False,200,
1787684576.0347593,managed,30.0,30.0,32.259,False,200,
1787684576.0680926,managed,30.0,30.0,27.054,False,200,
1787684576.101426,managed,30.0,30.0,39.999,False,200,
1787684576.1347592,managed,30.0,30.0,51.657,False,200,
1787684576.1680927,managed,30.0,30.0,30.129,False,200,
1787684576.201426,managed,30.0,30.0,40.88,False,200,
1787684576.2347593,managed,30.0,30.0,36.938,False,200,
1787684576.2680926,managed,30.0,30.0,30.42,False,200,
1787684576.301426,managed,30.0,30.0,45.706,False,200,
1787684576.3347592,managed,30.0,30.0,52.168,False,200,
1787684576.3680925,managed,30.0,30.0,30.321,False,200,
1787684576.4014258,managed,30.0,30.0,34.296,False,200,
1787684576.4347594,managed,30.0,30.0,30.785,False,200,
1787684576.4680927,managed,30.0,30.0,48.994,False,200,
1787684576.501426,managed,30.0,30.0,47.647,False,200,
1787684576.5347593,managed,30.0,30.0,46.353,False,200,
1787684576.5680926,managed,30.0,30.0,35.316,False,200,
1787684576.601426,managed,30.0,30.0,32.654,False,200,
1787684576.6347592,managed,30.0,30.0,41.325,False,200,
1787684576.6680927,managed,30.0,30.0,54.645,False,200,
1787684576.701426,managed,30.0,30.0,34.207,False,200,
1787684576.7347593,managed,30.0,30.0,39.868,False,200,
1787684576.7680926,managed,30.0,30.0,24.888,False,200,
1787684576.801426,managed,30.0,30.0,37.464,False,200,
1787684576.8347592,managed,30.0,30.0,33.13,False,200,
1787684576.8680925,managed,30.0,30.0,33.802,False,200,
1787684576.9014258,managed,30.0,30.0,39.609,False,200,
1787684576.9347594,managed,30.0,30.0,36.132,False,200,
1787684576.9680927,managed,30.0,30.0,40.545,False,200,
1787684577.001426,managed,30.0,30.0,33.636,False,200,
1787684577.0347593,managed,30.0,30.0,48.646,False,200,
1787684577.0680926,managed,30.0,30.0,40.479,False,200,
1787684577.101426,managed,30.0,30.0,40.901,False,200,
1787684577.1347592,managed,30.0,30.0,32.201,False,200,
1787684577.1680927,managed,30.0,30.0,40.694,False,200,
1787684577.201426,managed,30.0,30.0,41.59,False,200,
1787684577.2347593,managed,30.0,30.0,41.852,False,200,
1787684577.2680926,managed,30.0,30.0,31.071,False,200,
1787684577.301426,managed,30.0,30.0,37.874,False,200,
1787684577.3347592,managed,30.0,30.0,33.264,False,200,
1787684577.3680925,managed,30.0,30.0,29.687,False,200,
1787684577.4014258,managed,30.0,30.0,42.056,False,200,
1787684577.4347594,managed,30.0,30.0,35.863,False,200,
1787684577.4680927,managed,30.0,30.0,39.08,False,200,
1787684577.501426,managed,30.0,30.0,35.705,False,200,
1787684577.5347593,managed,30.0,30.0,37.964,False,200,
1787684577.5680926,managed,30.0,30.0,32.24,False,200,
1787684577.601426,managed,30.0,30.0,38.663,False,200,
1787684577.6347592,managed,30.0,30.0,40.239,False,200,
1787684577.6680927,managed,30.0,30.0,34.552,False,200,
1787684577.701426,managed,30.0,30.0,27.78,False,200,
1787684577.7347593,managed,30.0,30.0,28.003,False,200,
1787684577.7680926,managed,30.0,30.0,24.222,False,200,
1787684577.801426,managed,30.0,30.0,34.644,False,200,
1787684577.8347592,managed,30.0,30.0,35.787,False,200,
1787684577.8680925,managed,30.0,30.0,33.659,False,200,
1787684577.9014258,managed,30.0,30.0,36.255,False,200,
1787684577.9347594,managed,30.0,30.0,38.554,False,200,
1787684577.9680927,managed,30.0,30.0,46.833,False,200,
1787684578.001426,managed,30.0,30.0,35.112,False,200,
1787684578.0347593,managed,30.0,30.0,44.099,False,200,
1787684578.0680926,managed,30.0,30.0,41.842,False,200,
1787684578.101426,managed,30.0,30.0,41.984,False,200,
1787684578.1347592,managed,30.0,30.0,24.528,False,200,
1787684578.1680927,managed,30.0,30.0,37.066,False,200,
1787684578.201426,managed,30.0,30.0,32.144,False,200,
1787684578.2347593,managed,30.0,30.0,37.577,False,200,
1787684578.2680926,managed,30.0,30.0,32.113,False,200,
1787684578.301426,managed,30.0,30.0,33.127,False,200,
1787684578.3347592,managed,30.0,30.0,30.95,False,200,
1787684578.3680925,managed,30.0,30.0,38.222,False,200,
1787684578.4014258,managed,30.0,30.0,38.213,False,200,
1787684578.4347594,managed,30.0,30.0,29.975,False,200,
1787684578.4680927,managed,30.0,30.0,40.54,False,200,
1787684578.501426,managed,30.0,30.0,31.428,False,200,
1787684578.5347593,managed,30.0,30.0,36.072,False,200,
1787684578.5680926,managed,30.0,30.0,39.862,False,200,
1787684578.601426,managed,30.0,30.0,43.588,False,200,
1787684578.6347592,managed,30.0,30.0,36.39,False,200,
1787684578.6680927,managed,30.0,30.0,32.483,False,200,
1787684578.701426,managed,30.0,30.0,34.868,False,200,
1787684578.7347593,managed,30.0,30.0,33.224,False,200,
1787684578.7680926,managed,30.0,30.0,30.361,False,200,
1787684578.801426,managed,30.0,30.0,42.429,False,200,
1787684578.8347592,managed,30.0,30.0,38.542,False,200,
1787684578.8680925,managed,30.0,30.0,40.313,False,200,
1787684578.9014258,managed,30.0,30.0,31.459,False,200,
1787684578.9347594,managed,30.0,30.0,39.295,False,200,
1787684578.9680927,managed,30.0,30.0,39.106,False,200,
1787684579.001426,managed,30.0,30.0,40.539,False,200,
1787684579.0347593,managed,30.0,30.0,27.355,False,200,
1787684579.0680926,managed,30.0,30.0,34.585,False,200,
1787684579.101426,managed,30.0,30.0,33.919,False,200,
1787684579.1347592,managed,30.0,30.0,32.413,False,200,
1787684579.1680927,managed,30.0,30.0,31.914,False,200,
1787684579.201426,managed,30.0,30.0,37.304,False,200,
1787684579.2347593,managed,30.0,30.0,43.798,False,200,
1787684579.2680926,managed,30.0,30.0,30.575,False,200,
1787684579.301426,managed,30.0,30.0,39.562,False,200,
1787684579.3347592,managed,30.0,30.0,32.923,False,200,
1787684579.3680925,managed,30.0,30.0,36.718,False,200,
1787684579.4014258,managed,30.0,30.0,39.632,False,200,
1787684579.4347594,managed,30.0,30.0,37.664,False,200,
1787684579.4680927,managed,30.0,30.0,27.812,False,200,
1787684579.501426,managed,30.0,30.0,36.076,False,200,
1787684579.5347593,managed,30.0,30.0,31.875,False,200,
1787684579.5680926,managed,30.0,30.0,39.713,False,200,
1787684579.601426,managed,30.0,30.0,33.253,False,200,
1787684579.6347592,managed,30.0,30.0,38.162,False,200,
1787684579.6680927,managed,30.0,30.0,36.958,False,200,
1787684579.701426,managed,30.0,30.0,32.29,False,200,
1787684579.7347593,managed,30.0,30.0,36.736,False,200,
1787684579.7680926,managed,30.0,30.0,43.588,False,200,
1787684579.801426,managed,30.0,30.0,48.455,False,200,
1787684579.8347592,managed,30.0,30.0,35.736,False,200,
1787684579.8680925,managed,30.0,30.0,38.534,False,200,
1787684579.9014258,managed,30.0,30.0,47.57,False,200,
1787684579.9347594,managed,30.0,30.0,38.394,False,200,
1787684579.9680927,managed,30.0,30.0,24.973,False,200,
1787684580.001426,managed,30.0,30.0,30.94,False,200,
1787684580.0347593,managed,30.0,30.0,34.525,False,200,
1787684580.0680926,managed,30.0,30.0,37.192,False,200,
1787684580.101426,managed,30.0,30.0,34.25,False,200,
1787684580.1347592,managed,30.0,30.0,43.009,False,200,
1787684580.1680927,managed,30.0,30.0,53.911,False,200,
1787684580.201426,managed,30.0,30.0,32.492,False,200,
1787684580.2347593,managed,30.0,30.0,40.05,False,200,
1787684580.2680926,managed,30.0,30.0,31.442,False,200,
1787684580.301426,managed,30.0,30.0,28.078,False,200,
1787684580.3347592,managed,30.0,30.0,35.989,False,200,
1787684580.3680925,managed,30.0,30.0,31.715,False,200,
1787684580.4014258,managed,30.0,30.0,38.439,False,200,
1787684580.4347594,managed,30.0,30.0,27.619,False,200,
1787684580.4680927,managed,30.0,30.0,30.979,False,200,
1787684580.501426,managed,30.0,30.0,33.033,False,200,
1787684580.5347593,managed,30.0,30.0,47.79,False,200,
1787684580.5680926,managed,30.0,30.0,39.624,False,200,
1787684580.601426,managed,30.0,30.0,29.577,False,200,
1787684580.6347592,managed,30.0,30.0,36.633,False,200,
1787684580.6680927,managed,30.0,30.0,28.863,False,200,
1787684580.701426,managed,30.0,30.0,36.438,False,200,
1787684580.7347593,managed,30.0,30.0,39.161,False,200,
1787684580.7680926,managed,30.0,30.0,33.283,False,200,
1787684580.801426,managed,30.0,30.0,33.422,False,200,
1787684580.8347592,managed,30.0,30.0,32.018,False,200,
1787684580.8680925,managed,30.0,30.0,32.576,False,200,
1787684580.9014258,managed,30.0,30.0,39.137,False,200,
1787684580.9347594,managed,30.0,30.0,28.123,False,200,
1787684580.9680927,managed,30.0,30.0,47.03,False,200,
1787684581.001426,managed,30.0,30.0,29.679,False,200,
1787684581.0347593,managed,30.0,30.0,34.123,False,200,
1787684581.0680926,managed,30.0,30.0,44.433,False,200,
1787684581.101426,managed,30.0,30.0,35.228,False,200,
1787684581.1347592,managed,30.0,30.0,45.262,False,200,
1787684581.1680927,managed,30.0,30.0,40.615,False,200,
1787684581.201426,managed,30.0,30.0,26.988,False,200,
1787684581.2347593,managed,30.0,30.0,41.229,False,200,
1787684581.2680926,managed,30.0,30.0,37.531,False,200,
1787684581.301426,managed,30.0,30.0,36.5,False,200,
1787684581.3347592,managed,30.0,30.0,38.517,False,200,
1787684581.3680925,managed,30.0,30.0,27.719,False,200,
1787684581.4014258,managed,30.0,30.0,35.935,False,200,
1787684581.4347594,managed,30.0,30.0,29.9,False,200,
1787684581.4680927,managed,30.0,30.0,31.16,False,200,
1787684581.501426,managed,30.0,30.0,38.807,False,200,
1787684581.5347593,managed,30.0,30.0,36.395,False,200,
1787684581.5680926,managed,30.0,30.0,38.522,False,200,
1787684581.601426,managed,30.0,30.0,35.692,False,200,
1787684581.6347592,managed,30.0,30.0,33.603,False,200,
1787684581.6680927,managed,30.0,30.0,25.699,False,200,
1787684581.701426,managed,30.0,30.0,32.689,False,200,
1787684581.7347593,managed,30.0,30.0,34.174,False,200,
1787684581.7680926,managed,30.0,30.0,27.987,False,200,
1787684581.801426,managed,30.0,30.0,35.93,False,200,
1787684581.8347592,managed,30.0,30.0,28.78,False,200,
1787684581.8680925,managed,30.0,30.0,30.756,False,200,
1787684581.9014258,managed,30.0,30.0,40.782,False,200,
1787684581.9347594,managed,30.0,30.0,32.545,False,200,
1787684581.9680927,managed,30.0,30.0,37.828,False,200,
1787684582.001426,managed,30.0,30.0,35.244,False,200,
1787684582.0347593,managed,30.0,30.0,35.743,False,200,
1787684582.0680926,managed,30.0,30.0,46.108,False,200,
1787684582.101426,managed,30.0,30.0,34.158,False,200,
1787684582.1347592,managed,30.0,30.0,35.487,False,200,
1787684582.1680927,managed,30.0,30.0,30.437,False,200,
1787684582.201426,managed,30.0,30.0,44.149,False,200,
1787684582.2347593,managed,30.0,30.0,40.293,False,200,
1787684582.2680926,managed,30.0,30.0,44.289,False,200,
1787684582.301426,managed,30.0,30.0,27.956,False,200,
1787684582.3347592,managed,30.0,30.0,31.387,False,200,
1787684582.3680925,managed,30.0,30.0,29.587,False,200,
1787684582.4014258,managed,30.0,30.0,41.502,False,200,
1787684582.4347594,managed,30.0,30.0,43.713,False,200,
1787684582.4680927,managed,30.0,30.0,28.923,False,200,
1787684582.501426,managed,30.0,30.0,38.27,False,200,
1787684582.5347593,managed,30.0,30.0,35.984,False,200,
1787684582.5680926,managed,30.0,30.0,37.974,False,200,
1787684582.601426,managed,30.0,30.0,31.148,False,200,
1787684582.6347592,managed,30.0,30.0,29.83,False,200,
1787684582.6680927,managed,30.0,30.0,40.446,False,200,
1787684582.701426,managed,30.0,30.0,42.463,False,200,
1787684582.7347593,managed,30.0,30.0,35.909,False,200,
1787684582.7680926,managed,30.0,30.0,40.904,False,200,
1787684582.801426,managed,30.0,30.0,31.463,False,200,
1787684582.8347592,managed,30.0,30.0,30.969,False,200,
1787684582.8680925,managed,30.0,30.0,43.222,False,200,
1787684582.9014258,managed,30.0,30.0,30.576,False,200,
1787684582.9347594,managed,30.0,30.0,39.257,False,200,
1787684582.9680927,managed,30.0,30.0,39.669,False,200,
1787684583.001426,managed,30.0,30.0,33.499,False,200,
1787684583.0347593,managed,30.0,30.0,42.173,False,200,
1787684583.0680926,managed,30.0,30.0,31.773,False,200,
1787684583.101426,managed,30.0,30.0,31.144,False,200,
1787684583.1347592,managed,30.0,30.0,39.36,False,200,
1787684583.1680927,managed,30.0,30.0,36.427,False,200,
1787684583.201426,managed,30.0,30.0,29.813,False,200,
1787684583.2347593,managed,30.0,30.0,40.565,False,200,
1787684583.2680926,managed,30.0,30.0,38.113,False,200,
1787684583.301426,managed,30.0,30.0,33.88,False,200,
1787684583.3347592,managed,30.0,30.0,29.013,False,200,
1787684583.3680925,managed,30.0,30.0,33.364,False,200,
1787684583.4014258,managed,30.0,30.0,24.794,False,200,
1787684583.4347594,managed,30.0,30.0,34.19,False,200,
1787684583.4680927,managed,30.0,30.0,38.966,False,200,
1787684583.501426,managed,30.0,30.0,37.11,False,200,
1787684583.5347593,managed,30.0,30.0,36.579,False,200,
1787684583.5680926,managed,30.0,30.0,35.483,False,200,
1787684583.601426,managed,30.0,30.0,30.245,False,200,
1787684583.6347592,managed,30.0,30.0,36.064,False,200,
1787684583.6680927,managed,30.0,30.0,27.602,False,200,
1787684583.701426,managed,30.0,30.0,30.153,False,200,
1787684583.7347593,managed,30.0,30.0,39.446,False,200,
1787684583.7680926,managed,30.0,30.0,32.163,False,200,
1787684583.801426,managed,30.0,30.0,37.695,False,200,
1787684583.8347592,managed,30.0,30.0,41.303,False,200,
1787684583.8680925,managed,30.0,30.0,40.222,False,200,
1787684583.9014258,managed,30.0,30.0,34.182,False,200,
1787684583.9347594,managed,30.0,30.0,38.356,False,200,
1787684583.9680927,managed,30.0,30.0,31.572,False,200,
1787684584.001426,managed,30.0,30.0,35.78,False,200,
1787684584.0347593,managed,30.0,30.0,34.45,False,200,
1787684584.0680926,managed,30.0,30.0,37.758,False,200,
1787684584.101426,managed,30.0,30.0,40.721,False,200,
1787684584.1347592,managed,30.0,30.0,38.595,False,200,
1787684584.1680927,managed,30.0,30.0,32.045,False,200,
1787684584.201426,managed,30.0,30.0,40.319,False,200,
1787684584.2347593,managed,30.0,30.0,34.617,False,200,
1787684584.2680926,managed,30.0,30.0,28.959,False,200,
1787684584.301426,managed,30.0,30.0,42.757,False,200,
1787684584.3347592,managed,30.0,30.0,35.467,False,200,
1787684584.3680925,managed,30.0,30.0,29.191,False,200,
1787684584.4014258,managed,30.0,30.0,34.669,False,200,
1787684584.4347594,managed,30.0,30.0,42.723,False,200,
1787684584.4680927,managed,30.0,30.0,37.784,False,200,
1787684584.501426,managed,30.0,30.0,30.354,False,200,
1787684584.5347593,managed,30.0,30.0,31.122,False,200,
1787684584.5680926,managed,30.0,30.0,46.641,False,200,
1787684584.601426,managed,30.0,30.0,33.568,False,200,
1787684584.6347592,managed,30.0,30.0,28.518,False,200,
1787684584.6680927,managed,30.0,30.0,33.169,False,200,
1787684584.701426,managed,30.0,30.0,34.799,False,200,
1787684584.7347593,managed,30.0,30.0,25.78,False,200,
1787684584.7680926,managed,30.0,30.0,34.427,False,200,
1787684584.801426,managed,30.0,30.0,43.162,False,200,
1787684584.8347592,managed,30.0,30.0,29.67,False,200,
1787684584.8680925,managed,30.0,30.0,36.009,False,200,
1787684584.9014258,managed,30.0,30.0,26.693,False,200,
1787684584.9347594,managed,30.0,30.0,37.325,False,200,
1787684584.9680927,managed,30.0,30.0,39.637,False,200,
1787684585.001426,managed,30.0,30.0,36.281,False,200,
1787684585.0347593,managed,30.0,30.0,34.28,False,200,
1787684585.0680926,managed,30.0,30.0,34.445,False,200,
1787684585.101426,managed,30.0,30.0,33.395,False,200,
1787684585.1347592,managed,30.0,30.0,43.514,False,200,
1787684585.1680927,managed,30.0,30.0,30.163,False,200,
1787684585.201426,managed,30.0,30.0,31.126,False,200,
1787684585.2347593,managed,30.0,30.0,35.509,False,200,
1787684585.2680926,managed,30.0,30.0,36.433,False,200,
1787684585.301426,managed,30.0,30.0,42.108,False,200,
1787684585.3347592,managed,30.0,30.0,33.775,False,200,
1787684585.3680925,managed,30.0,30.0,33.967,False,200,
1787684585.4014258,managed,30.0,30.0,42.936,False,200,
1787684585.4347594,managed,30.0,30.0,38.907,False,200,
1787684585.4680927,managed,30.0,30.0,31.754,False,200,
1787684585.501426,managed,30.0,30.0,26.116,False,200,
1787684585.5347593,managed,30.0,30.0,27.97,False,200,
1787684585.5680926,managed,30.0,30.0,34.188,False,200,
1787684585.601426,managed,30.0,30.0,35.792,False,200,
1787684585.6347592,managed,30.0,30.0,40.388,False,200,
1787684585.6680927,managed,30.0,30.0,29.716,False,200,
1787684585.701426,managed,30.0,30.0,36.198,False,200,
1787684585.7347593,managed,30.0,30.0,38.364,False,200,
1787684585.7680926,managed,30.0,30.0,34.741,False,200,
1787684585.801426,managed,30.0,30.0,40.366,False,200,
1787684585.8347592,managed,30.0,30.0,40.99,False,200,
1787684585.8680925,managed,30.0,30.0,29.742,False,200,
1787684585.9014258,managed,30.0,30.0,35.028,False,200,
1787684585.9347594,managed,30.0,30.0,26.766,False,200,
1787684585.9680927,managed,30.0,30.0,27.85,False,200,
1787684586.001426,managed,30.0,30.0,41.047,False,200,
1787684586.0347593,managed,30.0,30.0,37.474,False,200,
1787684586.0680926,managed,30.0,30.0,39.838,False,200,
1787684586.101426,managed,30.0,30.0,37.638,False,200,
1787684586.1347592,managed,30.0,30.0,30.487,False,200,
1787684586.1680927,managed,30.0,30.0,39.99,False,200,
1787684586.201426,managed,30.0,30.0,35.113,False,200,
1787684586.2347593,managed,30.0,30.0,25.044,False,200,
1787684586.2680926,managed,30.0,30.0,30.363,False,200,
1787684586.301426,managed,30.0,30.0,34.476,False,200,
1787684586.3347592,managed,30.0,30.0,39.413,False,200,
1787684586.3680925,managed,30.0,30.0,41.212,False,200,
1787684586.4014258,managed,30.0,30.0,33.789,False,200,
1787684586.4347594,managed,30.0,30.0,31.626,False,200,
1787684586.4680927,managed,30.0,30.0,26.555,False,200,
1787684586.501426,managed,30.0,30.0,35.105,False,200,
1787684586.5347593,managed,30.0,30.0,32.656,False,200,
1787684586.5680926,managed,30.0,30.0,35.31,False,200,
1787684586.601426,managed,30.0,30.0,49.574,False,200,
1787684586.6347592,managed,30.0,30.0,29.883,False,200,
1787684586.6680927,managed,30.0,30.0,32.441,False,200,
1787684586.701426,managed,30.0,30.0,34.144,False,200,
1787684586.7347593,managed,30.0,30.0,45.208,False,200,
1787684586.7680926,managed,30.0,30.0,35.172,False,200,
1787684586.801426,managed,30.0,30.0,32.971,False,200,
1787684586.8347592,managed,30.0,30.0,29.652,False,200,
1787684586.8680925,managed,30.0,30.0,37.983,False,200,
1787684586.9014258,managed,30.0,30.0,34.385,False,200,
1787684586.9347594,managed,30.0,30.0,38.713,False,200,
1787684586.9680927,managed,30.0,30.0,31.426,False,200,
1787684587.001426,managed,30.0,30.0,45.536,False,200,
1787684587.0347593,managed,30.0,30.0,38.571,False,200,
1787684587.0680926,managed,30.0,30.0,45.567,False,200,
1787684587.101426,managed,30.0,30.0,45.167,False,200,
1787684587.1347592,managed,30.0,30.0,32.291,False,200,
1787684587.1680927,managed,30.0,30.0,29.229,False,200,
1787684587.201426,managed,30.0,30.0,42.218,False,200,
1787684587.2347593,managed,30.0,30.0,41.79,False,200,
1787684587.2680926,managed,30.0,30.0,34.762,False,200,
1787684587.301426,managed,30.0,30.0,36.624,False,200,
1787684587.3347592,managed,30.0,30.0,31.44,False,200,
1787684587.3680925,managed,30.0,30.0,41.493,False,200,
1787684587.4014258,managed,30.0,30.0,31.606,False,200,
1787684587.4347594,managed,30.0,30.0,34.355,False,200,
1787684587.4680927,managed,30.0,30.0,30.726,False,200,
1787684587.501426,managed,30.0,30.0,35.775,False,200,
1787684587.5347593,managed,30.0,30.0,36.692,False,200,
1787684587.5680926,managed,30.0,30.0,32.784,False,200,
1787684587.601426,managed,30.0,30.0,37.705,False,200,
1787684587.6347592,managed,30.0,30.0,31.307,False,200,
1787684587.6680927,managed,30.0,30.0,41.231,False,200,
1787684587.701426,managed,30.0,30.0,43.885,False,200,
1787684587.7347593,managed,30.0,30.0,30.579,False,200,
1787684587.7680926,managed,30.0,30.0,41.06,False,200,
1787684587.801426,managed,30.0,30.0,37.262,False,200,
1787684587.8347592,managed,30.0,30.0,36.258,False,200,
1787684587.8680925,managed,30.0,30.0,29.68,False,200,
1787684587.9014258,managed,30.0,30.0,37.374,False,200,
1787684587.9347594,managed,30.0,30.0,31.073,False,200,
1787684587.9680927,managed,30.0,30.0,33.767,False,200,
1787684588.001426,managed,30.0,30.0,35.031,False,200,
1787684588.0347593,managed,30.0,30.0,44.959,False,200,
1787684588.0680926,managed,30.0,30.0,34.622,False,200,
1787684588.101426,managed,30.0,30.0,25.846,False,200,
1787684588.1347592,managed,30.0,30.0,37.528,False,200,
1787684588.1680927,managed,30.0,30.0,44.907,False,200,
1787684588.201426,managed,30.0,30.0,32.534,False,200,
1787684588.2347593,managed,30.0,30.0,37.546,False,200,
1787684588.2680926,managed,30.0,30.0,27.834,False,200,
1787684588.301426,managed,30.0,30.0,37.787,False,200,
1787684588.3347592,managed,30.0,30.0,36.544,False,200,
1787684588.3680925,managed,30.0,30.0,31.464,False,200,
1787684588.4014258,managed,30.0,30.0,33.474,False,200,
1787684588.4347594,managed,30.0,30.0,36.928,False,200,
1787684588.4680927,managed,30.0,30.0,52.314,False,200,
1787684588.501426,managed,30.0,30.0,32.379,False,200,
1787684588.5347593,managed,30.0,30.0,38.626,False,200,
1787684588.5680926,managed,30.0,30.0,43.335,False,200,
1787684588.601426,managed,30.0,30.0,33.945,False,200,
1787684588.6347592,managed,30.0,30.0,40.909,False,200,
1787684588.6680927,managed,30.0,30.0,41.075,False,200,
1787684588.701426,managed,30.0,30.0,35.48,False,200,
1787684588.7347593,managed,30.0,30.0,30.794,False,200,
1787684588.7680926,managed,30.0,30.0,32.061,False,200,
1787684588.801426,managed,30.0,30.0,30.478,False,200,
1787684588.8347592,managed,30.0,30.0,34.364,False,200,
1787684588.8680925,managed,30.0,30.0,35.638,False,200,
1787684588.9014258,managed,30.0,30.0,34.006,False,200,
1787684588.9347594,managed,30.0,30.0,34.86,False,200,
1787684588.9680927,managed,30.0,30.0,32.307,False,200,
1787684589.001426,managed,30.0,30.0,42.826,False,200,
1787684589.0347593,managed,30.0,30.0,31.793,False,200,
1787684589.0680926,managed,30.0,30.0,31.863,False,200,
1787684589.101426,managed,30.0,30.0,32.48,False,200,
1787684589.1347592,managed,30.0,30.0,29.75,False,200,
1787684589.1680927,managed,30.0,30.0,44.015,False,200,
1787684589.201426,managed,30.0,30.0,31.175,False,200,
1787684589.2347593,managed,30.0,30.0,22.628,False,200,
1787684589.2680926,managed,30.0,30.0,31.464,False,200,
1787684589.301426,managed,30.0,30.0,37.838,False,200,
1787684589.3347592,managed,30.0,30.0,38.528,False,200,
1787684589.3680925,managed,30.0,30.0,34.325,False,200,
1787684589.4014258,managed,30.0,30.0,35.463,False,200,
1787684589.4347594,managed,30.0,30.0,37.534,False,200,
1787684589.4680927,managed,30.0,30.0,36.071,False,200,
1787684589.501426,managed,30.0,30.0,29.353,False,200,
1787684589.5347593,managed,30.0,30.0,29.701,False,200,
1787684589.5680926,managed,30.0,30.0,33.366,False,200,
1787684589.601426,managed,30.0,30.0,27.272,False,200,
1787684589.6347592,managed,30.0,30.0,26.495,False,200,
1787684589.6680927,managed,30.0,30.0,52.373,False,200,
1787684589.701426,managed,30.0,30.0,32.992,False,200,
1787684589.7347593,managed,30.0,30.0,33.806,False,200,
1787684589.7680926,managed,30.0,30.0,40.848,False,200,
1787684589.801426,managed,30.0,30.0,37.356,False,200,
1787684589.8347592,managed,30.0,30.0,41.213,False,200,
1787684589.8680925,managed,30.0,30.0,30.87,False,200,
1787684589.9014258,managed,30.0,30.0,47.139,False,200,
1787684589.9347594,managed,30.0,30.0,45.227,False,200,
1787684589.9680927,managed,30.0,30.0,31.312,False,200,
1787684590.001426,managed,30.0,30.0,30.057,False,200,
1787684590.0347593,managed,30.0,30.0,37.16,False,200,
1787684590.0680926,managed,30.0,30.0,31.937,False,200,
1787684590.101426,managed,30.0,30.0,39.429,False,200,
1787684590.1347592,managed,30.0,30.0,36.03,False,200,
1787684590.1680927,managed,30.0,30.0,35.5,False,200,
1787684590.201426,managed,30.0,30.0,33.022,False,200,
1787684590.2347593,managed,30.0,30.0,41.145,False,200,
1787684590.2680926,managed,30.0,30.0,29.656,False,200,
1787684590.301426,managed,30.0,30.0,43.969,False,200,
1787684590.3347592,managed,30.0,30.0,32.744,False,200,
1787684590.3680925,managed,30.0,30.0,34.616,False,200,
1787684590.4014258,managed,30.0,30.0,39.826,False,200,
1787684590.4347594,managed,30.0,30.0,26.647,False,200,
1787684590.4680927,managed,30.0,30.0,34.89,False,200,
1787684590.501426,managed,30.0,30.0,33.294,False,200,
1787684590.5347593,managed,30.0,30.0,38.522,False,200,
1787684590.5680926,managed,30.0,30.0,31.585,False,200,
1787684590.601426,managed,30.0,30.0,43.52,False,200,
1787684590.6347592,managed,30.0,30.0,38.667,False,200,
1787684590.6680927,managed,30.0,30.0,35.899,False,200,
1787684590.701426,managed,30.0,30.0,34.583,False,200,
1787684590.7347593,managed,30.0,30.0,34.429,False,200,
1787684590.7680926,managed,30.0,30.0,36.79,False,200,
1787684590.801426,managed,30.0,30.0,41.058,False,200,
1787684590.8347592,managed,30.0,30.0,46.919,False,200,
1787684590.8680925,managed,30.0,30.0,32.992,False,200,
1787684590.9014258,managed,30.0,30.0,31.243,False,200,
1787684590.9347594,managed,30.0,30.0,33.76,False,200,
1787684590.9680927,managed,30.0,30.0,37.886,False,200,
1787684591.001426,managed,30.0,30.0,31.102,False,200,
1787684591.0347593,managed,30.0,30.0,40.33,False,200,
1787684591.0680926,managed,30.0,30.0,29.893,False,200,
1787684591.101426,managed,30.0,30.0,42.468,False,200,
1787684591.1347592,managed,30.0,30.0,32.452,False,200,
1787684591.1680927,managed,30.0,30.0,35.792,False,200,
1787684591.201426,managed,30.0,30.0,29.882,False,200,
1787684591.2347593,managed,30.0,30.0,33.823,False,200,
1787684591.2680926,managed,30.0,30.0,40.645,False,200,
1787684591.301426,managed,30.0,30.0,41.253,False,200,
1787684591.3347592,managed,30.0,30.0,34.777,False,200,
1787684591.3680925,managed,30.0,30.0,46.099,False,200,
1787684591.4014258,managed,30.0,30.0,32.9,False,200,
1787684591.4347594,managed,30.0,30.0,36.379,False,200,
1787684591.4680927,managed,30.0,30.0,33.737,False,200,
1787684591.501426,managed,30.0,30.0,39.105,False,200,
1787684591.5347593,managed,30.0,30.0,29.867,False,200,
1787684591.5680926,managed,30.0,30.0,35.353,False,200,
1787684591.601426,managed,30.0,30.0,32.02,False,200,
1787684591.6347592,managed,30.0,30.0,37.858,False,200,
1787684591.6680927,managed,30.0,30.0,45.541,False,200,
1787684591.701426,managed,30.0,30.0,45.078,False,200,
1787684591.7347593,managed,30.0,30.0,31.306,False,200,
1787684591.7680926,managed,30.0,30.0,35.204,False,200,
1787684591.801426,managed,30.0,30.0,23.162,False,200,
1787684591.8347592,managed,30.0,30.0,27.954,False,200,
1787684591.8680925,managed,30.0,30.0,31.093,False,200,
1787684591.9014258,managed,30.0,30.0,24.058,False,200,
1787684591.9347594,managed,30.0,30.0,42.836,False,200,
1787684591.9680927,managed,30.0,30.0,50.743,False,200,
1787684592.001426,managed,30.0,30.0,27.73,False,200,
1787684592.0347593,managed,30.0,30.0,42.139,False,200,
1787684592.0680926,managed,30.0,30.0,42.796,False,200,
1787684592.101426,managed,30.0,30.0,34.894,False,200,
1787684592.1347592,managed,30.0,30.0,23.63,False,200,
1787684592.1680927,managed,30.0,30.0,32.666,False,200,
1787684592.201426,managed,30.0,30.0,33.614,False,200,
1787684592.2347593,managed,30.0,30.0,32.728,False,200,
1787684592.2680926,managed,30.0,30.0,33.787,False,200,
1787684592.301426,managed,30.0,30.0,37.18,False,200,
1787684592.3347592,managed,30.0,30.0,43.176,False,200,
1787684592.3680925,managed,30.0,30.0,33.233,False,200,
1787684592.4014258,managed,30.0,30.0,35.708,False,200,
1787684592.4347594,managed,30.0,30.0,29.536,False,200,
1787684592.4680927,managed,30.0,30.0,33.212,False,200,
1787684592.501426,managed,30.0,30.0,33.949,False,200,
1787684592.5347593,managed,30.0,30.0,25.637,False,200,
1787684592.5680926,managed,30.0,30.0,31.977,False,200,
1787684592.601426,managed,30.0,30.0,38.77,False,200,
1787684592.6347592,managed,30.0,30.0,33.359,False,200,
1787684592.6680927,managed,30.0,30.0,36.53,False,200,
1787684592.701426,managed,30.0,30.0,41.209,False,200,
1787684592.7347593,managed,30.0,30.0,52.768,False,200,
1787684592.7680926,managed,30.0,30.0,32.076,False,200,
1787684592.801426,managed,30.0,30.0,46.906,False,200,
1787684592.8347592,managed,30.0,30.0,35.397,False,200,
1787684592.8680925,managed,30.0,30.0,53.93,False,200,
1787684592.9014258,managed,30.0,30.0,29.782,False,200,
1787684592.9347594,managed,30.0,30.0,30.644,False,200,
1787684592.9680927,managed,30.0,30.0,35.708,False,200,
1787684593.001426,managed,30.0,30.0,31.415,False,200,
1787684593.0347593,managed,30.0,30.0,33.609,False,200,
1787684593.0680926,managed,30.0,30.0,24.493,False,200,
1787684593.101426,managed,30.0,30.0,42.282,False,200,
1787684593.1347592,managed,30.0,30.0,31.97,False,200,
1787684593.1680927,managed,30.0,30.0,31.215,False,200,
1787684593.201426,managed,30.0,30.0,40.83,False,200,
1787684593.2347593,managed,30.0,30.0,41.836,False,200,
1787684593.2680926,managed,30.0,30.0,29.767,False,200,
1787684593.301426,managed,30.0,30.0,35.793,False,200,
1787684593.3347592,managed,30.0,30.0,34.929,False,200,
1787684593.3680925,managed,30.0,30.0,23.514,False,200,
1787684593.4014258,managed,30.0,30.0,43.411,False,200,
1787684593.4347594,managed,30.0,30.0,34.945,False,200,
1787684593.4680927,managed,30.0,30.0,35.527,False,200,
1787684593.501426,managed,30.0,30.0,26.205,False,200,
1787684593.5347593,managed,30.0,30.0,36.63,False,200,
1787684593.5680926,managed,30.0,30.0,41.783,False,200,
1787684593.601426,managed,30.0,30.0,38.143,False,200,
1787684593.6347592,managed,30.0,30.0,34.293,False,200,
1787684593.6680927,managed,30.0,30.0,34.194,False,200,
1787684593.701426,managed,30.0,30.0,33.44,False,200,
1787684593.7347593,managed,30.0,30.0,40.773,False,200,
1787684593.7680926,managed,30.0,30.0,35.647,False,200,
1787684593.801426,managed,30.0,30.0,37.419,False,200,
1787684593.8347592,managed,30.0,30.0,31.143,False,200,
1787684593.8680925,managed,30.0,30.0,33.94,False,200,
1787684593.9014258,managed,30.0,30.0,40.992,False,200,
1787684593.9347594,managed,30.0,30.0,36.384,False,200,
1787684593.9680927,managed,30.0,30.0,40.389,False,200,
1787684594.001426,managed,30.0,30.0,38.386,False,200,
1787684594.0347593,managed,30.0,30.0,33.462,False,200,
1787684594.0680926,managed,30.0,30.0,27.407,False,200,
1787684594.101426,managed,30.0,30.0,29.427,False,200,
1787684594.1347592,managed,30.0,30.0,33.309,False,200,
1787684594.1680927,managed,30.0,30.0,40.369,False,200,
1787684594.201426,managed,30.0,30.0,42.099,False,200,
1787684594.2347593,managed,30.0,30.0,38.193,False,200,
1787684594.2680926,managed,30.0,30.0,37.827,False,200,
1787684594.301426,managed,30.0,30.0,33.988,False,200,
1787684594.3347592,managed,30.0,30.0,33.028,False,200,
1787684594.3680925,managed,30.0,30.0,32.301,False,200,
1787684594.4014258,managed,30.0,30.0,29.981,False,200,
1787684594.4347594,managed,30.0,30.0,44.642,False,200,
1787684594.4680927,managed,30.0,30.0,29.683,False,200,
1787684594.501426,managed,30.0,30.0,29.226,False,200,
1787684594.5347593,managed,30.0,30.0,40.828,False,200,
1787684594.5680926,managed,30.0,30.0,31.921,False,200,
1787684594.601426,managed,30.0,30.0,32.141,False,200,
1787684594.6347592,managed,30.0,30.0,37.985,False,200,
1787684594.6680927,managed,30.0,30.0,34.646,False,200,
1787684594.701426,managed,30.0,30.0,40.991,False,200,
1787684594.7347593,managed,30.0,30.0,28.459,False,200,
1787684594.7680926,managed,30.0,30.0,35.255,False,200,
1787684594.801426,managed,30.0,30.0,31.913,False,200,
1787684594.8347592,managed,30.0,30.0,39.706,False,200,
1787684594.8680925,managed,30.0,30.0,34.126,False,200,
1787684594.9014258,managed,30.0,30.0,38.214,False,200,
1787684594.9347594,managed,30.0,30.0,27.819,False,200,
1787684594.9680927,managed,30.0,30.0,44.685,False,200,
1787684595.001426,managed,30.0,30.0,35.234,False,200,
1787684595.0347593,managed,30.0,30.0,43.829,False,200,
1787684595.0680926,managed,30.0,30.0,33.015,False,200,
1787684595.101426,managed,30.0,30.0,42.946,False,200,
1787684595.1347592,managed,30.0,30.0,43.872,False,200,
1787684595.1680927,managed,30.0,30.0,31.602,False,200,
1787684595.201426,managed,30.0,30.0,36.512,False,200,
1787684595.2347593,managed,30.0,30.0,31.227,False,200,
1787684595.2680926,managed,30.0,30.0,46.078,False,200,
1787684595.301426,managed,30.0,30.0,39.718,False,200,
1787684595.3347592,managed,30.0,30.0,32.444,False,200,
1787684595.3680925,managed,30.0,30.0,32.991,False,200,
1787684595.4014258,managed,30.0,30.0,30.62,False,200,
1787684595.4347594,managed,30.0,30.0,32.772,False,200,
1787684595.4680927,managed,30.0,30.0,37.065,False,200,
1787684595.501426,managed,30.0,30.0,42.658,False,200,
1787684595.5347593,managed,30.0,30.0,34.027,False,200,
1787684595.5680926,managed,30.0,30.0,42.958,False,200,
1787684595.601426,managed,30.0,30.0,31.659,False,200,
1787684595.6347592,managed,30.0,30.0,30.554,False,200,
1787684595.6680927,managed,30.0,30.0,32.683,False,200,
1787684595.701426,managed,30.0,30.0,41.441,False,200,
1787684595.7347593,managed,30.0,30.0,27.741,False,200,
1787684595.7680926,managed,30.0,30.0,44.884,False,200,
1787684595.801426,managed,30.0,30.0,44.7,False,200,
1787684595.8347592,managed,30.0,30.0,28.291,False,200,
1787684595.8680925,managed,30.0,30.0,24.537,False,200,
1787684595.9014258,managed,30.0,30.0,35.813,False,200,
1787684595.9347594,managed,30.0,30.0,45.627,False,200,
1787684595.9680927,managed,30.0,30.0,39.867,False,200,
1787684596.001426,managed,30.0,30.0,42.738,False,200,
1787684596.0347593,managed,30.0,30.0,38.13,False,200,
1787684596.0680926,managed,30.0,30.0,38.358,False,200,
1787684596.101426,managed,30.0,30.0,33.614,False,200,
1787684596.1347592,managed,30.0,30.0,38.445,False,200,
1787684596.1680927,managed,30.0,30.0,35.174,False,200,
1787684596.201426,managed,30.0,30.0,32.815,False,200,
1787684596.2347593,managed,30.0,30.0,31.012,False,200,
1787684596.2680926,managed,30.0,30.0,35.775,False,200,
1787684596.301426,managed,30.0,30.0,31.405,False,200,
1787684596.3347592,managed,30.0,30.0,39.234,False,200,
1787684596.3680925,managed,30.0,30.0,36.407,False,200,
1787684596.4014258,managed,30.0,30.0,33.474,False,200,
1787684596.4347594,managed,30.0,30.0,34.97,False,200,
1787684596.4680927,managed,30.0,30.0,39.911,False,200,
1787684596.501426,managed,30.0,30.0,39.455,False,200,
1787684596.5347593,managed,30.0,30.0,33.839,False,200,
1787684596.5680926,managed,30.0,30.0,46.962,False,200,
1787684596.601426,managed,30.0,30.0,34.144,False,200,
1787684596.6347592,managed,30.0,30.0,40.785,False,200,
1787684596.6680927,managed,30.0,30.0,35.301,False,200,
1787684596.701426,managed,30.0,30.0,38.087,False,200,
1787684596.7347593,managed,30.0,30.0,34.24,False,200,
1787684596.7680926,managed,30.0,30.0,34.696,False,200,
1787684596.801426,managed,30.0,30.0,32.115,False,200,
1787684596.8347592,managed,30.0,30.0,33.76,False,200,
1787684596.8680925,managed,30.0,30.0,33.943,False,200,
1787684596.9014258,managed,30.0,30.0,29.214,False,200,
1787684596.9347594,managed,30.0,30.0,36.734,False,200,
1787684596.9680927,managed,30.0,30.0,53.088,False,200,
1787684597.001426,managed,30.0,30.0,40.917,False,200,
1787684597.0347593,managed,30.0,30.0,35.824,False,200,
1787684597.0680926,managed,30.0,30.0,42.283,False,200,
1787684597.101426,managed,30.0,30.0,29.821,False,200,
1787684597.1347592,managed,30.0,30.0,43.337,False,200,
1787684597.1680927,managed,30.0,30.0,35.332,False,200,
1787684597.201426,managed,30.0,30.0,38.17,False,200,
1787684597.2347593,managed,30.0,30.0,38.597,False,200,
1787684597.2680926,managed,30.0,30.0,40.579,False,200,
1787684597.301426,managed,30.0,30.0,32.738,False,200,
1787684597.3347592,managed,30.0,30.0,25.657,False,200,
1787684597.3680925,managed,30.0,30.0,33.745,False,200,
1787684597.4014258,managed,30.0,30.0,36.814,False,200,
1787684597.4347594,managed,30.0,30.0,34.152,False,200,
1787684597.4680927,managed,30.0,30.0,29.517,False,200,
1787684597.501426,managed,30.0,30.0,37.357,False,200,
1787684597.5347593,managed,30.0,30.0,37.865,False,200,
1787684597.5680926,managed,30.0,30.0,36.702,False,200,
1787684597.601426,managed,30.0,30.0,34.373,False,200,
1787684597.6347592,managed,30.0,30.0,42.16,False,200,
1787684597.6680927,managed,30.0,30.0,27.979,False,200,
1787684597.701426,managed,30.0,30.0,35.563,False,200,
1787684597.7347593,managed,30.0,30.0,31.898,False,200,
1787684597.7680926,managed,30.0,30.0,31.411,False,200,
1787684597.801426,managed,30.0,30.0,31.776,False,200,
1787684597.8347592,managed,30.0,30.0,33.651,False,200,
1787684597.8680925,managed,30.0,30.0,31.603,False,200,
1787684597.9014258,managed,30.0,30.0,40.912,False,200,
1787684597.9347594,managed,30.0,30.0,40.246,False,200,
1787684597.9680927,managed,30.0,30.0,39.259,False,200,
1787684598.001426,managed,30.0,30.0,42.023,False,200,
1787684598.0347593,managed,30.0,30.0,26.133,False,200,
1787684598.0680926,managed,30.0,30.0,32.459,False,200,
1787684598.101426,managed,30.0,30.0,28.27,False,200,
1787684598.1347592,managed,30.0,30.0,33.652,False,200,
1787684598.1680927,managed,30.0,30.0,38.205,False,200,
1787684598.201426,managed,30.0,30.0,28.053,False,200,
1787684598.2347593,managed,30.0,30.0,30.73,False,200,
1787684598.2680926,managed,30.0,30.0,38.609,False,200,
1787684598.301426,managed,30.0,30.0,36.243,False,200,
1787684598.3347592,managed,30.0,30.0,47.081,False,200,
1787684598.3680925,managed,30.0,30.0,48.162,False,200,
1787684598.4014258,managed,30.0,30.0,31.289,False,200,
1787684598.4347594,managed,30.0,30.0,49.189,False,200,
1787684598.4680927,managed,30.0,30.0,23.681,False,200,
1787684598.501426,managed,30.0,30.0,37.277,False,200,
1787684598.5347593,managed,30.0,30.0,33.21,False,200,
1787684598.5680926,managed,30.0,30.0,39.802,False,200,
1787684598.601426,managed,30.0,30.0,38.474,False,200,
1787684598.6347592,managed,30.0,30.0,31.869,False,200,
1787684598.6680927,managed,30.0,30.0,39.274,False,200,
1787684598.701426,managed,30.0,30.0,39.509,False,200,
1787684598.7347593,managed,30.0,30.0,34.77,False,200,
1787684598.7680926,managed,30.0,30.0,35.381,False,200,
1787684598.801426,managed,30.0,30.0,31.955,False,200,
1787684598.8347592,managed,30.0,30.0,35.893,False,200,
1787684598.8680925,managed,30.0,30.0,47.658,False,200,
1787684598.9014258,managed,30.0,30.0,33.308,False,200,
1787684598.9347594,managed,30.0,30.0,39.283,False,200,
1787684598.9680927,managed,30.0,30.0,27.227,False,200,
1787684599.001426,managed,30.0,30.0,26.233,False,200,
1787684599.0347593,managed,30.0,30.0,41.947,False,200,
1787684599.0680926,managed,30.0,30.0,32.338,False,200,
1787684599.101426,managed,30.0,30.0,48.681,False,200,
1787684599.1347592,managed,30.0,30.0,34.524,False,200,
1787684599.1680927,managed,30.0,30.0,28.771,False,200,
1787684599.201426,managed,30.0,30.0,28.857,False,200,
1787684599.2347593,managed,30.0,30.0,30.705,False,200,
1787684599.2680926,managed,30.0,30.0,35.431,False,200,
1787684599.301426,managed,30.0,30.0,42.354,False,200,
1787684599.3347592,managed,30.0,30.0,31.572,False,200,
1787684599.3680925,managed,30.0,30.0,36.336,False,200,
1787684599.4014258,managed,30.0,30.0,26.221,False,200,
1787684599.4347594,managed,30.0,30.0,35.86,False,200,
1787684599.4680927,managed,30.0,30.0,39.3,False,200,
1787684599.501426,managed,30.0,30.0,44.0,False,200,
1787684599.5347593,managed,30.0,30.0,47.551,False,200,
1787684599.5680926,managed,30.0,30.0,31.778,False,200,
1787684599.601426,managed,30.0,30.0,33.127,False,200,
1787684599.6347592,managed,30.0,30.0,36.018,False,200,
1787684599.6680927,managed,30.0,30.0,36.429,False,200,
1787684599.701426,managed,30.0,30.0,36.837,False,200,
1787684599.7347593,managed,30.0,30.0,42.225,False,200,
1787684599.7680926,managed,30.0,30.0,47.44,False,200,
1787684599.801426,managed,30.0,30.0,26.437,False,200,
1787684599.8347592,managed,30.0,30.0,28.634,False,200,
1787684599.8680925,managed,30.0,30.0,24.358,False,200,
1787684599.9014258,managed,30.0,30.0,31.953,False,200,
1787684599.9347594,managed,30.0,30.0,36.988,False,200,
1787684599.9680927,managed,30.0,30.0,34.328,False,200,
1787684600.001426,managed,30.0,30.0,27.988,False,200,
1787684600.0347593,managed,30.0,30.0,35.982,False,200,
1787684600.0680926,managed,30.0,30.0,26.582,False,200,
1787684600.101426,managed,30.0,30.0,36.012,False,200,
1787684600.1347592,managed,30.0,30.0,31.566,False,200,
1787684600.1680927,managed,30.0,30.0,37.293,False,200,
1787684600.201426,managed,30.0,30.0,37.497,False,200,
1787684600.2347593,managed,30.0,30.0,33.948,False,200,
1787684600.2680926,managed,30.0,30.0,33.499,False,200,
1787684600.301426,managed,30.0,30.0,39.273,False,200,
1787684600.3347592,managed,30.0,30.0,35.598,False,200,
1787684600.3680925,managed,30.0,30.0,30.236,False,200,
1787684600.4014258,managed,30.0,30.0,30.229,False,200,
1787684600.4347594,managed,30.0,30.0,35.584,False,200,
1787684600.4680927,managed,30.0,30.0,36.514,False,200,
1787684600.501426,managed,30.0,30.0,37.038,False,200,
1787684600.5347593,managed,30.0,30.0,38.69,False,200,
1787684600.5680926,managed,30.0,30.0,33.15,False,200,
1787684600.601426,managed,30.0,30.0,31.47,False,200,
1787684600.6347592,managed,30.0,30.0,36.383,False,200,
1787684600.6680927,managed,30.0,30.0,31.213,False,200,
1787684600.701426,managed,30.0,30.0,27.185,False,200,
1787684600.7347593,managed,30.0,30.0,43.592,False,200,
1787684600.7680926,managed,30.0,30.0,34.445,False,200,
1787684600.801426,managed,30.0,30.0,33.957,False,200,
1787684600.8347592,managed,30.0,30.0,33.354,False,200,
1787684600.8680925,managed,30.0,30.0,38.458,False,200,
1787684600.9014258,managed,30.0,30.0,27.336,False,200,
1787684600.9347594,managed,30.0,30.0,38.769,False,200,
1787684600.9680927,managed,30.0,30.0,34.771,False,200,
1787684601.001426,managed,30.0,30.0,30.828,False,200,
1787684601.0347593,managed,30.0,30.0,36.539,False,200,
1787684601.0680926,managed,30.0,30.0,37.662,False,200,
1787684601.101426,managed,30.0,30.0,38.064,False,200,
1787684601.1347592,managed,30.0,30.0,40.792,False,200,
1787684601.1680927,managed,30.0,30.0,37.154,False,200,
1787684601.201426,managed,30.0,30.0,29.107,False,200,
1787684601.2347593,managed,30.0,30.0,37.105,False,200,
1787684601.2680926,managed,30.0,30.0,29.692,False,200,
1787684601.301426,managed,30.0,30.0,37.086,False,200,
1787684601.3347592,managed,30.0,30.0,40.136,False,200,
1787684601.3680925,managed,30.0,30.0,40.322,False,200,
1787684601.4014258,managed,30.0,30.0,36.001,False,200,
1787684601.4347594,managed,30.0,30.0,40.56,False,200,
1787684601.4680927,managed,30.0,30.0,31.531,False,200,
1787684601.501426,managed,30.0,30.0,35.986,False,200,
1787684601.5347593,managed,30.0,30.0,36.1,False,200,
1787684601.5680926,managed,30.0,30.0,40.074,False,200,
1787684601.601426,managed,30.0,30.0,44.569,False,200,
1787684601.6347592,managed,30.0,30.0,36.259,False,200,
1787684601.6680927,managed,30.0,30.0,31.765,False,200,
1787684601.701426,managed,30.0,30.0,32.459,False,200,
1787684601.7347593,managed,30.0,30.0,27.196,False,200,
1787684601.7680926,managed,30.0,30.0,27.328,False,200,
1787684601.801426,managed,30.0,30.0,40.673,False,200,
1787684601.8347592,managed,30.0,30.0,41.492,False,200,
1787684601.8680925,managed,30.0,30.0,47.067,False,200,
1787684601.9014258,managed,30.0,30.0,27.801,False,200,
1787684601.9347594,managed,30.0,30.0,29.063,False,200,
1787684601.9680927,managed,30.0,30.0,34.257,False,200,
1787684602.001426,managed,30.0,30.0,36.687,False,200,
1787684602.0347593,managed,30.0,30.0,37.807,False,200,
1787684602.0680926,managed,30.0,30.0,37.384,False,200,
1787684602.101426,managed,30.0,30.0,44.163,False,200,
1787684602.1347592,managed,30.0,30.0,25.42,False,200,
1787684602.1680927,managed,30.0,30.0,32.32,False,200,
1787684602.201426,managed,30.0,30.0,36.113,False,200,
1787684602.2347593,managed,30.0,30.0,30.285,False,200,
1787684602.2680926,managed,30.0,30.0,36.762,False,200,
1787684602.301426,managed,30.0,30.0,33.445,False,200,
1787684602.3347592,managed,30.0,30.0,39.888,False,200,
1787684602.3680925,managed,30.0,30.0,40.659,False,200,
1787684602.4014258,managed,30.0,30.0,35.07,False,200,
1787684602.4347594,managed,30.0,30.0,30.867,False,200,
1787684602.4680927,managed,30.0,30.0,30.531,False,200,
1787684602.501426,managed,30.0,30.0,38.546,False,200,
1787684602.5347593,managed,30.0,30.0,33.604,False,200,
1787684602.5680926,managed,30.0,30.0,25.042,False,200,
1787684602.601426,managed,30.0,30.0,42.409,False,200,
1787684602.6347592,managed,30.0,30.0,45.438,False,200,
1787684602.6680927,managed,30.0,30.0,32.959,False,200,
1787684602.701426,managed,30.0,30.0,30.315,False,200,
1787684602.7347593,managed,30.0,30.0,46.676,False,200,
1787684602.7680926,managed,30.0,30.0,34.694,False,200,
1787684602.801426,managed,30.0,30.0,31.679,False,200,
1787684602.8347592,managed,30.0,30.0,28.423,False,200,
1787684602.8680925,managed,30.0,30.0,36.658,False,200,
1787684602.9014258,managed,30.0,30.0,49.095,False,200,
1787684602.9347594,managed,30.0,30.0,30.436,False,200,
1787684602.9680927,managed,30.0,30.0,34.325,False,200,
1787684603.001426,managed,30.0,30.0,36.414,False,200,
1787684603.0347593,managed,30.0,30.0,28.729,False,200,
1787684603.0680926,managed,30.0,30.0,36.415,False,200,
1787684603.101426,managed,30.0,30.0,36.681,False,200,
1787684603.1347592,managed,30.0,30.0,36.783,False,200,
1787684603.1680927,managed,30.0,30.0,39.158,False,200,
1787684603.201426,managed,30.0,30.0,33.071,False,200,
1787684603.2347593,managed,30.0,30.0,32.808,False,200,
1787684603.2680926,managed,30.0,30.0,39.409,False,200,
1787684603.301426,managed,30.0,30.0,38.004,False,200,
1787684603.3347592,managed,30.0,30.0,34.619,False,200,
1787684603.3680925,managed,30.0,30.0,32.114,False,200,
1787684603.4014258,managed,30.0,30.0,33.365,False,200,
1787684603.4347594,managed,30.0,30.0,33.953,False,200,
1787684603.4680927,managed,30.0,30.0,48.534,False,200,
1787684603.501426,managed,30.0,30.0,39.874,False,200,
1787684603.5347593,managed,30.0,30.0,27.027,False,200,
1787684603.5680926,managed,30.0,30.0,31.954,False,200,
1787684603.601426,managed,30.0,30.0,31.293,False,200,
1787684603.6347592,managed,30.0,30.0,34.507,False,200,
1787684603.6680927,managed,30.0,30.0,38.411,False,200,
1787684603.701426,managed,30.0,30.0,35.367,False,200,
1787684603.7347593,managed,30.0,30.0,35.459,False,200,
1787684603.7680926,managed,30.0,30.0,26.669,False,200,
1787684603.801426,managed,30.0,30.0,25.978,False,200,
1787684603.8347592,managed,30.0,30.0,35.465,False,200,
1787684603.8680925,managed,30.0,30.0,31.8,False,200,
1787684603.9014258,managed,30.0,30.0,39.236,False,200,
1787684603.9347594,managed,30.0,30.0,37.181,False,200,
1787684603.9680927,managed,30.0,30.0,41.796,False,200,
1787684604.001426,managed,30.0,30.0,31.676,False,200,
1787684604.0347593,managed,30.0,30.0,32.223,False,200,
1787684604.0680926,managed,30.0,30.0,37.669,False,200,
1787684604.101426,managed,30.0,30.0,33.262,False,200,
1787684604.1347592,managed,30.0,30.0,41.816,False,200,
1787684604.1680927,managed,30.0,30.0,35.014,False,200,
1787684604.201426,managed,30.0,30.0,34.859,False,200,
1787684604.2347593,managed,30.0,30.0,44.042,False,200,
1787684604.2680926,managed,30.0,30.0,29.571,False,200,
1787684604.301426,managed,30.0,30.0,41.392,False,200,
1787684604.3347592,managed,30.0,30.0,37.081,False,200,
1787684604.3680925,managed,30.0,30.0,37.098,False,200,
1787684604.4014258,managed,30.0,30.0,39.18,False,200,
1787684604.4347594,managed,30.0,30.0,43.082,False,200,
1787684604.4680927,managed,30.0,30.0,22.197,False,200,
1787684604.501426,managed,30.0,30.0,35.459,False,200,
1787684604.5347593,managed,30.0,30.0,44.466,False,200,
1787684604.5680926,managed,30.0,30.0,39.247,False,200,
1787684604.601426,managed,30.0,30.0,34.805,False,200,
1787684604.6347592,managed,30.0,30.0,29.801,False,200,
1787684604.6680927,managed,30.0,30.0,31.462,False,200,
1787684604.701426,managed,30.0,30.0,44.35,False,200,
1787684604.7347593,managed,30.0,30.0,32.315,False,200,
1787684604.7680926,managed,30.0,30.0,34.326,False,200,
1787684604.801426,managed,30.0,30.0,27.033,False,200,
1787684604.8347592,managed,30.0,30.0,41.106,False,200,
1787684604.8680925,managed,30.0,30.0,22.109,False,200,
1787684604.9014258,managed,30.0,30.0,36.538,False,200,
1787684604.9347594,managed,30.0,30.0,39.491,False,200,
1787684604.9680927,managed,30.0,30.0,32.316,False,200,
1787684605.001426,managed,30.0,30.0,42.199,False,200,
1787684605.0347593,managed,30.0,30.0,29.941,False,200,
1787684605.0680926,managed,30.0,30.0,28.759,False,200,
1787684605.101426,managed,30.0,30.0,25.268,False,200,
1787684605.1347592,managed,30.0,30.0,39.4,False,200,
1787684605.1680927,managed,30.0,30.0,33.779,False,200,
1787684605.201426,managed,30.0,30.0,33.625,False,200,
1787684605.2347593,managed,30.0,30.0,36.095,False,200,
1787684605.2680926,managed,30.0,30.0,37.091,False,200,
1787684605.301426,managed,30.0,30.0,40.425,False,200,
1787684605.3347592,managed,30.0,30.0,35.962,False,200,
1787684605.3680925,managed,30.0,30.0,37.81,False,200,
1787684605.4014258,managed,30.0,30.0,30.734,False,200,
1787684605.4347594,managed,30.0,30.0,37.525,False,200,
1787684605.4680927,managed,30.0,30.0,30.88,False,200,
1787684605.501426,managed,30.0,30.0,28.822,False,200,
1787684605.5347593,managed,30.0,30.0,34.213,False,200,
1787684605.5680926,managed,30.0,30.0,32.177,False,200,
1787684605.601426,managed,30.0,30.0,34.132,False,200,
1787684605.6347592,managed,30.0,30.0,34.335,False,200,
1787684605.6680927,managed,30.0,30.0,31.456,False,200,
1787684605.701426,managed,30.0,30.0,28.543,False,200,
1787684605.7347593,managed,30.0,30.0,44.441,False,200,
1787684605.7680926,managed,30.0,30.0,39.311,False,200,
1787684605.801426,managed,30.0,30.0,35.347,False,200,
1787684605.8347592,managed,30.0,30.0,35.413,False,200,
1787684605.8680925,managed,30.0,30.0,35.795,False,200,
1787684605.9014258,managed,30.0,30.0,40.091,False,200,
1787684605.9347594,managed,30.0,30.0,35.741,False,200,
1787684605.9680927,managed,30.0,30.0,38.226,False,200,
1787684606.001426,managed,30.0,30.0,36.014,False,200,
1787684606.0347593,managed,30.0,30.0,29.638,False,200,
1787684606.0680926,managed,30.0,30.0,34.862,False,200,
1787684606.101426,managed,30.0,30.0,36.959,False,200,
1787684606.1347592,managed,30.0,30.0,34.665,False,200,
1787684606.1680927,managed,30.0,30.0,29.366,False,200,
1787684606.201426,managed,30.0,30.0,35.321,False,200,
1787684606.2347593,managed,30.0,30.0,35.588,False,200,
1787684606.2680926,managed,30.0,30.0,28.355,False,200,
1787684606.301426,managed,30.0,30.0,35.238,False,200,
1787684606.3347592,managed,30.0,30.0,40.802,False,200,
1787684606.3680925,managed,30.0,30.0,34.101,False,200,
1787684606.4014258,managed,30.0,30.0,31.392,False,200,
1787684606.4347594,managed,30.0,30.0,38.773,False,200,
1787684606.4680927,managed,30.0,30.0,26.262,False,200,
1787684606.501426,managed,30.0,30.0,34.339,False,200,
1787684606.5347593,managed,30.0,30.0,34.745,False,200,
1787684606.5680926,managed,30.0,30.0,39.377,False,200,
1787684606.601426,managed,30.0,30.0,36.71,False,200,
1787684606.6347592,managed,30.0,30.0,31.291,False,200,
1787684606.6680927,managed,30.0,30.0,27.123,False,200,
1787684606.701426,managed,30.0,30.0,37.989,False,200,
1787684606.7347593,managed,30.0,30.0,29.182,False,200,
1787684606.7680926,managed,30.0,30.0,39.064,False,200,
1787684606.801426,managed,30.0,30.0,31.457,False,200,
1787684606.8347592,managed,30.0,30.0,29.01,False,200,
1787684606.8680925,managed,30.0,30.0,29.08,False,200,
1787684606.9014258,managed,30.0,30.0,30.354,False,200,
1787684606.9347594,managed,30.0,30.0,29.039,False,200,
1787684606.9680927,managed,30.0,30.0,36.901,False,200,
1787684607.001426,managed,30.0,30.0,28.47,False,200,
1787684607.0347593,managed,30.0,30.0,49.197,False,200,
1787684607.0680926,managed,30.0,30.0,29.226,False,200,
1787684607.101426,managed,30.0,30.0,36.511,False,200,
1787684607.1347592,managed,30.0,30.0,35.746,False,200,
1787684607.1680927,managed,30.0,30.0,35.451,False,200,
1787684607.201426,managed,30.0,30.0,34.825,False,200,
1787684607.2347593,managed,30.0,30.0,53.025,False,200,
1787684607.2680926,managed,30.0,30.0,34.171,False,200,
1787684607.301426,managed,30.0,30.0,33.409,False,200,
1787684607.3347592,managed,30.0,30.0,39.238,False,200,
1787684607.3680925,managed,30.0,30.0,42.339,False,200,
1787684607.4014258,managed,30.0,30.0,27.199,False,200,
1787684607.4347594,managed,30.0,30.0,44.371,False,200,
1787684607.4680927,managed,30.0,30.0,41.683,False,200,
1787684607.501426,managed,30.0,30.0,43.222,False,200,
1787684607.5347593,managed,30.0,30.0,37.503,False,200,
1787684607.5680926,managed,30.0,30.0,44.962,False,200,
1787684607.601426,managed,30.0,30.0,34.952,False,200,
1787684607.6347592,managed,30.0,30.0,29.956,False,200,
1787684607.6680927,managed,30.0,30.0,31.669,False,200,
1787684607.701426,managed,30.0,30.0,38.685,False,200,
1787684607.7347593,managed,30.0,30.0,28.035,False,200,
1787684607.7680926,managed,30.0,30.0,39.683,False,200,
1787684607.801426,managed,30.0,30.0,33.413,False,200,
1787684607.8347592,managed,30.0,30.0,30.404,False,200,
1787684607.8680925,managed,30.0,30.0,41.111,False,200,
1787684607.9014258,managed,30.0,30.0,40.603,False,200,
1787684607.9347594,managed,30.0,30.0,37.495,False,200,
1787684607.9680927,managed,30.0,30.0,37.927,False,200,
1787684608.001426,managed,30.0,30.0,47.267,False,200,
1787684608.0347593,managed,30.0,30.0,39.295,False,200,
1787684608.0680926,managed,30.0,30.0,32.643,False,200,
1787684608.101426,managed,30.0,30.0,30.568,False,200,
1787684608.1347592,managed,30.0,30.0,31.271,False,200,
1787684608.1680927,managed,30.0,30.0,29.891,False,200,
1787684608.201426,managed,30.0,30.0,36.873,False,200,
1787684608.2347593,managed,30.0,30.0,35.781,False,200,
1787684608.2680926,managed,30.0,30.0,32.39,False,200,
1787684608.301426,managed,30.0,30.0,37.485,False,200,
1787684608.3347592,managed,30.0,30.0,38.398,False,200,
1787684608.3680925,managed,30.0,30.0,29.202,False,200,
1787684608.4014258,managed,30.0,30.0,35.094,False,200,
1787684608.4347594,managed,30.0,30.0,32.641,False,200,
1787684608.4680927,managed,30.0,30.0,26.261,False,200,
1787684608.501426,managed,30.0,30.0,29.004,False,200,
1787684608.5347593,managed,30.0,30.0,33.386,False,200,
1787684608.5680926,managed,30.0,30.0,37.42,False,200,
1787684608.601426,managed,30.0,30.0,36.84,False,200,
1787684608.6347592,managed,30.0,30.0,31.489,False,200,
1787684608.6680927,managed,30.0,30.0,37.83,False,200,
1787684608.701426,managed,30.0,30.0,46.945,False,200,
1787684608.7347593,managed,30.0,30.0,34.332,False,200,
1787684608.7680926,managed,30.0,30.0,32.167,False,200,
1787684608.801426,managed,30.0,30.0,34.129,False,200,
1787684608.8347592,managed,30.0,30.0,34.578,False,200,
1787684608.8680925,managed,30.0,30.0,34.401,False,200,
1787684608.9014258,managed,30.0,30.0,43.241,False,200,
1787684608.9347594,managed,30.0,30.0,42.162,False,200,
1787684608.9680927,managed,30.0,30.0,30.337,False,200,
1787684609.001426,managed,30.0,30.0,32.707,False,200,
1787684609.0347593,managed,30.0,30.0,29.836,False,200,
1787684609.0680926,managed,30.0,30.0,26.825,False,200,
1787684609.101426,managed,30.0,30.0,35.082,False,200,
1787684609.1347592,managed,30.0,30.0,28.936,False,200,
1787684609.1680927,managed,30.0,30.0,32.89,False,200,
1787684609.201426,managed,30.0,30.0,34.377,False,200,
1787684609.2347593,managed,30.0,30.0,29.941,False,200,
1787684609.2680926,managed,30.0,30.0,37.8,False,200,
1787684609.301426,managed,30.0,30.0,42.426,False,200,
1787684609.3347592,managed,30.0,30.0,31.969,False,200,
1787684609.3680925,managed,30.0,30.0,35.514,False,200,
1787684609.4014258,managed,30.0,30.0,32.123,False,200,
1787684609.4347594,managed,30.0,30.0,38.011,False,200,
1787684609.4680927,managed,30.0,30.0,32.563,False,200,
1787684609.501426,managed,30.0,30.0,30.48,False,200,
1787684609.5347593,managed,30.0,30.0,36.264,False,200,
1787684609.5680926,managed,30.0,30.0,45.61,False,200,
1787684609.601426,managed,30.0,30.0,34.083,False,200,
1787684609.6347592,managed,30.0,30.0,28.509,False,200,
1787684609.6680927,managed,30.0,30.0,36.648,False,200,
1787684609.701426,managed,30.0,30.0,36.715,False,200,
1787684609.7347593,managed,30.0,30.0,35.6,False,200,
1787684609.7680926,managed,30.0,30.0,34.452,False,200,
1787684609.801426,managed,30.0,30.0,29.068,False,200,
1787684609.8347592,managed,30.0,30.0,35.817,False,200,
1787684609.8680925,managed,30.0,30.0,34.58,False,200,
1787684609.9014258,managed,30.0,30.0,40.62,False,200,
1787684609.9347594,managed,30.0,30.0,30.606,False,200,
1787684609.9680927,managed,30.0,30.0,38.03,False,200,
1787684610.001426,managed,30.0,30.0,35.447,False,200,
1787684610.0347593,managed,30.0,30.0,36.512,False,200,
1787684610.0680926,managed,30.0,30.0,43.64,False,200,
1787684610.101426,managed,30.0,30.0,37.997,False,200,
1787684610.1347592,managed,30.0,30.0,38.524,False,200,
1787684610.1680927,managed,30.0,30.0,45.418,False,200,
1787684610.201426,managed,30.0,30.0,30.004,False,200,
1787684610.2347593,managed,30.0,30.0,29.919,False,200,
1787684610.2680926,managed,30.0,30.0,38.432,False,200,
1787684610.301426,managed,30.0,30.0,34.449,False,200,
1787684610.3347592,managed,30.0,30.0,43.818,False,200,
1787684610.3680925,managed,30.0,30.0,28.017,False,200,
1787684610.4014258,managed,30.0,30.0,37.131,False,200,
1787684610.4347594,managed,30.0,30.0,34.222,False,200,
1787684610.4680927,managed,30.0,30.0,31.548,False,200,
1787684610.501426,managed,30.0,30.0,32.091,False,200,
1787684610.5347593,managed,30.0,30.0,37.066,False,200,
1787684610.5680926,managed,30.0,30.0,31.645,False,200,
1787684610.601426,managed,30.0,30.0,35.011,False,200,
1787684610.6347592,managed,30.0,30.0,36.745,False,200,
1787684610.6680927,managed,30.0,30.0,38.731,False,200,
1787684610.701426,managed,30.0,30.0,37.445,False,200,
1787684610.7347593,managed,30.0,30.0,31.249,False,200,
1787684610.7680926,managed,30.0,30.0,32.488,False,200,
1787684610.801426,managed,30.0,30.0,38.248,False,200,
1787684610.8347592,managed,30.0,30.0,36.331,False,200,
1787684610.8680925,managed,30.0,30.0,38.219,False,200,
1787684610.9014258,managed,30.0,30.0,36.067,False,200,
1787684610.9347594,managed,30.0,30.0,39.113,False,200,
1787684610.9680927,managed,30.0,30.0,29.589,False,200,
1787684611.001426,managed,30.0,30.0,36.238,False,200,
1787684611.0347593,managed,30.0,30.0,34.868,False,200,
1787684611.0680926,managed,30.0,30.0,34.859,False,200,
1787684611.101426,managed,30.0,30.0,29.674,False,200,
1787684611.1347592,managed,30.0,30.0,38.856,False,200,
1787684611.1680927,managed,30.0,30.0,32.39,False,200,
1787684611.201426,managed,30.0,30.0,49.01,False,200,
1787684611.2347593,managed,30.0,30.0,35.066,False,200,
1787684611.2680926,managed,30.0,30.0,39.183,False,200,
1787684611.301426,managed,30.0,30.0,32.963,False,200,
1787684611.3347592,managed,30.0,30.0,35.761,False,200,
1787684611.3680925,managed,30.0,30.0,39.525,False,200,
1787684611.4014258,managed,30.0,30.0,31.475,False,200,
1787684611.4347594,managed,30.0,30.0,39.457,False,200,
1787684611.4680927,managed,30.0,30.0,30.925,False,200,
1787684611.501426,managed,30.0,30.0,34.568,False,200,
1787684611.5347593,managed,30.0,30.0,32.276,False,200,
1787684611.5680926,managed,30.0,30.0,36.994,False,200,
1787684611.601426,managed,30.0,30.0,39.127,False,200,
1787684611.6347592,managed,30.0,30.0,33.021,False,200,
1787684611.6680927,managed,30.0,30.0,30.85,False,200,
1787684611.701426,managed,30.0,30.0,30.78,False,200,
1787684611.7347593,managed,30.0,30.0,36.665,False,200,
1787684611.7680926,managed,30.0,30.0,34.807,False,200,
1787684611.801426,managed,30.0,30.0,35.031,False,200,
1787684611.8347592,managed,30.0,30.0,41.05,False,200,
1787684611.8680925,managed,30.0,30.0,37.595,False,200,
1787684611.9014258,managed,30.0,30.0,33.83,False,200,
1787684611.9347594,managed,30.0,30.0,27.015,False,200,
1787684611.9680927,managed,30.0,30.0,41.994,False,200,
1787684612.001426,managed,30.0,30.0,31.577,False,200,
1787684612.0347593,managed,30.0,30.0,37.976,False,200,
1787684612.0680926,managed,30.0,30.0,37.922,False,200,
1787684612.101426,managed,30.0,30.0,35.676,False,200,
1787684612.1347592,managed,30.0,30.0,31.355,False,200,
1787684612.1680927,managed,30.0,30.0,34.053,False,200,
1787684612.201426,managed,30.0,30.0,40.698,False,200,
1787684612.2347593,managed,30.0,30.0,31.64,False,200,
1787684612.2680926,managed,30.0,30.0,38.781,False,200,
1787684612.301426,managed,30.0,30.0,40.379,False,200,
1787684612.3347592,managed,30.0,30.0,36.315,False,200,
1787684612.3680925,managed,30.0,30.0,36.682,False,200,
1787684612.4014258,managed,30.0,30.0,41.623,False,200,
1787684612.4347594,managed,30.0,30.0,43.894,False,200,
1787684612.4680927,managed,30.0,30.0,32.853,False,200,
1787684612.501426,managed,30.0,30.0,23.448,False,200,
1787684612.5347593,managed,30.0,30.0,33.642,False,200,
1787684612.5680926,managed,30.0,30.0,37.379,False,200,
1787684612.601426,managed,30.0,30.0,31.216,False,200,
1787684612.6347592,managed,30.0,30.0,29.659,False,200,
1787684612.6680927,managed,30.0,30.0,33.351,False,200,
1787684612.701426,managed,30.0,30.0,37.046,False,200,
1787684612.7347593,managed,30.0,30.0,30.273,False,200,
1787684612.7680926,managed,30.0,30.0,42.465,False,200,
1787684612.801426,managed,30.0,30.0,39.414,False,200,
1787684612.8347592,managed,30.0,30.0,43.132,False,200,
1787684612.8680925,managed,30.0,30.0,39.866,False,200,
1787684612.9014258,managed,30.0,30.0,29.124,False,200,
1787684612.9347594,managed,30.0,30.0,37.003,False,200,
1787684612.9680927,managed,30.0,30.0,51.542,False,200,
1787684613.001426,managed,30.0,30.0,36.025,False,200,
1787684613.0347593,managed,30.0,30.0,42.222,False,200,
1787684613.0680926,managed,30.0,30.0,36.021,False,200,
1787684613.101426,managed,30.0,30.0,31.641,False,200,
1787684613.1347592,managed,30.0,30.0,39.598,False,200,
1787684613.1680927,managed,30.0,30.0,40.289,False,200,
1787684613.201426,managed,30.0,30.0,29.532,False,200,
1787684613.2347593,managed,30.0,30.0,25.84,False,200,
1787684613.2680926,managed,30.0,30.0,35.234,False,200,
1787684613.301426,managed,30.0,30.0,47.088,False,200,
1787684613.3347592,managed,30.0,30.0,39.314,False,200,
1787684613.3680925,managed,30.0,30.0,36.733,False,200,
1787684613.4014258,managed,30.0,30.0,35.455,False,200,
1787684613.4347594,managed,30.0,30.0,33.552,False,200,
1787684613.4680927,managed,30.0,30.0,34.153,False,200,
1787684613.501426,managed,30.0,30.0,27.825,False,200,
1787684613.5347593,managed,30.0,30.0,32.396,False,200,
1787684613.5680926,managed,30.0,30.0,40.931,False,200,
1787684613.601426,managed,30.0,30.0,33.672,False,200,
1787684613.6347592,managed,30.0,30.0,37.474,False,200,
1787684613.6680927,managed,30.0,30.0,37.667,False,200,
1787684613.701426,managed,30.0,30.0,38.56,False,200,
1787684613.7347593,managed,30.0,30.0,47.414,False,200,
1787684613.7680926,managed,30.0,30.0,38.816,False,200,
1787684613.801426,managed,30.0,30.0,49.174,False,200,
1787684613.8347592,managed,30.0,30.0,27.405,False,200,
1787684613.8680925,managed,30.0,30.0,36.615,False,200,
1787684613.9014258,managed,30.0,30.0,36.619,False,200,
1787684613.9347594,managed,30.0,30.0,35.928,False,200,
1787684613.9680927,managed,30.0,30.0,33.682,False,200,
1787684614.001426,managed,30.0,30.0,45.41,False,200,
1787684614.0347593,managed,30.0,30.0,39.591,False,200,
1787684614.0680926,managed,30.0,30.0,29.722,False,200,
1787684614.101426,managed,30.0,30.0,34.354,False,200,
1787684614.1347592,managed,30.0,30.0,35.109,False,200,
1787684614.1680927,managed,30.0,30.0,32.552,False,200,
1787684614.201426,managed,30.0,30.0,35.556,False,200,
1787684614.2347593,managed,30.0,30.0,34.848,False,200,
1787684614.2680926,managed,30.0,30.0,36.378,False,200,
1787684614.301426,managed,30.0,30.0,32.664,False,200,
1787684614.3347592,managed,30.0,30.0,37.082,False,200,
1787684614.3680925,managed,30.0,30.0,33.8,False,200,
1787684614.4014258,managed,30.0,30.0,34.19,False,200,
1787684614.4347594,managed,30.0,30.0,40.688,False,200,
1787684614.4680927,managed,30.0,30.0,28.056,False,200,
1787684614.501426,managed,30.0,30.0,38.203,False,200,
1787684614.5347593,managed,30.0,30.0,32.562,False,200,
1787684614.5680926,managed,30.0,30.0,52.683,False,200,
1787684614.601426,managed,30.0,30.0,41.344,False,200,
1787684614.6347592,managed,30.0,30.0,32.237,False,200,
1787684614.6680927,managed,30.0,30.0,37.961,False,200,
1787684614.701426,managed,30.0,30.0,38.042,False,200,
1787684614.7347593,managed,30.0,30.0,27.826,False,200,
1787684614.7680926,managed,30.0,30.0,35.969,False,200,
1787684614.801426,managed,30.0,30.0,33.921,False,200,
1787684614.8347592,managed,30.0,30.0,36.901,False,200,
1787684614.8680925,managed,30.0,30.0,26.058,False,200,
1787684614.9014258,managed,30.0,30.0,38.44,False,200,
1787684614.9347594,managed,30.0,30.0,33.657,False,200,
1787684614.9680927,managed,30.0,30.0,38.772,False,200,
1787684615.001426,managed,30.0,30.0,31.349,False,200,
1787684615.0347593,managed,30.0,30.0,32.935,False,200,
1787684615.0680926,managed,30.0,30.0,34.449,False,200,
1787684615.101426,managed,30.0,30.0,34.852,False,200,
1787684615.1347592,managed,30.0,30.0,40.189,False,200,
1787684615.1680927,managed,30.0,30.0,37.111,False,200,
1787684615.201426,managed,30.0,30.0,25.386,False,200,
1787684615.2347593,managed,30.0,30.0,30.727,False,200,
1787684615.2680926,managed,30.0,30.0,26.805,False,200,
1787684615.301426,managed,30.0,30.0,33.71,False,200,
1787684615.3347592,managed,30.0,30.0,31.852,False,200,
1787684615.3680925,managed,30.0,30.0,28.054,False,200,
1787684615.4014258,managed,30.0,30.0,37.864,False,200,
1787684615.4347594,managed,30.0,30.0,26.027,False,200,
1787684615.4680927,managed,30.0,30.0,31.737,False,200,
1787684615.501426,managed,30.0,30.0,31.02,False,200,
1787684615.5347593,managed,30.0,30.0,34.844,False,200,
1787684615.5680926,managed,30.0,30.0,33.141,False,200,
1787684615.601426,managed,30.0,30.0,40.413,False,200,
1787684615.6347592,managed,30.0,30.0,38.219,False,200,
1787684615.6680927,managed,30.0,30.0,25.766,False,200,
1787684615.701426,managed,30.0,30.0,29.644,False,200,
1787684615.7347593,managed,30.0,30.0,42.401,False,200,
1787684615.7680926,managed,30.0,30.0,31.887,False,200,
1787684615.801426,managed,30.0,30.0,37.64,False,200,
1787684615.8347592,managed,30.0,30.0,28.038,False,200,
1787684615.8680925,managed,30.0,30.0,34.729,False,200,
1787684615.9014258,managed,30.0,30.0,42.685,False,200,
1787684615.9347594,managed,30.0,30.0,36.224,False,200,
1787684615.9680927,managed,30.0,30.0,31.72,False,200,
1787684616.001426,managed,30.0,30.0,32.298,False,200,
1787684616.0347593,managed,30.0,30.0,29.281,False,200,
1787684616.0680926,managed,30.0,30.0,35.062,False,200,
1787684616.101426,managed,30.0,30.0,36.642,False,200,
1787684616.1347592,managed,30.0,30.0,34.386,False,200,
1787684616.1680927,managed,30.0,30.0,34.224,False,200,
1787684616.201426,managed,30.0,30.0,34.685,False,200,
1787684616.2347593,managed,30.0,30.0,26.747,False,200,
1787684616.2680926,managed,30.0,30.0,39.212,False,200,
1787684616.301426,managed,30.0,30.0,33.676,False,200,
1787684616.3347592,managed,30.0,30.0,36.486,False,200,
1787684616.3680925,managed,30.0,30.0,26.601,False,200,
1787684616.4014258,managed,30.0,30.0,31.7,False,200,
1787684616.4347594,managed,30.0,30.0,35.136,False,200,
1787684616.4680927,managed,30.0,30.0,27.432,False,200,
1787684616.501426,managed,30.0,30.0,42.443,False,200,
1787684616.5347593,managed,30.0,30.0,32.336,False,200,
1787684616.5680926,managed,30.0,30.0,29.592,False,200,
1787684616.601426,managed,30.0,30.0,30.564,False,200,
1787684616.6347592,managed,30.0,30.0,33.929,False,200,
1787684616.6680927,managed,30.0,30.0,32.916,False,200,
1787684616.701426,managed,30.0,30.0,35.36,False,200,
1787684616.7347593,managed,30.0,30.0,38.275,False,200,
1787684616.7680926,managed,30.0,30.0,42.355,False,200,
1787684616.801426,managed,30.0,30.0,30.057,False,200,
1787684616.8347592,managed,30.0,30.0,26.507,False,200,
1787684616.8680925,managed,30.0,30.0,37.291,False,200,
1787684616.9014258,managed,30.0,30.0,31.353,False,200,
1787684616.9347594,managed,30.0,30.0,42.14,False,200,
1787684616.9680927,managed,30.0,30.0,31.313,False,200,
1787684617.001426,managed,30.0,30.0,29.74,False,200,
1787684617.0347593,managed,30.0,30.0,27.215,False,200,
1787684617.0680926,managed,30.0,30.0,35.414,False,200,
1787684617.101426,managed,30.0,30.0,28.003,False,200,
1787684617.1347592,managed,30.0,30.0,40.692,False,200,
1787684617.1680927,managed,30.0,30.0,35.602,False,200,
1787684617.201426,managed,30.0,30.0,33.665,False,200,
1787684617.2347593,managed,30.0,30.0,34.168,False,200,
1787684617.2680926,managed,30.0,30.0,30.362,False,200,
1787684617.301426,managed,30.0,30.0,29.155,False,200,
1787684617.3347592,managed,30.0,30.0,30.055,False,200,
1787684617.3680925,managed,30.0,30.0,34.792,False,200,
1787684617.4014258,managed,30.0,30.0,45.025,False,200,
1787684617.4347594,managed,30.0,30.0,36.242,False,200,
1787684617.4680927,managed,30.0,30.0,47.289,False,200,
1787684617.501426,managed,30.0,30.0,48.375,False,200,
1787684617.5347593,managed,30.0,30.0,32.178,False,200,
1787684617.5680926,managed,30.0,30.0,39.47,False,200,
1787684617.601426,managed,30.0,30.0,40.065,False,200,
1787684617.6347592,managed,30.0,30.0,37.101,False,200,
1787684617.6680927,managed,30.0,30.0,34.15,False,200,
1787684617.701426,managed,30.0,30.0,40.326,False,200,
1787684617.7347593,managed,30.0,30.0,29.913,False,200,
1787684617.7680926,managed,30.0,30.0,38.128,False,200,
1787684617.801426,managed,30.0,30.0,34.74,False,200,
1787684617.8347592,managed,30.0,30.0,32.157,False,200,
1787684617.8680925,managed,30.0,30.0,46.26,False,200,
1787684617.9014258,managed,30.0,30.0,30.089,False,200,
1787684617.9347594,managed,30.0,30.0,31.782,False,200,
1787684617.9680927,managed,30.0,30.0,34.247,False,200,
1787684618.001426,managed,30.0,30.0,29.985,False,200,
1787684618.0347593,managed,30.0,30.0,35.357,False,200,
1787684618.0680926,managed,30.0,30.0,45.358,False,200,
1787684618.101426,managed,30.0,30.0,39.586,False,200,
1787684618.1347592,managed,30.0,30.0,34.886,False,200,
1787684618.1680927,managed,30.0,30.0,33.796,False,200,
1787684618.201426,managed,30.0,30.0,30.676,False,200,
1787684618.2347593,managed,30.0,30.0,30.979,False,200,
1787684618.2680926,managed,30.0,30.0,39.053,False,200,
1787684618.301426,managed,30.0,30.0,39.304,False,200,
1787684618.3347592,managed,30.0,30.0,37.331,False,200,
1787684618.3680925,managed,30.0,30.0,29.374,False,200,
1787684618.4014258,managed,30.0,30.0,29.387,False,200,
1787684618.4347594,managed,30.0,30.0,33.637,False,200,
1787684618.4680927,managed,30.0,30.0,28.978,False,200,
1787684618.501426,managed,30.0,30.0,40.422,False,200,
1787684618.5347593,managed,30.0,30.0,46.894,False,200,
1787684618.5680926,managed,30.0,30.0,41.009,False,200,
1787684618.601426,managed,30.0,30.0,37.124,False,200,
1787684618.6347592,managed,30.0,30.0,36.003,False,200,
1787684618.6680927,managed,30.0,30.0,35.831,False,200,
1787684618.701426,managed,30.0,30.0,37.832,False,200,
1787684618.7347593,managed,30.0,30.0,43.299,False,200,
1787684618.7680926,managed,30.0,30.0,39.929,False,200,
1787684618.801426,managed,30.0,30.0,27.326,False,200,
1787684618.8347592,managed,30.0,30.0,33.502,False,200,
1787684618.8680925,managed,30.0,30.0,30.942,False,200,
1787684618.9014258,managed,30.0,30.0,40.373,False,200,
1787684618.9347594,managed,30.0,30.0,30.629,False,200,
1787684618.9680927,managed,30.0,30.0,39.556,False,200,
1787684619.001426,managed,30.0,30.0,33.894,False,200,
1787684619.0347593,managed,30.0,30.0,36.756,False,200,
1787684619.0680926,managed,30.0,30.0,34.708,False,200,
1787684619.101426,managed,30.0,30.0,46.038,False,200,
1787684619.1347592,managed,30.0,30.0,25.555,False,200,
1787684619.1680927,managed,30.0,30.0,38.2,False,200,
1787684619.201426,managed,30.0,30.0,41.622,False,200,
1787684619.2347593,managed,30.0,30.0,35.96,False,200,
1787684619.2680926,managed,30.0,30.0,27.254,False,200,
1787684619.301426,managed,30.0,30.0,39.706,False,200,
1787684619.3347592,managed,30.0,30.0,34.615,False,200,
1787684619.3680925,managed,30.0,30.0,30.481,False,200,
1787684619.4014258,managed,30.0,30.0,37.267,False,200,
1787684619.4347594,managed,30.0,30.0,42.88,False,200,
1787684619.4680927,managed,30.0,30.0,43.763,False,200,
1787684619.501426,managed,30.0,30.0,26.044,False,200,
1787684619.5347593,managed,30.0,30.0,38.96,False,200,
1787684619.5680926,managed,30.0,30.0,28.108,False,200,
1787684619.601426,managed,30.0,30.0,30.956,False,200,
1787684619.6347592,managed,30.0,30.0,34.422,False,200,
1787684619.6680927,managed,30.0,30.0,40.013,False,200,
1787684619.701426,managed,30.0,30.0,35.518,False,200,
1787684619.7347593,managed,30.0,30.0,21.515,False,200,
1787684619.7680926,managed,30.0,30.0,33.057,False,200,
1787684619.801426,managed,30.0,30.0,38.052,False,200,
1787684619.8347592,managed,30.0,30.0,41.198,False,200,
1787684619.8680925,managed,30.0,30.0,42.153,False,200,
1787684619.9014258,managed,30.0,30.0,48.33,False,200,
1787684619.9347594,managed,30.0,30.0,35.803,False,200,
1787684619.9680927,managed,30.0,30.0,34.114,False,200,
1787684620.001426,managed,30.0,30.0,36.212,False,200,
1787684620.0347593,managed,30.0,30.0,33.937,False,200,
1787684620.0680926,managed,30.0,30.0,31.841,False,200,
1787684620.101426,managed,30.0,30.0,41.757,False,200,
1787684620.1347592,managed,30.0,30.0,33.717,False,200,
1787684620.1680927,managed,30.0,30.0,30.149,False,200,
1787684620.201426,managed,30.0,30.0,33.791,False,200,
1787684620.2347593,managed,30.0,30.0,36.197,False,200,
1787684620.2680926,managed,30.0,30.0,39.306,False,200,
1787684620.301426,managed,30.0,30.0,33.793,False,200,
1787684620.3347592,managed,30.0,30.0,25.271,False,200,
1787684620.3680925,managed,30.0,30.0,32.838,False,200,
1787684620.4014258,managed,30.0,30.0,28.706,False,200,
1787684620.4347594,managed,30.0,30.0,33.555,False,200,
1787684620.4680927,managed,30.0,30.0,37.389,False,200,
1787684620.501426,managed,30.0,30.0,30.362,False,200,
1787684620.5347593,managed,30.0,30.0,25.875,False,200,
1787684620.5680926,managed,30.0,30.0,28.246,False,200,
1787684620.601426,managed,30.0,30.0,29.587,False,200,
1787684620.6347592,managed,30.0,30.0,32.498,False,200,
1787684620.6680927,managed,30.0,30.0,28.185,False,200,
1787684620.701426,managed,30.0,30.0,38.61,False,200,
1787684620.7347593,managed,30.0,30.0,31.06,False,200,
1787684620.7680926,managed,30.0,30.0,29.183,False,200,
1787684620.801426,managed,30.0,30.0,31.246,False,200,
1787684620.8347592,managed,30.0,30.0,35.54,False,200,
1787684620.8680925,managed,30.0,30.0,34.47,False,200,
1787684620.9014258,managed,30.0,30.0,30.633,False,200,
1787684620.9347594,managed,30.0,30.0,30.924,False,200,
1787684620.9680927,managed,30.0,30.0,32.1,False,200,
1787684621.001426,managed,30.0,30.0,40.938,False,200,
1787684621.0347593,managed,30.0,30.0,42.109,False,200,
1787684621.0680926,managed,30.0,30.0,31.79,False,200,
1787684621.101426,managed,30.0,30.0,23.985,False,200,
1787684621.1347592,managed,30.0,30.0,36.572,False,200,
1787684621.1680927,managed,30.0,30.0,30.666,False,200,
1787684621.201426,managed,30.0,30.0,40.075,False,200,
1787684621.2347593,managed,30.0,30.0,38.488,False,200,
1787684621.2680926,managed,30.0,30.0,32.657,False,200,
1787684621.301426,managed,30.0,30.0,35.556,False,200,
1787684621.3347592,managed,30.0,30.0,29.933,False,200,
1787684621.3680925,managed,30.0,30.0,29.161,False,200,
1787684621.4014258,managed,30.0,30.0,59.665,False,200,
1787684621.4347594,managed,30.0,30.0,32.587,False,200,
1787684621.4680927,managed,30.0,30.0,34.905,False,200,
1787684621.501426,managed,30.0,30.0,30.031,False,200,
1787684621.5347593,managed,30.0,30.0,36.013,False,200,
1787684621.5680926,managed,30.0,30.0,27.718,False,200,
1787684621.601426,managed,30.0,30.0,37.465,False,200,
1787684621.6347592,managed,30.0,30.0,36.429,False,200,
1787684621.6680927,managed,30.0,30.0,31.535,False,200,
1787684621.701426,managed,30.0,30.0,32.521,False,200,
1787684621.7347593,managed,30.0,30.0,40.928,False,200,
1787684621.7680926,managed,30.0,30.0,34.218,False,200,
1787684621.801426,managed,30.0,30.0,38.053,False,200,
1787684621.8347592,managed,30.0,30.0,38.377,False,200,
1787684621.8680925,managed,30.0,30.0,35.244,False,200,
1787684621.9014258,managed,30.0,30.0,38.167,False,200,
1787684621.9347594,managed,30.0,30.0,38.424,False,200,
1787684621.9680927,managed,30.0,30.0,31.993,False,200,
1787684622.001426,managed,30.0,30.0,31.046,False,200,
1787684622.0347593,managed,30.0,30.0,36.205,False,200,
1787684622.0680926,managed,30.0,30.0,31.688,False,200,
1787684622.101426,managed,30.0,30.0,36.376,False,200,
1787684622.1347592,managed,30.0,30.0,30.861,False,200,
1787684622.1680927,managed,30.0,30.0,30.213,False,200,
1787684622.201426,managed,30.0,30.0,29.297,False,200,
1787684622.2347593,managed,30.0,30.0,40.834,False,200,
1787684622.2680926,managed,30.0,30.0,29.713,False,200,
1787684622.301426,managed,30.0,30.0,32.999,False,200,
1787684622.3347592,managed,30.0,30.0,47.772,False,200,
1787684622.3680925,managed,30.0,30.0,39.014,False,200,
1787684622.4014258,managed,30.0,30.0,33.293,False,200,
1787684622.4347594,managed,30.0,30.0,30.338,False,200,
1787684622.4680927,managed,30.0,30.0,38.984,False,200,
1787684622.501426,managed,30.0,30.0,51.079,False,200,
1787684622.5347593,managed,30.0,30.0,36.883,False,200,
1787684622.5680926,managed,30.0,30.0,34.473,False,200,
1787684622.601426,managed,30.0,30.0,31.409,False,200,
1787684622.6347592,managed,30.0,30.0,39.738,False,200,
1787684622.6680927,managed,30.0,30.0,40.138,False,200,
1787684622.701426,managed,30.0,30.0,34.111,False,200,
1787684622.7347593,managed,30.0,30.0,39.914,False,200,
1787684622.7680926,managed,30.0,30.0,32.265,False,200,
1787684622.801426,managed,30.0,30.0,28.865,False,200,
1787684622.8347592,managed,30.0,30.0,30.726,False,200,
1787684622.8680925,managed,30.0,30.0,37.768,False,200,
1787684622.9014258,managed,30.0,30.0,40.101,False,200,
1787684622.9347594,managed,30.0,30.0,29.224,False,200,
1787684622.9680927,managed,30.0,30.0,34.712,False,200,
1787684623.001426,managed,30.0,30.0,42.713,False,200,
1787684623.0347593,managed,30.0,30.0,48.652,False,200,
1787684623.0680926,managed,30.0,30.0,29.451,False,200,
1787684623.101426,managed,30.0,30.0,42.157,False,200,
1787684623.1347592,managed,30.0,30.0,34.422,False,200,
1787684623.1680927,managed,30.0,30.0,34.41,False,200,
1787684623.201426,managed,30.0,30.0,36.854,False,200,
1787684623.2347593,managed,30.0,30.0,32.575,False,200,
1787684623.2680926,managed,30.0,30.0,34.071,False,200,
1787684623.301426,managed,30.0,30.0,38.963,False,200,
1787684623.3347592,managed,30.0,30.0,29.318,False,200,
1787684623.3680925,managed,30.0,30.0,27.803,False,200,
1787684623.4014258,managed,30.0,30.0,48.253,False,200,
1787684623.4347594,managed,30.0,30.0,30.777,False,200,
1787684623.4680927,managed,30.0,30.0,38.903,False,200,
1787684623.501426,managed,30.0,30.0,21.79,False,200,
1787684623.5347593,managed,30.0,30.0,36.587,False,200,
1787684623.5680926,managed,30.0,30.0,36.813,False,200,
1787684623.601426,managed,30.0,30.0,43.494,False,200,
1787684623.6347592,managed,30.0,30.0,39.948,False,200,
1787684623.6680927,managed,30.0,30.0,27.971,False,200,
1787684623.701426,managed,30.0,30.0,38.449,False,200,
1787684623.7347593,managed,30.0,30.0,39.176,False,200,
1787684623.7680926,managed,30.0,30.0,35.617,False,200,
1787684623.801426,managed,30.0,30.0,33.47,False,200,
1787684623.8347592,managed,30.0,30.0,23.248,False,200,
1787684623.8680925,managed,30.0,30.0,34.257,False,200,
1787684623.9014258,managed,30.0,30.0,33.963,False,200,
1787684623.9347594,managed,30.0,30.0,41.332,False,200,
1787684623.9680927,managed,30.0,30.0,41.277,False,200,
1787684624.001426,managed,30.0,30.0,33.131,False,200,
1787684624.0347593,managed,30.0,30.0,26.328,False,200,
1787684624.0680926,managed,30.0,30.0,35.03,False,200,
1787684624.101426,managed,30.0,30.0,38.01,False,200,
1787684624.1347592,managed,30.0,30.0,34.943,False,200,
1787684624.1680927,managed,30.0,30.0,33.72,False,200,
1787684624.201426,managed,30.0,30.0,50.033,False,200,
1787684624.2347593,managed,30.0,30.0,51.976,False,200,
1787684624.2680926,managed,30.0,30.0,30.834,False,200,
1787684624.301426,managed,30.0,30.0,32.436,False,200,
1787684624.3347592,managed,30.0,30.0,47.651,False,200,
1787684624.3680925,managed,30.0,30.0,40.382,False,200,
1787684624.4014258,managed,30.0,30.0,32.837,False,200,
1787684624.4347594,managed,30.0,30.0,31.894,False,200,
1787684624.4680927,managed,30.0,30.0,31.404,False,200,
1787684624.501426,managed,30.0,30.0,37.367,False,200,
1787684624.5347593,managed,30.0,30.0,35.305,False,200,
1787684624.5680926,managed,30.0,30.0,39.317,False,200,
1787684624.601426,managed,30.0,30.0,28.997,False,200,
1787684624.6347592,managed,30.0,30.0,32.097,False,200,
1787684624.6680927,managed,30.0,30.0,31.726,False,200,
1787684624.701426,managed,30.0,30.0,33.821,False,200,
1787684624.7347593,managed,30.0,30.0,37.011,False,200,
1787684624.7680926,managed,30.0,30.0,35.703,False,200,
1787684624.801426,managed,30.0,30.0,27.19,False,200,
1787684624.8347592,managed,30.0,30.0,41.589,False,200,
1787684624.8680925,managed,30.0,30.0,35.805,False,200,
1787684624.9014258,managed,30.0,30.0,32.155,False,200,
1787684624.9347594,managed,30.0,30.0,40.72,False,200,
1787684624.9680927,managed,30.0,30.0,31.962,False,200,
1787684625.001426,managed,30.0,30.0,36.192,False,200,
1787684625.0347593,managed,30.0,30.0,44.348,False,200,
1787684625.0680926,managed,30.0,30.0,34.392,False,200,
1787684625.101426,managed,30.0,30.0,40.276,False,200,
1787684625.1347592,managed,30.0,30.0,42.318,False,200,
1787684625.1680927,managed,30.0,30.0,42.529,False,200,
1787684625.201426,managed,30.0,30.0,36.311,False,200,
1787684625.2347593,managed,30.0,30.0,41.144,False,200,
1787684625.2680926,managed,30.0,30.0,34.568,False,200,
1787684625.301426,managed,30.0,30.0,37.477,False,200,
1787684625.3347592,managed,30.0,30.0,37.965,False,200,
1787684625.3680925,managed,30.0,30.0,35.557,False,200,
1787684625.4014258,managed,30.0,30.0,33.692,False,200,
1787684625.4347594,managed,30.0,30.0,28.257,False,200,
1787684625.4680927,managed,30.0,30.0,37.59,False,200,
1787684625.501426,managed,30.0,30.0,37.387,False,200,
1787684625.5347593,managed,30.0,30.0,30.572,False,200,
1787684625.5680926,managed,30.0,30.0,28.859,False,200,
1787684625.601426,managed,30.0,30.0,35.476,False,200,
1787684625.6347592,managed,30.0,30.0,37.342,False,200,
1787684625.6680927,managed,30.0,30.0,31.325,False,200,
1787684625.701426,managed,30.0,30.0,36.025,False,200,
1787684625.7347593,managed,30.0,30.0,45.209,False,200,
1787684625.7680926,managed,30.0,30.0,38.176,False,200,
1787684625.801426,managed,30.0,30.0,32.162,False,200,
1787684625.8347592,managed,30.0,30.0,36.539,False,200,
1787684625.8680925,managed,30.0,30.0,37.067,False,200,
1787684625.9014258,managed,30.0,30.0,40.198,False,200,
1787684625.9347594,managed,30.0,30.0,38.804,False,200,
1787684625.9680927,managed,30.0,30.0,42.089,False,200,
1787684626.001426,managed,30.0,30.0,31.291,False,200,
1787684626.0347593,managed,30.0,30.0,36.613,False,200,
1787684626.0680926,managed,30.0,30.0,33.775,False,200,
1787684626.101426,managed,30.0,30.0,36.216,False,200,
1787684626.1347592,managed,30.0,30.0,26.499,False,200,
1787684626.1680927,managed,30.0,30.0,32.386,False,200,
1787684626.201426,managed,30.0,30.0,31.299,False,200,
1787684626.2347593,managed,30.0,30.0,36.804,False,200,
1787684626.2680926,managed,30.0,30.0,36.302,False,200,
1787684626.301426,managed,30.0,30.0,32.62,False,200,
1787684626.3347592,managed,30.0,30.0,33.865,False,200,
1787684626.3680925,managed,30.0,30.0,31.511,False,200,
1787684626.4014258,managed,30.0,30.0,38.948,False,200,
1787684626.4347594,managed,30.0,30.0,38.337,False,200,
1787684626.4680927,managed,30.0,30.0,37.455,False,200,
1787684626.501426,managed,30.0,30.0,37.178,False,200,
1787684626.5347593,managed,30.0,30.0,44.872,False,200,
1787684626.5680926,managed,30.0,30.0,34.765,False,200,
1787684626.601426,managed,30.0,30.0,32.849,False,200,
1787684626.6347592,managed,30.0,30.0,48.985,False,200,
1787684626.6680927,managed,30.0,30.0,44.578,False,200,
1787684626.701426,managed,30.0,30.0,29.587,False,200,
1787684626.7347593,managed,30.0,30.0,42.441,False,200,
1787684626.7680926,managed,30.0,30.0,36.843,False,200,
1787684626.801426,managed,30.0,30.0,29.473,False,200,
1787684626.8347592,managed,30.0,30.0,44.909,False,200,
1787684626.8680925,managed,30.0,30.0,32.118,False,200,
1787684626.9014258,managed,30.0,30.0,30.665,False,200,
1787684626.9347594,managed,30.0,30.0,44.565,False,200,
1787684626.9680927,managed,30.0,30.0,41.096,False,200,
1787684627.001426,managed,30.0,30.0,32.984,False,200,
1787684627.0347593,managed,30.0,30.0,39.781,False,200,
1787684627.0680926,managed,30.0,30.0,33.985,False,200,
1787684627.101426,managed,30.0,30.0,24.584,False,200,
1787684627.1347592,managed,30.0,30.0,33.241,False,200,
1787684627.1680927,managed,30.0,30.0,44.641,False,200,
1787684627.201426,managed,30.0,30.0,35.79,False,200,
1787684627.2347593,managed,30.0,30.0,40.109,False,200,
1787684627.2680926,managed,30.0,30.0,28.245,False,200,
1787684627.301426,managed,30.0,30.0,35.364,False,200,
1787684627.3347592,managed,30.0,30.0,26.784,False,200,
1787684627.3680925,managed,30.0,30.0,45.71,False,200,
1787684627.4014258,managed,30.0,30.0,31.143,False,200,
1787684627.4347594,managed,30.0,30.0,38.163,False,200,
1787684627.4680927,managed,30.0,30.0,44.908,False,200,
1787684627.501426,managed,30.0,30.0,35.204,False,200,
1787684627.5347593,managed,30.0,30.0,38.736,False,200,
1787684627.5680926,managed,30.0,30.0,34.322,False,200,
1787684627.601426,managed,30.0,30.0,30.948,False,200,
1787684627.6347592,managed,30.0,30.0,33.374,False,200,
1787684627.6680927,managed,30.0,30.0,33.719,False,200,
1787684627.701426,managed,30.0,30.0,30.47,False,200,
1787684627.7347593,managed,30.0,30.0,44.252,False,200,
1787684627.7680926,managed,30.0,30.0,29.694,False,200,
1787684627.801426,managed,30.0,30.0,36.274,False,200,
1787684627.8347592,managed,30.0,30.0,36.139,False,200,
1787684627.8680925,managed,30.0,30.0,36.845,False,200,
1787684627.9014258,managed,30.0,30.0,25.121,False,200,
1787684627.9347594,managed,30.0,30.0,36.835,False,200,
1787684627.9680927,managed,30.0,30.0,33.126,False,200,
1787684628.001426,managed,30.0,30.0,34.198,False,200,
1787684628.0347593,managed,30.0,30.0,31.124,False,200,
1787684628.0680926,managed,30.0,30.0,34.734,False,200,
1787684628.101426,managed,30.0,30.0,28.996,False,200,
1787684628.1347592,managed,30.0,30.0,37.841,False,200,
1787684628.1680927,managed,30.0,30.0,40.95,False,200,
1787684628.201426,managed,30.0,30.0,35.99,False,200,
1787684628.2347593,managed,30.0,30.0,36.975,False,200,
1787684628.2680926,managed,30.0,30.0,36.891,False,200,
1787684628.301426,managed,30.0,30.0,27.419,False,200,
1787684628.3347592,managed,30.0,30.0,27.828,False,200,
1787684628.3680925,managed,30.0,30.0,35.844,False,200,
1787684628.4014258,managed,30.0,30.0,31.867,False,200,
1787684628.4347594,managed,30.0,30.0,36.578,False,200,
1787684628.4680927,managed,30.0,30.0,29.776,False,200,
1787684628.501426,managed,30.0,30.0,33.791,False,200,
1787684628.5347593,managed,30.0,30.0,37.089,False,200,
1787684628.5680926,managed,30.0,30.0,36.838,False,200,
1787684628.601426,managed,30.0,30.0,53.012,False,200,
1787684628.6347592,managed,30.0,30.0,29.879,False,200,
1787684628.6680927,managed,30.0,30.0,27.648,False,200,
1787684628.701426,managed,30.0,30.0,32.641,False,200,
1787684628.7347593,managed,30.0,30.0,35.673,False,200,
1787684628.7680926,managed,30.0,30.0,33.17,False,200,
1787684628.801426,managed,30.0,30.0,37.163,False,200,
1787684628.8347592,managed,30.0,30.0,28.1,False,200,
1787684628.8680925,managed,30.0,30.0,34.53,False,200,
1787684628.9014258,managed,30.0,30.0,37.168,False,200,
1787684628.9347594,managed,30.0,30.0,44.689,False,200,
1787684628.9680927,managed,30.0,30.0,34.42,False,200,
1787684629.001426,managed,30.0,30.0,36.151,False,200,
1787684629.0347593,managed,30.0,30.0,32.444,False,200,
1787684629.0680926,managed,30.0,30.0,35.502,False,200,
1787684629.101426,managed,30.0,30.0,24.938,False,200,
1787684629.1347592,managed,30.0,30.0,30.175,False,200,
1787684629.1680927,managed,30.0,30.0,39.432,False,200,
1787684629.201426,managed,30.0,30.0,29.794,False,200,
1787684629.2347593,managed,30.0,30.0,39.659,False,200,
1787684629.2680926,managed,30.0,30.0,32.483,False,200,
1787684629.301426,managed,30.0,30.0,44.96,False,200,
1787684629.3347592,managed,30.0,30.0,32.082,False,200,
1787684629.3680925,managed,30.0,30.0,32.444,False,200,
1787684629.4014258,managed,30.0,30.0,37.139,False,200,
1787684629.4347594,managed,30.0,30.0,44.344,False,200,
1787684629.4680927,managed,30.0,30.0,33.341,False,200,
1787684629.501426,managed,30.0,30.0,27.619,False,200,
1787684629.5347593,managed,30.0,30.0,44.084,False,200,
1787684629.5680926,managed,30.0,30.0,30.623,False,200,
1787684629.601426,managed,30.0,30.0,32.777,False,200,
1787684629.6347592,managed,30.0,30.0,31.754,False,200,
1787684629.6680927,managed,30.0,30.0,42.618,False,200,
1787684629.701426,managed,30.0,30.0,32.732,False,200,
1787684629.7347593,managed,30.0,30.0,32.782,False,200,
1787684629.7680926,managed,30.0,30.0,40.693,False,200,
1787684629.801426,managed,30.0,30.0,30.889,False,200,
1787684629.8347592,managed,30.0,30.0,38.477,False,200,
1787684629.8680925,managed,30.0,30.0,44.7,False,200,
1787684629.9014258,managed,30.0,30.0,35.501,False,200,
1787684629.9347594,managed,30.0,30.0,32.617,False,200,
1787684629.9680927,managed,30.0,30.0,45.535,False,200,
1787684630.001426,managed,30.0,30.0,36.071,False,200,
1787684630.0347593,managed,30.0,30.0,44.1,False,200,
1787684630.0680926,managed,30.0,30.0,26.291,False,200,
1787684630.101426,managed,30.0,30.0,25.041,False,200,
1787684630.1347592,managed,30.0,30.0,35.474,False,200,
1787684630.1680927,managed,30.0,30.0,31.684,False,200,
1787684630.201426,managed,30.0,30.0,32.848,False,200,
1787684630.2347593,managed,30.0,30.0,37.905,False,200,
1787684630.2680926,managed,30.0,30.0,29.493,False,200,
1787684630.301426,managed,30.0,30.0,35.167,False,200,
1787684630.3347592,managed,30.0,30.0,34.517,False,200,
1787684630.3680925,managed,30.0,30.0,42.394,False,200,
1787684630.4014258,managed,30.0,30.0,42.723,False,200,
1787684630.4347594,managed,30.0,30.0,31.154,False,200,
1787684630.4680927,managed,30.0,30.0,37.238,False,200,
1787684630.501426,managed,30.0,30.0,30.375,False,200,
1787684630.5347593,managed,30.0,30.0,31.817,False,200,
1787684630.5680926,managed,30.0,30.0,38.601,False,200,
1787684630.601426,managed,30.0,30.0,30.654,False,200,
1787684630.6347592,managed,30.0,30.0,33.297,False,200,
1787684630.6680927,managed,30.0,30.0,33.013,False,200,
1787684630.701426,managed,30.0,30.0,40.659,False,200,
1787684630.7347593,managed,30.0,30.0,28.373,False,200,
1787684630.7680926,managed,30.0,30.0,30.699,False,200,
1787684630.801426,managed,30.0,30.0,32.881,False,200,
1787684630.8347592,managed,30.0,30.0,23.678,False,200,
1787684630.8680925,managed,30.0,30.0,32.741,False,200,
1787684630.9014258,managed,30.0,30.0,32.711,False,200,
1787684630.9347594,managed,30.0,30.0,34.876,False,200,
1787684630.9680927,managed,30.0,30.0,32.456,False,200,
1787684631.001426,managed,30.0,30.0,29.027,False,200,
1787684631.0347593,managed,30.0,30.0,31.165,False,200,
1787684631.0680926,managed,30.0,30.0,40.692,False,200,
1787684631.101426,managed,30.0,30.0,34.59,False,200,
1787684631.1347592,managed,30.0,30.0,34.958,False,200,
1787684631.1680927,managed,30.0,30.0,30.732,False,200,
1787684631.201426,managed,30.0,30.0,42.885,False,200,
1787684631.2347593,managed,30.0,30.0,37.05,False,200,
1787684631.2680926,managed,30.0,30.0,49.37,False,200,
1787684631.301426,managed,30.0,30.0,31.175,False,200,
1787684631.3347592,managed,30.0,30.0,41.849,False,200,
1787684631.3680925,managed,30.0,30.0,35.905,False,200,
1787684631.4014258,managed,30.0,30.0,38.328,False,200,
1787684631.4347594,managed,30.0,30.0,35.065,False,200,
1787684631.4680927,managed,30.0,30.0,30.89,False,200,
1787684631.501426,managed,30.0,30.0,31.468,False,200,
1787684631.5347593,managed,30.0,30.0,45.277,False,200,
1787684631.5680926,managed,30.0,30.0,31.074,False,200,
1787684631.601426,managed,30.0,30.0,34.41,False,200,
1787684631.6347592,managed,30.0,30.0,32.746,False,200,
1787684631.6680927,managed,30.0,30.0,32.6,False,200,
1787684631.701426,managed,30.0,30.0,37.777,False,200,
1787684631.7347593,managed,30.0,30.0,36.627,False,200,
1787684631.7680926,managed,30.0,30.0,32.233,False,200,
1787684631.801426,managed,30.0,30.0,40.051,False,200,
1787684631.8347592,managed,30.0,30.0,33.607,False,200,
1787684631.8680925,managed,30.0,30.0,28.671,False,200,
1787684631.9014258,managed,30.0,30.0,27.672,False,200,
1787684631.9347594,managed,30.0,30.0,34.339,False,200,
1787684631.9680927,managed,30.0,30.0,33.345,False,200,
1787684632.001426,managed,30.0,30.0,32.305,False,200,
1787684632.0347593,managed,30.0,30.0,35.223,False,200,
1787684632.0680926,managed,30.0,30.0,32.317,False,200,
1787684632.101426,managed,30.0,30.0,39.057,False,200,
1787684632.1347592,managed,30.0,30.0,36.632,False,200,
1787684632.1680927,managed,30.0,30.0,27.92,False,200,
1787684632.201426,managed,30.0,30.0,34.586,False,200,
1787684632.2347593,managed,30.0,30.0,30.519,False,200,
1787684632.2680926,managed,30.0,30.0,35.01,False,200,
1787684632.301426,managed,30.0,30.0,42.097,False,200,
1787684632.3347592,managed,30.0,30.0,34.729,False,200,
1787684632.3680925,managed,30.0,30.0,41.41,False,200,
1787684632.4014258,managed,30.0,30.0,39.802,False,200,
1787684632.4347594,managed,30.0,30.0,27.035,False,200,
1787684632.4680927,managed,30.0,30.0,35.155,False,200,
1787684632.501426,managed,30.0,30.0,47.051,False,200,
1787684632.5347593,managed,30.0,30.0,33.132,False,200,
1787684632.5680926,managed,30.0,30.0,42.265,False,200,
1787684632.601426,managed,30.0,30.0,39.491,False,200,
1787684632.6347592,managed,30.0,30.0,41.833,False,200,
1787684632.6680927,managed,30.0,30.0,30.612,False,200,
1787684632.701426,managed,30.0,30.0,29.804,False,200,
1787684632.7347593,managed,30.0,30.0,33.294,False,200,
1787684632.7680926,managed,30.0,30.0,35.867,False,200,
1787684632.801426,managed,30.0,30.0,25.641,False,200,
1787684632.8347592,managed,30.0,30.0,39.565,False,200,
1787684632.8680925,managed,30.0,30.0,36.057,False,200,
1787684632.9014258,managed,30.0,30.0,34.315,False,200,
1787684632.9347594,managed,30.0,30.0,40.368,False,200,
1787684632.9680927,managed,30.0,30.0,38.207,False,200,
1787684633.001426,managed,30.0,30.0,39.334,False,200,
1787684633.0347593,managed,30.0,30.0,32.569,False,200,
1787684633.0680926,managed,30.0,30.0,48.995,False,200,
1787684633.101426,managed,30.0,30.0,30.378,False,200,
1787684633.1347592,managed,30.0,30.0,37.976,False,200,
1787684633.1680927,managed,30.0,30.0,44.352,False,200,
1787684633.201426,managed,30.0,30.0,28.466,False,200,
1787684633.2347593,managed,30.0,30.0,47.382,False,200,
1787684633.2680926,managed,30.0,30.0,37.003,False,200,
1787684633.301426,managed,30.0,30.0,44.48,False,200,
1787684633.3347592,managed,30.0,30.0,47.284,False,200,
1787684633.3680925,managed,30.0,30.0,37.663,False,200,
1787684633.4014258,managed,30.0,30.0,36.17,False,200,
1787684633.4347594,managed,30.0,30.0,33.265,False,200,
1787684633.4680927,managed,30.0,30.0,37.548,False,200,
1787684633.501426,managed,30.0,30.0,43.563,False,200,
1787684633.5347593,managed,30.0,30.0,32.998,False,200,
1787684633.5680926,managed,30.0,30.0,32.146,False,200,
1787684633.601426,managed,30.0,30.0,35.884,False,200,
1787684633.6347592,managed,30.0,30.0,32.234,False,200,
1787684633.6680927,managed,30.0,30.0,23.276,False,200,
1787684633.701426,managed,30.0,30.0,33.353,False,200,
1787684633.7347593,managed,30.0,30.0,30.789,False,200,
1787684633.7680926,managed,30.0,30.0,33.141,False,200,
1787684633.801426,managed,30.0,30.0,38.758,False,200,
1787684633.8347592,managed,30.0,30.0,53.482,False,200,
1787684633.8680925,managed,30.0,30.0,42.246,False,200,
1787684633.9014258,managed,30.0,30.0,43.671,False,200,
1787684633.9347594,managed,30.0,30.0,41.185,False,200,
1787684633.9680927,managed,30.0,30.0,30.429,False,200,
1787684634.001426,managed,30.0,30.0,31.681,False,200,
1787684634.0347593,managed,30.0,30.0,41.381,False,200,
1787684634.0680926,managed,30.0,30.0,30.15,False,200,
1787684634.101426,managed,30.0,30.0,31.579,False,200,
1787684634.1347592,managed,30.0,30.0,36.442,False,200,
1787684634.1680927,managed,30.0,30.0,36.889,False,200,
1787684634.201426,managed,30.0,30.0,39.727,False,200,
1787684634.2347593,managed,30.0,30.0,37.626,False,200,
1787684634.2680926,managed,30.0,30.0,36.556,False,200,
1787684634.301426,managed,30.0,30.0,33.192,False,200,
1787684634.3347592,managed,30.0,30.0,32.826,False,200,
1787684634.3680925,managed,30.0,30.0,28.722,False,200,
1787684634.4014258,managed,30.0,30.0,27.125,False,200,
1787684634.4347594,managed,30.0,30.0,25.219,False,200,
1787684634.4680927,managed,30.0,30.0,30.837,False,200,
1787684634.501426,managed,30.0,30.0,34.373,False,200,
1787684634.5347593,managed,30.0,30.0,33.013,False,200,
1787684634.5680926,managed,30.0,30.0,37.962,False,200,
1787684634.601426,managed,30.0,30.0,38.818,False,200,
1787684634.6347592,managed,30.0,30.0,41.089,False,200,
1787684634.6680927,managed,30.0,30.0,29.458,False,200,
1787684634.701426,managed,30.0,30.0,37.069,False,200,
1787684634.7347593,managed,30.0,30.0,37.39,False,200,
1787684634.7680926,managed,30.0,30.0,40.822,False,200,
1787684634.801426,managed,30.0,30.0,38.658,False,200,
1787684634.8347592,managed,30.0,30.0,54.105,False,200,
1787684634.8680925,managed,30.0,30.0,32.973,False,200,
1787684634.9014258,managed,30.0,30.0,33.541,False,200,
1787684634.9347594,managed,30.0,30.0,22.816,False,200,
1787684634.9680927,managed,30.0,30.0,25.089,False,200,
1787684635.001426,managed,30.0,30.0,28.718,False,200,
1787684635.0347593,managed,30.0,30.0,29.315,False,200,
1787684635.0680926,managed,30.0,30.0,31.82,False,200,
1787684635.101426,managed,30.0,30.0,32.927,False,200,
1787684635.1347592,managed,30.0,30.0,31.492,False,200,
1787684635.1680927,managed,30.0,30.0,32.861,False,200,
1787684635.201426,managed,30.0,30.0,46.189,False,200,
1787684635.2347593,managed,30.0,30.0,28.265,False,200,
1787684635.2680926,managed,30.0,30.0,32.783,False,200,
1787684635.301426,managed,30.0,30.0,39.604,False,200,
1787684635.3347592,managed,30.0,30.0,43.933,False,200,
1787684635.3680925,managed,30.0,30.0,36.757,False,200,
1787684635.4014258,managed,30.0,30.0,34.104,False,200,
1787684635.4347594,managed,30.0,30.0,32.59,False,200,
1787684635.4680927,managed,30.0,30.0,37.966,False,200,
1787684635.501426,managed,30.0,30.0,35.532,False,200,
1787684635.5347593,managed,30.0,30.0,33.107,False,200,
1787684635.5680926,managed,30.0,30.0,46.462,False,200,
1787684635.601426,managed,30.0,30.0,39.822,False,200,
1787684635.6347592,managed,30.0,30.0,33.78,False,200,
1787684635.6680927,managed,30.0,30.0,28.618,False,200,
1787684635.701426,managed,30.0,30.0,35.558,False,200,
1787684635.7347593,managed,30.0,30.0,32.724,False,200,
1787684635.7680926,managed,30.0,30.0,28.258,False,200,
1787684635.801426,managed,30.0,30.0,42.077,False,200,
1787684635.8347592,managed,30.0,30.0,36.459,False,200,
1787684635.8680925,managed,30.0,30.0,29.273,False,200,
1787684635.9014258,managed,30.0,30.0,24.195,False,200,
1787684635.9347594,managed,30.0,30.0,30.08,False,200,
1787684635.9680927,managed,30.0,30.0,31.639,False,200,
1787684636.001426,managed,30.0,30.0,33.31,False,200,
1787684636.0347593,managed,30.0,30.0,36.999,False,200,
1787684636.0680926,managed,30.0,30.0,35.255,False,200,
1787684636.101426,managed,30.0,30.0,35.259,False,200,
1787684636.1347592,managed,30.0,30.0,42.975,False,200,
1787684636.1680927,managed,30.0,30.0,33.113,False,200,
1787684636.201426,managed,30.0,30.0,30.18,False,200,
1787684636.2347593,managed,30.0,30.0,34.994,False,200,
1787684636.2680926,managed,30.0,30.0,39.519,False,200,
1787684636.301426,managed,30.0,30.0,35.305,False,200,
1787684636.3347592,managed,30.0,30.0,32.022,False,200,
1787684636.3680925,managed,30.0,30.0,38.303,False,200,
1787684636.4014258,managed,30.0,30.0,33.933,False,200,
1787684636.4347594,managed,30.0,30.0,33.999,False,200,
1787684636.4680927,managed,30.0,30.0,45.859,False,200,
1787684636.501426,managed,30.0,30.0,42.273,False,200,
1787684636.5347593,managed,30.0,30.0,38.281,False,200,
1787684636.5680926,managed,30.0,30.0,27.979,False,200,
1787684636.601426,managed,30.0,30.0,29.209,False,200,
1787684636.6347592,managed,30.0,30.0,32.391,False,200,
1787684636.6680927,managed,30.0,30.0,41.902,False,200,
1787684636.701426,managed,30.0,30.0,38.765,False,200,
1787684636.7347593,managed,30.0,30.0,37.253,False,200,
1787684636.7680926,managed,30.0,30.0,34.977,False,200,
1787684636.801426,managed,30.0,30.0,39.972,False,200,
1787684636.8347592,managed,30.0,30.0,34.919,False,200,
1787684636.8680925,managed,30.0,30.0,38.17,False,200,
1787684636.9014258,managed,30.0,30.0,28.905,False,200,
1787684636.9347594,managed,30.0,30.0,28.446,False,200,
1787684636.9680927,managed,30.0,30.0,36.529,False,200,
1787684637.001426,managed,30.0,30.0,35.298,False,200,
1787684637.0347593,managed,30.0,30.0,37.161,False,200,
1787684637.0680926,managed,30.0,30.0,31.057,False,200,
1787684637.101426,managed,30.0,30.0,30.341,False,200,
1787684637.1347592,managed,30.0,30.0,35.755,False,200,
1787684637.1680927,managed,30.0,30.0,36.699,False,200,
1787684637.201426,managed,30.0,30.0,42.471,False,200,
1787684637.2347593,managed,30.0,30.0,35.197,False,200,
1787684637.2680926,managed,30.0,30.0,32.92,False,200,
1787684637.301426,managed,30.0,30.0,40.499,False,200,
1787684637.3347592,managed,30.0,30.0,35.877,False,200,
1787684637.3680925,managed,30.0,30.0,32.278,False,200,
1787684637.4014258,managed,30.0,30.0,34.442,False,200,
1787684637.4347594,managed,30.0,30.0,32.559,False,200,
1787684637.4680927,managed,30.0,30.0,42.407,False,200,
1787684637.501426,managed,30.0,30.0,38.274,False,200,
1787684637.5347593,managed,30.0,30.0,28.751,False,200,
1787684637.5680926,managed,30.0,30.0,31.646,False,200,
1787684637.601426,managed,30.0,30.0,35.103,False,200,
1787684637.6347592,managed,30.0,30.0,33.14,False,200,
1787684637.6680927,managed,30.0,30.0,47.435,False,200,
1787684637.701426,managed,30.0,30.0,42.868,False,200,
1787684637.7347593,managed,30.0,30.0,34.33,False,200,
1787684637.7680926,managed,30.0,30.0,32.94,False,200,
1787684637.801426,managed,30.0,30.0,32.32,False,200,
1787684637.8347592,managed,30.0,30.0,38.587,False,200,
1787684637.8680925,managed,30.0,30.0,44.925,False,200,
1787684637.9014258,managed,30.0,30.0,38.645,False,200,
1787684637.9347594,managed,30.0,30.0,33.505,False,200,
1787684637.9680927,managed,30.0,30.0,33.52,False,200,
1787684638.001426,managed,30.0,30.0,26.673,False,200,
1787684638.0347593,managed,30.0,30.0,35.071,False,200,
1787684638.0680926,managed,30.0,30.0,36.407,False,200,
1787684638.101426,managed,30.0,30.0,37.199,False,200,
1787684638.1347592,managed,30.0,30.0,34.253,False,200,
1787684638.1680927,managed,30.0,30.0,33.665,False,200,
1787684638.201426,managed,30.0,30.0,34.185,False,200,
1787684638.2347593,managed,30.0,30.0,30.364,False,200,
1787684638.2680926,managed,30.0,30.0,34.337,False,200,
1787684638.301426,managed,30.0,30.0,34.883,False,200,
1787684638.3347592,managed,30.0,30.0,37.586,False,200,
1787684638.3680925,managed,30.0,30.0,42.393,False,200,
1787684638.4014258,managed,30.0,30.0,37.318,False,200,
1787684638.4347594,managed,30.0,30.0,34.841,False,200,
1787684638.4680927,managed,30.0,30.0,35.124,False,200,
1787684638.501426,managed,30.0,30.0,32.104,False,200,
1787684638.5347593,managed,30.0,30.0,40.791,False,200,
1787684638.5680926,managed,30.0,30.0,29.468,False,200,
1787684638.601426,managed,30.0,30.0,30.051,False,200,
1787684638.6347592,managed,30.0,30.0,39.132,False,200,
1787684638.6680927,managed,30.0,30.0,36.164,False,200,
1787684638.701426,managed,30.0,30.0,35.144,False,200,
1787684638.7347593,managed,30.0,30.0,42.807,False,200,
1787684638.7680926,managed,30.0,30.0,30.047,False,200,
1787684638.801426,managed,30.0,30.0,40.435,False,200,
1787684638.8347592,managed,30.0,30.0,31.671,False,200,
1787684638.8680925,managed,30.0,30.0,27.986,False,200,
1787684638.9014258,managed,30.0,30.0,32.802,False,200,
1787684638.9347594,managed,30.0,30.0,38.606,False,200,
1787684638.9680927,managed,30.0,30.0,41.934,False,200,
1787684639.001426,managed,30.0,30.0,38.008,False,200,
1787684639.0347593,managed,30.0,30.0,34.06,False,200,
1787684639.0680926,managed,30.0,30.0,32.354,False,200,
1787684639.101426,managed,30.0,30.0,40.439,False,200,
1787684639.1347592,managed,30.0,30.0,35.932,False,200,
1787684639.1680927,managed,30.0,30.0,34.04,False,200,
1787684639.201426,managed,30.0,30.0,35.882,False,200,
1787684639.2347593,managed,30.0,30.0,35.462,False,200,
1787684639.2680926,managed,30.0,30.0,37.607,False,200,
1787684639.301426,managed,30.0,30.0,40.928,False,200,
1787684639.3347592,managed,30.0,30.0,28.091,False,200,
1787684639.3680925,managed,30.0,30.0,50.619,False,200,
1787684639.4014258,managed,30.0,30.0,33.493,False,200,
1787684639.4347594,managed,30.0,30.0,40.575,False,200,
1787684639.4680927,managed,30.0,30.0,43.254,False,200,
1787684639.501426,managed,30.0,30.0,37.33,False,200,
1787684639.5347593,managed,30.0,30.0,41.374,False,200,
1787684639.5680926,managed,30.0,30.0,30.495,False,200,
1787684639.601426,managed,30.0,30.0,38.469,False,200,
1787684639.6347592,managed,30.0,30.0,33.987,False,200,
1787684639.6680927,managed,30.0,30.0,48.358,False,200,
1787684639.701426,managed,30.0,30.0,38.101,False,200,
1787684639.7347593,managed,30.0,30.0,40.536,False,200,
1787684639.7680926,managed,30.0,30.0,38.663,False,200,
1787684639.801426,managed,30.0,30.0,39.591,False,200,
1787684639.8347592,managed,30.0,30.0,25.95,False,200,
1787684639.8680925,managed,30.0,30.0,38.868,False,200,
1787684639.9014258,managed,30.0,30.0,28.952,False,200,
1787684639.9347594,managed,30.0,30.0,39.94,False,200,
1787684639.9680927,managed,30.0,30.0,39.591,False,200,
1787684640.001426,managed,30.0,30.0,29.008,False,200,
1787684640.0347593,managed,30.0,30.0,37.837,False,200,
1787684640.0680926,managed,30.0,30.0,36.611,False,200,
1787684640.101426,managed,30.0,30.0,42.248,False,200,
1787684640.1347592,managed,30.0,30.0,32.979,False,200,
1787684640.1680927,managed,30.0,30.0,44.007,False,200,
1787684640.201426,managed,30.0,30.0,40.771,False,200,
1787684640.2347593,managed,30.0,30.0,33.368,False,200,
1787684640.2680926,managed,30.0,30.0,36.776,False,200,
1787684640.301426,managed,30.0,30.0,30.697,False,200,
1787684640.3347592,managed,30.0,30.0,30.829,False,200,
1787684640.3680925,managed,30.0,30.0,31.802,False,200,
1787684640.4014258,managed,30.0,30.0,37.251,False,200,
1787684640.4347594,managed,30.0,30.0,35.659,False,200,
1787684640.4680927,managed,30.0,30.0,41.13,False,200,
1787684640.501426,managed,30.0,30.0,38.838,False,200,
1787684640.5347593,managed,30.0,30.0,26.855,False,200,
1787684640.5680926,managed,30.0,30.0,33.649,False,200,
1787684640.601426,managed,30.0,30.0,41.521,False,200,
1787684640.6347592,managed,30.0,30.0,38.156,False,200,
1787684640.6680927,managed,30.0,30.0,35.953,False,200,
1787684640.701426,managed,30.0,30.0,35.693,False,200,
1787684640.7347593,managed,30.0,30.0,26.526,False,200,
1787684640.7680926,managed,30.0,30.0,37.237,False,200,
1787684640.801426,managed,30.0,30.0,33.054,False,200,
1787684640.8347592,managed,30.0,30.0,24.402,False,200,
1787684640.8680925,managed,30.0,30.0,44.142,False,200,
1787684640.9014258,managed,30.0,30.0,36.86,False,200,
1787684640.9347594,managed,30.0,30.0,39.051,False,200,
1787684640.9680927,managed,30.0,30.0,41.285,False,200,
1787684641.001426,managed,30.0,30.0,31.895,False,200,
1787684641.0347593,managed,30.0,30.0,40.151,False,200,
1787684641.0680926,managed,30.0,30.0,32.06,False,200,
1787684641.101426,managed,30.0,30.0,36.661,False,200,
1787684641.1347592,managed,30.0,30.0,28.325,False,200,
1787684641.1680927,managed,30.0,30.0,34.071,False,200,
1787684641.201426,managed,30.0,30.0,33.925,False,200,
1787684641.2347593,managed,30.0,30.0,33.251,False,200,
1787684641.2680926,managed,30.0,30.0,31.005,False,200,
1787684641.301426,managed,30.0,30.0,38.796,False,200,
1787684641.3347592,managed,30.0,30.0,34.893,False,200,
1787684641.3680925,managed,30.0,30.0,37.741,False,200,
1787684641.4014258,managed,30.0,30.0,38.747,False,200,
1787684641.4347594,managed,30.0,30.0,28.012,False,200,
1787684641.4680927,managed,30.0,30.0,31.577,False,200,
1787684641.501426,managed,30.0,30.0,37.566,False,200,
1787684641.5347593,managed,30.0,30.0,31.951,False,200,
1787684641.5680926,managed,30.0,30.0,39.475,False,200,
1787684641.601426,managed,30.0,30.0,45.245,False,200,
1787684641.6347592,managed,30.0,30.0,35.122,False,200,
1787684641.6680927,managed,30.0,30.0,30.323,False,200,
1787684641.701426,managed,30.0,30.0,31.582,False,200,
1787684641.7347593,managed,30.0,30.0,28.656,False,200,
1787684641.7680926,managed,30.0,30.0,37.599,False,200,
1787684641.801426,managed,30.0,30.0,34.586,False,200,
1787684641.8347592,managed,30.0,30.0,33.996,False,200,
1787684641.8680925,managed,30.0,30.0,37.247,False,200,
1787684641.9014258,managed,30.0,30.0,43.417,False,200,
1787684641.9347594,managed,30.0,30.0,32.525,False,200,
1787684641.9680927,managed,30.0,30.0,38.376,False,200,
1787684642.001426,managed,30.0,30.0,33.557,False,200,
1787684642.0347593,managed,30.0,30.0,31.32,False,200,
1787684642.0680926,managed,30.0,30.0,47.89,False,200,
1787684642.101426,managed,30.0,30.0,35.719,False,200,
1787684642.1347592,managed,30.0,30.0,33.465,False,200,
1787684642.1680927,managed,30.0,30.0,34.503,False,200,
1787684642.201426,managed,30.0,30.0,38.322,False,200,
1787684642.2347593,managed,30.0,30.0,35.232,False,200,
1787684642.2680926,managed,30.0,30.0,37.062,False,200,
1787684642.301426,managed,30.0,30.0,41.268,False,200,
1787684642.3347592,managed,30.0,30.0,30.11,False,200,
1787684642.3680925,managed,30.0,30.0,34.187,False,200,
1787684642.4014258,managed,30.0,30.0,35.757,False,200,
1787684642.4347594,managed,30.0,30.0,28.585,False,200,
1787684642.4680927,managed,30.0,30.0,37.851,False,200,
1787684642.501426,managed,30.0,30.0,35.599,False,200,
1787684642.5347593,managed,30.0,30.0,37.745,False,200,
1787684642.5680926,managed,30.0,30.0,34.924,False,200,
1787684642.601426,managed,30.0,30.0,42.349,False,200,
1787684642.6347592,managed,30.0,30.0,37.255,False,200,
1787684642.6680927,managed,30.0,30.0,39.229,False,200,
1787684642.701426,managed,30.0,30.0,31.613,False,200,
1787684642.7347593,managed,30.0,30.0,26.77,False,200,
1787684642.7680926,managed,30.0,30.0,28.271,False,200,
1787684642.801426,managed,30.0,30.0,35.097,False,200,
1787684642.8347592,managed,30.0,30.0,30.042,False,200,
1787684642.8680925,managed,30.0,30.0,41.059,False,200,
1787684642.9014258,managed,30.0,30.0,44.581,False,200,
1787684642.9347594,managed,30.0,30.0,32.174,False,200,
1787684642.9680927,managed,30.0,30.0,32.677,False,200,
1787684643.001426,managed,30.0,30.0,27.409,False,200,
1787684643.0347593,managed,30.0,30.0,53.745,False,200,
1787684643.0680926,managed,30.0,30.0,36.973,False,200,
1787684643.101426,managed,30.0,30.0,33.153,False,200,
1787684643.1347592,managed,30.0,30.0,34.689,False,200,
1787684643.1680927,managed,30.0,30.0,27.395,False,200,
1787684643.201426,managed,30.0,30.0,46.656,False,200,
1787684643.2347593,managed,30.0,30.0,28.779,False,200,
1787684643.2680926,managed,30.0,30.0,30.403,False,200,
1787684643.301426,managed,30.0,30.0,33.738,False,200,
1787684643.3347592,managed,30.0,30.0,30.178,False,200,
1787684643.3680925,managed,30.0,30.0,34.352,False,200,
1787684643.4014258,managed,30.0,30.0,41.623,False,200,
1787684643.4347594,managed,30.0,30.0,30.898,False,200,
1787684643.4680927,managed,30.0,30.0,32.344,False,200,
1787684643.501426,managed,30.0,30.0,34.415,False,200,
1787684643.5347593,managed,30.0,30.0,39.045,False,200,
1787684643.5680926,managed,30.0,30.0,40.67,False,200,
1787684643.601426,managed,30.0,30.0,40.579,False,200,
1787684643.6347592,managed,30.0,30.0,30.896,False,200,
1787684643.6680927,managed,30.0,30.0,38.523,False,200,
1787684643.701426,managed,30.0,30.0,32.414,False,200,
1787684643.7347593,managed,30.0,30.0,28.237,False,200,
1787684643.7680926,managed,30.0,30.0,38.126,False,200,
1787684643.801426,managed,30.0,30.0,41.307,False,200,
1787684643.8347592,managed,30.0,30.0,37.042,False,200,
1787684643.8680925,managed,30.0,30.0,33.128,False,200,
1787684643.9014258,managed,30.0,30.0,49.791,False,200,
1787684643.9347594,managed,30.0,30.0,36.654,False,200,
1787684643.9680927,managed,30.0,30.0,39.202,False,200,
1787684644.001426,managed,30.0,30.0,38.829,False,200,
1787684644.0347593,managed,30.0,30.0,34.082,False,200,
1787684644.0680926,managed,30.0,30.0,41.706,False,200,
1787684644.101426,managed,30.0,30.0,42.666,False,200,
1787684644.1347592,managed,30.0,30.0,30.563,False,200,
1787684644.1680927,managed,30.0,30.0,30.226,False,200,
1787684644.201426,managed,30.0,30.0,47.491,False,200,
1787684644.2347593,managed,30.0,30.0,35.967,False,200,
1787684644.2680926,managed,30.0,30.0,34.643,False,200,
1787684644.301426,managed,30.0,30.0,37.124,False,200,
1787684644.3347592,managed,30.0,30.0,31.775,False,200,
1787684644.3680925,managed,30.0,30.0,35.051,False,200,
1787684644.4014258,managed,30.0,30.0,28.054,False,200,
1787684644.4347594,managed,30.0,30.0,35.269,False,200,
1787684644.4680927,managed,30.0,30.0,28.721,False,200,
1787684644.501426,managed,30.0,30.0,33.131,False,200,
1787684644.5347593,managed,30.0,30.0,45.221,False,200,
1787684644.5680926,managed,30.0,30.0,37.047,False,200,
1787684644.601426,managed,30.0,30.0,47.438,False,200,
1787684644.6347592,managed,30.0,30.0,29.006,False,200,
1787684644.6680927,managed,30.0,30.0,44.567,False,200,
1787684644.701426,managed,30.0,30.0,51.142,False,200,
1787684644.7347593,managed,30.0,30.0,37.948,False,200,
1787684644.7680926,managed,30.0,30.0,37.51,False,200,
1787684644.801426,managed,30.0,30.0,42.194,False,200,
1787684644.8347592,managed,30.0,30.0,27.981,False,200,
1787684644.8680925,managed,30.0,30.0,32.667,False,200,
1787684644.9014258,managed,30.0,30.0,37.708,False,200,
1787684644.9347594,managed,30.0,30.0,41.791,False,200,
1787684644.9680927,managed,30.0,30.0,35.521,False,200,
1787684645.001426,managed,30.0,30.0,31.792,False,200,
1787684645.0347593,managed,30.0,30.0,38.04,False,200,
1787684645.0680926,managed,30.0,30.0,36.967,False,200,
1787684645.101426,managed,30.0,30.0,40.826,False,200,
1787684645.1347592,managed,30.0,30.0,32.518,False,200,
1787684645.1680927,managed,30.0,30.0,25.018,False,200,
1787684645.201426,managed,30.0,30.0,33.792,False,200,
1787684645.2347593,managed,30.0,30.0,30.34,False,200,
1787684645.2680926,managed,30.0,30.0,31.868,False,200,
1787684645.301426,managed,30.0,30.0,37.327,False,200,
1787684645.3347592,managed,30.0,30.0,43.493,False,200,
1787684645.3680925,managed,30.0,30.0,29.359,False,200,
1787684645.4014258,managed,30.0,30.0,37.446,False,200,
1787684645.4347594,managed,30.0,30.0,36.618,False,200,
1787684645.4680927,managed,30.0,30.0,34.473,False,200,
1787684645.501426,managed,30.0,30.0,31.247,False,200,
1787684645.5347593,managed,30.0,30.0,24.435,False,200,
1787684645.5680926,managed,30.0,30.0,36.614,False,200,
1787684645.601426,managed,30.0,30.0,38.384,False,200,
1787684645.6347592,managed,30.0,30.0,35.952,False,200,
1787684645.6680927,managed,30.0,30.0,31.203,False,200,
1787684645.701426,managed,30.0,30.0,34.627,False,200,
1787684645.7347593,managed,30.0,30.0,33.802,False,200,
1787684645.7680926,managed,30.0,30.0,29.78,False,200,
1787684645.801426,managed,30.0,30.0,30.058,False,200,
1787684645.8347592,managed,30.0,30.0,28.926,False,200,
1787684645.8680925,managed,30.0,30.0,42.524,False,200,
1787684645.9014258,managed,30.0,30.0,40.59,False,200,
1787684645.9347594,managed,30.0,30.0,42.636,False,200,
1787684645.9680927,managed,30.0,30.0,34.304,False,200,
1787684646.001426,managed,30.0,30.0,41.113,False,200,
1787684646.0347593,managed,30.0,30.0,32.545,False,200,
1787684646.0680926,managed,30.0,30.0,38.421,False,200,
1787684646.101426,managed,30.0,30.0,28.85,False,200,
1787684646.1347592,managed,30.0,30.0,33.521,False,200,
1787684646.1680927,managed,30.0,30.0,45.882,False,200,
1787684646.201426,managed,30.0,30.0,37.51,False,200,
1787684646.2347593,managed,30.0,30.0,29.519,False,200,
1787684646.2680926,managed,30.0,30.0,33.035,False,200,
1787684646.301426,managed,30.0,30.0,35.589,False,200,
1787684646.3347592,managed,30.0,30.0,35.507,False,200,
1787684646.3680925,managed,30.0,30.0,36.176,False,200,
1787684646.4014258,managed,30.0,30.0,37.394,False,200,
1787684646.4347594,managed,30.0,30.0,41.596,False,200,
1787684646.4680927,managed,30.0,30.0,39.213,False,200,
1787684646.501426,managed,30.0,30.0,35.67,False,200,
1787684646.5347593,managed,30.0,30.0,28.867,False,200,
1787684646.5680926,managed,30.0,30.0,33.659,False,200,
1787684646.601426,managed,30.0,30.0,34.211,False,200,
1787684646.6347592,managed,30.0,30.0,34.457,False,200,
1787684646.6680927,managed,30.0,30.0,31.491,False,200,
1787684646.701426,managed,30.0,30.0,40.73,False,200,
1787684646.7347593,managed,30.0,30.0,27.959,False,200,
1787684646.7680926,managed,30.0,30.0,46.018,False,200,
1787684646.801426,managed,30.0,30.0,34.756,False,200,
1787684646.8347592,managed,30.0,30.0,31.475,False,200,
1787684646.8680925,managed,30.0,30.0,33.139,False,200,
1787684646.9014258,managed,30.0,30.0,31.766,False,200,
1787684646.9347594,managed,30.0,30.0,31.514,False,200,
1787684646.9680927,managed,30.0,30.0,38.262,False,200,
1787684647.001426,managed,30.0,30.0,29.387,False,200,
1787684647.0347593,managed,30.0,30.0,34.853,False,200,
1787684647.0680926,managed,30.0,30.0,44.995,False,200,
1787684647.101426,managed,30.0,30.0,32.426,False,200,
1787684647.1347592,managed,30.0,30.0,28.9,False,200,
1787684647.1680927,managed,30.0,30.0,32.957,False,200,
1787684647.201426,managed,30.0,30.0,37.361,False,200,
1787684647.2347593,managed,30.0,30.0,33.5,False,200,
1787684647.2680926,managed,30.0,30.0,42.667,False,200,
1787684647.301426,managed,30.0,30.0,28.428,False,200,
1787684647.3347592,managed,30.0,30.0,34.6,False,200,
1787684647.3680925,managed,30.0,30.0,30.758,False,200,
1787684647.4014258,managed,30.0,30.0,48.099,False,200,
1787684647.4347594,managed,30.0,30.0,29.105,False,200,
1787684647.4680927,managed,30.0,30.0,33.106,False,200,
1787684647.501426,managed,30.0,30.0,29.946,False,200,
1787684647.5347593,managed,30.0,30.0,40.654,False,200,
1787684647.5680926,managed,30.0,30.0,33.269,False,200,
1787684647.601426,managed,30.0,30.0,29.415,False,200,
1787684647.6347592,managed,30.0,30.0,30.111,False,200,
1787684647.6680927,managed,30.0,30.0,30.705,False,200,
1787684647.701426,managed,30.0,30.0,26.129,False,200,
1787684647.7347593,managed,30.0,30.0,36.239,False,200,
1787684647.7680926,managed,30.0,30.0,32.716,False,200,
1787684647.801426,managed,30.0,30.0,53.34,False,200,
1787684647.8347592,managed,30.0,30.0,27.196,False,200,
1787684647.8680925,managed,30.0,30.0,27.529,False,200,
1787684647.9014258,managed,30.0,30.0,32.135,False,200,
1787684647.9347594,managed,30.0,30.0,34.533,False,200,
1787684647.9680927,managed,30.0,30.0,23.989,False,200,
1787684648.001426,managed,30.0,30.0,32.501,False,200,
1787684648.0347593,managed,30.0,30.0,32.156,False,200,
1787684648.0680926,managed,30.0,30.0,36.196,False,200,
1787684648.101426,managed,30.0,30.0,31.554,False,200,
1787684648.1347592,managed,30.0,30.0,29.773,False,200,
1787684648.1680927,managed,30.0,30.0,30.143,False,200,
1787684648.201426,managed,30.0,30.0,40.849,False,200,
1787684648.2347593,managed,30.0,30.0,29.456,False,200,
1787684648.2680926,managed,30.0,30.0,42.402,False,200,
1787684648.301426,managed,30.0,30.0,31.497,False,200,
1787684648.3347592,managed,30.0,30.0,44.567,False,200,
1787684648.3680925,managed,30.0,30.0,31.792,False,200,
1787684648.4014258,managed,30.0,30.0,34.665,False,200,
1787684648.4347594,managed,30.0,30.0,38.022,False,200,
1787684648.4680927,managed,30.0,30.0,49.75,False,200,
1787684648.501426,managed,30.0,30.0,32.337,False,200,
1787684648.5347593,managed,30.0,30.0,30.897,False,200,
1787684648.5680926,managed,30.0,30.0,49.14,False,200,
1787684648.601426,managed,30.0,30.0,38.634,False,200,
1787684648.6347592,managed,30.0,30.0,33.344,False,200,
1787684648.6680927,managed,30.0,30.0,29.442,False,200,
1787684648.701426,managed,30.0,30.0,47.891,False,200,
1787684648.7347593,managed,30.0,30.0,41.489,False,200,
1787684648.7680926,managed,30.0,30.0,40.898,False,200,
1787684648.801426,managed,30.0,30.0,34.033,False,200,
1787684648.8347592,managed,30.0,30.0,32.709,False,200,
1787684648.8680925,managed,30.0,30.0,37.756,False,200,
1787684648.9014258,managed,30.0,30.0,30.741,False,200,
1787684648.9347594,managed,30.0,30.0,30.439,False,200,
1787684648.9680927,managed,30.0,30.0,27.066,False,200,
1787684649.001426,managed,30.0,30.0,41.62,False,200,
1787684649.0347593,managed,30.0,30.0,30.7,False,200,
1787684649.0680926,managed,30.0,30.0,37.655,False,200,
1787684649.101426,managed,30.0,30.0,33.086,False,200,
1787684649.1347592,managed,30.0,30.0,42.573,False,200,
1787684649.1680927,managed,30.0,30.0,32.561,False,200,
1787684649.201426,managed,30.0,30.0,36.074,False,200,
1787684649.2347593,managed,30.0,30.0,40.391,False,200,
1787684649.2680926,managed,30.0,30.0,39.869,False,200,
1787684649.301426,managed,30.0,30.0,33.1,False,200,
1787684649.3347592,managed,30.0,30.0,36.291,False,200,
1787684649.3680925,managed,30.0,30.0,46.5,False,200,
1787684649.4014258,managed,30.0,30.0,35.024,False,200,
1787684649.4347594,managed,30.0,30.0,39.163,False,200,
1787684649.4680927,managed,30.0,30.0,34.18,False,200,
1787684649.501426,managed,30.0,30.0,28.361,False,200,
1787684649.5347593,managed,30.0,30.0,39.128,False,200,
1787684649.5680926,managed,30.0,30.0,31.207,False,200,
1787684649.601426,managed,30.0,30.0,27.198,False,200,
1787684649.6347592,managed,30.0,30.0,32.541,False,200,
1787684649.6680927,managed,30.0,30.0,37.901,False,200,
1787684649.701426,managed,30.0,30.0,36.912,False,200,
1787684649.7347593,managed,30.0,30.0,44.96,False,200,
1787684649.7680926,managed,30.0,30.0,28.127,False,200,
1787684649.801426,managed,30.0,30.0,37.773,False,200,
1787684649.8347592,managed,30.0,30.0,48.307,False,200,
1787684649.8680925,managed,30.0,30.0,35.742,False,200,
1787684649.9014258,managed,30.0,30.0,35.24,False,200,
1787684649.9347594,managed,30.0,30.0,36.2,False,200,
1787684649.9680927,managed,30.0,30.0,33.254,False,200,
1787684650.001426,managed,30.0,30.0,40.662,False,200,
1787684650.0347593,managed,30.0,30.0,29.54,False,200,
1787684650.0680926,managed,30.0,30.0,40.28,False,200,
1787684650.101426,managed,30.0,30.0,37.346,False,200,
1787684650.1347592,managed,30.0,30.0,34.436,False,200,
1787684650.1680927,managed,30.0,30.0,32.029,False,200,
1787684650.201426,managed,30.0,30.0,38.762,False,200,
1787684650.2347593,managed,30.0,30.0,40.144,False,200,
1787684650.2680926,managed,30.0,30.0,42.507,False,200,
1787684650.301426,managed,30.0,30.0,42.507,False,200,
1787684650.3347592,managed,30.0,30.0,29.773,False,200,
1787684650.3680925,managed,30.0,30.0,34.53,False,200,
1787684650.4014258,managed,30.0,30.0,27.584,False,200,
1787684650.4347594,managed,30.0,30.0,38.682,False,200,
1787684650.4680927,managed,30.0,30.0,33.609,False,200,
1787684650.501426,managed,30.0,30.0,37.727,False,200,
1787684650.5347593,managed,30.0,30.0,34.236,False,200,
1787684650.5680926,managed,30.0,30.0,33.41,False,200,
1787684650.601426,managed,30.0,30.0,27.758,False,200,
1787684650.6347592,managed,30.0,30.0,35.833,False,200,
1787684650.6680927,managed,30.0,30.0,43.341,False,200,
1787684650.701426,managed,30.0,30.0,29.125,False,200,
1787684650.7347593,managed,30.0,30.0,35.12,False,200,
1787684650.7680926,managed,30.0,30.0,37.905,False,200,
1787684650.801426,managed,30.0,30.0,35.588,False,200,
1787684650.8347592,managed,30.0,30.0,34.364,False,200,
1787684650.8680925,managed,30.0,30.0,30.727,False,200,
1787684650.9014258,managed,30.0,30.0,25.17,False,200,
1787684650.9347594,managed,30.0,30.0,41.924,False,200,
1787684650.9680927,managed,30.0,30.0,38.228,False,200,
1787684651.001426,managed,30.0,30.0,40.464,False,200,
1787684651.0347593,managed,30.0,30.0,37.569,False,200,
1787684651.0680926,managed,30.0,30.0,30.798,False,200,
1787684651.101426,managed,30.0,30.0,41.688,False,200,
1787684651.1347592,managed,30.0,30.0,44.828,False,200,
1787684651.1680927,managed,30.0,30.0,41.701,False,200,
1787684651.201426,managed,30.0,30.0,42.417,False,200,
1787684651.2347593,managed,30.0,30.0,36.202,False,200,
1787684651.2680926,managed,30.0,30.0,34.74,False,200,
1787684651.301426,managed,30.0,30.0,31.903,False,200,
1787684651.3347592,managed,30.0,30.0,42.384,False,200,
1787684651.3680925,managed,30.0,30.0,35.572,False,200,
1787684651.4014258,managed,30.0,30.0,37.242,False,200,
1787684651.4347594,managed,30.0,30.0,38.263,False,200,
1787684651.4680927,managed,30.0,30.0,26.721,False,200,
1787684651.501426,managed,30.0,30.0,36.384,False,200,
1787684651.5347593,managed,30.0,30.0,42.019,False,200,
1787684651.5680926,managed,30.0,30.0,32.259,False,200,
1787684651.601426,managed,30.0,30.0,35.855,False,200,
1787684651.6347592,managed,30.0,30.0,35.976,False,200,
1787684651.6680927,managed,30.0,30.0,30.378,False,200,
1787684651.701426,managed,30.0,30.0,24.329,False,200,
1787684651.7347593,managed,30.0,30.0,42.736,False,200,
1787684651.7680926,managed,30.0,30.0,47.517,False,200,
1787684651.801426,managed,30.0,30.0,29.643,False,200,
1787684651.8347592,managed,30.0,30.0,34.054,False,200,
1787684651.8680925,managed,30.0,30.0,38.07,False,200,
1787684651.9014258,managed,30.0,30.0,30.562,False,200,
1787684651.9347594,managed,30.0,30.0,39.37,False,200,
1787684651.9680927,managed,30.0,30.0,32.19,False,200,
1787684652.001426,managed,30.0,30.0,36.613,False,200,
1787684652.0347593,managed,30.0,30.0,39.342,False,200,
1787684652.0680926,managed,30.0,30.0,26.391,False,200,
1787684652.101426,managed,30.0,30.0,34.566,False,200,
1787684652.1347592,managed,30.0,30.0,36.767,False,200,
1787684652.1680927,managed,30.0,30.0,28.654,False,200,
1787684652.201426,managed,30.0,30.0,28.02,False,200,
1787684652.2347593,managed,30.0,30.0,35.312,False,200,
1787684652.2680926,managed,30.0,30.0,39.204,False,200,
1787684652.301426,managed,30.0,30.0,33.103,False,200,
1787684652.3347592,managed,30.0,30.0,36.495,False,200,
1787684652.3680925,managed,30.0,30.0,24.504,False,200,
1787684652.4014258,managed,30.0,30.0,33.276,False,200,
1787684652.4347594,managed,30.0,30.0,30.356,False,200,
1787684652.4680927,managed,30.0,30.0,34.167,False,200,
1787684652.501426,managed,30.0,30.0,31.999,False,200,
1787684652.5347593,managed,30.0,30.0,35.714,False,200,
1787684652.5680926,managed,30.0,30.0,32.446,False,200,
1787684652.601426,managed,30.0,30.0,30.301,False,200,
1787684652.6347592,managed,30.0,30.0,31.31,False,200,
1787684652.6680927,managed,30.0,30.0,32.259,False,200,
1787684652.701426,managed,30.0,30.0,27.999,False,200,
1787684652.7347593,managed,30.0,30.0,41.658,False,200,
1787684652.7680926,managed,30.0,30.0,44.98,False,200,
1787684652.801426,managed,30.0,30.0,29.345,False,200,
1787684652.8347592,managed,30.0,30.0,33.265,False,200,
1787684652.8680925,managed,30.0,30.0,34.966,False,200,
1787684652.9014258,managed,30.0,30.0,35.164,False,200,
1787684652.9347594,managed,30.0,30.0,33.796,False,200,
1787684652.9680927,managed,30.0,30.0,32.331,False,200,
1787684653.001426,managed,30.0,30.0,31.895,False,200,
1787684653.0347593,managed,30.0,30.0,31.363,False,200,
1787684653.0680926,managed,30.0,30.0,36.589,False,200,
1787684653.101426,managed,30.0,30.0,31.77,False,200,
1787684653.1347592,managed,30.0,30.0,35.056,False,200,
1787684653.1680927,managed,30.0,30.0,36.856,False,200,
1787684653.201426,managed,30.0,30.0,33.192,False,200,
1787684653.2347593,managed,30.0,30.0,38.463,False,200,
1787684653.2680926,managed,30.0,30.0,36.338,False,200,
1787684653.301426,managed,30.0,30.0,39.284,False,200,
1787684653.3347592,managed,30.0,30.0,36.504,False,200,
1787684653.3680925,managed,30.0,30.0,36.816,False,200,
1787684653.4014258,managed,30.0,30.0,43.342,False,200,
1787684653.4347594,managed,30.0,30.0,38.956,False,200,
1787684653.4680927,managed,30.0,30.0,34.776,False,200,
1787684653.501426,managed,30.0,30.0,29.929,False,200,
1787684653.5347593,managed,30.0,30.0,36.934,False,200,
1787684653.5680926,managed,30.0,30.0,35.823,False,200,
1787684653.601426,managed,30.0,30.0,33.015,False,200,
1787684653.6347592,managed,30.0,30.0,34.673,False,200,
1787684653.6680927,managed,30.0,30.0,36.487,False,200,
1787684653.701426,managed,30.0,30.0,45.707,False,200,
1787684653.7347593,managed,30.0,30.0,33.096,False,200,
1787684653.7680926,managed,30.0,30.0,28.341,False,200,
1787684653.801426,managed,30.0,30.0,38.793,False,200,
1787684653.8347592,managed,30.0,30.0,40.752,False,200,
1787684653.8680925,managed,30.0,30.0,25.977,False,200,
1787684653.9014258,managed,30.0,30.0,32.68,False,200,
1787684653.9347594,managed,30.0,30.0,31.529,False,200,
1787684653.9680927,managed,30.0,30.0,30.086,False,200,
1787684654.001426,managed,30.0,30.0,24.525,False,200,
1787684654.0347593,managed,30.0,30.0,41.71,False,200,
1787684654.0680926,managed,30.0,30.0,34.446,False,200,
1787684654.101426,managed,30.0,30.0,32.658,False,200,
1787684654.1347592,managed,30.0,30.0,31.584,False,200,
1787684654.1680927,managed,30.0,30.0,36.561,False,200,
1787684654.201426,managed,30.0,30.0,31.417,False,200,
1787684654.2347593,managed,30.0,30.0,46.925,False,200,
1787684654.2680926,managed,30.0,30.0,42.323,False,200,
1787684654.301426,managed,30.0,30.0,30.133,False,200,
1787684654.3347592,managed,30.0,30.0,28.43,False,200,
1787684654.3680925,managed,30.0,30.0,34.089,False,200,
1787684654.4014258,managed,30.0,30.0,31.92,False,200,
1787684654.4347594,managed,30.0,30.0,39.04,False,200,
1787684654.4680927,managed,30.0,30.0,35.455,False,200,
1787684654.501426,managed,30.0,30.0,43.412,False,200,
1787684654.5347593,managed,30.0,30.0,46.769,False,200,
1787684654.5680926,managed,30.0,30.0,33.556,False,200,
1787684654.601426,managed,30.0,30.0,33.582,False,200,
1787684654.6347592,managed,30.0,30.0,34.789,False,200,
1787684654.6680927,managed,30.0,30.0,30.94,False,200,
1787684654.701426,managed,30.0,30.0,34.38,False,200,
1787684654.7347593,managed,30.0,30.0,36.364,False,200,
1787684654.7680926,managed,30.0,30.0,27.86,False,200,
1787684654.801426,managed,30.0,30.0,33.91,False,200,
1787684654.8347592,managed,30.0,30.0,43.951,False,200,
1787684654.8680925,managed,30.0,30.0,44.386,False,200,
1787684654.9014258,managed,30.0,30.0,38.14,False,200,
1787684654.9347594,managed,30.0,30.0,29.895,False,200,
1787684654.9680927,managed,30.0,30.0,31.764,False,200,
1787684655.001426,managed,30.0,30.0,25.868,False,200,
1787684655.0347593,managed,30.0,30.0,34.979,False,200,
1787684655.0680926,managed,30.0,30.0,39.115,False,200,
1787684655.101426,managed,30.0,30.0,39.058,False,200,
1787684655.1347592,managed,30.0,30.0,27.146,False,200,
1787684655.1680927,managed,30.0,30.0,43.629,False,200,
1787684655.201426,managed,30.0,30.0,32.673,False,200,
1787684655.2347593,managed,30.0,30.0,40.095,False,200,
1787684655.2680926,managed,30.0,30.0,39.596,False,200,
1787684655.301426,managed,30.0,30.0,41.773,False,200,
1787684655.3347592,managed,30.0,30.0,35.264,False,200,
1787684655.3680925,managed,30.0,30.0,35.028,False,200,
1787684655.4014258,managed,30.0,30.0,32.925,False,200,
1787684655.4347594,managed,30.0,30.0,33.068,False,200,
1787684655.4680927,managed,30.0,30.0,33.093,False,200,
1787684655.501426,managed,30.0,30.0,33.058,False,200,
1787684655.5347593,managed,30.0,30.0,39.125,False,200,
1787684655.5680926,managed,30.0,30.0,32.531,False,200,
1787684655.601426,managed,30.0,30.0,45.942,False,200,
1787684655.6347592,managed,30.0,30.0,36.949,False,200,
1787684655.6680927,managed,30.0,30.0,28.831,False,200,
1787684655.701426,managed,30.0,30.0,27.458,False,200,
1787684655.7347593,managed,30.0,30.0,52.382,False,200,
1787684655.7680926,managed,30.0,30.0,27.653,False,200,
1787684655.801426,managed,30.0,30.0,36.468,False,200,
1787684655.8347592,managed,30.0,30.0,37.643,False,200,
1787684655.8680925,managed,30.0,30.0,32.129,False,200,
1787684655.9014258,managed,30.0,30.0,32.534,False,200,
1787684655.9347594,managed,30.0,30.0,43.657,False,200,
1787684655.9680927,managed,30.0,30.0,30.685,False,200,
1787684656.001426,managed,30.0,30.0,29.434,False,200,
1787684656.0347593,managed,30.0,30.0,35.177,False,200,
1787684656.0680926,managed,30.0,30.0,45.376,False,200,
1787684656.101426,managed,30.0,30.0,34.475,False,200,
1787684656.1347592,managed,30.0,30.0,33.648,False,200,
1787684656.1680927,managed,30.0,30.0,38.09,False,200,
1787684656.201426,managed,30.0,30.0,32.563,False,200,
1787684656.2347593,managed,30.0,30.0,30.45,False,200,
1787684656.2680926,managed,30.0,30.0,43.187,False,200,
1787684656.301426,managed,30.0,30.0,43.867,False,200,
1787684656.3347592,managed,30.0,30.0,38.164,False,200,
1787684656.3680925,managed,30.0,30.0,44.669,False,200,
1787684656.4014258,managed,30.0,30.0,46.406,False,200,
1787684656.4347594,managed,30.0,30.0,30.837,False,200,
1787684656.4680927,managed,30.0,30.0,32.144,False,200,
1787684656.501426,managed,30.0,30.0,33.957,False,200,
1787684656.5347593,managed,30.0,30.0,36.644,False,200,
1787684656.5680926,managed,30.0,30.0,30.803,False,200,
1787684656.601426,managed,30.0,30.0,44.386,False,200,
1787684656.6347592,managed,30.0,30.0,39.153,False,200,
1787684656.6680927,managed,30.0,30.0,40.763,False,200,
1787684656.701426,managed,30.0,30.0,32.337,False,200,
1787684656.7347593,managed,30.0,30.0,34.859,False,200,
1787684656.7680926,managed,30.0,30.0,37.544,False,200,
1787684656.801426,managed,30.0,30.0,32.831,False,200,
1787684656.8347592,managed,30.0,30.0,28.501,False,200,
1787684656.8680925,managed,30.0,30.0,32.146,False,200,
1787684656.9014258,managed,30.0,30.0,30.415,False,200,
1787684656.9347594,managed,30.0,30.0,25.13,False,200,
1787684656.9680927,managed,30.0,30.0,40.392,False,200,
1787684657.001426,managed,30.0,30.0,35.911,False,200,
1787684657.0347593,managed,30.0,30.0,42.949,False,200,
1787684657.0680926,managed,30.0,30.0,37.249,False,200,
1787684657.101426,managed,30.0,30.0,42.634,False,200,
1787684657.1347592,managed,30.0,30.0,36.521,False,200,
1787684657.1680927,managed,30.0,30.0,40.632,False,200,
1787684657.201426,managed,30.0,30.0,38.456,False,200,
1787684657.2347593,managed,30.0,30.0,30.3,False,200,
1787684657.2680926,managed,30.0,30.0,34.138,False,200,
1787684657.301426,managed,30.0,30.0,33.935,False,200,
1787684657.3347592,managed,30.0,30.0,37.564,False,200,
1787684657.3680925,managed,30.0,30.0,25.33,False,200,
1787684657.4014258,managed,30.0,30.0,40.073,False,200,
1787684657.4347594,managed,30.0,30.0,34.618,False,200,
1787684657.4680927,managed,30.0,30.0,37.262,False,200,
1787684657.501426,managed,30.0,30.0,32.527,False,200,
1787684657.5347593,managed,30.0,30.0,30.969,False,200,
1787684657.5680926,managed,30.0,30.0,34.597,False,200,
1787684657.601426,managed,30.0,30.0,37.166,False,200,
1787684657.6347592,managed,30.0,30.0,39.284,False,200,
1787684657.6680927,managed,30.0,30.0,41.651,False,200,
1787684657.701426,managed,30.0,30.0,37.017,False,200,
1787684657.7347593,managed,30.0,30.0,39.356,False,200,
1787684657.7680926,managed,30.0,30.0,39.841,False,200,
1787684657.801426,managed,30.0,30.0,45.687,False,200,
1787684657.8347592,managed,30.0,30.0,29.532,False,200,
1787684657.8680925,managed,30.0,30.0,26.914,False,200,
1787684657.9014258,managed,30.0,30.0,37.081,False,200,
1787684657.9347594,managed,30.0,30.0,43.222,False,200,
1787684657.9680927,managed,30.0,30.0,40.652,False,200,
1787684658.001426,managed,30.0,30.0,33.278,False,200,
1787684658.0347593,managed,30.0,30.0,35.674,False,200,
1787684658.0680926,managed,30.0,30.0,44.002,False,200,
1787684658.101426,managed,30.0,30.0,41.635,False,200,
1787684658.1347592,managed,30.0,30.0,31.646,False,200,
1787684658.1680927,managed,30.0,30.0,34.728,False,200,
1787684658.201426,managed,30.0,30.0,32.951,False,200,
1787684658.2347593,managed,30.0,30.0,28.351,False,200,
1787684658.2680926,managed,30.0,30.0,35.009,False,200,
1787684658.301426,managed,30.0,30.0,29.424,False,200,
1787684658.3347592,managed,30.0,30.0,42.806,False,200,
1787684658.3680925,managed,30.0,30.0,41.479,False,200,
1787684658.4014258,managed,30.0,30.0,31.822,False,200,
1787684658.4347594,managed,30.0,30.0,40.905,False,200,
1787684658.4680927,managed,30.0,30.0,38.339,False,200,
1787684658.501426,managed,30.0,30.0,38.038,False,200,
1787684658.5347593,managed,30.0,30.0,38.402,False,200,
1787684658.5680926,managed,30.0,30.0,35.346,False,200,
1787684658.601426,managed,30.0,30.0,31.426,False,200,
1787684658.6347592,managed,30.0,30.0,34.819,False,200,
1787684658.6680927,managed,30.0,30.0,42.113,False,200,
1787684658.701426,managed,30.0,30.0,35.094,False,200,
1787684658.7347593,managed,30.0,30.0,33.722,False,200,
1787684658.7680926,managed,30.0,30.0,32.354,False,200,
1787684658.801426,managed,30.0,30.0,31.67,False,200,
1787684658.8347592,managed,30.0,30.0,27.835,False,200,
1787684658.8680925,managed,30.0,30.0,35.544,False,200,
1787684658.9014258,managed,30.0,30.0,35.722,False,200,
1787684658.9347594,managed,30.0,30.0,36.647,False,200,
1787684658.9680927,managed,30.0,30.0,37.009,False,200,
1787684659.001426,managed,30.0,30.0,37.956,False,200,
1787684659.0347593,managed,30.0,30.0,35.484,False,200,
1787684659.0680926,managed,30.0,30.0,42.876,False,200,
1787684659.101426,managed,30.0,30.0,30.958,False,200,
1787684659.1347592,managed,30.0,30.0,31.554,False,200,
1787684659.1680927,managed,30.0,30.0,33.31,False,200,
1787684659.201426,managed,30.0,30.0,29.139,False,200,
1787684659.2347593,managed,30.0,30.0,31.828,False,200,
1787684659.2680926,managed,30.0,30.0,38.693,False,200,
1787684659.301426,managed,30.0,30.0,42.677,False,200,
1787684659.3347592,managed,30.0,30.0,30.518,False,200,
1787684659.3680925,managed,30.0,30.0,34.405,False,200,
1787684659.4014258,managed,30.0,30.0,28.967,False,200,
1787684659.4347594,managed,30.0,30.0,32.751,False,200,
1787684659.4680927,managed,30.0,30.0,43.246,False,200,
1787684659.501426,managed,30.0,30.0,31.73,False,200,
1787684659.5347593,managed,30.0,30.0,29.257,False,200,
1787684659.5680926,managed,30.0,30.0,28.353,False,200,
1787684659.601426,managed,30.0,30.0,36.539,False,200,
1787684659.6347592,managed,30.0,30.0,37.292,False,200,
1787684659.6680927,managed,30.0,30.0,36.373,False,200,
1787684659.701426,managed,30.0,30.0,38.316,False,200,
1787684659.7347593,managed,30.0,30.0,32.877,False,200,
1787684659.7680926,managed,30.0,30.0,29.44,False,200,
1787684659.801426,managed,30.0,30.0,35.293,False,200,
1787684659.8347592,managed,30.0,30.0,34.643,False,200,
1787684659.8680925,managed,30.0,30.0,32.84,False,200,
1787684659.9014258,managed,30.0,30.0,34.591,False,200,
1787684659.9347594,managed,30.0,30.0,31.74,False,200,
1787684659.9680927,managed,30.0,30.0,34.698,False,200,
1787684660.001426,managed,30.0,30.0,25.909,False,200,
1787684660.0347593,managed,30.0,30.0,39.586,False,200,
1787684660.0680926,managed,30.0,30.0,35.492,False,200,
1787684660.101426,managed,30.0,30.0,30.407,False,200,
1787684660.1347592,managed,30.0,30.0,41.279,False,200,
1787684660.1680927,managed,30.0,30.0,30.193,False,200,
1787684660.201426,managed,30.0,30.0,34.597,False,200,
1787684660.2347593,managed,30.0,30.0,33.652,False,200,
1787684660.2680926,managed,30.0,30.0,40.866,False,200,
1787684660.301426,managed,30.0,30.0,34.798,False,200,
1787684660.3347592,managed,30.0,30.0,31.608,False,200,
1787684660.3680925,managed,30.0,30.0,28.4,False,200,
1787684660.4014258,managed,30.0,30.0,37.341,False,200,
1787684660.4347594,managed,30.0,30.0,34.514,False,200,
1787684660.4680927,managed,30.0,30.0,29.495,False,200,
1787684660.501426,managed,30.0,30.0,39.155,False,200,
1787684660.5347593,managed,30.0,30.0,37.271,False,200,
1787684660.5680926,managed,30.0,30.0,31.952,False,200,
1787684660.601426,managed,30.0,30.0,35.73,False,200,
1787684660.6347592,managed,30.0,30.0,33.833,False,200,
1787684660.6680927,managed,30.0,30.0,36.527,False,200,
1787684660.701426,managed,30.0,30.0,25.461,False,200,
1787684660.7347593,managed,30.0,30.0,33.302,False,200,
1787684660.7680926,managed,30.0,30.0,41.815,False,200,
1787684660.801426,managed,30.0,30.0,44.16,False,200,
1787684660.8347592,managed,30.0,30.0,30.034,False,200,
1787684660.8680925,managed,30.0,30.0,41.927,False,200,
1787684660.9014258,managed,30.0,30.0,35.059,False,200,
1787684660.9347594,managed,30.0,30.0,33.761,False,200,
1787684660.9680927,managed,30.0,30.0,30.314,False,200,
1787684661.001426,managed,30.0,30.0,29.544,False,200,
1787684661.0347593,managed,30.0,30.0,34.005,False,200,
1787684661.0680926,managed,30.0,30.0,40.266,False,200,
1787684661.101426,managed,30.0,30.0,29.288,False,200,
1787684661.1347592,managed,30.0,30.0,31.14,False,200,
1787684661.1680927,managed,30.0,30.0,28.928,False,200,
1787684661.201426,managed,30.0,30.0,42.413,False,200,
1787684661.2347593,managed,30.0,30.0,26.13,False,200,
1787684661.2680926,managed,30.0,30.0,36.997,False,200,
1787684661.301426,managed,30.0,30.0,36.482,False,200,
1787684661.3347592,managed,30.0,30.0,45.675,False,200,
1787684661.3680925,managed,30.0,30.0,40.027,False,200,
1787684661.4014258,managed,30.0,30.0,38.733,False,200,
1787684661.4347594,managed,30.0,30.0,34.046,False,200,
1787684661.4680927,managed,30.0,30.0,35.491,False,200,
1787684661.501426,managed,30.0,30.0,30.963,False,200,
1787684661.5347593,managed,30.0,30.0,26.9,False,200,
1787684661.5680926,managed,30.0,30.0,43.995,False,200,
1787684661.601426,managed,30.0,30.0,35.989,False,200,
1787684661.6347592,managed,30.0,30.0,42.281,False,200,
1787684661.6680927,managed,30.0,30.0,29.317,False,200,
1787684661.701426,managed,30.0,30.0,28.636,False,200,
1787684661.7347593,managed,30.0,30.0,28.796,False,200,
1787684661.7680926,managed,30.0,30.0,39.282,False,200,
1787684661.801426,managed,30.0,30.0,39.831,False,200,
1787684661.8347592,managed,30.0,30.0,31.036,False,200,
1787684661.8680925,managed,30.0,30.0,43.195,False,200,
1787684661.9014258,managed,30.0,30.0,40.957,False,200,
1787684661.9347594,managed,30.0,30.0,31.063,False,200,
1787684661.9680927,managed,30.0,30.0,38.273,False,200,
1787684662.001426,managed,30.0,30.0,34.655,False,200,
1787684662.0347593,managed,30.0,30.0,48.182,False,200,
1787684662.0680926,managed,30.0,30.0,35.696,False,200,
1787684662.101426,managed,30.0,30.0,37.927,False,200,
1787684662.1347592,managed,30.0,30.0,41.874,False,200,
1787684662.1680927,managed,30.0,30.0,44.21,False,200,
1787684662.201426,managed,30.0,30.0,32.479,False,200,
1787684662.2347593,managed,30.0,30.0,35.207,False,200,
1787684662.2680926,managed,30.0,30.0,32.118,False,200,
1787684662.301426,managed,30.0,30.0,35.856,False,200,
1787684662.3347592,managed,30.0,30.0,35.844,False,200,
1787684662.3680925,managed,30.0,30.0,29.247,False,200,
1787684662.4014258,managed,30.0,30.0,35.693,False,200,
1787684662.4347594,managed,30.0,30.0,37.191,False,200,
1787684662.4680927,managed,30.0,30.0,39.249,False,200,
1787684662.501426,managed,30.0,30.0,36.223,False,200,
1787684662.5347593,managed,30.0,30.0,39.31,False,200,
1787684662.5680926,managed,30.0,30.0,37.206,False,200,
1787684662.601426,managed,30.0,30.0,31.54,False,200,
1787684662.6347592,managed,30.0,30.0,28.994,False,200,
1787684662.6680927,managed,30.0,30.0,31.423,False,200,
1787684662.701426,managed,30.0,30.0,36.445,False,200,
1787684662.7347593,managed,30.0,30.0,24.557,False,200,
1787684662.7680926,managed,30.0,30.0,35.216,False,200,
1787684662.801426,managed,30.0,30.0,35.66,False,200,
1787684662.8347592,managed,30.0,30.0,33.387,False,200,
1787684662.8680925,managed,30.0,30.0,32.43,False,200,
1787684662.9014258,managed,30.0,30.0,36.73,False,200,
1787684662.9347594,managed,30.0,30.0,43.066,False,200,
1787684662.9680927,managed,30.0,30.0,27.661,False,200,
1787684663.001426,managed,30.0,30.0,35.439,False,200,
1787684663.0347593,managed,30.0,30.0,32.015,False,200,
1787684663.0680926,managed,30.0,30.0,34.591,False,200,
1787684663.101426,managed,30.0,30.0,41.188,False,200,
1787684663.1347592,managed,30.0,30.0,39.312,False,200,
1787684663.1680927,managed,30.0,30.0,37.015,False,200,
1787684663.201426,managed,30.0,30.0,33.391,False,200,
1787684663.2347593,managed,30.0,30.0,18.817,False,200,
1787684663.2680926,managed,30.0,30.0,38.994,False,200,
1787684663.301426,managed,30.0,30.0,37.133,False,200,
1787684663.3347592,managed,30.0,30.0,36.004,False,200,
1787684663.3680925,managed,30.0,30.0,35.429,False,200,
1787684663.4014258,managed,30.0,30.0,30.23,False,200,
1787684663.4347594,managed,30.0,30.0,34.393,False,200,
1787684663.4680927,managed,30.0,30.0,37.069,False,200,
1787684663.501426,managed,30.0,30.0,37.963,False,200,
1787684663.5347593,managed,30.0,30.0,36.596,False,200,
1787684663.5680926,managed,30.0,30.0,33.143,False,200,
1787684663.601426,managed,30.0,30.0,40.911,False,200,
1787684663.6347592,managed,30.0,30.0,32.381,False,200,
1787684663.6680927,managed,30.0,30.0,30.856,False,200,
1787684663.701426,managed,30.0,30.0,31.347,False,200,
1787684663.7347593,managed,30.0,30.0,32.917,False,200,
1787684663.7680926,managed,30.0,30.0,31.882,False,200,
1787684663.801426,managed,30.0,30.0,25.497,False,200,
1787684663.8347592,managed,30.0,30.0,38.756,False,200,
1787684663.8680925,managed,30.0,30.0,35.051,False,200,
1787684663.9014258,managed,30.0,30.0,31.41,False,200,
1787684663.9347594,managed,30.0,30.0,31.088,False,200,
1787684663.9680927,managed,30.0,30.0,28.617,False,200,
1787684664.001426,managed,30.0,30.0,36.834,False,200,
1787684664.0347593,managed,30.0,30.0,35.64,False,200,
1787684664.0680926,managed,30.0,30.0,30.501,False,200,
1787684664.101426,managed,30.0,30.0,39.716,False,200,
1787684664.1347592,managed,30.0,30.0,40.833,False,200,
1787684664.1680927,managed,30.0,30.0,41.898,False,200,
1787684664.201426,managed,30.0,30.0,41.692,False,200,
1787684664.2347593,managed,30.0,30.0,31.965,False,200,
1787684664.2680926,managed,30.0,30.0,34.035,False,200,
1787684664.301426,managed,30.0,30.0,27.905,False,200,
1787684664.3347592,managed,30.0,30.0,32.859,False,200,
1787684664.3680925,managed,30.0,30.0,35.125,False,200,
1787684664.4014258,managed,30.0,30.0,27.77,False,200,
1787684664.4347594,managed,30.0,30.0,46.117,False,200,
1787684664.4680927,managed,30.0,30.0,33.375,False,200,
1787684664.501426,managed,30.0,30.0,26.769,False,200,
1787684664.5347593,managed,30.0,30.0,29.64,False,200,
1787684664.5680926,managed,30.0,30.0,30.67,False,200,
1787684664.601426,managed,30.0,30.0,31.938,False,200,
1787684664.6347592,managed,30.0,30.0,31.479,False,200,
1787684664.6680927,managed,30.0,30.0,32.392,False,200,
1787684664.701426,managed,30.0,30.0,33.228,False,200,
1787684664.7347593,managed,30.0,30.0,33.607,False,200,
1787684664.7680926,managed,30.0,30.0,32.363,False,200,
1787684664.801426,managed,30.0,30.0,31.453,False,200,
1787684664.8347592,managed,30.0,30.0,35.696,False,200,
1787684664.8680925,managed,30.0,30.0,40.512,False,200,
1787684664.9014258,managed,30.0,30.0,28.199,False,200,
1787684664.9347594,managed,30.0,30.0,38.538,False,200,
1787684664.9680927,managed,30.0,30.0,34.153,False,200,
1787684665.001426,managed,30.0,30.0,39.993,False,200,
1787684665.0347593,managed,30.0,30.0,34.432,False,200,
1787684665.0680926,managed,30.0,30.0,32.592,False,200,
1787684665.101426,managed,30.0,30.0,28.028,False,200,
1787684665.1347592,managed,30.0,30.0,39.09,False,200,
1787684665.1680927,managed,30.0,30.0,29.89,False,200,
1787684665.201426,managed,30.0,30.0,42.607,False,200,
1787684665.2347593,managed,30.0,30.0,25.789,False,200,
1787684665.2680926,managed,30.0,30.0,22.24,False,200,
1787684665.301426,managed,30.0,30.0,32.385,False,200,
1787684665.3347592,managed,30.0,30.0,39.108,False,200,
1787684665.3680925,managed,30.0,30.0,34.848,False,200,
1787684665.4014258,managed,30.0,30.0,35.921,False,200,
1787684665.4347594,managed,30.0,30.0,35.207,False,200,
1787684665.4680927,managed,30.0,30.0,25.563,False,200,
1787684665.501426,managed,30.0,30.0,29.797,False,200,
1787684665.5347593,managed,30.0,30.0,26.774,False,200,
1787684665.5680926,managed,30.0,30.0,29.007,False,200,
1787684665.601426,managed,30.0,30.0,30.037,False,200,
1787684665.6347592,managed,30.0,30.0,31.535,False,200,
1787684665.6680927,managed,30.0,30.0,34.223,False,200,
1787684665.701426,managed,30.0,30.0,33.782,False,200,
1787684665.7347593,managed,30.0,30.0,32.14,False,200,
1787684665.7680926,managed,30.0,30.0,37.952,False,200,
1787684665.801426,managed,30.0,30.0,38.898,False,200,
1787684665.8347592,managed,30.0,30.0,37.074,False,200,
1787684665.8680925,managed,30.0,30.0,43.249,False,200,
1787684665.9014258,managed,30.0,30.0,42.367,False,200,
1787684665.9347594,managed,30.0,30.0,38.354,False,200,
1787684665.9680927,managed,30.0,30.0,25.903,False,200,
1787684666.001426,managed,30.0,30.0,31.676,False,200,
1787684666.0347593,managed,30.0,30.0,31.713,False,200,
1787684666.0680926,managed,30.0,30.0,34.771,False,200,
1787684666.101426,managed,30.0,30.0,31.901,False,200,
1787684666.1347592,managed,30.0,30.0,31.849,False,200,
1787684666.1680927,managed,30.0,30.0,32.24,False,200,
1787684666.201426,managed,30.0,30.0,31.034,False,200,
1787684666.2347593,managed,30.0,30.0,31.991,False,200,
1787684666.2680926,managed,30.0,30.0,33.769,False,200,
1787684666.301426,managed,30.0,30.0,36.777,False,200,
1787684666.3347592,managed,30.0,30.0,37.49,False,200,
1787684666.3680925,managed,30.0,30.0,39.12,False,200,
1787684666.4014258,managed,30.0,30.0,29.045,False,200,
1787684666.4347594,managed,30.0,30.0,41.906,False,200,
1787684666.4680927,managed,30.0,30.0,46.208,False,200,
1787684666.501426,managed,30.0,30.0,39.035,False,200,
1787684666.5347593,managed,30.0,30.0,30.528,False,200,
1787684666.5680926,managed,30.0,30.0,31.913,False,200,
1787684666.601426,managed,30.0,30.0,30.94,False,200,
1787684666.6347592,managed,30.0,30.0,36.247,False,200,
1787684666.6680927,managed,30.0,30.0,34.299,False,200,
1787684666.701426,managed,30.0,30.0,47.403,False,200,
1787684666.7347593,managed,30.0,30.0,35.885,False,200,
1787684666.7680926,managed,30.0,30.0,40.295,False,200,
1787684666.801426,managed,30.0,30.0,29.848,False,200,
1787684666.8347592,managed,30.0,30.0,25.95,False,200,
1787684666.8680925,managed,30.0,30.0,38.265,False,200,
1787684666.9014258,managed,30.0,30.0,31.527,False,200,
1787684666.9347594,managed,30.0,30.0,36.832,False,200,
1787684666.9680927,managed,30.0,30.0,38.905,False,200,
1787684667.001426,managed,30.0,30.0,34.05,False,200,
1787684667.0347593,managed,30.0,30.0,35.145,False,200,
1787684667.0680926,managed,30.0,30.0,39.05,False,200,
1787684667.101426,managed,30.0,30.0,30.028,False,200,
1787684667.1347592,managed,30.0,30.0,25.179,False,200,
1787684667.1680927,managed,30.0,30.0,27.321,False,200,
1787684667.201426,managed,30.0,30.0,26.143,False,200,
1787684667.2347593,managed,30.0,30.0,33.395,False,200,
1787684667.2680926,managed,30.0,30.0,35.458,False,200,
1787684667.301426,managed,30.0,30.0,28.133,False,200,
1787684667.3347592,managed,30.0,30.0,41.623,False,200,
1787684667.3680925,managed,30.0,30.0,28.787,False,200,
1787684667.4014258,managed,30.0,30.0,33.724,False,200,
1787684667.4347594,managed,30.0,30.0,38.413,False,200,
1787684667.4680927,managed,30.0,30.0,28.196,False,200,
1787684667.501426,managed,30.0,30.0,32.385,False,200,
1787684667.5347593,managed,30.0,30.0,41.058,False,200,
1787684667.5680926,managed,30.0,30.0,27.074,False,200,
1787684667.601426,managed,30.0,30.0,30.321,False,200,
1787684667.6347592,managed,30.0,30.0,35.706,False,200,
1787684667.6680927,managed,30.0,30.0,29.73,False,200,
1787684667.701426,managed,30.0,30.0,35.758,False,200,
1787684667.7347593,managed,30.0,30.0,34.601,False,200,
1787684667.7680926,managed,30.0,30.0,34.958,False,200,
1787684667.801426,managed,30.0,30.0,36.577,False,200,
1787684667.8347592,managed,30.0,30.0,37.836,False,200,
1787684667.8680925,managed,30.0,30.0,40.644,False,200,
1787684667.9014258,managed,30.0,30.0,33.518,False,200,
1787684667.9347594,managed,30.0,30.0,32.664,False,200,
1787684667.9680927,managed,30.0,30.0,45.584,False,200,
1787684668.001426,managed,30.0,30.0,24.077,False,200,
1787684668.0347593,managed,30.0,30.0,33.371,False,200,
1787684668.0680926,managed,30.0,30.0,40.868,False,200,
1787684668.101426,managed,30.0,30.0,32.613,False,200,
1787684668.1347592,managed,30.0,30.0,38.317,False,200,
1787684668.1680927,managed,30.0,30.0,30.006,False,200,
1787684668.201426,managed,30.0,30.0,34.626,False,200,
1787684668.2347593,managed,30.0,30.0,35.65,False,200,
1787684668.2680926,managed,30.0,30.0,36.806,False,200,
1787684668.301426,managed,30.0,30.0,34.618,False,200,
1787684668.3347592,managed,30.0,30.0,39.247,False,200,
1787684668.3680925,managed,30.0,30.0,29.067,False,200,
1787684668.4014258,managed,30.0,30.0,34.024,False,200,
1787684668.4347594,managed,30.0,30.0,35.039,False,200,
1787684668.4680927,managed,30.0,30.0,34.235,False,200,
1787684668.501426,managed,30.0,30.0,42.852,False,200,
1787684668.5347593,managed,30.0,30.0,33.149,False,200,
1787684668.5680926,managed,30.0,30.0,34.117,False,200,
1787684668.601426,managed,30.0,30.0,36.875,False,200,
1787684668.6347592,managed,30.0,30.0,34.288,False,200,
1787684668.6680927,managed,30.0,30.0,37.996,False,200,
1787684668.701426,managed,30.0,30.0,36.485,False,200,
1787684668.7347593,managed,30.0,30.0,45.921,False,200,
1787684668.7680926,managed,30.0,30.0,38.465,False,200,
1787684668.801426,managed,30.0,30.0,36.005,False,200,
1787684668.8347592,managed,30.0,30.0,30.425,False,200,
1787684668.8680925,managed,30.0,30.0,41.853,False,200,
1787684668.9014258,managed,30.0,30.0,40.101,False,200,
1787684668.9347594,managed,30.0,30.0,39.58,False,200,
1787684668.9680927,managed,30.0,30.0,40.738,False,200,
1787684669.001426,managed,30.0,30.0,40.801,False,200,
1787684669.0347593,managed,30.0,30.0,35.921,False,200,
1787684669.0680926,managed,30.0,30.0,36.57,False,200,
1787684669.101426,managed,30.0,30.0,29.769,False,200,
1787684669.1347592,managed,30.0,30.0,37.067,False,200,
1787684669.1680927,managed,30.0,30.0,29.155,False,200,
1787684669.201426,managed,30.0,30.0,29.288,False,200,
1787684669.2347593,managed,30.0,30.0,43.442,False,200,
1787684669.2680926,managed,30.0,30.0,28.592,False,200,
1787684669.301426,managed,30.0,30.0,44.172,False,200,
1787684669.3347592,managed,30.0,30.0,30.093,False,200,
1787684669.3680925,managed,30.0,30.0,41.657,False,200,
1787684669.4014258,managed,30.0,30.0,43.546,False,200,
1787684669.4347594,managed,30.0,30.0,39.456,False,200,
1787684669.4680927,managed,30.0,30.0,34.968,False,200,
1787684669.501426,managed,30.0,30.0,26.264,False,200,
1787684669.5347593,managed,30.0,30.0,30.861,False,200,
1787684669.5680926,managed,30.0,30.0,33.306,False,200,
1787684669.601426,managed,30.0,30.0,38.88,False,200,
1787684669.6347592,managed,30.0,30.0,30.815,False,200,
1787684669.6680927,managed,30.0,30.0,41.572,False,200,
1787684669.701426,managed,30.0,30.0,30.188,False,200,
1787684669.7347593,managed,30.0,30.0,33.537,False,200,
1787684669.7680926,managed,30.0,30.0,38.494,False,200,
1787684669.801426,managed,30.0,30.0,26.984,False,200,
1787684669.8347592,managed,30.0,30.0,27.221,False,200,
1787684669.8680925,managed,30.0,30.0,30.494,False,200,
1787684669.9014258,managed,30.0,30.0,30.391,False,200,
1787684669.9347594,managed,30.0,30.0,35.877,False,200,
1787684669.9680927,managed,30.0,30.0,40.405,False,200,
1787684670.001426,managed,30.0,30.0,42.339,False,200,
1787684670.0347593,managed,30.0,30.0,33.171,False,200,
1787684670.0680926,managed,30.0,30.0,41.167,False,200,
1787684670.101426,managed,30.0,30.0,35.467,False,200,
1787684670.1347592,managed,30.0,30.0,33.049,False,200,
1787684670.1680927,managed,30.0,30.0,38.489,False,200,
1787684670.201426,managed,30.0,30.0,35.778,False,200,
1787684670.2347593,managed,30.0,30.0,35.507,False,200,
1787684670.2680926,managed,30.0,30.0,38.373,False,200,
1787684670.301426,managed,30.0,30.0,31.774,False,200,
1787684670.3347592,managed,30.0,30.0,34.052,False,200,
1787684670.3680925,managed,30.0,30.0,39.544,False,200,
1787684670.4014258,managed,30.0,30.0,36.424,False,200,
1787684670.4347594,managed,30.0,30.0,36.118,False,200,
1787684670.4680927,managed,30.0,30.0,28.349,False,200,
1787684670.501426,managed,30.0,30.0,30.39,False,200,
1787684670.5347593,managed,30.0,30.0,23.282,False,200,
1787684670.5680926,managed,30.0,30.0,33.729,False,200,
1787684670.601426,managed,30.0,30.0,26.6,False,200,
1787684670.6347592,managed,30.0,30.0,34.393,False,200,
1787684670.6680927,managed,30.0,30.0,41.941,False,200,
1787684670.701426,managed,30.0,30.0,38.138,False,200,
1787684670.7347593,managed,30.0,30.0,43.452,False,200,
1787684670.7680926,managed,30.0,30.0,32.497,False,200,
1787684670.801426,managed,30.0,30.0,34.044,False,200,
1787684670.8347592,managed,30.0,30.0,37.503,False,200,
1787684670.8680925,managed,30.0,30.0,39.984,False,200,
1787684670.9014258,managed,30.0,30.0,33.679,False,200,
1787684670.9347594,managed,30.0,30.0,41.377,False,200,
1787684670.9680927,managed,30.0,30.0,26.212,False,200,
1787684671.001426,managed,30.0,30.0,31.155,False,200,
1787684671.0347593,managed,30.0,30.0,29.131,False,200,
1787684671.0680926,managed,30.0,30.0,42.602,False,200,
1787684671.101426,managed,30.0,30.0,28.197,False,200,
1787684671.1347592,managed,30.0,30.0,36.377,False,200,
1787684671.1680927,managed,30.0,30.0,29.508,False,200,
1787684671.201426,managed,30.0,30.0,37.577,False,200,
1787684671.2347593,managed,30.0,30.0,35.968,False,200,
1787684671.2680926,managed,30.0,30.0,28.384,False,200,
1787684671.301426,managed,30.0,30.0,28.711,False,200,
1787684671.3347592,managed,30.0,30.0,33.897,False,200,
1787684671.3680925,managed,30.0,30.0,41.549,False,200,
1787684671.4014258,managed,30.0,30.0,37.955,False,200,
1787684671.4347594,managed,30.0,30.0,42.754,False,200,
1787684671.4680927,managed,30.0,30.0,38.239,False,200,
1787684671.501426,managed,30.0,30.0,26.771,False,200,
1787684671.5347593,managed,30.0,30.0,42.839,False,200,
1787684671.5680926,managed,30.0,30.0,37.565,False,200,
1787684671.601426,managed,30.0,30.0,42.777,False,200,
1787684671.6347592,managed,30.0,30.0,32.446,False,200,
1787684671.6680927,managed,30.0,30.0,32.134,False,200,
1787684671.701426,managed,30.0,30.0,42.335,False,200,
1787684671.7347593,managed,30.0,30.0,47.772,False,200,
1787684671.7680926,managed,30.0,30.0,34.743,False,200,
1787684671.801426,managed,30.0,30.0,35.233,False,200,
1787684671.8347592,managed,30.0,30.0,37.271,False,200,
1787684671.8680925,managed,30.0,30.0,24.667,False,200,
1787684671.9014258,managed,30.0,30.0,29.049,False,200,
1787684671.9347594,managed,30.0,30.0,42.201,False,200,
1787684671.9680927,managed,30.0,30.0,36.678,False,200,
1787684672.001426,managed,30.0,30.0,23.243,False,200,
1787684672.0347593,managed,30.0,30.0,29.122,False,200,
1787684672.0680926,managed,30.0,30.0,27.131,False,200,
1787684672.101426,managed,30.0,30.0,38.781,False,200,
1787684672.1347592,managed,30.0,30.0,32.088,False,200,
1787684672.1680927,managed,30.0,30.0,28.429,False,200,
1787684672.201426,managed,30.0,30.0,33.686,False,200,
1787684672.2347593,managed,30.0,30.0,31.954,False,200,
1787684672.2680926,managed,30.0,30.0,40.907,False,200,
1787684672.301426,managed,30.0,30.0,31.498,False,200,
1787684672.3347592,managed,30.0,30.0,33.443,False,200,
1787684672.3680925,managed,30.0,30.0,34.196,False,200,
1787684672.4014258,managed,30.0,30.0,31.042,False,200,
1787684672.4347594,managed,30.0,30.0,30.661,False,200,
1787684672.4680927,managed,30.0,30.0,28.444,False,200,
1787684672.501426,managed,30.0,30.0,32.1,False,200,
1787684672.5347593,managed,30.0,30.0,37.689,False,200,
1787684672.5680926,managed,30.0,30.0,37.488,False,200,
1787684672.601426,managed,30.0,30.0,39.256,False,200,
1787684672.6347592,managed,30.0,30.0,33.762,False,200,
1787684672.6680927,managed,30.0,30.0,28.355,False,200,
1787684672.701426,managed,30.0,30.0,31.883,False,200,
1787684672.7347593,managed,30.0,30.0,34.113,False,200,
1787684672.7680926,managed,30.0,30.0,33.621,False,200,
1787684672.801426,managed,30.0,30.0,40.023,False,200,
1787684672.8347592,managed,30.0,30.0,34.841,False,200,
1787684672.8680925,managed,30.0,30.0,36.387,False,200,
1787684672.9014258,managed,30.0,30.0,42.807,False,200,
1787684672.9347594,managed,30.0,30.0,41.057,False,200,
1787684672.9680927,managed,30.0,30.0,30.952,False,200,
1787684673.001426,managed,30.0,30.0,26.841,False,200,
1787684673.0347593,managed,30.0,30.0,34.817,False,200,
1787684673.0680926,managed,30.0,30.0,32.517,False,200,
1787684673.101426,managed,30.0,30.0,37.02,False,200,
1787684673.1347592,managed,30.0,30.0,33.208,False,200,
1787684673.1680927,managed,30.0,30.0,39.275,False,200,
1787684673.201426,managed,30.0,30.0,39.948,False,200,
1787684673.2347593,managed,30.0,30.0,40.057,False,200,
1787684673.2680926,managed,30.0,30.0,43.94,False,200,
1787684673.301426,managed,30.0,30.0,28.546,False,200,
1787684673.3347592,managed,30.0,30.0,41.401,False,200,
1787684673.3680925,managed,30.0,30.0,38.958,False,200,
1787684673.4014258,managed,30.0,30.0,33.673,False,200,
1787684673.4347594,managed,30.0,30.0,37.745,False,200,
1787684673.4680927,managed,30.0,30.0,34.239,False,200,
1787684673.501426,managed,30.0,30.0,30.173,False,200,
1787684673.5347593,managed,30.0,30.0,41.931,False,200,
1787684673.5680926,managed,30.0,30.0,29.651,False,200,
1787684673.601426,managed,30.0,30.0,30.236,False,200,
1787684673.6347592,managed,30.0,30.0,36.894,False,200,
1787684673.6680927,managed,30.0,30.0,39.716,False,200,
1787684673.701426,managed,30.0,30.0,28.475,False,200,
1787684673.7347593,managed,30.0,30.0,32.452,False,200,
1787684673.7680926,managed,30.0,30.0,27.756,False,200,
1787684673.801426,managed,30.0,30.0,50.801,False,200,
1787684673.8347592,managed,30.0,30.0,40.359,False,200,
1787684673.8680925,managed,30.0,30.0,34.084,False,200,
1787684673.9014258,managed,30.0,30.0,36.404,False,200,
1787684673.9347594,managed,30.0,30.0,42.007,False,200,
1787684673.9680927,managed,30.0,30.0,33.945,False,200,
1787684674.001426,managed,30.0,30.0,32.532,False,200,
1787684674.0347593,managed,30.0,30.0,42.899,False,200,
1787684674.0680926,managed,30.0,30.0,34.064,False,200,
1787684674.101426,managed,30.0,30.0,36.381,False,200,
1787684674.1347592,managed,30.0,30.0,32.193,False,200,
1787684674.1680927,managed,30.0,30.0,48.161,False,200,
1787684674.201426,managed,30.0,30.0,31.49,False,200,
1787684674.2347593,managed,30.0,30.0,31.279,False,200,
1787684674.2680926,managed,30.0,30.0,34.745,False,200,
1787684674.301426,managed,30.0,30.0,38.538,False,200,
1787684674.3347592,managed,30.0,30.0,39.49,False,200,
1787684674.3680925,managed,30.0,30.0,32.298,False,200,
1787684674.4014258,managed,30.0,30.0,31.402,False,200,
1787684674.4347594,managed,30.0,30.0,26.895,False,200,
1787684674.4680927,managed,30.0,30.0,30.301,False,200,
1787684674.501426,managed,30.0,30.0,38.821,False,200,
1787684674.5347593,managed,30.0,30.0,38.673,False,200,
1787684674.5680926,managed,30.0,30.0,41.589,False,200,
1787684674.601426,managed,30.0,30.0,38.472,False,200,
1787684674.6347592,managed,30.0,30.0,33.354,False,200,
1787684674.6680927,managed,30.0,30.0,37.324,False,200,
1787684674.701426,managed,30.0,30.0,30.812,False,200,
1787684674.7347593,managed,30.0,30.0,30.856,False,200,
1787684674.7680926,managed,30.0,30.0,31.6,False,200,
1787684674.801426,managed,30.0,30.0,25.619,False,200,
1787684674.8347592,managed,30.0,30.0,38.598,False,200,
1787684674.8680925,managed,30.0,30.0,37.08,False,200,
1787684674.9014258,managed,30.0,30.0,44.784,False,200,
1787684674.9347594,managed,30.0,30.0,39.373,False,200,
1787684674.9680927,managed,30.0,30.0,36.574,False,200,
1787684675.001426,managed,30.0,30.0,47.951,False,200,
1787684675.0347593,managed,30.0,30.0,41.063,False,200,
1787684675.0680926,managed,30.0,30.0,30.292,False,200,
1787684675.101426,managed,30.0,30.0,34.313,False,200,
1787684675.1347592,managed,30.0,30.0,30.369,False,200,
1787684675.1680927,managed,30.0,30.0,46.838,False,200,
1787684675.201426,managed,30.0,30.0,30.353,False,200,
1787684675.2347593,managed,30.0,30.0,31.621,False,200,
1787684675.2680926,managed,30.0,30.0,35.445,False,200,
1787684675.301426,managed,30.0,30.0,32.812,False,200,
1787684675.3347592,managed,30.0,30.0,39.629,False,200,
1787684675.3680925,managed,30.0,30.0,42.343,False,200,
1787684675.4014258,managed,30.0,30.0,36.871,False,200,
1787684675.4347594,managed,30.0,30.0,42.836,False,200,
1787684675.4680927,managed,30.0,30.0,31.908,False,200,
1787684675.501426,managed,30.0,30.0,49.52,False,200,
1787684675.5347593,managed,30.0,30.0,32.351,False,200,
1787684675.5680926,managed,30.0,30.0,29.073,False,200,
1787684675.601426,managed,30.0,30.0,41.071,False,200,
1787684675.6347592,managed,30.0,30.0,34.428,False,200,
1787684675.6680927,managed,30.0,30.0,27.618,False,200,
1787684675.701426,managed,30.0,30.0,29.548,False,200,
1787684675.7347593,managed,30.0,30.0,31.938,False,200,
1787684675.7680926,managed,30.0,30.0,31.92,False,200,
1787684675.801426,managed,30.0,30.0,39.707,False,200,
1787684675.8347592,managed,30.0,30.0,43.389,False,200,
1787684675.8680925,managed,30.0,30.0,37.885,False,200,
1787684675.9014258,managed,30.0,30.0,29.734,False,200,
1787684675.9347594,managed,30.0,30.0,29.26,False,200,
1787684675.9680927,managed,30.0,30.0,45.708,False,200,
1787684676.001426,managed,30.0,30.0,31.012,False,200,
1787684676.0347593,managed,30.0,30.0,32.514,False,200,
1787684676.0680926,managed,30.0,30.0,30.796,False,200,
1787684676.101426,managed,30.0,30.0,28.495,False,200,
1787684676.1347592,managed,30.0,30.0,28.447,False,200,
1787684676.1680927,managed,30.0,30.0,38.06,False,200,
1787684676.201426,managed,30.0,30.0,32.775,False,200,
1787684676.2347593,managed,30.0,30.0,38.038,False,200,
1787684676.2680926,managed,30.0,30.0,35.893,False,200,
1787684676.301426,managed,30.0,30.0,29.977,False,200,
1787684676.3347592,managed,30.0,30.0,29.26,False,200,
1787684676.3680925,managed,30.0,30.0,41.033,False,200,
1787684676.4014258,managed,30.0,30.0,38.284,False,200,
1787684676.4347594,managed,30.0,30.0,35.71,False,200,
1787684676.4680927,managed,30.0,30.0,27.094,False,200,
1787684676.501426,managed,30.0,30.0,36.83,False,200,
1787684676.5347593,managed,30.0,30.0,37.047,False,200,
1787684676.5680926,managed,30.0,30.0,37.592,False,200,
1787684676.601426,managed,30.0,30.0,35.127,False,200,
1787684676.6347592,managed,30.0,30.0,45.566,False,200,
1787684676.6680927,managed,30.0,30.0,38.632,False,200,
1787684676.701426,managed,30.0,30.0,33.067,False,200,
1787684676.7347593,managed,30.0,30.0,38.022,False,200,
1787684676.7680926,managed,30.0,30.0,36.749,False,200,
1787684676.801426,managed,30.0,30.0,33.92,False,200,
1787684676.8347592,managed,30.0,30.0,34.756,False,200,
1787684676.8680925,managed,30.0,30.0,44.024,False,200,
1787684676.9014258,managed,30.0,30.0,28.647,False,200,
1787684676.9347594,managed,30.0,30.0,38.356,False,200,
1787684676.9680927,managed,30.0,30.0,35.042,False,200,
1787684677.001426,managed,30.0,30.0,54.883,False,200,
1787684677.0347593,managed,30.0,30.0,28.033,False,200,
1787684677.0680926,managed,30.0,30.0,33.729,False,200,
1787684677.101426,managed,30.0,30.0,31.864,False,200,
1787684677.1347592,managed,30.0,30.0,31.396,False,200,
1787684677.1680927,managed,30.0,30.0,31.055,False,200,
1787684677.201426,managed,30.0,30.0,38.068,False,200,
1787684677.2347593,managed,30.0,30.0,40.295,False,200,
1787684677.2680926,managed,30.0,30.0,37.923,False,200,
1787684677.301426,managed,30.0,30.0,36.673,False,200,
1787684677.3347592,managed,30.0,30.0,38.068,False,200,
1787684677.3680925,managed,30.0,30.0,32.289,False,200,
1787684677.4014258,managed,30.0,30.0,37.57,False,200,
1787684677.4347594,managed,30.0,30.0,31.645,False,200,
1787684677.4680927,managed,30.0,30.0,32.414,False,200,
1787684677.501426,managed,30.0,30.0,46.011,False,200,
1787684677.5347593,managed,30.0,30.0,42.862,False,200,
1787684677.5680926,managed,30.0,30.0,23.924,False,200,
1787684677.601426,managed,30.0,30.0,35.292,False,200,
1787684677.6347592,managed,30.0,30.0,33.371,False,200,
1787684677.6680927,managed,30.0,30.0,42.245,False,200,
1787684677.701426,managed,30.0,30.0,33.414,False,200,
1787684677.7347593,managed,30.0,30.0,33.261,False,200,
1787684677.7680926,managed,30.0,30.0,30.621,False,200,
1787684677.801426,managed,30.0,30.0,38.397,False,200,
1787684677.8347592,managed,30.0,30.0,35.435,False,200,
1787684677.8680925,managed,30.0,30.0,38.335,False,200,
1787684677.9014258,managed,30.0,30.0,29.695,False,200,
1787684677.9347594,managed,30.0,30.0,32.809,False,200,
1787684677.9680927,managed,30.0,30.0,43.875,False,200,
1787684678.001426,managed,30.0,30.0,45.132,False,200,
1787684678.0347593,managed,30.0,30.0,35.784,False,200,
1787684678.0680926,managed,30.0,30.0,32.144,False,200,
1787684678.101426,managed,30.0,30.0,29.351,False,200,
1787684678.1347592,managed,30.0,30.0,30.563,False,200,
1787684678.1680927,managed,30.0,30.0,40.139,False,200,
1787684678.201426,managed,30.0,30.0,36.463,False,200,
1787684678.2347593,managed,30.0,30.0,38.45,False,200,
1787684678.2680926,managed,30.0,30.0,39.29,False,200,
1787684678.301426,managed,30.0,30.0,37.555,False,200,
1787684678.3347592,managed,30.0,30.0,34.531,False,200,
1787684678.3680925,managed,30.0,30.0,39.356,False,200,
1787684678.4014258,managed,30.0,30.0,31.239,False,200,
1787684678.4347594,managed,30.0,30.0,33.532,False,200,
1787684678.4680927,managed,30.0,30.0,29.824,False,200,
1787684678.501426,managed,30.0,30.0,36.59,False,200,
1787684678.5347593,managed,30.0,30.0,35.877,False,200,
1787684678.5680926,managed,30.0,30.0,27.962,False,200,
1787684678.601426,managed,30.0,30.0,48.0,False,200,
1787684678.6347592,managed,30.0,30.0,25.729,False,200,
1787684678.6680927,managed,30.0,30.0,27.556,False,200,
1787684678.701426,managed,30.0,30.0,32.12,False,200,
1787684678.7347593,managed,30.0,30.0,31.37,False,200,
1787684678.7680926,managed,30.0,30.0,40.809,False,200,
1787684678.801426,managed,30.0,30.0,29.134,False,200,
1787684678.8347592,managed,30.0,30.0,32.044,False,200,
1787684678.8680925,managed,30.0,30.0,36.393,False,200,
1787684678.9014258,managed,30.0,30.0,29.555,False,200,
1787684678.9347594,managed,30.0,30.0,32.914,False,200,
1787684678.9680927,managed,30.0,30.0,38.134,False,200,
1787684679.001426,managed,30.0,30.0,40.716,False,200,
1787684679.0347593,managed,30.0,30.0,29.764,False,200,
1787684679.0680926,managed,30.0,30.0,40.852,False,200,
1787684679.101426,managed,30.0,30.0,41.009,False,200,
1787684679.1347592,managed,30.0,30.0,43.033,False,200,
1787684679.1680927,managed,30.0,30.0,39.294,False,200,
1787684679.201426,managed,30.0,30.0,32.086,False,200,
1787684679.2347593,managed,30.0,30.0,38.277,False,200,
1787684679.2680926,managed,30.0,30.0,34.898,False,200,
1787684679.301426,managed,30.0,30.0,37.826,False,200,
1787684679.3347592,managed,30.0,30.0,30.592,False,200,
1787684679.3680925,managed,30.0,30.0,33.389,False,200,
1787684679.4014258,managed,30.0,30.0,36.721,False,200,
1787684679.4347594,managed,30.0,30.0,30.403,False,200,
1787684679.4680927,managed,30.0,30.0,33.578,False,200,
1787684679.501426,managed,30.0,30.0,32.847,False,200,
1787684679.5347593,managed,30.0,30.0,33.685,False,200,
1787684679.5680926,managed,30.0,30.0,35.28,False,200,
1787684679.601426,managed,30.0,30.0,28.292,False,200,
1787684679.6347592,managed,30.0,30.0,33.854,False,200,
1787684679.6680927,managed,30.0,30.0,37.08,False,200,
1787684679.701426,managed,30.0,30.0,40.696,False,200,
1787684679.7347593,managed,30.0,30.0,33.549,False,200,
1787684679.7680926,managed,30.0,30.0,35.985,False,200,
1787684679.801426,managed,30.0,30.0,39.45,False,200,
1787684679.8347592,managed,30.0,30.0,31.686,False,200,
1787684679.8680925,managed,30.0,30.0,28.774,False,200,
1787684679.9014258,managed,30.0,30.0,24.324,False,200,
1787684679.9347594,managed,30.0,30.0,29.898,False,200,
1787684679.9680927,managed,30.0,30.0,36.625,False,200,
1787684680.001426,managed,30.0,30.0,28.773,False,200,
1787684680.0347593,managed,30.0,30.0,44.7,False,200,
1787684680.0680926,managed,30.0,30.0,37.742,False,200,
1787684680.101426,managed,30.0,30.0,32.077,False,200,
1787684680.1347592,managed,30.0,30.0,42.272,False,200,
1787684680.1680927,managed,30.0,30.0,36.482,False,200,
1787684680.201426,managed,30.0,30.0,31.762,False,200,
1787684680.2347593,managed,30.0,30.0,34.123,False,200,
1787684680.2680926,managed,30.0,30.0,33.769,False,200,
1787684680.301426,managed,30.0,30.0,35.881,False,200,
1787684680.3347592,managed,30.0,30.0,29.094,False,200,
1787684680.3680925,managed,30.0,30.0,30.33,False,200,
1787684680.4014258,managed,30.0,30.0,34.724,False,200,
1787684680.4347594,managed,30.0,30.0,35.694,False,200,
1787684680.4680927,managed,30.0,30.0,34.827,False,200,
1787684680.501426,managed,30.0,30.0,36.514,False,200,
1787684680.5347593,managed,30.0,30.0,26.32,False,200,
1787684680.5680926,managed,30.0,30.0,35.299,False,200,
1787684680.601426,managed,30.0,30.0,34.475,False,200,
1787684680.6347592,managed,30.0,30.0,31.803,False,200,
1787684680.6680927,managed,30.0,30.0,39.083,False,200,
1787684680.701426,managed,30.0,30.0,40.793,False,200,
1787684680.7347593,managed,30.0,30.0,42.026,False,200,
1787684680.7680926,managed,30.0,30.0,30.666,False,200,
1787684680.801426,managed,30.0,30.0,36.65,False,200,
1787684680.8347592,managed,30.0,30.0,33.64,False,200,
1787684680.8680925,managed,30.0,30.0,30.338,False,200,
1787684680.9014258,managed,30.0,30.0,26.209,False,200,
1787684680.9347594,managed,30.0,30.0,32.224,False,200,
1787684680.9680927,managed,30.0,30.0,41.639,False,200,
1787684681.001426,managed,30.0,30.0,37.091,False,200,
1787684681.0347593,managed,30.0,30.0,35.587,False,200,
1787684681.0680926,managed,30.0,30.0,31.566,False,200,
1787684681.101426,managed,30.0,30.0,42.164,False,200,
1787684681.1347592,managed,30.0,30.0,33.484,False,200,
1787684681.1680927,managed,30.0,30.0,47.146,False,200,
1787684681.201426,managed,30.0,30.0,29.743,False,200,
1787684681.2347593,managed,30.0,30.0,31.87,False,200,
1787684681.2680926,managed,30.0,30.0,35.696,False,200,
1787684681.301426,managed,30.0,30.0,31.9,False,200,
1787684681.3347592,managed,30.0,30.0,30.65,False,200,
1787684681.3680925,managed,30.0,30.0,33.504,False,200,
1787684681.4014258,managed,30.0,30.0,37.536,False,200,
1787684681.4347594,managed,30.0,30.0,30.612,False,200,
1787684681.4680927,managed,30.0,30.0,38.598,False,200,
1787684681.501426,managed,30.0,30.0,32.422,False,200,
1787684681.5347593,managed,30.0,30.0,33.705,False,200,
1787684681.5680926,managed,30.0,30.0,36.077,False,200,
1787684681.601426,managed,30.0,30.0,44.011,False,200,
1787684681.6347592,managed,30.0,30.0,44.67,False,200,
1787684681.6680927,managed,30.0,30.0,27.254,False,200,
1787684681.701426,managed,30.0,30.0,41.188,False,200,
1787684681.7347593,managed,30.0,30.0,34.951,False,200,
1787684681.7680926,managed,30.0,30.0,28.655,False,200,
1787684681.801426,managed,30.0,30.0,34.199,False,200,
1787684681.8347592,managed,30.0,30.0,39.909,False,200,
1787684681.8680925,managed,30.0,30.0,33.068,False,200,
1787684681.9014258,managed,30.0,30.0,29.486,False,200,
1787684681.9347594,managed,30.0,30.0,48.114,False,200,
1787684681.9680927,managed,30.0,30.0,37.269,False,200,
1787684682.001426,managed,30.0,30.0,31.517,False,200,
1787684682.0347593,managed,30.0,30.0,30.403,False,200,
1787684682.0680926,managed,30.0,30.0,31.157,False,200,
1787684682.101426,managed,30.0,30.0,35.838,False,200,
1787684682.1347592,managed,30.0,30.0,26.254,False,200,
1787684682.1680927,managed,30.0,30.0,40.985,False,200,
1787684682.201426,managed,30.0,30.0,34.805,False,200,
1787684682.2347593,managed,30.0,30.0,43.991,False,200,
1787684682.2680926,managed,30.0,30.0,28.69,False,200,
1787684682.301426,managed,30.0,30.0,42.872,False,200,
1787684682.3347592,managed,30.0,30.0,39.162,False,200,
1787684682.3680925,managed,30.0,30.0,28.489,False,200,
1787684682.4014258,managed,30.0,30.0,38.562,False,200,
1787684682.4347594,managed,30.0,30.0,34.396,False,200,
1787684682.4680927,managed,30.0,30.0,31.542,False,200,
1787684682.501426,managed,30.0,30.0,29.281,False,200,
1787684682.5347593,managed,30.0,30.0,27.603,False,200,
1787684682.5680926,managed,30.0,30.0,24.497,False,200,
1787684682.601426,managed,30.0,30.0,38.202,False,200,
1787684682.6347592,managed,30.0,30.0,31.857,False,200,
1787684682.6680927,managed,30.0,30.0,46.799,False,200,
1787684682.701426,managed,30.0,30.0,35.365,False,200,
1787684682.7347593,managed,30.0,30.0,32.918,False,200,
1787684682.7680926,managed,30.0,30.0,35.753,False,200,
1787684682.801426,managed,30.0,30.0,35.309,False,200,
1787684682.8347592,managed,30.0,30.0,30.232,False,200,
1787684682.8680925,managed,30.0,30.0,32.737,False,200,
1787684682.9014258,managed,30.0,30.0,34.717,False,200,
1787684682.9347594,managed,30.0,30.0,34.188,False,200,
1787684682.9680927,managed,30.0,30.0,24.629,False,200,
1787684683.001426,managed,30.0,30.0,36.91,False,200,
1787684683.0347593,managed,30.0,30.0,41.788,False,200,
1787684683.0680926,managed,30.0,30.0,35.128,False,200,
1787684683.101426,managed,30.0,30.0,28.994,False,200,
1787684683.1347592,managed,30.0,30.0,32.81,False,200,
1787684683.1680927,managed,30.0,30.0,34.68,False,200,
1787684683.201426,managed,30.0,30.0,27.792,False,200,
1787684683.2347593,managed,30.0,30.0,38.166,False,200,
1787684683.2680926,managed,30.0,30.0,27.79,False,200,
1787684683.301426,managed,30.0,30.0,32.905,False,200,
1787684683.3347592,managed,30.0,30.0,31.574,False,200,
1787684683.3680925,managed,30.0,30.0,30.368,False,200,
1787684683.4014258,managed,30.0,30.0,38.794,False,200,
1787684683.4347594,managed,30.0,30.0,42.555,False,200,
1787684683.4680927,managed,30.0,30.0,32.245,False,200,
1787684683.501426,managed,30.0,30.0,34.015,False,200,
1787684683.5347593,managed,30.0,30.0,37.191,False,200,
1787684683.5680926,managed,30.0,30.0,30.726,False,200,
1787684683.601426,managed,30.0,30.0,35.28,False,200,
1787684683.6347592,managed,30.0,30.0,36.681,False,200,
1787684683.6680927,managed,30.0,30.0,36.597,False,200,
1787684683.701426,managed,30.0,30.0,38.763,False,200,
1787684683.7347593,managed,30.0,30.0,49.895,False,200,
1787684683.7680926,managed,30.0,30.0,29.113,False,200,
1787684683.801426,managed,30.0,30.0,41.747,False,200,
1787684683.8347592,managed,30.0,30.0,30.715,False,200,
1787684683.8680925,managed,30.0,30.0,30.572,False,200,
1787684683.9014258,managed,30.0,30.0,28.575,False,200,
1787684683.9347594,managed,30.0,30.0,37.008,False,200,
1787684683.9680927,managed,30.0,30.0,43.799,False,200,
1787684684.001426,managed,30.0,30.0,40.348,False,200,
1787684684.0347593,managed,30.0,30.0,38.092,False,200,
1787684684.0680926,managed,30.0,30.0,38.815,False,200,
1787684684.101426,managed,30.0,30.0,42.754,False,200,
1787684684.1347592,managed,30.0,30.0,32.604,False,200,
1787684684.1680927,managed,30.0,30.0,36.342,False,200,
1787684684.201426,managed,30.0,30.0,36.221,False,200,
1787684684.2347593,managed,30.0,30.0,30.739,False,200,
1787684684.2680926,managed,30.0,30.0,26.182,False,200,
1787684684.301426,managed,30.0,30.0,41.707,False,200,
1787684684.3347592,managed,30.0,30.0,29.026,False,200,
1787684684.3680925,managed,30.0,30.0,41.757,False,200,
1787684684.4014258,managed,30.0,30.0,30.605,False,200,
1787684684.4347594,managed,30.0,30.0,29.923,False,200,
1787684684.4680927,managed,30.0,30.0,45.293,False,200,
1787684684.501426,managed,30.0,30.0,36.099,False,200,
1787684684.5347593,managed,30.0,30.0,35.08,False,200,
1787684684.5680926,managed,30.0,30.0,27.862,False,200,
1787684684.601426,managed,30.0,30.0,28.67,False,200,
1787684684.6347592,managed,30.0,30.0,30.873,False,200,
1787684684.6680927,managed,30.0,30.0,39.246,False,200,
1787684684.701426,managed,30.0,30.0,41.213,False,200,
1787684684.7347593,managed,30.0,30.0,32.461,False,200,
1787684684.7680926,managed,30.0,30.0,34.391,False,200,
1787684684.801426,managed,30.0,30.0,47.571,False,200,
1787684684.8347592,managed,30.0,30.0,44.171,False,200,
1787684684.8680925,managed,30.0,30.0,29.524,False,200,
1787684684.9014258,managed,30.0,30.0,33.757,False,200,
1787684684.9347594,managed,30.0,30.0,35.856,False,200,
1787684684.9680927,managed,30.0,30.0,36.559,False,200,
1787684685.001426,managed,30.0,30.0,34.629,False,200,
1787684685.0347593,managed,30.0,30.0,46.23,False,200,
1787684685.0680926,managed,30.0,30.0,27.015,False,200,
1787684685.101426,managed,30.0,30.0,36.51,False,200,
1787684685.1347592,managed,30.0,30.0,27.486,False,200,
1787684685.1680927,managed,30.0,30.0,26.423,False,200,
1787684685.201426,managed,30.0,30.0,39.27,False,200,
1787684685.2347593,managed,30.0,30.0,33.915,False,200,
1787684685.2680926,managed,30.0,30.0,36.41,False,200,
1787684685.301426,managed,30.0,30.0,36.206,False,200,
1787684685.3347592,managed,30.0,30.0,36.234,False,200,
1787684685.3680925,managed,30.0,30.0,35.219,False,200,
1787684685.4014258,managed,30.0,30.0,31.346,False,200,
1787684685.4347594,managed,30.0,30.0,36.842,False,200,
1787684685.4680927,managed,30.0,30.0,28.127,False,200,
1787684685.501426,managed,30.0,30.0,30.145,False,200,
1787684685.5347593,managed,30.0,30.0,37.358,False,200,
1787684685.5680926,managed,30.0,30.0,34.993,False,200,
1787684685.601426,managed,30.0,30.0,30.584,False,200,
1787684685.6347592,managed,30.0,30.0,33.629,False,200,
1787684685.6680927,managed,30.0,30.0,31.011,False,200,
1787684685.701426,managed,30.0,30.0,33.999,False,200,
1787684685.7347593,managed,30.0,30.0,39.398,False,200,
1787684685.7680926,managed,30.0,30.0,36.89,False,200,
1787684685.801426,managed,30.0,30.0,36.354,False,200,
1787684685.8347592,managed,30.0,30.0,33.535,False,200,
1787684685.8680925,managed,30.0,30.0,34.015,False,200,
1787684685.9014258,managed,30.0,30.0,27.25,False,200,
1787684685.9347594,managed,30.0,30.0,38.219,False,200,
1787684685.9680927,managed,30.0,30.0,36.052,False,200,
1787684686.001426,managed,30.0,30.0,35.207,False,200,
1787684686.0347593,managed,30.0,30.0,32.494,False,200,
1787684686.0680926,managed,30.0,30.0,40.293,False,200,
1787684686.101426,managed,30.0,30.0,38.368,False,200,
1787684686.1347592,managed,30.0,30.0,38.942,False,200,
1787684686.1680927,managed,30.0,30.0,37.768,False,200,
1787684686.201426,managed,30.0,30.0,30.936,False,200,
1787684686.2347593,managed,30.0,30.0,36.897,False,200,
1787684686.2680926,managed,30.0,30.0,38.119,False,200,
1787684686.301426,managed,30.0,30.0,42.003,False,200,
1787684686.3347592,managed,30.0,30.0,37.821,False,200,
1787684686.3680925,managed,30.0,30.0,31.319,False,200,
1787684686.4014258,managed,30.0,30.0,37.951,False,200,
1787684686.4347594,managed,30.0,30.0,42.469,False,200,
1787684686.4680927,managed,30.0,30.0,38.487,False,200,
1787684686.501426,managed,30.0,30.0,37.728,False,200,
1787684686.5347593,managed,30.0,30.0,48.698,False,200,
1787684686.5680926,managed,30.0,30.0,38.918,False,200,
1787684686.601426,managed,30.0,30.0,35.616,False,200,
1787684686.6347592,managed,30.0,30.0,25.333,False,200,
1787684686.6680927,managed,30.0,30.0,41.142,False,200,
1787684686.701426,managed,30.0,30.0,33.659,False,200,
1787684686.7347593,managed,30.0,30.0,37.914,False,200,
1787684686.7680926,managed,30.0,30.0,43.342,False,200,
1787684686.801426,managed,30.0,30.0,33.763,False,200,
1787684686.8347592,managed,30.0,30.0,44.661,False,200,
1787684686.8680925,managed,30.0,30.0,32.016,False,200,
1787684686.9014258,managed,30.0,30.0,36.297,False,200,
1787684686.9347594,managed,30.0,30.0,38.856,False,200,
1787684686.9680927,managed,30.0,30.0,43.521,False,200,
1787684687.001426,managed,30.0,30.0,31.034,False,200,
1787684687.0347593,managed,30.0,30.0,27.744,False,200,
1787684687.0680926,managed,30.0,30.0,34.512,False,200,
1787684687.101426,managed,30.0,30.0,32.843,False,200,
1787684687.1347592,managed,30.0,30.0,43.661,False,200,
1787684687.1680927,managed,30.0,30.0,35.394,False,200,
1787684687.201426,managed,30.0,30.0,31.893,False,200,
1787684687.2347593,managed,30.0,30.0,34.312,False,200,
1787684687.2680926,managed,30.0,30.0,30.154,False,200,
1787684687.301426,managed,30.0,30.0,43.872,False,200,
1787684687.3347592,managed,30.0,30.0,31.606,False,200,
1787684687.3680925,managed,30.0,30.0,30.294,False,200,
1787684687.4014258,managed,30.0,30.0,35.819,False,200,
1787684687.4347594,managed,30.0,30.0,32.921,False,200,
1787684687.4680927,managed,30.0,30.0,41.348,False,200,
1787684687.501426,managed,30.0,30.0,37.094,False,200,
1787684687.5347593,managed,30.0,30.0,43.814,False,200,
1787684687.5680926,managed,30.0,30.0,30.373,False,200,
1787684687.601426,managed,30.0,30.0,51.223,False,200,
1787684687.6347592,managed,30.0,30.0,36.492,False,200,
1787684687.6680927,managed,30.0,30.0,42.549,False,200,
1787684687.701426,managed,30.0,30.0,31.552,False,200,
1787684687.7347593,managed,30.0,30.0,44.939,False,200,
1787684687.7680926,managed,30.0,30.0,34.16,False,200,
1787684687.801426,managed,30.0,30.0,52.155,False,200,
1787684687.8347592,managed,30.0,30.0,31.888,False,200,
1787684687.8680925,managed,30.0,30.0,38.648,False,200,
1787684687.9014258,managed,30.0,30.0,38.089,False,200,
1787684687.9347594,managed,30.0,30.0,30.128,False,200,
1787684687.9680927,managed,30.0,30.0,39.017,False,200,
1787684688.001426,managed,30.0,30.0,39.546,False,200,
1787684688.0347593,managed,30.0,30.0,36.369,False,200,
1787684688.0680926,managed,30.0,30.0,46.025,False,200,
1787684688.101426,managed,30.0,30.0,34.001,False,200,
1787684688.1347592,managed,30.0,30.0,32.921,False,200,
1787684688.1680927,managed,30.0,30.0,44.833,False,200,
1787684688.201426,managed,30.0,30.0,45.056,False,200,
1787684688.2347593,managed,30.0,30.0,40.11,False,200,
1787684688.2680926,managed,30.0,30.0,48.752,False,200,
1787684688.301426,managed,30.0,30.0,28.416,False,200,
1787684688.3347592,managed,30.0,30.0,40.111,False,200,
1787684688.3680925,managed,30.0,30.0,35.705,False,200,
1787684688.4014258,managed,30.0,30.0,37.055,False,200,
1787684688.4347594,managed,30.0,30.0,28.087,False,200,
1787684688.4680927,managed,30.0,30.0,36.042,False,200,
1787684688.501426,managed,30.0,30.0,40.596,False,200,
1787684688.5347593,managed,30.0,30.0,35.217,False,200,
1787684688.5680926,managed,30.0,30.0,32.093,False,200,
1787684688.601426,managed,30.0,30.0,32.394,False,200,
1787684688.6347592,managed,30.0,30.0,45.06,False,200,
1787684688.6680927,managed,30.0,30.0,48.802,False,200,
1787684688.701426,managed,30.0,30.0,37.336,False,200,
1787684688.7347593,managed,30.0,30.0,39.337,False,200,
1787684688.7680926,managed,30.0,30.0,37.153,False,200,
1787684688.801426,managed,30.0,30.0,38.637,False,200,
1787684688.8347592,managed,30.0,30.0,34.798,False,200,
1787684688.8680925,managed,30.0,30.0,43.99,False,200,
1787684688.9014258,managed,30.0,30.0,35.13,False,200,
1787684688.9347594,managed,30.0,30.0,35.797,False,200,
1787684688.9680927,managed,30.0,30.0,32.317,False,200,
1787684689.001426,managed,30.0,30.0,39.796,False,200,
1787684689.0347593,managed,30.0,30.0,46.568,False,200,
1787684689.0680926,managed,30.0,30.0,35.641,False,200,
1787684689.101426,managed,30.0,30.0,37.183,False,200,
1787684689.1347592,managed,30.0,30.0,36.568,False,200,
1787684689.1680927,managed,30.0,30.0,39.049,False,200,
1787684689.201426,managed,30.0,30.0,37.85,False,200,
1787684689.2347593,managed,30.0,30.0,29.022,False,200,
1787684689.2680926,managed,30.0,30.0,42.271,False,200,
1787684689.301426,managed,30.0,30.0,29.821,False,200,
1787684689.3347592,managed,30.0,30.0,39.054,False,200,
1787684689.3680925,managed,30.0,30.0,37.317,False,200,
1787684689.4014258,managed,30.0,30.0,35.251,False,200,
1787684689.4347594,managed,30.0,30.0,32.559,False,200,
1787684689.4680927,managed,30.0,30.0,36.098,False,200,
1787684689.501426,managed,30.0,30.0,34.11,False,200,
1787684689.5347593,managed,30.0,30.0,31.111,False,200,
1787684689.5680926,managed,30.0,30.0,30.96,False,200,
1787684689.601426,managed,30.0,30.0,28.347,False,200,
1787684689.6347592,managed,30.0,30.0,37.034,False,200,
1787684689.6680927,managed,30.0,30.0,50.391,False,200,
1787684689.701426,managed,30.0,30.0,40.041,False,200,
1787684689.7347593,managed,30.0,30.0,30.575,False,200,
1787684689.7680926,managed,30.0,30.0,34.119,False,200,
1787684689.801426,managed,30.0,30.0,24.679,False,200,
1787684689.8347592,managed,30.0,30.0,37.311,False,200,
1787684689.8680925,managed,30.0,30.0,30.467,False,200,
1787684689.9014258,managed,30.0,30.0,34.867,False,200,
1787684689.9347594,managed,30.0,30.0,29.46,False,200,
1787684689.9680927,managed,30.0,30.0,28.121,False,200,
1787684690.001426,managed,30.0,30.0,39.737,False,200,
1787684690.0347593,managed,30.0,30.0,29.758,False,200,
1787684690.0680926,managed,30.0,30.0,35.818,False,200,
1787684690.101426,managed,30.0,30.0,30.182,False,200,
1787684690.1347592,managed,30.0,30.0,33.076,False,200,
1787684690.1680927,managed,30.0,30.0,44.985,False,200,
1787684690.201426,managed,30.0,30.0,47.371,False,200,
1787684690.2347593,managed,30.0,30.0,43.366,False,200,
1787684690.2680926,managed,30.0,30.0,30.329,False,200,
1787684690.301426,managed,30.0,30.0,24.031,False,200,
1787684690.3347592,managed,30.0,30.0,35.477,False,200,
1787684690.3680925,managed,30.0,30.0,39.015,False,200,
1787684690.4014258,managed,30.0,30.0,37.525,False,200,
1787684690.4347594,managed,30.0,30.0,32.195,False,200,
1787684690.4680927,managed,30.0,30.0,39.659,False,200,
1787684690.501426,managed,30.0,30.0,31.486,False,200,
1787684690.5347593,managed,30.0,30.0,35.64,False,200,
1787684690.5680926,managed,30.0,30.0,38.169,False,200,
1787684690.601426,managed,30.0,30.0,27.012,False,200,
1787684690.6347592,managed,30.0,30.0,38.064,False,200,
1787684690.6680927,managed,30.0,30.0,36.574,False,200,
1787684690.701426,managed,30.0,30.0,38.086,False,200,
1787684690.7347593,managed,30.0,30.0,32.882,False,200,
1787684690.7680926,managed,30.0,30.0,32.006,False,200,
1787684690.801426,managed,30.0,30.0,28.088,False,200,
1787684690.8347592,managed,30.0,30.0,35.546,False,200,
1787684690.8680925,managed,30.0,30.0,40.708,False,200,
1787684690.9014258,managed,30.0,30.0,31.464,False,200,
1787684690.9347594,managed,30.0,30.0,39.238,False,200,
1787684690.9680927,managed,30.0,30.0,23.554,False,200,
1787684691.001426,managed,30.0,30.0,38.043,False,200,
1787684691.0347593,managed,30.0,30.0,33.805,False,200,
1787684691.0680926,managed,30.0,30.0,34.271,False,200,
1787684691.101426,managed,30.0,30.0,38.786,False,200,
1787684691.1347592,managed,30.0,30.0,37.074,False,200,
1787684691.1680927,managed,30.0,30.0,29.71,False,200,
1787684691.201426,managed,30.0,30.0,34.429,False,200,
1787684691.2347593,managed,30.0,30.0,43.433,False,200,
1787684691.2680926,managed,30.0,30.0,32.878,False,200,
1787684691.301426,managed,30.0,30.0,33.22,False,200,
1787684691.3347592,managed,30.0,30.0,34.155,False,200,
1787684691.3680925,managed,30.0,30.0,33.004,False,200,
1787684691.4014258,managed,30.0,30.0,42.811,False,200,
1787684691.4347594,managed,30.0,30.0,35.74,False,200,
1787684691.4680927,managed,30.0,30.0,34.584,False,200,
1787684691.501426,managed,30.0,30.0,26.244,False,200,
1787684691.5347593,managed,30.0,30.0,27.156,False,200,
1787684691.5680926,managed,30.0,30.0,36.687,False,200,
1787684691.601426,managed,30.0,30.0,40.88,False,200,
1787684691.6347592,managed,30.0,30.0,38.568,False,200,
1787684691.6680927,managed,30.0,30.0,37.409,False,200,
1787684691.701426,managed,30.0,30.0,29.676,False,200,
1787684691.7347593,managed,30.0,30.0,40.694,False,200,
1787684691.7680926,managed,30.0,30.0,35.689,False,200,
1787684691.801426,managed,30.0,30.0,29.922,False,200,
1787684691.8347592,managed,30.0,30.0,35.729,False,200,
1787684691.8680925,managed,30.0,30.0,35.53,False,200,
1787684691.9014258,managed,30.0,30.0,43.028,False,200,
1787684691.9347594,managed,30.0,30.0,34.056,False,200,
1787684691.9680927,managed,30.0,30.0,37.682,False,200,
1787684692.001426,managed,30.0,30.0,36.51,False,200,
1787684692.0347593,managed,30.0,30.0,40.461,False,200,
1787684692.0680926,managed,30.0,30.0,34.156,False,200,
1787684692.101426,managed,30.0,30.0,35.175,False,200,
1787684692.1347592,managed,30.0,30.0,32.793,False,200,
1787684692.1680927,managed,30.0,30.0,34.573,False,200,
1787684692.201426,managed,30.0,30.0,34.545,False,200,
1787684692.2347593,managed,30.0,30.0,40.658,False,200,
1787684692.2680926,managed,30.0,30.0,34.343,False,200,
1787684692.301426,managed,30.0,30.0,41.127,False,200,
1787684692.3347592,managed,30.0,30.0,47.321,False,200,
1787684692.3680925,managed,30.0,30.0,31.593,False,200,
1787684692.4014258,managed,30.0,30.0,35.601,False,200,
1787684692.4347594,managed,30.0,30.0,49.319,False,200,
1787684692.4680927,managed,30.0,30.0,41.385,False,200,
1787684692.501426,managed,30.0,30.0,28.865,False,200,
1787684692.5347593,managed,30.0,30.0,32.614,False,200,
1787684692.5680926,managed,30.0,30.0,30.631,False,200,
1787684692.601426,managed,30.0,30.0,35.315,False,200,
1787684692.6347592,managed,30.0,30.0,36.54,False,200,
1787684692.6680927,managed,30.0,30.0,42.106,False,200,
1787684692.701426,managed,30.0,30.0,36.829,False,200,
1787684692.7347593,managed,30.0,30.0,27.199,False,200,
1787684692.7680926,managed,30.0,30.0,32.876,False,200,
1787684692.801426,managed,30.0,30.0,28.519,False,200,
1787684692.8347592,managed,30.0,30.0,36.598,False,200,
1787684692.8680925,managed,30.0,30.0,27.662,False,200,
1787684692.9014258,managed,30.0,30.0,29.945,False,200,
1787684692.9347594,managed,30.0,30.0,30.223,False,200,
1787684692.9680927,managed,30.0,30.0,41.424,False,200,
1787684693.001426,managed,30.0,30.0,36.123,False,200,
1787684693.0347593,managed,30.0,30.0,36.141,False,200,
1787684693.0680926,managed,30.0,30.0,28.653,False,200,
1787684693.101426,managed,30.0,30.0,23.891,False,200,
1787684693.1347592,managed,30.0,30.0,43.809,False,200,
1787684693.1680927,managed,30.0,30.0,35.579,False,200,
1787684693.201426,managed,30.0,30.0,30.641,False,200,
1787684693.2347593,managed,30.0,30.0,40.776,False,200,
1787684693.2680926,managed,30.0,30.0,41.631,False,200,
1787684693.301426,managed,30.0,30.0,39.854,False,200,
1787684693.3347592,managed,30.0,30.0,41.254,False,200,
1787684693.3680925,managed,30.0,30.0,36.465,False,200,
1787684693.4014258,managed,30.0,30.0,26.674,False,200,
1787684693.4347594,managed,30.0,30.0,31.539,False,200,
1787684693.4680927,managed,30.0,30.0,32.92,False,200,
1787684693.501426,managed,30.0,30.0,37.14,False,200,
1787684693.5347593,managed,30.0,30.0,30.914,False,200,
1787684693.5680926,managed,30.0,30.0,30.77,False,200,
1787684693.601426,managed,30.0,30.0,36.203,False,200,
1787684693.6347592,managed,30.0,30.0,41.571,False,200,
1787684693.6680927,managed,30.0,30.0,34.859,False,200,
1787684693.701426,managed,30.0,30.0,26.16,False,200,
1787684693.7347593,managed,30.0,30.0,41.034,False,200,
1787684693.7680926,managed,30.0,30.0,37.634,False,200,
1787684693.801426,managed,30.0,30.0,36.786,False,200,
1787684693.8347592,managed,30.0,30.0,39.044,False,200,
1787684693.8680925,managed,30.0,30.0,27.284,False,200,
1787684693.9014258,managed,30.0,30.0,35.545,False,200,
1787684693.9347594,managed,30.0,30.0,29.879,False,200,
1787684693.9680927,managed,30.0,30.0,30.661,False,200,
1787684694.001426,managed,30.0,30.0,32.483,False,200,
1787684694.0347593,managed,30.0,30.0,33.046,False,200,
1787684694.0680926,managed,30.0,30.0,47.415,False,200,
1787684694.101426,managed,30.0,30.0,31.286,False,200,
1787684694.1347592,managed,30.0,30.0,50.528,False,200,
1787684694.1680927,managed,30.0,30.0,36.506,False,200,
1787684694.201426,managed,30.0,30.0,36.888,False,200,
1787684694.2347593,managed,30.0,30.0,39.016,False,200,
1787684694.2680926,managed,30.0,30.0,32.45,False,200,
1787684694.301426,managed,30.0,30.0,31.534,False,200,
1787684694.3347592,managed,30.0,30.0,38.655,False,200,
1787684694.3680925,managed,30.0,30.0,38.71,False,200,
1787684694.4014258,managed,30.0,30.0,41.118,False,200,
1787684694.4347594,managed,30.0,30.0,43.202,False,200,
1787684694.4680927,managed,30.0,30.0,33.697,False,200,
1787684694.501426,managed,30.0,30.0,31.71,False,200,
1787684694.5347593,managed,30.0,30.0,34.635,False,200,
1787684694.5680926,managed,30.0,30.0,29.897,False,200,
1787684694.601426,managed,30.0,30.0,32.831,False,200,
1787684694.6347592,managed,30.0,30.0,30.989,False,200,
1787684694.6680927,managed,30.0,30.0,25.697,False,200,
1787684694.701426,managed,30.0,30.0,40.241,False,200,
1787684694.7347593,managed,30.0,30.0,32.744,False,200,
1787684694.7680926,managed,30.0,30.0,28.979,False,200,
1787684694.801426,managed,30.0,30.0,33.118,False,200,
1787684694.8347592,managed,30.0,30.0,33.399,False,200,
1787684694.8680925,managed,30.0,30.0,49.027,False,200,
1787684694.9014258,managed,30.0,30.0,39.168,False,200,
1787684694.9347594,managed,30.0,30.0,31.551,False,200,
1787684694.9680927,managed,30.0,30.0,31.225,False,200,
1787684695.001426,managed,30.0,30.0,34.367,False,200,
1787684695.0347593,managed,30.0,30.0,33.659,False,200,
1787684695.0680926,managed,30.0,30.0,35.092,False,200,
1787684695.101426,managed,30.0,30.0,32.364,False,200,
1787684695.1347592,managed,30.0,30.0,33.196,False,200,
1787684695.1680927,managed,30.0,30.0,43.188,False,200,
1787684695.201426,managed,30.0,30.0,34.593,False,200,
1787684695.2347593,managed,30.0,30.0,40.42,False,200,
1787684695.2680926,managed,30.0,30.0,31.688,False,200,
1787684695.301426,managed,30.0,30.0,51.921,False,200,
1787684695.3347592,managed,30.0,30.0,36.962,False,200,
1787684695.3680925,managed,30.0,30.0,34.97,False,200,
1787684695.4014258,managed,30.0,30.0,30.354,False,200,
1787684695.4347594,managed,30.0,30.0,33.81,False,200,
1787684695.4680927,managed,30.0,30.0,27.526,False,200,
1787684695.501426,managed,30.0,30.0,36.558,False,200,
1787684695.5347593,managed,30.0,30.0,40.248,False,200,
1787684695.5680926,managed,30.0,30.0,25.162,False,200,
1787684695.601426,managed,30.0,30.0,34.583,False,200,
1787684695.6347592,managed,30.0,30.0,46.291,False,200,
1787684695.6680927,managed,30.0,30.0,30.592,False,200,
1787684695.701426,managed,30.0,30.0,30.783,False,200,
1787684695.7347593,managed,30.0,30.0,24.166,False,200,
1787684695.7680926,managed,30.0,30.0,34.305,False,200,
1787684695.801426,managed,30.0,30.0,47.755,False,200,
1787684695.8347592,managed,30.0,30.0,41.102,False,200,
1787684695.8680925,managed,30.0,30.0,35.257,False,200,
1787684695.9014258,managed,30.0,30.0,25.812,False,200,
1787684695.9347594,managed,30.0,30.0,31.935,False,200,
1787684695.9680927,managed,30.0,30.0,30.383,False,200,
1787684696.001426,managed,30.0,30.0,35.049,False,200,
1787684696.0347593,managed,30.0,30.0,30.362,False,200,
1787684696.0680926,managed,30.0,30.0,34.664,False,200,
1787684696.101426,managed,30.0,30.0,41.29,False,200,
1787684696.1347592,managed,30.0,30.0,34.603,False,200,
1787684696.1680927,managed,30.0,30.0,33.272,False,200,
1787684696.201426,managed,30.0,30.0,35.401,False,200,
1787684696.2347593,managed,30.0,30.0,39.647,False,200,
1787684696.2680926,managed,30.0,30.0,37.018,False,200,
1787684696.301426,managed,30.0,30.0,36.403,False,200,
1787684696.3347592,managed,30.0,30.0,41.447,False,200,
1787684696.3680925,managed,30.0,30.0,35.422,False,200,
1787684696.4014258,managed,30.0,30.0,32.222,False,200,
1787684696.4347594,managed,30.0,30.0,43.658,False,200,
1787684696.4680927,managed,30.0,30.0,47.829,False,200,
1787684696.501426,managed,30.0,30.0,35.199,False,200,
1787684696.5347593,managed,30.0,30.0,33.517,False,200,
1787684696.5680926,managed,30.0,30.0,31.803,False,200,
1787684696.601426,managed,30.0,30.0,36.092,False,200,
1787684696.6347592,managed,30.0,30.0,42.65,False,200,
1787684696.6680927,managed,30.0,30.0,28.941,False,200,
1787684696.701426,managed,30.0,30.0,32.826,False,200,
1787684696.7347593,managed,30.0,30.0,43.635,False,200,
1787684696.7680926,managed,30.0,30.0,31.931,False,200,
1787684696.801426,managed,30.0,30.0,32.107,False,200,
1787684696.8347592,managed,30.0,30.0,32.799,False,200,
1787684696.8680925,managed,30.0,30.0,39.149,False,200,
1787684696.9014258,managed,30.0,30.0,34.919,False,200,
1787684696.9347594,managed,30.0,30.0,40.471,False,200,
1787684696.9680927,managed,30.0,30.0,58.2,False,200,
1787684697.001426,managed,30.0,30.0,29.517,False,200,
1787684697.0347593,managed,30.0,30.0,41.747,False,200,
1787684697.0680926,managed,30.0,30.0,22.557,False,200,
1787684697.101426,managed,30.0,30.0,35.658,False,200,
1787684697.1347592,managed,30.0,30.0,35.414,False,200,
1787684697.1680927,managed,30.0,30.0,35.663,False,200,
1787684697.201426,managed,30.0,30.0,35.165,False,200,
1787684697.2347593,managed,30.0,30.0,33.202,False,200,
1787684697.2680926,managed,30.0,30.0,38.449,False,200,
1787684697.301426,managed,30.0,30.0,31.169,False,200,
1787684697.3347592,managed,30.0,30.0,30.799,False,200,
1787684697.3680925,managed,30.0,30.0,33.031,False,200,
1787684697.4014258,managed,30.0,30.0,24.927,False,200,
1787684697.4347594,managed,30.0,30.0,39.787,False,200,
1787684697.4680927,managed,30.0,30.0,38.913,False,200,
1787684697.501426,managed,30.0,30.0,30.808,False,200,
1787684697.5347593,managed,30.0,30.0,37.074,False,200,
1787684697.5680926,managed,30.0,30.0,36.037,False,200,
1787684697.601426,managed,30.0,30.0,42.453,False,200,
1787684697.6347592,managed,30.0,30.0,43.234,False,200,
1787684697.6680927,managed,30.0,30.0,36.861,False,200,
1787684697.701426,managed,30.0,30.0,37.185,False,200,
1787684697.7347593,managed,30.0,30.0,35.083,False,200,
1787684697.7680926,managed,30.0,30.0,28.42,False,200,
1787684697.801426,managed,30.0,30.0,30.51,False,200,
1787684697.8347592,managed,30.0,30.0,30.768,False,200,
1787684697.8680925,managed,30.0,30.0,42.106,False,200,
1787684697.9014258,managed,30.0,30.0,40.666,False,200,
1787684697.9347594,managed,30.0,30.0,35.206,False,200,
1787684697.9680927,managed,30.0,30.0,35.532,False,200,
1787684698.001426,managed,30.0,30.0,32.473,False,200,
1787684698.0347593,managed,30.0,30.0,30.426,False,200,
1787684698.0680926,managed,30.0,30.0,37.417,False,200,
1787684698.101426,managed,30.0,30.0,36.69,False,200,
1787684698.1347592,managed,30.0,30.0,41.496,False,200,
1787684698.1680927,managed,30.0,30.0,33.84,False,200,
1787684698.201426,managed,30.0,30.0,33.708,False,200,
1787684698.2347593,managed,30.0,30.0,34.013,False,200,
1787684698.2680926,managed,30.0,30.0,33.321,False,200,
1787684698.301426,managed,30.0,30.0,32.002,False,200,
1787684698.3347592,managed,30.0,30.0,33.859,False,200,
1787684698.3680925,managed,30.0,30.0,36.613,False,200,
1787684698.4014258,managed,30.0,30.0,41.683,False,200,
1787684698.4347594,managed,30.0,30.0,31.607,False,200,
1787684698.4680927,managed,30.0,30.0,35.171,False,200,
1787684698.501426,managed,30.0,30.0,34.396,False,200,
1787684698.5347593,managed,30.0,30.0,35.423,False,200,
1787684698.5680926,managed,30.0,30.0,33.284,False,200,
1787684698.601426,managed,30.0,30.0,38.409,False,200,
1787684698.6347592,managed,30.0,30.0,30.581,False,200,
1787684698.6680927,managed,30.0,30.0,37.574,False,200,
1787684698.701426,managed,30.0,30.0,27.157,False,200,
1787684698.7347593,managed,30.0,30.0,30.381,False,200,
1787684698.7680926,managed,30.0,30.0,39.641,False,200,
1787684698.801426,managed,30.0,30.0,46.052,False,200,
1787684698.8347592,managed,30.0,30.0,39.541,False,200,
1787684698.8680925,managed,30.0,30.0,38.15,False,200,
1787684698.9014258,managed,30.0,30.0,36.252,False,200,
1787684698.9347594,managed,30.0,30.0,34.72,False,200,
1787684698.9680927,managed,30.0,30.0,31.319,False,200,
1787684699.001426,managed,30.0,30.0,40.215,False,200,
1787684699.0347593,managed,30.0,30.0,47.985,False,200,
1787684699.0680926,managed,30.0,30.0,35.688,False,200,
1787684699.101426,managed,30.0,30.0,30.476,False,200,
1787684699.1347592,managed,30.0,30.0,42.082,False,200,
1787684699.1680927,managed,30.0,30.0,35.78,False,200,
1787684699.201426,managed,30.0,30.0,41.452,False,200,
1787684699.2347593,managed,30.0,30.0,39.867,False,200,
1787684699.2680926,managed,30.0,30.0,38.144,False,200,
1787684699.301426,managed,30.0,30.0,34.106,False,200,
1787684699.3347592,managed,30.0,30.0,38.563,False,200,
1787684699.3680925,managed,30.0,30.0,34.022,False,200,
1787684699.4014258,managed,30.0,30.0,39.311,False,200,
1787684699.4347594,managed,30.0,30.0,39.588,False,200,
1787684699.4680927,managed,30.0,30.0,48.878,False,200,
1787684699.501426,managed,30.0,30.0,39.607,False,200,
1787684699.5347593,managed,30.0,30.0,31.393,False,200,
1787684699.5680926,managed,30.0,30.0,34.917,False,200,
1787684699.601426,managed,30.0,30.0,36.412,False,200,
1787684699.6347592,managed,30.0,30.0,27.918,False,200,
1787684699.6680927,managed,30.0,30.0,31.755,False,200,
1787684699.701426,managed,30.0,30.0,40.616,False,200,
1787684699.7347593,managed,30.0,30.0,32.305,False,200,
1787684699.7680926,managed,30.0,30.0,33.917,False,200,
1787684699.801426,managed,30.0,30.0,34.968,False,200,
1787684699.8347592,managed,30.0,30.0,37.574,False,200,
1787684699.8680925,managed,30.0,30.0,42.617,False,200,
1787684699.9014258,managed,30.0,30.0,25.99,False,200,
1787684699.9347594,managed,30.0,30.0,38.14,False,200,
1787684699.9680927,managed,30.0,30.0,28.65,False,200,
1787684700.001426,managed,30.0,30.0,31.834,False,200,
1787684700.0347593,managed,30.0,30.0,33.466,False,200,
1787684700.0680926,managed,30.0,30.0,37.26,False,200,
1787684700.101426,managed,30.0,30.0,43.549,False,200,
1787684700.1347592,managed,30.0,30.0,33.998,False,200,
1787684700.1680927,managed,30.0,30.0,32.484,False,200,
1787684700.201426,managed,30.0,30.0,32.52,False,200,
1787684700.2347593,managed,30.0,30.0,43.904,False,200,
1787684700.2680926,managed,30.0,30.0,32.268,False,200,
1787684700.301426,managed,30.0,30.0,32.348,False,200,
1787684700.3347592,managed,30.0,30.0,53.404,False,200,
1787684700.3680925,managed,30.0,30.0,32.336,False,200,
1787684700.4014258,managed,30.0,30.0,36.228,False,200,
1787684700.4347594,managed,30.0,30.0,32.48,False,200,
1787684700.4680927,managed,30.0,30.0,34.986,False,200,
1787684700.501426,managed,30.0,30.0,35.349,False,200,
1787684700.5347593,managed,30.0,30.0,35.496,False,200,
1787684700.5680926,managed,30.0,30.0,33.379,False,200,
1787684700.601426,managed,30.0,30.0,29.194,False,200,
1787684700.6347592,managed,30.0,30.0,28.234,False,200,
1787684700.6680927,managed,30.0,30.0,39.474,False,200,
1787684700.701426,managed,30.0,30.0,49.938,False,200,
1787684700.7347593,managed,30.0,30.0,32.025,False,200,
1787684700.7680926,managed,30.0,30.0,38.842,False,200,
1787684700.801426,managed,30.0,30.0,31.173,False,200,
1787684700.8347592,managed,30.0,30.0,36.055,False,200,
1787684700.8680925,managed,30.0,30.0,39.233,False,200,
1787684700.9014258,managed,30.0,30.0,29.779,False,200,
1787684700.9347594,managed,30.0,30.0,29.067,False,200,
1787684700.9680927,managed,30.0,30.0,32.472,False,200,
1787684701.001426,managed,30.0,30.0,38.588,False,200,
1787684701.0347593,managed,30.0,30.0,41.2,False,200,
1787684701.0680926,managed,30.0,30.0,45.311,False,200,
1787684701.101426,managed,30.0,30.0,32.435,False,200,
1787684701.1347592,managed,30.0,30.0,33.347,False,200,
1787684701.1680927,managed,30.0,30.0,40.061,False,200,
1787684701.201426,managed,30.0,30.0,36.523,False,200,
1787684701.2347593,managed,30.0,30.0,36.074,False,200,
1787684701.2680926,managed,30.0,30.0,45.162,False,200,
1787684701.301426,managed,30.0,30.0,33.213,False,200,
1787684701.3347592,managed,30.0,30.0,38.628,False,200,
1787684701.3680925,managed,30.0,30.0,43.53,False,200,
1787684701.4014258,managed,30.0,30.0,35.959,False,200,
1787684701.4347594,managed,30.0,30.0,37.196,False,200,
1787684701.4680927,managed,30.0,30.0,41.017,False,200,
1787684701.501426,managed,30.0,30.0,36.03,False,200,
1787684701.5347593,managed,30.0,30.0,33.364,False,200,
1787684701.5680926,managed,30.0,30.0,44.029,False,200,
1787684701.601426,managed,30.0,30.0,24.372,False,200,
1787684701.6347592,managed,30.0,30.0,23.104,False,200,
1787684701.6680927,managed,30.0,30.0,26.661,False,200,
1787684701.701426,managed,30.0,30.0,34.103,False,200,
1787684701.7347593,managed,30.0,30.0,42.867,False,200,
1787684701.7680926,managed,30.0,30.0,33.815,False,200,
1787684701.801426,managed,30.0,30.0,35.374,False,200,
1787684701.8347592,managed,30.0,30.0,36.203,False,200,
1787684701.8680925,managed,30.0,30.0,29.563,False,200,
1787684701.9014258,managed,30.0,30.0,37.694,False,200,
1787684701.9347594,managed,30.0,30.0,38.555,False,200,
1787684701.9680927,managed,30.0,30.0,27.705,False,200,
1787684702.001426,managed,30.0,30.0,25.746,False,200,
1787684702.0347593,managed,30.0,30.0,30.038,False,200,
1787684702.0680926,managed,30.0,30.0,39.337,False,200,
1787684702.101426,managed,30.0,30.0,33.543,False,200,
1787684702.1347592,managed,30.0,30.0,31.532,False,200,
1787684702.1680927,managed,30.0,30.0,38.753,False,200,
1787684702.201426,managed,30.0,30.0,38.418,False,200,
1787684702.2347593,managed,30.0,30.0,27.529,False,200,
1787684702.2680926,managed,30.0,30.0,53.366,False,200,
1787684702.301426,managed,30.0,30.0,36.24,False,200,
1787684702.3347592,managed,30.0,30.0,33.046,False,200,
1787684702.3680925,managed,30.0,30.0,27.507,False,200,
1787684702.4014258,managed,30.0,30.0,34.629,False,200,
1787684702.4347594,managed,30.0,30.0,49.301,False,200,
1787684702.4680927,managed,30.0,30.0,38.204,False,200,
1787684702.501426,managed,30.0,30.0,31.094,False,200,
1787684702.5347593,managed,30.0,30.0,37.967,False,200,
1787684702.5680926,managed,30.0,30.0,36.239,False,200,
1787684702.601426,managed,30.0,30.0,34.792,False,200,
1787684702.6347592,managed,30.0,30.0,45.101,False,200,
1787684702.6680927,managed,30.0,30.0,31.147,False,200,
1787684702.701426,managed,30.0,30.0,34.477,False,200,
1787684702.7347593,managed,30.0,30.0,33.829,False,200,
1787684702.7680926,managed,30.0,30.0,33.142,False,200,
1787684702.801426,managed,30.0,30.0,42.242,False,200,
1787684702.8347592,managed,30.0,30.0,39.349,False,200,
1787684702.8680925,managed,30.0,30.0,33.588,False,200,
1787684702.9014258,managed,30.0,30.0,42.268,False,200,
1787684702.9347594,managed,30.0,30.0,41.454,False,200,
1787684702.9680927,managed,30.0,30.0,37.028,False,200,
1787684703.001426,managed,30.0,30.0,34.548,False,200,
1787684703.0347593,managed,30.0,30.0,42.582,False,200,
1787684703.0680926,managed,30.0,30.0,30.034,False,200,
1787684703.101426,managed,30.0,30.0,21.707,False,200,
1787684703.1347592,managed,30.0,30.0,35.339,False,200,
1787684703.1680927,managed,30.0,30.0,39.392,False,200,
1787684703.201426,managed,30.0,30.0,31.543,False,200,
1787684703.2347593,managed,30.0,30.0,30.606,False,200,
1787684703.2680926,managed,30.0,30.0,44.105,False,200,
1787684703.301426,managed,30.0,30.0,34.516,False,200,
1787684703.3347592,managed,30.0,30.0,38.353,False,200,
1787684703.3680925,managed,30.0,30.0,43.306,False,200,
1787684703.4014258,managed,30.0,30.0,31.161,False,200,
1787684703.4347594,managed,30.0,30.0,30.166,False,200,
1787684703.4680927,managed,30.0,30.0,29.465,False,200,
1787684703.501426,managed,30.0,30.0,38.5,False,200,
1787684703.5347593,managed,30.0,30.0,41.815,False,200,
1787684703.5680926,managed,30.0,30.0,31.985,False,200,
1787684703.601426,managed,30.0,30.0,35.497,False,200,
1787684703.6347592,managed,30.0,30.0,38.231,False,200,
1787684703.6680927,managed,30.0,30.0,26.177,False,200,
1787684703.701426,managed,30.0,30.0,38.116,False,200,
1787684703.7347593,managed,30.0,30.0,34.406,False,200,
1787684703.7680926,managed,30.0,30.0,32.542,False,200,
1787684703.801426,managed,30.0,30.0,40.856,False,200,
1787684703.8347592,managed,30.0,30.0,34.141,False,200,
1787684703.8680925,managed,30.0,30.0,41.469,False,200,
1787684703.9014258,managed,30.0,30.0,32.49,False,200,
1787684703.9347594,managed,30.0,30.0,35.065,False,200,
1787684703.9680927,managed,30.0,30.0,27.56,False,200,
1787684704.001426,managed,30.0,30.0,34.079,False,200,
1787684704.0347593,managed,30.0,30.0,40.664,False,200,
1787684704.0680926,managed,30.0,30.0,24.978,False,200,
1787684704.101426,managed,30.0,30.0,27.405,False,200,
1787684704.1347592,managed,30.0,30.0,40.003,False,200,
1787684704.1680927,managed,30.0,30.0,33.654,False,200,
1787684704.201426,managed,30.0,30.0,33.277,False,200,
1787684704.2347593,managed,30.0,30.0,24.986,False,200,
1787684704.2680926,managed,30.0,30.0,34.626,False,200,
1787684704.301426,managed,30.0,30.0,26.6,False,200,
1787684704.3347592,managed,30.0,30.0,32.476,False,200,
1787684704.3680925,managed,30.0,30.0,40.598,False,200,
1787684704.4014258,managed,30.0,30.0,38.122,False,200,
1787684704.4347594,managed,30.0,30.0,36.117,False,200,
1787684704.4680927,managed,30.0,30.0,35.19,False,200,
1787684704.501426,managed,30.0,30.0,42.603,False,200,
1787684704.5347593,managed,30.0,30.0,35.168,False,200,
1787684704.5680926,managed,30.0,30.0,39.697,False,200,
1787684704.601426,managed,30.0,30.0,45.209,False,200,
1787684704.6347592,managed,30.0,30.0,38.193,False,200,
1787684704.6680927,managed,30.0,30.0,31.927,False,200,
1787684704.701426,managed,30.0,30.0,33.49,False,200,
1787684704.7347593,managed,30.0,30.0,29.451,False,200,
1787684704.7680926,managed,30.0,30.0,34.978,False,200,
1787684704.801426,managed,30.0,30.0,34.549,False,200,
1787684704.8347592,managed,30.0,30.0,34.896,False,200,
1787684704.8680925,managed,30.0,30.0,39.953,False,200,
1787684704.9014258,managed,30.0,30.0,41.037,False,200,
1787684704.9347594,managed,30.0,30.0,33.837,False,200,
1787684704.9680927,managed,30.0,30.0,38.607,False,200,
1787684705.001426,managed,30.0,30.0,41.712,False,200,
1787684705.0347593,managed,30.0,30.0,38.039,False,200,
1787684705.0680926,managed,30.0,30.0,24.238,False,200,
1787684705.101426,managed,30.0,30.0,33.633,False,200,
1787684705.1347592,managed,30.0,30.0,35.776,False,200,
1787684705.1680927,managed,30.0,30.0,29.891,False,200,
1787684705.201426,managed,30.0,30.0,46.599,False,200,
1787684705.2347593,managed,30.0,30.0,29.155,False,200,
1787684705.2680926,managed,30.0,30.0,32.51,False,200,
1787684705.301426,managed,30.0,30.0,34.831,False,200,
1787684705.3347592,managed,30.0,30.0,39.376,False,200,
1787684705.3680925,managed,30.0,30.0,33.611,False,200,
1787684705.4014258,managed,30.0,30.0,38.356,False,200,
1787684705.4347594,managed,30.0,30.0,27.194,False,200,
1787684705.4680927,managed,30.0,30.0,32.716,False,200,
1787684705.501426,managed,30.0,30.0,32.749,False,200,
1787684705.5347593,managed,30.0,30.0,36.265,False,200,
1787684705.5680926,managed,30.0,30.0,34.901,False,200,
1787684705.601426,managed,30.0,30.0,36.277,False,200,
1787684705.6347592,managed,30.0,30.0,36.979,False,200,
1787684705.6680927,managed,30.0,30.0,34.588,False,200,
1787684705.701426,managed,30.0,30.0,36.644,False,200,
1787684705.7347593,managed,30.0,30.0,45.871,False,200,
1787684705.7680926,managed,30.0,30.0,29.374,False,200,
1787684705.801426,managed,30.0,30.0,49.1,False,200,
1787684705.8347592,managed,30.0,30.0,25.82,False,200,
1787684705.8680925,managed,30.0,30.0,39.864,False,200,
1787684705.9014258,managed,30.0,30.0,33.997,False,200,
1787684705.9347594,managed,30.0,30.0,33.815,False,200,
1787684705.9680927,managed,30.0,30.0,34.303,False,200,
1787684706.001426,managed,30.0,30.0,28.158,False,200,
1787684706.0347593,managed,30.0,30.0,42.082,False,200,
1787684706.0680926,managed,30.0,30.0,38.33,False,200,
1787684706.101426,managed,30.0,30.0,32.757,False,200,
1787684706.1347592,managed,30.0,30.0,37.876,False,200,
1787684706.1680927,managed,30.0,30.0,26.657,False,200,
1787684706.201426,managed,30.0,30.0,43.343,False,200,
1787684706.2347593,managed,30.0,30.0,36.374,False,200,
1787684706.2680926,managed,30.0,30.0,40.923,False,200,
1787684706.301426,managed,30.0,30.0,35.265,False,200,
1787684706.3347592,managed,30.0,30.0,32.885,False,200,
1787684706.3680925,managed,30.0,30.0,37.852,False,200,
1787684706.4014258,managed,30.0,30.0,41.142,False,200,
1787684706.4347594,managed,30.0,30.0,28.616,False,200,
1787684706.4680927,managed,30.0,30.0,30.354,False,200,
1787684706.501426,managed,30.0,30.0,35.386,False,200,
1787684706.5347593,managed,30.0,30.0,34.48,False,200,
1787684706.5680926,managed,30.0,30.0,38.713,False,200,
1787684706.601426,managed,30.0,30.0,31.305,False,200,
1787684706.6347592,managed,30.0,30.0,39.266,False,200,
1787684706.6680927,managed,30.0,30.0,42.541,False,200,
1787684706.701426,managed,30.0,30.0,29.109,False,200,
1787684706.7347593,managed,30.0,30.0,38.426,False,200,
1787684706.7680926,managed,30.0,30.0,38.206,False,200,
1787684706.801426,managed,30.0,30.0,31.342,False,200,
1787684706.8347592,managed,30.0,30.0,29.787,False,200,
1787684706.8680925,managed,30.0,30.0,31.959,False,200,
1787684706.9014258,managed,30.0,30.0,42.918,False,200,
1787684706.9347594,managed,30.0,30.0,32.695,False,200,
1787684706.9680927,managed,30.0,30.0,32.677,False,200,
1787684707.001426,managed,30.0,30.0,37.385,False,200,
1787684707.0347593,managed,30.0,30.0,31.459,False,200,
1787684707.0680926,managed,30.0,30.0,37.52,False,200,
1787684707.101426,managed,30.0,30.0,30.092,False,200,
1787684707.1347592,managed,30.0,30.0,29.583,False,200,
1787684707.1680927,managed,30.0,30.0,33.587,False,200,
1787684707.201426,managed,30.0,30.0,32.996,False,200,
1787684707.2347593,managed,30.0,30.0,37.028,False,200,
1787684707.2680926,managed,30.0,30.0,32.015,False,200,
1787684707.301426,managed,30.0,30.0,44.14,False,200,
1787684707.3347592,managed,30.0,30.0,31.187,False,200,
1787684707.3680925,managed,30.0,30.0,28.351,False,200,
1787684707.4014258,managed,30.0,30.0,34.436,False,200,
1787684707.4347594,managed,30.0,30.0,42.163,False,200,
1787684707.4680927,managed,30.0,30.0,27.972,False,200,
1787684707.501426,managed,30.0,30.0,34.72,False,200,
1787684707.5347593,managed,30.0,30.0,35.038,False,200,
1787684707.5680926,managed,30.0,30.0,34.902,False,200,
1787684707.601426,managed,30.0,30.0,37.968,False,200,
1787684707.6347592,managed,30.0,30.0,23.125,False,200,
1787684707.6680927,managed,30.0,30.0,40.06,False,200,
1787684707.701426,managed,30.0,30.0,32.701,False,200,
1787684707.7347593,managed,30.0,30.0,33.192,False,200,
1787684707.7680926,managed,30.0,30.0,34.329,False,200,
1787684707.801426,managed,30.0,30.0,36.614,False,200,
1787684707.8347592,managed,30.0,30.0,34.584,False,200,
1787684707.8680925,managed,30.0,30.0,43.91,False,200,
1787684707.9014258,managed,30.0,30.0,32.222,False,200,
1787684707.9347594,managed,30.0,30.0,31.704,False,200,
1787684707.9680927,managed,30.0,30.0,27.849,False,200,
1787684708.001426,managed,30.0,30.0,30.52,False,200,
1787684708.0347593,managed,30.0,30.0,38.109,False,200,
1787684708.0680926,managed,30.0,30.0,29.057,False,200,
1787684708.101426,managed,30.0,30.0,36.336,False,200,
1787684708.1347592,managed,30.0,30.0,35.156,False,200,
1787684708.1680927,managed,30.0,30.0,32.022,False,200,
1787684708.201426,managed,30.0,30.0,30.674,False,200,
1787684708.2347593,managed,30.0,30.0,33.207,False,200,
1787684708.2680926,managed,30.0,30.0,36.48,False,200,
1787684708.301426,managed,30.0,30.0,34.844,False,200,
1787684708.3347592,managed,30.0,30.0,34.069,False,200,
1787684708.3680925,managed,30.0,30.0,32.405,False,200,
1787684708.4014258,managed,30.0,30.0,37.288,False,200,
1787684708.4347594,managed,30.0,30.0,40.868,False,200,
1787684708.4680927,managed,30.0,30.0,32.612,False,200,
1787684708.501426,managed,30.0,30.0,35.768,False,200,
1787684708.5347593,managed,30.0,30.0,22.511,False,200,
1787684708.5680926,managed,30.0,30.0,47.09,False,200,
1787684708.601426,managed,30.0,30.0,38.305,False,200,
1787684708.6347592,managed,30.0,30.0,34.286,False,200,
1787684708.6680927,managed,30.0,30.0,35.889,False,200,
1787684708.701426,managed,30.0,30.0,32.318,False,200,
1787684708.7347593,managed,30.0,30.0,37.844,False,200,
1787684708.7680926,managed,30.0,30.0,30.633,False,200,
1787684708.801426,managed,30.0,30.0,32.981,False,200,
1787684708.8347592,managed,30.0,30.0,37.102,False,200,
1787684708.8680925,managed,30.0,30.0,46.006,False,200,
1787684708.9014258,managed,30.0,30.0,36.116,False,200,
1787684708.9347594,managed,30.0,30.0,46.559,False,200,
1787684708.9680927,managed,30.0,30.0,34.885,False,200,
1787684709.001426,managed,30.0,30.0,40.801,False,200,
1787684709.0347593,managed,30.0,30.0,35.134,False,200,
1787684709.0680926,managed,30.0,30.0,43.279,False,200,
1787684709.101426,managed,30.0,30.0,41.397,False,200,
1787684709.1347592,managed,30.0,30.0,34.711,False,200,
1787684709.1680927,managed,30.0,30.0,31.828,False,200,
1787684709.201426,managed,30.0,30.0,34.175,False,200,
1787684709.2347593,managed,30.0,30.0,37.423,False,200,
1787684709.2680926,managed,30.0,30.0,37.477,False,200,
1787684709.301426,managed,30.0,30.0,45.295,False,200,
1787684709.3347592,managed,30.0,30.0,38.374,False,200,
1787684709.3680925,managed,30.0,30.0,32.114,False,200,
1787684709.4014258,managed,30.0,30.0,35.843,False,200,
1787684709.4347594,managed,30.0,30.0,46.387,False,200,
1787684709.4680927,managed,30.0,30.0,37.164,False,200,
1787684709.501426,managed,30.0,30.0,37.265,False,200,
1787684709.5347593,managed,30.0,30.0,41.511,False,200,
1787684709.5680926,managed,30.0,30.0,40.504,False,200,
1787684709.601426,managed,30.0,30.0,40.33,False,200,
1787684709.6347592,managed,30.0,30.0,41.831,False,200,
1787684709.6680927,managed,30.0,30.0,37.794,False,200,
1787684709.701426,managed,30.0,30.0,32.587,False,200,
1787684709.7347593,managed,30.0,30.0,30.065,False,200,
1787684709.7680926,managed,30.0,30.0,37.899,False,200,
1787684709.801426,managed,30.0,30.0,33.742,False,200,
1787684709.8347592,managed,30.0,30.0,33.896,False,200,
1787684709.8680925,managed,30.0,30.0,31.631,False,200,
1787684709.9014258,managed,30.0,30.0,28.039,False,200,
1787684709.9347594,managed,30.0,30.0,45.625,False,200,
1787684709.9680927,managed,30.0,30.0,39.698,False,200,
1787684710.001426,managed,30.0,30.0,46.244,False,200,
1787684710.0347593,managed,30.0,30.0,34.934,False,200,
1787684710.0680926,managed,30.0,30.0,34.439,False,200,
1787684710.101426,managed,30.0,30.0,38.28,False,200,
1787684710.1347592,managed,30.0,30.0,34.604,False,200,
1787684710.1680927,managed,30.0,30.0,38.041,False,200,
1787684710.201426,managed,30.0,30.0,40.928,False,200,
1787684710.2347593,managed,30.0,30.0,36.397,False,200,
1787684710.2680926,managed,30.0,30.0,34.026,False,200,
1787684710.301426,managed,30.0,30.0,42.835,False,200,
1787684710.3347592,managed,30.0,30.0,37.025,False,200,
1787684710.3680925,managed,30.0,30.0,30.67,False,200,
1787684710.4014258,managed,30.0,30.0,37.141,False,200,
1787684710.4347594,managed,30.0,30.0,25.847,False,200,
1787684710.4680927,managed,30.0,30.0,24.141,False,200,
1787684710.501426,managed,30.0,30.0,32.518,False,200,
1787684710.5347593,managed,30.0,30.0,33.987,False,200,
1787684710.5680926,managed,30.0,30.0,32.646,False,200,
1787684710.601426,managed,30.0,30.0,30.7,False,200,
1787684710.6347592,managed,30.0,30.0,38.513,False,200,
1787684710.6680927,managed,30.0,30.0,37.103,False,200,
1787684710.701426,managed,30.0,30.0,36.419,False,200,
1787684710.7347593,managed,30.0,30.0,31.491,False,200,
1787684710.7680926,managed,30.0,30.0,31.408,False,200,
1787684710.801426,managed,30.0,30.0,32.473,False,200,
1787684710.8347592,managed,30.0,30.0,38.486,False,200,
1787684710.8680925,managed,30.0,30.0,33.443,False,200,
1787684710.9014258,managed,30.0,30.0,38.765,False,200,
1787684710.9347594,managed,30.0,30.0,37.679,False,200,
1787684710.9680927,managed,30.0,30.0,32.656,False,200,
1787684711.001426,managed,30.0,30.0,30.763,False,200,
1787684711.0347593,managed,30.0,30.0,34.2,False,200,
1787684711.0680926,managed,30.0,30.0,34.395,False,200,
1787684711.101426,managed,30.0,30.0,38.557,False,200,
1787684711.1347592,managed,30.0,30.0,37.472,False,200,
1787684711.1680927,managed,30.0,30.0,27.53,False,200,
1787684711.201426,managed,30.0,30.0,34.619,False,200,
1787684711.2347593,managed,30.0,30.0,42.541,False,200,
1787684711.2680926,managed,30.0,30.0,36.242,False,200,
1787684711.301426,managed,30.0,30.0,29.707,False,200,
1787684711.3347592,managed,30.0,30.0,27.551,False,200,
1787684711.3680925,managed,30.0,30.0,39.713,False,200,
1787684711.4014258,managed,30.0,30.0,43.742,False,200,
1787684711.4347594,managed,30.0,30.0,38.304,False,200,
1787684711.4680927,managed,30.0,30.0,36.969,False,200,
1787684711.501426,managed,30.0,30.0,31.387,False,200,
1787684711.5347593,managed,30.0,30.0,36.051,False,200,
1787684711.5680926,managed,30.0,30.0,31.838,False,200,
1787684711.601426,managed,30.0,30.0,37.054,False,200,
1787684711.6347592,managed,30.0,30.0,37.684,False,200,
1787684711.6680927,managed,30.0,30.0,44.23,False,200,
1787684711.701426,managed,30.0,30.0,34.144,False,200,
1787684711.7347593,managed,30.0,30.0,28.509,False,200,
1787684711.7680926,managed,30.0,30.0,32.572,False,200,
1787684711.801426,managed,30.0,30.0,33.402,False,200,
1787684711.8347592,managed,30.0,30.0,37.449,False,200,
1787684711.8680925,managed,30.0,30.0,37.893,False,200,
1787684711.9014258,managed,30.0,30.0,28.944,False,200,
1787684711.9347594,managed,30.0,30.0,31.722,False,200,
1787684711.9680927,managed,30.0,30.0,28.224,False,200,
1787684712.001426,managed,30.0,30.0,35.946,False,200,
1787684712.0347593,managed,30.0,30.0,28.269,False,200,
1787684712.0680926,managed,30.0,30.0,31.059,False,200,
1787684712.101426,managed,30.0,30.0,32.262,False,200,
1787684712.1347592,managed,30.0,30.0,41.599,False,200,
1787684712.1680927,managed,30.0,30.0,33.705,False,200,
1787684712.201426,managed,30.0,30.0,35.564,False,200,
1787684712.2347593,managed,30.0,30.0,33.628,False,200,
1787684712.2680926,managed,30.0,30.0,51.076,False,200,
1787684712.301426,managed,30.0,30.0,30.261,False,200,
1787684712.3347592,managed,30.0,30.0,40.624,False,200,
1787684712.3680925,managed,30.0,30.0,35.38,False,200,
1787684712.4014258,managed,30.0,30.0,28.608,False,200,
1787684712.4347594,managed,30.0,30.0,33.568,False,200,
1787684712.4680927,managed,30.0,30.0,33.864,False,200,
1787684712.501426,managed,30.0,30.0,29.834,False,200,
1787684712.5347593,managed,30.0,30.0,38.119,False,200,
1787684712.5680926,managed,30.0,30.0,41.792,False,200,
1787684712.601426,managed,30.0,30.0,45.837,False,200,
1787684712.6347592,managed,30.0,30.0,36.868,False,200,
1787684712.6680927,managed,30.0,30.0,33.95,False,200,
1787684712.701426,managed,30.0,30.0,27.102,False,200,
1787684712.7347593,managed,30.0,30.0,30.378,False,200,
1787684712.7680926,managed,30.0,30.0,32.547,False,200,
1787684712.801426,managed,30.0,30.0,36.268,False,200,
1787684712.8347592,managed,30.0,30.0,33.198,False,200,
1787684712.8680925,managed,30.0,30.0,28.24,False,200,
1787684712.9014258,managed,30.0,30.0,32.384,False,200,
1787684712.9347594,managed,30.0,30.0,37.879,False,200,
1787684712.9680927,managed,30.0,30.0,36.75,False,200,
1787684713.001426,managed,30.0,30.0,38.529,False,200,
1787684713.0347593,managed,30.0,30.0,27.561,False,200,
1787684713.0680926,managed,30.0,30.0,27.954,False,200,
1787684713.101426,managed,30.0,30.0,26.57,False,200,
1787684713.1347592,managed,30.0,30.0,40.803,False,200,
1787684713.1680927,managed,30.0,30.0,41.827,False,200,
1787684713.201426,managed,30.0,30.0,32.901,False,200,
1787684713.2347593,managed,30.0,30.0,48.792,False,200,
1787684713.2680926,managed,30.0,30.0,39.783,False,200,
1787684713.301426,managed,30.0,30.0,33.269,False,200,
1787684713.3347592,managed,30.0,30.0,38.218,False,200,
1787684713.3680925,managed,30.0,30.0,35.39,False,200,
1787684713.4014258,managed,30.0,30.0,28.025,False,200,
1787684713.4347594,managed,30.0,30.0,27.218,False,200,
1787684713.4680927,managed,30.0,30.0,39.297,False,200,
1787684713.501426,managed,30.0,30.0,38.713,False,200,
1787684713.5347593,managed,30.0,30.0,30.836,False,200,
1787684713.5680926,managed,30.0,30.0,35.387,False,200,
1787684713.601426,managed,30.0,30.0,33.337,False,200,
1787684713.6347592,managed,30.0,30.0,33.443,False,200,
1787684713.6680927,managed,30.0,30.0,46.963,False,200,
1787684713.701426,managed,30.0,30.0,34.231,False,200,
1787684713.7347593,managed,30.0,30.0,29.02,False,200,
1787684713.7680926,managed,30.0,30.0,33.664,False,200,
1787684713.801426,managed,30.0,30.0,30.831,False,200,
1787684713.8347592,managed,30.0,30.0,30.323,False,200,
1787684713.8680925,managed,30.0,30.0,32.587,False,200,
1787684713.9014258,managed,30.0,30.0,31.612,False,200,
1787684713.9347594,managed,30.0,30.0,35.855,False,200,
1787684713.9680927,managed,30.0,30.0,32.396,False,200,
1787684714.001426,managed,30.0,30.0,37.296,False,200,
1787684714.0347593,managed,30.0,30.0,51.704,False,200,
1787684714.0680926,managed,30.0,30.0,34.762,False,200,
1787684714.101426,managed,30.0,30.0,42.418,False,200,
1787684714.1347592,managed,30.0,30.0,34.125,False,200,
1787684714.1680927,managed,30.0,30.0,38.057,False,200,
1787684714.201426,managed,30.0,30.0,35.917,False,200,
1787684714.2347593,managed,30.0,30.0,36.391,False,200,
1787684714.2680926,managed,30.0,30.0,32.216,False,200,
1787684714.301426,managed,30.0,30.0,28.574,False,200,
1787684714.3347592,managed,30.0,30.0,37.992,False,200,
1787684714.3680925,managed,30.0,30.0,27.68,False,200,
1787684714.4014258,managed,30.0,30.0,31.131,False,200,
1787684714.4347594,managed,30.0,30.0,33.664,False,200,
1787684714.4680927,managed,30.0,30.0,27.953,False,200,
1787684714.501426,managed,30.0,30.0,28.022,False,200,
1787684714.5347593,managed,30.0,30.0,35.625,False,200,
1787684714.5680926,managed,30.0,30.0,29.465,False,200,
1787684714.601426,managed,30.0,30.0,47.513,False,200,
1787684714.6347592,managed,30.0,30.0,40.047,False,200,
1787684714.6680927,managed,30.0,30.0,44.762,False,200,
1787684714.701426,managed,30.0,30.0,36.219,False,200,
1787684714.7347593,managed,30.0,30.0,31.822,False,200,
1787684714.7680926,managed,30.0,30.0,35.247,False,200,
1787684714.801426,managed,30.0,30.0,44.884,False,200,
1787684714.8347592,managed,30.0,30.0,34.793,False,200,
1787684714.8680925,managed,30.0,30.0,38.193,False,200,
1787684714.9014258,managed,30.0,30.0,39.781,False,200,
1787684714.9347594,managed,30.0,30.0,30.75,False,200,
1787684714.9680927,managed,30.0,30.0,33.597,False,200,
1787684715.001426,managed,30.0,30.0,27.667,False,200,
1787684715.0347593,managed,30.0,30.0,28.666,False,200,
1787684715.0680926,managed,30.0,30.0,32.115,False,200,
1787684715.101426,managed,30.0,30.0,29.618,False,200,
1787684715.1347592,managed,30.0,30.0,40.019,False,200,
1787684715.1680927,managed,30.0,30.0,34.654,False,200,
1787684715.201426,managed,30.0,30.0,33.102,False,200,
1787684715.2347593,managed,30.0,30.0,34.096,False,200,
1787684715.2680926,managed,30.0,30.0,39.422,False,200,
1787684715.301426,managed,30.0,30.0,36.122,False,200,
1787684715.3347592,managed,30.0,30.0,36.16,False,200,
1787684715.3680925,managed,30.0,30.0,34.98,False,200,
1787684715.4014258,managed,30.0,30.0,32.896,False,200,
1787684715.4347594,managed,30.0,30.0,35.295,False,200,
1787684715.4680927,managed,30.0,30.0,38.389,False,200,
1787684715.501426,managed,30.0,30.0,27.611,False,200,
1787684715.5347593,managed,30.0,30.0,32.176,False,200,
1787684715.5680926,managed,30.0,30.0,34.496,False,200,
1787684715.601426,managed,30.0,30.0,32.957,False,200,
1787684715.6347592,managed,30.0,30.0,37.117,False,200,
1787684715.6680927,managed,30.0,30.0,42.038,False,200,
1787684715.701426,managed,30.0,30.0,27.834,False,200,
1787684715.7347593,managed,30.0,30.0,36.15,False,200,
1787684715.7680926,managed,30.0,30.0,39.815,False,200,
1787684715.801426,managed,30.0,30.0,28.298,False,200,
1787684715.8347592,managed,30.0,30.0,31.51,False,200,
1787684715.8680925,managed,30.0,30.0,34.157,False,200,
1787684715.9014258,managed,30.0,30.0,36.378,False,200,
1787684715.9347594,managed,30.0,30.0,34.088,False,200,
1787684715.9680927,managed,30.0,30.0,38.998,False,200,
1787684716.001426,managed,30.0,30.0,45.167,False,200,
1787684716.0347593,managed,30.0,30.0,39.707,False,200,
1787684716.0680926,managed,30.0,30.0,29.676,False,200,
1787684716.101426,managed,30.0,30.0,28.284,False,200,
1787684716.1347592,managed,30.0,30.0,33.254,False,200,
1787684716.1680927,managed,30.0,30.0,30.403,False,200,
1787684716.201426,managed,30.0,30.0,41.544,False,200,
1787684716.2347593,managed,30.0,30.0,36.738,False,200,
1787684716.2680926,managed,30.0,30.0,30.221,False,200,
1787684716.301426,managed,30.0,30.0,36.315,False,200,
1787684716.3347592,managed,30.0,30.0,42.047,False,200,
1787684716.3680925,managed,30.0,30.0,42.509,False,200,
1787684716.4014258,managed,30.0,30.0,31.176,False,200,
1787684716.4347594,managed,30.0,30.0,34.512,False,200,
1787684716.4680927,managed,30.0,30.0,28.664,False,200,
1787684716.501426,managed,30.0,30.0,33.371,False,200,
1787684716.5347593,managed,30.0,30.0,31.791,False,200,
1787684716.5680926,managed,30.0,30.0,38.147,False,200,
1787684716.601426,managed,30.0,30.0,36.344,False,200,
1787684716.6347592,managed,30.0,30.0,29.651,False,200,
1787684716.6680927,managed,30.0,30.0,37.964,False,200,
1787684716.701426,managed,30.0,30.0,41.394,False,200,
1787684716.7347593,managed,30.0,30.0,34.43,False,200,
1787684716.7680926,managed,30.0,30.0,42.126,False,200,
1787684716.801426,managed,30.0,30.0,30.111,False,200,
1787684716.8347592,managed,30.0,30.0,36.564,False,200,
1787684716.8680925,managed,30.0,30.0,30.188,False,200,
1787684716.9014258,managed,30.0,30.0,36.368,False,200,
1787684716.9347594,managed,30.0,30.0,36.986,False,200,
1787684716.9680927,managed,30.0,30.0,26.305,False,200,
1787684717.001426,managed,30.0,30.0,37.876,False,200,
1787684717.0347593,managed,30.0,30.0,43.788,False,200,
1787684717.0680926,managed,30.0,30.0,33.87,False,200,
1787684717.101426,managed,30.0,30.0,34.381,False,200,
1787684717.1347592,managed,30.0,30.0,49.219,False,200,
1787684717.1680927,managed,30.0,30.0,36.419,False,200,
1787684717.201426,managed,30.0,30.0,39.955,False,200,
1787684717.2347593,managed,30.0,30.0,46.193,False,200,
1787684717.2680926,managed,30.0,30.0,38.316,False,200,
1787684717.301426,managed,30.0,30.0,32.734,False,200,
1787684717.3347592,managed,30.0,30.0,36.751,False,200,
1787684717.3680925,managed,30.0,30.0,37.855,False,200,
1787684717.4014258,managed,30.0,30.0,45.462,False,200,
1787684717.4347594,managed,30.0,30.0,36.616,False,200,
1787684717.4680927,managed,30.0,30.0,47.089,False,200,
1787684717.501426,managed,30.0,30.0,36.913,False,200,
1787684717.5347593,managed,30.0,30.0,31.344,False,200,
1787684717.5680926,managed,30.0,30.0,29.764,False,200,
1787684717.601426,managed,30.0,30.0,35.191,False,200,
1787684717.6347592,managed,30.0,30.0,47.862,False,200,
1787684717.6680927,managed,30.0,30.0,31.318,False,200,
1787684717.701426,managed,30.0,30.0,32.203,False,200,
1787684717.7347593,managed,30.0,30.0,32.999,False,200,
1787684717.7680926,managed,30.0,30.0,32.877,False,200,
1787684717.801426,managed,30.0,30.0,34.869,False,200,
1787684717.8347592,managed,30.0,30.0,45.583,False,200,
1787684717.8680925,managed,30.0,30.0,41.942,False,200,
1787684717.9014258,managed,30.0,30.0,37.813,False,200,
1787684717.9347594,managed,30.0,30.0,31.871,False,200,
1787684717.9680927,managed,30.0,30.0,38.725,False,200,
1787684718.001426,managed,30.0,30.0,35.511,False,200,
1787684718.0347593,managed,30.0,30.0,33.605,False,200,
1787684718.0680926,managed,30.0,30.0,30.178,False,200,
1787684718.101426,managed,30.0,30.0,34.926,False,200,
1787684718.1347592,managed,30.0,30.0,35.664,False,200,
1787684718.1680927,managed,30.0,30.0,34.528,False,200,
1787684718.201426,managed,30.0,30.0,37.267,False,200,
1787684718.2347593,managed,30.0,30.0,30.09,False,200,
1787684718.2680926,managed,30.0,30.0,27.64,False,200,
1787684718.301426,managed,30.0,30.0,35.045,False,200,
1787684718.3347592,managed,30.0,30.0,40.707,False,200,
1787684718.3680925,managed,30.0,30.0,36.725,False,200,
1787684718.4014258,managed,30.0,30.0,36.364,False,200,
1787684718.4347594,managed,30.0,30.0,34.192,False,200,
1787684718.4680927,managed,30.0,30.0,36.154,False,200,
1787684718.501426,managed,30.0,30.0,29.751,False,200,
1787684718.5347593,managed,30.0,30.0,25.705,False,200,
1787684718.5680926,managed,30.0,30.0,31.326,False,200,
1787684718.601426,managed,30.0,30.0,27.868,False,200,
1787684718.6347592,managed,30.0,30.0,29.464,False,200,
1787684718.6680927,managed,30.0,30.0,27.564,False,200,
1787684718.701426,managed,30.0,30.0,34.746,False,200,
1787684718.7347593,managed,30.0,30.0,32.778,False,200,
1787684718.7680926,managed,30.0,30.0,32.772,False,200,
1787684718.801426,managed,30.0,30.0,29.425,False,200,
1787684718.8347592,managed,30.0,30.0,40.191,False,200,
1787684718.8680925,managed,30.0,30.0,35.628,False,200,
1787684718.9014258,managed,30.0,30.0,39.976,False,200,
1787684718.9347594,managed,30.0,30.0,32.609,False,200,
1787684718.9680927,managed,30.0,30.0,40.331,False,200,
1787684719.001426,managed,30.0,30.0,34.8,False,200,
1787684719.0347593,managed,30.0,30.0,34.936,False,200,
1787684719.0680926,managed,30.0,30.0,38.183,False,200,
1787684719.101426,managed,30.0,30.0,41.516,False,200,
1787684719.1347592,managed,30.0,30.0,32.573,False,200,
1787684719.1680927,managed,30.0,30.0,31.129,False,200,
1787684719.201426,managed,30.0,30.0,35.205,False,200,
1787684719.2347593,managed,30.0,30.0,34.078,False,200,
1787684719.2680926,managed,30.0,30.0,39.749,False,200,
1787684719.301426,managed,30.0,30.0,35.204,False,200,
1787684719.3347592,managed,30.0,30.0,29.256,False,200,
1787684719.3680925,managed,30.0,30.0,34.637,False,200,
1787684719.4014258,managed,30.0,30.0,38.725,False,200,
1787684719.4347594,managed,30.0,30.0,38.634,False,200,
1787684719.4680927,managed,30.0,30.0,33.862,False,200,
1787684719.501426,managed,30.0,30.0,44.841,False,200,
1787684719.5347593,managed,30.0,30.0,32.152,False,200,
1787684719.5680926,managed,30.0,30.0,47.837,False,200,
1787684719.601426,managed,30.0,30.0,37.156,False,200,
1787684719.6347592,managed,30.0,30.0,46.376,False,200,
1787684719.6680927,managed,30.0,30.0,35.944,False,200,
1787684719.701426,managed,30.0,30.0,38.797,False,200,
1787684719.7347593,managed,30.0,30.0,34.88,False,200,
1787684719.7680926,managed,30.0,30.0,38.066,False,200,
1787684719.801426,managed,30.0,30.0,31.578,False,200,
1787684719.8347592,managed,30.0,30.0,33.141,False,200,
1787684719.8680925,managed,30.0,30.0,38.758,False,200,
1787684719.9014258,managed,30.0,30.0,45.649,False,200,
1787684719.9347594,managed,30.0,30.0,38.377,False,200,
1787684719.9680927,managed,30.0,30.0,30.495,False,200,
1787684720.001426,managed,30.0,30.0,31.0,False,200,
1787684720.0347593,managed,30.0,30.0,36.678,False,200,
1787684720.0680926,managed,30.0,30.0,47.265,False,200,
1787684720.101426,managed,30.0,30.0,41.734,False,200,
1787684720.1347592,managed,30.0,30.0,34.095,False,200,
1787684720.1680927,managed,30.0,30.0,38.345,False,200,
1787684720.201426,managed,30.0,30.0,20.145,False,200,
1787684720.2347593,managed,30.0,30.0,35.234,False,200,
1787684720.2680926,managed,30.0,30.0,36.239,False,200,
1787684720.301426,managed,30.0,30.0,30.1,False,200,
1787684720.3347592,managed,30.0,30.0,43.089,False,200,
1787684720.3680925,managed,30.0,30.0,31.749,False,200,
1787684720.4014258,managed,30.0,30.0,40.24,False,200,
1787684720.4347594,managed,30.0,30.0,36.095,False,200,
1787684720.4680927,managed,30.0,30.0,29.936,False,200,
1787684720.501426,managed,30.0,30.0,28.925,False,200,
1787684720.5347593,managed,30.0,30.0,39.495,False,200,
1787684720.5680926,managed,30.0,30.0,39.945,False,200,
1787684720.601426,managed,30.0,30.0,38.458,False,200,
1787684720.6347592,managed,30.0,30.0,32.44,False,200,
1787684720.6680927,managed,30.0,30.0,40.768,False,200,
1787684720.701426,managed,30.0,30.0,49.911,False,200,
1787684720.7347593,managed,30.0,30.0,35.3,False,200,
1787684720.7680926,managed,30.0,30.0,36.663,False,200,
1787684720.801426,managed,30.0,30.0,34.85,False,200,
1787684720.8347592,managed,30.0,30.0,36.014,False,200,
1787684720.8680925,managed,30.0,30.0,32.783,False,200,
1787684720.9014258,managed,30.0,30.0,33.071,False,200,
1787684720.9347594,managed,30.0,30.0,32.72,False,200,
1787684720.9680927,managed,30.0,30.0,36.549,False,200,
1787684721.001426,managed,30.0,30.0,39.678,False,200,
1787684721.0347593,managed,30.0,30.0,35.527,False,200,
1787684721.0680926,managed,30.0,30.0,33.568,False,200,
1787684721.101426,managed,30.0,30.0,32.569,False,200,
1787684721.1347592,managed,30.0,30.0,27.966,False,200,
1787684721.1680927,managed,30.0,30.0,29.494,False,200,
1787684721.201426,managed,30.0,30.0,42.91,False,200,
1787684721.2347593,managed,30.0,30.0,35.431,False,200,
1787684721.2680926,managed,30.0,30.0,39.41,False,200,
1787684721.301426,managed,30.0,30.0,37.546,False,200,
1787684721.3347592,managed,30.0,30.0,40.313,False,200,
1787684721.3680925,managed,30.0,30.0,31.417,False,200,
1787684721.4014258,managed,30.0,30.0,30.884,False,200,
1787684721.4347594,managed,30.0,30.0,37.263,False,200,
1787684721.4680927,managed,30.0,30.0,26.534,False,200,
1787684721.501426,managed,30.0,30.0,38.989,False,200,
1787684721.5347593,managed,30.0,30.0,36.297,False,200,
1787684721.5680926,managed,30.0,30.0,40.182,False,200,
1787684721.601426,managed,30.0,30.0,36.33,False,200,
1787684721.6347592,managed,30.0,30.0,27.886,False,200,
1787684721.6680927,managed,30.0,30.0,34.755,False,200,
1787684721.701426,managed,30.0,30.0,35.679,False,200,
1787684721.7347593,managed,30.0,30.0,40.665,False,200,
1787684721.7680926,managed,30.0,30.0,41.458,False,200,
1787684721.801426,managed,30.0,30.0,49.627,False,200,
1787684721.8347592,managed,30.0,30.0,33.871,False,200,
1787684721.8680925,managed,30.0,30.0,34.641,False,200,
1787684721.9014258,managed,30.0,30.0,41.178,False,200,
1787684721.9347594,managed,30.0,30.0,30.003,False,200,
1787684721.9680927,managed,30.0,30.0,38.526,False,200,
1787684722.001426,managed,30.0,30.0,35.281,False,200,
1787684722.0347593,managed,30.0,30.0,38.424,False,200,
1787684722.0680926,managed,30.0,30.0,26.473,False,200,
1787684722.101426,managed,30.0,30.0,41.937,False,200,
1787684722.1347592,managed,30.0,30.0,33.423,False,200,
1787684722.1680927,managed,30.0,30.0,44.277,False,200,
1787684722.201426,managed,30.0,30.0,37.69,False,200,
1787684722.2347593,managed,30.0,30.0,33.14,False,200,
1787684722.2680926,managed,30.0,30.0,32.425,False,200,
1787684722.301426,managed,30.0,30.0,48.168,False,200,
1787684722.3347592,managed,30.0,30.0,34.234,False,200,
1787684722.3680925,managed,30.0,30.0,38.076,False,200,
1787684722.4014258,managed,30.0,30.0,40.562,False,200,
1787684722.4347594,managed,30.0,30.0,36.271,False,200,
1787684722.4680927,managed,30.0,30.0,40.203,False,200,
1787684722.501426,managed,30.0,30.0,33.25,False,200,
1787684722.5347593,managed,30.0,30.0,39.067,False,200,
1787684722.5680926,managed,30.0,30.0,45.246,False,200,
1787684722.601426,managed,30.0,30.0,34.096,False,200,
1787684722.6347592,managed,30.0,30.0,33.969,False,200,
1787684722.6680927,managed,30.0,30.0,28.021,False,200,
1787684722.701426,managed,30.0,30.0,29.034,False,200,
1787684722.7347593,managed,30.0,30.0,28.041,False,200,
1787684722.7680926,managed,30.0,30.0,41.477,False,200,
1787684722.801426,managed,30.0,30.0,28.06,False,200,
1787684722.8347592,managed,30.0,30.0,34.555,False,200,
1787684722.8680925,managed,30.0,30.0,38.411,False,200,
1787684722.9014258,managed,30.0,30.0,35.781,False,200,
1787684722.9347594,managed,30.0,30.0,29.9,False,200,
1787684722.9680927,managed,30.0,30.0,34.949,False,200,
1787684723.001426,managed,30.0,30.0,44.035,False,200,
1787684723.0347593,managed,30.0,30.0,36.757,False,200,
1787684723.0680926,managed,30.0,30.0,31.48,False,200,
1787684723.101426,managed,30.0,30.0,31.359,False,200,
1787684723.1347592,managed,30.0,30.0,36.067,False,200,
1787684723.1680927,managed,30.0,30.0,31.079,False,200,
1787684723.201426,managed,30.0,30.0,32.739,False,200,
1787684723.2347593,managed,30.0,30.0,34.929,False,200,
1787684723.2680926,managed,30.0,30.0,43.156,False,200,
1787684723.301426,managed,30.0,30.0,35.056,False,200,
1787684723.3347592,managed,30.0,30.0,34.302,False,200,
1787684723.3680925,managed,30.0,30.0,35.948,False,200,
1787684723.4014258,managed,30.0,30.0,31.193,False,200,
1787684723.4347594,managed,30.0,30.0,38.05,False,200,
1787684723.4680927,managed,30.0,30.0,28.883,False,200,
1787684723.501426,managed,30.0,30.0,34.581,False,200,
