timestamp,deployment_mode,rps_target,rps_actual,latency_ms,is_cold_start,status_code,error
1787722067.1294043,serverless,30.0,30.0,44.648,False,200,
1787722067.1627376,serverless,30.0,30.0,50.482,False,200,
1787722067.196071,serverless,30.0,30.0,43.016,False,200,
1787722067.2294042,serverless,30.0,30.0,38.632,False,200,
1787722067.2627378,serverless,30.0,30.0,57.52,False,200,
1787722067.296071,serverless,30.0,30.0,49.179,False,200,
1787722067.3294044,serverless,30.0,30.0,42.794,False,200,
1787722067.3627377,serverless,30.0,30.0,46.836,False,200,
1787722067.396071,serverless,30.0,30.0,49.97,False,200,
1787722067.4294043,serverless,30.0,30.0,38.881,False,200,
1787722067.4627376,serverless,30.0,30.0,84.44,False,200,
1787722067.4960709,serverless,30.0,30.0,44.834,False,200,
1787722067.5294044,serverless,30.0,30.0,53.501,False,200,
1787722067.5627377,serverless,30.0,30.0,49.951,False,200,
1787722067.596071,serverless,30.0,30.0,52.245,False,200,
1787722067.6294043,serverless,30.0,30.0,52.993,False,200,
1787722067.6627376,serverless,30.0,30.0,35.0,False,200,
1787722067.696071,serverless,30.0,30.0,41.112,False,200,
1787722067.7294042,serverless,30.0,30.0,55.333,False,200,
1787722067.7627378,serverless,30.0,30.0,44.858,False,200,
1787722067.796071,serverless,30.0,30.0,66.286,False,200,
1787722067.8294044,serverless,30.0,30.0,25.637,False,200,
1787722067.8627377,serverless,30.0,30.0,40.723,False,200,
1787722067.896071,serverless,30.0,30.0,56.118,False,200,
1787722067.9294043,serverless,30.0,30.0,42.676,False,200,
1787722067.9627376,serverless,30.0,30.0,46.232,False,200,
1787722067.9960709,serverless,30.0,30.0,41.304,False,200,
1787722068.0294044,serverless,30.0,30.0,45.352,False,200,
1787722068.0627377,serverless,30.0,30.0,43.466,False,200,
1787722068.096071,serverless,30.0,30.0,48.102,False,200,
1787722068.1294043,serverless,30.0,30.0,76.203,False,200,
1787722068.1627376,serverless,30.0,30.0,29.279,False,200,
1787722068.196071,serverless,30.0,30.0,39.33,False,200,
1787722068.2294042,serverless,30.0,30.0,56.958,False,200,
1787722068.2627378,serverless,30.0,30.0,49.31,False,200,
1787722068.296071,serverless,30.0,30.0,39.566,False,200,
1787722068.3294044,serverless,30.0,30.0,39.701,False,200,
1787722068.3627377,serverless,30.0,30.0,57.75,False,200,
1787722068.396071,serverless,30.0,30.0,33.864,False,200,
1787722068.4294043,serverless,30.0,30.0,39.098,False,200,
1787722068.4627376,serverless,30.0,30.0,59.812,False,200,
1787722068.4960709,serverless,30.0,30.0,69.792,False,200,
1787722068.5294044,serverless,30.0,30.0,45.913,False,200,
1787722068.5627377,serverless,30.0,30.0,38.989,False,200,
1787722068.596071,serverless,30.0,30.0,57.212,False,200,
1787722068.6294043,serverless,30.0,30.0,62.142,False,200,
1787722068.6627376,serverless,30.0,30.0,53.092,False,200,
1787722068.696071,serverless,30.0,30.0,45.381,False,200,
1787722068.7294042,serverless,30.0,30.0,49.008,False,200,
1787722068.7627378,serverless,30.0,30.0,56.469,False,200,
1787722068.796071,serverless,30.0,30.0,53.427,False,200,
1787722068.8294044,serverless,30.0,30.0,60.41,False,200,
1787722068.8627377,serverless,30.0,30.0,41.243,False,200,
1787722068.896071,serverless,30.0,30.0,60.893,False,200,
1787722068.9294043,serverless,30.0,30.0,44.961,False,200,
1787722068.9627376,serverless,30.0,30.0,41.742,False,200,
1787722068.9960709,serverless,30.0,30.0,47.119,False,200,
1787722069.0294044,serverless,30.0,30.0,59.741,False,200,
1787722069.0627377,serverless,30.0,30.0,58.252,False,200,
1787722069.096071,serverless,30.0,30.0,54.793,False,200,
1787722069.1294043,serverless,30.0,30.0,49.522,False,200,
1787722069.1627376,serverless,30.0,30.0,1221.459,True,200,
1787722069.196071,serverless,30.0,30.0,47.681,False,200,
1787722069.2294042,serverless,30.0,30.0,47.025,False,200,
1787722069.2627378,serverless,30.0,30.0,58.011,False,200,
1787722069.296071,serverless,30.0,30.0,52.855,False,200,
1787722069.3294044,serverless,30.0,30.0,54.536,False,200,
1787722069.3627377,serverless,30.0,30.0,35.089,False,200,
1787722069.396071,serverless,30.0,30.0,64.381,False,200,
1787722069.4294043,serverless,30.0,30.0,61.505,False,200,
1787722069.4627376,serverless,30.0,30.0,43.781,False,200,
1787722069.4960709,serverless,30.0,30.0,53.135,False,200,
1787722069.5294044,serverless,30.0,30.0,47.182,False,200,
1787722069.5627377,serverless,30.0,30.0,72.042,False,200,
1787722069.596071,serverless,30.0,30.0,45.575,False,200,
1787722069.6294043,serverless,30.0,30.0,37.136,False,200,
1787722069.6627376,serverless,30.0,30.0,70.54,False,200,
1787722069.696071,serverless,30.0,30.0,46.529,False,200,
1787722069.7294042,serverless,30.0,30.0,43.944,False,200,
1787722069.7627378,serverless,30.0,30.0,53.866,False,200,
1787722069.796071,serverless,30.0,30.0,48.38,False,200,
1787722069.8294044,serverless,30.0,30.0,48.512,False,200,
1787722069.8627377,serverless,30.0,30.0,40.192,False,200,
1787722069.896071,serverless,30.0,30.0,51.917,False,200,
1787722069.9294043,serverless,30.0,30.0,46.478,False,200,
1787722069.9627376,serverless,30.0,30.0,52.852,False,200,
1787722069.9960709,serverless,30.0,30.0,58.134,False,200,
1787722070.0294044,serverless,30.0,30.0,50.721,False,200,
1787722070.0627377,serverless,30.0,30.0,37.871,False,200,
1787722070.096071,serverless,30.0,30.0,40.482,False,200,
1787722070.1294043,serverless,30.0,30.0,43.426,False,200,
1787722070.1627376,serverless,30.0,30.0,55.2,False,200,
1787722070.196071,serverless,30.0,30.0,33.813,False,200,
1787722070.2294042,serverless,30.0,30.0,48.936,False,200,
1787722070.2627378,serverless,30.0,30.0,53.199,False,200,
1787722070.296071,serverless,30.0,30.0,45.511,False,200,
1787722070.3294044,serverless,30.0,30.0,49.91,False,200,
1787722070.3627377,serverless,30.0,30.0,44.453,False,200,
1787722070.396071,serverless,30.0,30.0,51.425,False,200,
1787722070.4294043,serverless,30.0,30.0,55.779,False,200,
1787722070.4627376,serverless,30.0,30.0,44.15,False,200,
1787722070.4960709,serverless,30.0,30.0,44.841,False,200,
1787722070.5294044,serverless,30.0,30.0,56.86,False,200,
1787722070.5627377,serverless,30.0,30.0,80.333,False,200,
1787722070.596071,serverless,30.0,30.0,43.432,False,200,
1787722070.6294043,serverless,30.0,30.0,50.209,False,200,
1787722070.6627376,serverless,30.0,30.0,55.067,False,200,
1787722070.696071,serverless,30.0,30.0,49.106,False,200,
1787722070.7294042,serverless,30.0,30.0,54.518,False,200,
1787722070.7627378,serverless,30.0,30.0,41.707,False,200,
1787722070.796071,serverless,30.0,30.0,58.649,False,200,
1787722070.8294044,serverless,30.0,30.0,63.988,False,200,
1787722070.8627377,serverless,30.0,30.0,46.829,False,200,
1787722070.896071,serverless,30.0,30.0,47.965,False,200,
1787722070.9294043,serverless,30.0,30.0,64.687,False,200,
1787722070.9627376,serverless,30.0,30.0,57.614,False,200,
1787722070.9960709,serverless,30.0,30.0,42.749,False,200,
1787722071.0294044,serverless,30.0,30.0,54.177,False,200,
1787722071.0627377,serverless,30.0,30.0,57.174,False,200,
1787722071.096071,serverless,30.0,30.0,53.04,False,200,
1787722071.1294043,serverless,30.0,30.0,39.021,False,200,
1787722071.1627376,serverless,30.0,30.0,53.909,False,200,
1787722071.196071,serverless,30.0,30.0,53.51,False,200,
1787722071.2294042,serverless,30.0,30.0,33.776,False,200,
1787722071.2627378,serverless,30.0,30.0,46.968,False,200,
1787722071.296071,serverless,30.0,30.0,35.442,False,200,
1787722071.3294044,serverless,30.0,30.0,36.308,False,200,
1787722071.3627377,serverless,30.0,30.0,38.704,False,200,
1787722071.396071,serverless,30.0,30.0,51.731,False,200,
1787722071.4294043,serverless,30.0,30.0,47.544,False,200,
1787722071.4627376,serverless,30.0,30.0,52.311,False,200,
1787722071.4960709,serverless,30.0,30.0,61.879,False,200,
1787722071.5294044,serverless,30.0,30.0,64.7,False,200,
1787722071.5627377,serverless,30.0,30.0,41.736,False,200,
1787722071.596071,serverless,30.0,30.0,48.759,False,200,
1787722071.6294043,serverless,30.0,30.0,43.472,False,200,
1787722071.6627376,serverless,30.0,30.0,35.65,False,200,
1787722071.696071,serverless,30.0,30.0,50.503,False,200,
1787722071.7294042,serverless,30.0,30.0,42.785,False,200,
1787722071.7627378,serverless,30.0,30.0,46.392,False,200,
1787722071.796071,serverless,30.0,30.0,56.588,False,200,
1787722071.8294044,serverless,30.0,30.0,59.273,False,200,
1787722071.8627377,serverless,30.0,30.0,35.542,False,200,
1787722071.896071,serverless,30.0,30.0,48.185,False,200,
1787722071.9294043,serverless,30.0,30.0,69.206,False,200,
1787722071.9627376,serverless,30.0,30.0,60.732,False,200,
1787722071.9960709,serverless,30.0,30.0,60.488,False,200,
1787722072.0294044,serverless,30.0,30.0,62.73,False,200,
1787722072.0627377,serverless,30.0,30.0,55.793,False,200,
1787722072.096071,serverless,30.0,30.0,1054.944,True,200,
1787722072.1294043,serverless,30.0,30.0,59.807,False,200,
1787722072.1627376,serverless,30.0,30.0,59.528,False,200,
1787722072.196071,serverless,30.0,30.0,48.074,False,200,
1787722072.2294042,serverless,30.0,30.0,63.046,False,200,
1787722072.2627378,serverless,30.0,30.0,56.102,False,200,
1787722072.296071,serverless,30.0,30.0,44.101,False,200,
1787722072.3294044,serverless,30.0,30.0,38.776,False,200,
1787722072.3627377,serverless,30.0,30.0,52.675,False,200,
1787722072.396071,serverless,30.0,30.0,46.536,False,200,
1787722072.4294043,serverless,30.0,30.0,51.878,False,200,
1787722072.4627376,serverless,30.0,30.0,56.874,False,200,
1787722072.4960709,serverless,30.0,30.0,43.144,False,200,
1787722072.5294044,serverless,30.0,30.0,52.616,False,200,
1787722072.5627377,serverless,30.0,30.0,43.32,False,200,
1787722072.596071,serverless,30.0,30.0,85.901,False,200,
1787722072.6294043,serverless,30.0,30.0,59.094,False,200,
1787722072.6627376,serverless,30.0,30.0,34.09,False,200,
1787722072.696071,serverless,30.0,30.0,55.547,False,200,
1787722072.7294042,serverless,30.0,30.0,53.702,False,200,
1787722072.7627378,serverless,30.0,30.0,50.433,False,200,
1787722072.796071,serverless,30.0,30.0,46.447,False,200,
1787722072.8294044,serverless,30.0,30.0,46.643,False,200,
1787722072.8627377,serverless,30.0,30.0,49.997,False,200,
1787722072.896071,serverless,30.0,30.0,53.46,False,200,
1787722072.9294043,serverless,30.0,30.0,59.478,False,200,
1787722072.9627376,serverless,30.0,30.0,47.733,False,200,
1787722072.9960709,serverless,30.0,30.0,41.405,False,200,
1787722073.0294044,serverless,30.0,30.0,57.096,False,200,
1787722073.0627377,serverless,30.0,30.0,45.148,False,200,
1787722073.096071,serverless,30.0,30.0,48.147,False,200,
1787722073.1294043,serverless,30.0,30.0,56.77,False,200,
1787722073.1627376,serverless,30.0,30.0,38.622,False,200,
1787722073.196071,serverless,30.0,30.0,51.967,False,200,
1787722073.2294042,serverless,30.0,30.0,43.628,False,200,
1787722073.2627378,serverless,30.0,30.0,40.523,False,200,
1787722073.296071,serverless,30.0,30.0,53.069,False,200,
1787722073.3294044,serverless,30.0,30.0,51.284,False,200,
1787722073.3627377,serverless,30.0,30.0,48.36,False,200,
1787722073.396071,serverless,30.0,30.0,50.464,False,200,
1787722073.4294043,serverless,30.0,30.0,51.224,False,200,
1787722073.4627376,serverless,30.0,30.0,30.62,False,200,
1787722073.4960709,serverless,30.0,30.0,63.122,False,200,
1787722073.5294044,serverless,30.0,30.0,43.639,False,200,
1787722073.5627377,serverless,30.0,30.0,40.567,False,200,
1787722073.596071,serverless,30.0,30.0,52.568,False,200,
1787722073.6294043,serverless,30.0,30.0,53.146,False,200,
1787722073.6627376,serverless,30.0,30.0,33.231,False,200,
1787722073.696071,serverless,30.0,30.0,49.496,False,200,
1787722073.7294042,serverless,30.0,30.0,38.464,False,200,
1787722073.7627378,serverless,30.0,30.0,66.436,False,200,
1787722073.796071,serverless,30.0,30.0,51.822,False,200,
1787722073.8294044,serverless,30.0,30.0,51.086,False,200,
1787722073.8627377,serverless,30.0,30.0,49.074,False,200,
1787722073.896071,serverless,30.0,30.0,59.829,False,200,
1787722073.9294043,serverless,30.0,30.0,59.888,False,200,
1787722073.9627376,serverless,30.0,30.0,63.603,False,200,
1787722073.9960709,serverless,30.0,30.0,49.164,False,200,
1787722074.0294044,serverless,30.0,30.0,54.757,False,200,
1787722074.0627377,serverless,30.0,30.0,66.149,False,200,
1787722074.096071,serverless,30.0,30.0,44.816,False,200,
1787722074.1294043,serverless,30.0,30.0,45.856,False,200,
1787722074.1627376,serverless,30.0,30.0,53.931,False,200,
1787722074.196071,serverless,30.0,30.0,49.686,False,200,
1787722074.2294042,serverless,30.0,30.0,69.483,False,200,
1787722074.2627378,serverless,30.0,30.0,43.563,False,200,
1787722074.296071,serverless,30.0,30.0,43.661,False,200,
1787722074.3294044,serverless,30.0,30.0,39.925,False,200,
1787722074.3627377,serverless,30.0,30.0,60.707,False,200,
1787722074.396071,serverless,30.0,30.0,52.887,False,200,
1787722074.4294043,serverless,30.0,30.0,71.295,False,200,
1787722074.4627376,serverless,30.0,30.0,56.892,False,200,
1787722074.4960709,serverless,30.0,30.0,58.977,False,200,
1787722074.5294044,serverless,30.0,30.0,48.6,False,200,
1787722074.5627377,serverless,30.0,30.0,52.683,False,200,
1787722074.596071,serverless,30.0,30.0,33.854,False,200,
1787722074.6294043,serverless,30.0,30.0,42.138,False,200,
1787722074.6627376,serverless,30.0,30.0,39.396,False,200,
1787722074.696071,serverless,30.0,30.0,37.247,False,200,
1787722074.7294042,serverless,30.0,30.0,59.89,False,200,
1787722074.7627378,serverless,30.0,30.0,53.398,False,200,
1787722074.796071,serverless,30.0,30.0,60.347,False,200,
1787722074.8294044,serverless,30.0,30.0,43.194,False,200,
1787722074.8627377,serverless,30.0,30.0,59.424,False,200,
1787722074.896071,serverless,30.0,30.0,52.274,False,200,
1787722074.9294043,serverless,30.0,30.0,36.972,False,200,
1787722074.9627376,serverless,30.0,30.0,46.848,False,200,
1787722074.9960709,serverless,30.0,30.0,54.022,False,200,
1787722075.0294044,serverless,30.0,30.0,46.713,False,200,
1787722075.0627377,serverless,30.0,30.0,50.639,False,200,
1787722075.096071,serverless,30.0,30.0,60.861,False,200,
1787722075.1294043,serverless,30.0,30.0,56.228,False,200,
1787722075.1627376,serverless,30.0,30.0,46.411,False,200,
1787722075.196071,serverless,30.0,30.0,81.396,False,200,
1787722075.2294042,serverless,30.0,30.0,44.581,False,200,
1787722075.2627378,serverless,30.0,30.0,44.101,False,200,
1787722075.296071,serverless,30.0,30.0,42.297,False,200,
1787722075.3294044,serverless,30.0,30.0,44.7,False,200,
1787722075.3627377,serverless,30.0,30.0,41.966,False,200,
1787722075.396071,serverless,30.0,30.0,40.523,False,200,
1787722075.4294043,serverless,30.0,30.0,45.113,False,200,
1787722075.4627376,serverless,30.0,30.0,45.72,False,200,
1787722075.4960709,serverless,30.0,30.0,632.946,True,200,
1787722075.5294044,serverless,30.0,30.0,50.088,False,200,
1787722075.5627377,serverless,30.0,30.0,47.1,False,200,
1787722075.596071,serverless,30.0,30.0,45.557,False,200,
1787722075.6294043,serverless,30.0,30.0,41.134,False,200,
1787722075.6627376,serverless,30.0,30.0,54.874,False,200,
1787722075.696071,serverless,30.0,30.0,40.1,False,200,
1787722075.7294042,serverless,30.0,30.0,58.25,False,200,
1787722075.7627378,serverless,30.0,30.0,60.778,False,200,
1787722075.796071,serverless,30.0,30.0,40.912,False,200,
1787722075.8294044,serverless,30.0,30.0,43.891,False,200,
1787722075.8627377,serverless,30.0,30.0,57.898,False,200,
1787722075.896071,serverless,30.0,30.0,66.094,False,200,
1787722075.9294043,serverless,30.0,30.0,46.773,False,200,
1787722075.9627376,serverless,30.0,30.0,49.045,False,200,
1787722075.9960709,serverless,30.0,30.0,47.342,False,200,
1787722076.0294044,serverless,30.0,30.0,46.924,False,200,
1787722076.0627377,serverless,30.0,30.0,44.483,False,200,
1787722076.096071,serverless,30.0,30.0,44.894,False,200,
1787722076.1294043,serverless,30.0,30.0,52.928,False,200,
1787722076.1627376,serverless,30.0,30.0,45.889,False,200,
1787722076.196071,serverless,30.0,30.0,83.905,False,200,
1787722076.2294042,serverless,30.0,30.0,44.927,False,200,
1787722076.2627378,serverless,30.0,30.0,38.63,False,200,
1787722076.296071,serverless,30.0,30.0,47.536,False,200,
1787722076.3294044,serverless,30.0,30.0,42.014,False,200,
1787722076.3627377,serverless,30.0,30.0,46.62,False,200,
1787722076.396071,serverless,30.0,30.0,57.096,False,200,
1787722076.4294043,serverless,30.0,30.0,56.392,False,200,
1787722076.4627376,serverless,30.0,30.0,49.835,False,200,
1787722076.4960709,serverless,30.0,30.0,57.399,False,200,
1787722076.5294044,serverless,30.0,30.0,52.602,False,200,
1787722076.5627377,serverless,30.0,30.0,69.451,False,200,
1787722076.596071,serverless,30.0,30.0,45.698,False,200,
1787722076.6294043,serverless,30.0,30.0,47.234,False,200,
1787722076.6627376,serverless,30.0,30.0,45.017,False,200,
1787722076.696071,serverless,30.0,30.0,37.392,False,200,
1787722076.7294042,serverless,30.0,30.0,47.329,False,200,
1787722076.7627378,serverless,30.0,30.0,50.619,False,200,
1787722076.796071,serverless,30.0,30.0,44.411,False,200,
1787722076.8294044,serverless,30.0,30.0,70.174,False,200,
1787722076.8627377,serverless,30.0,30.0,28.744,False,200,
1787722076.896071,serverless,30.0,30.0,36.899,False,200,
1787722076.9294043,serverless,30.0,30.0,46.605,False,200,
1787722076.9627376,serverless,30.0,30.0,60.238,False,200,
1787722076.9960709,serverless,30.0,30.0,37.762,False,200,
1787722077.0294044,serverless,30.0,30.0,51.735,False,200,
1787722077.0627377,serverless,30.0,30.0,48.648,False,200,
1787722077.096071,serverless,30.0,30.0,47.665,False,200,
1787722077.1294043,serverless,30.0,30.0,50.097,False,200,
1787722077.1627376,serverless,30.0,30.0,49.132,False,200,
1787722077.196071,serverless,30.0,30.0,42.596,False,200,
1787722077.2294042,serverless,30.0,30.0,71.617,False,200,
1787722077.2627378,serverless,30.0,30.0,52.381,False,200,
1787722077.296071,serverless,30.0,30.0,76.509,False,200,
1787722077.3294044,serverless,30.0,30.0,62.673,False,200,
1787722077.3627377,serverless,30.0,30.0,49.135,False,200,
1787722077.396071,serverless,30.0,30.0,73.663,False,200,
1787722077.4294043,serverless,30.0,30.0,37.269,False,200,
1787722077.4627376,serverless,30.0,30.0,57.293,False,200,
1787722077.4960709,serverless,30.0,30.0,49.715,False,200,
1787722077.5294044,serverless,30.0,30.0,47.193,False,200,
1787722077.5627377,serverless,30.0,30.0,46.921,False,200,
1787722077.596071,serverless,30.0,30.0,49.379,False,200,
1787722077.6294043,serverless,30.0,30.0,53.372,False,200,
1787722077.6627376,serverless,30.0,30.0,45.647,False,200,
1787722077.696071,serverless,30.0,30.0,38.99,False,200,
1787722077.7294042,serverless,30.0,30.0,41.378,False,200,
1787722077.7627378,serverless,30.0,30.0,48.177,False,200,
1787722077.796071,serverless,30.0,30.0,62.61,False,200,
1787722077.8294044,serverless,30.0,30.0,61.31,False,200,
1787722077.8627377,serverless,30.0,30.0,73.248,False,200,
1787722077.896071,serverless,30.0,30.0,45.683,False,200,
1787722077.9294043,serverless,30.0,30.0,40.004,False,200,
1787722077.9627376,serverless,30.0,30.0,44.024,False,200,
1787722077.9960709,serverless,30.0,30.0,37.965,False,200,
1787722078.0294044,serverless,30.0,30.0,45.226,False,200,
1787722078.0627377,serverless,30.0,30.0,76.333,False,200,
1787722078.096071,serverless,30.0,30.0,44.362,False,200,
1787722078.1294043,serverless,30.0,30.0,52.381,False,200,
1787722078.1627376,serverless,30.0,30.0,49.513,False,200,
1787722078.196071,serverless,30.0,30.0,53.053,False,200,
1787722078.2294042,serverless,30.0,30.0,46.657,False,200,
1787722078.2627378,serverless,30.0,30.0,37.288,False,200,
1787722078.296071,serverless,30.0,30.0,44.318,False,200,
1787722078.3294044,serverless,30.0,30.0,33.268,False,200,
1787722078.3627377,serverless,30.0,30.0,37.114,False,200,
1787722078.396071,serverless,30.0,30.0,52.162,False,200,
1787722078.4294043,serverless,30.0,30.0,49.024,False,200,
1787722078.4627376,serverless,30.0,30.0,69.46,False,200,
1787722078.4960709,serverless,30.0,30.0,35.866,False,200,
1787722078.5294044,serverless,30.0,30.0,59.344,False,200,
1787722078.5627377,serverless,30.0,30.0,52.751,False,200,
1787722078.596071,serverless,30.0,30.0,49.659,False,200,
1787722078.6294043,serverless,30.0,30.0,47.657,False,200,
1787722078.6627376,serverless,30.0,30.0,49.099,False,200,
1787722078.696071,serverless,30.0,30.0,52.669,False,200,
1787722078.7294042,serverless,30.0,30.0,41.66,False,200,
1787722078.7627378,serverless,30.0,30.0,61.43,False,200,
1787722078.796071,serverless,30.0,30.0,53.113,False,200,
1787722078.8294044,serverless,30.0,30.0,53.271,False,200,
1787722078.8627377,serverless,30.0,30.0,45.454,False,200,
1787722078.896071,serverless,30.0,30.0,46.819,False,200,
1787722078.9294043,serverless,30.0,30.0,62.981,False,200,
1787722078.9627376,serverless,30.0,30.0,37.777,False,200,
1787722078.9960709,serverless,30.0,30.0,31.828,False,200,
1787722079.0294044,serverless,30.0,30.0,41.642,False,200,
1787722079.0627377,serverless,30.0,30.0,43.931,False,200,
1787722079.096071,serverless,30.0,30.0,42.884,False,200,
1787722079.1294043,serverless,30.0,30.0,54.533,False,200,
1787722079.1627376,serverless,30.0,30.0,39.487,False,200,
1787722079.196071,serverless,30.0,30.0,45.106,False,200,
1787722079.2294042,serverless,30.0,30.0,45.481,False,200,
1787722079.2627378,serverless,30.0,30.0,50.6,False,200,
1787722079.296071,serverless,30.0,30.0,42.976,False,200,
1787722079.3294044,serverless,30.0,30.0,79.881,False,200,
1787722079.3627377,serverless,30.0,30.0,57.314,False,200,
1787722079.396071,serverless,30.0,30.0,62.544,False,200,
1787722079.4294043,serverless,30.0,30.0,57.587,False,200,
1787722079.4627376,serverless,30.0,30.0,39.927,False,200,
1787722079.4960709,serverless,30.0,30.0,33.384,False,200,
1787722079.5294044,serverless,30.0,30.0,59.848,False,200,
1787722079.5627377,serverless,30.0,30.0,36.517,False,200,
1787722079.596071,serverless,30.0,30.0,40.795,False,200,
1787722079.6294043,serverless,30.0,30.0,34.328,False,200,
1787722079.6627376,serverless,30.0,30.0,57.133,False,200,
1787722079.696071,serverless,30.0,30.0,46.28,False,200,
1787722079.7294042,serverless,30.0,30.0,34.023,False,200,
1787722079.7627378,serverless,30.0,30.0,54.291,False,200,
1787722079.796071,serverless,30.0,30.0,51.436,False,200,
1787722079.8294044,serverless,30.0,30.0,55.085,False,200,
1787722079.8627377,serverless,30.0,30.0,47.775,False,200,
1787722079.896071,serverless,30.0,30.0,47.86,False,200,
1787722079.9294043,serverless,30.0,30.0,70.906,False,200,
1787722079.9627376,serverless,30.0,30.0,70.208,False,200,
1787722079.9960709,serverless,30.0,30.0,54.965,False,200,
1787722080.0294044,serverless,30.0,30.0,44.85,False,200,
1787722080.0627377,serverless,30.0,30.0,54.817,False,200,
1787722080.096071,serverless,30.0,30.0,33.528,False,200,
1787722080.1294043,serverless,30.0,30.0,54.682,False,200,
1787722080.1627376,serverless,30.0,30.0,66.513,False,200,
1787722080.196071,serverless,30.0,30.0,57.3,False,200,
1787722080.2294042,serverless,30.0,30.0,50.941,False,200,
1787722080.2627378,serverless,30.0,30.0,46.69,False,200,
1787722080.296071,serverless,30.0,30.0,59.367,False,200,
1787722080.3294044,serverless,30.0,30.0,47.758,False,200,
1787722080.3627377,serverless,30.0,30.0,37.306,False,200,
1787722080.396071,serverless,30.0,30.0,47.185,False,200,
1787722080.4294043,serverless,30.0,30.0,46.072,False,200,
1787722080.4627376,serverless,30.0,30.0,41.552,False,200,
1787722080.4960709,serverless,30.0,30.0,47.657,False,200,
1787722080.5294044,serverless,30.0,30.0,55.163,False,200,
1787722080.5627377,serverless,30.0,30.0,62.311,False,200,
1787722080.596071,serverless,30.0,30.0,37.764,False,200,
1787722080.6294043,serverless,30.0,30.0,46.613,False,200,
1787722080.6627376,serverless,30.0,30.0,45.215,False,200,
1787722080.696071,serverless,30.0,30.0,71.393,False,200,
1787722080.7294042,serverless,30.0,30.0,38.531,False,200,
1787722080.7627378,serverless,30.0,30.0,54.485,False,200,
1787722080.796071,serverless,30.0,30.0,52.916,False,200,
1787722080.8294044,serverless,30.0,30.0,56.82,False,200,
1787722080.8627377,serverless,30.0,30.0,51.997,False,200,
1787722080.896071,serverless,30.0,30.0,56.768,False,200,
1787722080.9294043,serverless,30.0,30.0,42.718,False,200,
1787722080.9627376,serverless,30.0,30.0,50.798,False,200,
1787722080.9960709,serverless,30.0,30.0,53.741,False,200,
1787722081.0294044,serverless,30.0,30.0,54.113,False,200,
1787722081.0627377,serverless,30.0,30.0,35.02,False,200,
1787722081.096071,serverless,30.0,30.0,42.73,False,200,
1787722081.1294043,serverless,30.0,30.0,52.992,False,200,
1787722081.1627376,serverless,30.0,30.0,47.833,False,200,
1787722081.196071,serverless,30.0,30.0,56.576,False,200,
1787722081.2294042,serverless,30.0,30.0,60.178,False,200,
1787722081.2627378,serverless,30.0,30.0,50.661,False,200,
1787722081.296071,serverless,30.0,30.0,53.397,False,200,
1787722081.3294044,serverless,30.0,30.0,56.335,False,200,
1787722081.3627377,serverless,30.0,30.0,56.433,False,200,
1787722081.396071,serverless,30.0,30.0,45.032,False,200,
1787722081.4294043,serverless,30.0,30.0,46.482,False,200,
1787722081.4627376,serverless,30.0,30.0,52.093,False,200,
1787722081.4960709,serverless,30.0,30.0,49.823,False,200,
1787722081.5294044,serverless,30.0,30.0,51.086,False,200,
1787722081.5627377,serverless,30.0,30.0,38.513,False,200,
1787722081.596071,serverless,30.0,30.0,37.166,False,200,
1787722081.6294043,serverless,30.0,30.0,66.316,False,200,
1787722081.6627376,serverless,30.0,30.0,55.688,False,200,
1787722081.696071,serverless,30.0,30.0,47.645,False,200,
1787722081.7294042,serverless,30.0,30.0,47.53,False,200,
1787722081.7627378,serverless,30.0,30.0,60.044,False,200,
1787722081.796071,serverless,30.0,30.0,62.376,False,200,
1787722081.8294044,serverless,30.0,30.0,53.305,False,200,
1787722081.8627377,serverless,30.0,30.0,59.027,False,200,
1787722081.896071,serverless,30.0,30.0,51.377,False,200,
1787722081.9294043,serverless,30.0,30.0,50.917,False,200,
1787722081.9627376,serverless,30.0,30.0,51.587,False,200,
1787722081.9960709,serverless,30.0,30.0,43.082,False,200,
1787722082.0294044,serverless,30.0,30.0,48.505,False,200,
1787722082.0627377,serverless,30.0,30.0,59.793,False,200,
1787722082.096071,serverless,30.0,30.0,41.139,False,200,
1787722082.1294043,serverless,30.0,30.0,68.325,False,200,
1787722082.1627376,serverless,30.0,30.0,48.023,False,200,
1787722082.196071,serverless,30.0,30.0,60.796,False,200,
1787722082.2294042,serverless,30.0,30.0,54.001,False,200,
1787722082.2627378,serverless,30.0,30.0,53.809,False,200,
1787722082.296071,serverless,30.0,30.0,39.135,False,200,
1787722082.3294044,serverless,30.0,30.0,42.316,False,200,
1787722082.3627377,serverless,30.0,30.0,40.558,False,200,
1787722082.396071,serverless,30.0,30.0,54.056,False,200,
1787722082.4294043,serverless,30.0,30.0,49.869,False,200,
1787722082.4627376,serverless,30.0,30.0,57.225,False,200,
1787722082.4960709,serverless,30.0,30.0,68.858,False,200,
1787722082.5294044,serverless,30.0,30.0,54.022,False,200,
1787722082.5627377,serverless,30.0,30.0,47.542,False,200,
1787722082.596071,serverless,30.0,30.0,37.827,False,200,
1787722082.6294043,serverless,30.0,30.0,48.9,False,200,
1787722082.6627376,serverless,30.0,30.0,43.304,False,200,
1787722082.696071,serverless,30.0,30.0,56.243,False,200,
1787722082.7294042,serverless,30.0,30.0,60.74,False,200,
1787722082.7627378,serverless,30.0,30.0,54.184,False,200,
1787722082.796071,serverless,30.0,30.0,58.757,False,200,
1787722082.8294044,serverless,30.0,30.0,61.96,False,200,
1787722082.8627377,serverless,30.0,30.0,52.747,False,200,
1787722082.896071,serverless,30.0,30.0,60.012,False,200,
1787722082.9294043,serverless,30.0,30.0,60.238,False,200,
1787722082.9627376,serverless,30.0,30.0,49.339,False,200,
1787722082.9960709,serverless,30.0,30.0,68.459,False,200,
1787722083.0294044,serverless,30.0,30.0,58.419,False,200,
1787722083.0627377,serverless,30.0,30.0,57.042,False,200,
1787722083.096071,serverless,30.0,30.0,33.655,False,200,
1787722083.1294043,serverless,30.0,30.0,64.223,False,200,
1787722083.1627376,serverless,30.0,30.0,66.562,False,200,
1787722083.196071,serverless,30.0,30.0,51.875,False,200,
1787722083.2294042,serverless,30.0,30.0,45.833,False,200,
1787722083.2627378,serverless,30.0,30.0,49.802,False,200,
1787722083.296071,serverless,30.0,30.0,62.991,False,200,
1787722083.3294044,serverless,30.0,30.0,85.859,False,200,
1787722083.3627377,serverless,30.0,30.0,39.723,False,200,
1787722083.396071,serverless,30.0,30.0,45.383,False,200,
1787722083.4294043,serverless,30.0,30.0,49.795,False,200,
1787722083.4627376,serverless,30.0,30.0,46.098,False,200,
1787722083.4960709,serverless,30.0,30.0,55.235,False,200,
1787722083.5294044,serverless,30.0,30.0,47.159,False,200,
1787722083.5627377,serverless,30.0,30.0,34.204,False,200,
1787722083.596071,serverless,30.0,30.0,45.36,False,200,
1787722083.6294043,serverless,30.0,30.0,41.263,False,200,
1787722083.6627376,serverless,30.0,30.0,45.822,False,200,
1787722083.696071,serverless,30.0,30.0,43.379,False,200,
1787722083.7294042,serverless,30.0,30.0,52.301,False,200,
1787722083.7627378,serverless,30.0,30.0,42.782,False,200,
1787722083.796071,serverless,30.0,30.0,57.15,False,200,
1787722083.8294044,serverless,30.0,30.0,37.826,False,200,
1787722083.8627377,serverless,30.0,30.0,61.533,False,200,
1787722083.896071,serverless,30.0,30.0,45.689,False,200,
1787722083.9294043,serverless,30.0,30.0,65.366,False,200,
1787722083.9627376,serverless,30.0,30.0,39.234,False,200,
1787722083.9960709,serverless,30.0,30.0,49.543,False,200,
1787722084.0294044,serverless,30.0,30.0,47.409,False,200,
1787722084.0627377,serverless,30.0,30.0,54.885,False,200,
1787722084.096071,serverless,30.0,30.0,71.872,False,200,
1787722084.1294043,serverless,30.0,30.0,48.23,False,200,
1787722084.1627376,serverless,30.0,30.0,45.072,False,200,
1787722084.196071,serverless,30.0,30.0,44.51,False,200,
1787722084.2294042,serverless,30.0,30.0,60.467,False,200,
1787722084.2627378,serverless,30.0,30.0,41.896,False,200,
1787722084.296071,serverless,30.0,30.0,52.622,False,200,
1787722084.3294044,serverless,30.0,30.0,64.235,False,200,
1787722084.3627377,serverless,30.0,30.0,69.85,False,200,
1787722084.396071,serverless,30.0,30.0,47.326,False,200,
1787722084.4294043,serverless,30.0,30.0,37.962,False,200,
1787722084.4627376,serverless,30.0,30.0,49.086,False,200,
1787722084.4960709,serverless,30.0,30.0,43.77,False,200,
1787722084.5294044,serverless,30.0,30.0,55.031,False,200,
1787722084.5627377,serverless,30.0,30.0,39.005,False,200,
1787722084.596071,serverless,30.0,30.0,61.532,False,200,
1787722084.6294043,serverless,30.0,30.0,42.267,False,200,
1787722084.6627376,serverless,30.0,30.0,42.118,False,200,
1787722084.696071,serverless,30.0,30.0,67.831,False,200,
1787722084.7294042,serverless,30.0,30.0,43.773,False,200,
1787722084.7627378,serverless,30.0,30.0,41.534,False,200,
1787722084.796071,serverless,30.0,30.0,48.538,False,200,
1787722084.8294044,serverless,30.0,30.0,44.764,False,200,
1787722084.8627377,serverless,30.0,30.0,42.245,False,200,
1787722084.896071,serverless,30.0,30.0,51.234,False,200,
1787722084.9294043,serverless,30.0,30.0,43.685,False,200,
1787722084.9627376,serverless,30.0,30.0,43.041,False,200,
1787722084.9960709,serverless,30.0,30.0,51.834,False,200,
1787722085.0294044,serverless,30.0,30.0,54.312,False,200,
1787722085.0627377,serverless,30.0,30.0,48.641,False,200,
1787722085.096071,serverless,30.0,30.0,54.422,False,200,
1787722085.1294043,serverless,30.0,30.0,46.17,False,200,
1787722085.1627376,serverless,30.0,30.0,55.946,False,200,
1787722085.196071,serverless,30.0,30.0,44.068,False,200,
1787722085.2294042,serverless,30.0,30.0,46.206,False,200,
1787722085.2627378,serverless,30.0,30.0,53.135,False,200,
1787722085.296071,serverless,30.0,30.0,62.448,False,200,
1787722085.3294044,serverless,30.0,30.0,45.532,False,200,
1787722085.3627377,serverless,30.0,30.0,57.629,False,200,
1787722085.396071,serverless,30.0,30.0,57.341,False,200,
1787722085.4294043,serverless,30.0,30.0,35.42,False,200,
1787722085.4627376,serverless,30.0,30.0,60.457,False,200,
1787722085.4960709,serverless,30.0,30.0,56.593,False,200,
1787722085.5294044,serverless,30.0,30.0,51.594,False,200,
1787722085.5627377,serverless,30.0,30.0,42.087,False,200,
1787722085.596071,serverless,30.0,30.0,35.748,False,200,
1787722085.6294043,serverless,30.0,30.0,59.714,False,200,
1787722085.6627376,serverless,30.0,30.0,52.22,False,200,
1787722085.696071,serverless,30.0,30.0,39.123,False,200,
1787722085.7294042,serverless,30.0,30.0,47.191,False,200,
1787722085.7627378,serverless,30.0,30.0,58.831,False,200,
1787722085.796071,serverless,30.0,30.0,50.638,False,200,
1787722085.8294044,serverless,30.0,30.0,58.188,False,200,
1787722085.8627377,serverless,30.0,30.0,42.846,False,200,
1787722085.896071,serverless,30.0,30.0,50.128,False,200,
1787722085.9294043,serverless,30.0,30.0,56.843,False,200,
1787722085.9627376,serverless,30.0,30.0,42.543,False,200,
1787722085.9960709,serverless,30.0,30.0,44.395,False,200,
1787722086.0294044,serverless,30.0,30.0,48.929,False,200,
1787722086.0627377,serverless,30.0,30.0,29.766,False,200,
1787722086.096071,serverless,30.0,30.0,34.885,False,200,
1787722086.1294043,serverless,30.0,30.0,65.35,False,200,
1787722086.1627376,serverless,30.0,30.0,51.685,False,200,
1787722086.196071,serverless,30.0,30.0,45.475,False,200,
1787722086.2294042,serverless,30.0,30.0,55.372,False,200,
1787722086.2627378,serverless,30.0,30.0,64.114,False,200,
1787722086.296071,serverless,30.0,30.0,53.613,False,200,
1787722086.3294044,serverless,30.0,30.0,45.535,False,200,
1787722086.3627377,serverless,30.0,30.0,42.064,False,200,
1787722086.396071,serverless,30.0,30.0,43.675,False,200,
1787722086.4294043,serverless,30.0,30.0,35.708,False,200,
1787722086.4627376,serverless,30.0,30.0,74.305,False,200,
1787722086.4960709,serverless,30.0,30.0,49.884,False,200,
1787722086.5294044,serverless,30.0,30.0,53.375,False,200,
1787722086.5627377,serverless,30.0,30.0,50.002,False,200,
1787722086.596071,serverless,30.0,30.0,38.66,False,200,
1787722086.6294043,serverless,30.0,30.0,64.298,False,200,
1787722086.6627376,serverless,30.0,30.0,66.112,False,200,
1787722086.696071,serverless,30.0,30.0,37.737,False,200,
1787722086.7294042,serverless,30.0,30.0,64.944,False,200,
1787722086.7627378,serverless,30.0,30.0,48.37,False,200,
1787722086.796071,serverless,30.0,30.0,64.374,False,200,
1787722086.8294044,serverless,30.0,30.0,36.276,False,200,
1787722086.8627377,serverless,30.0,30.0,40.953,False,200,
1787722086.896071,serverless,30.0,30.0,53.381,False,200,
1787722086.9294043,serverless,30.0,30.0,55.292,False,200,
1787722086.9627376,serverless,30.0,30.0,44.436,False,200,
1787722086.9960709,serverless,30.0,30.0,56.24,False,200,
1787722087.0294044,serverless,30.0,30.0,51.781,False,200,
1787722087.0627377,serverless,30.0,30.0,49.633,False,200,
1787722087.096071,serverless,30.0,30.0,61.887,False,200,
1787722087.1294043,serverless,30.0,30.0,37.62,False,200,
1787722087.1627376,serverless,30.0,30.0,50.288,False,200,
1787722087.196071,serverless,30.0,30.0,1547.372,True,200,
1787722087.2294042,serverless,30.0,30.0,38.451,False,200,
1787722087.2627378,serverless,30.0,30.0,48.42,False,200,
1787722087.296071,serverless,30.0,30.0,42.441,False,200,
1787722087.3294044,serverless,30.0,30.0,71.393,False,200,
1787722087.3627377,serverless,30.0,30.0,46.201,False,200,
1787722087.396071,serverless,30.0,30.0,33.419,False,200,
1787722087.4294043,serverless,30.0,30.0,47.767,False,200,
1787722087.4627376,serverless,30.0,30.0,64.835,False,200,
1787722087.4960709,serverless,30.0,30.0,49.275,False,200,
1787722087.5294044,serverless,30.0,30.0,57.852,False,200,
1787722087.5627377,serverless,30.0,30.0,46.618,False,200,
1787722087.596071,serverless,30.0,30.0,50.019,False,200,
1787722087.6294043,serverless,30.0,30.0,89.784,False,200,
1787722087.6627376,serverless,30.0,30.0,40.825,False,200,
1787722087.696071,serverless,30.0,30.0,71.439,False,200,
1787722087.7294042,serverless,30.0,30.0,64.371,False,200,
1787722087.7627378,serverless,30.0,30.0,63.522,False,200,
1787722087.796071,serverless,30.0,30.0,76.072,False,200,
1787722087.8294044,serverless,30.0,30.0,78.084,False,200,
1787722087.8627377,serverless,30.0,30.0,48.99,False,200,
1787722087.896071,serverless,30.0,30.0,47.468,False,200,
1787722087.9294043,serverless,30.0,30.0,65.505,False,200,
1787722087.9627376,serverless,30.0,30.0,58.73,False,200,
1787722087.9960709,serverless,30.0,30.0,46.09,False,200,
1787722088.0294044,serverless,30.0,30.0,58.992,False,200,
1787722088.0627377,serverless,30.0,30.0,55.408,False,200,
1787722088.096071,serverless,30.0,30.0,52.402,False,200,
1787722088.1294043,serverless,30.0,30.0,61.49,False,200,
1787722088.1627376,serverless,30.0,30.0,49.256,False,200,
1787722088.196071,serverless,30.0,30.0,40.624,False,200,
1787722088.2294042,serverless,30.0,30.0,38.327,False,200,
1787722088.2627378,serverless,30.0,30.0,44.217,False,200,
1787722088.296071,serverless,30.0,30.0,63.366,False,200,
1787722088.3294044,serverless,30.0,30.0,40.382,False,200,
1787722088.3627377,serverless,30.0,30.0,45.567,False,200,
1787722088.396071,serverless,30.0,30.0,26.69,False,200,
1787722088.4294043,serverless,30.0,30.0,34.335,False,200,
1787722088.4627376,serverless,30.0,30.0,39.606,False,200,
1787722088.4960709,serverless,30.0,30.0,44.69,False,200,
1787722088.5294044,serverless,30.0,30.0,36.091,False,200,
1787722088.5627377,serverless,30.0,30.0,39.151,False,200,
1787722088.596071,serverless,30.0,30.0,65.733,False,200,
1787722088.6294043,serverless,30.0,30.0,45.206,False,200,
1787722088.6627376,serverless,30.0,30.0,48.162,False,200,
1787722088.696071,serverless,30.0,30.0,60.584,False,200,
1787722088.7294042,serverless,30.0,30.0,48.679,False,200,
1787722088.7627378,serverless,30.0,30.0,37.961,False,200,
1787722088.796071,serverless,30.0,30.0,48.895,False,200,
1787722088.8294044,serverless,30.0,30.0,47.957,False,200,
1787722088.8627377,serverless,30.0,30.0,60.326,False,200,
1787722088.896071,serverless,30.0,30.0,49.967,False,200,
1787722088.9294043,serverless,30.0,30.0,48.785,False,200,
1787722088.9627376,serverless,30.0,30.0,47.89,False,200,
1787722088.9960709,serverless,30.0,30.0,37.86,False,200,
1787722089.0294044,serverless,30.0,30.0,46.599,False,200,
1787722089.0627377,serverless,30.0,30.0,42.804,False,200,
1787722089.096071,serverless,30.0,30.0,69.413,False,200,
1787722089.1294043,serverless,30.0,30.0,39.86,False,200,
1787722089.1627376,serverless,30.0,30.0,40.659,False,200,
1787722089.196071,serverless,30.0,30.0,50.85,False,200,
1787722089.2294042,serverless,30.0,30.0,63.967,False,200,
1787722089.2627378,serverless,30.0,30.0,70.198,False,200,
1787722089.296071,serverless,30.0,30.0,47.497,False,200,
1787722089.3294044,serverless,30.0,30.0,72.268,False,200,
1787722089.3627377,serverless,30.0,30.0,39.732,False,200,
1787722089.396071,serverless,30.0,30.0,40.887,False,200,
1787722089.4294043,serverless,30.0,30.0,46.645,False,200,
1787722089.4627376,serverless,30.0,30.0,42.927,False,200,
1787722089.4960709,serverless,30.0,30.0,55.045,False,200,
1787722089.5294044,serverless,30.0,30.0,62.529,False,200,
1787722089.5627377,serverless,30.0,30.0,47.029,False,200,
1787722089.596071,serverless,30.0,30.0,58.954,False,200,
1787722089.6294043,serverless,30.0,30.0,55.253,False,200,
1787722089.6627376,serverless,30.0,30.0,63.716,False,200,
1787722089.696071,serverless,30.0,30.0,36.01,False,200,
1787722089.7294042,serverless,30.0,30.0,56.355,False,200,
1787722089.7627378,serverless,30.0,30.0,39.848,False,200,
1787722089.796071,serverless,30.0,30.0,53.783,False,200,
1787722089.8294044,serverless,30.0,30.0,40.588,False,200,
1787722089.8627377,serverless,30.0,30.0,45.958,False,200,
1787722089.896071,serverless,30.0,30.0,68.947,False,200,
1787722089.9294043,serverless,30.0,30.0,47.905,False,200,
1787722089.9627376,serverless,30.0,30.0,55.494,False,200,
1787722089.9960709,serverless,30.0,30.0,61.284,False,200,
1787722090.0294044,serverless,30.0,30.0,52.655,False,200,
1787722090.0627377,serverless,30.0,30.0,53.438,False,200,
1787722090.096071,serverless,30.0,30.0,32.546,False,200,
1787722090.1294043,serverless,30.0,30.0,43.101,False,200,
1787722090.1627376,serverless,30.0,30.0,73.707,False,200,
1787722090.196071,serverless,30.0,30.0,46.753,False,200,
1787722090.2294042,serverless,30.0,30.0,66.844,False,200,
1787722090.2627378,serverless,30.0,30.0,49.137,False,200,
1787722090.296071,serverless,30.0,30.0,69.676,False,200,
1787722090.3294044,serverless,30.0,30.0,35.612,False,200,
1787722090.3627377,serverless,30.0,30.0,58.342,False,200,
1787722090.396071,serverless,30.0,30.0,46.893,False,200,
1787722090.4294043,serverless,30.0,30.0,39.034,False,200,
1787722090.4627376,serverless,30.0,30.0,48.751,False,200,
1787722090.4960709,serverless,30.0,30.0,51.286,False,200,
1787722090.5294044,serverless,30.0,30.0,52.419,False,200,
1787722090.5627377,serverless,30.0,30.0,49.263,False,200,
1787722090.596071,serverless,30.0,30.0,54.164,False,200,
1787722090.6294043,serverless,30.0,30.0,42.199,False,200,
1787722090.6627376,serverless,30.0,30.0,43.915,False,200,
1787722090.696071,serverless,30.0,30.0,54.656,False,200,
1787722090.7294042,serverless,30.0,30.0,39.408,False,200,
1787722090.7627378,serverless,30.0,30.0,40.105,False,200,
1787722090.796071,serverless,30.0,30.0,51.576,False,200,
1787722090.8294044,serverless,30.0,30.0,47.453,False,200,
1787722090.8627377,serverless,30.0,30.0,53.233,False,200,
1787722090.896071,serverless,30.0,30.0,41.445,False,200,
1787722090.9294043,serverless,30.0,30.0,44.869,False,200,
1787722090.9627376,serverless,30.0,30.0,60.227,False,200,
1787722090.9960709,serverless,30.0,30.0,76.351,False,200,
1787722091.0294044,serverless,30.0,30.0,59.926,False,200,
1787722091.0627377,serverless,30.0,30.0,71.642,False,200,
1787722091.096071,serverless,30.0,30.0,58.902,False,200,
1787722091.1294043,serverless,30.0,30.0,40.624,False,200,
1787722091.1627376,serverless,30.0,30.0,48.051,False,200,
1787722091.196071,serverless,30.0,30.0,40.192,False,200,
1787722091.2294042,serverless,30.0,30.0,56.541,False,200,
1787722091.2627378,serverless,30.0,30.0,42.011,False,200,
1787722091.296071,serverless,30.0,30.0,49.569,False,200,
1787722091.3294044,serverless,30.0,30.0,59.559,False,200,
1787722091.3627377,serverless,30.0,30.0,45.954,False,200,
1787722091.396071,serverless,30.0,30.0,68.611,False,200,
1787722091.4294043,serverless,30.0,30.0,53.744,False,200,
1787722091.4627376,serverless,30.0,30.0,63.818,False,200,
1787722091.4960709,serverless,30.0,30.0,48.474,False,200,
1787722091.5294044,serverless,30.0,30.0,46.798,False,200,
1787722091.5627377,serverless,30.0,30.0,71.914,False,200,
1787722091.596071,serverless,30.0,30.0,52.895,False,200,
1787722091.6294043,serverless,30.0,30.0,34.532,False,200,
1787722091.6627376,serverless,30.0,30.0,55.001,False,200,
1787722091.696071,serverless,30.0,30.0,44.713,False,200,
1787722091.7294042,serverless,30.0,30.0,41.089,False,200,
1787722091.7627378,serverless,30.0,30.0,48.955,False,200,
1787722091.796071,serverless,30.0,30.0,42.602,False,200,
1787722091.8294044,serverless,30.0,30.0,43.588,False,200,
1787722091.8627377,serverless,30.0,30.0,48.883,False,200,
1787722091.896071,serverless,30.0,30.0,42.117,False,200,
1787722091.9294043,serverless,30.0,30.0,53.203,False,200,
1787722091.9627376,serverless,30.0,30.0,53.791,False,200,
1787722091.9960709,serverless,30.0,30.0,40.118,False,200,
1787722092.0294044,serverless,30.0,30.0,48.104,False,200,
1787722092.0627377,serverless,30.0,30.0,53.415,False,200,
1787722092.096071,serverless,30.0,30.0,55.458,False,200,
1787722092.1294043,serverless,30.0,30.0,59.061,False,200,
1787722092.1627376,serverless,30.0,30.0,52.643,False,200,
1787722092.196071,serverless,30.0,30.0,40.441,False,200,
1787722092.2294042,serverless,30.0,30.0,55.705,False,200,
1787722092.2627378,serverless,30.0,30.0,59.7,False,200,
1787722092.296071,serverless,30.0,30.0,40.128,False,200,
1787722092.3294044,serverless,30.0,30.0,41.917,False,200,
1787722092.3627377,serverless,30.0,30.0,55.103,False,200,
1787722092.396071,serverless,30.0,30.0,45.02,False,200,
1787722092.4294043,serverless,30.0,30.0,48.14,False,200,
1787722092.4627376,serverless,30.0,30.0,49.798,False,200,
1787722092.4960709,serverless,30.0,30.0,49.28,False,200,
1787722092.5294044,serverless,30.0,30.0,47.057,False,200,
1787722092.5627377,serverless,30.0,30.0,61.503,False,200,
1787722092.596071,serverless,30.0,30.0,57.671,False,200,
1787722092.6294043,serverless,30.0,30.0,61.939,False,200,
1787722092.6627376,serverless,30.0,30.0,1077.277,True,200,
1787722092.696071,serverless,30.0,30.0,68.61,False,200,
1787722092.7294042,serverless,30.0,30.0,48.532,False,200,
1787722092.7627378,serverless,30.0,30.0,48.169,False,200,
1787722092.796071,serverless,30.0,30.0,48.994,False,200,
1787722092.8294044,serverless,30.0,30.0,65.371,False,200,
1787722092.8627377,serverless,30.0,30.0,62.596,False,200,
1787722092.896071,serverless,30.0,30.0,61.79,False,200,
1787722092.9294043,serverless,30.0,30.0,52.171,False,200,
1787722092.9627376,serverless,30.0,30.0,44.915,False,200,
1787722092.9960709,serverless,30.0,30.0,55.807,False,200,
1787722093.0294044,serverless,30.0,30.0,40.692,False,200,
1787722093.0627377,serverless,30.0,30.0,48.182,False,200,
1787722093.096071,serverless,30.0,30.0,46.546,False,200,
1787722093.1294043,serverless,30.0,30.0,46.918,False,200,
1787722093.1627376,serverless,30.0,30.0,55.71,False,200,
1787722093.196071,serverless,30.0,30.0,38.749,False,200,
1787722093.2294042,serverless,30.0,30.0,46.955,False,200,
1787722093.2627378,serverless,30.0,30.0,55.438,False,200,
1787722093.296071,serverless,30.0,30.0,51.237,False,200,
1787722093.3294044,serverless,30.0,30.0,34.74,False,200,
1787722093.3627377,serverless,30.0,30.0,34.181,False,200,
1787722093.396071,serverless,30.0,30.0,66.261,False,200,
1787722093.4294043,serverless,30.0,30.0,32.695,False,200,
1787722093.4627376,serverless,30.0,30.0,38.292,False,200,
1787722093.4960709,serverless,30.0,30.0,43.954,False,200,
1787722093.5294044,serverless,30.0,30.0,52.689,False,200,
1787722093.5627377,serverless,30.0,30.0,53.484,False,200,
1787722093.596071,serverless,30.0,30.0,42.197,False,200,
1787722093.6294043,serverless,30.0,30.0,31.821,False,200,
1787722093.6627376,serverless,30.0,30.0,43.735,False,200,
1787722093.696071,serverless,30.0,30.0,54.681,False,200,
1787722093.7294042,serverless,30.0,30.0,36.42,False,200,
1787722093.7627378,serverless,30.0,30.0,58.145,False,200,
1787722093.796071,serverless,30.0,30.0,54.78,False,200,
1787722093.8294044,serverless,30.0,30.0,53.548,False,200,
1787722093.8627377,serverless,30.0,30.0,61.75,False,200,
1787722093.896071,serverless,30.0,30.0,48.093,False,200,
1787722093.9294043,serverless,30.0,30.0,64.098,False,200,
1787722093.9627376,serverless,30.0,30.0,49.143,False,200,
1787722093.9960709,serverless,30.0,30.0,48.771,False,200,
1787722094.0294044,serverless,30.0,30.0,53.895,False,200,
1787722094.0627377,serverless,30.0,30.0,35.174,False,200,
1787722094.096071,serverless,30.0,30.0,36.824,False,200,
1787722094.1294043,serverless,30.0,30.0,58.049,False,200,
1787722094.1627376,serverless,30.0,30.0,78.003,False,200,
1787722094.196071,serverless,30.0,30.0,58.015,False,200,
1787722094.2294042,serverless,30.0,30.0,46.171,False,200,
1787722094.2627378,serverless,30.0,30.0,32.426,False,200,
1787722094.296071,serverless,30.0,30.0,44.523,False,200,
1787722094.3294044,serverless,30.0,30.0,41.484,False,200,
1787722094.3627377,serverless,30.0,30.0,59.541,False,200,
1787722094.396071,serverless,30.0,30.0,44.93,False,200,
1787722094.4294043,serverless,30.0,30.0,41.137,False,200,
1787722094.4627376,serverless,30.0,30.0,50.587,False,200,
1787722094.4960709,serverless,30.0,30.0,74.322,False,200,
1787722094.5294044,serverless,30.0,30.0,49.41,False,200,
1787722094.5627377,serverless,30.0,30.0,58.619,False,200,
1787722094.596071,serverless,30.0,30.0,60.487,False,200,
1787722094.6294043,serverless,30.0,30.0,60.505,False,200,
1787722094.6627376,serverless,30.0,30.0,41.783,False,200,
1787722094.696071,serverless,30.0,30.0,60.23,False,200,
1787722094.7294042,serverless,30.0,30.0,29.81,False,200,
1787722094.7627378,serverless,30.0,30.0,63.194,False,200,
1787722094.796071,serverless,30.0,30.0,48.053,False,200,
1787722094.8294044,serverless,30.0,30.0,40.789,False,200,
1787722094.8627377,serverless,30.0,30.0,42.049,False,200,
1787722094.896071,serverless,30.0,30.0,64.061,False,200,
1787722094.9294043,serverless,30.0,30.0,62.949,False,200,
1787722094.9627376,serverless,30.0,30.0,66.078,False,200,
1787722094.9960709,serverless,30.0,30.0,74.121,False,200,
1787722095.0294044,serverless,30.0,30.0,40.204,False,200,
1787722095.0627377,serverless,30.0,30.0,48.289,False,200,
1787722095.096071,serverless,30.0,30.0,44.159,False,200,
1787722095.1294043,serverless,30.0,30.0,87.213,False,200,
1787722095.1627376,serverless,30.0,30.0,48.566,False,200,
1787722095.196071,serverless,30.0,30.0,45.883,False,200,
1787722095.2294042,serverless,30.0,30.0,39.687,False,200,
1787722095.2627378,serverless,30.0,30.0,45.025,False,200,
1787722095.296071,serverless,30.0,30.0,55.232,False,200,
1787722095.3294044,serverless,30.0,30.0,45.7,False,200,
1787722095.3627377,serverless,30.0,30.0,50.198,False,200,
1787722095.396071,serverless,30.0,30.0,61.927,False,200,
1787722095.4294043,serverless,30.0,30.0,37.807,False,200,
1787722095.4627376,serverless,30.0,30.0,49.091,False,200,
1787722095.4960709,serverless,30.0,30.0,53.258,False,200,
1787722095.5294044,serverless,30.0,30.0,43.424,False,200,
1787722095.5627377,serverless,30.0,30.0,49.35,False,200,
1787722095.596071,serverless,30.0,30.0,68.462,False,200,
1787722095.6294043,serverless,30.0,30.0,42.348,False,200,
1787722095.6627376,serverless,30.0,30.0,55.806,False,200,
1787722095.696071,serverless,30.0,30.0,42.848,False,200,
1787722095.7294042,serverless,30.0,30.0,51.867,False,200,
1787722095.7627378,serverless,30.0,30.0,37.753,False,200,
1787722095.796071,serverless,30.0,30.0,51.462,False,200,
1787722095.8294044,serverless,30.0,30.0,45.323,False,200,
1787722095.8627377,serverless,30.0,30.0,34.496,False,200,
1787722095.896071,serverless,30.0,30.0,48.871,False,200,
1787722095.9294043,serverless,30.0,30.0,35.238,False,200,
1787722095.9627376,serverless,30.0,30.0,62.029,False,200,
1787722095.9960709,serverless,30.0,30.0,43.71,False,200,
1787722096.0294044,serverless,30.0,30.0,56.592,False,200,
1787722096.0627377,serverless,30.0,30.0,53.924,False,200,
1787722096.096071,serverless,30.0,30.0,53.757,False,200,
1787722096.1294043,serverless,30.0,30.0,40.833,False,200,
1787722096.1627376,serverless,30.0,30.0,36.771,False,200,
1787722096.196071,serverless,30.0,30.0,42.14,False,200,
1787722096.2294042,serverless,30.0,30.0,35.557,False,200,
1787722096.2627378,serverless,30.0,30.0,43.118,False,200,
1787722096.296071,serverless,30.0,30.0,55.086,False,200,
1787722096.3294044,serverless,30.0,30.0,38.215,False,200,
1787722096.3627377,serverless,30.0,30.0,35.695,False,200,
1787722096.396071,serverless,30.0,30.0,41.901,False,200,
1787722096.4294043,serverless,30.0,30.0,53.844,False,200,
1787722096.4627376,serverless,30.0,30.0,61.951,False,200,
1787722096.4960709,serverless,30.0,30.0,68.278,False,200,
1787722096.5294044,serverless,30.0,30.0,63.315,False,200,
1787722096.5627377,serverless,30.0,30.0,52.52,False,200,
1787722096.596071,serverless,30.0,30.0,972.384,True,200,
1787722096.6294043,serverless,30.0,30.0,56.334,False,200,
1787722096.6627376,serverless,30.0,30.0,55.415,False,200,
1787722096.696071,serverless,30.0,30.0,45.573,False,200,
1787722096.7294042,serverless,30.0,30.0,42.593,False,200,
1787722096.7627378,serverless,30.0,30.0,58.875,False,200,
1787722096.796071,serverless,30.0,30.0,68.362,False,200,
1787722096.8294044,serverless,30.0,30.0,42.48,False,200,
1787722096.8627377,serverless,30.0,30.0,52.713,False,200,
1787722096.896071,serverless,30.0,30.0,43.794,False,200,
1787722096.9294043,serverless,30.0,30.0,57.314,False,200,
1787722096.9627376,serverless,30.0,30.0,42.053,False,200,
1787722096.9960709,serverless,30.0,30.0,43.324,False,200,
1787722097.0294044,serverless,30.0,30.0,54.502,False,200,
1787722097.0627377,serverless,30.0,30.0,38.323,False,200,
1787722097.096071,serverless,30.0,30.0,33.633,False,200,
1787722097.1294043,serverless,30.0,30.0,47.592,False,200,
1787722097.1627376,serverless,30.0,30.0,54.574,False,200,
1787722097.196071,serverless,30.0,30.0,38.499,False,200,
1787722097.2294042,serverless,30.0,30.0,44.6,False,200,
1787722097.2627378,serverless,30.0,30.0,35.647,False,200,
1787722097.296071,serverless,30.0,30.0,37.249,False,200,
1787722097.3294044,serverless,30.0,30.0,68.09,False,200,
1787722097.3627377,serverless,30.0,30.0,51.496,False,200,
1787722097.396071,serverless,30.0,30.0,68.792,False,200,
1787722097.4294043,serverless,30.0,30.0,36.382,False,200,
1787722097.4627376,serverless,30.0,30.0,33.179,False,200,
1787722097.4960709,serverless,30.0,30.0,38.471,False,200,
1787722097.5294044,serverless,30.0,30.0,49.099,False,200,
1787722097.5627377,serverless,30.0,30.0,62.445,False,200,
1787722097.596071,serverless,30.0,30.0,45.013,False,200,
1787722097.6294043,serverless,30.0,30.0,42.267,False,200,
1787722097.6627376,serverless,30.0,30.0,43.974,False,200,
1787722097.696071,serverless,30.0,30.0,58.295,False,200,
1787722097.7294042,serverless,30.0,30.0,42.575,False,200,
1787722097.7627378,serverless,30.0,30.0,61.597,False,200,
1787722097.796071,serverless,30.0,30.0,53.67,False,200,
1787722097.8294044,serverless,30.0,30.0,71.237,False,200,
1787722097.8627377,serverless,30.0,30.0,44.773,False,200,
1787722097.896071,serverless,30.0,30.0,62.741,False,200,
1787722097.9294043,serverless,30.0,30.0,46.826,False,200,
1787722097.9627376,serverless,30.0,30.0,57.868,False,200,
1787722097.9960709,serverless,30.0,30.0,49.11,False,200,
1787722098.0294044,serverless,30.0,30.0,61.849,False,200,
1787722098.0627377,serverless,30.0,30.0,38.79,False,200,
1787722098.096071,serverless,30.0,30.0,35.47,False,200,
1787722098.1294043,serverless,30.0,30.0,57.834,False,200,
1787722098.1627376,serverless,30.0,30.0,42.478,False,200,
1787722098.196071,serverless,30.0,30.0,41.553,False,200,
1787722098.2294042,serverless,30.0,30.0,33.615,False,200,
1787722098.2627378,serverless,30.0,30.0,48.74,False,200,
1787722098.296071,serverless,30.0,30.0,39.896,False,200,
1787722098.3294044,serverless,30.0,30.0,51.178,False,200,
1787722098.3627377,serverless,30.0,30.0,61.645,False,200,
1787722098.396071,serverless,30.0,30.0,42.811,False,200,
1787722098.4294043,serverless,30.0,30.0,60.22,False,200,
1787722098.4627376,serverless,30.0,30.0,32.424,False,200,
1787722098.4960709,serverless,30.0,30.0,53.873,False,200,
1787722098.5294044,serverless,30.0,30.0,58.927,False,200,
1787722098.5627377,serverless,30.0,30.0,66.914,False,200,
1787722098.596071,serverless,30.0,30.0,43.828,False,200,
1787722098.6294043,serverless,30.0,30.0,77.053,False,200,
1787722098.6627376,serverless,30.0,30.0,47.534,False,200,
1787722098.696071,serverless,30.0,30.0,60.682,False,200,
1787722098.7294042,serverless,30.0,30.0,72.163,False,200,
1787722098.7627378,serverless,30.0,30.0,50.876,False,200,
1787722098.796071,serverless,30.0,30.0,62.206,False,200,
1787722098.8294044,serverless,30.0,30.0,45.514,False,200,
1787722098.8627377,serverless,30.0,30.0,42.262,False,200,
1787722098.896071,serverless,30.0,30.0,57.221,False,200,
1787722098.9294043,serverless,30.0,30.0,38.445,False,200,
1787722098.9627376,serverless,30.0,30.0,48.267,False,200,
1787722098.9960709,serverless,30.0,30.0,59.295,False,200,
1787722099.0294044,serverless,30.0,30.0,62.418,False,200,
1787722099.0627377,serverless,30.0,30.0,64.15,False,200,
1787722099.096071,serverless,30.0,30.0,42.759,False,200,
1787722099.1294043,serverless,30.0,30.0,46.169,False,200,
1787722099.1627376,serverless,30.0,30.0,48.917,False,200,
1787722099.196071,serverless,30.0,30.0,55.28,False,200,
1787722099.2294042,serverless,30.0,30.0,60.742,False,200,
1787722099.2627378,serverless,30.0,30.0,49.639,False,200,
1787722099.296071,serverless,30.0,30.0,43.597,False,200,
1787722099.3294044,serverless,30.0,30.0,60.853,False,200,
1787722099.3627377,serverless,30.0,30.0,42.389,False,200,
1787722099.396071,serverless,30.0,30.0,38.715,False,200,
1787722099.4294043,serverless,30.0,30.0,29.043,False,200,
1787722099.4627376,serverless,30.0,30.0,50.903,False,200,
1787722099.4960709,serverless,30.0,30.0,53.448,False,200,
1787722099.5294044,serverless,30.0,30.0,40.481,False,200,
1787722099.5627377,serverless,30.0,30.0,42.641,False,200,
1787722099.596071,serverless,30.0,30.0,43.871,False,200,
1787722099.6294043,serverless,30.0,30.0,37.175,False,200,
1787722099.6627376,serverless,30.0,30.0,47.179,False,200,
1787722099.696071,serverless,30.0,30.0,63.052,False,200,
1787722099.7294042,serverless,30.0,30.0,63.152,False,200,
1787722099.7627378,serverless,30.0,30.0,54.548,False,200,
1787722099.796071,serverless,30.0,30.0,41.935,False,200,
1787722099.8294044,serverless,30.0,30.0,60.433,False,200,
1787722099.8627377,serverless,30.0,30.0,53.196,False,200,
1787722099.896071,serverless,30.0,30.0,54.335,False,200,
1787722099.9294043,serverless,30.0,30.0,40.97,False,200,
1787722099.9627376,serverless,30.0,30.0,57.549,False,200,
1787722099.9960709,serverless,30.0,30.0,60.523,False,200,
1787722100.0294044,serverless,30.0,30.0,59.813,False,200,
1787722100.0627377,serverless,30.0,30.0,73.212,False,200,
1787722100.096071,serverless,30.0,30.0,59.734,False,200,
1787722100.1294043,serverless,30.0,30.0,59.232,False,200,
1787722100.1627376,serverless,30.0,30.0,72.885,False,200,
1787722100.196071,serverless,30.0,30.0,54.771,False,200,
1787722100.2294042,serverless,30.0,30.0,46.774,False,200,
1787722100.2627378,serverless,30.0,30.0,50.925,False,200,
1787722100.296071,serverless,30.0,30.0,52.711,False,200,
1787722100.3294044,serverless,30.0,30.0,53.118,False,200,
1787722100.3627377,serverless,30.0,30.0,48.524,False,200,
1787722100.396071,serverless,30.0,30.0,78.088,False,200,
1787722100.4294043,serverless,30.0,30.0,61.022,False,200,
1787722100.4627376,serverless,30.0,30.0,49.183,False,200,
1787722100.4960709,serverless,30.0,30.0,36.884,False,200,
1787722100.5294044,serverless,30.0,30.0,37.083,False,200,
1787722100.5627377,serverless,30.0,30.0,65.266,False,200,
1787722100.596071,serverless,30.0,30.0,42.586,False,200,
1787722100.6294043,serverless,30.0,30.0,42.556,False,200,
1787722100.6627376,serverless,30.0,30.0,54.206,False,200,
1787722100.696071,serverless,30.0,30.0,53.586,False,200,
1787722100.7294042,serverless,30.0,30.0,54.931,False,200,
1787722100.7627378,serverless,30.0,30.0,56.767,False,200,
1787722100.796071,serverless,30.0,30.0,38.551,False,200,
1787722100.8294044,serverless,30.0,30.0,57.943,False,200,
1787722100.8627377,serverless,30.0,30.0,46.127,False,200,
1787722100.896071,serverless,30.0,30.0,52.098,False,200,
1787722100.9294043,serverless,30.0,30.0,39.572,False,200,
1787722100.9627376,serverless,30.0,30.0,52.977,False,200,
1787722100.9960709,serverless,30.0,30.0,69.675,False,200,
1787722101.0294044,serverless,30.0,30.0,59.861,False,200,
1787722101.0627377,serverless,30.0,30.0,42.152,False,200,
1787722101.096071,serverless,30.0,30.0,58.765,False,200,
1787722101.1294043,serverless,30.0,30.0,40.834,False,200,
1787722101.1627376,serverless,30.0,30.0,36.242,False,200,
1787722101.196071,serverless,30.0,30.0,50.892,False,200,
1787722101.2294042,serverless,30.0,30.0,51.278,False,200,
1787722101.2627378,serverless,30.0,30.0,52.16,False,200,
1787722101.296071,serverless,30.0,30.0,49.553,False,200,
1787722101.3294044,serverless,30.0,30.0,48.346,False,200,
1787722101.3627377,serverless,30.0,30.0,52.264,False,200,
1787722101.396071,serverless,30.0,30.0,29.545,False,200,
1787722101.4294043,serverless,30.0,30.0,35.541,False,200,
1787722101.4627376,serverless,30.0,30.0,52.423,False,200,
1787722101.4960709,serverless,30.0,30.0,49.599,False,200,
1787722101.5294044,serverless,30.0,30.0,35.819,False,200,
1787722101.5627377,serverless,30.0,30.0,46.909,False,200,
1787722101.596071,serverless,30.0,30.0,54.118,False,200,
1787722101.6294043,serverless,30.0,30.0,62.932,False,200,
1787722101.6627376,serverless,30.0,30.0,81.972,False,200,
1787722101.696071,serverless,30.0,30.0,47.914,False,200,
1787722101.7294042,serverless,30.0,30.0,56.495,False,200,
1787722101.7627378,serverless,30.0,30.0,59.968,False,200,
1787722101.796071,serverless,30.0,30.0,57.926,False,200,
1787722101.8294044,serverless,30.0,30.0,46.024,False,200,
1787722101.8627377,serverless,30.0,30.0,40.506,False,200,
1787722101.896071,serverless,30.0,30.0,48.048,False,200,
1787722101.9294043,serverless,30.0,30.0,70.566,False,200,
1787722101.9627376,serverless,30.0,30.0,45.782,False,200,
1787722101.9960709,serverless,30.0,30.0,46.285,False,200,
1787722102.0294044,serverless,30.0,30.0,45.361,False,200,
1787722102.0627377,serverless,30.0,30.0,51.715,False,200,
1787722102.096071,serverless,30.0,30.0,40.989,False,200,
1787722102.1294043,serverless,30.0,30.0,42.249,False,200,
1787722102.1627376,serverless,30.0,30.0,51.988,False,200,
1787722102.196071,serverless,30.0,30.0,39.687,False,200,
1787722102.2294042,serverless,30.0,30.0,48.934,False,200,
1787722102.2627378,serverless,30.0,30.0,54.337,False,200,
1787722102.296071,serverless,30.0,30.0,32.682,False,200,
1787722102.3294044,serverless,30.0,30.0,81.527,False,200,
1787722102.3627377,serverless,30.0,30.0,57.603,False,200,
1787722102.396071,serverless,30.0,30.0,58.723,False,200,
1787722102.4294043,serverless,30.0,30.0,71.167,False,200,
1787722102.4627376,serverless,30.0,30.0,46.613,False,200,
1787722102.4960709,serverless,30.0,30.0,47.712,False,200,
1787722102.5294044,serverless,30.0,30.0,62.14,False,200,
1787722102.5627377,serverless,30.0,30.0,70.489,False,200,
1787722102.596071,serverless,30.0,30.0,41.943,False,200,
1787722102.6294043,serverless,30.0,30.0,43.789,False,200,
1787722102.6627376,serverless,30.0,30.0,64.15,False,200,
1787722102.696071,serverless,30.0,30.0,52.654,False,200,
1787722102.7294042,serverless,30.0,30.0,73.574,False,200,
1787722102.7627378,serverless,30.0,30.0,50.158,False,200,
1787722102.796071,serverless,30.0,30.0,52.726,False,200,
1787722102.8294044,serverless,30.0,30.0,36.368,False,200,
1787722102.8627377,serverless,30.0,30.0,53.466,False,200,
1787722102.896071,serverless,30.0,30.0,57.973,False,200,
1787722102.9294043,serverless,30.0,30.0,33.677,False,200,
1787722102.9627376,serverless,30.0,30.0,40.579,False,200,
1787722102.9960709,serverless,30.0,30.0,46.377,False,200,
1787722103.0294044,serverless,30.0,30.0,46.74,False,200,
1787722103.0627377,serverless,30.0,30.0,54.392,False,200,
1787722103.096071,serverless,30.0,30.0,56.573,False,200,
1787722103.1294043,serverless,30.0,30.0,50.446,False,200,
1787722103.1627376,serverless,30.0,30.0,47.534,False,200,
1787722103.196071,serverless,30.0,30.0,45.886,False,200,
1787722103.2294042,serverless,30.0,30.0,51.079,False,200,
1787722103.2627378,serverless,30.0,30.0,47.056,False,200,
1787722103.296071,serverless,30.0,30.0,37.593,False,200,
1787722103.3294044,serverless,30.0,30.0,76.938,False,200,
1787722103.3627377,serverless,30.0,30.0,60.924,False,200,
1787722103.396071,serverless,30.0,30.0,35.141,False,200,
1787722103.4294043,serverless,30.0,30.0,43.918,False,200,
1787722103.4627376,serverless,30.0,30.0,65.784,False,200,
1787722103.4960709,serverless,30.0,30.0,64.263,False,200,
1787722103.5294044,serverless,30.0,30.0,42.847,False,200,
1787722103.5627377,serverless,30.0,30.0,57.566,False,200,
1787722103.596071,serverless,30.0,30.0,61.042,False,200,
1787722103.6294043,serverless,30.0,30.0,56.629,False,200,
1787722103.6627376,serverless,30.0,30.0,39.717,False,200,
1787722103.696071,serverless,30.0,30.0,53.092,False,200,
1787722103.7294042,serverless,30.0,30.0,42.145,False,200,
1787722103.7627378,serverless,30.0,30.0,56.58,False,200,
1787722103.796071,serverless,30.0,30.0,48.067,False,200,
1787722103.8294044,serverless,30.0,30.0,50.862,False,200,
1787722103.8627377,serverless,30.0,30.0,49.286,False,200,
1787722103.896071,serverless,30.0,30.0,39.536,False,200,
1787722103.9294043,serverless,30.0,30.0,53.965,False,200,
1787722103.9627376,serverless,30.0,30.0,59.983,False,200,
1787722103.9960709,serverless,30.0,30.0,55.958,False,200,
1787722104.0294044,serverless,30.0,30.0,57.61,False,200,
1787722104.0627377,serverless,30.0,30.0,45.447,False,200,
1787722104.096071,serverless,30.0,30.0,42.019,False,200,
1787722104.1294043,serverless,30.0,30.0,54.601,False,200,
1787722104.1627376,serverless,30.0,30.0,46.481,False,200,
1787722104.196071,serverless,30.0,30.0,51.335,False,200,
1787722104.2294042,serverless,30.0,30.0,46.75,False,200,
1787722104.2627378,serverless,30.0,30.0,64.969,False,200,
1787722104.296071,serverless,30.0,30.0,50.407,False,200,
1787722104.3294044,serverless,30.0,30.0,49.391,False,200,
1787722104.3627377,serverless,30.0,30.0,50.357,False,200,
1787722104.396071,serverless,30.0,30.0,50.143,False,200,
1787722104.4294043,serverless,30.0,30.0,59.68,False,200,
1787722104.4627376,serverless,30.0,30.0,57.661,False,200,
1787722104.4960709,serverless,30.0,30.0,52.799,False,200,
1787722104.5294044,serverless,30.0,30.0,40.207,False,200,
1787722104.5627377,serverless,30.0,30.0,70.579,False,200,
1787722104.596071,serverless,30.0,30.0,40.829,False,200,
1787722104.6294043,serverless,30.0,30.0,56.742,False,200,
1787722104.6627376,serverless,30.0,30.0,46.725,False,200,
1787722104.696071,serverless,30.0,30.0,51.895,False,200,
1787722104.7294042,serverless,30.0,30.0,45.086,False,200,
1787722104.7627378,serverless,30.0,30.0,51.353,False,200,
1787722104.796071,serverless,30.0,30.0,48.29,False,200,
1787722104.8294044,serverless,30.0,30.0,48.368,False,200,
1787722104.8627377,serverless,30.0,30.0,49.955,False,200,
1787722104.896071,serverless,30.0,30.0,56.065,False,200,
1787722104.9294043,serverless,30.0,30.0,74.799,False,200,
1787722104.9627376,serverless,30.0,30.0,61.588,False,200,
1787722104.9960709,serverless,30.0,30.0,42.969,False,200,
1787722105.0294044,serverless,30.0,30.0,63.157,False,200,
1787722105.0627377,serverless,30.0,30.0,36.446,False,200,
1787722105.096071,serverless,30.0,30.0,58.518,False,200,
1787722105.1294043,serverless,30.0,30.0,59.772,False,200,
1787722105.1627376,serverless,30.0,30.0,46.051,False,200,
1787722105.196071,serverless,30.0,30.0,51.523,False,200,
1787722105.2294042,serverless,30.0,30.0,39.727,False,200,
1787722105.2627378,serverless,30.0,30.0,48.584,False,200,
1787722105.296071,serverless,30.0,30.0,30.864,False,200,
1787722105.3294044,serverless,30.0,30.0,38.893,False,200,
1787722105.3627377,serverless,30.0,30.0,52.439,False,200,
1787722105.396071,serverless,30.0,30.0,949.657,True,200,
1787722105.4294043,serverless,30.0,30.0,76.428,False,200,
1787722105.4627376,serverless,30.0,30.0,56.914,False,200,
1787722105.4960709,serverless,30.0,30.0,57.32,False,200,
1787722105.5294044,serverless,30.0,30.0,48.386,False,200,
1787722105.5627377,serverless,30.0,30.0,45.191,False,200,
1787722105.596071,serverless,30.0,30.0,41.9,False,200,
1787722105.6294043,serverless,30.0,30.0,49.052,False,200,
1787722105.6627376,serverless,30.0,30.0,1366.545,True,200,
1787722105.696071,serverless,30.0,30.0,38.143,False,200,
1787722105.7294042,serverless,30.0,30.0,51.395,False,200,
1787722105.7627378,serverless,30.0,30.0,31.966,False,200,
1787722105.796071,serverless,30.0,30.0,50.654,False,200,
1787722105.8294044,serverless,30.0,30.0,42.318,False,200,
1787722105.8627377,serverless,30.0,30.0,46.76,False,200,
1787722105.896071,serverless,30.0,30.0,52.366,False,200,
1787722105.9294043,serverless,30.0,30.0,62.258,False,200,
1787722105.9627376,serverless,30.0,30.0,50.611,False,200,
1787722105.9960709,serverless,30.0,30.0,50.384,False,200,
1787722106.0294044,serverless,30.0,30.0,50.41,False,200,
1787722106.0627377,serverless,30.0,30.0,55.609,False,200,
1787722106.096071,serverless,30.0,30.0,40.748,False,200,
1787722106.1294043,serverless,30.0,30.0,45.514,False,200,
1787722106.1627376,serverless,30.0,30.0,67.215,False,200,
1787722106.196071,serverless,30.0,30.0,49.973,False,200,
1787722106.2294042,serverless,30.0,30.0,66.929,False,200,
1787722106.2627378,serverless,30.0,30.0,71.338,False,200,
1787722106.296071,serverless,30.0,30.0,43.86,False,200,
1787722106.3294044,serverless,30.0,30.0,66.927,False,200,
1787722106.3627377,serverless,30.0,30.0,57.77,False,200,
1787722106.396071,serverless,30.0,30.0,56.341,False,200,
1787722106.4294043,serverless,30.0,30.0,66.449,False,200,
1787722106.4627376,serverless,30.0,30.0,60.193,False,200,
1787722106.4960709,serverless,30.0,30.0,56.539,False,200,
1787722106.5294044,serverless,30.0,30.0,57.447,False,200,
1787722106.5627377,serverless,30.0,30.0,62.002,False,200,
1787722106.596071,serverless,30.0,30.0,43.561,False,200,
1787722106.6294043,serverless,30.0,30.0,43.326,False,200,
1787722106.6627376,serverless,30.0,30.0,39.345,False,200,
1787722106.696071,serverless,30.0,30.0,44.892,False,200,
1787722106.7294042,serverless,30.0,30.0,48.739,False,200,
1787722106.7627378,serverless,30.0,30.0,45.132,False,200,
1787722106.796071,serverless,30.0,30.0,54.624,False,200,
1787722106.8294044,serverless,30.0,30.0,40.338,False,200,
1787722106.8627377,serverless,30.0,30.0,49.821,False,200,
1787722106.896071,serverless,30.0,30.0,55.622,False,200,
1787722106.9294043,serverless,30.0,30.0,45.721,False,200,
1787722106.9627376,serverless,30.0,30.0,43.772,False,200,
1787722106.9960709,serverless,30.0,30.0,38.238,False,200,
1787722107.0294044,serverless,30.0,30.0,52.772,False,200,
1787722107.0627377,serverless,30.0,30.0,69.507,False,200,
1787722107.096071,serverless,30.0,30.0,41.481,False,200,
1787722107.1294043,serverless,30.0,30.0,58.262,False,200,
1787722107.1627376,serverless,30.0,30.0,56.063,False,200,
1787722107.196071,serverless,30.0,30.0,48.419,False,200,
1787722107.2294042,serverless,30.0,30.0,42.366,False,200,
1787722107.2627378,serverless,30.0,30.0,62.576,False,200,
1787722107.296071,serverless,30.0,30.0,57.378,False,200,
1787722107.3294044,serverless,30.0,30.0,58.347,False,200,
1787722107.3627377,serverless,30.0,30.0,41.338,False,200,
1787722107.396071,serverless,30.0,30.0,44.761,False,200,
1787722107.4294043,serverless,30.0,30.0,55.792,False,200,
1787722107.4627376,serverless,30.0,30.0,38.948,False,200,
1787722107.4960709,serverless,30.0,30.0,46.521,False,200,
1787722107.5294044,serverless,30.0,30.0,41.725,False,200,
1787722107.5627377,serverless,30.0,30.0,53.508,False,200,
1787722107.596071,serverless,30.0,30.0,79.092,False,200,
1787722107.6294043,serverless,30.0,30.0,42.86,False,200,
1787722107.6627376,serverless,30.0,30.0,35.733,False,200,
1787722107.696071,serverless,30.0,30.0,50.176,False,200,
1787722107.7294042,serverless,30.0,30.0,44.534,False,200,
1787722107.7627378,serverless,30.0,30.0,53.693,False,200,
1787722107.796071,serverless,30.0,30.0,47.567,False,200,
1787722107.8294044,serverless,30.0,30.0,26.82,False,200,
1787722107.8627377,serverless,30.0,30.0,54.842,False,200,
1787722107.896071,serverless,30.0,30.0,46.354,False,200,
1787722107.9294043,serverless,30.0,30.0,41.254,False,200,
1787722107.9627376,serverless,30.0,30.0,59.508,False,200,
1787722107.9960709,serverless,30.0,30.0,36.243,False,200,
1787722108.0294044,serverless,30.0,30.0,43.254,False,200,
1787722108.0627377,serverless,30.0,30.0,59.071,False,200,
1787722108.096071,serverless,30.0,30.0,36.903,False,200,
1787722108.1294043,serverless,30.0,30.0,56.666,False,200,
1787722108.1627376,serverless,30.0,30.0,49.371,False,200,
1787722108.196071,serverless,30.0,30.0,54.71,False,200,
1787722108.2294042,serverless,30.0,30.0,61.872,False,200,
1787722108.2627378,serverless,30.0,30.0,40.003,False,200,
1787722108.296071,serverless,30.0,30.0,65.18,False,200,
1787722108.3294044,serverless,30.0,30.0,39.388,False,200,
1787722108.3627377,serverless,30.0,30.0,34.47,False,200,
1787722108.396071,serverless,30.0,30.0,45.992,False,200,
1787722108.4294043,serverless,30.0,30.0,52.307,False,200,
1787722108.4627376,serverless,30.0,30.0,54.427,False,200,
1787722108.4960709,serverless,30.0,30.0,69.731,False,200,
1787722108.5294044,serverless,30.0,30.0,25.665,False,200,
1787722108.5627377,serverless,30.0,30.0,45.392,False,200,
1787722108.596071,serverless,30.0,30.0,46.243,False,200,
1787722108.6294043,serverless,30.0,30.0,59.216,False,200,
1787722108.6627376,serverless,30.0,30.0,53.941,False,200,
1787722108.696071,serverless,30.0,30.0,67.051,False,200,
1787722108.7294042,serverless,30.0,30.0,57.051,False,200,
1787722108.7627378,serverless,30.0,30.0,40.268,False,200,
1787722108.796071,serverless,30.0,30.0,39.447,False,200,
1787722108.8294044,serverless,30.0,30.0,40.861,False,200,
1787722108.8627377,serverless,30.0,30.0,37.794,False,200,
1787722108.896071,serverless,30.0,30.0,63.094,False,200,
1787722108.9294043,serverless,30.0,30.0,56.657,False,200,
1787722108.9627376,serverless,30.0,30.0,66.747,False,200,
1787722108.9960709,serverless,30.0,30.0,46.616,False,200,
1787722109.0294044,serverless,30.0,30.0,52.882,False,200,
1787722109.0627377,serverless,30.0,30.0,60.632,False,200,
1787722109.096071,serverless,30.0,30.0,50.802,False,200,
1787722109.1294043,serverless,30.0,30.0,64.422,False,200,
1787722109.1627376,serverless,30.0,30.0,53.515,False,200,
1787722109.196071,serverless,30.0,30.0,62.052,False,200,
1787722109.2294042,serverless,30.0,30.0,46.87,False,200,
1787722109.2627378,serverless,30.0,30.0,44.575,False,200,
1787722109.296071,serverless,30.0,30.0,45.669,False,200,
1787722109.3294044,serverless,30.0,30.0,46.737,False,200,
1787722109.3627377,serverless,30.0,30.0,41.065,False,200,
1787722109.396071,serverless,30.0,30.0,59.779,False,200,
1787722109.4294043,serverless,30.0,30.0,38.579,False,200,
1787722109.4627376,serverless,30.0,30.0,75.995,False,200,
1787722109.4960709,serverless,30.0,30.0,45.985,False,200,
1787722109.5294044,serverless,30.0,30.0,50.577,False,200,
1787722109.5627377,serverless,30.0,30.0,34.798,False,200,
1787722109.596071,serverless,30.0,30.0,48.024,False,200,
1787722109.6294043,serverless,30.0,30.0,700.792,True,200,
1787722109.6627376,serverless,30.0,30.0,41.896,False,200,
1787722109.696071,serverless,30.0,30.0,40.882,False,200,
1787722109.7294042,serverless,30.0,30.0,72.106,False,200,
1787722109.7627378,serverless,30.0,30.0,48.594,False,200,
1787722109.796071,serverless,30.0,30.0,57.664,False,200,
1787722109.8294044,serverless,30.0,30.0,51.639,False,200,
1787722109.8627377,serverless,30.0,30.0,48.946,False,200,
1787722109.896071,serverless,30.0,30.0,44.225,False,200,
1787722109.9294043,serverless,30.0,30.0,40.052,False,200,
1787722109.9627376,serverless,30.0,30.0,35.952,False,200,
1787722109.9960709,serverless,30.0,30.0,55.437,False,200,
1787722110.0294044,serverless,30.0,30.0,50.085,False,200,
1787722110.0627377,serverless,30.0,30.0,34.59,False,200,
1787722110.096071,serverless,30.0,30.0,76.23,False,200,
1787722110.1294043,serverless,30.0,30.0,37.484,False,200,
1787722110.1627376,serverless,30.0,30.0,47.084,False,200,
1787722110.196071,serverless,30.0,30.0,52.692,False,200,
1787722110.2294042,serverless,30.0,30.0,41.882,False,200,
1787722110.2627378,serverless,30.0,30.0,55.611,False,200,
1787722110.296071,serverless,30.0,30.0,36.805,False,200,
1787722110.3294044,serverless,30.0,30.0,41.781,False,200,
1787722110.3627377,serverless,30.0,30.0,33.889,False,200,
1787722110.396071,serverless,30.0,30.0,41.405,False,200,
1787722110.4294043,serverless,30.0,30.0,37.323,False,200,
1787722110.4627376,serverless,30.0,30.0,39.379,False,200,
1787722110.4960709,serverless,30.0,30.0,46.808,False,200,
1787722110.5294044,serverless,30.0,30.0,60.027,False,200,
1787722110.5627377,serverless,30.0,30.0,42.039,False,200,
1787722110.596071,serverless,30.0,30.0,46.123,False,200,
1787722110.6294043,serverless,30.0,30.0,55.963,False,200,
1787722110.6627376,serverless,30.0,30.0,42.002,False,200,
1787722110.696071,serverless,30.0,30.0,43.707,False,200,
1787722110.7294042,serverless,30.0,30.0,47.497,False,200,
1787722110.7627378,serverless,30.0,30.0,45.567,False,200,
1787722110.796071,serverless,30.0,30.0,56.388,False,200,
1787722110.8294044,serverless,30.0,30.0,61.923,False,200,
1787722110.8627377,serverless,30.0,30.0,56.086,False,200,
1787722110.896071,serverless,30.0,30.0,37.115,False,200,
1787722110.9294043,serverless,30.0,30.0,56.962,False,200,
1787722110.9627376,serverless,30.0,30.0,38.989,False,200,
1787722110.9960709,serverless,30.0,30.0,63.536,False,200,
1787722111.0294044,serverless,30.0,30.0,47.182,False,200,
1787722111.0627377,serverless,30.0,30.0,72.834,False,200,
1787722111.096071,serverless,30.0,30.0,46.215,False,200,
1787722111.1294043,serverless,30.0,30.0,44.018,False,200,
1787722111.1627376,serverless,30.0,30.0,41.514,False,200,
1787722111.196071,serverless,30.0,30.0,60.735,False,200,
1787722111.2294042,serverless,30.0,30.0,69.085,False,200,
1787722111.2627378,serverless,30.0,30.0,57.38,False,200,
1787722111.296071,serverless,30.0,30.0,54.304,False,200,
1787722111.3294044,serverless,30.0,30.0,65.616,False,200,
1787722111.3627377,serverless,30.0,30.0,60.956,False,200,
1787722111.396071,serverless,30.0,30.0,53.935,False,200,
1787722111.4294043,serverless,30.0,30.0,46.366,False,200,
1787722111.4627376,serverless,30.0,30.0,50.67,False,200,
1787722111.4960709,serverless,30.0,30.0,44.834,False,200,
1787722111.5294044,serverless,30.0,30.0,45.318,False,200,
1787722111.5627377,serverless,30.0,30.0,52.174,False,200,
1787722111.596071,serverless,30.0,30.0,41.691,False,200,
1787722111.6294043,serverless,30.0,30.0,47.439,False,200,
1787722111.6627376,serverless,30.0,30.0,47.792,False,200,
1787722111.696071,serverless,30.0,30.0,54.177,False,200,
1787722111.7294042,serverless,30.0,30.0,55.41,False,200,
1787722111.7627378,serverless,30.0,30.0,74.465,False,200,
1787722111.796071,serverless,30.0,30.0,66.971,False,200,
1787722111.8294044,serverless,30.0,30.0,46.671,False,200,
1787722111.8627377,serverless,30.0,30.0,54.043,False,200,
1787722111.896071,serverless,30.0,30.0,30.707,False,200,
1787722111.9294043,serverless,30.0,30.0,52.203,False,200,
1787722111.9627376,serverless,30.0,30.0,56.099,False,200,
1787722111.9960709,serverless,30.0,30.0,51.049,False,200,
1787722112.0294044,serverless,30.0,30.0,60.642,False,200,
1787722112.0627377,serverless,30.0,30.0,54.331,False,200,
1787722112.096071,serverless,30.0,30.0,63.029,False,200,
1787722112.1294043,serverless,30.0,30.0,55.97,False,200,
1787722112.1627376,serverless,30.0,30.0,59.262,False,200,
1787722112.196071,serverless,30.0,30.0,40.872,False,200,
1787722112.2294042,serverless,30.0,30.0,47.831,False,200,
1787722112.2627378,serverless,30.0,30.0,37.49,False,200,
1787722112.296071,serverless,30.0,30.0,52.681,False,200,
1787722112.3294044,serverless,30.0,30.0,45.471,False,200,
1787722112.3627377,serverless,30.0,30.0,35.484,False,200,
1787722112.396071,serverless,30.0,30.0,46.379,False,200,
1787722112.4294043,serverless,30.0,30.0,45.865,False,200,
1787722112.4627376,serverless,30.0,30.0,43.955,False,200,
1787722112.4960709,serverless,30.0,30.0,43.112,False,200,
1787722112.5294044,serverless,30.0,30.0,57.566,False,200,
1787722112.5627377,serverless,30.0,30.0,54.963,False,200,
1787722112.596071,serverless,30.0,30.0,50.033,False,200,
1787722112.6294043,serverless,30.0,30.0,37.782,False,200,
1787722112.6627376,serverless,30.0,30.0,43.153,False,200,
1787722112.696071,serverless,30.0,30.0,80.695,False,200,
1787722112.7294042,serverless,30.0,30.0,48.618,False,200,
1787722112.7627378,serverless,30.0,30.0,49.561,False,200,
1787722112.796071,serverless,30.0,30.0,61.912,False,200,
1787722112.8294044,serverless,30.0,30.0,50.622,False,200,
1787722112.8627377,serverless,30.0,30.0,38.097,False,200,
1787722112.896071,serverless,30.0,30.0,70.861,False,200,
1787722112.9294043,serverless,30.0,30.0,43.664,False,200,
1787722112.9627376,serverless,30.0,30.0,56.116,False,200,
1787722112.9960709,serverless,30.0,30.0,53.645,False,200,
1787722113.0294044,serverless,30.0,30.0,80.858,False,200,
1787722113.0627377,serverless,30.0,30.0,45.349,False,200,
1787722113.096071,serverless,30.0,30.0,68.199,False,200,
1787722113.1294043,serverless,30.0,30.0,52.876,False,200,
1787722113.1627376,serverless,30.0,30.0,51.261,False,200,
1787722113.196071,serverless,30.0,30.0,47.748,False,200,
1787722113.2294042,serverless,30.0,30.0,42.089,False,200,
1787722113.2627378,serverless,30.0,30.0,46.591,False,200,
1787722113.296071,serverless,30.0,30.0,71.754,False,200,
1787722113.3294044,serverless,30.0,30.0,33.003,False,200,
1787722113.3627377,serverless,30.0,30.0,62.409,False,200,
1787722113.396071,serverless,30.0,30.0,52.246,False,200,
1787722113.4294043,serverless,30.0,30.0,50.217,False,200,
1787722113.4627376,serverless,30.0,30.0,75.6,False,200,
1787722113.4960709,serverless,30.0,30.0,56.165,False,200,
1787722113.5294044,serverless,30.0,30.0,48.623,False,200,
1787722113.5627377,serverless,30.0,30.0,40.125,False,200,
1787722113.596071,serverless,30.0,30.0,49.303,False,200,
1787722113.6294043,serverless,30.0,30.0,48.535,False,200,
1787722113.6627376,serverless,30.0,30.0,73.238,False,200,
1787722113.696071,serverless,30.0,30.0,47.893,False,200,
1787722113.7294042,serverless,30.0,30.0,67.012,False,200,
1787722113.7627378,serverless,30.0,30.0,36.257,False,200,
1787722113.796071,serverless,30.0,30.0,57.312,False,200,
1787722113.8294044,serverless,30.0,30.0,55.446,False,200,
1787722113.8627377,serverless,30.0,30.0,59.801,False,200,
1787722113.896071,serverless,30.0,30.0,58.28,False,200,
1787722113.9294043,serverless,30.0,30.0,65.109,False,200,
1787722113.9627376,serverless,30.0,30.0,43.764,False,200,
1787722113.9960709,serverless,30.0,30.0,38.303,False,200,
1787722114.0294044,serverless,30.0,30.0,1563.993,True,200,
1787722114.0627377,serverless,30.0,30.0,54.009,False,200,
1787722114.096071,serverless,30.0,30.0,60.929,False,200,
1787722114.1294043,serverless,30.0,30.0,55.151,False,200,
1787722114.1627376,serverless,30.0,30.0,49.694,False,200,
1787722114.196071,serverless,30.0,30.0,46.285,False,200,
1787722114.2294042,serverless,30.0,30.0,37.468,False,200,
1787722114.2627378,serverless,30.0,30.0,66.732,False,200,
1787722114.296071,serverless,30.0,30.0,52.428,False,200,
1787722114.3294044,serverless,30.0,30.0,37.744,False,200,
1787722114.3627377,serverless,30.0,30.0,35.688,False,200,
1787722114.396071,serverless,30.0,30.0,45.151,False,200,
1787722114.4294043,serverless,30.0,30.0,58.281,False,200,
1787722114.4627376,serverless,30.0,30.0,65.557,False,200,
1787722114.4960709,serverless,30.0,30.0,36.999,False,200,
1787722114.5294044,serverless,30.0,30.0,76.795,False,200,
1787722114.5627377,serverless,30.0,30.0,62.523,False,200,
1787722114.596071,serverless,30.0,30.0,64.286,False,200,
1787722114.6294043,serverless,30.0,30.0,52.257,False,200,
1787722114.6627376,serverless,30.0,30.0,61.607,False,200,
1787722114.696071,serverless,30.0,30.0,38.359,False,200,
1787722114.7294042,serverless,30.0,30.0,61.913,False,200,
1787722114.7627378,serverless,30.0,30.0,53.652,False,200,
1787722114.796071,serverless,30.0,30.0,52.452,False,200,
1787722114.8294044,serverless,30.0,30.0,50.842,False,200,
1787722114.8627377,serverless,30.0,30.0,50.995,False,200,
1787722114.896071,serverless,30.0,30.0,50.134,False,200,
1787722114.9294043,serverless,30.0,30.0,34.261,False,200,
1787722114.9627376,serverless,30.0,30.0,71.711,False,200,
1787722114.9960709,serverless,30.0,30.0,59.501,False,200,
1787722115.0294044,serverless,30.0,30.0,59.983,False,200,
1787722115.0627377,serverless,30.0,30.0,53.879,False,200,
1787722115.096071,serverless,30.0,30.0,46.393,False,200,
1787722115.1294043,serverless,30.0,30.0,53.035,False,200,
1787722115.1627376,serverless,30.0,30.0,34.507,False,200,
1787722115.196071,serverless,30.0,30.0,46.516,False,200,
1787722115.2294042,serverless,30.0,30.0,43.392,False,200,
1787722115.2627378,serverless,30.0,30.0,52.533,False,200,
1787722115.296071,serverless,30.0,30.0,51.186,False,200,
1787722115.3294044,serverless,30.0,30.0,57.695,False,200,
1787722115.3627377,serverless,30.0,30.0,36.196,False,200,
1787722115.396071,serverless,30.0,30.0,33.198,False,200,
1787722115.4294043,serverless,30.0,30.0,55.318,False,200,
1787722115.4627376,serverless,30.0,30.0,52.453,False,200,
1787722115.4960709,serverless,30.0,30.0,68.618,False,200,
1787722115.5294044,serverless,30.0,30.0,64.608,False,200,
1787722115.5627377,serverless,30.0,30.0,58.66,False,200,
1787722115.596071,serverless,30.0,30.0,46.043,False,200,
1787722115.6294043,serverless,30.0,30.0,49.504,False,200,
1787722115.6627376,serverless,30.0,30.0,49.782,False,200,
1787722115.696071,serverless,30.0,30.0,52.559,False,200,
1787722115.7294042,serverless,30.0,30.0,50.492,False,200,
1787722115.7627378,serverless,30.0,30.0,58.272,False,200,
1787722115.796071,serverless,30.0,30.0,40.777,False,200,
1787722115.8294044,serverless,30.0,30.0,61.936,False,200,
1787722115.8627377,serverless,30.0,30.0,61.079,False,200,
1787722115.896071,serverless,30.0,30.0,38.205,False,200,
1787722115.9294043,serverless,30.0,30.0,35.596,False,200,
1787722115.9627376,serverless,30.0,30.0,44.669,False,200,
1787722115.9960709,serverless,30.0,30.0,52.591,False,200,
1787722116.0294044,serverless,30.0,30.0,46.698,False,200,
1787722116.0627377,serverless,30.0,30.0,43.641,False,200,
1787722116.096071,serverless,30.0,30.0,38.576,False,200,
1787722116.1294043,serverless,30.0,30.0,42.874,False,200,
1787722116.1627376,serverless,30.0,30.0,52.648,False,200,
1787722116.196071,serverless,30.0,30.0,42.331,False,200,
1787722116.2294042,serverless,30.0,30.0,46.096,False,200,
1787722116.2627378,serverless,30.0,30.0,50.819,False,200,
1787722116.296071,serverless,30.0,30.0,79.899,False,200,
1787722116.3294044,serverless,30.0,30.0,41.469,False,200,
1787722116.3627377,serverless,30.0,30.0,45.513,False,200,
1787722116.396071,serverless,30.0,30.0,57.372,False,200,
1787722116.4294043,serverless,30.0,30.0,64.913,False,200,
1787722116.4627376,serverless,30.0,30.0,42.068,False,200,
1787722116.4960709,serverless,30.0,30.0,60.989,False,200,
1787722116.5294044,serverless,30.0,30.0,52.282,False,200,
1787722116.5627377,serverless,30.0,30.0,50.415,False,200,
1787722116.596071,serverless,30.0,30.0,35.523,False,200,
1787722116.6294043,serverless,30.0,30.0,47.248,False,200,
1787722116.6627376,serverless,30.0,30.0,55.863,False,200,
1787722116.696071,serverless,30.0,30.0,58.412,False,200,
1787722116.7294042,serverless,30.0,30.0,41.994,False,200,
1787722116.7627378,serverless,30.0,30.0,41.441,False,200,
1787722116.796071,serverless,30.0,30.0,39.282,False,200,
1787722116.8294044,serverless,30.0,30.0,42.425,False,200,
1787722116.8627377,serverless,30.0,30.0,49.74,False,200,
1787722116.896071,serverless,30.0,30.0,868.112,True,200,
1787722116.9294043,serverless,30.0,30.0,31.535,False,200,
1787722116.9627376,serverless,30.0,30.0,59.788,False,200,
1787722116.9960709,serverless,30.0,30.0,72.619,False,200,
1787722117.0294044,serverless,30.0,30.0,47.275,False,200,
1787722117.0627377,serverless,30.0,30.0,43.824,False,200,
1787722117.096071,serverless,30.0,30.0,45.478,False,200,
1787722117.1294043,serverless,30.0,30.0,70.537,False,200,
1787722117.1627376,serverless,30.0,30.0,52.73,False,200,
1787722117.196071,serverless,30.0,30.0,49.387,False,200,
1787722117.2294042,serverless,30.0,30.0,40.414,False,200,
1787722117.2627378,serverless,30.0,30.0,38.066,False,200,
1787722117.296071,serverless,30.0,30.0,56.903,False,200,
1787722117.3294044,serverless,30.0,30.0,56.287,False,200,
1787722117.3627377,serverless,30.0,30.0,792.657,True,200,
1787722117.396071,serverless,30.0,30.0,54.013,False,200,
1787722117.4294043,serverless,30.0,30.0,44.417,False,200,
1787722117.4627376,serverless,30.0,30.0,52.462,False,200,
1787722117.4960709,serverless,30.0,30.0,38.195,False,200,
1787722117.5294044,serverless,30.0,30.0,52.434,False,200,
1787722117.5627377,serverless,30.0,30.0,74.713,False,200,
1787722117.596071,serverless,30.0,30.0,61.298,False,200,
1787722117.6294043,serverless,30.0,30.0,56.998,False,200,
1787722117.6627376,serverless,30.0,30.0,45.091,False,200,
1787722117.696071,serverless,30.0,30.0,64.741,False,200,
1787722117.7294042,serverless,30.0,30.0,50.117,False,200,
1787722117.7627378,serverless,30.0,30.0,46.857,False,200,
1787722117.796071,serverless,30.0,30.0,80.471,False,200,
1787722117.8294044,serverless,30.0,30.0,60.93,False,200,
1787722117.8627377,serverless,30.0,30.0,41.164,False,200,
1787722117.896071,serverless,30.0,30.0,59.759,False,200,
1787722117.9294043,serverless,30.0,30.0,75.654,False,200,
1787722117.9627376,serverless,30.0,30.0,51.757,False,200,
1787722117.9960709,serverless,30.0,30.0,49.524,False,200,
1787722118.0294044,serverless,30.0,30.0,41.471,False,200,
1787722118.0627377,serverless,30.0,30.0,61.766,False,200,
1787722118.096071,serverless,30.0,30.0,43.964,False,200,
1787722118.1294043,serverless,30.0,30.0,44.344,False,200,
1787722118.1627376,serverless,30.0,30.0,41.999,False,200,
1787722118.196071,serverless,30.0,30.0,61.599,False,200,
1787722118.2294042,serverless,30.0,30.0,56.354,False,200,
1787722118.2627378,serverless,30.0,30.0,49.914,False,200,
1787722118.296071,serverless,30.0,30.0,42.814,False,200,
1787722118.3294044,serverless,30.0,30.0,51.531,False,200,
1787722118.3627377,serverless,30.0,30.0,46.373,False,200,
1787722118.396071,serverless,30.0,30.0,52.683,False,200,
1787722118.4294043,serverless,30.0,30.0,45.028,False,200,
1787722118.4627376,serverless,30.0,30.0,54.01,False,200,
1787722118.4960709,serverless,30.0,30.0,52.284,False,200,
1787722118.5294044,serverless,30.0,30.0,40.28,False,200,
1787722118.5627377,serverless,30.0,30.0,40.146,False,200,
1787722118.596071,serverless,30.0,30.0,55.237,False,200,
1787722118.6294043,serverless,30.0,30.0,47.035,False,200,
1787722118.6627376,serverless,30.0,30.0,26.485,False,200,
1787722118.696071,serverless,30.0,30.0,44.188,False,200,
1787722118.7294042,serverless,30.0,30.0,50.583,False,200,
1787722118.7627378,serverless,30.0,30.0,51.382,False,200,
1787722118.796071,serverless,30.0,30.0,55.875,False,200,
1787722118.8294044,serverless,30.0,30.0,49.735,False,200,
1787722118.8627377,serverless,30.0,30.0,54.264,False,200,
1787722118.896071,serverless,30.0,30.0,62.208,False,200,
1787722118.9294043,serverless,30.0,30.0,48.487,False,200,
1787722118.9627376,serverless,30.0,30.0,70.165,False,200,
1787722118.9960709,serverless,30.0,30.0,44.824,False,200,
1787722119.0294044,serverless,30.0,30.0,43.398,False,200,
1787722119.0627377,serverless,30.0,30.0,36.787,False,200,
1787722119.096071,serverless,30.0,30.0,44.295,False,200,
1787722119.1294043,serverless,30.0,30.0,26.738,False,200,
1787722119.1627376,serverless,30.0,30.0,51.084,False,200,
1787722119.196071,serverless,30.0,30.0,32.156,False,200,
1787722119.2294042,serverless,30.0,30.0,53.45,False,200,
1787722119.2627378,serverless,30.0,30.0,47.919,False,200,
1787722119.296071,serverless,30.0,30.0,38.136,False,200,
1787722119.3294044,serverless,30.0,30.0,40.596,False,200,
1787722119.3627377,serverless,30.0,30.0,42.551,False,200,
1787722119.396071,serverless,30.0,30.0,42.051,False,200,
1787722119.4294043,serverless,30.0,30.0,41.778,False,200,
1787722119.4627376,serverless,30.0,30.0,67.187,False,200,
1787722119.4960709,serverless,30.0,30.0,58.277,False,200,
1787722119.5294044,serverless,30.0,30.0,66.362,False,200,
1787722119.5627377,serverless,30.0,30.0,54.137,False,200,
1787722119.596071,serverless,30.0,30.0,44.177,False,200,
1787722119.6294043,serverless,30.0,30.0,56.69,False,200,
1787722119.6627376,serverless,30.0,30.0,50.266,False,200,
1787722119.696071,serverless,30.0,30.0,62.044,False,200,
1787722119.7294042,serverless,30.0,30.0,51.646,False,200,
1787722119.7627378,serverless,30.0,30.0,55.029,False,200,
1787722119.796071,serverless,30.0,30.0,44.779,False,200,
1787722119.8294044,serverless,30.0,30.0,62.018,False,200,
1787722119.8627377,serverless,30.0,30.0,49.054,False,200,
1787722119.896071,serverless,30.0,30.0,51.541,False,200,
1787722119.9294043,serverless,30.0,30.0,38.496,False,200,
1787722119.9627376,serverless,30.0,30.0,58.624,False,200,
1787722119.9960709,serverless,30.0,30.0,54.99,False,200,
1787722120.0294044,serverless,30.0,30.0,87.799,False,200,
1787722120.0627377,serverless,30.0,30.0,44.272,False,200,
1787722120.096071,serverless,30.0,30.0,55.367,False,200,
1787722120.1294043,serverless,30.0,30.0,38.649,False,200,
1787722120.1627376,serverless,30.0,30.0,69.187,False,200,
1787722120.196071,serverless,30.0,30.0,42.405,False,200,
1787722120.2294042,serverless,30.0,30.0,68.25,False,200,
1787722120.2627378,serverless,30.0,30.0,51.337,False,200,
1787722120.296071,serverless,30.0,30.0,59.655,False,200,
1787722120.3294044,serverless,30.0,30.0,45.313,False,200,
1787722120.3627377,serverless,30.0,30.0,45.603,False,200,
1787722120.396071,serverless,30.0,30.0,47.551,False,200,
1787722120.4294043,serverless,30.0,30.0,53.074,False,200,
1787722120.4627376,serverless,30.0,30.0,53.208,False,200,
1787722120.4960709,serverless,30.0,30.0,67.245,False,200,
1787722120.5294044,serverless,30.0,30.0,44.954,False,200,
1787722120.5627377,serverless,30.0,30.0,41.639,False,200,
1787722120.596071,serverless,30.0,30.0,52.58,False,200,
1787722120.6294043,serverless,30.0,30.0,58.877,False,200,
1787722120.6627376,serverless,30.0,30.0,49.897,False,200,
1787722120.696071,serverless,30.0,30.0,64.731,False,200,
1787722120.7294042,serverless,30.0,30.0,54.44,False,200,
1787722120.7627378,serverless,30.0,30.0,41.181,False,200,
1787722120.796071,serverless,30.0,30.0,63.571,False,200,
1787722120.8294044,serverless,30.0,30.0,42.652,False,200,
1787722120.8627377,serverless,30.0,30.0,46.614,False,200,
1787722120.896071,serverless,30.0,30.0,46.986,False,200,
1787722120.9294043,serverless,30.0,30.0,54.804,False,200,
1787722120.9627376,serverless,30.0,30.0,36.515,False,200,
1787722120.9960709,serverless,30.0,30.0,49.24,False,200,
1787722121.0294044,serverless,30.0,30.0,43.957,False,200,
1787722121.0627377,serverless,30.0,30.0,39.585,False,200,
1787722121.096071,serverless,30.0,30.0,47.609,False,200,
1787722121.1294043,serverless,30.0,30.0,52.837,False,200,
1787722121.1627376,serverless,30.0,30.0,43.351,False,200,
1787722121.196071,serverless,30.0,30.0,34.195,False,200,
1787722121.2294042,serverless,30.0,30.0,49.774,False,200,
1787722121.2627378,serverless,30.0,30.0,47.389,False,200,
1787722121.296071,serverless,30.0,30.0,52.223,False,200,
1787722121.3294044,serverless,30.0,30.0,57.51,False,200,
1787722121.3627377,serverless,30.0,30.0,53.047,False,200,
1787722121.396071,serverless,30.0,30.0,56.671,False,200,
1787722121.4294043,serverless,30.0,30.0,53.725,False,200,
1787722121.4627376,serverless,30.0,30.0,46.217,False,200,
1787722121.4960709,serverless,30.0,30.0,34.18,False,200,
1787722121.5294044,serverless,30.0,30.0,85.695,False,200,
1787722121.5627377,serverless,30.0,30.0,35.727,False,200,
1787722121.596071,serverless,30.0,30.0,58.164,False,200,
1787722121.6294043,serverless,30.0,30.0,56.615,False,200,
1787722121.6627376,serverless,30.0,30.0,42.879,False,200,
1787722121.696071,serverless,30.0,30.0,48.692,False,200,
1787722121.7294042,serverless,30.0,30.0,37.299,False,200,
1787722121.7627378,serverless,30.0,30.0,65.997,False,200,
1787722121.796071,serverless,30.0,30.0,68.965,False,200,
1787722121.8294044,serverless,30.0,30.0,45.58,False,200,
1787722121.8627377,serverless,30.0,30.0,53.407,False,200,
1787722121.896071,serverless,30.0,30.0,53.409,False,200,
1787722121.9294043,serverless,30.0,30.0,66.388,False,200,
1787722121.9627376,serverless,30.0,30.0,51.498,False,200,
1787722121.9960709,serverless,30.0,30.0,69.375,False,200,
1787722122.0294044,serverless,30.0,30.0,46.153,False,200,
1787722122.0627377,serverless,30.0,30.0,44.607,False,200,
1787722122.096071,serverless,30.0,30.0,50.827,False,200,
1787722122.1294043,serverless,30.0,30.0,48.472,False,200,
1787722122.1627376,serverless,30.0,30.0,52.632,False,200,
1787722122.196071,serverless,30.0,30.0,60.188,False,200,
1787722122.2294042,serverless,30.0,30.0,66.045,False,200,
1787722122.2627378,serverless,30.0,30.0,49.558,False,200,
1787722122.296071,serverless,30.0,30.0,55.661,False,200,
1787722122.3294044,serverless,30.0,30.0,64.745,False,200,
1787722122.3627377,serverless,30.0,30.0,32.308,False,200,
1787722122.396071,serverless,30.0,30.0,45.253,False,200,
1787722122.4294043,serverless,30.0,30.0,70.779,False,200,
1787722122.4627376,serverless,30.0,30.0,50.061,False,200,
1787722122.4960709,serverless,30.0,30.0,44.946,False,200,
1787722122.5294044,serverless,30.0,30.0,79.829,False,200,
1787722122.5627377,serverless,30.0,30.0,36.29,False,200,
1787722122.596071,serverless,30.0,30.0,54.261,False,200,
1787722122.6294043,serverless,30.0,30.0,1136.415,True,200,
1787722122.6627376,serverless,30.0,30.0,50.897,False,200,
1787722122.696071,serverless,30.0,30.0,66.115,False,200,
1787722122.7294042,serverless,30.0,30.0,57.099,False,200,
1787722122.7627378,serverless,30.0,30.0,40.736,False,200,
1787722122.796071,serverless,30.0,30.0,59.543,False,200,
1787722122.8294044,serverless,30.0,30.0,67.459,False,200,
1787722122.8627377,serverless,30.0,30.0,45.839,False,200,
1787722122.896071,serverless,30.0,30.0,51.404,False,200,
1787722122.9294043,serverless,30.0,30.0,67.524,False,200,
1787722122.9627376,serverless,30.0,30.0,52.473,False,200,
1787722122.9960709,serverless,30.0,30.0,58.658,False,200,
1787722123.0294044,serverless,30.0,30.0,36.707,False,200,
1787722123.0627377,serverless,30.0,30.0,64.317,False,200,
1787722123.096071,serverless,30.0,30.0,38.269,False,200,
1787722123.1294043,serverless,30.0,30.0,60.021,False,200,
1787722123.1627376,serverless,30.0,30.0,40.494,False,200,
1787722123.196071,serverless,30.0,30.0,60.564,False,200,
1787722123.2294042,serverless,30.0,30.0,40.198,False,200,
1787722123.2627378,serverless,30.0,30.0,57.964,False,200,
1787722123.296071,serverless,30.0,30.0,55.104,False,200,
1787722123.3294044,serverless,30.0,30.0,53.547,False,200,
1787722123.3627377,serverless,30.0,30.0,50.65,False,200,
1787722123.396071,serverless,30.0,30.0,61.067,False,200,
1787722123.4294043,serverless,30.0,30.0,50.939,False,200,
1787722123.4627376,serverless,30.0,30.0,51.8,False,200,
1787722123.4960709,serverless,30.0,30.0,56.116,False,200,
1787722123.5294044,serverless,30.0,30.0,84.557,False,200,
1787722123.5627377,serverless,30.0,30.0,37.661,False,200,
1787722123.596071,serverless,30.0,30.0,33.882,False,200,
1787722123.6294043,serverless,30.0,30.0,53.329,False,200,
1787722123.6627376,serverless,30.0,30.0,55.376,False,200,
1787722123.696071,serverless,30.0,30.0,49.374,False,200,
1787722123.7294042,serverless,30.0,30.0,60.043,False,200,
1787722123.7627378,serverless,30.0,30.0,48.713,False,200,
1787722123.796071,serverless,30.0,30.0,58.986,False,200,
1787722123.8294044,serverless,30.0,30.0,32.671,False,200,
1787722123.8627377,serverless,30.0,30.0,54.253,False,200,
1787722123.896071,serverless,30.0,30.0,41.912,False,200,
1787722123.9294043,serverless,30.0,30.0,41.324,False,200,
1787722123.9627376,serverless,30.0,30.0,62.585,False,200,
1787722123.9960709,serverless,30.0,30.0,41.176,False,200,
1787722124.0294044,serverless,30.0,30.0,43.698,False,200,
1787722124.0627377,serverless,30.0,30.0,43.285,False,200,
1787722124.096071,serverless,30.0,30.0,51.593,False,200,
1787722124.1294043,serverless,30.0,30.0,51.022,False,200,
1787722124.1627376,serverless,30.0,30.0,44.439,False,200,
1787722124.196071,serverless,30.0,30.0,61.173,False,200,
1787722124.2294042,serverless,30.0,30.0,38.285,False,200,
1787722124.2627378,serverless,30.0,30.0,49.994,False,200,
1787722124.296071,serverless,30.0,30.0,40.538,False,200,
1787722124.3294044,serverless,30.0,30.0,63.431,False,200,
1787722124.3627377,serverless,30.0,30.0,58.762,False,200,
1787722124.396071,serverless,30.0,30.0,45.635,False,200,
1787722124.4294043,serverless,30.0,30.0,47.731,False,200,
1787722124.4627376,serverless,30.0,30.0,37.136,False,200,
1787722124.4960709,serverless,30.0,30.0,49.909,False,200,
1787722124.5294044,serverless,30.0,30.0,36.296,False,200,
1787722124.5627377,serverless,30.0,30.0,33.147,False,200,
1787722124.596071,serverless,30.0,30.0,37.503,False,200,
1787722124.6294043,serverless,30.0,30.0,47.569,False,200,
1787722124.6627376,serverless,30.0,30.0,42.056,False,200,
1787722124.696071,serverless,30.0,30.0,51.981,False,200,
1787722124.7294042,serverless,30.0,30.0,43.353,False,200,
1787722124.7627378,serverless,30.0,30.0,1250.738,True,200,
1787722124.796071,serverless,30.0,30.0,40.543,False,200,
1787722124.8294044,serverless,30.0,30.0,85.557,False,200,
1787722124.8627377,serverless,30.0,30.0,32.13,False,200,
1787722124.896071,serverless,30.0,30.0,47.545,False,200,
1787722124.9294043,serverless,30.0,30.0,44.612,False,200,
1787722124.9627376,serverless,30.0,30.0,63.377,False,200,
1787722124.9960709,serverless,30.0,30.0,49.656,False,200,
1787722125.0294044,serverless,30.0,30.0,54.473,False,200,
1787722125.0627377,serverless,30.0,30.0,37.091,False,200,
1787722125.096071,serverless,30.0,30.0,80.472,False,200,
1787722125.1294043,serverless,30.0,30.0,47.167,False,200,
1787722125.1627376,serverless,30.0,30.0,37.361,False,200,
1787722125.196071,serverless,30.0,30.0,36.247,False,200,
1787722125.2294042,serverless,30.0,30.0,54.974,False,200,
1787722125.2627378,serverless,30.0,30.0,50.48,False,200,
1787722125.296071,serverless,30.0,30.0,41.941,False,200,
1787722125.3294044,serverless,30.0,30.0,53.762,False,200,
1787722125.3627377,serverless,30.0,30.0,41.675,False,200,
1787722125.396071,serverless,30.0,30.0,47.928,False,200,
1787722125.4294043,serverless,30.0,30.0,44.941,False,200,
1787722125.4627376,serverless,30.0,30.0,42.106,False,200,
1787722125.4960709,serverless,30.0,30.0,41.036,False,200,
1787722125.5294044,serverless,30.0,30.0,55.414,False,200,
1787722125.5627377,serverless,30.0,30.0,41.657,False,200,
1787722125.596071,serverless,30.0,30.0,49.889,False,200,
1787722125.6294043,serverless,30.0,30.0,64.795,False,200,
1787722125.6627376,serverless,30.0,30.0,36.955,False,200,
1787722125.696071,serverless,30.0,30.0,35.98,False,200,
1787722125.7294042,serverless,30.0,30.0,34.096,False,200,
1787722125.7627378,serverless,30.0,30.0,49.461,False,200,
1787722125.796071,serverless,30.0,30.0,39.568,False,200,
1787722125.8294044,serverless,30.0,30.0,45.799,False,200,
1787722125.8627377,serverless,30.0,30.0,57.45,False,200,
1787722125.896071,serverless,30.0,30.0,35.73,False,200,
1787722125.9294043,serverless,30.0,30.0,48.692,False,200,
1787722125.9627376,serverless,30.0,30.0,72.942,False,200,
1787722125.9960709,serverless,30.0,30.0,62.888,False,200,
1787722126.0294044,serverless,30.0,30.0,59.722,False,200,
1787722126.0627377,serverless,30.0,30.0,44.385,False,200,
1787722126.096071,serverless,30.0,30.0,50.223,False,200,
1787722126.1294043,serverless,30.0,30.0,58.378,False,200,
1787722126.1627376,serverless,30.0,30.0,51.78,False,200,
1787722126.196071,serverless,30.0,30.0,50.924,False,200,
1787722126.2294042,serverless,30.0,30.0,53.66,False,200,
1787722126.2627378,serverless,30.0,30.0,42.74,False,200,
1787722126.296071,serverless,30.0,30.0,35.145,False,200,
1787722126.3294044,serverless,30.0,30.0,44.721,False,200,
1787722126.3627377,serverless,30.0,30.0,50.038,False,200,
1787722126.396071,serverless,30.0,30.0,60.228,False,200,
1787722126.4294043,serverless,30.0,30.0,64.306,False,200,
1787722126.4627376,serverless,30.0,30.0,64.937,False,200,
1787722126.4960709,serverless,30.0,30.0,62.206,False,200,
1787722126.5294044,serverless,30.0,30.0,77.629,False,200,
1787722126.5627377,serverless,30.0,30.0,50.45,False,200,
1787722126.596071,serverless,30.0,30.0,50.48,False,200,
1787722126.6294043,serverless,30.0,30.0,43.832,False,200,
1787722126.6627376,serverless,30.0,30.0,63.457,False,200,
1787722126.696071,serverless,30.0,30.0,49.059,False,200,
1787722126.7294042,serverless,30.0,30.0,46.586,False,200,
1787722126.7627378,serverless,30.0,30.0,42.288,False,200,
1787722126.796071,serverless,30.0,30.0,32.836,False,200,
1787722126.8294044,serverless,30.0,30.0,41.662,False,200,
1787722126.8627377,serverless,30.0,30.0,57.024,False,200,
1787722126.896071,serverless,30.0,30.0,37.481,False,200,
1787722126.9294043,serverless,30.0,30.0,54.942,False,200,
1787722126.9627376,serverless,30.0,30.0,44.477,False,200,
1787722126.9960709,serverless,30.0,30.0,52.86,False,200,
1787722127.0294044,serverless,30.0,30.0,47.937,False,200,
1787722127.0627377,serverless,30.0,30.0,29.118,False,200,
1787722127.096071,serverless,30.0,30.0,57.931,False,200,
1787722127.1294043,serverless,30.0,30.0,47.085,False,200,
1787722127.1627376,serverless,30.0,30.0,40.384,False,200,
1787722127.196071,serverless,30.0,30.0,71.424,False,200,
1787722127.2294042,serverless,30.0,30.0,42.576,False,200,
1787722127.2627378,serverless,30.0,30.0,60.885,False,200,
1787722127.296071,serverless,30.0,30.0,43.879,False,200,
1787722127.3294044,serverless,30.0,30.0,34.338,False,200,
1787722127.3627377,serverless,30.0,30.0,44.418,False,200,
1787722127.396071,serverless,30.0,30.0,43.656,False,200,
1787722127.4294043,serverless,30.0,30.0,69.433,False,200,
1787722127.4627376,serverless,30.0,30.0,40.506,False,200,
1787722127.4960709,serverless,30.0,30.0,34.653,False,200,
1787722127.5294044,serverless,30.0,30.0,38.439,False,200,
1787722127.5627377,serverless,30.0,30.0,57.342,False,200,
1787722127.596071,serverless,30.0,30.0,43.283,False,200,
1787722127.6294043,serverless,30.0,30.0,36.559,False,200,
1787722127.6627376,serverless,30.0,30.0,46.3,False,200,
1787722127.696071,serverless,30.0,30.0,66.718,False,200,
1787722127.7294042,serverless,30.0,30.0,37.953,False,200,
1787722127.7627378,serverless,30.0,30.0,52.448,False,200,
1787722127.796071,serverless,30.0,30.0,33.233,False,200,
1787722127.8294044,serverless,30.0,30.0,54.752,False,200,
1787722127.8627377,serverless,30.0,30.0,45.792,False,200,
1787722127.896071,serverless,30.0,30.0,42.916,False,200,
1787722127.9294043,serverless,30.0,30.0,53.578,False,200,
1787722127.9627376,serverless,30.0,30.0,53.757,False,200,
1787722127.9960709,serverless,30.0,30.0,45.868,False,200,
1787722128.0294044,serverless,30.0,30.0,53.646,False,200,
1787722128.0627377,serverless,30.0,30.0,979.856,True,200,
1787722128.096071,serverless,30.0,30.0,30.918,False,200,
1787722128.1294043,serverless,30.0,30.0,49.766,False,200,
1787722128.1627376,serverless,30.0,30.0,42.216,False,200,
1787722128.196071,serverless,30.0,30.0,51.21,False,200,
1787722128.2294042,serverless,30.0,30.0,32.87,False,200,
1787722128.2627378,serverless,30.0,30.0,44.538,False,200,
1787722128.296071,serverless,30.0,30.0,44.108,False,200,
1787722128.3294044,serverless,30.0,30.0,48.091,False,200,
1787722128.3627377,serverless,30.0,30.0,46.23,False,200,
1787722128.396071,serverless,30.0,30.0,54.419,False,200,
1787722128.4294043,serverless,30.0,30.0,1670.8,True,200,
1787722128.4627376,serverless,30.0,30.0,44.193,False,200,
1787722128.4960709,serverless,30.0,30.0,42.273,False,200,
1787722128.5294044,serverless,30.0,30.0,35.494,False,200,
1787722128.5627377,serverless,30.0,30.0,57.427,False,200,
1787722128.596071,serverless,30.0,30.0,51.269,False,200,
1787722128.6294043,serverless,30.0,30.0,44.953,False,200,
1787722128.6627376,serverless,30.0,30.0,47.327,False,200,
1787722128.696071,serverless,30.0,30.0,51.98,False,200,
1787722128.7294042,serverless,30.0,30.0,56.215,False,200,
1787722128.7627378,serverless,30.0,30.0,45.577,False,200,
1787722128.796071,serverless,30.0,30.0,46.56,False,200,
1787722128.8294044,serverless,30.0,30.0,43.928,False,200,
1787722128.8627377,serverless,30.0,30.0,75.8,False,200,
1787722128.896071,serverless,30.0,30.0,54.705,False,200,
1787722128.9294043,serverless,30.0,30.0,41.625,False,200,
1787722128.9627376,serverless,30.0,30.0,59.348,False,200,
1787722128.9960709,serverless,30.0,30.0,45.862,False,200,
1787722129.0294044,serverless,30.0,30.0,60.717,False,200,
1787722129.0627377,serverless,30.0,30.0,54.474,False,200,
1787722129.096071,serverless,30.0,30.0,46.282,False,200,
1787722129.1294043,serverless,30.0,30.0,47.251,False,200,
1787722129.1627376,serverless,30.0,30.0,41.454,False,200,
1787722129.196071,serverless,30.0,30.0,55.311,False,200,
1787722129.2294042,serverless,30.0,30.0,46.816,False,200,
1787722129.2627378,serverless,30.0,30.0,64.122,False,200,
1787722129.296071,serverless,30.0,30.0,37.042,False,200,
1787722129.3294044,serverless,30.0,30.0,60.353,False,200,
1787722129.3627377,serverless,30.0,30.0,37.181,False,200,
1787722129.396071,serverless,30.0,30.0,58.904,False,200,
1787722129.4294043,serverless,30.0,30.0,75.43,False,200,
1787722129.4627376,serverless,30.0,30.0,48.255,False,200,
1787722129.4960709,serverless,30.0,30.0,41.087,False,200,
1787722129.5294044,serverless,30.0,30.0,62.214,False,200,
1787722129.5627377,serverless,30.0,30.0,44.879,False,200,
1787722129.596071,serverless,30.0,30.0,50.645,False,200,
1787722129.6294043,serverless,30.0,30.0,46.733,False,200,
1787722129.6627376,serverless,30.0,30.0,42.346,False,200,
1787722129.696071,serverless,30.0,30.0,70.632,False,200,
1787722129.7294042,serverless,30.0,30.0,56.338,False,200,
1787722129.7627378,serverless,30.0,30.0,45.105,False,200,
1787722129.796071,serverless,30.0,30.0,70.432,False,200,
1787722129.8294044,serverless,30.0,30.0,58.4,False,200,
1787722129.8627377,serverless,30.0,30.0,51.31,False,200,
1787722129.896071,serverless,30.0,30.0,44.041,False,200,
1787722129.9294043,serverless,30.0,30.0,44.059,False,200,
1787722129.9627376,serverless,30.0,30.0,37.72,False,200,
1787722129.9960709,serverless,30.0,30.0,45.158,False,200,
1787722130.0294044,serverless,30.0,30.0,66.344,False,200,
1787722130.0627377,serverless,30.0,30.0,53.694,False,200,
1787722130.096071,serverless,30.0,30.0,52.249,False,200,
1787722130.1294043,serverless,30.0,30.0,51.926,False,200,
1787722130.1627376,serverless,30.0,30.0,60.874,False,200,
1787722130.196071,serverless,30.0,30.0,49.544,False,200,
1787722130.2294042,serverless,30.0,30.0,47.964,False,200,
1787722130.2627378,serverless,30.0,30.0,60.895,False,200,
1787722130.296071,serverless,30.0,30.0,58.669,False,200,
1787722130.3294044,serverless,30.0,30.0,41.307,False,200,
1787722130.3627377,serverless,30.0,30.0,33.492,False,200,
1787722130.396071,serverless,30.0,30.0,63.732,False,200,
1787722130.4294043,serverless,30.0,30.0,61.908,False,200,
1787722130.4627376,serverless,30.0,30.0,55.249,False,200,
1787722130.4960709,serverless,30.0,30.0,61.623,False,200,
1787722130.5294044,serverless,30.0,30.0,74.796,False,200,
1787722130.5627377,serverless,30.0,30.0,41.384,False,200,
1787722130.596071,serverless,30.0,30.0,50.598,False,200,
1787722130.6294043,serverless,30.0,30.0,69.566,False,200,
1787722130.6627376,serverless,30.0,30.0,51.336,False,200,
1787722130.696071,serverless,30.0,30.0,43.256,False,200,
1787722130.7294042,serverless,30.0,30.0,44.544,False,200,
1787722130.7627378,serverless,30.0,30.0,51.095,False,200,
1787722130.796071,serverless,30.0,30.0,53.33,False,200,
1787722130.8294044,serverless,30.0,30.0,40.673,False,200,
1787722130.8627377,serverless,30.0,30.0,33.523,False,200,
1787722130.896071,serverless,30.0,30.0,29.179,False,200,
1787722130.9294043,serverless,30.0,30.0,44.455,False,200,
1787722130.9627376,serverless,30.0,30.0,68.556,False,200,
1787722130.9960709,serverless,30.0,30.0,79.051,False,200,
1787722131.0294044,serverless,30.0,30.0,52.669,False,200,
1787722131.0627377,serverless,30.0,30.0,53.471,False,200,
1787722131.096071,serverless,30.0,30.0,51.504,False,200,
1787722131.1294043,serverless,30.0,30.0,51.145,False,200,
1787722131.1627376,serverless,30.0,30.0,47.881,False,200,
1787722131.196071,serverless,30.0,30.0,45.619,False,200,
1787722131.2294042,serverless,30.0,30.0,65.277,False,200,
1787722131.2627378,serverless,30.0,30.0,38.864,False,200,
1787722131.296071,serverless,30.0,30.0,65.67,False,200,
1787722131.3294044,serverless,30.0,30.0,54.354,False,200,
1787722131.3627377,serverless,30.0,30.0,39.25,False,200,
1787722131.396071,serverless,30.0,30.0,56.721,False,200,
1787722131.4294043,serverless,30.0,30.0,44.579,False,200,
1787722131.4627376,serverless,30.0,30.0,46.455,False,200,
1787722131.4960709,serverless,30.0,30.0,50.648,False,200,
1787722131.5294044,serverless,30.0,30.0,73.641,False,200,
1787722131.5627377,serverless,30.0,30.0,55.57,False,200,
1787722131.596071,serverless,30.0,30.0,55.69,False,200,
1787722131.6294043,serverless,30.0,30.0,48.994,False,200,
1787722131.6627376,serverless,30.0,30.0,50.95,False,200,
1787722131.696071,serverless,30.0,30.0,63.147,False,200,
1787722131.7294042,serverless,30.0,30.0,52.812,False,200,
1787722131.7627378,serverless,30.0,30.0,50.326,False,200,
1787722131.796071,serverless,30.0,30.0,51.531,False,200,
1787722131.8294044,serverless,30.0,30.0,52.097,False,200,
1787722131.8627377,serverless,30.0,30.0,46.245,False,200,
1787722131.896071,serverless,30.0,30.0,64.121,False,200,
1787722131.9294043,serverless,30.0,30.0,50.496,False,200,
1787722131.9627376,serverless,30.0,30.0,50.495,False,200,
1787722131.9960709,serverless,30.0,30.0,41.611,False,200,
1787722132.0294044,serverless,30.0,30.0,41.522,False,200,
1787722132.0627377,serverless,30.0,30.0,52.733,False,200,
1787722132.096071,serverless,30.0,30.0,63.534,False,200,
1787722132.1294043,serverless,30.0,30.0,74.743,False,200,
1787722132.1627376,serverless,30.0,30.0,54.631,False,200,
1787722132.196071,serverless,30.0,30.0,51.021,False,200,
1787722132.2294042,serverless,30.0,30.0,49.655,False,200,
1787722132.2627378,serverless,30.0,30.0,51.517,False,200,
1787722132.296071,serverless,30.0,30.0,42.702,False,200,
1787722132.3294044,serverless,30.0,30.0,56.416,False,200,
1787722132.3627377,serverless,30.0,30.0,68.274,False,200,
1787722132.396071,serverless,30.0,30.0,45.5,False,200,
1787722132.4294043,serverless,30.0,30.0,61.952,False,200,
1787722132.4627376,serverless,30.0,30.0,48.412,False,200,
1787722132.4960709,serverless,30.0,30.0,48.073,False,200,
1787722132.5294044,serverless,30.0,30.0,55.599,False,200,
1787722132.5627377,serverless,30.0,30.0,58.272,False,200,
1787722132.596071,serverless,30.0,30.0,36.624,False,200,
1787722132.6294043,serverless,30.0,30.0,50.04,False,200,
1787722132.6627376,serverless,30.0,30.0,47.172,False,200,
1787722132.696071,serverless,30.0,30.0,47.656,False,200,
1787722132.7294042,serverless,30.0,30.0,49.002,False,200,
1787722132.7627378,serverless,30.0,30.0,45.467,False,200,
1787722132.796071,serverless,30.0,30.0,54.959,False,200,
1787722132.8294044,serverless,30.0,30.0,58.044,False,200,
1787722132.8627377,serverless,30.0,30.0,62.198,False,200,
1787722132.896071,serverless,30.0,30.0,54.093,False,200,
1787722132.9294043,serverless,30.0,30.0,52.416,False,200,
1787722132.9627376,serverless,30.0,30.0,60.468,False,200,
1787722132.9960709,serverless,30.0,30.0,54.811,False,200,
1787722133.0294044,serverless,30.0,30.0,62.753,False,200,
1787722133.0627377,serverless,30.0,30.0,45.273,False,200,
1787722133.096071,serverless,30.0,30.0,46.867,False,200,
1787722133.1294043,serverless,30.0,30.0,53.919,False,200,
1787722133.1627376,serverless,30.0,30.0,41.575,False,200,
1787722133.196071,serverless,30.0,30.0,64.562,False,200,
1787722133.2294042,serverless,30.0,30.0,52.427,False,200,
1787722133.2627378,serverless,30.0,30.0,45.991,False,200,
1787722133.296071,serverless,30.0,30.0,44.675,False,200,
1787722133.3294044,serverless,30.0,30.0,49.059,False,200,
1787722133.3627377,serverless,30.0,30.0,50.698,False,200,
1787722133.396071,serverless,30.0,30.0,52.809,False,200,
1787722133.4294043,serverless,30.0,30.0,39.872,False,200,
1787722133.4627376,serverless,30.0,30.0,64.506,False,200,
1787722133.4960709,serverless,30.0,30.0,59.266,False,200,
1787722133.5294044,serverless,30.0,30.0,60.238,False,200,
1787722133.5627377,serverless,30.0,30.0,63.026,False,200,
1787722133.596071,serverless,30.0,30.0,62.138,False,200,
1787722133.6294043,serverless,30.0,30.0,35.784,False,200,
1787722133.6627376,serverless,30.0,30.0,77.893,False,200,
1787722133.696071,serverless,30.0,30.0,32.655,False,200,
1787722133.7294042,serverless,30.0,30.0,57.852,False,200,
1787722133.7627378,serverless,30.0,30.0,54.408,False,200,
1787722133.796071,serverless,30.0,30.0,41.576,False,200,
1787722133.8294044,serverless,30.0,30.0,50.003,False,200,
1787722133.8627377,serverless,30.0,30.0,60.046,False,200,
1787722133.896071,serverless,30.0,30.0,37.485,False,200,
1787722133.9294043,serverless,30.0,30.0,52.923,False,200,
1787722133.9627376,serverless,30.0,30.0,44.227,False,200,
1787722133.9960709,serverless,30.0,30.0,66.33,False,200,
1787722134.0294044,serverless,30.0,30.0,55.041,False,200,
1787722134.0627377,serverless,30.0,30.0,31.462,False,200,
1787722134.096071,serverless,30.0,30.0,43.634,False,200,
1787722134.1294043,serverless,30.0,30.0,54.647,False,200,
1787722134.1627376,serverless,30.0,30.0,46.478,False,200,
1787722134.196071,serverless,30.0,30.0,54.754,False,200,
1787722134.2294042,serverless,30.0,30.0,41.946,False,200,
1787722134.2627378,serverless,30.0,30.0,49.673,False,200,
1787722134.296071,serverless,30.0,30.0,46.456,False,200,
1787722134.3294044,serverless,30.0,30.0,54.009,False,200,
1787722134.3627377,serverless,30.0,30.0,30.753,False,200,
1787722134.396071,serverless,30.0,30.0,40.542,False,200,
1787722134.4294043,serverless,30.0,30.0,45.679,False,200,
1787722134.4627376,serverless,30.0,30.0,59.838,False,200,
1787722134.4960709,serverless,30.0,30.0,44.195,False,200,
1787722134.5294044,serverless,30.0,30.0,42.349,False,200,
1787722134.5627377,serverless,30.0,30.0,45.116,False,200,
1787722134.596071,serverless,30.0,30.0,48.15,False,200,
1787722134.6294043,serverless,30.0,30.0,56.39,False,200,
1787722134.6627376,serverless,30.0,30.0,40.101,False,200,
1787722134.696071,serverless,30.0,30.0,39.162,False,200,
1787722134.7294042,serverless,30.0,30.0,85.19,False,200,
1787722134.7627378,serverless,30.0,30.0,59.257,False,200,
1787722134.796071,serverless,30.0,30.0,59.054,False,200,
1787722134.8294044,serverless,30.0,30.0,53.761,False,200,
1787722134.8627377,serverless,30.0,30.0,46.615,False,200,
1787722134.896071,serverless,30.0,30.0,50.286,False,200,
1787722134.9294043,serverless,30.0,30.0,51.426,False,200,
1787722134.9627376,serverless,30.0,30.0,59.7,False,200,
1787722134.9960709,serverless,30.0,30.0,58.551,False,200,
1787722135.0294044,serverless,30.0,30.0,38.175,False,200,
1787722135.0627377,serverless,30.0,30.0,51.008,False,200,
1787722135.096071,serverless,30.0,30.0,70.018,False,200,
1787722135.1294043,serverless,30.0,30.0,53.209,False,200,
1787722135.1627376,serverless,30.0,30.0,42.329,False,200,
1787722135.196071,serverless,30.0,30.0,42.14,False,200,
1787722135.2294042,serverless,30.0,30.0,50.402,False,200,
1787722135.2627378,serverless,30.0,30.0,55.305,False,200,
1787722135.296071,serverless,30.0,30.0,46.484,False,200,
1787722135.3294044,serverless,30.0,30.0,55.829,False,200,
1787722135.3627377,serverless,30.0,30.0,48.051,False,200,
1787722135.396071,serverless,30.0,30.0,41.272,False,200,
1787722135.4294043,serverless,30.0,30.0,57.849,False,200,
1787722135.4627376,serverless,30.0,30.0,38.784,False,200,
1787722135.4960709,serverless,30.0,30.0,49.512,False,200,
1787722135.5294044,serverless,30.0,30.0,71.109,False,200,
1787722135.5627377,serverless,30.0,30.0,54.338,False,200,
1787722135.596071,serverless,30.0,30.0,46.458,False,200,
1787722135.6294043,serverless,30.0,30.0,53.345,False,200,
1787722135.6627376,serverless,30.0,30.0,55.692,False,200,
1787722135.696071,serverless,30.0,30.0,38.892,False,200,
1787722135.7294042,serverless,30.0,30.0,51.399,False,200,
1787722135.7627378,serverless,30.0,30.0,65.298,False,200,
1787722135.796071,serverless,30.0,30.0,54.009,False,200,
1787722135.8294044,serverless,30.0,30.0,32.043,False,200,
1787722135.8627377,serverless,30.0,30.0,60.701,False,200,
1787722135.896071,serverless,30.0,30.0,69.343,False,200,
1787722135.9294043,serverless,30.0,30.0,53.494,False,200,
1787722135.9627376,serverless,30.0,30.0,57.758,False,200,
1787722135.9960709,serverless,30.0,30.0,40.009,False,200,
1787722136.0294044,serverless,30.0,30.0,64.575,False,200,
1787722136.0627377,serverless,30.0,30.0,31.305,False,200,
1787722136.096071,serverless,30.0,30.0,51.957,False,200,
1787722136.1294043,serverless,30.0,30.0,61.902,False,200,
1787722136.1627376,serverless,30.0,30.0,43.678,False,200,
1787722136.196071,serverless,30.0,30.0,41.685,False,200,
1787722136.2294042,serverless,30.0,30.0,44.74,False,200,
1787722136.2627378,serverless,30.0,30.0,46.349,False,200,
1787722136.296071,serverless,30.0,30.0,56.54,False,200,
1787722136.3294044,serverless,30.0,30.0,46.255,False,200,
1787722136.3627377,serverless,30.0,30.0,56.822,False,200,
1787722136.396071,serverless,30.0,30.0,50.513,False,200,
1787722136.4294043,serverless,30.0,30.0,72.664,False,200,
1787722136.4627376,serverless,30.0,30.0,50.728,False,200,
1787722136.4960709,serverless,30.0,30.0,63.796,False,200,
1787722136.5294044,serverless,30.0,30.0,42.007,False,200,
1787722136.5627377,serverless,30.0,30.0,57.317,False,200,
1787722136.596071,serverless,30.0,30.0,43.037,False,200,
1787722136.6294043,serverless,30.0,30.0,56.139,False,200,
1787722136.6627376,serverless,30.0,30.0,41.82,False,200,
1787722136.696071,serverless,30.0,30.0,51.353,False,200,
1787722136.7294042,serverless,30.0,30.0,50.412,False,200,
1787722136.7627378,serverless,30.0,30.0,60.968,False,200,
1787722136.796071,serverless,30.0,30.0,55.677,False,200,
1787722136.8294044,serverless,30.0,30.0,63.762,False,200,
1787722136.8627377,serverless,30.0,30.0,83.043,False,200,
1787722136.896071,serverless,30.0,30.0,42.902,False,200,
1787722136.9294043,serverless,30.0,30.0,44.991,False,200,
1787722136.9627376,serverless,30.0,30.0,48.151,False,200,
1787722136.9960709,serverless,30.0,30.0,53.925,False,200,
1787722137.0294044,serverless,30.0,30.0,53.104,False,200,
1787722137.0627377,serverless,30.0,30.0,44.15,False,200,
1787722137.096071,serverless,30.0,30.0,57.337,False,200,
1787722137.1294043,serverless,30.0,30.0,56.787,False,200,
1787722137.1627376,serverless,30.0,30.0,61.493,False,200,
1787722137.196071,serverless,30.0,30.0,38.093,False,200,
1787722137.2294042,serverless,30.0,30.0,68.515,False,200,
1787722137.2627378,serverless,30.0,30.0,37.859,False,200,
1787722137.296071,serverless,30.0,30.0,48.337,False,200,
1787722137.3294044,serverless,30.0,30.0,59.221,False,200,
1787722137.3627377,serverless,30.0,30.0,39.446,False,200,
1787722137.396071,serverless,30.0,30.0,58.383,False,200,
1787722137.4294043,serverless,30.0,30.0,53.098,False,200,
1787722137.4627376,serverless,30.0,30.0,59.293,False,200,
1787722137.4960709,serverless,30.0,30.0,47.404,False,200,
1787722137.5294044,serverless,30.0,30.0,39.911,False,200,
1787722137.5627377,serverless,30.0,30.0,38.509,False,200,
1787722137.596071,serverless,30.0,30.0,41.416,False,200,
1787722137.6294043,serverless,30.0,30.0,39.303,False,200,
1787722137.6627376,serverless,30.0,30.0,49.237,False,200,
1787722137.696071,serverless,30.0,30.0,55.96,False,200,
1787722137.7294042,serverless,30.0,30.0,38.459,False,200,
1787722137.7627378,serverless,30.0,30.0,73.61,False,200,
1787722137.796071,serverless,30.0,30.0,39.039,False,200,
1787722137.8294044,serverless,30.0,30.0,59.525,False,200,
1787722137.8627377,serverless,30.0,30.0,49.378,False,200,
1787722137.896071,serverless,30.0,30.0,35.646,False,200,
1787722137.9294043,serverless,30.0,30.0,73.659,False,200,
1787722137.9627376,serverless,30.0,30.0,62.166,False,200,
1787722137.9960709,serverless,30.0,30.0,61.687,False,200,
1787722138.0294044,serverless,30.0,30.0,53.625,False,200,
1787722138.0627377,serverless,30.0,30.0,42.163,False,200,
1787722138.096071,serverless,30.0,30.0,46.896,False,200,
1787722138.1294043,serverless,30.0,30.0,61.11,False,200,
1787722138.1627376,serverless,30.0,30.0,47.725,False,200,
1787722138.196071,serverless,30.0,30.0,60.345,False,200,
1787722138.2294042,serverless,30.0,30.0,62.754,False,200,
1787722138.2627378,serverless,30.0,30.0,52.727,False,200,
1787722138.296071,serverless,30.0,30.0,44.787,False,200,
1787722138.3294044,serverless,30.0,30.0,42.376,False,200,
1787722138.3627377,serverless,30.0,30.0,51.446,False,200,
1787722138.396071,serverless,30.0,30.0,54.772,False,200,
1787722138.4294043,serverless,30.0,30.0,47.55,False,200,
1787722138.4627376,serverless,30.0,30.0,46.117,False,200,
1787722138.4960709,serverless,30.0,30.0,46.487,False,200,
1787722138.5294044,serverless,30.0,30.0,50.224,False,200,
1787722138.5627377,serverless,30.0,30.0,46.62,False,200,
1787722138.596071,serverless,30.0,30.0,60.639,False,200,
1787722138.6294043,serverless,30.0,30.0,39.864,False,200,
1787722138.6627376,serverless,30.0,30.0,34.979,False,200,
1787722138.696071,serverless,30.0,30.0,55.743,False,200,
1787722138.7294042,serverless,30.0,30.0,53.433,False,200,
1787722138.7627378,serverless,30.0,30.0,54.95,False,200,
1787722138.796071,serverless,30.0,30.0,45.917,False,200,
1787722138.8294044,serverless,30.0,30.0,53.237,False,200,
1787722138.8627377,serverless,30.0,30.0,45.402,False,200,
1787722138.896071,serverless,30.0,30.0,70.454,False,200,
1787722138.9294043,serverless,30.0,30.0,48.408,False,200,
1787722138.9627376,serverless,30.0,30.0,36.783,False,200,
1787722138.9960709,serverless,30.0,30.0,51.77,False,200,
1787722139.0294044,serverless,30.0,30.0,32.798,False,200,
1787722139.0627377,serverless,30.0,30.0,34.006,False,200,
1787722139.096071,serverless,30.0,30.0,41.183,False,200,
1787722139.1294043,serverless,30.0,30.0,57.084,False,200,
1787722139.1627376,serverless,30.0,30.0,64.416,False,200,
1787722139.196071,serverless,30.0,30.0,63.462,False,200,
1787722139.2294042,serverless,30.0,30.0,48.411,False,200,
1787722139.2627378,serverless,30.0,30.0,59.49,False,200,
1787722139.296071,serverless,30.0,30.0,38.236,False,200,
1787722139.3294044,serverless,30.0,30.0,45.08,False,200,
1787722139.3627377,serverless,30.0,30.0,60.076,False,200,
1787722139.396071,serverless,30.0,30.0,43.364,False,200,
1787722139.4294043,serverless,30.0,30.0,48.116,False,200,
1787722139.4627376,serverless,30.0,30.0,36.191,False,200,
1787722139.4960709,serverless,30.0,30.0,42.617,False,200,
1787722139.5294044,serverless,30.0,30.0,46.708,False,200,
1787722139.5627377,serverless,30.0,30.0,54.464,False,200,
1787722139.596071,serverless,30.0,30.0,38.096,False,200,
1787722139.6294043,serverless,30.0,30.0,35.645,False,200,
1787722139.6627376,serverless,30.0,30.0,26.629,False,200,
1787722139.696071,serverless,30.0,30.0,53.205,False,200,
1787722139.7294042,serverless,30.0,30.0,60.718,False,200,
1787722139.7627378,serverless,30.0,30.0,39.122,False,200,
1787722139.796071,serverless,30.0,30.0,64.651,False,200,
1787722139.8294044,serverless,30.0,30.0,49.826,False,200,
1787722139.8627377,serverless,30.0,30.0,53.619,False,200,
1787722139.896071,serverless,30.0,30.0,50.118,False,200,
1787722139.9294043,serverless,30.0,30.0,39.159,False,200,
1787722139.9627376,serverless,30.0,30.0,49.202,False,200,
1787722139.9960709,serverless,30.0,30.0,45.169,False,200,
1787722140.0294044,serverless,30.0,30.0,48.014,False,200,
1787722140.0627377,serverless,30.0,30.0,31.091,False,200,
1787722140.096071,serverless,30.0,30.0,52.455,False,200,
1787722140.1294043,serverless,30.0,30.0,50.372,False,200,
1787722140.1627376,serverless,30.0,30.0,52.932,False,200,
1787722140.196071,serverless,30.0,30.0,42.444,False,200,
1787722140.2294042,serverless,30.0,30.0,53.302,False,200,
1787722140.2627378,serverless,30.0,30.0,53.877,False,200,
1787722140.296071,serverless,30.0,30.0,33.419,False,200,
1787722140.3294044,serverless,30.0,30.0,52.458,False,200,
1787722140.3627377,serverless,30.0,30.0,45.553,False,200,
1787722140.396071,serverless,30.0,30.0,54.099,False,200,
1787722140.4294043,serverless,30.0,30.0,46.33,False,200,
1787722140.4627376,serverless,30.0,30.0,57.975,False,200,
1787722140.4960709,serverless,30.0,30.0,47.665,False,200,
1787722140.5294044,serverless,30.0,30.0,59.986,False,200,
1787722140.5627377,serverless,30.0,30.0,37.562,False,200,
1787722140.596071,serverless,30.0,30.0,40.991,False,200,
1787722140.6294043,serverless,30.0,30.0,57.947,False,200,
1787722140.6627376,serverless,30.0,30.0,66.53,False,200,
1787722140.696071,serverless,30.0,30.0,53.828,False,200,
1787722140.7294042,serverless,30.0,30.0,31.994,False,200,
1787722140.7627378,serverless,30.0,30.0,38.104,False,200,
1787722140.796071,serverless,30.0,30.0,46.775,False,200,
1787722140.8294044,serverless,30.0,30.0,48.142,False,200,
1787722140.8627377,serverless,30.0,30.0,51.146,False,200,
1787722140.896071,serverless,30.0,30.0,31.807,False,200,
1787722140.9294043,serverless,30.0,30.0,62.102,False,200,
1787722140.9627376,serverless,30.0,30.0,49.648,False,200,
1787722140.9960709,serverless,30.0,30.0,58.375,False,200,
1787722141.0294044,serverless,30.0,30.0,41.983,False,200,
1787722141.0627377,serverless,30.0,30.0,38.272,False,200,
1787722141.096071,serverless,30.0,30.0,55.6,False,200,
1787722141.1294043,serverless,30.0,30.0,55.761,False,200,
1787722141.1627376,serverless,30.0,30.0,60.401,False,200,
1787722141.196071,serverless,30.0,30.0,40.981,False,200,
1787722141.2294042,serverless,30.0,30.0,56.518,False,200,
1787722141.2627378,serverless,30.0,30.0,66.463,False,200,
1787722141.296071,serverless,30.0,30.0,48.073,False,200,
1787722141.3294044,serverless,30.0,30.0,73.165,False,200,
1787722141.3627377,serverless,30.0,30.0,47.575,False,200,
1787722141.396071,serverless,30.0,30.0,57.679,False,200,
1787722141.4294043,serverless,30.0,30.0,69.765,False,200,
1787722141.4627376,serverless,30.0,30.0,48.129,False,200,
1787722141.4960709,serverless,30.0,30.0,34.002,False,200,
1787722141.5294044,serverless,30.0,30.0,65.969,False,200,
1787722141.5627377,serverless,30.0,30.0,41.536,False,200,
1787722141.596071,serverless,30.0,30.0,60.607,False,200,
1787722141.6294043,serverless,30.0,30.0,48.447,False,200,
1787722141.6627376,serverless,30.0,30.0,43.509,False,200,
1787722141.696071,serverless,30.0,30.0,39.211,False,200,
1787722141.7294042,serverless,30.0,30.0,63.795,False,200,
1787722141.7627378,serverless,30.0,30.0,45.816,False,200,
1787722141.796071,serverless,30.0,30.0,39.33,False,200,
1787722141.8294044,serverless,30.0,30.0,65.4,False,200,
1787722141.8627377,serverless,30.0,30.0,47.941,False,200,
1787722141.896071,serverless,30.0,30.0,55.853,False,200,
1787722141.9294043,serverless,30.0,30.0,45.6,False,200,
1787722141.9627376,serverless,30.0,30.0,52.111,False,200,
1787722141.9960709,serverless,30.0,30.0,57.084,False,200,
1787722142.0294044,serverless,30.0,30.0,52.278,False,200,
1787722142.0627377,serverless,30.0,30.0,63.355,False,200,
1787722142.096071,serverless,30.0,30.0,61.302,False,200,
1787722142.1294043,serverless,30.0,30.0,69.837,False,200,
1787722142.1627376,serverless,30.0,30.0,52.382,False,200,
1787722142.196071,serverless,30.0,30.0,66.36,False,200,
1787722142.2294042,serverless,30.0,30.0,64.596,False,200,
1787722142.2627378,serverless,30.0,30.0,49.522,False,200,
1787722142.296071,serverless,30.0,30.0,58.051,False,200,
1787722142.3294044,serverless,30.0,30.0,60.471,False,200,
1787722142.3627377,serverless,30.0,30.0,45.49,False,200,
1787722142.396071,serverless,30.0,30.0,53.999,False,200,
1787722142.4294043,serverless,30.0,30.0,67.071,False,200,
1787722142.4627376,serverless,30.0,30.0,42.82,False,200,
1787722142.4960709,serverless,30.0,30.0,52.012,False,200,
1787722142.5294044,serverless,30.0,30.0,46.006,False,200,
1787722142.5627377,serverless,30.0,30.0,45.021,False,200,
1787722142.596071,serverless,30.0,30.0,63.868,False,200,
1787722142.6294043,serverless,30.0,30.0,52.063,False,200,
1787722142.6627376,serverless,30.0,30.0,75.37,False,200,
1787722142.696071,serverless,30.0,30.0,49.329,False,200,
1787722142.7294042,serverless,30.0,30.0,57.168,False,200,
1787722142.7627378,serverless,30.0,30.0,48.103,False,200,
1787722142.796071,serverless,30.0,30.0,47.093,False,200,
1787722142.8294044,serverless,30.0,30.0,52.39,False,200,
1787722142.8627377,serverless,30.0,30.0,63.504,False,200,
1787722142.896071,serverless,30.0,30.0,39.632,False,200,
1787722142.9294043,serverless,30.0,30.0,47.692,False,200,
1787722142.9627376,serverless,30.0,30.0,47.662,False,200,
1787722142.9960709,serverless,30.0,30.0,63.174,False,200,
1787722143.0294044,serverless,30.0,30.0,42.91,False,200,
1787722143.0627377,serverless,30.0,30.0,50.378,False,200,
1787722143.096071,serverless,30.0,30.0,49.15,False,200,
1787722143.1294043,serverless,30.0,30.0,37.985,False,200,
1787722143.1627376,serverless,30.0,30.0,53.941,False,200,
1787722143.196071,serverless,30.0,30.0,32.596,False,200,
1787722143.2294042,serverless,30.0,30.0,66.691,False,200,
1787722143.2627378,serverless,30.0,30.0,76.477,False,200,
1787722143.296071,serverless,30.0,30.0,41.343,False,200,
1787722143.3294044,serverless,30.0,30.0,50.975,False,200,
1787722143.3627377,serverless,30.0,30.0,43.505,False,200,
1787722143.396071,serverless,30.0,30.0,47.507,False,200,
1787722143.4294043,serverless,30.0,30.0,51.952,False,200,
1787722143.4627376,serverless,30.0,30.0,45.88,False,200,
1787722143.4960709,serverless,30.0,30.0,54.679,False,200,
1787722143.5294044,serverless,30.0,30.0,38.617,False,200,
1787722143.5627377,serverless,30.0,30.0,49.713,False,200,
1787722143.596071,serverless,30.0,30.0,55.058,False,200,
1787722143.6294043,serverless,30.0,30.0,42.637,False,200,
1787722143.6627376,serverless,30.0,30.0,63.789,False,200,
1787722143.696071,serverless,30.0,30.0,40.349,False,200,
1787722143.7294042,serverless,30.0,30.0,42.208,False,200,
1787722143.7627378,serverless,30.0,30.0,39.247,False,200,
1787722143.796071,serverless,30.0,30.0,34.391,False,200,
1787722143.8294044,serverless,30.0,30.0,56.405,False,200,
1787722143.8627377,serverless,30.0,30.0,31.063,False,200,
1787722143.896071,serverless,30.0,30.0,37.446,False,200,
1787722143.9294043,serverless,30.0,30.0,40.75,False,200,
1787722143.9627376,serverless,30.0,30.0,53.027,False,200,
1787722143.9960709,serverless,30.0,30.0,58.645,False,200,
1787722144.0294044,serverless,30.0,30.0,72.291,False,200,
1787722144.0627377,serverless,30.0,30.0,58.769,False,200,
1787722144.096071,serverless,30.0,30.0,45.658,False,200,
1787722144.1294043,serverless,30.0,30.0,61.573,False,200,
1787722144.1627376,serverless,30.0,30.0,37.968,False,200,
1787722144.196071,serverless,30.0,30.0,42.14,False,200,
1787722144.2294042,serverless,30.0,30.0,727.128,True,200,
1787722144.2627378,serverless,30.0,30.0,53.598,False,200,
1787722144.296071,serverless,30.0,30.0,37.537,False,200,
1787722144.3294044,serverless,30.0,30.0,45.823,False,200,
1787722144.3627377,serverless,30.0,30.0,50.162,False,200,
1787722144.396071,serverless,30.0,30.0,53.558,False,200,
1787722144.4294043,serverless,30.0,30.0,56.862,False,200,
1787722144.4627376,serverless,30.0,30.0,57.699,False,200,
1787722144.4960709,serverless,30.0,30.0,46.058,False,200,
1787722144.5294044,serverless,30.0,30.0,57.705,False,200,
1787722144.5627377,serverless,30.0,30.0,52.081,False,200,
1787722144.596071,serverless,30.0,30.0,32.254,False,200,
1787722144.6294043,serverless,30.0,30.0,62.164,False,200,
1787722144.6627376,serverless,30.0,30.0,53.017,False,200,
1787722144.696071,serverless,30.0,30.0,52.323,False,200,
1787722144.7294042,serverless,30.0,30.0,42.497,False,200,
1787722144.7627378,serverless,30.0,30.0,30.688,False,200,
1787722144.796071,serverless,30.0,30.0,62.645,False,200,
1787722144.8294044,serverless,30.0,30.0,44.181,False,200,
1787722144.8627377,serverless,30.0,30.0,30.84,False,200,
1787722144.896071,serverless,30.0,30.0,54.417,False,200,
1787722144.9294043,serverless,30.0,30.0,41.945,False,200,
1787722144.9627376,serverless,30.0,30.0,62.243,False,200,
1787722144.9960709,serverless,30.0,30.0,69.043,False,200,
1787722145.0294044,serverless,30.0,30.0,58.634,False,200,
1787722145.0627377,serverless,30.0,30.0,44.592,False,200,
1787722145.096071,serverless,30.0,30.0,62.902,False,200,
1787722145.1294043,serverless,30.0,30.0,73.646,False,200,
1787722145.1627376,serverless,30.0,30.0,58.718,False,200,
1787722145.196071,serverless,30.0,30.0,56.033,False,200,
1787722145.2294042,serverless,30.0,30.0,51.974,False,200,
1787722145.2627378,serverless,30.0,30.0,44.169,False,200,
1787722145.296071,serverless,30.0,30.0,55.842,False,200,
1787722145.3294044,serverless,30.0,30.0,39.228,False,200,
1787722145.3627377,serverless,30.0,30.0,36.174,False,200,
1787722145.396071,serverless,30.0,30.0,53.217,False,200,
1787722145.4294043,serverless,30.0,30.0,58.85,False,200,
1787722145.4627376,serverless,30.0,30.0,61.463,False,200,
1787722145.4960709,serverless,30.0,30.0,56.025,False,200,
1787722145.5294044,serverless,30.0,30.0,51.684,False,200,
1787722145.5627377,serverless,30.0,30.0,45.34,False,200,
1787722145.596071,serverless,30.0,30.0,48.464,False,200,
1787722145.6294043,serverless,30.0,30.0,51.755,False,200,
1787722145.6627376,serverless,30.0,30.0,60.431,False,200,
1787722145.696071,serverless,30.0,30.0,43.519,False,200,
1787722145.7294042,serverless,30.0,30.0,48.879,False,200,
1787722145.7627378,serverless,30.0,30.0,41.171,False,200,
1787722145.796071,serverless,30.0,30.0,50.469,False,200,
1787722145.8294044,serverless,30.0,30.0,50.971,False,200,
1787722145.8627377,serverless,30.0,30.0,43.589,False,200,
1787722145.896071,serverless,30.0,30.0,83.425,False,200,
1787722145.9294043,serverless,30.0,30.0,45.903,False,200,
1787722145.9627376,serverless,30.0,30.0,42.097,False,200,
1787722145.9960709,serverless,30.0,30.0,38.254,False,200,
1787722146.0294044,serverless,30.0,30.0,56.273,False,200,
1787722146.0627377,serverless,30.0,30.0,62.851,False,200,
1787722146.096071,serverless,30.0,30.0,63.305,False,200,
1787722146.1294043,serverless,30.0,30.0,48.196,False,200,
1787722146.1627376,serverless,30.0,30.0,47.925,False,200,
1787722146.196071,serverless,30.0,30.0,53.085,False,200,
1787722146.2294042,serverless,30.0,30.0,60.11,False,200,
1787722146.2627378,serverless,30.0,30.0,39.16,False,200,
1787722146.296071,serverless,30.0,30.0,58.186,False,200,
1787722146.3294044,serverless,30.0,30.0,45.545,False,200,
1787722146.3627377,serverless,30.0,30.0,51.236,False,200,
1787722146.396071,serverless,30.0,30.0,47.208,False,200,
1787722146.4294043,serverless,30.0,30.0,43.874,False,200,
1787722146.4627376,serverless,30.0,30.0,38.165,False,200,
1787722146.4960709,serverless,30.0,30.0,47.506,False,200,
1787722146.5294044,serverless,30.0,30.0,54.158,False,200,
1787722146.5627377,serverless,30.0,30.0,52.99,False,200,
1787722146.596071,serverless,30.0,30.0,52.414,False,200,
1787722146.6294043,serverless,30.0,30.0,44.333,False,200,
1787722146.6627376,serverless,30.0,30.0,38.396,False,200,
1787722146.696071,serverless,30.0,30.0,56.719,False,200,
1787722146.7294042,serverless,30.0,30.0,36.563,False,200,
1787722146.7627378,serverless,30.0,30.0,63.241,False,200,
1787722146.796071,serverless,30.0,30.0,53.882,False,200,
1787722146.8294044,serverless,30.0,30.0,44.848,False,200,
1787722146.8627377,serverless,30.0,30.0,50.98,False,200,
1787722146.896071,serverless,30.0,30.0,55.977,False,200,
1787722146.9294043,serverless,30.0,30.0,45.177,False,200,
1787722146.9627376,serverless,30.0,30.0,37.335,False,200,
1787722146.9960709,serverless,30.0,30.0,55.823,False,200,
1787722147.0294044,serverless,30.0,30.0,67.628,False,200,
1787722147.0627377,serverless,30.0,30.0,46.271,False,200,
1787722147.096071,serverless,30.0,30.0,48.348,False,200,
1787722147.1294043,serverless,30.0,30.0,54.392,False,200,
1787722147.1627376,serverless,30.0,30.0,35.24,False,200,
1787722147.196071,serverless,30.0,30.0,57.624,False,200,
1787722147.2294042,serverless,30.0,30.0,43.128,False,200,
1787722147.2627378,serverless,30.0,30.0,49.577,False,200,
1787722147.296071,serverless,30.0,30.0,51.553,False,200,
1787722147.3294044,serverless,30.0,30.0,33.867,False,200,
1787722147.3627377,serverless,30.0,30.0,54.582,False,200,
1787722147.396071,serverless,30.0,30.0,36.528,False,200,
1787722147.4294043,serverless,30.0,30.0,48.82,False,200,
1787722147.4627376,serverless,30.0,30.0,52.078,False,200,
1787722147.4960709,serverless,30.0,30.0,78.294,False,200,
1787722147.5294044,serverless,30.0,30.0,49.691,False,200,
1787722147.5627377,serverless,30.0,30.0,78.263,False,200,
1787722147.596071,serverless,30.0,30.0,56.877,False,200,
1787722147.6294043,serverless,30.0,30.0,57.33,False,200,
1787722147.6627376,serverless,30.0,30.0,45.432,False,200,
1787722147.696071,serverless,30.0,30.0,45.335,False,200,
1787722147.7294042,serverless,30.0,30.0,48.153,False,200,
1787722147.7627378,serverless,30.0,30.0,60.375,False,200,
1787722147.796071,serverless,30.0,30.0,48.899,False,200,
1787722147.8294044,serverless,30.0,30.0,37.049,False,200,
1787722147.8627377,serverless,30.0,30.0,62.181,False,200,
1787722147.896071,serverless,30.0,30.0,48.899,False,200,
1787722147.9294043,serverless,30.0,30.0,50.788,False,200,
1787722147.9627376,serverless,30.0,30.0,46.464,False,200,
1787722147.9960709,serverless,30.0,30.0,53.65,False,200,
1787722148.0294044,serverless,30.0,30.0,64.732,False,200,
1787722148.0627377,serverless,30.0,30.0,66.768,False,200,
1787722148.096071,serverless,30.0,30.0,67.537,False,200,
1787722148.1294043,serverless,30.0,30.0,45.974,False,200,
1787722148.1627376,serverless,30.0,30.0,54.321,False,200,
1787722148.196071,serverless,30.0,30.0,65.08,False,200,
1787722148.2294042,serverless,30.0,30.0,54.002,False,200,
1787722148.2627378,serverless,30.0,30.0,40.747,False,200,
1787722148.296071,serverless,30.0,30.0,57.673,False,200,
1787722148.3294044,serverless,30.0,30.0,50.186,False,200,
1787722148.3627377,serverless,30.0,30.0,46.27,False,200,
1787722148.396071,serverless,30.0,30.0,29.89,False,200,
1787722148.4294043,serverless,30.0,30.0,40.827,False,200,
1787722148.4627376,serverless,30.0,30.0,36.589,False,200,
1787722148.4960709,serverless,30.0,30.0,44.575,False,200,
1787722148.5294044,serverless,30.0,30.0,40.694,False,200,
1787722148.5627377,serverless,30.0,30.0,44.984,False,200,
1787722148.596071,serverless,30.0,30.0,56.961,False,200,
1787722148.6294043,serverless,30.0,30.0,82.083,False,200,
1787722148.6627376,serverless,30.0,30.0,58.657,False,200,
1787722148.696071,serverless,30.0,30.0,41.193,False,200,
1787722148.7294042,serverless,30.0,30.0,37.766,False,200,
1787722148.7627378,serverless,30.0,30.0,45.526,False,200,
1787722148.796071,serverless,30.0,30.0,31.229,False,200,
1787722148.8294044,serverless,30.0,30.0,52.944,False,200,
1787722148.8627377,serverless,30.0,30.0,47.286,False,200,
1787722148.896071,serverless,30.0,30.0,67.871,False,200,
1787722148.9294043,serverless,30.0,30.0,48.562,False,200,
1787722148.9627376,serverless,30.0,30.0,44.502,False,200,
1787722148.9960709,serverless,30.0,30.0,65.239,False,200,
1787722149.0294044,serverless,30.0,30.0,47.183,False,200,
1787722149.0627377,serverless,30.0,30.0,55.782,False,200,
1787722149.096071,serverless,30.0,30.0,38.998,False,200,
1787722149.1294043,serverless,30.0,30.0,45.379,False,200,
1787722149.1627376,serverless,30.0,30.0,53.343,False,200,
1787722149.196071,serverless,30.0,30.0,42.526,False,200,
1787722149.2294042,serverless,30.0,30.0,50.747,False,200,
1787722149.2627378,serverless,30.0,30.0,53.712,False,200,
1787722149.296071,serverless,30.0,30.0,35.915,False,200,
1787722149.3294044,serverless,30.0,30.0,56.595,False,200,
1787722149.3627377,serverless,30.0,30.0,43.202,False,200,
1787722149.396071,serverless,30.0,30.0,66.55,False,200,
1787722149.4294043,serverless,30.0,30.0,78.473,False,200,
1787722149.4627376,serverless,30.0,30.0,59.914,False,200,
1787722149.4960709,serverless,30.0,30.0,44.373,False,200,
1787722149.5294044,serverless,30.0,30.0,48.941,False,200,
1787722149.5627377,serverless,30.0,30.0,58.568,False,200,
1787722149.596071,serverless,30.0,30.0,58.462,False,200,
1787722149.6294043,serverless,30.0,30.0,97.878,False,200,
1787722149.6627376,serverless,30.0,30.0,55.96,False,200,
1787722149.696071,serverless,30.0,30.0,55.05,False,200,
1787722149.7294042,serverless,30.0,30.0,37.102,False,200,
1787722149.7627378,serverless,30.0,30.0,50.546,False,200,
1787722149.796071,serverless,30.0,30.0,44.694,False,200,
1787722149.8294044,serverless,30.0,30.0,50.788,False,200,
1787722149.8627377,serverless,30.0,30.0,60.678,False,200,
1787722149.896071,serverless,30.0,30.0,53.524,False,200,
1787722149.9294043,serverless,30.0,30.0,47.197,False,200,
1787722149.9627376,serverless,30.0,30.0,47.281,False,200,
1787722149.9960709,serverless,30.0,30.0,47.889,False,200,
1787722150.0294044,serverless,30.0,30.0,51.109,False,200,
1787722150.0627377,serverless,30.0,30.0,65.661,False,200,
1787722150.096071,serverless,30.0,30.0,59.582,False,200,
1787722150.1294043,serverless,30.0,30.0,34.18,False,200,
1787722150.1627376,serverless,30.0,30.0,57.761,False,200,
1787722150.196071,serverless,30.0,30.0,37.262,False,200,
1787722150.2294042,serverless,30.0,30.0,46.177,False,200,
1787722150.2627378,serverless,30.0,30.0,42.477,False,200,
1787722150.296071,serverless,30.0,30.0,54.406,False,200,
1787722150.3294044,serverless,30.0,30.0,64.161,False,200,
1787722150.3627377,serverless,30.0,30.0,57.059,False,200,
1787722150.396071,serverless,30.0,30.0,51.482,False,200,
1787722150.4294043,serverless,30.0,30.0,67.761,False,200,
1787722150.4627376,serverless,30.0,30.0,53.303,False,200,
1787722150.4960709,serverless,30.0,30.0,56.514,False,200,
1787722150.5294044,serverless,30.0,30.0,42.07,False,200,
1787722150.5627377,serverless,30.0,30.0,42.029,False,200,
1787722150.596071,serverless,30.0,30.0,55.691,False,200,
1787722150.6294043,serverless,30.0,30.0,48.272,False,200,
1787722150.6627376,serverless,30.0,30.0,36.208,False,200,
1787722150.696071,serverless,30.0,30.0,38.469,False,200,
1787722150.7294042,serverless,30.0,30.0,48.4,False,200,
1787722150.7627378,serverless,30.0,30.0,46.979,False,200,
1787722150.796071,serverless,30.0,30.0,44.81,False,200,
1787722150.8294044,serverless,30.0,30.0,57.404,False,200,
1787722150.8627377,serverless,30.0,30.0,52.426,False,200,
1787722150.896071,serverless,30.0,30.0,67.425,False,200,
1787722150.9294043,serverless,30.0,30.0,36.535,False,200,
1787722150.9627376,serverless,30.0,30.0,54.238,False,200,
1787722150.9960709,serverless,30.0,30.0,47.919,False,200,
1787722151.0294044,serverless,30.0,30.0,44.378,False,200,
1787722151.0627377,serverless,30.0,30.0,43.915,False,200,
1787722151.096071,serverless,30.0,30.0,64.871,False,200,
1787722151.1294043,serverless,30.0,30.0,45.292,False,200,
1787722151.1627376,serverless,30.0,30.0,54.574,False,200,
1787722151.196071,serverless,30.0,30.0,39.304,False,200,
1787722151.2294042,serverless,30.0,30.0,46.432,False,200,
1787722151.2627378,serverless,30.0,30.0,67.543,False,200,
1787722151.296071,serverless,30.0,30.0,60.792,False,200,
1787722151.3294044,serverless,30.0,30.0,52.881,False,200,
1787722151.3627377,serverless,30.0,30.0,59.656,False,200,
1787722151.396071,serverless,30.0,30.0,47.251,False,200,
1787722151.4294043,serverless,30.0,30.0,39.219,False,200,
1787722151.4627376,serverless,30.0,30.0,59.101,False,200,
1787722151.4960709,serverless,30.0,30.0,55.349,False,200,
1787722151.5294044,serverless,30.0,30.0,706.535,True,200,
1787722151.5627377,serverless,30.0,30.0,51.472,False,200,
1787722151.596071,serverless,30.0,30.0,45.841,False,200,
1787722151.6294043,serverless,30.0,30.0,58.806,False,200,
1787722151.6627376,serverless,30.0,30.0,61.099,False,200,
1787722151.696071,serverless,30.0,30.0,48.232,False,200,
1787722151.7294042,serverless,30.0,30.0,71.681,False,200,
1787722151.7627378,serverless,30.0,30.0,56.8,False,200,
1787722151.796071,serverless,30.0,30.0,59.58,False,200,
1787722151.8294044,serverless,30.0,30.0,55.099,False,200,
1787722151.8627377,serverless,30.0,30.0,42.491,False,200,
1787722151.896071,serverless,30.0,30.0,47.754,False,200,
1787722151.9294043,serverless,30.0,30.0,50.368,False,200,
1787722151.9627376,serverless,30.0,30.0,74.262,False,200,
1787722151.9960709,serverless,30.0,30.0,48.754,False,200,
1787722152.0294044,serverless,30.0,30.0,39.194,False,200,
1787722152.0627377,serverless,30.0,30.0,67.774,False,200,
1787722152.096071,serverless,30.0,30.0,53.87,False,200,
1787722152.1294043,serverless,30.0,30.0,53.614,False,200,
1787722152.1627376,serverless,30.0,30.0,44.603,False,200,
1787722152.196071,serverless,30.0,30.0,49.54,False,200,
1787722152.2294042,serverless,30.0,30.0,50.048,False,200,
1787722152.2627378,serverless,30.0,30.0,57.456,False,200,
1787722152.296071,serverless,30.0,30.0,51.696,False,200,
1787722152.3294044,serverless,30.0,30.0,46.812,False,200,
1787722152.3627377,serverless,30.0,30.0,55.955,False,200,
1787722152.396071,serverless,30.0,30.0,63.29,False,200,
1787722152.4294043,serverless,30.0,30.0,39.768,False,200,
1787722152.4627376,serverless,30.0,30.0,39.446,False,200,
1787722152.4960709,serverless,30.0,30.0,65.297,False,200,
1787722152.5294044,serverless,30.0,30.0,65.54,False,200,
1787722152.5627377,serverless,30.0,30.0,37.763,False,200,
1787722152.596071,serverless,30.0,30.0,63.611,False,200,
1787722152.6294043,serverless,30.0,30.0,36.693,False,200,
1787722152.6627376,serverless,30.0,30.0,72.646,False,200,
1787722152.696071,serverless,30.0,30.0,50.303,False,200,
1787722152.7294042,serverless,30.0,30.0,43.532,False,200,
1787722152.7627378,serverless,30.0,30.0,52.862,False,200,
1787722152.796071,serverless,30.0,30.0,46.818,False,200,
1787722152.8294044,serverless,30.0,30.0,47.177,False,200,
1787722152.8627377,serverless,30.0,30.0,51.593,False,200,
1787722152.896071,serverless,30.0,30.0,65.022,False,200,
1787722152.9294043,serverless,30.0,30.0,69.719,False,200,
1787722152.9627376,serverless,30.0,30.0,63.37,False,200,
1787722152.9960709,serverless,30.0,30.0,66.471,False,200,
1787722153.0294044,serverless,30.0,30.0,52.195,False,200,
1787722153.0627377,serverless,30.0,30.0,50.078,False,200,
1787722153.096071,serverless,30.0,30.0,40.457,False,200,
1787722153.1294043,serverless,30.0,30.0,72.661,False,200,
1787722153.1627376,serverless,30.0,30.0,54.405,False,200,
1787722153.196071,serverless,30.0,30.0,63.033,False,200,
1787722153.2294042,serverless,30.0,30.0,55.21,False,200,
1787722153.2627378,serverless,30.0,30.0,46.896,False,200,
1787722153.296071,serverless,30.0,30.0,49.864,False,200,
1787722153.3294044,serverless,30.0,30.0,66.43,False,200,
1787722153.3627377,serverless,30.0,30.0,57.707,False,200,
1787722153.396071,serverless,30.0,30.0,52.834,False,200,
1787722153.4294043,serverless,30.0,30.0,49.68,False,200,
1787722153.4627376,serverless,30.0,30.0,55.828,False,200,
1787722153.4960709,serverless,30.0,30.0,67.634,False,200,
1787722153.5294044,serverless,30.0,30.0,50.438,False,200,
1787722153.5627377,serverless,30.0,30.0,35.129,False,200,
1787722153.596071,serverless,30.0,30.0,46.197,False,200,
1787722153.6294043,serverless,30.0,30.0,39.399,False,200,
1787722153.6627376,serverless,30.0,30.0,43.52,False,200,
1787722153.696071,serverless,30.0,30.0,65.762,False,200,
1787722153.7294042,serverless,30.0,30.0,66.672,False,200,
1787722153.7627378,serverless,30.0,30.0,46.6,False,200,
1787722153.796071,serverless,30.0,30.0,36.497,False,200,
1787722153.8294044,serverless,30.0,30.0,46.262,False,200,
1787722153.8627377,serverless,30.0,30.0,53.711,False,200,
1787722153.896071,serverless,30.0,30.0,54.143,False,200,
1787722153.9294043,serverless,30.0,30.0,63.103,False,200,
1787722153.9627376,serverless,30.0,30.0,56.401,False,200,
1787722153.9960709,serverless,30.0,30.0,63.786,False,200,
1787722154.0294044,serverless,30.0,30.0,68.141,False,200,
1787722154.0627377,serverless,30.0,30.0,46.212,False,200,
1787722154.096071,serverless,30.0,30.0,42.178,False,200,
1787722154.1294043,serverless,30.0,30.0,63.622,False,200,
1787722154.1627376,serverless,30.0,30.0,54.906,False,200,
1787722154.196071,serverless,30.0,30.0,65.131,False,200,
1787722154.2294042,serverless,30.0,30.0,47.379,False,200,
1787722154.2627378,serverless,30.0,30.0,64.197,False,200,
1787722154.296071,serverless,30.0,30.0,49.716,False,200,
1787722154.3294044,serverless,30.0,30.0,37.703,False,200,
1787722154.3627377,serverless,30.0,30.0,61.059,False,200,
1787722154.396071,serverless,30.0,30.0,44.635,False,200,
1787722154.4294043,serverless,30.0,30.0,56.172,False,200,
1787722154.4627376,serverless,30.0,30.0,32.4,False,200,
1787722154.4960709,serverless,30.0,30.0,45.662,False,200,
1787722154.5294044,serverless,30.0,30.0,44.985,False,200,
1787722154.5627377,serverless,30.0,30.0,40.636,False,200,
1787722154.596071,serverless,30.0,30.0,38.427,False,200,
1787722154.6294043,serverless,30.0,30.0,54.385,False,200,
1787722154.6627376,serverless,30.0,30.0,46.596,False,200,
1787722154.696071,serverless,30.0,30.0,51.668,False,200,
1787722154.7294042,serverless,30.0,30.0,61.101,False,200,
1787722154.7627378,serverless,30.0,30.0,46.81,False,200,
1787722154.796071,serverless,30.0,30.0,45.639,False,200,
1787722154.8294044,serverless,30.0,30.0,52.971,False,200,
1787722154.8627377,serverless,30.0,30.0,54.975,False,200,
1787722154.896071,serverless,30.0,30.0,48.239,False,200,
1787722154.9294043,serverless,30.0,30.0,43.122,False,200,
1787722154.9627376,serverless,30.0,30.0,75.901,False,200,
1787722154.9960709,serverless,30.0,30.0,44.256,False,200,
1787722155.0294044,serverless,30.0,30.0,63.546,False,200,
1787722155.0627377,serverless,30.0,30.0,48.579,False,200,
1787722155.096071,serverless,30.0,30.0,32.821,False,200,
1787722155.1294043,serverless,30.0,30.0,33.151,False,200,
1787722155.1627376,serverless,30.0,30.0,39.339,False,200,
1787722155.196071,serverless,30.0,30.0,59.414,False,200,
1787722155.2294042,serverless,30.0,30.0,46.345,False,200,
1787722155.2627378,serverless,30.0,30.0,44.063,False,200,
1787722155.296071,serverless,30.0,30.0,49.769,False,200,
1787722155.3294044,serverless,30.0,30.0,47.318,False,200,
1787722155.3627377,serverless,30.0,30.0,57.199,False,200,
1787722155.396071,serverless,30.0,30.0,42.668,False,200,
1787722155.4294043,serverless,30.0,30.0,57.285,False,200,
1787722155.4627376,serverless,30.0,30.0,48.0,False,200,
1787722155.4960709,serverless,30.0,30.0,44.615,False,200,
1787722155.5294044,serverless,30.0,30.0,48.466,False,200,
1787722155.5627377,serverless,30.0,30.0,54.05,False,200,
1787722155.596071,serverless,30.0,30.0,47.234,False,200,
1787722155.6294043,serverless,30.0,30.0,45.438,False,200,
1787722155.6627376,serverless,30.0,30.0,44.718,False,200,
1787722155.696071,serverless,30.0,30.0,59.476,False,200,
1787722155.7294042,serverless,30.0,30.0,52.066,False,200,
1787722155.7627378,serverless,30.0,30.0,40.383,False,200,
1787722155.796071,serverless,30.0,30.0,51.578,False,200,
1787722155.8294044,serverless,30.0,30.0,55.368,False,200,
1787722155.8627377,serverless,30.0,30.0,58.403,False,200,
1787722155.896071,serverless,30.0,30.0,53.247,False,200,
1787722155.9294043,serverless,30.0,30.0,34.718,False,200,
1787722155.9627376,serverless,30.0,30.0,63.761,False,200,
1787722155.9960709,serverless,30.0,30.0,49.925,False,200,
1787722156.0294044,serverless,30.0,30.0,38.13,False,200,
1787722156.0627377,serverless,30.0,30.0,79.039,False,200,
1787722156.096071,serverless,30.0,30.0,57.857,False,200,
1787722156.1294043,serverless,30.0,30.0,34.149,False,200,
1787722156.1627376,serverless,30.0,30.0,47.657,False,200,
1787722156.196071,serverless,30.0,30.0,40.338,False,200,
1787722156.2294042,serverless,30.0,30.0,64.416,False,200,
1787722156.2627378,serverless,30.0,30.0,55.023,False,200,
1787722156.296071,serverless,30.0,30.0,63.281,False,200,
1787722156.3294044,serverless,30.0,30.0,30.556,False,200,
1787722156.3627377,serverless,30.0,30.0,79.911,False,200,
1787722156.396071,serverless,30.0,30.0,59.553,False,200,
1787722156.4294043,serverless,30.0,30.0,62.812,False,200,
1787722156.4627376,serverless,30.0,30.0,37.939,False,200,
1787722156.4960709,serverless,30.0,30.0,61.743,False,200,
1787722156.5294044,serverless,30.0,30.0,41.458,False,200,
1787722156.5627377,serverless,30.0,30.0,40.555,False,200,
1787722156.596071,serverless,30.0,30.0,37.443,False,200,
1787722156.6294043,serverless,30.0,30.0,62.825,False,200,
1787722156.6627376,serverless,30.0,30.0,41.232,False,200,
1787722156.696071,serverless,30.0,30.0,34.888,False,200,
1787722156.7294042,serverless,30.0,30.0,64.336,False,200,
1787722156.7627378,serverless,30.0,30.0,60.668,False,200,
1787722156.796071,serverless,30.0,30.0,52.189,False,200,
1787722156.8294044,serverless,30.0,30.0,34.263,False,200,
1787722156.8627377,serverless,30.0,30.0,54.381,False,200,
1787722156.896071,serverless,30.0,30.0,44.549,False,200,
1787722156.9294043,serverless,30.0,30.0,39.889,False,200,
1787722156.9627376,serverless,30.0,30.0,49.81,False,200,
1787722156.9960709,serverless,30.0,30.0,49.451,False,200,
1787722157.0294044,serverless,30.0,30.0,50.528,False,200,
1787722157.0627377,serverless,30.0,30.0,42.408,False,200,
1787722157.096071,serverless,30.0,30.0,51.665,False,200,
1787722157.1294043,serverless,30.0,30.0,53.521,False,200,
1787722157.1627376,serverless,30.0,30.0,56.683,False,200,
1787722157.196071,serverless,30.0,30.0,63.924,False,200,
1787722157.2294042,serverless,30.0,30.0,48.977,False,200,
1787722157.2627378,serverless,30.0,30.0,63.582,False,200,
1787722157.296071,serverless,30.0,30.0,57.23,False,200,
1787722157.3294044,serverless,30.0,30.0,49.757,False,200,
1787722157.3627377,serverless,30.0,30.0,43.061,False,200,
1787722157.396071,serverless,30.0,30.0,80.419,False,200,
1787722157.4294043,serverless,30.0,30.0,47.355,False,200,
1787722157.4627376,serverless,30.0,30.0,42.713,False,200,
1787722157.4960709,serverless,30.0,30.0,77.424,False,200,
1787722157.5294044,serverless,30.0,30.0,47.638,False,200,
1787722157.5627377,serverless,30.0,30.0,50.011,False,200,
1787722157.596071,serverless,30.0,30.0,50.838,False,200,
1787722157.6294043,serverless,30.0,30.0,56.373,False,200,
1787722157.6627376,serverless,30.0,30.0,66.363,False,200,
1787722157.696071,serverless,30.0,30.0,55.915,False,200,
1787722157.7294042,serverless,30.0,30.0,42.001,False,200,
1787722157.7627378,serverless,30.0,30.0,44.489,False,200,
1787722157.796071,serverless,30.0,30.0,60.43,False,200,
1787722157.8294044,serverless,30.0,30.0,49.732,False,200,
1787722157.8627377,serverless,30.0,30.0,45.237,False,200,
1787722157.896071,serverless,30.0,30.0,34.865,False,200,
1787722157.9294043,serverless,30.0,30.0,36.395,False,200,
1787722157.9627376,serverless,30.0,30.0,49.76,False,200,
1787722157.9960709,serverless,30.0,30.0,54.756,False,200,
1787722158.0294044,serverless,30.0,30.0,58.924,False,200,
1787722158.0627377,serverless,30.0,30.0,52.491,False,200,
1787722158.096071,serverless,30.0,30.0,54.668,False,200,
1787722158.1294043,serverless,30.0,30.0,36.581,False,200,
1787722158.1627376,serverless,30.0,30.0,60.627,False,200,
1787722158.196071,serverless,30.0,30.0,40.895,False,200,
1787722158.2294042,serverless,30.0,30.0,43.423,False,200,
1787722158.2627378,serverless,30.0,30.0,42.602,False,200,
1787722158.296071,serverless,30.0,30.0,57.015,False,200,
1787722158.3294044,serverless,30.0,30.0,50.45,False,200,
1787722158.3627377,serverless,30.0,30.0,60.874,False,200,
1787722158.396071,serverless,30.0,30.0,51.998,False,200,
1787722158.4294043,serverless,30.0,30.0,46.781,False,200,
1787722158.4627376,serverless,30.0,30.0,54.898,False,200,
1787722158.4960709,serverless,30.0,30.0,57.69,False,200,
1787722158.5294044,serverless,30.0,30.0,58.578,False,200,
1787722158.5627377,serverless,30.0,30.0,43.005,False,200,
1787722158.596071,serverless,30.0,30.0,55.199,False,200,
1787722158.6294043,serverless,30.0,30.0,58.21,False,200,
1787722158.6627376,serverless,30.0,30.0,46.578,False,200,
1787722158.696071,serverless,30.0,30.0,50.525,False,200,
1787722158.7294042,serverless,30.0,30.0,67.848,False,200,
1787722158.7627378,serverless,30.0,30.0,42.347,False,200,
1787722158.796071,serverless,30.0,30.0,45.516,False,200,
1787722158.8294044,serverless,30.0,30.0,65.925,False,200,
1787722158.8627377,serverless,30.0,30.0,38.84,False,200,
1787722158.896071,serverless,30.0,30.0,45.29,False,200,
1787722158.9294043,serverless,30.0,30.0,59.139,False,200,
1787722158.9627376,serverless,30.0,30.0,52.631,False,200,
1787722158.9960709,serverless,30.0,30.0,56.581,False,200,
1787722159.0294044,serverless,30.0,30.0,41.782,False,200,
1787722159.0627377,serverless,30.0,30.0,47.669,False,200,
1787722159.096071,serverless,30.0,30.0,53.434,False,200,
1787722159.1294043,serverless,30.0,30.0,48.7,False,200,
1787722159.1627376,serverless,30.0,30.0,51.067,False,200,
1787722159.196071,serverless,30.0,30.0,34.467,False,200,
1787722159.2294042,serverless,30.0,30.0,46.282,False,200,
1787722159.2627378,serverless,30.0,30.0,45.778,False,200,
1787722159.296071,serverless,30.0,30.0,40.353,False,200,
1787722159.3294044,serverless,30.0,30.0,52.296,False,200,
1787722159.3627377,serverless,30.0,30.0,53.68,False,200,
1787722159.396071,serverless,30.0,30.0,47.009,False,200,
1787722159.4294043,serverless,30.0,30.0,72.875,False,200,
1787722159.4627376,serverless,30.0,30.0,44.109,False,200,
1787722159.4960709,serverless,30.0,30.0,64.694,False,200,
1787722159.5294044,serverless,30.0,30.0,59.189,False,200,
1787722159.5627377,serverless,30.0,30.0,49.459,False,200,
1787722159.596071,serverless,30.0,30.0,62.902,False,200,
1787722159.6294043,serverless,30.0,30.0,39.694,False,200,
1787722159.6627376,serverless,30.0,30.0,60.896,False,200,
1787722159.696071,serverless,30.0,30.0,45.09,False,200,
1787722159.7294042,serverless,30.0,30.0,52.554,False,200,
1787722159.7627378,serverless,30.0,30.0,65.81,False,200,
1787722159.796071,serverless,30.0,30.0,56.981,False,200,
1787722159.8294044,serverless,30.0,30.0,49.885,False,200,
1787722159.8627377,serverless,30.0,30.0,48.448,False,200,
1787722159.896071,serverless,30.0,30.0,59.392,False,200,
1787722159.9294043,serverless,30.0,30.0,41.699,False,200,
1787722159.9627376,serverless,30.0,30.0,37.338,False,200,
1787722159.9960709,serverless,30.0,30.0,47.317,False,200,
1787722160.0294044,serverless,30.0,30.0,53.837,False,200,
1787722160.0627377,serverless,30.0,30.0,56.704,False,200,
1787722160.096071,serverless,30.0,30.0,51.53,False,200,
1787722160.1294043,serverless,30.0,30.0,62.342,False,200,
1787722160.1627376,serverless,30.0,30.0,52.656,False,200,
1787722160.196071,serverless,30.0,30.0,54.21,False,200,
1787722160.2294042,serverless,30.0,30.0,42.942,False,200,
1787722160.2627378,serverless,30.0,30.0,59.876,False,200,
1787722160.296071,serverless,30.0,30.0,64.201,False,200,
1787722160.3294044,serverless,30.0,30.0,51.914,False,200,
1787722160.3627377,serverless,30.0,30.0,63.642,False,200,
1787722160.396071,serverless,30.0,30.0,45.303,False,200,
1787722160.4294043,serverless,30.0,30.0,57.63,False,200,
1787722160.4627376,serverless,30.0,30.0,62.97,False,200,
1787722160.4960709,serverless,30.0,30.0,38.979,False,200,
1787722160.5294044,serverless,30.0,30.0,59.304,False,200,
1787722160.5627377,serverless,30.0,30.0,49.991,False,200,
1787722160.596071,serverless,30.0,30.0,38.229,False,200,
1787722160.6294043,serverless,30.0,30.0,39.532,False,200,
1787722160.6627376,serverless,30.0,30.0,45.604,False,200,
1787722160.696071,serverless,30.0,30.0,51.121,False,200,
1787722160.7294042,serverless,30.0,30.0,48.182,False,200,
1787722160.7627378,serverless,30.0,30.0,51.533,False,200,
1787722160.796071,serverless,30.0,30.0,46.415,False,200,
1787722160.8294044,serverless,30.0,30.0,56.149,False,200,
1787722160.8627377,serverless,30.0,30.0,53.884,False,200,
1787722160.896071,serverless,30.0,30.0,46.373,False,200,
1787722160.9294043,serverless,30.0,30.0,49.55,False,200,
1787722160.9627376,serverless,30.0,30.0,72.386,False,200,
1787722160.9960709,serverless,30.0,30.0,51.781,False,200,
1787722161.0294044,serverless,30.0,30.0,46.773,False,200,
1787722161.0627377,serverless,30.0,30.0,49.361,False,200,
1787722161.096071,serverless,30.0,30.0,38.897,False,200,
1787722161.1294043,serverless,30.0,30.0,69.982,False,200,
1787722161.1627376,serverless,30.0,30.0,57.484,False,200,
1787722161.196071,serverless,30.0,30.0,50.022,False,200,
1787722161.2294042,serverless,30.0,30.0,50.544,False,200,
1787722161.2627378,serverless,30.0,30.0,60.703,False,200,
1787722161.296071,serverless,30.0,30.0,38.558,False,200,
1787722161.3294044,serverless,30.0,30.0,62.374,False,200,
1787722161.3627377,serverless,30.0,30.0,62.993,False,200,
1787722161.396071,serverless,30.0,30.0,54.602,False,200,
1787722161.4294043,serverless,30.0,30.0,61.128,False,200,
1787722161.4627376,serverless,30.0,30.0,51.931,False,200,
1787722161.4960709,serverless,30.0,30.0,44.784,False,200,
1787722161.5294044,serverless,30.0,30.0,59.629,False,200,
1787722161.5627377,serverless,30.0,30.0,46.873,False,200,
1787722161.596071,serverless,30.0,30.0,43.481,False,200,
1787722161.6294043,serverless,30.0,30.0,46.44,False,200,
1787722161.6627376,serverless,30.0,30.0,56.169,False,200,
1787722161.696071,serverless,30.0,30.0,61.547,False,200,
1787722161.7294042,serverless,30.0,30.0,43.845,False,200,
1787722161.7627378,serverless,30.0,30.0,50.607,False,200,
1787722161.796071,serverless,30.0,30.0,57.239,False,200,
1787722161.8294044,serverless,30.0,30.0,46.188,False,200,
1787722161.8627377,serverless,30.0,30.0,52.904,False,200,
1787722161.896071,serverless,30.0,30.0,63.307,False,200,
1787722161.9294043,serverless,30.0,30.0,56.677,False,200,
1787722161.9627376,serverless,30.0,30.0,45.323,False,200,
1787722161.9960709,serverless,30.0,30.0,1731.173,True,200,
1787722162.0294044,serverless,30.0,30.0,58.484,False,200,
1787722162.0627377,serverless,30.0,30.0,51.026,False,200,
1787722162.096071,serverless,30.0,30.0,49.171,False,200,
1787722162.1294043,serverless,30.0,30.0,41.647,False,200,
1787722162.1627376,serverless,30.0,30.0,39.527,False,200,
1787722162.196071,serverless,30.0,30.0,51.255,False,200,
1787722162.2294042,serverless,30.0,30.0,43.075,False,200,
1787722162.2627378,serverless,30.0,30.0,37.096,False,200,
1787722162.296071,serverless,30.0,30.0,34.976,False,200,
1787722162.3294044,serverless,30.0,30.0,49.443,False,200,
1787722162.3627377,serverless,30.0,30.0,41.784,False,200,
1787722162.396071,serverless,30.0,30.0,46.55,False,200,
1787722162.4294043,serverless,30.0,30.0,52.377,False,200,
1787722162.4627376,serverless,30.0,30.0,54.964,False,200,
1787722162.4960709,serverless,30.0,30.0,49.575,False,200,
1787722162.5294044,serverless,30.0,30.0,56.76,False,200,
1787722162.5627377,serverless,30.0,30.0,46.973,False,200,
1787722162.596071,serverless,30.0,30.0,60.91,False,200,
1787722162.6294043,serverless,30.0,30.0,54.193,False,200,
1787722162.6627376,serverless,30.0,30.0,42.975,False,200,
1787722162.696071,serverless,30.0,30.0,34.91,False,200,
1787722162.7294042,serverless,30.0,30.0,57.519,False,200,
1787722162.7627378,serverless,30.0,30.0,45.53,False,200,
1787722162.796071,serverless,30.0,30.0,44.339,False,200,
1787722162.8294044,serverless,30.0,30.0,42.323,False,200,
1787722162.8627377,serverless,30.0,30.0,44.057,False,200,
1787722162.896071,serverless,30.0,30.0,57.517,False,200,
1787722162.9294043,serverless,30.0,30.0,60.673,False,200,
1787722162.9627376,serverless,30.0,30.0,50.128,False,200,
1787722162.9960709,serverless,30.0,30.0,33.151,False,200,
1787722163.0294044,serverless,30.0,30.0,35.857,False,200,
1787722163.0627377,serverless,30.0,30.0,57.855,False,200,
1787722163.096071,serverless,30.0,30.0,37.732,False,200,
1787722163.1294043,serverless,30.0,30.0,53.824,False,200,
1787722163.1627376,serverless,30.0,30.0,41.971,False,200,
1787722163.196071,serverless,30.0,30.0,47.858,False,200,
1787722163.2294042,serverless,30.0,30.0,47.841,False,200,
1787722163.2627378,serverless,30.0,30.0,52.792,False,200,
1787722163.296071,serverless,30.0,30.0,47.842,False,200,
1787722163.3294044,serverless,30.0,30.0,41.697,False,200,
1787722163.3627377,serverless,30.0,30.0,58.579,False,200,
1787722163.396071,serverless,30.0,30.0,51.476,False,200,
1787722163.4294043,serverless,30.0,30.0,46.671,False,200,
1787722163.4627376,serverless,30.0,30.0,47.613,False,200,
1787722163.4960709,serverless,30.0,30.0,46.394,False,200,
1787722163.5294044,serverless,30.0,30.0,48.153,False,200,
1787722163.5627377,serverless,30.0,30.0,55.669,False,200,
1787722163.596071,serverless,30.0,30.0,46.83,False,200,
1787722163.6294043,serverless,30.0,30.0,40.962,False,200,
1787722163.6627376,serverless,30.0,30.0,41.762,False,200,
1787722163.696071,serverless,30.0,30.0,51.415,False,200,
1787722163.7294042,serverless,30.0,30.0,35.66,False,200,
1787722163.7627378,serverless,30.0,30.0,63.993,False,200,
1787722163.796071,serverless,30.0,30.0,59.552,False,200,
1787722163.8294044,serverless,30.0,30.0,48.307,False,200,
1787722163.8627377,serverless,30.0,30.0,49.231,False,200,
1787722163.896071,serverless,30.0,30.0,40.715,False,200,
1787722163.9294043,serverless,30.0,30.0,56.807,False,200,
1787722163.9627376,serverless,30.0,30.0,75.123,False,200,
1787722163.9960709,serverless,30.0,30.0,46.637,False,200,
1787722164.0294044,serverless,30.0,30.0,38.902,False,200,
1787722164.0627377,serverless,30.0,30.0,54.951,False,200,
1787722164.096071,serverless,30.0,30.0,54.939,False,200,
1787722164.1294043,serverless,30.0,30.0,54.947,False,200,
1787722164.1627376,serverless,30.0,30.0,49.784,False,200,
1787722164.196071,serverless,30.0,30.0,59.721,False,200,
1787722164.2294042,serverless,30.0,30.0,50.113,False,200,
1787722164.2627378,serverless,30.0,30.0,59.657,False,200,
1787722164.296071,serverless,30.0,30.0,66.054,False,200,
1787722164.3294044,serverless,30.0,30.0,50.199,False,200,
1787722164.3627377,serverless,30.0,30.0,63.721,False,200,
1787722164.396071,serverless,30.0,30.0,57.229,False,200,
1787722164.4294043,serverless,30.0,30.0,54.097,False,200,
1787722164.4627376,serverless,30.0,30.0,59.834,False,200,
1787722164.4960709,serverless,30.0,30.0,36.798,False,200,
1787722164.5294044,serverless,30.0,30.0,44.948,False,200,
1787722164.5627377,serverless,30.0,30.0,47.17,False,200,
1787722164.596071,serverless,30.0,30.0,50.899,False,200,
1787722164.6294043,serverless,30.0,30.0,68.435,False,200,
1787722164.6627376,serverless,30.0,30.0,36.643,False,200,
1787722164.696071,serverless,30.0,30.0,39.963,False,200,
1787722164.7294042,serverless,30.0,30.0,43.613,False,200,
1787722164.7627378,serverless,30.0,30.0,49.51,False,200,
1787722164.796071,serverless,30.0,30.0,46.424,False,200,
1787722164.8294044,serverless,30.0,30.0,39.445,False,200,
1787722164.8627377,serverless,30.0,30.0,66.383,False,200,
1787722164.896071,serverless,30.0,30.0,48.098,False,200,
1787722164.9294043,serverless,30.0,30.0,51.253,False,200,
1787722164.9627376,serverless,30.0,30.0,51.382,False,200,
1787722164.9960709,serverless,30.0,30.0,50.714,False,200,
1787722165.0294044,serverless,30.0,30.0,50.429,False,200,
1787722165.0627377,serverless,30.0,30.0,43.866,False,200,
1787722165.096071,serverless,30.0,30.0,48.03,False,200,
1787722165.1294043,serverless,30.0,30.0,37.152,False,200,
1787722165.1627376,serverless,30.0,30.0,51.115,False,200,
1787722165.196071,serverless,30.0,30.0,36.316,False,200,
1787722165.2294042,serverless,30.0,30.0,43.457,False,200,
1787722165.2627378,serverless,30.0,30.0,39.229,False,200,
1787722165.296071,serverless,30.0,30.0,53.664,False,200,
1787722165.3294044,serverless,30.0,30.0,59.33,False,200,
1787722165.3627377,serverless,30.0,30.0,46.458,False,200,
1787722165.396071,serverless,30.0,30.0,1045.43,True,200,
1787722165.4294043,serverless,30.0,30.0,48.718,False,200,
1787722165.4627376,serverless,30.0,30.0,53.722,False,200,
1787722165.4960709,serverless,30.0,30.0,71.196,False,200,
1787722165.5294044,serverless,30.0,30.0,54.446,False,200,
1787722165.5627377,serverless,30.0,30.0,45.622,False,200,
1787722165.596071,serverless,30.0,30.0,44.956,False,200,
1787722165.6294043,serverless,30.0,30.0,49.918,False,200,
1787722165.6627376,serverless,30.0,30.0,1627.85,True,200,
1787722165.696071,serverless,30.0,30.0,44.588,False,200,
1787722165.7294042,serverless,30.0,30.0,44.466,False,200,
1787722165.7627378,serverless,30.0,30.0,50.111,False,200,
1787722165.796071,serverless,30.0,30.0,36.049,False,200,
1787722165.8294044,serverless,30.0,30.0,53.526,False,200,
1787722165.8627377,serverless,30.0,30.0,38.619,False,200,
1787722165.896071,serverless,30.0,30.0,38.279,False,200,
1787722165.9294043,serverless,30.0,30.0,41.325,False,200,
1787722165.9627376,serverless,30.0,30.0,55.085,False,200,
1787722165.9960709,serverless,30.0,30.0,39.855,False,200,
1787722166.0294044,serverless,30.0,30.0,51.703,False,200,
1787722166.0627377,serverless,30.0,30.0,44.313,False,200,
1787722166.096071,serverless,30.0,30.0,53.474,False,200,
1787722166.1294043,serverless,30.0,30.0,46.157,False,200,
1787722166.1627376,serverless,30.0,30.0,44.051,False,200,
1787722166.196071,serverless,30.0,30.0,52.402,False,200,
1787722166.2294042,serverless,30.0,30.0,47.331,False,200,
1787722166.2627378,serverless,30.0,30.0,60.375,False,200,
1787722166.296071,serverless,30.0,30.0,44.844,False,200,
1787722166.3294044,serverless,30.0,30.0,48.415,False,200,
1787722166.3627377,serverless,30.0,30.0,53.08,False,200,
1787722166.396071,serverless,30.0,30.0,70.104,False,200,
1787722166.4294043,serverless,30.0,30.0,66.351,False,200,
1787722166.4627376,serverless,30.0,30.0,65.201,False,200,
1787722166.4960709,serverless,30.0,30.0,51.235,False,200,
1787722166.5294044,serverless,30.0,30.0,42.474,False,200,
1787722166.5627377,serverless,30.0,30.0,62.615,False,200,
1787722166.596071,serverless,30.0,30.0,40.839,False,200,
1787722166.6294043,serverless,30.0,30.0,46.61,False,200,
1787722166.6627376,serverless,30.0,30.0,48.939,False,200,
1787722166.696071,serverless,30.0,30.0,58.069,False,200,
1787722166.7294042,serverless,30.0,30.0,58.791,False,200,
1787722166.7627378,serverless,30.0,30.0,69.77,False,200,
1787722166.796071,serverless,30.0,30.0,63.128,False,200,
1787722166.8294044,serverless,30.0,30.0,41.749,False,200,
1787722166.8627377,serverless,30.0,30.0,55.145,False,200,
1787722166.896071,serverless,30.0,30.0,36.47,False,200,
1787722166.9294043,serverless,30.0,30.0,48.668,False,200,
1787722166.9627376,serverless,30.0,30.0,68.761,False,200,
1787722166.9960709,serverless,30.0,30.0,46.081,False,200,
1787722167.0294044,serverless,30.0,30.0,52.109,False,200,
1787722167.0627377,serverless,30.0,30.0,37.565,False,200,
1787722167.096071,serverless,30.0,30.0,47.664,False,200,
1787722167.1294043,serverless,30.0,30.0,58.287,False,200,
1787722167.1627376,serverless,30.0,30.0,47.134,False,200,
1787722167.196071,serverless,30.0,30.0,46.124,False,200,
1787722167.2294042,serverless,30.0,30.0,41.061,False,200,
1787722167.2627378,serverless,30.0,30.0,64.022,False,200,
1787722167.296071,serverless,30.0,30.0,53.445,False,200,
1787722167.3294044,serverless,30.0,30.0,53.879,False,200,
1787722167.3627377,serverless,30.0,30.0,62.036,False,200,
1787722167.396071,serverless,30.0,30.0,52.266,False,200,
1787722167.4294043,serverless,30.0,30.0,44.274,False,200,
1787722167.4627376,serverless,30.0,30.0,32.068,False,200,
1787722167.4960709,serverless,30.0,30.0,47.967,False,200,
1787722167.5294044,serverless,30.0,30.0,34.359,False,200,
1787722167.5627377,serverless,30.0,30.0,60.422,False,200,
1787722167.596071,serverless,30.0,30.0,59.138,False,200,
1787722167.6294043,serverless,30.0,30.0,61.265,False,200,
1787722167.6627376,serverless,30.0,30.0,40.04,False,200,
1787722167.696071,serverless,30.0,30.0,58.417,False,200,
1787722167.7294042,serverless,30.0,30.0,52.544,False,200,
1787722167.7627378,serverless,30.0,30.0,66.644,False,200,
1787722167.796071,serverless,30.0,30.0,56.636,False,200,
1787722167.8294044,serverless,30.0,30.0,29.531,False,200,
1787722167.8627377,serverless,30.0,30.0,74.834,False,200,
1787722167.896071,serverless,30.0,30.0,61.058,False,200,
1787722167.9294043,serverless,30.0,30.0,43.765,False,200,
1787722167.9627376,serverless,30.0,30.0,63.763,False,200,
1787722167.9960709,serverless,30.0,30.0,43.397,False,200,
1787722168.0294044,serverless,30.0,30.0,46.54,False,200,
1787722168.0627377,serverless,30.0,30.0,55.891,False,200,
1787722168.096071,serverless,30.0,30.0,47.294,False,200,
1787722168.1294043,serverless,30.0,30.0,49.225,False,200,
1787722168.1627376,serverless,30.0,30.0,48.008,False,200,
1787722168.196071,serverless,30.0,30.0,45.438,False,200,
1787722168.2294042,serverless,30.0,30.0,43.238,False,200,
1787722168.2627378,serverless,30.0,30.0,59.09,False,200,
1787722168.296071,serverless,30.0,30.0,41.951,False,200,
1787722168.3294044,serverless,30.0,30.0,52.174,False,200,
1787722168.3627377,serverless,30.0,30.0,56.4,False,200,
1787722168.396071,serverless,30.0,30.0,70.185,False,200,
1787722168.4294043,serverless,30.0,30.0,35.278,False,200,
1787722168.4627376,serverless,30.0,30.0,60.83,False,200,
1787722168.4960709,serverless,30.0,30.0,46.46,False,200,
1787722168.5294044,serverless,30.0,30.0,52.296,False,200,
1787722168.5627377,serverless,30.0,30.0,57.162,False,200,
1787722168.596071,serverless,30.0,30.0,42.664,False,200,
1787722168.6294043,serverless,30.0,30.0,39.164,False,200,
1787722168.6627376,serverless,30.0,30.0,49.904,False,200,
1787722168.696071,serverless,30.0,30.0,42.964,False,200,
1787722168.7294042,serverless,30.0,30.0,53.498,False,200,
1787722168.7627378,serverless,30.0,30.0,40.269,False,200,
1787722168.796071,serverless,30.0,30.0,49.147,False,200,
1787722168.8294044,serverless,30.0,30.0,63.221,False,200,
1787722168.8627377,serverless,30.0,30.0,52.729,False,200,
1787722168.896071,serverless,30.0,30.0,62.409,False,200,
1787722168.9294043,serverless,30.0,30.0,54.724,False,200,
1787722168.9627376,serverless,30.0,30.0,54.406,False,200,
1787722168.9960709,serverless,30.0,30.0,49.934,False,200,
1787722169.0294044,serverless,30.0,30.0,49.48,False,200,
1787722169.0627377,serverless,30.0,30.0,50.472,False,200,
1787722169.096071,serverless,30.0,30.0,54.794,False,200,
1787722169.1294043,serverless,30.0,30.0,44.916,False,200,
1787722169.1627376,serverless,30.0,30.0,57.74,False,200,
1787722169.196071,serverless,30.0,30.0,41.0,False,200,
1787722169.2294042,serverless,30.0,30.0,37.007,False,200,
1787722169.2627378,serverless,30.0,30.0,58.297,False,200,
1787722169.296071,serverless,30.0,30.0,44.325,False,200,
1787722169.3294044,serverless,30.0,30.0,60.945,False,200,
1787722169.3627377,serverless,30.0,30.0,52.525,False,200,
1787722169.396071,serverless,30.0,30.0,36.625,False,200,
1787722169.4294043,serverless,30.0,30.0,39.66,False,200,
1787722169.4627376,serverless,30.0,30.0,64.508,False,200,
1787722169.4960709,serverless,30.0,30.0,43.684,False,200,
1787722169.5294044,serverless,30.0,30.0,66.078,False,200,
1787722169.5627377,serverless,30.0,30.0,44.535,False,200,
1787722169.596071,serverless,30.0,30.0,46.507,False,200,
1787722169.6294043,serverless,30.0,30.0,48.068,False,200,
1787722169.6627376,serverless,30.0,30.0,50.857,False,200,
1787722169.696071,serverless,30.0,30.0,43.389,False,200,
1787722169.7294042,serverless,30.0,30.0,35.474,False,200,
1787722169.7627378,serverless,30.0,30.0,70.9,False,200,
1787722169.796071,serverless,30.0,30.0,45.516,False,200,
1787722169.8294044,serverless,30.0,30.0,45.526,False,200,
1787722169.8627377,serverless,30.0,30.0,40.641,False,200,
1787722169.896071,serverless,30.0,30.0,52.305,False,200,
1787722169.9294043,serverless,30.0,30.0,39.819,False,200,
1787722169.9627376,serverless,30.0,30.0,44.928,False,200,
1787722169.9960709,serverless,30.0,30.0,37.177,False,200,
1787722170.0294044,serverless,30.0,30.0,30.217,False,200,
1787722170.0627377,serverless,30.0,30.0,48.083,False,200,
1787722170.096071,serverless,30.0,30.0,58.957,False,200,
1787722170.1294043,serverless,30.0,30.0,50.054,False,200,
1787722170.1627376,serverless,30.0,30.0,45.643,False,200,
1787722170.196071,serverless,30.0,30.0,39.475,False,200,
1787722170.2294042,serverless,30.0,30.0,43.565,False,200,
1787722170.2627378,serverless,30.0,30.0,37.203,False,200,
1787722170.296071,serverless,30.0,30.0,51.395,False,200,
1787722170.3294044,serverless,30.0,30.0,49.895,False,200,
1787722170.3627377,serverless,30.0,30.0,53.786,False,200,
1787722170.396071,serverless,30.0,30.0,61.759,False,200,
1787722170.4294043,serverless,30.0,30.0,68.297,False,200,
1787722170.4627376,serverless,30.0,30.0,38.915,False,200,
1787722170.4960709,serverless,30.0,30.0,54.32,False,200,
1787722170.5294044,serverless,30.0,30.0,52.843,False,200,
1787722170.5627377,serverless,30.0,30.0,48.803,False,200,
1787722170.596071,serverless,30.0,30.0,54.699,False,200,
1787722170.6294043,serverless,30.0,30.0,49.567,False,200,
1787722170.6627376,serverless,30.0,30.0,57.016,False,200,
1787722170.696071,serverless,30.0,30.0,50.714,False,200,
1787722170.7294042,serverless,30.0,30.0,51.262,False,200,
1787722170.7627378,serverless,30.0,30.0,70.731,False,200,
1787722170.796071,serverless,30.0,30.0,41.999,False,200,
1787722170.8294044,serverless,30.0,30.0,59.819,False,200,
1787722170.8627377,serverless,30.0,30.0,39.595,False,200,
1787722170.896071,serverless,30.0,30.0,38.149,False,200,
1787722170.9294043,serverless,30.0,30.0,38.842,False,200,
1787722170.9627376,serverless,30.0,30.0,40.781,False,200,
1787722170.9960709,serverless,30.0,30.0,41.016,False,200,
1787722171.0294044,serverless,30.0,30.0,48.922,False,200,
1787722171.0627377,serverless,30.0,30.0,58.288,False,200,
1787722171.096071,serverless,30.0,30.0,64.652,False,200,
1787722171.1294043,serverless,30.0,30.0,44.891,False,200,
1787722171.1627376,serverless,30.0,30.0,43.352,False,200,
1787722171.196071,serverless,30.0,30.0,53.168,False,200,
1787722171.2294042,serverless,30.0,30.0,40.976,False,200,
1787722171.2627378,serverless,30.0,30.0,45.026,False,200,
1787722171.296071,serverless,30.0,30.0,45.094,False,200,
1787722171.3294044,serverless,30.0,30.0,46.54,False,200,
1787722171.3627377,serverless,30.0,30.0,48.198,False,200,
1787722171.396071,serverless,30.0,30.0,55.615,False,200,
1787722171.4294043,serverless,30.0,30.0,56.631,False,200,
1787722171.4627376,serverless,30.0,30.0,47.307,False,200,
1787722171.4960709,serverless,30.0,30.0,50.244,False,200,
1787722171.5294044,serverless,30.0,30.0,48.074,False,200,
1787722171.5627377,serverless,30.0,30.0,58.647,False,200,
1787722171.596071,serverless,30.0,30.0,40.433,False,200,
1787722171.6294043,serverless,30.0,30.0,64.89,False,200,
1787722171.6627376,serverless,30.0,30.0,33.918,False,200,
1787722171.696071,serverless,30.0,30.0,38.015,False,200,
1787722171.7294042,serverless,30.0,30.0,45.324,False,200,
1787722171.7627378,serverless,30.0,30.0,49.997,False,200,
1787722171.796071,serverless,30.0,30.0,38.822,False,200,
1787722171.8294044,serverless,30.0,30.0,32.341,False,200,
1787722171.8627377,serverless,30.0,30.0,44.118,False,200,
1787722171.896071,serverless,30.0,30.0,46.234,False,200,
1787722171.9294043,serverless,30.0,30.0,51.063,False,200,
1787722171.9627376,serverless,30.0,30.0,60.668,False,200,
1787722171.9960709,serverless,30.0,30.0,64.026,False,200,
1787722172.0294044,serverless,30.0,30.0,54.51,False,200,
1787722172.0627377,serverless,30.0,30.0,46.783,False,200,
1787722172.096071,serverless,30.0,30.0,41.018,False,200,
1787722172.1294043,serverless,30.0,30.0,39.951,False,200,
1787722172.1627376,serverless,30.0,30.0,38.639,False,200,
1787722172.196071,serverless,30.0,30.0,61.666,False,200,
1787722172.2294042,serverless,30.0,30.0,49.338,False,200,
1787722172.2627378,serverless,30.0,30.0,46.909,False,200,
1787722172.296071,serverless,30.0,30.0,33.821,False,200,
1787722172.3294044,serverless,30.0,30.0,40.999,False,200,
1787722172.3627377,serverless,30.0,30.0,48.076,False,200,
1787722172.396071,serverless,30.0,30.0,44.25,False,200,
1787722172.4294043,serverless,30.0,30.0,39.367,False,200,
1787722172.4627376,serverless,30.0,30.0,39.552,False,200,
1787722172.4960709,serverless,30.0,30.0,61.942,False,200,
1787722172.5294044,serverless,30.0,30.0,41.378,False,200,
1787722172.5627377,serverless,30.0,30.0,58.672,False,200,
1787722172.596071,serverless,30.0,30.0,56.507,False,200,
1787722172.6294043,serverless,30.0,30.0,58.829,False,200,
1787722172.6627376,serverless,30.0,30.0,67.265,False,200,
1787722172.696071,serverless,30.0,30.0,1259.697,True,200,
1787722172.7294042,serverless,30.0,30.0,47.713,False,200,
1787722172.7627378,serverless,30.0,30.0,60.635,False,200,
1787722172.796071,serverless,30.0,30.0,57.005,False,200,
1787722172.8294044,serverless,30.0,30.0,48.109,False,200,
1787722172.8627377,serverless,30.0,30.0,62.333,False,200,
1787722172.896071,serverless,30.0,30.0,52.251,False,200,
1787722172.9294043,serverless,30.0,30.0,40.778,False,200,
1787722172.9627376,serverless,30.0,30.0,56.775,False,200,
1787722172.9960709,serverless,30.0,30.0,55.769,False,200,
1787722173.0294044,serverless,30.0,30.0,47.824,False,200,
1787722173.0627377,serverless,30.0,30.0,44.918,False,200,
1787722173.096071,serverless,30.0,30.0,39.802,False,200,
1787722173.1294043,serverless,30.0,30.0,57.431,False,200,
1787722173.1627376,serverless,30.0,30.0,48.773,False,200,
1787722173.196071,serverless,30.0,30.0,44.73,False,200,
1787722173.2294042,serverless,30.0,30.0,54.835,False,200,
1787722173.2627378,serverless,30.0,30.0,63.887,False,200,
1787722173.296071,serverless,30.0,30.0,37.539,False,200,
1787722173.3294044,serverless,30.0,30.0,51.284,False,200,
1787722173.3627377,serverless,30.0,30.0,48.92,False,200,
1787722173.396071,serverless,30.0,30.0,40.113,False,200,
1787722173.4294043,serverless,30.0,30.0,62.86,False,200,
1787722173.4627376,serverless,30.0,30.0,48.972,False,200,
1787722173.4960709,serverless,30.0,30.0,47.105,False,200,
1787722173.5294044,serverless,30.0,30.0,51.49,False,200,
1787722173.5627377,serverless,30.0,30.0,62.318,False,200,
1787722173.596071,serverless,30.0,30.0,66.58,False,200,
1787722173.6294043,serverless,30.0,30.0,55.18,False,200,
1787722173.6627376,serverless,30.0,30.0,53.577,False,200,
1787722173.696071,serverless,30.0,30.0,49.48,False,200,
1787722173.7294042,serverless,30.0,30.0,54.006,False,200,
1787722173.7627378,serverless,30.0,30.0,50.287,False,200,
1787722173.796071,serverless,30.0,30.0,34.805,False,200,
1787722173.8294044,serverless,30.0,30.0,52.777,False,200,
1787722173.8627377,serverless,30.0,30.0,28.983,False,200,
1787722173.896071,serverless,30.0,30.0,57.198,False,200,
1787722173.9294043,serverless,30.0,30.0,43.105,False,200,
1787722173.9627376,serverless,30.0,30.0,73.676,False,200,
1787722173.9960709,serverless,30.0,30.0,54.174,False,200,
1787722174.0294044,serverless,30.0,30.0,44.77,False,200,
1787722174.0627377,serverless,30.0,30.0,52.933,False,200,
1787722174.096071,serverless,30.0,30.0,37.728,False,200,
1787722174.1294043,serverless,30.0,30.0,45.163,False,200,
1787722174.1627376,serverless,30.0,30.0,47.741,False,200,
1787722174.196071,serverless,30.0,30.0,45.761,False,200,
1787722174.2294042,serverless,30.0,30.0,52.432,False,200,
1787722174.2627378,serverless,30.0,30.0,63.204,False,200,
1787722174.296071,serverless,30.0,30.0,40.945,False,200,
1787722174.3294044,serverless,30.0,30.0,37.267,False,200,
1787722174.3627377,serverless,30.0,30.0,60.748,False,200,
1787722174.396071,serverless,30.0,30.0,44.853,False,200,
1787722174.4294043,serverless,30.0,30.0,52.929,False,200,
1787722174.4627376,serverless,30.0,30.0,41.362,False,200,
1787722174.4960709,serverless,30.0,30.0,29.307,False,200,
1787722174.5294044,serverless,30.0,30.0,90.136,False,200,
1787722174.5627377,serverless,30.0,30.0,35.624,False,200,
1787722174.596071,serverless,30.0,30.0,40.997,False,200,
1787722174.6294043,serverless,30.0,30.0,49.864,False,200,
1787722174.6627376,serverless,30.0,30.0,40.699,False,200,
1787722174.696071,serverless,30.0,30.0,43.176,False,200,
1787722174.7294042,serverless,30.0,30.0,47.495,False,200,
1787722174.7627378,serverless,30.0,30.0,50.116,False,200,
1787722174.796071,serverless,30.0,30.0,46.957,False,200,
1787722174.8294044,serverless,30.0,30.0,53.101,False,200,
1787722174.8627377,serverless,30.0,30.0,38.14,False,200,
1787722174.896071,serverless,30.0,30.0,36.98,False,200,
1787722174.9294043,serverless,30.0,30.0,56.843,False,200,
1787722174.9627376,serverless,30.0,30.0,47.689,False,200,
1787722174.9960709,serverless,30.0,30.0,45.078,False,200,
1787722175.0294044,serverless,30.0,30.0,45.636,False,200,
1787722175.0627377,serverless,30.0,30.0,47.251,False,200,
1787722175.096071,serverless,30.0,30.0,65.462,False,200,
1787722175.1294043,serverless,30.0,30.0,49.741,False,200,
1787722175.1627376,serverless,30.0,30.0,57.8,False,200,
1787722175.196071,serverless,30.0,30.0,67.692,False,200,
1787722175.2294042,serverless,30.0,30.0,61.35,False,200,
1787722175.2627378,serverless,30.0,30.0,43.022,False,200,
1787722175.296071,serverless,30.0,30.0,55.807,False,200,
1787722175.3294044,serverless,30.0,30.0,56.954,False,200,
1787722175.3627377,serverless,30.0,30.0,55.029,False,200,
1787722175.396071,serverless,30.0,30.0,55.571,False,200,
1787722175.4294043,serverless,30.0,30.0,45.588,False,200,
1787722175.4627376,serverless,30.0,30.0,35.488,False,200,
1787722175.4960709,serverless,30.0,30.0,43.02,False,200,
1787722175.5294044,serverless,30.0,30.0,28.163,False,200,
1787722175.5627377,serverless,30.0,30.0,63.379,False,200,
1787722175.596071,serverless,30.0,30.0,40.781,False,200,
1787722175.6294043,serverless,30.0,30.0,42.036,False,200,
1787722175.6627376,serverless,30.0,30.0,35.642,False,200,
1787722175.696071,serverless,30.0,30.0,43.26,False,200,
1787722175.7294042,serverless,30.0,30.0,54.731,False,200,
1787722175.7627378,serverless,30.0,30.0,45.542,False,200,
1787722175.796071,serverless,30.0,30.0,61.098,False,200,
1787722175.8294044,serverless,30.0,30.0,55.92,False,200,
1787722175.8627377,serverless,30.0,30.0,52.092,False,200,
1787722175.896071,serverless,30.0,30.0,46.107,False,200,
1787722175.9294043,serverless,30.0,30.0,45.348,False,200,
1787722175.9627376,serverless,30.0,30.0,60.906,False,200,
1787722175.9960709,serverless,30.0,30.0,44.829,False,200,
1787722176.0294044,serverless,30.0,30.0,34.405,False,200,
1787722176.0627377,serverless,30.0,30.0,62.995,False,200,
1787722176.096071,serverless,30.0,30.0,44.238,False,200,
1787722176.1294043,serverless,30.0,30.0,47.746,False,200,
1787722176.1627376,serverless,30.0,30.0,50.703,False,200,
1787722176.196071,serverless,30.0,30.0,53.744,False,200,
1787722176.2294042,serverless,30.0,30.0,47.791,False,200,
1787722176.2627378,serverless,30.0,30.0,35.431,False,200,
1787722176.296071,serverless,30.0,30.0,45.279,False,200,
1787722176.3294044,serverless,30.0,30.0,44.314,False,200,
1787722176.3627377,serverless,30.0,30.0,47.581,False,200,
1787722176.396071,serverless,30.0,30.0,60.21,False,200,
1787722176.4294043,serverless,30.0,30.0,38.133,False,200,
1787722176.4627376,serverless,30.0,30.0,44.31,False,200,
1787722176.4960709,serverless,30.0,30.0,56.956,False,200,
1787722176.5294044,serverless,30.0,30.0,63.981,False,200,
1787722176.5627377,serverless,30.0,30.0,56.132,False,200,
1787722176.596071,serverless,30.0,30.0,57.188,False,200,
1787722176.6294043,serverless,30.0,30.0,44.356,False,200,
1787722176.6627376,serverless,30.0,30.0,51.292,False,200,
1787722176.696071,serverless,30.0,30.0,34.765,False,200,
1787722176.7294042,serverless,30.0,30.0,50.353,False,200,
1787722176.7627378,serverless,30.0,30.0,48.998,False,200,
1787722176.796071,serverless,30.0,30.0,49.283,False,200,
1787722176.8294044,serverless,30.0,30.0,61.0,False,200,
1787722176.8627377,serverless,30.0,30.0,51.677,False,200,
1787722176.896071,serverless,30.0,30.0,47.779,False,200,
1787722176.9294043,serverless,30.0,30.0,42.975,False,200,
1787722176.9627376,serverless,30.0,30.0,47.377,False,200,
1787722176.9960709,serverless,30.0,30.0,64.776,False,200,
1787722177.0294044,serverless,30.0,30.0,42.554,False,200,
1787722177.0627377,serverless,30.0,30.0,61.024,False,200,
1787722177.096071,serverless,30.0,30.0,785.277,True,200,
1787722177.1294043,serverless,30.0,30.0,59.952,False,200,
1787722177.1627376,serverless,30.0,30.0,40.266,False,200,
1787722177.196071,serverless,30.0,30.0,39.834,False,200,
1787722177.2294042,serverless,30.0,30.0,55.149,False,200,
1787722177.2627378,serverless,30.0,30.0,46.322,False,200,
1787722177.296071,serverless,30.0,30.0,56.737,False,200,
1787722177.3294044,serverless,30.0,30.0,58.841,False,200,
1787722177.3627377,serverless,30.0,30.0,48.522,False,200,
1787722177.396071,serverless,30.0,30.0,64.209,False,200,
1787722177.4294043,serverless,30.0,30.0,51.48,False,200,
1787722177.4627376,serverless,30.0,30.0,43.668,False,200,
1787722177.4960709,serverless,30.0,30.0,49.172,False,200,
1787722177.5294044,serverless,30.0,30.0,55.715,False,200,
1787722177.5627377,serverless,30.0,30.0,39.228,False,200,
1787722177.596071,serverless,30.0,30.0,57.621,False,200,
1787722177.6294043,serverless,30.0,30.0,48.189,False,200,
1787722177.6627376,serverless,30.0,30.0,57.889,False,200,
1787722177.696071,serverless,30.0,30.0,66.565,False,200,
1787722177.7294042,serverless,30.0,30.0,48.778,False,200,
1787722177.7627378,serverless,30.0,30.0,44.227,False,200,
1787722177.796071,serverless,30.0,30.0,49.134,False,200,
1787722177.8294044,serverless,30.0,30.0,27.12,False,200,
1787722177.8627377,serverless,30.0,30.0,52.123,False,200,
1787722177.896071,serverless,30.0,30.0,52.087,False,200,
1787722177.9294043,serverless,30.0,30.0,42.017,False,200,
1787722177.9627376,serverless,30.0,30.0,49.508,False,200,
1787722177.9960709,serverless,30.0,30.0,37.938,False,200,
1787722178.0294044,serverless,30.0,30.0,68.371,False,200,
1787722178.0627377,serverless,30.0,30.0,68.706,False,200,
1787722178.096071,serverless,30.0,30.0,46.087,False,200,
1787722178.1294043,serverless,30.0,30.0,42.91,False,200,
1787722178.1627376,serverless,30.0,30.0,45.556,False,200,
1787722178.196071,serverless,30.0,30.0,51.709,False,200,
1787722178.2294042,serverless,30.0,30.0,55.163,False,200,
1787722178.2627378,serverless,30.0,30.0,33.698,False,200,
1787722178.296071,serverless,30.0,30.0,43.471,False,200,
1787722178.3294044,serverless,30.0,30.0,46.383,False,200,
1787722178.3627377,serverless,30.0,30.0,47.692,False,200,
1787722178.396071,serverless,30.0,30.0,62.095,False,200,
1787722178.4294043,serverless,30.0,30.0,46.701,False,200,
1787722178.4627376,serverless,30.0,30.0,40.501,False,200,
1787722178.4960709,serverless,30.0,30.0,34.746,False,200,
1787722178.5294044,serverless,30.0,30.0,41.536,False,200,
1787722178.5627377,serverless,30.0,30.0,42.637,False,200,
1787722178.596071,serverless,30.0,30.0,50.221,False,200,
1787722178.6294043,serverless,30.0,30.0,41.829,False,200,
1787722178.6627376,serverless,30.0,30.0,945.46,True,200,
1787722178.696071,serverless,30.0,30.0,48.42,False,200,
1787722178.7294042,serverless,30.0,30.0,47.056,False,200,
1787722178.7627378,serverless,30.0,30.0,36.492,False,200,
1787722178.796071,serverless,30.0,30.0,33.327,False,200,
1787722178.8294044,serverless,30.0,30.0,43.214,False,200,
1787722178.8627377,serverless,30.0,30.0,50.15,False,200,
1787722178.896071,serverless,30.0,30.0,55.441,False,200,
1787722178.9294043,serverless,30.0,30.0,62.607,False,200,
1787722178.9627376,serverless,30.0,30.0,54.666,False,200,
1787722178.9960709,serverless,30.0,30.0,67.421,False,200,
1787722179.0294044,serverless,30.0,30.0,54.878,False,200,
1787722179.0627377,serverless,30.0,30.0,38.109,False,200,
1787722179.096071,serverless,30.0,30.0,50.79,False,200,
1787722179.1294043,serverless,30.0,30.0,53.895,False,200,
1787722179.1627376,serverless,30.0,30.0,57.964,False,200,
1787722179.196071,serverless,30.0,30.0,1539.551,True,200,
1787722179.2294042,serverless,30.0,30.0,44.038,False,200,
1787722179.2627378,serverless,30.0,30.0,44.576,False,200,
1787722179.296071,serverless,30.0,30.0,68.569,False,200,
1787722179.3294044,serverless,30.0,30.0,51.778,False,200,
1787722179.3627377,serverless,30.0,30.0,44.323,False,200,
1787722179.396071,serverless,30.0,30.0,79.722,False,200,
1787722179.4294043,serverless,30.0,30.0,49.618,False,200,
1787722179.4627376,serverless,30.0,30.0,44.372,False,200,
1787722179.4960709,serverless,30.0,30.0,59.531,False,200,
1787722179.5294044,serverless,30.0,30.0,75.245,False,200,
1787722179.5627377,serverless,30.0,30.0,47.747,False,200,
1787722179.596071,serverless,30.0,30.0,61.25,False,200,
1787722179.6294043,serverless,30.0,30.0,57.105,False,200,
1787722179.6627376,serverless,30.0,30.0,56.683,False,200,
1787722179.696071,serverless,30.0,30.0,58.599,False,200,
1787722179.7294042,serverless,30.0,30.0,64.152,False,200,
1787722179.7627378,serverless,30.0,30.0,40.792,False,200,
1787722179.796071,serverless,30.0,30.0,63.588,False,200,
1787722179.8294044,serverless,30.0,30.0,38.877,False,200,
1787722179.8627377,serverless,30.0,30.0,58.889,False,200,
1787722179.896071,serverless,30.0,30.0,72.885,False,200,
1787722179.9294043,serverless,30.0,30.0,45.162,False,200,
1787722179.9627376,serverless,30.0,30.0,63.623,False,200,
1787722179.9960709,serverless,30.0,30.0,49.083,False,200,
1787722180.0294044,serverless,30.0,30.0,47.231,False,200,
1787722180.0627377,serverless,30.0,30.0,66.404,False,200,
1787722180.096071,serverless,30.0,30.0,50.315,False,200,
1787722180.1294043,serverless,30.0,30.0,40.179,False,200,
1787722180.1627376,serverless,30.0,30.0,61.083,False,200,
1787722180.196071,serverless,30.0,30.0,46.989,False,200,
1787722180.2294042,serverless,30.0,30.0,36.51,False,200,
1787722180.2627378,serverless,30.0,30.0,46.543,False,200,
1787722180.296071,serverless,30.0,30.0,64.736,False,200,
1787722180.3294044,serverless,30.0,30.0,32.065,False,200,
1787722180.3627377,serverless,30.0,30.0,35.106,False,200,
1787722180.396071,serverless,30.0,30.0,71.497,False,200,
1787722180.4294043,serverless,30.0,30.0,67.792,False,200,
1787722180.4627376,serverless,30.0,30.0,65.43,False,200,
1787722180.4960709,serverless,30.0,30.0,42.42,False,200,
1787722180.5294044,serverless,30.0,30.0,39.494,False,200,
1787722180.5627377,serverless,30.0,30.0,53.862,False,200,
1787722180.596071,serverless,30.0,30.0,46.58,False,200,
1787722180.6294043,serverless,30.0,30.0,40.572,False,200,
1787722180.6627376,serverless,30.0,30.0,84.36,False,200,
1787722180.696071,serverless,30.0,30.0,55.617,False,200,
1787722180.7294042,serverless,30.0,30.0,53.805,False,200,
1787722180.7627378,serverless,30.0,30.0,48.431,False,200,
1787722180.796071,serverless,30.0,30.0,52.557,False,200,
1787722180.8294044,serverless,30.0,30.0,56.108,False,200,
1787722180.8627377,serverless,30.0,30.0,52.137,False,200,
1787722180.896071,serverless,30.0,30.0,49.569,False,200,
1787722180.9294043,serverless,30.0,30.0,40.989,False,200,
1787722180.9627376,serverless,30.0,30.0,47.415,False,200,
1787722180.9960709,serverless,30.0,30.0,64.764,False,200,
1787722181.0294044,serverless,30.0,30.0,69.29,False,200,
1787722181.0627377,serverless,30.0,30.0,56.794,False,200,
1787722181.096071,serverless,30.0,30.0,57.569,False,200,
1787722181.1294043,serverless,30.0,30.0,32.024,False,200,
1787722181.1627376,serverless,30.0,30.0,60.27,False,200,
1787722181.196071,serverless,30.0,30.0,62.327,False,200,
1787722181.2294042,serverless,30.0,30.0,46.54,False,200,
1787722181.2627378,serverless,30.0,30.0,40.723,False,200,
1787722181.296071,serverless,30.0,30.0,44.654,False,200,
1787722181.3294044,serverless,30.0,30.0,39.507,False,200,
1787722181.3627377,serverless,30.0,30.0,42.478,False,200,
1787722181.396071,serverless,30.0,30.0,70.199,False,200,
1787722181.4294043,serverless,30.0,30.0,46.416,False,200,
1787722181.4627376,serverless,30.0,30.0,37.659,False,200,
1787722181.4960709,serverless,30.0,30.0,75.433,False,200,
1787722181.5294044,serverless,30.0,30.0,38.108,False,200,
1787722181.5627377,serverless,30.0,30.0,1067.017,True,200,
1787722181.596071,serverless,30.0,30.0,51.197,False,200,
1787722181.6294043,serverless,30.0,30.0,49.925,False,200,
1787722181.6627376,serverless,30.0,30.0,59.52,False,200,
1787722181.696071,serverless,30.0,30.0,1266.327,True,200,
1787722181.7294042,serverless,30.0,30.0,46.693,False,200,
1787722181.7627378,serverless,30.0,30.0,61.519,False,200,
1787722181.796071,serverless,30.0,30.0,39.225,False,200,
1787722181.8294044,serverless,30.0,30.0,47.607,False,200,
1787722181.8627377,serverless,30.0,30.0,55.584,False,200,
1787722181.896071,serverless,30.0,30.0,68.074,False,200,
1787722181.9294043,serverless,30.0,30.0,47.566,False,200,
1787722181.9627376,serverless,30.0,30.0,52.007,False,200,
1787722181.9960709,serverless,30.0,30.0,44.656,False,200,
1787722182.0294044,serverless,30.0,30.0,80.038,False,200,
1787722182.0627377,serverless,30.0,30.0,33.696,False,200,
1787722182.096071,serverless,30.0,30.0,51.075,False,200,
1787722182.1294043,serverless,30.0,30.0,61.667,False,200,
1787722182.1627376,serverless,30.0,30.0,44.828,False,200,
1787722182.196071,serverless,30.0,30.0,43.131,False,200,
1787722182.2294042,serverless,30.0,30.0,40.035,False,200,
1787722182.2627378,serverless,30.0,30.0,50.492,False,200,
1787722182.296071,serverless,30.0,30.0,70.267,False,200,
1787722182.3294044,serverless,30.0,30.0,50.561,False,200,
1787722182.3627377,serverless,30.0,30.0,64.361,False,200,
1787722182.396071,serverless,30.0,30.0,44.32,False,200,
1787722182.4294043,serverless,30.0,30.0,44.27,False,200,
1787722182.4627376,serverless,30.0,30.0,51.394,False,200,
1787722182.4960709,serverless,30.0,30.0,69.513,False,200,
1787722182.5294044,serverless,30.0,30.0,952.072,True,200,
1787722182.5627377,serverless,30.0,30.0,44.364,False,200,
1787722182.596071,serverless,30.0,30.0,63.844,False,200,
1787722182.6294043,serverless,30.0,30.0,49.52,False,200,
1787722182.6627376,serverless,30.0,30.0,47.801,False,200,
1787722182.696071,serverless,30.0,30.0,45.553,False,200,
1787722182.7294042,serverless,30.0,30.0,46.991,False,200,
1787722182.7627378,serverless,30.0,30.0,55.094,False,200,
1787722182.796071,serverless,30.0,30.0,42.946,False,200,
1787722182.8294044,serverless,30.0,30.0,75.202,False,200,
1787722182.8627377,serverless,30.0,30.0,35.624,False,200,
1787722182.896071,serverless,30.0,30.0,47.245,False,200,
1787722182.9294043,serverless,30.0,30.0,55.666,False,200,
1787722182.9627376,serverless,30.0,30.0,52.552,False,200,
1787722182.9960709,serverless,30.0,30.0,74.02,False,200,
1787722183.0294044,serverless,30.0,30.0,30.715,False,200,
1787722183.0627377,serverless,30.0,30.0,43.09,False,200,
1787722183.096071,serverless,30.0,30.0,58.145,False,200,
1787722183.1294043,serverless,30.0,30.0,52.231,False,200,
1787722183.1627376,serverless,30.0,30.0,53.605,False,200,
1787722183.196071,serverless,30.0,30.0,47.36,False,200,
1787722183.2294042,serverless,30.0,30.0,58.38,False,200,
1787722183.2627378,serverless,30.0,30.0,44.12,False,200,
1787722183.296071,serverless,30.0,30.0,47.485,False,200,
1787722183.3294044,serverless,30.0,30.0,67.798,False,200,
1787722183.3627377,serverless,30.0,30.0,66.508,False,200,
1787722183.396071,serverless,30.0,30.0,54.796,False,200,
1787722183.4294043,serverless,30.0,30.0,62.974,False,200,
1787722183.4627376,serverless,30.0,30.0,38.018,False,200,
1787722183.4960709,serverless,30.0,30.0,55.005,False,200,
1787722183.5294044,serverless,30.0,30.0,44.052,False,200,
1787722183.5627377,serverless,30.0,30.0,58.449,False,200,
1787722183.596071,serverless,30.0,30.0,64.462,False,200,
1787722183.6294043,serverless,30.0,30.0,31.862,False,200,
1787722183.6627376,serverless,30.0,30.0,53.757,False,200,
1787722183.696071,serverless,30.0,30.0,40.718,False,200,
1787722183.7294042,serverless,30.0,30.0,47.606,False,200,
1787722183.7627378,serverless,30.0,30.0,46.753,False,200,
1787722183.796071,serverless,30.0,30.0,51.518,False,200,
1787722183.8294044,serverless,30.0,30.0,89.099,False,200,
1787722183.8627377,serverless,30.0,30.0,36.321,False,200,
1787722183.896071,serverless,30.0,30.0,52.574,False,200,
1787722183.9294043,serverless,30.0,30.0,47.117,False,200,
1787722183.9627376,serverless,30.0,30.0,35.514,False,200,
1787722183.9960709,serverless,30.0,30.0,44.322,False,200,
1787722184.0294044,serverless,30.0,30.0,57.031,False,200,
1787722184.0627377,serverless,30.0,30.0,61.736,False,200,
1787722184.096071,serverless,30.0,30.0,67.595,False,200,
1787722184.1294043,serverless,30.0,30.0,49.715,False,200,
1787722184.1627376,serverless,30.0,30.0,42.042,False,200,
1787722184.196071,serverless,30.0,30.0,42.631,False,200,
1787722184.2294042,serverless,30.0,30.0,46.377,False,200,
1787722184.2627378,serverless,30.0,30.0,33.698,False,200,
1787722184.296071,serverless,30.0,30.0,46.361,False,200,
1787722184.3294044,serverless,30.0,30.0,51.506,False,200,
1787722184.3627377,serverless,30.0,30.0,40.894,False,200,
1787722184.396071,serverless,30.0,30.0,56.869,False,200,
1787722184.4294043,serverless,30.0,30.0,51.482,False,200,
1787722184.4627376,serverless,30.0,30.0,53.342,False,200,
1787722184.4960709,serverless,30.0,30.0,48.724,False,200,
1787722184.5294044,serverless,30.0,30.0,54.096,False,200,
1787722184.5627377,serverless,30.0,30.0,44.048,False,200,
1787722184.596071,serverless,30.0,30.0,46.772,False,200,
1787722184.6294043,serverless,30.0,30.0,54.385,False,200,
1787722184.6627376,serverless,30.0,30.0,65.266,False,200,
1787722184.696071,serverless,30.0,30.0,54.233,False,200,
1787722184.7294042,serverless,30.0,30.0,55.284,False,200,
1787722184.7627378,serverless,30.0,30.0,47.02,False,200,
1787722184.796071,serverless,30.0,30.0,46.6,False,200,
1787722184.8294044,serverless,30.0,30.0,62.579,False,200,
1787722184.8627377,serverless,30.0,30.0,35.746,False,200,
1787722184.896071,serverless,30.0,30.0,70.284,False,200,
1787722184.9294043,serverless,30.0,30.0,48.015,False,200,
1787722184.9627376,serverless,30.0,30.0,63.45,False,200,
1787722184.9960709,serverless,30.0,30.0,40.81,False,200,
1787722185.0294044,serverless,30.0,30.0,32.098,False,200,
1787722185.0627377,serverless,30.0,30.0,55.807,False,200,
1787722185.096071,serverless,30.0,30.0,45.425,False,200,
1787722185.1294043,serverless,30.0,30.0,42.902,False,200,
1787722185.1627376,serverless,30.0,30.0,45.492,False,200,
1787722185.196071,serverless,30.0,30.0,42.841,False,200,
1787722185.2294042,serverless,30.0,30.0,49.925,False,200,
1787722185.2627378,serverless,30.0,30.0,46.843,False,200,
1787722185.296071,serverless,30.0,30.0,64.826,False,200,
1787722185.3294044,serverless,30.0,30.0,41.434,False,200,
1787722185.3627377,serverless,30.0,30.0,41.907,False,200,
1787722185.396071,serverless,30.0,30.0,75.588,False,200,
1787722185.4294043,serverless,30.0,30.0,39.315,False,200,
1787722185.4627376,serverless,30.0,30.0,67.624,False,200,
1787722185.4960709,serverless,30.0,30.0,52.406,False,200,
1787722185.5294044,serverless,30.0,30.0,31.826,False,200,
1787722185.5627377,serverless,30.0,30.0,50.428,False,200,
1787722185.596071,serverless,30.0,30.0,64.008,False,200,
1787722185.6294043,serverless,30.0,30.0,29.367,False,200,
1787722185.6627376,serverless,30.0,30.0,34.646,False,200,
1787722185.696071,serverless,30.0,30.0,78.911,False,200,
1787722185.7294042,serverless,30.0,30.0,37.182,False,200,
1787722185.7627378,serverless,30.0,30.0,46.727,False,200,
1787722185.796071,serverless,30.0,30.0,35.314,False,200,
1787722185.8294044,serverless,30.0,30.0,39.554,False,200,
1787722185.8627377,serverless,30.0,30.0,53.621,False,200,
1787722185.896071,serverless,30.0,30.0,49.421,False,200,
1787722185.9294043,serverless,30.0,30.0,63.661,False,200,
1787722185.9627376,serverless,30.0,30.0,56.024,False,200,
1787722185.9960709,serverless,30.0,30.0,48.213,False,200,
1787722186.0294044,serverless,30.0,30.0,36.337,False,200,
1787722186.0627377,serverless,30.0,30.0,39.756,False,200,
1787722186.096071,serverless,30.0,30.0,37.206,False,200,
1787722186.1294043,serverless,30.0,30.0,39.032,False,200,
1787722186.1627376,serverless,30.0,30.0,45.673,False,200,
1787722186.196071,serverless,30.0,30.0,65.632,False,200,
1787722186.2294042,serverless,30.0,30.0,62.122,False,200,
1787722186.2627378,serverless,30.0,30.0,87.849,False,200,
1787722186.296071,serverless,30.0,30.0,41.852,False,200,
1787722186.3294044,serverless,30.0,30.0,29.542,False,200,
1787722186.3627377,serverless,30.0,30.0,47.047,False,200,
1787722186.396071,serverless,30.0,30.0,47.47,False,200,
1787722186.4294043,serverless,30.0,30.0,36.918,False,200,
1787722186.4627376,serverless,30.0,30.0,61.45,False,200,
1787722186.4960709,serverless,30.0,30.0,50.568,False,200,
1787722186.5294044,serverless,30.0,30.0,56.283,False,200,
1787722186.5627377,serverless,30.0,30.0,59.942,False,200,
1787722186.596071,serverless,30.0,30.0,40.604,False,200,
1787722186.6294043,serverless,30.0,30.0,52.72,False,200,
1787722186.6627376,serverless,30.0,30.0,61.651,False,200,
1787722186.696071,serverless,30.0,30.0,56.461,False,200,
1787722186.7294042,serverless,30.0,30.0,38.916,False,200,
1787722186.7627378,serverless,30.0,30.0,50.972,False,200,
1787722186.796071,serverless,30.0,30.0,68.138,False,200,
1787722186.8294044,serverless,30.0,30.0,45.721,False,200,
1787722186.8627377,serverless,30.0,30.0,44.853,False,200,
1787722186.896071,serverless,30.0,30.0,60.824,False,200,
1787722186.9294043,serverless,30.0,30.0,36.475,False,200,
1787722186.9627376,serverless,30.0,30.0,71.721,False,200,
1787722186.9960709,serverless,30.0,30.0,56.097,False,200,
1787722187.0294044,serverless,30.0,30.0,71.802,False,200,
1787722187.0627377,serverless,30.0,30.0,57.119,False,200,
1787722187.096071,serverless,30.0,30.0,44.095,False,200,
1787722187.1294043,serverless,30.0,30.0,53.512,False,200,
1787722187.1627376,serverless,30.0,30.0,43.37,False,200,
1787722187.196071,serverless,30.0,30.0,44.163,False,200,
1787722187.2294042,serverless,30.0,30.0,71.458,False,200,
1787722187.2627378,serverless,30.0,30.0,41.526,False,200,
1787722187.296071,serverless,30.0,30.0,46.348,False,200,
1787722187.3294044,serverless,30.0,30.0,36.504,False,200,
1787722187.3627377,serverless,30.0,30.0,27.076,False,200,
1787722187.396071,serverless,30.0,30.0,54.422,False,200,
1787722187.4294043,serverless,30.0,30.0,47.589,False,200,
1787722187.4627376,serverless,30.0,30.0,67.603,False,200,
1787722187.4960709,serverless,30.0,30.0,49.644,False,200,
1787722187.5294044,serverless,30.0,30.0,69.884,False,200,
1787722187.5627377,serverless,30.0,30.0,46.949,False,200,
1787722187.596071,serverless,30.0,30.0,51.63,False,200,
1787722187.6294043,serverless,30.0,30.0,69.972,False,200,
1787722187.6627376,serverless,30.0,30.0,40.582,False,200,
1787722187.696071,serverless,30.0,30.0,55.087,False,200,
1787722187.7294042,serverless,30.0,30.0,28.87,False,200,
1787722187.7627378,serverless,30.0,30.0,30.516,False,200,
1787722187.796071,serverless,30.0,30.0,38.229,False,200,
1787722187.8294044,serverless,30.0,30.0,53.177,False,200,
1787722187.8627377,serverless,30.0,30.0,59.324,False,200,
1787722187.896071,serverless,30.0,30.0,73.41,False,200,
1787722187.9294043,serverless,30.0,30.0,57.184,False,200,
1787722187.9627376,serverless,30.0,30.0,50.063,False,200,
1787722187.9960709,serverless,30.0,30.0,57.695,False,200,
1787722188.0294044,serverless,30.0,30.0,43.673,False,200,
1787722188.0627377,serverless,30.0,30.0,46.85,False,200,
1787722188.096071,serverless,30.0,30.0,63.959,False,200,
1787722188.1294043,serverless,30.0,30.0,57.766,False,200,
1787722188.1627376,serverless,30.0,30.0,54.229,False,200,
1787722188.196071,serverless,30.0,30.0,80.739,False,200,
1787722188.2294042,serverless,30.0,30.0,33.02,False,200,
1787722188.2627378,serverless,30.0,30.0,46.129,False,200,
1787722188.296071,serverless,30.0,30.0,53.48,False,200,
1787722188.3294044,serverless,30.0,30.0,53.216,False,200,
1787722188.3627377,serverless,30.0,30.0,46.931,False,200,
1787722188.396071,serverless,30.0,30.0,33.291,False,200,
1787722188.4294043,serverless,30.0,30.0,49.97,False,200,
1787722188.4627376,serverless,30.0,30.0,76.109,False,200,
1787722188.4960709,serverless,30.0,30.0,63.435,False,200,
1787722188.5294044,serverless,30.0,30.0,58.819,False,200,
1787722188.5627377,serverless,30.0,30.0,52.623,False,200,
1787722188.596071,serverless,30.0,30.0,53.451,False,200,
1787722188.6294043,serverless,30.0,30.0,52.585,False,200,
1787722188.6627376,serverless,30.0,30.0,82.977,False,200,
1787722188.696071,serverless,30.0,30.0,72.101,False,200,
1787722188.7294042,serverless,30.0,30.0,46.019,False,200,
1787722188.7627378,serverless,30.0,30.0,43.578,False,200,
1787722188.796071,serverless,30.0,30.0,52.531,False,200,
1787722188.8294044,serverless,30.0,30.0,35.138,False,200,
1787722188.8627377,serverless,30.0,30.0,48.015,False,200,
1787722188.896071,serverless,30.0,30.0,64.671,False,200,
1787722188.9294043,serverless,30.0,30.0,54.863,False,200,
1787722188.9627376,serverless,30.0,30.0,61.551,False,200,
1787722188.9960709,serverless,30.0,30.0,41.365,False,200,
1787722189.0294044,serverless,30.0,30.0,60.832,False,200,
1787722189.0627377,serverless,30.0,30.0,44.495,False,200,
1787722189.096071,serverless,30.0,30.0,55.316,False,200,
1787722189.1294043,serverless,30.0,30.0,44.096,False,200,
1787722189.1627376,serverless,30.0,30.0,46.889,False,200,
1787722189.196071,serverless,30.0,30.0,46.093,False,200,
1787722189.2294042,serverless,30.0,30.0,52.83,False,200,
1787722189.2627378,serverless,30.0,30.0,66.37,False,200,
1787722189.296071,serverless,30.0,30.0,36.791,False,200,
1787722189.3294044,serverless,30.0,30.0,52.182,False,200,
1787722189.3627377,serverless,30.0,30.0,43.021,False,200,
1787722189.396071,serverless,30.0,30.0,55.398,False,200,
1787722189.4294043,serverless,30.0,30.0,56.191,False,200,
1787722189.4627376,serverless,30.0,30.0,54.469,False,200,
1787722189.4960709,serverless,30.0,30.0,53.039,False,200,
1787722189.5294044,serverless,30.0,30.0,68.222,False,200,
1787722189.5627377,serverless,30.0,30.0,41.323,False,200,
1787722189.596071,serverless,30.0,30.0,39.498,False,200,
1787722189.6294043,serverless,30.0,30.0,51.34,False,200,
1787722189.6627376,serverless,30.0,30.0,45.603,False,200,
1787722189.696071,serverless,30.0,30.0,44.176,False,200,
1787722189.7294042,serverless,30.0,30.0,52.803,False,200,
1787722189.7627378,serverless,30.0,30.0,54.74,False,200,
1787722189.796071,serverless,30.0,30.0,49.331,False,200,
1787722189.8294044,serverless,30.0,30.0,36.372,False,200,
1787722189.8627377,serverless,30.0,30.0,64.867,False,200,
1787722189.896071,serverless,30.0,30.0,36.705,False,200,
1787722189.9294043,serverless,30.0,30.0,44.345,False,200,
1787722189.9627376,serverless,30.0,30.0,53.394,False,200,
1787722189.9960709,serverless,30.0,30.0,52.107,False,200,
1787722190.0294044,serverless,30.0,30.0,54.053,False,200,
1787722190.0627377,serverless,30.0,30.0,42.218,False,200,
1787722190.096071,serverless,30.0,30.0,63.049,False,200,
1787722190.1294043,serverless,30.0,30.0,51.492,False,200,
1787722190.1627376,serverless,30.0,30.0,38.326,False,200,
1787722190.196071,serverless,30.0,30.0,47.823,False,200,
1787722190.2294042,serverless,30.0,30.0,56.268,False,200,
1787722190.2627378,serverless,30.0,30.0,43.946,False,200,
1787722190.296071,serverless,30.0,30.0,59.852,False,200,
1787722190.3294044,serverless,30.0,30.0,56.524,False,200,
1787722190.3627377,serverless,30.0,30.0,50.548,False,200,
1787722190.396071,serverless,30.0,30.0,42.195,False,200,
1787722190.4294043,serverless,30.0,30.0,57.593,False,200,
1787722190.4627376,serverless,30.0,30.0,42.638,False,200,
1787722190.4960709,serverless,30.0,30.0,38.054,False,200,
1787722190.5294044,serverless,30.0,30.0,46.801,False,200,
1787722190.5627377,serverless,30.0,30.0,58.739,False,200,
1787722190.596071,serverless,30.0,30.0,39.227,False,200,
1787722190.6294043,serverless,30.0,30.0,41.595,False,200,
1787722190.6627376,serverless,30.0,30.0,43.808,False,200,
1787722190.696071,serverless,30.0,30.0,56.479,False,200,
1787722190.7294042,serverless,30.0,30.0,50.951,False,200,
1787722190.7627378,serverless,30.0,30.0,40.981,False,200,
1787722190.796071,serverless,30.0,30.0,64.663,False,200,
1787722190.8294044,serverless,30.0,30.0,46.993,False,200,
1787722190.8627377,serverless,30.0,30.0,41.168,False,200,
1787722190.896071,serverless,30.0,30.0,64.945,False,200,
1787722190.9294043,serverless,30.0,30.0,54.712,False,200,
1787722190.9627376,serverless,30.0,30.0,56.143,False,200,
1787722190.9960709,serverless,30.0,30.0,40.426,False,200,
1787722191.0294044,serverless,30.0,30.0,44.723,False,200,
1787722191.0627377,serverless,30.0,30.0,29.735,False,200,
1787722191.096071,serverless,30.0,30.0,39.967,False,200,
1787722191.1294043,serverless,30.0,30.0,48.209,False,200,
1787722191.1627376,serverless,30.0,30.0,44.886,False,200,
1787722191.196071,serverless,30.0,30.0,43.178,False,200,
1787722191.2294042,serverless,30.0,30.0,49.956,False,200,
1787722191.2627378,serverless,30.0,30.0,56.691,False,200,
1787722191.296071,serverless,30.0,30.0,63.621,False,200,
1787722191.3294044,serverless,30.0,30.0,48.068,False,200,
1787722191.3627377,serverless,30.0,30.0,61.801,False,200,
1787722191.396071,serverless,30.0,30.0,39.349,False,200,
1787722191.4294043,serverless,30.0,30.0,46.563,False,200,
1787722191.4627376,serverless,30.0,30.0,54.566,False,200,
1787722191.4960709,serverless,30.0,30.0,53.101,False,200,
1787722191.5294044,serverless,30.0,30.0,44.21,False,200,
1787722191.5627377,serverless,30.0,30.0,45.477,False,200,
1787722191.596071,serverless,30.0,30.0,34.562,False,200,
1787722191.6294043,serverless,30.0,30.0,54.943,False,200,
1787722191.6627376,serverless,30.0,30.0,47.458,False,200,
1787722191.696071,serverless,30.0,30.0,63.325,False,200,
1787722191.7294042,serverless,30.0,30.0,62.472,False,200,
1787722191.7627378,serverless,30.0,30.0,53.204,False,200,
1787722191.796071,serverless,30.0,30.0,56.949,False,200,
1787722191.8294044,serverless,30.0,30.0,51.28,False,200,
1787722191.8627377,serverless,30.0,30.0,46.746,False,200,
1787722191.896071,serverless,30.0,30.0,37.758,False,200,
1787722191.9294043,serverless,30.0,30.0,43.798,False,200,
1787722191.9627376,serverless,30.0,30.0,47.084,False,200,
1787722191.9960709,serverless,30.0,30.0,44.673,False,200,
1787722192.0294044,serverless,30.0,30.0,60.906,False,200,
1787722192.0627377,serverless,30.0,30.0,27.572,False,200,
1787722192.096071,serverless,30.0,30.0,49.838,False,200,
1787722192.1294043,serverless,30.0,30.0,51.119,False,200,
1787722192.1627376,serverless,30.0,30.0,70.76,False,200,
1787722192.196071,serverless,30.0,30.0,56.883,False,200,
1787722192.2294042,serverless,30.0,30.0,73.258,False,200,
1787722192.2627378,serverless,30.0,30.0,54.233,False,200,
1787722192.296071,serverless,30.0,30.0,51.959,False,200,
1787722192.3294044,serverless,30.0,30.0,53.102,False,200,
1787722192.3627377,serverless,30.0,30.0,49.12,False,200,
1787722192.396071,serverless,30.0,30.0,48.807,False,200,
1787722192.4294043,serverless,30.0,30.0,42.455,False,200,
1787722192.4627376,serverless,30.0,30.0,42.424,False,200,
1787722192.4960709,serverless,30.0,30.0,36.605,False,200,
1787722192.5294044,serverless,30.0,30.0,40.36,False,200,
1787722192.5627377,serverless,30.0,30.0,43.11,False,200,
1787722192.596071,serverless,30.0,30.0,68.016,False,200,
1787722192.6294043,serverless,30.0,30.0,29.811,False,200,
1787722192.6627376,serverless,30.0,30.0,41.095,False,200,
1787722192.696071,serverless,30.0,30.0,55.331,False,200,
1787722192.7294042,serverless,30.0,30.0,48.471,False,200,
1787722192.7627378,serverless,30.0,30.0,45.214,False,200,
1787722192.796071,serverless,30.0,30.0,56.839,False,200,
1787722192.8294044,serverless,30.0,30.0,67.469,False,200,
1787722192.8627377,serverless,30.0,30.0,61.262,False,200,
1787722192.896071,serverless,30.0,30.0,71.62,False,200,
1787722192.9294043,serverless,30.0,30.0,46.907,False,200,
1787722192.9627376,serverless,30.0,30.0,42.13,False,200,
1787722192.9960709,serverless,30.0,30.0,40.62,False,200,
1787722193.0294044,serverless,30.0,30.0,32.005,False,200,
1787722193.0627377,serverless,30.0,30.0,68.482,False,200,
1787722193.096071,serverless,30.0,30.0,32.07,False,200,
1787722193.1294043,serverless,30.0,30.0,41.43,False,200,
1787722193.1627376,serverless,30.0,30.0,44.7,False,200,
1787722193.196071,serverless,30.0,30.0,49.529,False,200,
1787722193.2294042,serverless,30.0,30.0,54.733,False,200,
1787722193.2627378,serverless,30.0,30.0,44.633,False,200,
1787722193.296071,serverless,30.0,30.0,64.727,False,200,
1787722193.3294044,serverless,30.0,30.0,39.519,False,200,
1787722193.3627377,serverless,30.0,30.0,67.537,False,200,
1787722193.396071,serverless,30.0,30.0,39.636,False,200,
1787722193.4294043,serverless,30.0,30.0,66.22,False,200,
1787722193.4627376,serverless,30.0,30.0,38.744,False,200,
1787722193.4960709,serverless,30.0,30.0,46.531,False,200,
1787722193.5294044,serverless,30.0,30.0,35.712,False,200,
1787722193.5627377,serverless,30.0,30.0,65.22,False,200,
1787722193.596071,serverless,30.0,30.0,61.173,False,200,
1787722193.6294043,serverless,30.0,30.0,47.624,False,200,
1787722193.6627376,serverless,30.0,30.0,52.231,False,200,
1787722193.696071,serverless,30.0,30.0,49.423,False,200,
1787722193.7294042,serverless,30.0,30.0,69.889,False,200,
1787722193.7627378,serverless,30.0,30.0,54.041,False,200,
1787722193.796071,serverless,30.0,30.0,75.602,False,200,
1787722193.8294044,serverless,30.0,30.0,63.784,False,200,
1787722193.8627377,serverless,30.0,30.0,65.11,False,200,
1787722193.896071,serverless,30.0,30.0,47.918,False,200,
1787722193.9294043,serverless,30.0,30.0,56.77,False,200,
1787722193.9627376,serverless,30.0,30.0,49.489,False,200,
1787722193.9960709,serverless,30.0,30.0,1704.695,True,200,
1787722194.0294044,serverless,30.0,30.0,40.281,False,200,
1787722194.0627377,serverless,30.0,30.0,48.979,False,200,
1787722194.096071,serverless,30.0,30.0,55.84,False,200,
1787722194.1294043,serverless,30.0,30.0,47.473,False,200,
1787722194.1627376,serverless,30.0,30.0,52.178,False,200,
1787722194.196071,serverless,30.0,30.0,43.419,False,200,
1787722194.2294042,serverless,30.0,30.0,61.171,False,200,
1787722194.2627378,serverless,30.0,30.0,58.558,False,200,
1787722194.296071,serverless,30.0,30.0,43.159,False,200,
1787722194.3294044,serverless,30.0,30.0,37.501,False,200,
1787722194.3627377,serverless,30.0,30.0,44.525,False,200,
1787722194.396071,serverless,30.0,30.0,55.015,False,200,
1787722194.4294043,serverless,30.0,30.0,57.404,False,200,
1787722194.4627376,serverless,30.0,30.0,71.236,False,200,
1787722194.4960709,serverless,30.0,30.0,50.135,False,200,
1787722194.5294044,serverless,30.0,30.0,45.303,False,200,
1787722194.5627377,serverless,30.0,30.0,64.59,False,200,
1787722194.596071,serverless,30.0,30.0,63.702,False,200,
1787722194.6294043,serverless,30.0,30.0,54.543,False,200,
1787722194.6627376,serverless,30.0,30.0,45.983,False,200,
1787722194.696071,serverless,30.0,30.0,48.746,False,200,
1787722194.7294042,serverless,30.0,30.0,1432.332,True,200,
1787722194.7627378,serverless,30.0,30.0,57.341,False,200,
1787722194.796071,serverless,30.0,30.0,46.444,False,200,
1787722194.8294044,serverless,30.0,30.0,54.881,False,200,
1787722194.8627377,serverless,30.0,30.0,36.238,False,200,
1787722194.896071,serverless,30.0,30.0,63.798,False,200,
1787722194.9294043,serverless,30.0,30.0,72.349,False,200,
1787722194.9627376,serverless,30.0,30.0,60.274,False,200,
1787722194.9960709,serverless,30.0,30.0,40.614,False,200,
1787722195.0294044,serverless,30.0,30.0,44.91,False,200,
1787722195.0627377,serverless,30.0,30.0,44.223,False,200,
1787722195.096071,serverless,30.0,30.0,54.77,False,200,
1787722195.1294043,serverless,30.0,30.0,57.838,False,200,
1787722195.1627376,serverless,30.0,30.0,39.956,False,200,
1787722195.196071,serverless,30.0,30.0,59.977,False,200,
1787722195.2294042,serverless,30.0,30.0,37.489,False,200,
1787722195.2627378,serverless,30.0,30.0,58.865,False,200,
1787722195.296071,serverless,30.0,30.0,41.741,False,200,
1787722195.3294044,serverless,30.0,30.0,47.259,False,200,
1787722195.3627377,serverless,30.0,30.0,69.893,False,200,
1787722195.396071,serverless,30.0,30.0,41.671,False,200,
1787722195.4294043,serverless,30.0,30.0,48.696,False,200,
1787722195.4627376,serverless,30.0,30.0,81.161,False,200,
1787722195.4960709,serverless,30.0,30.0,77.846,False,200,
1787722195.5294044,serverless,30.0,30.0,42.558,False,200,
1787722195.5627377,serverless,30.0,30.0,52.502,False,200,
1787722195.596071,serverless,30.0,30.0,49.238,False,200,
1787722195.6294043,serverless,30.0,30.0,50.249,False,200,
1787722195.6627376,serverless,30.0,30.0,54.458,False,200,
1787722195.696071,serverless,30.0,30.0,60.498,False,200,
1787722195.7294042,serverless,30.0,30.0,43.261,False,200,
1787722195.7627378,serverless,30.0,30.0,45.033,False,200,
1787722195.796071,serverless,30.0,30.0,58.773,False,200,
1787722195.8294044,serverless,30.0,30.0,45.012,False,200,
1787722195.8627377,serverless,30.0,30.0,52.871,False,200,
1787722195.896071,serverless,30.0,30.0,65.231,False,200,
1787722195.9294043,serverless,30.0,30.0,34.242,False,200,
1787722195.9627376,serverless,30.0,30.0,61.787,False,200,
1787722195.9960709,serverless,30.0,30.0,1176.219,True,200,
1787722196.0294044,serverless,30.0,30.0,61.377,False,200,
1787722196.0627377,serverless,30.0,30.0,40.868,False,200,
1787722196.096071,serverless,30.0,30.0,55.42,False,200,
1787722196.1294043,serverless,30.0,30.0,50.822,False,200,
1787722196.1627376,serverless,30.0,30.0,51.397,False,200,
1787722196.196071,serverless,30.0,30.0,48.701,False,200,
1787722196.2294042,serverless,30.0,30.0,65.451,False,200,
1787722196.2627378,serverless,30.0,30.0,75.315,False,200,
1787722196.296071,serverless,30.0,30.0,53.259,False,200,
1787722196.3294044,serverless,30.0,30.0,48.591,False,200,
1787722196.3627377,serverless,30.0,30.0,42.661,False,200,
1787722196.396071,serverless,30.0,30.0,46.435,False,200,
1787722196.4294043,serverless,30.0,30.0,40.896,False,200,
1787722196.4627376,serverless,30.0,30.0,49.19,False,200,
1787722196.4960709,serverless,30.0,30.0,44.003,False,200,
1787722196.5294044,serverless,30.0,30.0,51.493,False,200,
1787722196.5627377,serverless,30.0,30.0,35.94,False,200,
1787722196.596071,serverless,30.0,30.0,30.265,False,200,
1787722196.6294043,serverless,30.0,30.0,42.552,False,200,
1787722196.6627376,serverless,30.0,30.0,40.356,False,200,
1787722196.696071,serverless,30.0,30.0,58.885,False,200,
1787722196.7294042,serverless,30.0,30.0,37.844,False,200,
1787722196.7627378,serverless,30.0,30.0,54.337,False,200,
1787722196.796071,serverless,30.0,30.0,42.706,False,200,
1787722196.8294044,serverless,30.0,30.0,45.068,False,200,
1787722196.8627377,serverless,30.0,30.0,50.828,False,200,
1787722196.896071,serverless,30.0,30.0,42.145,False,200,
1787722196.9294043,serverless,30.0,30.0,50.0,False,200,
1787722196.9627376,serverless,30.0,30.0,44.208,False,200,
1787722196.9960709,serverless,30.0,30.0,50.43,False,200,
1787722197.0294044,serverless,30.0,30.0,58.867,False,200,
1787722197.0627377,serverless,30.0,30.0,52.718,False,200,
1787722197.096071,serverless,30.0,30.0,53.226,False,200,
1787722197.1294043,serverless,30.0,30.0,49.39,False,200,
1787722197.1627376,serverless,30.0,30.0,40.878,False,200,
1787722197.196071,serverless,30.0,30.0,41.368,False,200,
1787722197.2294042,serverless,30.0,30.0,48.231,False,200,
1787722197.2627378,serverless,30.0,30.0,57.183,False,200,
1787722197.296071,serverless,30.0,30.0,65.112,False,200,
1787722197.3294044,serverless,30.0,30.0,37.119,False,200,
1787722197.3627377,serverless,30.0,30.0,56.459,False,200,
1787722197.396071,serverless,30.0,30.0,49.587,False,200,
1787722197.4294043,serverless,30.0,30.0,64.815,False,200,
1787722197.4627376,serverless,30.0,30.0,52.957,False,200,
1787722197.4960709,serverless,30.0,30.0,58.595,False,200,
1787722197.5294044,serverless,30.0,30.0,61.053,False,200,
1787722197.5627377,serverless,30.0,30.0,52.625,False,200,
1787722197.596071,serverless,30.0,30.0,57.39,False,200,
1787722197.6294043,serverless,30.0,30.0,55.098,False,200,
1787722197.6627376,serverless,30.0,30.0,52.441,False,200,
1787722197.696071,serverless,30.0,30.0,58.597,False,200,
1787722197.7294042,serverless,30.0,30.0,37.98,False,200,
1787722197.7627378,serverless,30.0,30.0,35.837,False,200,
1787722197.796071,serverless,30.0,30.0,33.867,False,200,
1787722197.8294044,serverless,30.0,30.0,57.594,False,200,
1787722197.8627377,serverless,30.0,30.0,42.626,False,200,
1787722197.896071,serverless,30.0,30.0,53.917,False,200,
1787722197.9294043,serverless,30.0,30.0,53.062,False,200,
1787722197.9627376,serverless,30.0,30.0,52.624,False,200,
1787722197.9960709,serverless,30.0,30.0,56.264,False,200,
1787722198.0294044,serverless,30.0,30.0,36.991,False,200,
1787722198.0627377,serverless,30.0,30.0,47.145,False,200,
1787722198.096071,serverless,30.0,30.0,41.678,False,200,
1787722198.1294043,serverless,30.0,30.0,54.703,False,200,
1787722198.1627376,serverless,30.0,30.0,54.709,False,200,
1787722198.196071,serverless,30.0,30.0,37.026,False,200,
1787722198.2294042,serverless,30.0,30.0,51.658,False,200,
1787722198.2627378,serverless,30.0,30.0,50.813,False,200,
1787722198.296071,serverless,30.0,30.0,44.201,False,200,
1787722198.3294044,serverless,30.0,30.0,43.426,False,200,
1787722198.3627377,serverless,30.0,30.0,62.679,False,200,
1787722198.396071,serverless,30.0,30.0,56.818,False,200,
1787722198.4294043,serverless,30.0,30.0,41.275,False,200,
1787722198.4627376,serverless,30.0,30.0,51.253,False,200,
1787722198.4960709,serverless,30.0,30.0,38.595,False,200,
1787722198.5294044,serverless,30.0,30.0,40.871,False,200,
1787722198.5627377,serverless,30.0,30.0,50.455,False,200,
1787722198.596071,serverless,30.0,30.0,46.645,False,200,
1787722198.6294043,serverless,30.0,30.0,36.34,False,200,
1787722198.6627376,serverless,30.0,30.0,55.079,False,200,
1787722198.696071,serverless,30.0,30.0,70.106,False,200,
1787722198.7294042,serverless,30.0,30.0,40.489,False,200,
1787722198.7627378,serverless,30.0,30.0,37.868,False,200,
1787722198.796071,serverless,30.0,30.0,41.411,False,200,
1787722198.8294044,serverless,30.0,30.0,46.616,False,200,
1787722198.8627377,serverless,30.0,30.0,45.731,False,200,
1787722198.896071,serverless,30.0,30.0,38.722,False,200,
1787722198.9294043,serverless,30.0,30.0,47.3,False,200,
1787722198.9627376,serverless,30.0,30.0,53.847,False,200,
1787722198.9960709,serverless,30.0,30.0,38.145,False,200,
1787722199.0294044,serverless,30.0,30.0,43.574,False,200,
1787722199.0627377,serverless,30.0,30.0,45.008,False,200,
1787722199.096071,serverless,30.0,30.0,44.082,False,200,
1787722199.1294043,serverless,30.0,30.0,41.042,False,200,
1787722199.1627376,serverless,30.0,30.0,54.33,False,200,
1787722199.196071,serverless,30.0,30.0,37.602,False,200,
1787722199.2294042,serverless,30.0,30.0,37.37,False,200,
1787722199.2627378,serverless,30.0,30.0,43.739,False,200,
1787722199.296071,serverless,30.0,30.0,39.658,False,200,
1787722199.3294044,serverless,30.0,30.0,70.504,False,200,
1787722199.3627377,serverless,30.0,30.0,56.089,False,200,
1787722199.396071,serverless,30.0,30.0,50.122,False,200,
1787722199.4294043,serverless,30.0,30.0,54.822,False,200,
1787722199.4627376,serverless,30.0,30.0,52.475,False,200,
1787722199.4960709,serverless,30.0,30.0,49.723,False,200,
1787722199.5294044,serverless,30.0,30.0,64.22,False,200,
1787722199.5627377,serverless,30.0,30.0,54.236,False,200,
1787722199.596071,serverless,30.0,30.0,37.604,False,200,
1787722199.6294043,serverless,30.0,30.0,47.664,False,200,
1787722199.6627376,serverless,30.0,30.0,62.194,False,200,
1787722199.696071,serverless,30.0,30.0,64.12,False,200,
1787722199.7294042,serverless,30.0,30.0,66.137,False,200,
1787722199.7627378,serverless,30.0,30.0,57.212,False,200,
1787722199.796071,serverless,30.0,30.0,38.174,False,200,
1787722199.8294044,serverless,30.0,30.0,44.122,False,200,
1787722199.8627377,serverless,30.0,30.0,48.578,False,200,
1787722199.896071,serverless,30.0,30.0,35.963,False,200,
1787722199.9294043,serverless,30.0,30.0,36.788,False,200,
1787722199.9627376,serverless,30.0,30.0,56.185,False,200,
1787722199.9960709,serverless,30.0,30.0,42.757,False,200,
1787722200.0294044,serverless,30.0,30.0,56.667,False,200,
1787722200.0627377,serverless,30.0,30.0,54.874,False,200,
1787722200.096071,serverless,30.0,30.0,59.16,False,200,
1787722200.1294043,serverless,30.0,30.0,50.491,False,200,
1787722200.1627376,serverless,30.0,30.0,33.9,False,200,
1787722200.196071,serverless,30.0,30.0,63.055,False,200,
1787722200.2294042,serverless,30.0,30.0,41.788,False,200,
1787722200.2627378,serverless,30.0,30.0,56.084,False,200,
1787722200.296071,serverless,30.0,30.0,55.401,False,200,
1787722200.3294044,serverless,30.0,30.0,48.701,False,200,
1787722200.3627377,serverless,30.0,30.0,30.936,False,200,
1787722200.396071,serverless,30.0,30.0,73.53,False,200,
1787722200.4294043,serverless,30.0,30.0,52.484,False,200,
1787722200.4627376,serverless,30.0,30.0,42.954,False,200,
1787722200.4960709,serverless,30.0,30.0,53.884,False,200,
1787722200.5294044,serverless,30.0,30.0,55.389,False,200,
1787722200.5627377,serverless,30.0,30.0,56.622,False,200,
1787722200.596071,serverless,30.0,30.0,47.869,False,200,
1787722200.6294043,serverless,30.0,30.0,58.368,False,200,
1787722200.6627376,serverless,30.0,30.0,44.533,False,200,
1787722200.696071,serverless,30.0,30.0,60.185,False,200,
1787722200.7294042,serverless,30.0,30.0,52.911,False,200,
1787722200.7627378,serverless,30.0,30.0,54.18,False,200,
1787722200.796071,serverless,30.0,30.0,59.42,False,200,
1787722200.8294044,serverless,30.0,30.0,36.66,False,200,
1787722200.8627377,serverless,30.0,30.0,45.736,False,200,
1787722200.896071,serverless,30.0,30.0,40.713,False,200,
1787722200.9294043,serverless,30.0,30.0,63.672,False,200,
1787722200.9627376,serverless,30.0,30.0,47.177,False,200,
1787722200.9960709,serverless,30.0,30.0,73.437,False,200,
1787722201.0294044,serverless,30.0,30.0,50.441,False,200,
1787722201.0627377,serverless,30.0,30.0,50.214,False,200,
1787722201.096071,serverless,30.0,30.0,62.378,False,200,
1787722201.1294043,serverless,30.0,30.0,61.436,False,200,
1787722201.1627376,serverless,30.0,30.0,52.194,False,200,
1787722201.196071,serverless,30.0,30.0,50.201,False,200,
1787722201.2294042,serverless,30.0,30.0,42.239,False,200,
1787722201.2627378,serverless,30.0,30.0,52.916,False,200,
1787722201.296071,serverless,30.0,30.0,59.736,False,200,
1787722201.3294044,serverless,30.0,30.0,55.074,False,200,
1787722201.3627377,serverless,30.0,30.0,41.798,False,200,
1787722201.396071,serverless,30.0,30.0,35.219,False,200,
1787722201.4294043,serverless,30.0,30.0,40.434,False,200,
1787722201.4627376,serverless,30.0,30.0,52.408,False,200,
1787722201.4960709,serverless,30.0,30.0,47.875,False,200,
1787722201.5294044,serverless,30.0,30.0,41.907,False,200,
1787722201.5627377,serverless,30.0,30.0,50.725,False,200,
1787722201.596071,serverless,30.0,30.0,52.671,False,200,
1787722201.6294043,serverless,30.0,30.0,52.365,False,200,
1787722201.6627376,serverless,30.0,30.0,47.123,False,200,
1787722201.696071,serverless,30.0,30.0,54.682,False,200,
1787722201.7294042,serverless,30.0,30.0,48.434,False,200,
1787722201.7627378,serverless,30.0,30.0,48.2,False,200,
1787722201.796071,serverless,30.0,30.0,53.005,False,200,
1787722201.8294044,serverless,30.0,30.0,40.906,False,200,
1787722201.8627377,serverless,30.0,30.0,34.025,False,200,
1787722201.896071,serverless,30.0,30.0,47.574,False,200,
1787722201.9294043,serverless,30.0,30.0,38.322,False,200,
1787722201.9627376,serverless,30.0,30.0,50.459,False,200,
1787722201.9960709,serverless,30.0,30.0,56.321,False,200,
1787722202.0294044,serverless,30.0,30.0,58.285,False,200,
1787722202.0627377,serverless,30.0,30.0,43.081,False,200,
1787722202.096071,serverless,30.0,30.0,44.588,False,200,
1787722202.1294043,serverless,30.0,30.0,66.598,False,200,
1787722202.1627376,serverless,30.0,30.0,48.225,False,200,
1787722202.196071,serverless,30.0,30.0,50.873,False,200,
1787722202.2294042,serverless,30.0,30.0,84.755,False,200,
1787722202.2627378,serverless,30.0,30.0,54.979,False,200,
1787722202.296071,serverless,30.0,30.0,46.136,False,200,
1787722202.3294044,serverless,30.0,30.0,40.142,False,200,
1787722202.3627377,serverless,30.0,30.0,47.021,False,200,
1787722202.396071,serverless,30.0,30.0,56.698,False,200,
1787722202.4294043,serverless,30.0,30.0,46.935,False,200,
1787722202.4627376,serverless,30.0,30.0,71.551,False,200,
1787722202.4960709,serverless,30.0,30.0,36.986,False,200,
1787722202.5294044,serverless,30.0,30.0,45.391,False,200,
1787722202.5627377,serverless,30.0,30.0,57.239,False,200,
1787722202.596071,serverless,30.0,30.0,53.479,False,200,
1787722202.6294043,serverless,30.0,30.0,41.948,False,200,
1787722202.6627376,serverless,30.0,30.0,86.749,False,200,
1787722202.696071,serverless,30.0,30.0,52.989,False,200,
1787722202.7294042,serverless,30.0,30.0,46.138,False,200,
1787722202.7627378,serverless,30.0,30.0,49.057,False,200,
1787722202.796071,serverless,30.0,30.0,43.443,False,200,
1787722202.8294044,serverless,30.0,30.0,49.492,False,200,
1787722202.8627377,serverless,30.0,30.0,53.677,False,200,
1787722202.896071,serverless,30.0,30.0,71.659,False,200,
1787722202.9294043,serverless,30.0,30.0,44.545,False,200,
1787722202.9627376,serverless,30.0,30.0,44.752,False,200,
1787722202.9960709,serverless,30.0,30.0,70.136,False,200,
1787722203.0294044,serverless,30.0,30.0,54.119,False,200,
1787722203.0627377,serverless,30.0,30.0,34.988,False,200,
1787722203.096071,serverless,30.0,30.0,43.151,False,200,
1787722203.1294043,serverless,30.0,30.0,39.143,False,200,
1787722203.1627376,serverless,30.0,30.0,79.414,False,200,
1787722203.196071,serverless,30.0,30.0,42.063,False,200,
1787722203.2294042,serverless,30.0,30.0,46.817,False,200,
1787722203.2627378,serverless,30.0,30.0,45.384,False,200,
1787722203.296071,serverless,30.0,30.0,50.948,False,200,
1787722203.3294044,serverless,30.0,30.0,50.157,False,200,
1787722203.3627377,serverless,30.0,30.0,56.345,False,200,
1787722203.396071,serverless,30.0,30.0,47.669,False,200,
1787722203.4294043,serverless,30.0,30.0,51.858,False,200,
1787722203.4627376,serverless,30.0,30.0,39.451,False,200,
1787722203.4960709,serverless,30.0,30.0,66.598,False,200,
1787722203.5294044,serverless,30.0,30.0,69.977,False,200,
1787722203.5627377,serverless,30.0,30.0,54.625,False,200,
1787722203.596071,serverless,30.0,30.0,57.757,False,200,
1787722203.6294043,serverless,30.0,30.0,45.003,False,200,
1787722203.6627376,serverless,30.0,30.0,59.756,False,200,
1787722203.696071,serverless,30.0,30.0,58.895,False,200,
1787722203.7294042,serverless,30.0,30.0,42.438,False,200,
1787722203.7627378,serverless,30.0,30.0,49.669,False,200,
1787722203.796071,serverless,30.0,30.0,60.963,False,200,
1787722203.8294044,serverless,30.0,30.0,49.493,False,200,
1787722203.8627377,serverless,30.0,30.0,54.457,False,200,
1787722203.896071,serverless,30.0,30.0,40.59,False,200,
1787722203.9294043,serverless,30.0,30.0,81.439,False,200,
1787722203.9627376,serverless,30.0,30.0,44.757,False,200,
1787722203.9960709,serverless,30.0,30.0,64.302,False,200,
1787722204.0294044,serverless,30.0,30.0,34.714,False,200,
1787722204.0627377,serverless,30.0,30.0,50.895,False,200,
1787722204.096071,serverless,30.0,30.0,55.485,False,200,
1787722204.1294043,serverless,30.0,30.0,43.047,False,200,
1787722204.1627376,serverless,30.0,30.0,57.803,False,200,
1787722204.196071,serverless,30.0,30.0,46.739,False,200,
1787722204.2294042,serverless,30.0,30.0,1106.542,True,200,
1787722204.2627378,serverless,30.0,30.0,64.163,False,200,
1787722204.296071,serverless,30.0,30.0,44.939,False,200,
1787722204.3294044,serverless,30.0,30.0,61.997,False,200,
1787722204.3627377,serverless,30.0,30.0,55.762,False,200,
1787722204.396071,serverless,30.0,30.0,55.681,False,200,
1787722204.4294043,serverless,30.0,30.0,35.394,False,200,
1787722204.4627376,serverless,30.0,30.0,55.743,False,200,
1787722204.4960709,serverless,30.0,30.0,47.983,False,200,
1787722204.5294044,serverless,30.0,30.0,29.438,False,200,
1787722204.5627377,serverless,30.0,30.0,60.42,False,200,
1787722204.596071,serverless,30.0,30.0,47.682,False,200,
1787722204.6294043,serverless,30.0,30.0,50.966,False,200,
1787722204.6627376,serverless,30.0,30.0,47.24,False,200,
1787722204.696071,serverless,30.0,30.0,48.44,False,200,
1787722204.7294042,serverless,30.0,30.0,44.324,False,200,
1787722204.7627378,serverless,30.0,30.0,71.154,False,200,
1787722204.796071,serverless,30.0,30.0,36.552,False,200,
1787722204.8294044,serverless,30.0,30.0,56.013,False,200,
1787722204.8627377,serverless,30.0,30.0,42.288,False,200,
1787722204.896071,serverless,30.0,30.0,35.536,False,200,
1787722204.9294043,serverless,30.0,30.0,35.299,False,200,
1787722204.9627376,serverless,30.0,30.0,67.817,False,200,
1787722204.9960709,serverless,30.0,30.0,52.66,False,200,
1787722205.0294044,serverless,30.0,30.0,63.174,False,200,
1787722205.0627377,serverless,30.0,30.0,48.447,False,200,
1787722205.096071,serverless,30.0,30.0,45.771,False,200,
1787722205.1294043,serverless,30.0,30.0,74.887,False,200,
1787722205.1627376,serverless,30.0,30.0,38.826,False,200,
1787722205.196071,serverless,30.0,30.0,58.29,False,200,
1787722205.2294042,serverless,30.0,30.0,52.637,False,200,
1787722205.2627378,serverless,30.0,30.0,41.739,False,200,
1787722205.296071,serverless,30.0,30.0,54.683,False,200,
1787722205.3294044,serverless,30.0,30.0,56.226,False,200,
1787722205.3627377,serverless,30.0,30.0,43.219,False,200,
1787722205.396071,serverless,30.0,30.0,55.038,False,200,
1787722205.4294043,serverless,30.0,30.0,45.527,False,200,
1787722205.4627376,serverless,30.0,30.0,48.301,False,200,
1787722205.4960709,serverless,30.0,30.0,47.639,False,200,
1787722205.5294044,serverless,30.0,30.0,40.239,False,200,
1787722205.5627377,serverless,30.0,30.0,61.264,False,200,
1787722205.596071,serverless,30.0,30.0,49.65,False,200,
1787722205.6294043,serverless,30.0,30.0,44.006,False,200,
1787722205.6627376,serverless,30.0,30.0,47.931,False,200,
1787722205.696071,serverless,30.0,30.0,45.411,False,200,
1787722205.7294042,serverless,30.0,30.0,66.549,False,200,
1787722205.7627378,serverless,30.0,30.0,46.142,False,200,
1787722205.796071,serverless,30.0,30.0,41.8,False,200,
1787722205.8294044,serverless,30.0,30.0,65.56,False,200,
1787722205.8627377,serverless,30.0,30.0,61.229,False,200,
1787722205.896071,serverless,30.0,30.0,37.462,False,200,
1787722205.9294043,serverless,30.0,30.0,32.752,False,200,
1787722205.9627376,serverless,30.0,30.0,40.801,False,200,
1787722205.9960709,serverless,30.0,30.0,63.235,False,200,
1787722206.0294044,serverless,30.0,30.0,51.572,False,200,
1787722206.0627377,serverless,30.0,30.0,42.452,False,200,
1787722206.096071,serverless,30.0,30.0,44.392,False,200,
1787722206.1294043,serverless,30.0,30.0,42.788,False,200,
1787722206.1627376,serverless,30.0,30.0,88.003,False,200,
1787722206.196071,serverless,30.0,30.0,51.969,False,200,
1787722206.2294042,serverless,30.0,30.0,42.607,False,200,
1787722206.2627378,serverless,30.0,30.0,53.78,False,200,
1787722206.296071,serverless,30.0,30.0,50.725,False,200,
1787722206.3294044,serverless,30.0,30.0,56.838,False,200,
1787722206.3627377,serverless,30.0,30.0,50.944,False,200,
1787722206.396071,serverless,30.0,30.0,37.196,False,200,
1787722206.4294043,serverless,30.0,30.0,51.549,False,200,
1787722206.4627376,serverless,30.0,30.0,48.964,False,200,
1787722206.4960709,serverless,30.0,30.0,36.58,False,200,
1787722206.5294044,serverless,30.0,30.0,39.901,False,200,
1787722206.5627377,serverless,30.0,30.0,30.66,False,200,
1787722206.596071,serverless,30.0,30.0,48.274,False,200,
1787722206.6294043,serverless,30.0,30.0,60.354,False,200,
1787722206.6627376,serverless,30.0,30.0,39.388,False,200,
1787722206.696071,serverless,30.0,30.0,55.969,False,200,
1787722206.7294042,serverless,30.0,30.0,1376.281,True,200,
1787722206.7627378,serverless,30.0,30.0,63.785,False,200,
1787722206.796071,serverless,30.0,30.0,52.126,False,200,
1787722206.8294044,serverless,30.0,30.0,57.042,False,200,
1787722206.8627377,serverless,30.0,30.0,56.344,False,200,
1787722206.896071,serverless,30.0,30.0,84.07,False,200,
1787722206.9294043,serverless,30.0,30.0,58.213,False,200,
1787722206.9627376,serverless,30.0,30.0,1231.285,True,200,
1787722206.9960709,serverless,30.0,30.0,58.236,False,200,
1787722207.0294044,serverless,30.0,30.0,51.013,False,200,
1787722207.0627377,serverless,30.0,30.0,33.56,False,200,
1787722207.096071,serverless,30.0,30.0,59.98,False,200,
1787722207.1294043,serverless,30.0,30.0,45.608,False,200,
1787722207.1627376,serverless,30.0,30.0,70.81,False,200,
1787722207.196071,serverless,30.0,30.0,41.139,False,200,
1787722207.2294042,serverless,30.0,30.0,61.338,False,200,
1787722207.2627378,serverless,30.0,30.0,54.136,False,200,
1787722207.296071,serverless,30.0,30.0,42.853,False,200,
1787722207.3294044,serverless,30.0,30.0,53.753,False,200,
1787722207.3627377,serverless,30.0,30.0,51.678,False,200,
1787722207.396071,serverless,30.0,30.0,58.786,False,200,
1787722207.4294043,serverless,30.0,30.0,49.312,False,200,
1787722207.4627376,serverless,30.0,30.0,52.16,False,200,
1787722207.4960709,serverless,30.0,30.0,68.045,False,200,
1787722207.5294044,serverless,30.0,30.0,58.093,False,200,
1787722207.5627377,serverless,30.0,30.0,51.105,False,200,
1787722207.596071,serverless,30.0,30.0,70.403,False,200,
1787722207.6294043,serverless,30.0,30.0,49.071,False,200,
1787722207.6627376,serverless,30.0,30.0,41.419,False,200,
1787722207.696071,serverless,30.0,30.0,56.826,False,200,
1787722207.7294042,serverless,30.0,30.0,65.782,False,200,
1787722207.7627378,serverless,30.0,30.0,42.072,False,200,
1787722207.796071,serverless,30.0,30.0,60.779,False,200,
1787722207.8294044,serverless,30.0,30.0,43.605,False,200,
1787722207.8627377,serverless,30.0,30.0,36.735,False,200,
1787722207.896071,serverless,30.0,30.0,53.306,False,200,
1787722207.9294043,serverless,30.0,30.0,54.907,False,200,
1787722207.9627376,serverless,30.0,30.0,51.71,False,200,
1787722207.9960709,serverless,30.0,30.0,58.346,False,200,
1787722208.0294044,serverless,30.0,30.0,44.627,False,200,
1787722208.0627377,serverless,30.0,30.0,57.0,False,200,
1787722208.096071,serverless,30.0,30.0,42.877,False,200,
1787722208.1294043,serverless,30.0,30.0,72.202,False,200,
1787722208.1627376,serverless,30.0,30.0,37.789,False,200,
1787722208.196071,serverless,30.0,30.0,52.576,False,200,
1787722208.2294042,serverless,30.0,30.0,66.809,False,200,
1787722208.2627378,serverless,30.0,30.0,44.958,False,200,
1787722208.296071,serverless,30.0,30.0,57.548,False,200,
1787722208.3294044,serverless,30.0,30.0,55.084,False,200,
1787722208.3627377,serverless,30.0,30.0,41.681,False,200,
1787722208.396071,serverless,30.0,30.0,35.15,False,200,
1787722208.4294043,serverless,30.0,30.0,59.758,False,200,
1787722208.4627376,serverless,30.0,30.0,47.132,False,200,
1787722208.4960709,serverless,30.0,30.0,40.067,False,200,
1787722208.5294044,serverless,30.0,30.0,65.464,False,200,
1787722208.5627377,serverless,30.0,30.0,63.996,False,200,
1787722208.596071,serverless,30.0,30.0,41.32,False,200,
1787722208.6294043,serverless,30.0,30.0,35.698,False,200,
1787722208.6627376,serverless,30.0,30.0,45.976,False,200,
1787722208.696071,serverless,30.0,30.0,44.54,False,200,
1787722208.7294042,serverless,30.0,30.0,1162.209,True,200,
1787722208.7627378,serverless,30.0,30.0,35.826,False,200,
1787722208.796071,serverless,30.0,30.0,72.542,False,200,
1787722208.8294044,serverless,30.0,30.0,58.688,False,200,
1787722208.8627377,serverless,30.0,30.0,58.147,False,200,
1787722208.896071,serverless,30.0,30.0,29.29,False,200,
1787722208.9294043,serverless,30.0,30.0,37.991,False,200,
1787722208.9627376,serverless,30.0,30.0,54.111,False,200,
1787722208.9960709,serverless,30.0,30.0,44.267,False,200,
1787722209.0294044,serverless,30.0,30.0,47.075,False,200,
1787722209.0627377,serverless,30.0,30.0,40.578,False,200,
1787722209.096071,serverless,30.0,30.0,54.185,False,200,
1787722209.1294043,serverless,30.0,30.0,54.485,False,200,
1787722209.1627376,serverless,30.0,30.0,47.724,False,200,
1787722209.196071,serverless,30.0,30.0,34.817,False,200,
1787722209.2294042,serverless,30.0,30.0,44.083,False,200,
1787722209.2627378,serverless,30.0,30.0,39.911,False,200,
1787722209.296071,serverless,30.0,30.0,45.603,False,200,
1787722209.3294044,serverless,30.0,30.0,41.106,False,200,
1787722209.3627377,serverless,30.0,30.0,51.109,False,200,
1787722209.396071,serverless,30.0,30.0,47.138,False,200,
1787722209.4294043,serverless,30.0,30.0,47.988,False,200,
1787722209.4627376,serverless,30.0,30.0,39.049,False,200,
1787722209.4960709,serverless,30.0,30.0,44.86,False,200,
1787722209.5294044,serverless,30.0,30.0,50.428,False,200,
1787722209.5627377,serverless,30.0,30.0,49.067,False,200,
1787722209.596071,serverless,30.0,30.0,36.976,False,200,
1787722209.6294043,serverless,30.0,30.0,47.633,False,200,
1787722209.6627376,serverless,30.0,30.0,45.053,False,200,
1787722209.696071,serverless,30.0,30.0,47.88,False,200,
1787722209.7294042,serverless,30.0,30.0,53.076,False,200,
1787722209.7627378,serverless,30.0,30.0,42.633,False,200,
1787722209.796071,serverless,30.0,30.0,47.705,False,200,
1787722209.8294044,serverless,30.0,30.0,44.905,False,200,
1787722209.8627377,serverless,30.0,30.0,46.422,False,200,
1787722209.896071,serverless,30.0,30.0,1034.255,True,200,
1787722209.9294043,serverless,30.0,30.0,52.818,False,200,
1787722209.9627376,serverless,30.0,30.0,37.665,False,200,
1787722209.9960709,serverless,30.0,30.0,54.556,False,200,
1787722210.0294044,serverless,30.0,30.0,40.533,False,200,
1787722210.0627377,serverless,30.0,30.0,57.46,False,200,
1787722210.096071,serverless,30.0,30.0,56.142,False,200,
1787722210.1294043,serverless,30.0,30.0,65.705,False,200,
1787722210.1627376,serverless,30.0,30.0,39.667,False,200,
1787722210.196071,serverless,30.0,30.0,61.224,False,200,
1787722210.2294042,serverless,30.0,30.0,43.929,False,200,
1787722210.2627378,serverless,30.0,30.0,38.135,False,200,
1787722210.296071,serverless,30.0,30.0,53.633,False,200,
1787722210.3294044,serverless,30.0,30.0,50.692,False,200,
1787722210.3627377,serverless,30.0,30.0,40.1,False,200,
1787722210.396071,serverless,30.0,30.0,57.533,False,200,
1787722210.4294043,serverless,30.0,30.0,63.435,False,200,
1787722210.4627376,serverless,30.0,30.0,59.547,False,200,
1787722210.4960709,serverless,30.0,30.0,59.318,False,200,
1787722210.5294044,serverless,30.0,30.0,50.699,False,200,
1787722210.5627377,serverless,30.0,30.0,52.164,False,200,
1787722210.596071,serverless,30.0,30.0,59.271,False,200,
1787722210.6294043,serverless,30.0,30.0,41.659,False,200,
1787722210.6627376,serverless,30.0,30.0,65.465,False,200,
1787722210.696071,serverless,30.0,30.0,58.05,False,200,
1787722210.7294042,serverless,30.0,30.0,50.519,False,200,
1787722210.7627378,serverless,30.0,30.0,68.391,False,200,
1787722210.796071,serverless,30.0,30.0,45.503,False,200,
1787722210.8294044,serverless,30.0,30.0,40.358,False,200,
1787722210.8627377,serverless,30.0,30.0,39.19,False,200,
1787722210.896071,serverless,30.0,30.0,36.863,False,200,
1787722210.9294043,serverless,30.0,30.0,65.081,False,200,
1787722210.9627376,serverless,30.0,30.0,39.918,False,200,
1787722210.9960709,serverless,30.0,30.0,45.842,False,200,
1787722211.0294044,serverless,30.0,30.0,41.8,False,200,
1787722211.0627377,serverless,30.0,30.0,43.896,False,200,
1787722211.096071,serverless,30.0,30.0,43.762,False,200,
1787722211.1294043,serverless,30.0,30.0,77.876,False,200,
1787722211.1627376,serverless,30.0,30.0,45.911,False,200,
1787722211.196071,serverless,30.0,30.0,44.879,False,200,
1787722211.2294042,serverless,30.0,30.0,60.506,False,200,
1787722211.2627378,serverless,30.0,30.0,41.393,False,200,
1787722211.296071,serverless,30.0,30.0,48.04,False,200,
1787722211.3294044,serverless,30.0,30.0,61.19,False,200,
1787722211.3627377,serverless,30.0,30.0,57.352,False,200,
1787722211.396071,serverless,30.0,30.0,53.682,False,200,
1787722211.4294043,serverless,30.0,30.0,51.771,False,200,
1787722211.4627376,serverless,30.0,30.0,59.741,False,200,
1787722211.4960709,serverless,30.0,30.0,55.956,False,200,
1787722211.5294044,serverless,30.0,30.0,53.902,False,200,
1787722211.5627377,serverless,30.0,30.0,36.009,False,200,
1787722211.596071,serverless,30.0,30.0,39.497,False,200,
1787722211.6294043,serverless,30.0,30.0,61.215,False,200,
1787722211.6627376,serverless,30.0,30.0,75.456,False,200,
1787722211.696071,serverless,30.0,30.0,41.541,False,200,
1787722211.7294042,serverless,30.0,30.0,74.782,False,200,
1787722211.7627378,serverless,30.0,30.0,41.143,False,200,
1787722211.796071,serverless,30.0,30.0,54.913,False,200,
1787722211.8294044,serverless,30.0,30.0,52.776,False,200,
1787722211.8627377,serverless,30.0,30.0,62.85,False,200,
1787722211.896071,serverless,30.0,30.0,70.698,False,200,
1787722211.9294043,serverless,30.0,30.0,47.948,False,200,
1787722211.9627376,serverless,30.0,30.0,62.058,False,200,
1787722211.9960709,serverless,30.0,30.0,48.56,False,200,
1787722212.0294044,serverless,30.0,30.0,58.966,False,200,
1787722212.0627377,serverless,30.0,30.0,49.27,False,200,
1787722212.096071,serverless,30.0,30.0,57.519,False,200,
1787722212.1294043,serverless,30.0,30.0,64.168,False,200,
1787722212.1627376,serverless,30.0,30.0,691.152,True,200,
1787722212.196071,serverless,30.0,30.0,33.903,False,200,
1787722212.2294042,serverless,30.0,30.0,53.154,False,200,
1787722212.2627378,serverless,30.0,30.0,81.017,False,200,
1787722212.296071,serverless,30.0,30.0,44.266,False,200,
1787722212.3294044,serverless,30.0,30.0,81.781,False,200,
1787722212.3627377,serverless,30.0,30.0,47.41,False,200,
1787722212.396071,serverless,30.0,30.0,51.928,False,200,
1787722212.4294043,serverless,30.0,30.0,44.856,False,200,
1787722212.4627376,serverless,30.0,30.0,70.783,False,200,
1787722212.4960709,serverless,30.0,30.0,37.375,False,200,
1787722212.5294044,serverless,30.0,30.0,36.92,False,200,
1787722212.5627377,serverless,30.0,30.0,53.465,False,200,
1787722212.596071,serverless,30.0,30.0,56.907,False,200,
1787722212.6294043,serverless,30.0,30.0,50.851,False,200,
1787722212.6627376,serverless,30.0,30.0,46.453,False,200,
1787722212.696071,serverless,30.0,30.0,44.315,False,200,
1787722212.7294042,serverless,30.0,30.0,56.193,False,200,
1787722212.7627378,serverless,30.0,30.0,49.82,False,200,
1787722212.796071,serverless,30.0,30.0,47.857,False,200,
1787722212.8294044,serverless,30.0,30.0,62.763,False,200,
1787722212.8627377,serverless,30.0,30.0,46.737,False,200,
1787722212.896071,serverless,30.0,30.0,50.573,False,200,
1787722212.9294043,serverless,30.0,30.0,47.283,False,200,
1787722212.9627376,serverless,30.0,30.0,45.902,False,200,
1787722212.9960709,serverless,30.0,30.0,45.984,False,200,
1787722213.0294044,serverless,30.0,30.0,51.267,False,200,
1787722213.0627377,serverless,30.0,30.0,74.187,False,200,
1787722213.096071,serverless,30.0,30.0,44.298,False,200,
1787722213.1294043,serverless,30.0,30.0,38.417,False,200,
1787722213.1627376,serverless,30.0,30.0,43.54,False,200,
1787722213.196071,serverless,30.0,30.0,39.832,False,200,
1787722213.2294042,serverless,30.0,30.0,56.543,False,200,
1787722213.2627378,serverless,30.0,30.0,60.676,False,200,
1787722213.296071,serverless,30.0,30.0,49.932,False,200,
1787722213.3294044,serverless,30.0,30.0,34.809,False,200,
1787722213.3627377,serverless,30.0,30.0,49.38,False,200,
1787722213.396071,serverless,30.0,30.0,61.913,False,200,
1787722213.4294043,serverless,30.0,30.0,46.406,False,200,
1787722213.4627376,serverless,30.0,30.0,55.854,False,200,
1787722213.4960709,serverless,30.0,30.0,42.355,False,200,
1787722213.5294044,serverless,30.0,30.0,51.66,False,200,
1787722213.5627377,serverless,30.0,30.0,48.302,False,200,
1787722213.596071,serverless,30.0,30.0,34.93,False,200,
1787722213.6294043,serverless,30.0,30.0,52.357,False,200,
1787722213.6627376,serverless,30.0,30.0,46.372,False,200,
1787722213.696071,serverless,30.0,30.0,51.003,False,200,
1787722213.7294042,serverless,30.0,30.0,42.454,False,200,
1787722213.7627378,serverless,30.0,30.0,73.798,False,200,
1787722213.796071,serverless,30.0,30.0,61.011,False,200,
1787722213.8294044,serverless,30.0,30.0,55.516,False,200,
1787722213.8627377,serverless,30.0,30.0,57.474,False,200,
1787722213.896071,serverless,30.0,30.0,48.274,False,200,
1787722213.9294043,serverless,30.0,30.0,58.348,False,200,
1787722213.9627376,serverless,30.0,30.0,46.487,False,200,
1787722213.9960709,serverless,30.0,30.0,71.626,False,200,
1787722214.0294044,serverless,30.0,30.0,85.293,False,200,
1787722214.0627377,serverless,30.0,30.0,50.331,False,200,
1787722214.096071,serverless,30.0,30.0,51.26,False,200,
1787722214.1294043,serverless,30.0,30.0,71.403,False,200,
1787722214.1627376,serverless,30.0,30.0,48.019,False,200,
1787722214.196071,serverless,30.0,30.0,58.833,False,200,
1787722214.2294042,serverless,30.0,30.0,69.433,False,200,
1787722214.2627378,serverless,30.0,30.0,73.394,False,200,
1787722214.296071,serverless,30.0,30.0,55.236,False,200,
1787722214.3294044,serverless,30.0,30.0,55.639,False,200,
1787722214.3627377,serverless,30.0,30.0,61.332,False,200,
1787722214.396071,serverless,30.0,30.0,62.994,False,200,
1787722214.4294043,serverless,30.0,30.0,49.81,False,200,
1787722214.4627376,serverless,30.0,30.0,63.527,False,200,
1787722214.4960709,serverless,30.0,30.0,61.075,False,200,
1787722214.5294044,serverless,30.0,30.0,54.743,False,200,
1787722214.5627377,serverless,30.0,30.0,56.268,False,200,
1787722214.596071,serverless,30.0,30.0,51.55,False,200,
1787722214.6294043,serverless,30.0,30.0,69.026,False,200,
1787722214.6627376,serverless,30.0,30.0,63.475,False,200,
1787722214.696071,serverless,30.0,30.0,54.786,False,200,
1787722214.7294042,serverless,30.0,30.0,44.958,False,200,
1787722214.7627378,serverless,30.0,30.0,43.328,False,200,
1787722214.796071,serverless,30.0,30.0,42.094,False,200,
1787722214.8294044,serverless,30.0,30.0,35.797,False,200,
1787722214.8627377,serverless,30.0,30.0,92.731,False,200,
1787722214.896071,serverless,30.0,30.0,59.542,False,200,
1787722214.9294043,serverless,30.0,30.0,68.208,False,200,
1787722214.9627376,serverless,30.0,30.0,56.713,False,200,
1787722214.9960709,serverless,30.0,30.0,45.922,False,200,
1787722215.0294044,serverless,30.0,30.0,48.691,False,200,
1787722215.0627377,serverless,30.0,30.0,48.716,False,200,
1787722215.096071,serverless,30.0,30.0,71.808,False,200,
1787722215.1294043,serverless,30.0,30.0,31.095,False,200,
1787722215.1627376,serverless,30.0,30.0,53.171,False,200,
1787722215.196071,serverless,30.0,30.0,58.863,False,200,
1787722215.2294042,serverless,30.0,30.0,42.873,False,200,
1787722215.2627378,serverless,30.0,30.0,44.153,False,200,
1787722215.296071,serverless,30.0,30.0,57.052,False,200,
1787722215.3294044,serverless,30.0,30.0,55.345,False,200,
1787722215.3627377,serverless,30.0,30.0,55.729,False,200,
1787722215.396071,serverless,30.0,30.0,51.693,False,200,
1787722215.4294043,serverless,30.0,30.0,66.674,False,200,
1787722215.4627376,serverless,30.0,30.0,50.208,False,200,
1787722215.4960709,serverless,30.0,30.0,53.092,False,200,
1787722215.5294044,serverless,30.0,30.0,47.903,False,200,
1787722215.5627377,serverless,30.0,30.0,45.51,False,200,
1787722215.596071,serverless,30.0,30.0,48.553,False,200,
1787722215.6294043,serverless,30.0,30.0,55.166,False,200,
1787722215.6627376,serverless,30.0,30.0,55.538,False,200,
1787722215.696071,serverless,30.0,30.0,39.158,False,200,
1787722215.7294042,serverless,30.0,30.0,46.785,False,200,
1787722215.7627378,serverless,30.0,30.0,52.826,False,200,
1787722215.796071,serverless,30.0,30.0,79.466,False,200,
1787722215.8294044,serverless,30.0,30.0,59.955,False,200,
1787722215.8627377,serverless,30.0,30.0,53.367,False,200,
1787722215.896071,serverless,30.0,30.0,57.284,False,200,
1787722215.9294043,serverless,30.0,30.0,76.808,False,200,
1787722215.9627376,serverless,30.0,30.0,53.72,False,200,
1787722215.9960709,serverless,30.0,30.0,61.381,False,200,
1787722216.0294044,serverless,30.0,30.0,46.734,False,200,
1787722216.0627377,serverless,30.0,30.0,36.36,False,200,
1787722216.096071,serverless,30.0,30.0,52.124,False,200,
1787722216.1294043,serverless,30.0,30.0,70.086,False,200,
1787722216.1627376,serverless,30.0,30.0,60.373,False,200,
1787722216.196071,serverless,30.0,30.0,56.614,False,200,
1787722216.2294042,serverless,30.0,30.0,41.703,False,200,
1787722216.2627378,serverless,30.0,30.0,48.659,False,200,
1787722216.296071,serverless,30.0,30.0,58.071,False,200,
1787722216.3294044,serverless,30.0,30.0,47.953,False,200,
1787722216.3627377,serverless,30.0,30.0,49.665,False,200,
1787722216.396071,serverless,30.0,30.0,60.613,False,200,
1787722216.4294043,serverless,30.0,30.0,37.676,False,200,
1787722216.4627376,serverless,30.0,30.0,57.933,False,200,
1787722216.4960709,serverless,30.0,30.0,53.575,False,200,
1787722216.5294044,serverless,30.0,30.0,53.264,False,200,
1787722216.5627377,serverless,30.0,30.0,50.729,False,200,
1787722216.596071,serverless,30.0,30.0,45.875,False,200,
1787722216.6294043,serverless,30.0,30.0,45.659,False,200,
1787722216.6627376,serverless,30.0,30.0,52.146,False,200,
1787722216.696071,serverless,30.0,30.0,47.806,False,200,
1787722216.7294042,serverless,30.0,30.0,48.029,False,200,
1787722216.7627378,serverless,30.0,30.0,43.33,False,200,
1787722216.796071,serverless,30.0,30.0,64.96,False,200,
1787722216.8294044,serverless,30.0,30.0,56.826,False,200,
1787722216.8627377,serverless,30.0,30.0,54.577,False,200,
1787722216.896071,serverless,30.0,30.0,38.842,False,200,
1787722216.9294043,serverless,30.0,30.0,40.263,False,200,
1787722216.9627376,serverless,30.0,30.0,51.466,False,200,
1787722216.9960709,serverless,30.0,30.0,51.013,False,200,
1787722217.0294044,serverless,30.0,30.0,47.073,False,200,
1787722217.0627377,serverless,30.0,30.0,62.055,False,200,
1787722217.096071,serverless,30.0,30.0,53.806,False,200,
1787722217.1294043,serverless,30.0,30.0,52.376,False,200,
1787722217.1627376,serverless,30.0,30.0,72.873,False,200,
1787722217.196071,serverless,30.0,30.0,51.87,False,200,
1787722217.2294042,serverless,30.0,30.0,62.468,False,200,
1787722217.2627378,serverless,30.0,30.0,48.504,False,200,
1787722217.296071,serverless,30.0,30.0,35.796,False,200,
1787722217.3294044,serverless,30.0,30.0,75.606,False,200,
1787722217.3627377,serverless,30.0,30.0,42.543,False,200,
1787722217.396071,serverless,30.0,30.0,47.074,False,200,
1787722217.4294043,serverless,30.0,30.0,45.809,False,200,
1787722217.4627376,serverless,30.0,30.0,63.098,False,200,
1787722217.4960709,serverless,30.0,30.0,38.262,False,200,
1787722217.5294044,serverless,30.0,30.0,56.123,False,200,
1787722217.5627377,serverless,30.0,30.0,54.008,False,200,
1787722217.596071,serverless,30.0,30.0,45.24,False,200,
1787722217.6294043,serverless,30.0,30.0,52.568,False,200,
1787722217.6627376,serverless,30.0,30.0,43.021,False,200,
1787722217.696071,serverless,30.0,30.0,53.223,False,200,
1787722217.7294042,serverless,30.0,30.0,55.055,False,200,
1787722217.7627378,serverless,30.0,30.0,41.368,False,200,
1787722217.796071,serverless,30.0,30.0,60.394,False,200,
1787722217.8294044,serverless,30.0,30.0,47.389,False,200,
1787722217.8627377,serverless,30.0,30.0,38.409,False,200,
1787722217.896071,serverless,30.0,30.0,48.912,False,200,
1787722217.9294043,serverless,30.0,30.0,61.877,False,200,
1787722217.9627376,serverless,30.0,30.0,56.029,False,200,
1787722217.9960709,serverless,30.0,30.0,36.392,False,200,
1787722218.0294044,serverless,30.0,30.0,38.545,False,200,
1787722218.0627377,serverless,30.0,30.0,49.936,False,200,
1787722218.096071,serverless,30.0,30.0,52.135,False,200,
1787722218.1294043,serverless,30.0,30.0,63.358,False,200,
1787722218.1627376,serverless,30.0,30.0,55.816,False,200,
1787722218.196071,serverless,30.0,30.0,56.862,False,200,
1787722218.2294042,serverless,30.0,30.0,56.377,False,200,
1787722218.2627378,serverless,30.0,30.0,52.34,False,200,
1787722218.296071,serverless,30.0,30.0,42.981,False,200,
1787722218.3294044,serverless,30.0,30.0,51.323,False,200,
1787722218.3627377,serverless,30.0,30.0,61.408,False,200,
1787722218.396071,serverless,30.0,30.0,36.44,False,200,
1787722218.4294043,serverless,30.0,30.0,60.231,False,200,
1787722218.4627376,serverless,30.0,30.0,49.966,False,200,
1787722218.4960709,serverless,30.0,30.0,60.866,False,200,
1787722218.5294044,serverless,30.0,30.0,57.227,False,200,
1787722218.5627377,serverless,30.0,30.0,42.933,False,200,
1787722218.596071,serverless,30.0,30.0,63.353,False,200,
1787722218.6294043,serverless,30.0,30.0,45.296,False,200,
1787722218.6627376,serverless,30.0,30.0,41.695,False,200,
1787722218.696071,serverless,30.0,30.0,48.197,False,200,
1787722218.7294042,serverless,30.0,30.0,55.722,False,200,
1787722218.7627378,serverless,30.0,30.0,62.157,False,200,
1787722218.796071,serverless,30.0,30.0,55.136,False,200,
1787722218.8294044,serverless,30.0,30.0,71.855,False,200,
1787722218.8627377,serverless,30.0,30.0,49.005,False,200,
1787722218.896071,serverless,30.0,30.0,61.103,False,200,
1787722218.9294043,serverless,30.0,30.0,51.974,False,200,
1787722218.9627376,serverless,30.0,30.0,53.174,False,200,
1787722218.9960709,serverless,30.0,30.0,55.954,False,200,
1787722219.0294044,serverless,30.0,30.0,51.691,False,200,
1787722219.0627377,serverless,30.0,30.0,46.042,False,200,
1787722219.096071,serverless,30.0,30.0,71.702,False,200,
1787722219.1294043,serverless,30.0,30.0,62.262,False,200,
1787722219.1627376,serverless,30.0,30.0,52.917,False,200,
1787722219.196071,serverless,30.0,30.0,54.023,False,200,
1787722219.2294042,serverless,30.0,30.0,34.28,False,200,
1787722219.2627378,serverless,30.0,30.0,63.409,False,200,
1787722219.296071,serverless,30.0,30.0,68.855,False,200,
1787722219.3294044,serverless,30.0,30.0,55.925,False,200,
1787722219.3627377,serverless,30.0,30.0,40.558,False,200,
1787722219.396071,serverless,30.0,30.0,52.136,False,200,
1787722219.4294043,serverless,30.0,30.0,36.655,False,200,
1787722219.4627376,serverless,30.0,30.0,78.306,False,200,
1787722219.4960709,serverless,30.0,30.0,43.082,False,200,
1787722219.5294044,serverless,30.0,30.0,52.549,False,200,
1787722219.5627377,serverless,30.0,30.0,67.044,False,200,
1787722219.596071,serverless,30.0,30.0,51.202,False,200,
1787722219.6294043,serverless,30.0,30.0,48.639,False,200,
1787722219.6627376,serverless,30.0,30.0,45.144,False,200,
1787722219.696071,serverless,30.0,30.0,43.643,False,200,
1787722219.7294042,serverless,30.0,30.0,37.022,False,200,
1787722219.7627378,serverless,30.0,30.0,60.245,False,200,
1787722219.796071,serverless,30.0,30.0,62.001,False,200,
1787722219.8294044,serverless,30.0,30.0,50.78,False,200,
1787722219.8627377,serverless,30.0,30.0,51.692,False,200,
1787722219.896071,serverless,30.0,30.0,58.985,False,200,
1787722219.9294043,serverless,30.0,30.0,42.588,False,200,
1787722219.9627376,serverless,30.0,30.0,63.774,False,200,
1787722219.9960709,serverless,30.0,30.0,51.302,False,200,
1787722220.0294044,serverless,30.0,30.0,61.489,False,200,
1787722220.0627377,serverless,30.0,30.0,39.49,False,200,
1787722220.096071,serverless,30.0,30.0,1217.003,True,200,
1787722220.1294043,serverless,30.0,30.0,41.966,False,200,
1787722220.1627376,serverless,30.0,30.0,76.566,False,200,
1787722220.196071,serverless,30.0,30.0,53.746,False,200,
1787722220.2294042,serverless,30.0,30.0,38.485,False,200,
1787722220.2627378,serverless,30.0,30.0,60.141,False,200,
1787722220.296071,serverless,30.0,30.0,34.809,False,200,
1787722220.3294044,serverless,30.0,30.0,43.243,False,200,
1787722220.3627377,serverless,30.0,30.0,42.081,False,200,
1787722220.396071,serverless,30.0,30.0,50.24,False,200,
1787722220.4294043,serverless,30.0,30.0,45.692,False,200,
1787722220.4627376,serverless,30.0,30.0,49.338,False,200,
1787722220.4960709,serverless,30.0,30.0,50.761,False,200,
1787722220.5294044,serverless,30.0,30.0,35.224,False,200,
1787722220.5627377,serverless,30.0,30.0,56.351,False,200,
1787722220.596071,serverless,30.0,30.0,46.248,False,200,
1787722220.6294043,serverless,30.0,30.0,58.944,False,200,
1787722220.6627376,serverless,30.0,30.0,50.66,False,200,
1787722220.696071,serverless,30.0,30.0,47.438,False,200,
1787722220.7294042,serverless,30.0,30.0,48.511,False,200,
1787722220.7627378,serverless,30.0,30.0,44.363,False,200,
1787722220.796071,serverless,30.0,30.0,44.178,False,200,
1787722220.8294044,serverless,30.0,30.0,40.256,False,200,
1787722220.8627377,serverless,30.0,30.0,58.308,False,200,
1787722220.896071,serverless,30.0,30.0,45.886,False,200,
1787722220.9294043,serverless,30.0,30.0,57.647,False,200,
1787722220.9627376,serverless,30.0,30.0,77.03,False,200,
1787722220.9960709,serverless,30.0,30.0,45.254,False,200,
1787722221.0294044,serverless,30.0,30.0,49.674,False,200,
1787722221.0627377,serverless,30.0,30.0,46.69,False,200,
1787722221.096071,serverless,30.0,30.0,55.745,False,200,
1787722221.1294043,serverless,30.0,30.0,39.872,False,200,
1787722221.1627376,serverless,30.0,30.0,59.73,False,200,
1787722221.196071,serverless,30.0,30.0,51.275,False,200,
1787722221.2294042,serverless,30.0,30.0,49.141,False,200,
1787722221.2627378,serverless,30.0,30.0,41.955,False,200,
1787722221.296071,serverless,30.0,30.0,53.022,False,200,
1787722221.3294044,serverless,30.0,30.0,50.032,False,200,
1787722221.3627377,serverless,30.0,30.0,60.154,False,200,
1787722221.396071,serverless,30.0,30.0,43.756,False,200,
1787722221.4294043,serverless,30.0,30.0,49.693,False,200,
1787722221.4627376,serverless,30.0,30.0,51.758,False,200,
1787722221.4960709,serverless,30.0,30.0,54.432,False,200,
1787722221.5294044,serverless,30.0,30.0,79.998,False,200,
1787722221.5627377,serverless,30.0,30.0,48.692,False,200,
1787722221.596071,serverless,30.0,30.0,44.637,False,200,
1787722221.6294043,serverless,30.0,30.0,39.244,False,200,
1787722221.6627376,serverless,30.0,30.0,64.693,False,200,
1787722221.696071,serverless,30.0,30.0,37.609,False,200,
1787722221.7294042,serverless,30.0,30.0,59.047,False,200,
1787722221.7627378,serverless,30.0,30.0,41.931,False,200,
1787722221.796071,serverless,30.0,30.0,36.13,False,200,
1787722221.8294044,serverless,30.0,30.0,49.524,False,200,
1787722221.8627377,serverless,30.0,30.0,49.09,False,200,
1787722221.896071,serverless,30.0,30.0,55.722,False,200,
1787722221.9294043,serverless,30.0,30.0,59.569,False,200,
1787722221.9627376,serverless,30.0,30.0,44.535,False,200,
1787722221.9960709,serverless,30.0,30.0,44.963,False,200,
1787722222.0294044,serverless,30.0,30.0,34.815,False,200,
1787722222.0627377,serverless,30.0,30.0,40.739,False,200,
1787722222.096071,serverless,30.0,30.0,49.359,False,200,
1787722222.1294043,serverless,30.0,30.0,39.467,False,200,
1787722222.1627376,serverless,30.0,30.0,64.051,False,200,
1787722222.196071,serverless,30.0,30.0,57.792,False,200,
1787722222.2294042,serverless,30.0,30.0,48.874,False,200,
1787722222.2627378,serverless,30.0,30.0,48.573,False,200,
1787722222.296071,serverless,30.0,30.0,45.737,False,200,
1787722222.3294044,serverless,30.0,30.0,60.233,False,200,
1787722222.3627377,serverless,30.0,30.0,48.864,False,200,
1787722222.396071,serverless,30.0,30.0,42.982,False,200,
1787722222.4294043,serverless,30.0,30.0,49.379,False,200,
1787722222.4627376,serverless,30.0,30.0,48.575,False,200,
1787722222.4960709,serverless,30.0,30.0,69.644,False,200,
1787722222.5294044,serverless,30.0,30.0,52.235,False,200,
1787722222.5627377,serverless,30.0,30.0,42.004,False,200,
1787722222.596071,serverless,30.0,30.0,65.641,False,200,
1787722222.6294043,serverless,30.0,30.0,47.564,False,200,
1787722222.6627376,serverless,30.0,30.0,38.35,False,200,
1787722222.696071,serverless,30.0,30.0,50.675,False,200,
1787722222.7294042,serverless,30.0,30.0,80.262,False,200,
1787722222.7627378,serverless,30.0,30.0,37.142,False,200,
1787722222.796071,serverless,30.0,30.0,47.101,False,200,
1787722222.8294044,serverless,30.0,30.0,42.751,False,200,
1787722222.8627377,serverless,30.0,30.0,58.985,False,200,
1787722222.896071,serverless,30.0,30.0,47.508,False,200,
1787722222.9294043,serverless,30.0,30.0,56.03,False,200,
1787722222.9627376,serverless,30.0,30.0,33.237,False,200,
1787722222.9960709,serverless,30.0,30.0,41.951,False,200,
1787722223.0294044,serverless,30.0,30.0,47.882,False,200,
1787722223.0627377,serverless,30.0,30.0,42.444,False,200,
1787722223.096071,serverless,30.0,30.0,58.016,False,200,
1787722223.1294043,serverless,30.0,30.0,50.681,False,200,
1787722223.1627376,serverless,30.0,30.0,35.956,False,200,
1787722223.196071,serverless,30.0,30.0,50.336,False,200,
1787722223.2294042,serverless,30.0,30.0,50.803,False,200,
1787722223.2627378,serverless,30.0,30.0,58.766,False,200,
1787722223.296071,serverless,30.0,30.0,54.454,False,200,
1787722223.3294044,serverless,30.0,30.0,49.578,False,200,
1787722223.3627377,serverless,30.0,30.0,40.227,False,200,
1787722223.396071,serverless,30.0,30.0,49.258,False,200,
1787722223.4294043,serverless,30.0,30.0,44.769,False,200,
1787722223.4627376,serverless,30.0,30.0,48.34,False,200,
1787722223.4960709,serverless,30.0,30.0,56.594,False,200,
1787722223.5294044,serverless,30.0,30.0,49.066,False,200,
1787722223.5627377,serverless,30.0,30.0,59.906,False,200,
1787722223.596071,serverless,30.0,30.0,47.719,False,200,
1787722223.6294043,serverless,30.0,30.0,49.827,False,200,
1787722223.6627376,serverless,30.0,30.0,50.312,False,200,
1787722223.696071,serverless,30.0,30.0,60.028,False,200,
1787722223.7294042,serverless,30.0,30.0,75.18,False,200,
1787722223.7627378,serverless,30.0,30.0,41.232,False,200,
1787722223.796071,serverless,30.0,30.0,59.49,False,200,
1787722223.8294044,serverless,30.0,30.0,31.534,False,200,
1787722223.8627377,serverless,30.0,30.0,66.522,False,200,
1787722223.896071,serverless,30.0,30.0,39.674,False,200,
1787722223.9294043,serverless,30.0,30.0,46.847,False,200,
1787722223.9627376,serverless,30.0,30.0,42.885,False,200,
1787722223.9960709,serverless,30.0,30.0,62.169,False,200,
1787722224.0294044,serverless,30.0,30.0,51.11,False,200,
1787722224.0627377,serverless,30.0,30.0,47.04,False,200,
1787722224.096071,serverless,30.0,30.0,42.441,False,200,
1787722224.1294043,serverless,30.0,30.0,65.567,False,200,
1787722224.1627376,serverless,30.0,30.0,37.208,False,200,
1787722224.196071,serverless,30.0,30.0,43.802,False,200,
1787722224.2294042,serverless,30.0,30.0,50.234,False,200,
1787722224.2627378,serverless,30.0,30.0,52.176,False,200,
1787722224.296071,serverless,30.0,30.0,76.953,False,200,
1787722224.3294044,serverless,30.0,30.0,52.214,False,200,
1787722224.3627377,serverless,30.0,30.0,47.262,False,200,
1787722224.396071,serverless,30.0,30.0,43.25,False,200,
1787722224.4294043,serverless,30.0,30.0,44.288,False,200,
1787722224.4627376,serverless,30.0,30.0,2157.951,True,200,
1787722224.4960709,serverless,30.0,30.0,42.877,False,200,
1787722224.5294044,serverless,30.0,30.0,33.473,False,200,
1787722224.5627377,serverless,30.0,30.0,35.779,False,200,
1787722224.596071,serverless,30.0,30.0,60.342,False,200,
1787722224.6294043,serverless,30.0,30.0,45.103,False,200,
1787722224.6627376,serverless,30.0,30.0,53.604,False,200,
1787722224.696071,serverless,30.0,30.0,56.595,False,200,
1787722224.7294042,serverless,30.0,30.0,54.304,False,200,
1787722224.7627378,serverless,30.0,30.0,48.803,False,200,
1787722224.796071,serverless,30.0,30.0,44.981,False,200,
1787722224.8294044,serverless,30.0,30.0,46.903,False,200,
1787722224.8627377,serverless,30.0,30.0,59.631,False,200,
1787722224.896071,serverless,30.0,30.0,45.466,False,200,
1787722224.9294043,serverless,30.0,30.0,45.045,False,200,
1787722224.9627376,serverless,30.0,30.0,45.603,False,200,
1787722224.9960709,serverless,30.0,30.0,48.482,False,200,
1787722225.0294044,serverless,30.0,30.0,52.081,False,200,
1787722225.0627377,serverless,30.0,30.0,43.736,False,200,
1787722225.096071,serverless,30.0,30.0,72.653,False,200,
1787722225.1294043,serverless,30.0,30.0,55.227,False,200,
1787722225.1627376,serverless,30.0,30.0,81.219,False,200,
1787722225.196071,serverless,30.0,30.0,60.44,False,200,
1787722225.2294042,serverless,30.0,30.0,47.078,False,200,
1787722225.2627378,serverless,30.0,30.0,30.377,False,200,
1787722225.296071,serverless,30.0,30.0,43.292,False,200,
1787722225.3294044,serverless,30.0,30.0,39.029,False,200,
1787722225.3627377,serverless,30.0,30.0,53.328,False,200,
1787722225.396071,serverless,30.0,30.0,55.234,False,200,
1787722225.4294043,serverless,30.0,30.0,45.93,False,200,
1787722225.4627376,serverless,30.0,30.0,40.489,False,200,
1787722225.4960709,serverless,30.0,30.0,41.529,False,200,
1787722225.5294044,serverless,30.0,30.0,53.804,False,200,
1787722225.5627377,serverless,30.0,30.0,61.409,False,200,
1787722225.596071,serverless,30.0,30.0,63.643,False,200,
1787722225.6294043,serverless,30.0,30.0,47.988,False,200,
1787722225.6627376,serverless,30.0,30.0,45.968,False,200,
1787722225.696071,serverless,30.0,30.0,61.846,False,200,
1787722225.7294042,serverless,30.0,30.0,36.181,False,200,
1787722225.7627378,serverless,30.0,30.0,57.378,False,200,
1787722225.796071,serverless,30.0,30.0,62.37,False,200,
1787722225.8294044,serverless,30.0,30.0,51.101,False,200,
1787722225.8627377,serverless,30.0,30.0,985.032,True,200,
1787722225.896071,serverless,30.0,30.0,40.693,False,200,
1787722225.9294043,serverless,30.0,30.0,50.898,False,200,
1787722225.9627376,serverless,30.0,30.0,29.076,False,200,
1787722225.9960709,serverless,30.0,30.0,42.399,False,200,
1787722226.0294044,serverless,30.0,30.0,51.912,False,200,
1787722226.0627377,serverless,30.0,30.0,53.306,False,200,
1787722226.096071,serverless,30.0,30.0,39.882,False,200,
1787722226.1294043,serverless,30.0,30.0,41.708,False,200,
1787722226.1627376,serverless,30.0,30.0,53.755,False,200,
1787722226.196071,serverless,30.0,30.0,558.171,True,200,
1787722226.2294042,serverless,30.0,30.0,68.841,False,200,
1787722226.2627378,serverless,30.0,30.0,43.057,False,200,
1787722226.296071,serverless,30.0,30.0,55.184,False,200,
1787722226.3294044,serverless,30.0,30.0,49.465,False,200,
1787722226.3627377,serverless,30.0,30.0,50.658,False,200,
1787722226.396071,serverless,30.0,30.0,49.764,False,200,
1787722226.4294043,serverless,30.0,30.0,59.424,False,200,
1787722226.4627376,serverless,30.0,30.0,53.779,False,200,
1787722226.4960709,serverless,30.0,30.0,69.875,False,200,
1787722226.5294044,serverless,30.0,30.0,77.153,False,200,
1787722226.5627377,serverless,30.0,30.0,53.12,False,200,
1787722226.596071,serverless,30.0,30.0,41.434,False,200,
1787722226.6294043,serverless,30.0,30.0,48.633,False,200,
1787722226.6627376,serverless,30.0,30.0,68.985,False,200,
1787722226.696071,serverless,30.0,30.0,55.322,False,200,
1787722226.7294042,serverless,30.0,30.0,50.624,False,200,
1787722226.7627378,serverless,30.0,30.0,39.092,False,200,
1787722226.796071,serverless,30.0,30.0,53.801,False,200,
1787722226.8294044,serverless,30.0,30.0,49.158,False,200,
1787722226.8627377,serverless,30.0,30.0,67.272,False,200,
1787722226.896071,serverless,30.0,30.0,36.026,False,200,
1787722226.9294043,serverless,30.0,30.0,58.635,False,200,
1787722226.9627376,serverless,30.0,30.0,37.22,False,200,
1787722226.9960709,serverless,30.0,30.0,45.472,False,200,
1787722227.0294044,serverless,30.0,30.0,55.635,False,200,
1787722227.0627377,serverless,30.0,30.0,66.501,False,200,
1787722227.096071,serverless,30.0,30.0,50.746,False,200,
1787722227.1294043,serverless,30.0,30.0,49.997,False,200,
1787722227.1627376,serverless,30.0,30.0,61.718,False,200,
1787722227.196071,serverless,30.0,30.0,31.776,False,200,
1787722227.2294042,serverless,30.0,30.0,42.413,False,200,
1787722227.2627378,serverless,30.0,30.0,64.671,False,200,
1787722227.296071,serverless,30.0,30.0,52.044,False,200,
1787722227.3294044,serverless,30.0,30.0,55.182,False,200,
1787722227.3627377,serverless,30.0,30.0,49.621,False,200,
1787722227.396071,serverless,30.0,30.0,55.072,False,200,
1787722227.4294043,serverless,30.0,30.0,30.602,False,200,
1787722227.4627376,serverless,30.0,30.0,52.019,False,200,
1787722227.4960709,serverless,30.0,30.0,54.227,False,200,
1787722227.5294044,serverless,30.0,30.0,51.298,False,200,
1787722227.5627377,serverless,30.0,30.0,62.706,False,200,
1787722227.596071,serverless,30.0,30.0,53.014,False,200,
1787722227.6294043,serverless,30.0,30.0,54.022,False,200,
1787722227.6627376,serverless,30.0,30.0,49.163,False,200,
1787722227.696071,serverless,30.0,30.0,65.794,False,200,
1787722227.7294042,serverless,30.0,30.0,48.442,False,200,
1787722227.7627378,serverless,30.0,30.0,48.536,False,200,
1787722227.796071,serverless,30.0,30.0,58.24,False,200,
1787722227.8294044,serverless,30.0,30.0,54.986,False,200,
1787722227.8627377,serverless,30.0,30.0,51.23,False,200,
1787722227.896071,serverless,30.0,30.0,68.202,False,200,
1787722227.9294043,serverless,30.0,30.0,38.646,False,200,
1787722227.9627376,serverless,30.0,30.0,56.097,False,200,
1787722227.9960709,serverless,30.0,30.0,64.969,False,200,
1787722228.0294044,serverless,30.0,30.0,46.153,False,200,
1787722228.0627377,serverless,30.0,30.0,56.355,False,200,
1787722228.096071,serverless,30.0,30.0,64.886,False,200,
1787722228.1294043,serverless,30.0,30.0,42.711,False,200,
1787722228.1627376,serverless,30.0,30.0,39.184,False,200,
1787722228.196071,serverless,30.0,30.0,47.794,False,200,
1787722228.2294042,serverless,30.0,30.0,39.78,False,200,
1787722228.2627378,serverless,30.0,30.0,65.35,False,200,
1787722228.296071,serverless,30.0,30.0,39.675,False,200,
1787722228.3294044,serverless,30.0,30.0,36.011,False,200,
1787722228.3627377,serverless,30.0,30.0,37.854,False,200,
1787722228.396071,serverless,30.0,30.0,65.026,False,200,
1787722228.4294043,serverless,30.0,30.0,48.644,False,200,
1787722228.4627376,serverless,30.0,30.0,42.518,False,200,
1787722228.4960709,serverless,30.0,30.0,55.32,False,200,
1787722228.5294044,serverless,30.0,30.0,40.552,False,200,
1787722228.5627377,serverless,30.0,30.0,55.321,False,200,
1787722228.596071,serverless,30.0,30.0,53.784,False,200,
1787722228.6294043,serverless,30.0,30.0,65.6,False,200,
1787722228.6627376,serverless,30.0,30.0,45.927,False,200,
1787722228.696071,serverless,30.0,30.0,34.058,False,200,
1787722228.7294042,serverless,30.0,30.0,40.773,False,200,
1787722228.7627378,serverless,30.0,30.0,36.972,False,200,
1787722228.796071,serverless,30.0,30.0,63.143,False,200,
1787722228.8294044,serverless,30.0,30.0,40.394,False,200,
1787722228.8627377,serverless,30.0,30.0,60.577,False,200,
1787722228.896071,serverless,30.0,30.0,41.833,False,200,
1787722228.9294043,serverless,30.0,30.0,47.047,False,200,
1787722228.9627376,serverless,30.0,30.0,64.869,False,200,
1787722228.9960709,serverless,30.0,30.0,52.653,False,200,
1787722229.0294044,serverless,30.0,30.0,45.298,False,200,
1787722229.0627377,serverless,30.0,30.0,47.033,False,200,
1787722229.096071,serverless,30.0,30.0,57.066,False,200,
1787722229.1294043,serverless,30.0,30.0,39.879,False,200,
1787722229.1627376,serverless,30.0,30.0,41.539,False,200,
1787722229.196071,serverless,30.0,30.0,55.317,False,200,
1787722229.2294042,serverless,30.0,30.0,46.473,False,200,
1787722229.2627378,serverless,30.0,30.0,47.258,False,200,
1787722229.296071,serverless,30.0,30.0,59.21,False,200,
1787722229.3294044,serverless,30.0,30.0,31.073,False,200,
1787722229.3627377,serverless,30.0,30.0,41.267,False,200,
1787722229.396071,serverless,30.0,30.0,55.904,False,200,
1787722229.4294043,serverless,30.0,30.0,59.172,False,200,
1787722229.4627376,serverless,30.0,30.0,43.441,False,200,
1787722229.4960709,serverless,30.0,30.0,43.996,False,200,
1787722229.5294044,serverless,30.0,30.0,63.879,False,200,
1787722229.5627377,serverless,30.0,30.0,48.549,False,200,
1787722229.596071,serverless,30.0,30.0,54.401,False,200,
1787722229.6294043,serverless,30.0,30.0,49.607,False,200,
1787722229.6627376,serverless,30.0,30.0,48.961,False,200,
1787722229.696071,serverless,30.0,30.0,52.227,False,200,
1787722229.7294042,serverless,30.0,30.0,45.234,False,200,
1787722229.7627378,serverless,30.0,30.0,51.272,False,200,
1787722229.796071,serverless,30.0,30.0,65.756,False,200,
1787722229.8294044,serverless,30.0,30.0,51.944,False,200,
1787722229.8627377,serverless,30.0,30.0,47.627,False,200,
1787722229.896071,serverless,30.0,30.0,87.92,False,200,
1787722229.9294043,serverless,30.0,30.0,47.652,False,200,
1787722229.9627376,serverless,30.0,30.0,48.698,False,200,
1787722229.9960709,serverless,30.0,30.0,63.394,False,200,
1787722230.0294044,serverless,30.0,30.0,50.568,False,200,
1787722230.0627377,serverless,30.0,30.0,41.092,False,200,
1787722230.096071,serverless,30.0,30.0,54.054,False,200,
1787722230.1294043,serverless,30.0,30.0,54.769,False,200,
1787722230.1627376,serverless,30.0,30.0,41.21,False,200,
1787722230.196071,serverless,30.0,30.0,32.359,False,200,
1787722230.2294042,serverless,30.0,30.0,46.33,False,200,
1787722230.2627378,serverless,30.0,30.0,40.045,False,200,
1787722230.296071,serverless,30.0,30.0,61.799,False,200,
1787722230.3294044,serverless,30.0,30.0,45.057,False,200,
1787722230.3627377,serverless,30.0,30.0,41.168,False,200,
1787722230.396071,serverless,30.0,30.0,45.668,False,200,
1787722230.4294043,serverless,30.0,30.0,45.88,False,200,
1787722230.4627376,serverless,30.0,30.0,49.907,False,200,
1787722230.4960709,serverless,30.0,30.0,61.455,False,200,
1787722230.5294044,serverless,30.0,30.0,53.83,False,200,
1787722230.5627377,serverless,30.0,30.0,50.654,False,200,
1787722230.596071,serverless,30.0,30.0,46.668,False,200,
1787722230.6294043,serverless,30.0,30.0,53.938,False,200,
1787722230.6627376,serverless,30.0,30.0,59.154,False,200,
1787722230.696071,serverless,30.0,30.0,47.815,False,200,
1787722230.7294042,serverless,30.0,30.0,46.713,False,200,
1787722230.7627378,serverless,30.0,30.0,60.892,False,200,
1787722230.796071,serverless,30.0,30.0,63.859,False,200,
1787722230.8294044,serverless,30.0,30.0,78.764,False,200,
1787722230.8627377,serverless,30.0,30.0,72.168,False,200,
1787722230.896071,serverless,30.0,30.0,1040.49,True,200,
1787722230.9294043,serverless,30.0,30.0,46.689,False,200,
1787722230.9627376,serverless,30.0,30.0,69.297,False,200,
1787722230.9960709,serverless,30.0,30.0,60.219,False,200,
1787722231.0294044,serverless,30.0,30.0,57.365,False,200,
1787722231.0627377,serverless,30.0,30.0,38.285,False,200,
1787722231.096071,serverless,30.0,30.0,52.759,False,200,
1787722231.1294043,serverless,30.0,30.0,72.905,False,200,
1787722231.1627376,serverless,30.0,30.0,66.633,False,200,
1787722231.196071,serverless,30.0,30.0,59.184,False,200,
1787722231.2294042,serverless,30.0,30.0,38.786,False,200,
1787722231.2627378,serverless,30.0,30.0,67.517,False,200,
1787722231.296071,serverless,30.0,30.0,50.777,False,200,
1787722231.3294044,serverless,30.0,30.0,35.402,False,200,
1787722231.3627377,serverless,30.0,30.0,57.452,False,200,
1787722231.396071,serverless,30.0,30.0,63.658,False,200,
1787722231.4294043,serverless,30.0,30.0,61.815,False,200,
1787722231.4627376,serverless,30.0,30.0,45.568,False,200,
1787722231.4960709,serverless,30.0,30.0,25.17,False,200,
1787722231.5294044,serverless,30.0,30.0,56.69,False,200,
1787722231.5627377,serverless,30.0,30.0,68.719,False,200,
1787722231.596071,serverless,30.0,30.0,54.624,False,200,
1787722231.6294043,serverless,30.0,30.0,49.841,False,200,
1787722231.6627376,serverless,30.0,30.0,57.233,False,200,
1787722231.696071,serverless,30.0,30.0,61.476,False,200,
1787722231.7294042,serverless,30.0,30.0,54.423,False,200,
1787722231.7627378,serverless,30.0,30.0,32.299,False,200,
1787722231.796071,serverless,30.0,30.0,55.935,False,200,
1787722231.8294044,serverless,30.0,30.0,64.682,False,200,
1787722231.8627377,serverless,30.0,30.0,59.209,False,200,
1787722231.896071,serverless,30.0,30.0,41.915,False,200,
1787722231.9294043,serverless,30.0,30.0,63.487,False,200,
1787722231.9627376,serverless,30.0,30.0,47.856,False,200,
1787722231.9960709,serverless,30.0,30.0,48.15,False,200,
1787722232.0294044,serverless,30.0,30.0,47.503,False,200,
1787722232.0627377,serverless,30.0,30.0,65.958,False,200,
1787722232.096071,serverless,30.0,30.0,53.115,False,200,
1787722232.1294043,serverless,30.0,30.0,43.19,False,200,
1787722232.1627376,serverless,30.0,30.0,38.455,False,200,
1787722232.196071,serverless,30.0,30.0,52.661,False,200,
1787722232.2294042,serverless,30.0,30.0,65.282,False,200,
1787722232.2627378,serverless,30.0,30.0,51.948,False,200,
1787722232.296071,serverless,30.0,30.0,42.939,False,200,
1787722232.3294044,serverless,30.0,30.0,38.934,False,200,
1787722232.3627377,serverless,30.0,30.0,43.487,False,200,
1787722232.396071,serverless,30.0,30.0,40.7,False,200,
1787722232.4294043,serverless,30.0,30.0,47.719,False,200,
1787722232.4627376,serverless,30.0,30.0,39.737,False,200,
1787722232.4960709,serverless,30.0,30.0,37.465,False,200,
1787722232.5294044,serverless,30.0,30.0,67.3,False,200,
1787722232.5627377,serverless,30.0,30.0,49.751,False,200,
1787722232.596071,serverless,30.0,30.0,73.163,False,200,
1787722232.6294043,serverless,30.0,30.0,58.77,False,200,
1787722232.6627376,serverless,30.0,30.0,51.972,False,200,
1787722232.696071,serverless,30.0,30.0,49.765,False,200,
1787722232.7294042,serverless,30.0,30.0,66.131,False,200,
1787722232.7627378,serverless,30.0,30.0,64.3,False,200,
1787722232.796071,serverless,30.0,30.0,50.603,False,200,
1787722232.8294044,serverless,30.0,30.0,64.953,False,200,
1787722232.8627377,serverless,30.0,30.0,50.928,False,200,
1787722232.896071,serverless,30.0,30.0,74.484,False,200,
1787722232.9294043,serverless,30.0,30.0,55.923,False,200,
1787722232.9627376,serverless,30.0,30.0,36.771,False,200,
1787722232.9960709,serverless,30.0,30.0,39.042,False,200,
1787722233.0294044,serverless,30.0,30.0,42.288,False,200,
1787722233.0627377,serverless,30.0,30.0,30.303,False,200,
1787722233.096071,serverless,30.0,30.0,42.204,False,200,
1787722233.1294043,serverless,30.0,30.0,59.23,False,200,
1787722233.1627376,serverless,30.0,30.0,58.257,False,200,
1787722233.196071,serverless,30.0,30.0,40.509,False,200,
1787722233.2294042,serverless,30.0,30.0,38.247,False,200,
1787722233.2627378,serverless,30.0,30.0,41.123,False,200,
1787722233.296071,serverless,30.0,30.0,64.561,False,200,
1787722233.3294044,serverless,30.0,30.0,69.735,False,200,
1787722233.3627377,serverless,30.0,30.0,54.827,False,200,
1787722233.396071,serverless,30.0,30.0,59.409,False,200,
1787722233.4294043,serverless,30.0,30.0,55.324,False,200,
1787722233.4627376,serverless,30.0,30.0,53.975,False,200,
1787722233.4960709,serverless,30.0,30.0,51.554,False,200,
1787722233.5294044,serverless,30.0,30.0,41.112,False,200,
1787722233.5627377,serverless,30.0,30.0,56.698,False,200,
1787722233.596071,serverless,30.0,30.0,51.897,False,200,
1787722233.6294043,serverless,30.0,30.0,63.03,False,200,
1787722233.6627376,serverless,30.0,30.0,43.556,False,200,
1787722233.696071,serverless,30.0,30.0,73.453,False,200,
1787722233.7294042,serverless,30.0,30.0,47.461,False,200,
1787722233.7627378,serverless,30.0,30.0,72.271,False,200,
1787722233.796071,serverless,30.0,30.0,41.047,False,200,
1787722233.8294044,serverless,30.0,30.0,33.523,False,200,
1787722233.8627377,serverless,30.0,30.0,59.699,False,200,
1787722233.896071,serverless,30.0,30.0,40.936,False,200,
1787722233.9294043,serverless,30.0,30.0,41.746,False,200,
1787722233.9627376,serverless,30.0,30.0,48.892,False,200,
1787722233.9960709,serverless,30.0,30.0,68.887,False,200,
1787722234.0294044,serverless,30.0,30.0,63.251,False,200,
1787722234.0627377,serverless,30.0,30.0,48.571,False,200,
1787722234.096071,serverless,30.0,30.0,50.87,False,200,
1787722234.1294043,serverless,30.0,30.0,49.029,False,200,
1787722234.1627376,serverless,30.0,30.0,56.117,False,200,
1787722234.196071,serverless,30.0,30.0,35.713,False,200,
1787722234.2294042,serverless,30.0,30.0,66.078,False,200,
1787722234.2627378,serverless,30.0,30.0,49.012,False,200,
1787722234.296071,serverless,30.0,30.0,40.097,False,200,
1787722234.3294044,serverless,30.0,30.0,49.317,False,200,
1787722234.3627377,serverless,30.0,30.0,48.425,False,200,
1787722234.396071,serverless,30.0,30.0,58.543,False,200,
1787722234.4294043,serverless,30.0,30.0,40.008,False,200,
1787722234.4627376,serverless,30.0,30.0,66.391,False,200,
1787722234.4960709,serverless,30.0,30.0,51.127,False,200,
1787722234.5294044,serverless,30.0,30.0,46.988,False,200,
1787722234.5627377,serverless,30.0,30.0,62.924,False,200,
1787722234.596071,serverless,30.0,30.0,47.217,False,200,
1787722234.6294043,serverless,30.0,30.0,42.114,False,200,
1787722234.6627376,serverless,30.0,30.0,58.797,False,200,
1787722234.696071,serverless,30.0,30.0,53.24,False,200,
1787722234.7294042,serverless,30.0,30.0,40.763,False,200,
1787722234.7627378,serverless,30.0,30.0,53.82,False,200,
1787722234.796071,serverless,30.0,30.0,41.227,False,200,
1787722234.8294044,serverless,30.0,30.0,47.606,False,200,
1787722234.8627377,serverless,30.0,30.0,67.547,False,200,
1787722234.896071,serverless,30.0,30.0,46.396,False,200,
1787722234.9294043,serverless,30.0,30.0,37.017,False,200,
1787722234.9627376,serverless,30.0,30.0,40.754,False,200,
1787722234.9960709,serverless,30.0,30.0,39.093,False,200,
1787722235.0294044,serverless,30.0,30.0,43.903,False,200,
1787722235.0627377,serverless,30.0,30.0,52.193,False,200,
1787722235.096071,serverless,30.0,30.0,52.448,False,200,
1787722235.1294043,serverless,30.0,30.0,62.685,False,200,
1787722235.1627376,serverless,30.0,30.0,36.329,False,200,
1787722235.196071,serverless,30.0,30.0,42.964,False,200,
1787722235.2294042,serverless,30.0,30.0,42.995,False,200,
1787722235.2627378,serverless,30.0,30.0,72.707,False,200,
1787722235.296071,serverless,30.0,30.0,33.221,False,200,
1787722235.3294044,serverless,30.0,30.0,65.782,False,200,
1787722235.3627377,serverless,30.0,30.0,53.659,False,200,
1787722235.396071,serverless,30.0,30.0,1373.319,True,200,
1787722235.4294043,serverless,30.0,30.0,57.144,False,200,
1787722235.4627376,serverless,30.0,30.0,54.965,False,200,
1787722235.4960709,serverless,30.0,30.0,44.967,False,200,
1787722235.5294044,serverless,30.0,30.0,51.915,False,200,
1787722235.5627377,serverless,30.0,30.0,42.632,False,200,
1787722235.596071,serverless,30.0,30.0,45.147,False,200,
1787722235.6294043,serverless,30.0,30.0,58.149,False,200,
1787722235.6627376,serverless,30.0,30.0,30.716,False,200,
1787722235.696071,serverless,30.0,30.0,52.101,False,200,
1787722235.7294042,serverless,30.0,30.0,66.302,False,200,
1787722235.7627378,serverless,30.0,30.0,66.051,False,200,
1787722235.796071,serverless,30.0,30.0,45.577,False,200,
1787722235.8294044,serverless,30.0,30.0,32.791,False,200,
1787722235.8627377,serverless,30.0,30.0,55.93,False,200,
1787722235.896071,serverless,30.0,30.0,56.498,False,200,
1787722235.9294043,serverless,30.0,30.0,32.412,False,200,
1787722235.9627376,serverless,30.0,30.0,89.757,False,200,
1787722235.9960709,serverless,30.0,30.0,39.847,False,200,
1787722236.0294044,serverless,30.0,30.0,46.161,False,200,
1787722236.0627377,serverless,30.0,30.0,57.889,False,200,
1787722236.096071,serverless,30.0,30.0,42.77,False,200,
1787722236.1294043,serverless,30.0,30.0,36.751,False,200,
1787722236.1627376,serverless,30.0,30.0,72.157,False,200,
1787722236.196071,serverless,30.0,30.0,50.399,False,200,
1787722236.2294042,serverless,30.0,30.0,49.466,False,200,
1787722236.2627378,serverless,30.0,30.0,44.081,False,200,
1787722236.296071,serverless,30.0,30.0,45.873,False,200,
1787722236.3294044,serverless,30.0,30.0,52.107,False,200,
1787722236.3627377,serverless,30.0,30.0,50.24,False,200,
1787722236.396071,serverless,30.0,30.0,67.337,False,200,
1787722236.4294043,serverless,30.0,30.0,55.246,False,200,
1787722236.4627376,serverless,30.0,30.0,40.231,False,200,
1787722236.4960709,serverless,30.0,30.0,39.483,False,200,
1787722236.5294044,serverless,30.0,30.0,48.307,False,200,
1787722236.5627377,serverless,30.0,30.0,44.745,False,200,
1787722236.596071,serverless,30.0,30.0,54.414,False,200,
1787722236.6294043,serverless,30.0,30.0,54.38,False,200,
1787722236.6627376,serverless,30.0,30.0,55.572,False,200,
1787722236.696071,serverless,30.0,30.0,55.577,False,200,
1787722236.7294042,serverless,30.0,30.0,66.653,False,200,
1787722236.7627378,serverless,30.0,30.0,51.038,False,200,
1787722236.796071,serverless,30.0,30.0,39.494,False,200,
1787722236.8294044,serverless,30.0,30.0,39.577,False,200,
1787722236.8627377,serverless,30.0,30.0,48.579,False,200,
1787722236.896071,serverless,30.0,30.0,42.884,False,200,
1787722236.9294043,serverless,30.0,30.0,40.215,False,200,
1787722236.9627376,serverless,30.0,30.0,45.806,False,200,
1787722236.9960709,serverless,30.0,30.0,42.099,False,200,
1787722237.0294044,serverless,30.0,30.0,65.04,False,200,
1787722237.0627377,serverless,30.0,30.0,39.513,False,200,
1787722237.096071,serverless,30.0,30.0,47.578,False,200,
1787722237.1294043,serverless,30.0,30.0,48.776,False,200,
1787722237.1627376,serverless,30.0,30.0,31.546,False,200,
1787722237.196071,serverless,30.0,30.0,57.952,False,200,
1787722237.2294042,serverless,30.0,30.0,64.101,False,200,
1787722237.2627378,serverless,30.0,30.0,35.151,False,200,
1787722237.296071,serverless,30.0,30.0,50.631,False,200,
1787722237.3294044,serverless,30.0,30.0,48.16,False,200,
1787722237.3627377,serverless,30.0,30.0,62.44,False,200,
1787722237.396071,serverless,30.0,30.0,58.005,False,200,
1787722237.4294043,serverless,30.0,30.0,48.79,False,200,
1787722237.4627376,serverless,30.0,30.0,40.211,False,200,
1787722237.4960709,serverless,30.0,30.0,62.817,False,200,
1787722237.5294044,serverless,30.0,30.0,50.112,False,200,
1787722237.5627377,serverless,30.0,30.0,40.518,False,200,
1787722237.596071,serverless,30.0,30.0,62.901,False,200,
1787722237.6294043,serverless,30.0,30.0,52.975,False,200,
1787722237.6627376,serverless,30.0,30.0,64.276,False,200,
1787722237.696071,serverless,30.0,30.0,49.001,False,200,
1787722237.7294042,serverless,30.0,30.0,62.031,False,200,
1787722237.7627378,serverless,30.0,30.0,63.494,False,200,
1787722237.796071,serverless,30.0,30.0,41.633,False,200,
1787722237.8294044,serverless,30.0,30.0,55.448,False,200,
1787722237.8627377,serverless,30.0,30.0,70.909,False,200,
1787722237.896071,serverless,30.0,30.0,45.159,False,200,
1787722237.9294043,serverless,30.0,30.0,55.001,False,200,
1787722237.9627376,serverless,30.0,30.0,47.537,False,200,
1787722237.9960709,serverless,30.0,30.0,41.07,False,200,
1787722238.0294044,serverless,30.0,30.0,42.62,False,200,
1787722238.0627377,serverless,30.0,30.0,61.278,False,200,
1787722238.096071,serverless,30.0,30.0,47.415,False,200,
1787722238.1294043,serverless,30.0,30.0,41.666,False,200,
1787722238.1627376,serverless,30.0,30.0,51.745,False,200,
1787722238.196071,serverless,30.0,30.0,38.791,False,200,
1787722238.2294042,serverless,30.0,30.0,51.647,False,200,
1787722238.2627378,serverless,30.0,30.0,54.639,False,200,
1787722238.296071,serverless,30.0,30.0,38.957,False,200,
1787722238.3294044,serverless,30.0,30.0,44.616,False,200,
1787722238.3627377,serverless,30.0,30.0,44.903,False,200,
1787722238.396071,serverless,30.0,30.0,55.278,False,200,
1787722238.4294043,serverless,30.0,30.0,42.498,False,200,
1787722238.4627376,serverless,30.0,30.0,48.97,False,200,
1787722238.4960709,serverless,30.0,30.0,42.292,False,200,
1787722238.5294044,serverless,30.0,30.0,53.64,False,200,
1787722238.5627377,serverless,30.0,30.0,45.374,False,200,
1787722238.596071,serverless,30.0,30.0,62.46,False,200,
1787722238.6294043,serverless,30.0,30.0,55.0,False,200,
1787722238.6627376,serverless,30.0,30.0,52.988,False,200,
1787722238.696071,serverless,30.0,30.0,59.642,False,200,
1787722238.7294042,serverless,30.0,30.0,39.201,False,200,
1787722238.7627378,serverless,30.0,30.0,62.683,False,200,
1787722238.796071,serverless,30.0,30.0,31.435,False,200,
1787722238.8294044,serverless,30.0,30.0,61.066,False,200,
1787722238.8627377,serverless,30.0,30.0,45.412,False,200,
1787722238.896071,serverless,30.0,30.0,60.906,False,200,
1787722238.9294043,serverless,30.0,30.0,43.855,False,200,
1787722238.9627376,serverless,30.0,30.0,42.013,False,200,
1787722238.9960709,serverless,30.0,30.0,41.301,False,200,
1787722239.0294044,serverless,30.0,30.0,68.706,False,200,
1787722239.0627377,serverless,30.0,30.0,54.774,False,200,
1787722239.096071,serverless,30.0,30.0,45.545,False,200,
1787722239.1294043,serverless,30.0,30.0,51.451,False,200,
1787722239.1627376,serverless,30.0,30.0,44.207,False,200,
1787722239.196071,serverless,30.0,30.0,58.309,False,200,
1787722239.2294042,serverless,30.0,30.0,41.419,False,200,
1787722239.2627378,serverless,30.0,30.0,50.701,False,200,
1787722239.296071,serverless,30.0,30.0,59.048,False,200,
1787722239.3294044,serverless,30.0,30.0,39.335,False,200,
1787722239.3627377,serverless,30.0,30.0,43.862,False,200,
1787722239.396071,serverless,30.0,30.0,44.61,False,200,
1787722239.4294043,serverless,30.0,30.0,44.249,False,200,
1787722239.4627376,serverless,30.0,30.0,41.775,False,200,
1787722239.4960709,serverless,30.0,30.0,58.796,False,200,
1787722239.5294044,serverless,30.0,30.0,43.615,False,200,
1787722239.5627377,serverless,30.0,30.0,43.533,False,200,
1787722239.596071,serverless,30.0,30.0,47.732,False,200,
1787722239.6294043,serverless,30.0,30.0,49.42,False,200,
1787722239.6627376,serverless,30.0,30.0,51.591,False,200,
1787722239.696071,serverless,30.0,30.0,54.771,False,200,
1787722239.7294042,serverless,30.0,30.0,43.753,False,200,
1787722239.7627378,serverless,30.0,30.0,44.408,False,200,
1787722239.796071,serverless,30.0,30.0,41.256,False,200,
1787722239.8294044,serverless,30.0,30.0,45.462,False,200,
1787722239.8627377,serverless,30.0,30.0,62.145,False,200,
1787722239.896071,serverless,30.0,30.0,45.676,False,200,
1787722239.9294043,serverless,30.0,30.0,29.96,False,200,
1787722239.9627376,serverless,30.0,30.0,66.163,False,200,
1787722239.9960709,serverless,30.0,30.0,53.243,False,200,
1787722240.0294044,serverless,30.0,30.0,54.292,False,200,
1787722240.0627377,serverless,30.0,30.0,51.094,False,200,
1787722240.096071,serverless,30.0,30.0,49.801,False,200,
1787722240.1294043,serverless,30.0,30.0,59.2,False,200,
1787722240.1627376,serverless,30.0,30.0,61.905,False,200,
1787722240.196071,serverless,30.0,30.0,38.642,False,200,
1787722240.2294042,serverless,30.0,30.0,63.908,False,200,
1787722240.2627378,serverless,30.0,30.0,47.414,False,200,
1787722240.296071,serverless,30.0,30.0,64.596,False,200,
1787722240.3294044,serverless,30.0,30.0,55.076,False,200,
1787722240.3627377,serverless,30.0,30.0,1235.631,True,200,
1787722240.396071,serverless,30.0,30.0,37.453,False,200,
1787722240.4294043,serverless,30.0,30.0,37.346,False,200,
1787722240.4627376,serverless,30.0,30.0,50.084,False,200,
1787722240.4960709,serverless,30.0,30.0,63.013,False,200,
1787722240.5294044,serverless,30.0,30.0,53.914,False,200,
1787722240.5627377,serverless,30.0,30.0,57.241,False,200,
1787722240.596071,serverless,30.0,30.0,38.961,False,200,
1787722240.6294043,serverless,30.0,30.0,52.073,False,200,
1787722240.6627376,serverless,30.0,30.0,51.69,False,200,
1787722240.696071,serverless,30.0,30.0,71.512,False,200,
1787722240.7294042,serverless,30.0,30.0,60.545,False,200,
1787722240.7627378,serverless,30.0,30.0,52.948,False,200,
1787722240.796071,serverless,30.0,30.0,50.962,False,200,
1787722240.8294044,serverless,30.0,30.0,44.47,False,200,
1787722240.8627377,serverless,30.0,30.0,35.762,False,200,
1787722240.896071,serverless,30.0,30.0,46.148,False,200,
1787722240.9294043,serverless,30.0,30.0,49.169,False,200,
1787722240.9627376,serverless,30.0,30.0,42.366,False,200,
1787722240.9960709,serverless,30.0,30.0,61.509,False,200,
1787722241.0294044,serverless,30.0,30.0,46.477,False,200,
1787722241.0627377,serverless,30.0,30.0,85.085,False,200,
1787722241.096071,serverless,30.0,30.0,58.31,False,200,
1787722241.1294043,serverless,30.0,30.0,42.937,False,200,
1787722241.1627376,serverless,30.0,30.0,44.893,False,200,
1787722241.196071,serverless,30.0,30.0,50.051,False,200,
1787722241.2294042,serverless,30.0,30.0,54.906,False,200,
1787722241.2627378,serverless,30.0,30.0,54.453,False,200,
1787722241.296071,serverless,30.0,30.0,65.606,False,200,
1787722241.3294044,serverless,30.0,30.0,45.47,False,200,
1787722241.3627377,serverless,30.0,30.0,50.444,False,200,
1787722241.396071,serverless,30.0,30.0,51.77,False,200,
1787722241.4294043,serverless,30.0,30.0,40.783,False,200,
1787722241.4627376,serverless,30.0,30.0,64.212,False,200,
1787722241.4960709,serverless,30.0,30.0,43.15,False,200,
1787722241.5294044,serverless,30.0,30.0,46.205,False,200,
1787722241.5627377,serverless,30.0,30.0,40.169,False,200,
1787722241.596071,serverless,30.0,30.0,49.938,False,200,
1787722241.6294043,serverless,30.0,30.0,59.377,False,200,
1787722241.6627376,serverless,30.0,30.0,75.039,False,200,
1787722241.696071,serverless,30.0,30.0,40.496,False,200,
1787722241.7294042,serverless,30.0,30.0,35.499,False,200,
1787722241.7627378,serverless,30.0,30.0,44.377,False,200,
1787722241.796071,serverless,30.0,30.0,41.744,False,200,
1787722241.8294044,serverless,30.0,30.0,46.898,False,200,
1787722241.8627377,serverless,30.0,30.0,41.904,False,200,
1787722241.896071,serverless,30.0,30.0,42.961,False,200,
1787722241.9294043,serverless,30.0,30.0,46.874,False,200,
1787722241.9627376,serverless,30.0,30.0,39.523,False,200,
1787722241.9960709,serverless,30.0,30.0,38.154,False,200,
1787722242.0294044,serverless,30.0,30.0,48.136,False,200,
1787722242.0627377,serverless,30.0,30.0,63.751,False,200,
1787722242.096071,serverless,30.0,30.0,61.898,False,200,
1787722242.1294043,serverless,30.0,30.0,44.194,False,200,
1787722242.1627376,serverless,30.0,30.0,49.181,False,200,
1787722242.196071,serverless,30.0,30.0,61.801,False,200,
1787722242.2294042,serverless,30.0,30.0,41.123,False,200,
1787722242.2627378,serverless,30.0,30.0,60.342,False,200,
1787722242.296071,serverless,30.0,30.0,51.365,False,200,
1787722242.3294044,serverless,30.0,30.0,39.192,False,200,
1787722242.3627377,serverless,30.0,30.0,50.831,False,200,
1787722242.396071,serverless,30.0,30.0,41.685,False,200,
1787722242.4294043,serverless,30.0,30.0,41.355,False,200,
1787722242.4627376,serverless,30.0,30.0,51.419,False,200,
1787722242.4960709,serverless,30.0,30.0,48.828,False,200,
1787722242.5294044,serverless,30.0,30.0,53.404,False,200,
1787722242.5627377,serverless,30.0,30.0,47.414,False,200,
1787722242.596071,serverless,30.0,30.0,54.509,False,200,
1787722242.6294043,serverless,30.0,30.0,62.74,False,200,
1787722242.6627376,serverless,30.0,30.0,57.398,False,200,
1787722242.696071,serverless,30.0,30.0,42.529,False,200,
1787722242.7294042,serverless,30.0,30.0,78.95,False,200,
1787722242.7627378,serverless,30.0,30.0,42.859,False,200,
1787722242.796071,serverless,30.0,30.0,42.252,False,200,
1787722242.8294044,serverless,30.0,30.0,37.886,False,200,
1787722242.8627377,serverless,30.0,30.0,44.984,False,200,
1787722242.896071,serverless,30.0,30.0,67.55,False,200,
1787722242.9294043,serverless,30.0,30.0,57.948,False,200,
1787722242.9627376,serverless,30.0,30.0,48.815,False,200,
1787722242.9960709,serverless,30.0,30.0,39.996,False,200,
1787722243.0294044,serverless,30.0,30.0,59.032,False,200,
1787722243.0627377,serverless,30.0,30.0,59.541,False,200,
1787722243.096071,serverless,30.0,30.0,837.206,True,200,
1787722243.1294043,serverless,30.0,30.0,66.771,False,200,
1787722243.1627376,serverless,30.0,30.0,66.839,False,200,
1787722243.196071,serverless,30.0,30.0,38.896,False,200,
1787722243.2294042,serverless,30.0,30.0,39.539,False,200,
1787722243.2627378,serverless,30.0,30.0,67.151,False,200,
1787722243.296071,serverless,30.0,30.0,43.713,False,200,
1787722243.3294044,serverless,30.0,30.0,49.253,False,200,
1787722243.3627377,serverless,30.0,30.0,47.669,False,200,
1787722243.396071,serverless,30.0,30.0,63.343,False,200,
1787722243.4294043,serverless,30.0,30.0,49.495,False,200,
1787722243.4627376,serverless,30.0,30.0,47.926,False,200,
1787722243.4960709,serverless,30.0,30.0,68.272,False,200,
1787722243.5294044,serverless,30.0,30.0,53.507,False,200,
1787722243.5627377,serverless,30.0,30.0,72.68,False,200,
1787722243.596071,serverless,30.0,30.0,39.515,False,200,
1787722243.6294043,serverless,30.0,30.0,75.354,False,200,
1787722243.6627376,serverless,30.0,30.0,37.535,False,200,
1787722243.696071,serverless,30.0,30.0,56.818,False,200,
1787722243.7294042,serverless,30.0,30.0,60.927,False,200,
1787722243.7627378,serverless,30.0,30.0,66.222,False,200,
1787722243.796071,serverless,30.0,30.0,60.294,False,200,
1787722243.8294044,serverless,30.0,30.0,49.254,False,200,
1787722243.8627377,serverless,30.0,30.0,46.922,False,200,
1787722243.896071,serverless,30.0,30.0,55.538,False,200,
1787722243.9294043,serverless,30.0,30.0,54.88,False,200,
1787722243.9627376,serverless,30.0,30.0,56.494,False,200,
1787722243.9960709,serverless,30.0,30.0,46.823,False,200,
1787722244.0294044,serverless,30.0,30.0,36.113,False,200,
1787722244.0627377,serverless,30.0,30.0,38.132,False,200,
1787722244.096071,serverless,30.0,30.0,65.86,False,200,
1787722244.1294043,serverless,30.0,30.0,47.314,False,200,
1787722244.1627376,serverless,30.0,30.0,50.699,False,200,
1787722244.196071,serverless,30.0,30.0,44.085,False,200,
1787722244.2294042,serverless,30.0,30.0,66.961,False,200,
1787722244.2627378,serverless,30.0,30.0,45.068,False,200,
1787722244.296071,serverless,30.0,30.0,77.133,False,200,
1787722244.3294044,serverless,30.0,30.0,43.034,False,200,
1787722244.3627377,serverless,30.0,30.0,61.648,False,200,
1787722244.396071,serverless,30.0,30.0,51.651,False,200,
1787722244.4294043,serverless,30.0,30.0,76.451,False,200,
1787722244.4627376,serverless,30.0,30.0,39.323,False,200,
1787722244.4960709,serverless,30.0,30.0,47.072,False,200,
1787722244.5294044,serverless,30.0,30.0,42.032,False,200,
1787722244.5627377,serverless,30.0,30.0,41.728,False,200,
1787722244.596071,serverless,30.0,30.0,44.675,False,200,
1787722244.6294043,serverless,30.0,30.0,41.323,False,200,
1787722244.6627376,serverless,30.0,30.0,45.867,False,200,
1787722244.696071,serverless,30.0,30.0,71.523,False,200,
1787722244.7294042,serverless,30.0,30.0,36.814,False,200,
1787722244.7627378,serverless,30.0,30.0,31.045,False,200,
1787722244.796071,serverless,30.0,30.0,46.374,False,200,
1787722244.8294044,serverless,30.0,30.0,43.322,False,200,
1787722244.8627377,serverless,30.0,30.0,60.543,False,200,
1787722244.896071,serverless,30.0,30.0,41.441,False,200,
1787722244.9294043,serverless,30.0,30.0,68.368,False,200,
1787722244.9627376,serverless,30.0,30.0,58.153,False,200,
1787722244.9960709,serverless,30.0,30.0,53.623,False,200,
1787722245.0294044,serverless,30.0,30.0,50.486,False,200,
1787722245.0627377,serverless,30.0,30.0,74.391,False,200,
1787722245.096071,serverless,30.0,30.0,48.998,False,200,
1787722245.1294043,serverless,30.0,30.0,55.743,False,200,
1787722245.1627376,serverless,30.0,30.0,53.583,False,200,
1787722245.196071,serverless,30.0,30.0,57.933,False,200,
1787722245.2294042,serverless,30.0,30.0,782.939,True,200,
1787722245.2627378,serverless,30.0,30.0,51.774,False,200,
1787722245.296071,serverless,30.0,30.0,50.452,False,200,
1787722245.3294044,serverless,30.0,30.0,55.528,False,200,
1787722245.3627377,serverless,30.0,30.0,36.014,False,200,
1787722245.396071,serverless,30.0,30.0,38.544,False,200,
1787722245.4294043,serverless,30.0,30.0,38.939,False,200,
1787722245.4627376,serverless,30.0,30.0,51.113,False,200,
1787722245.4960709,serverless,30.0,30.0,58.257,False,200,
1787722245.5294044,serverless,30.0,30.0,49.943,False,200,
1787722245.5627377,serverless,30.0,30.0,53.475,False,200,
1787722245.596071,serverless,30.0,30.0,51.026,False,200,
1787722245.6294043,serverless,30.0,30.0,37.979,False,200,
1787722245.6627376,serverless,30.0,30.0,50.982,False,200,
1787722245.696071,serverless,30.0,30.0,61.316,False,200,
1787722245.7294042,serverless,30.0,30.0,55.763,False,200,
1787722245.7627378,serverless,30.0,30.0,43.025,False,200,
1787722245.796071,serverless,30.0,30.0,53.936,False,200,
1787722245.8294044,serverless,30.0,30.0,57.9,False,200,
1787722245.8627377,serverless,30.0,30.0,43.528,False,200,
1787722245.896071,serverless,30.0,30.0,75.477,False,200,
1787722245.9294043,serverless,30.0,30.0,46.594,False,200,
1787722245.9627376,serverless,30.0,30.0,46.386,False,200,
1787722245.9960709,serverless,30.0,30.0,46.419,False,200,
1787722246.0294044,serverless,30.0,30.0,58.302,False,200,
1787722246.0627377,serverless,30.0,30.0,40.121,False,200,
1787722246.096071,serverless,30.0,30.0,42.5,False,200,
1787722246.1294043,serverless,30.0,30.0,34.914,False,200,
1787722246.1627376,serverless,30.0,30.0,35.814,False,200,
1787722246.196071,serverless,30.0,30.0,62.9,False,200,
1787722246.2294042,serverless,30.0,30.0,51.186,False,200,
1787722246.2627378,serverless,30.0,30.0,53.572,False,200,
1787722246.296071,serverless,30.0,30.0,44.682,False,200,
1787722246.3294044,serverless,30.0,30.0,43.843,False,200,
1787722246.3627377,serverless,30.0,30.0,72.225,False,200,
1787722246.396071,serverless,30.0,30.0,50.025,False,200,
1787722246.4294043,serverless,30.0,30.0,41.426,False,200,
1787722246.4627376,serverless,30.0,30.0,79.347,False,200,
1787722246.4960709,serverless,30.0,30.0,31.507,False,200,
1787722246.5294044,serverless,30.0,30.0,57.162,False,200,
1787722246.5627377,serverless,30.0,30.0,42.382,False,200,
1787722246.596071,serverless,30.0,30.0,60.31,False,200,
1787722246.6294043,serverless,30.0,30.0,39.409,False,200,
1787722246.6627376,serverless,30.0,30.0,41.166,False,200,
1787722246.696071,serverless,30.0,30.0,55.744,False,200,
1787722246.7294042,serverless,30.0,30.0,51.785,False,200,
1787722246.7627378,serverless,30.0,30.0,43.113,False,200,
1787722246.796071,serverless,30.0,30.0,36.883,False,200,
1787722246.8294044,serverless,30.0,30.0,37.485,False,200,
1787722246.8627377,serverless,30.0,30.0,44.668,False,200,
1787722246.896071,serverless,30.0,30.0,29.437,False,200,
1787722246.9294043,serverless,30.0,30.0,48.538,False,200,
1787722246.9627376,serverless,30.0,30.0,42.825,False,200,
1787722246.9960709,serverless,30.0,30.0,47.182,False,200,
1787722247.0294044,serverless,30.0,30.0,54.39,False,200,
1787722247.0627377,serverless,30.0,30.0,46.339,False,200,
1787722247.096071,serverless,30.0,30.0,39.064,False,200,
1787722247.1294043,serverless,30.0,30.0,65.9,False,200,
1787722247.1627376,serverless,30.0,30.0,32.51,False,200,
1787722247.196071,serverless,30.0,30.0,60.136,False,200,
1787722247.2294042,serverless,30.0,30.0,43.914,False,200,
1787722247.2627378,serverless,30.0,30.0,44.155,False,200,
1787722247.296071,serverless,30.0,30.0,50.76,False,200,
1787722247.3294044,serverless,30.0,30.0,53.561,False,200,
1787722247.3627377,serverless,30.0,30.0,47.496,False,200,
1787722247.396071,serverless,30.0,30.0,48.119,False,200,
1787722247.4294043,serverless,30.0,30.0,37.222,False,200,
1787722247.4627376,serverless,30.0,30.0,1127.443,True,200,
1787722247.4960709,serverless,30.0,30.0,48.557,False,200,
1787722247.5294044,serverless,30.0,30.0,52.61,False,200,
1787722247.5627377,serverless,30.0,30.0,40.971,False,200,
1787722247.596071,serverless,30.0,30.0,70.117,False,200,
1787722247.6294043,serverless,30.0,30.0,49.544,False,200,
1787722247.6627376,serverless,30.0,30.0,44.209,False,200,
1787722247.696071,serverless,30.0,30.0,34.365,False,200,
1787722247.7294042,serverless,30.0,30.0,46.906,False,200,
1787722247.7627378,serverless,30.0,30.0,59.618,False,200,
1787722247.796071,serverless,30.0,30.0,45.571,False,200,
1787722247.8294044,serverless,30.0,30.0,41.517,False,200,
1787722247.8627377,serverless,30.0,30.0,62.151,False,200,
1787722247.896071,serverless,30.0,30.0,46.356,False,200,
1787722247.9294043,serverless,30.0,30.0,59.421,False,200,
1787722247.9627376,serverless,30.0,30.0,32.714,False,200,
1787722247.9960709,serverless,30.0,30.0,48.21,False,200,
1787722248.0294044,serverless,30.0,30.0,85.449,False,200,
1787722248.0627377,serverless,30.0,30.0,26.491,False,200,
1787722248.096071,serverless,30.0,30.0,51.401,False,200,
1787722248.1294043,serverless,30.0,30.0,52.459,False,200,
1787722248.1627376,serverless,30.0,30.0,62.409,False,200,
1787722248.196071,serverless,30.0,30.0,56.261,False,200,
1787722248.2294042,serverless,30.0,30.0,48.208,False,200,
1787722248.2627378,serverless,30.0,30.0,47.645,False,200,
1787722248.296071,serverless,30.0,30.0,60.844,False,200,
1787722248.3294044,serverless,30.0,30.0,36.306,False,200,
1787722248.3627377,serverless,30.0,30.0,42.465,False,200,
1787722248.396071,serverless,30.0,30.0,57.814,False,200,
1787722248.4294043,serverless,30.0,30.0,39.118,False,200,
1787722248.4627376,serverless,30.0,30.0,53.207,False,200,
1787722248.4960709,serverless,30.0,30.0,51.143,False,200,
1787722248.5294044,serverless,30.0,30.0,28.785,False,200,
1787722248.5627377,serverless,30.0,30.0,46.011,False,200,
1787722248.596071,serverless,30.0,30.0,39.915,False,200,
1787722248.6294043,serverless,30.0,30.0,48.699,False,200,
1787722248.6627376,serverless,30.0,30.0,39.46,False,200,
1787722248.696071,serverless,30.0,30.0,59.333,False,200,
1787722248.7294042,serverless,30.0,30.0,62.797,False,200,
1787722248.7627378,serverless,30.0,30.0,57.536,False,200,
1787722248.796071,serverless,30.0,30.0,52.3,False,200,
1787722248.8294044,serverless,30.0,30.0,42.236,False,200,
1787722248.8627377,serverless,30.0,30.0,50.517,False,200,
1787722248.896071,serverless,30.0,30.0,36.47,False,200,
1787722248.9294043,serverless,30.0,30.0,35.324,False,200,
1787722248.9627376,serverless,30.0,30.0,71.777,False,200,
1787722248.9960709,serverless,30.0,30.0,56.74,False,200,
1787722249.0294044,serverless,30.0,30.0,33.321,False,200,
1787722249.0627377,serverless,30.0,30.0,51.227,False,200,
1787722249.096071,serverless,30.0,30.0,67.026,False,200,
1787722249.1294043,serverless,30.0,30.0,32.958,False,200,
1787722249.1627376,serverless,30.0,30.0,57.624,False,200,
1787722249.196071,serverless,30.0,30.0,63.831,False,200,
1787722249.2294042,serverless,30.0,30.0,55.986,False,200,
1787722249.2627378,serverless,30.0,30.0,48.185,False,200,
1787722249.296071,serverless,30.0,30.0,58.504,False,200,
1787722249.3294044,serverless,30.0,30.0,47.201,False,200,
1787722249.3627377,serverless,30.0,30.0,36.986,False,200,
1787722249.396071,serverless,30.0,30.0,48.898,False,200,
1787722249.4294043,serverless,30.0,30.0,33.736,False,200,
1787722249.4627376,serverless,30.0,30.0,51.73,False,200,
1787722249.4960709,serverless,30.0,30.0,50.979,False,200,
1787722249.5294044,serverless,30.0,30.0,49.593,False,200,
1787722249.5627377,serverless,30.0,30.0,47.97,False,200,
1787722249.596071,serverless,30.0,30.0,59.41,False,200,
1787722249.6294043,serverless,30.0,30.0,34.553,False,200,
1787722249.6627376,serverless,30.0,30.0,62.543,False,200,
1787722249.696071,serverless,30.0,30.0,34.386,False,200,
1787722249.7294042,serverless,30.0,30.0,36.959,False,200,
1787722249.7627378,serverless,30.0,30.0,55.256,False,200,
1787722249.796071,serverless,30.0,30.0,62.785,False,200,
1787722249.8294044,serverless,30.0,30.0,57.109,False,200,
1787722249.8627377,serverless,30.0,30.0,59.537,False,200,
1787722249.896071,serverless,30.0,30.0,56.887,False,200,
1787722249.9294043,serverless,30.0,30.0,46.905,False,200,
1787722249.9627376,serverless,30.0,30.0,57.516,False,200,
1787722249.9960709,serverless,30.0,30.0,44.186,False,200,
1787722250.0294044,serverless,30.0,30.0,39.03,False,200,
1787722250.0627377,serverless,30.0,30.0,41.704,False,200,
1787722250.096071,serverless,30.0,30.0,49.042,False,200,
1787722250.1294043,serverless,30.0,30.0,46.929,False,200,
1787722250.1627376,serverless,30.0,30.0,26.519,False,200,
1787722250.196071,serverless,30.0,30.0,42.268,False,200,
1787722250.2294042,serverless,30.0,30.0,59.246,False,200,
1787722250.2627378,serverless,30.0,30.0,44.688,False,200,
1787722250.296071,serverless,30.0,30.0,66.899,False,200,
1787722250.3294044,serverless,30.0,30.0,41.296,False,200,
1787722250.3627377,serverless,30.0,30.0,49.267,False,200,
1787722250.396071,serverless,30.0,30.0,51.475,False,200,
1787722250.4294043,serverless,30.0,30.0,50.234,False,200,
1787722250.4627376,serverless,30.0,30.0,40.022,False,200,
1787722250.4960709,serverless,30.0,30.0,43.011,False,200,
1787722250.5294044,serverless,30.0,30.0,29.919,False,200,
1787722250.5627377,serverless,30.0,30.0,57.718,False,200,
1787722250.596071,serverless,30.0,30.0,81.233,False,200,
1787722250.6294043,serverless,30.0,30.0,55.529,False,200,
1787722250.6627376,serverless,30.0,30.0,51.035,False,200,
1787722250.696071,serverless,30.0,30.0,57.568,False,200,
1787722250.7294042,serverless,30.0,30.0,50.671,False,200,
1787722250.7627378,serverless,30.0,30.0,64.334,False,200,
1787722250.796071,serverless,30.0,30.0,33.654,False,200,
1787722250.8294044,serverless,30.0,30.0,35.507,False,200,
1787722250.8627377,serverless,30.0,30.0,44.126,False,200,
1787722250.896071,serverless,30.0,30.0,42.338,False,200,
1787722250.9294043,serverless,30.0,30.0,50.24,False,200,
1787722250.9627376,serverless,30.0,30.0,37.139,False,200,
1787722250.9960709,serverless,30.0,30.0,53.146,False,200,
1787722251.0294044,serverless,30.0,30.0,49.288,False,200,
1787722251.0627377,serverless,30.0,30.0,38.54,False,200,
1787722251.096071,serverless,30.0,30.0,55.945,False,200,
1787722251.1294043,serverless,30.0,30.0,53.97,False,200,
1787722251.1627376,serverless,30.0,30.0,61.446,False,200,
1787722251.196071,serverless,30.0,30.0,52.929,False,200,
1787722251.2294042,serverless,30.0,30.0,42.098,False,200,
1787722251.2627378,serverless,30.0,30.0,48.476,False,200,
1787722251.296071,serverless,30.0,30.0,53.182,False,200,
1787722251.3294044,serverless,30.0,30.0,39.023,False,200,
1787722251.3627377,serverless,30.0,30.0,35.678,False,200,
1787722251.396071,serverless,30.0,30.0,68.399,False,200,
1787722251.4294043,serverless,30.0,30.0,40.961,False,200,
1787722251.4627376,serverless,30.0,30.0,46.272,False,200,
1787722251.4960709,serverless,30.0,30.0,51.517,False,200,
1787722251.5294044,serverless,30.0,30.0,49.61,False,200,
1787722251.5627377,serverless,30.0,30.0,36.962,False,200,
1787722251.596071,serverless,30.0,30.0,57.534,False,200,
1787722251.6294043,serverless,30.0,30.0,67.248,False,200,
1787722251.6627376,serverless,30.0,30.0,48.665,False,200,
1787722251.696071,serverless,30.0,30.0,39.882,False,200,
1787722251.7294042,serverless,30.0,30.0,50.372,False,200,
1787722251.7627378,serverless,30.0,30.0,71.118,False,200,
1787722251.796071,serverless,30.0,30.0,43.44,False,200,
1787722251.8294044,serverless,30.0,30.0,48.208,False,200,
1787722251.8627377,serverless,30.0,30.0,52.348,False,200,
1787722251.896071,serverless,30.0,30.0,36.925,False,200,
1787722251.9294043,serverless,30.0,30.0,61.172,False,200,
1787722251.9627376,serverless,30.0,30.0,40.509,False,200,
1787722251.9960709,serverless,30.0,30.0,45.271,False,200,
1787722252.0294044,serverless,30.0,30.0,47.213,False,200,
1787722252.0627377,serverless,30.0,30.0,57.657,False,200,
1787722252.096071,serverless,30.0,30.0,63.276,False,200,
1787722252.1294043,serverless,30.0,30.0,47.318,False,200,
1787722252.1627376,serverless,30.0,30.0,69.79,False,200,
1787722252.196071,serverless,30.0,30.0,40.745,False,200,
1787722252.2294042,serverless,30.0,30.0,57.629,False,200,
1787722252.2627378,serverless,30.0,30.0,69.846,False,200,
1787722252.296071,serverless,30.0,30.0,43.955,False,200,
1787722252.3294044,serverless,30.0,30.0,40.384,False,200,
1787722252.3627377,serverless,30.0,30.0,50.335,False,200,
1787722252.396071,serverless,30.0,30.0,39.839,False,200,
1787722252.4294043,serverless,30.0,30.0,90.175,False,200,
1787722252.4627376,serverless,30.0,30.0,46.62,False,200,
1787722252.4960709,serverless,30.0,30.0,60.178,False,200,
1787722252.5294044,serverless,30.0,30.0,29.686,False,200,
1787722252.5627377,serverless,30.0,30.0,49.268,False,200,
1787722252.596071,serverless,30.0,30.0,71.323,False,200,
1787722252.6294043,serverless,30.0,30.0,43.144,False,200,
1787722252.6627376,serverless,30.0,30.0,32.468,False,200,
1787722252.696071,serverless,30.0,30.0,41.599,False,200,
1787722252.7294042,serverless,30.0,30.0,40.824,False,200,
1787722252.7627378,serverless,30.0,30.0,61.943,False,200,
1787722252.796071,serverless,30.0,30.0,69.82,False,200,
1787722252.8294044,serverless,30.0,30.0,45.833,False,200,
1787722252.8627377,serverless,30.0,30.0,62.256,False,200,
1787722252.896071,serverless,30.0,30.0,52.245,False,200,
1787722252.9294043,serverless,30.0,30.0,43.847,False,200,
1787722252.9627376,serverless,30.0,30.0,55.011,False,200,
1787722252.9960709,serverless,30.0,30.0,47.78,False,200,
1787722253.0294044,serverless,30.0,30.0,58.742,False,200,
1787722253.0627377,serverless,30.0,30.0,69.407,False,200,
1787722253.096071,serverless,30.0,30.0,58.744,False,200,
1787722253.1294043,serverless,30.0,30.0,40.228,False,200,
1787722253.1627376,serverless,30.0,30.0,48.671,False,200,
1787722253.196071,serverless,30.0,30.0,61.128,False,200,
1787722253.2294042,serverless,30.0,30.0,60.84,False,200,
1787722253.2627378,serverless,30.0,30.0,37.837,False,200,
1787722253.296071,serverless,30.0,30.0,50.91,False,200,
1787722253.3294044,serverless,30.0,30.0,52.274,False,200,
1787722253.3627377,serverless,30.0,30.0,63.71,False,200,
1787722253.396071,serverless,30.0,30.0,49.06,False,200,
1787722253.4294043,serverless,30.0,30.0,48.218,False,200,
1787722253.4627376,serverless,30.0,30.0,46.803,False,200,
1787722253.4960709,serverless,30.0,30.0,57.119,False,200,
1787722253.5294044,serverless,30.0,30.0,45.572,False,200,
1787722253.5627377,serverless,30.0,30.0,47.095,False,200,
1787722253.596071,serverless,30.0,30.0,45.599,False,200,
1787722253.6294043,serverless,30.0,30.0,34.871,False,200,
1787722253.6627376,serverless,30.0,30.0,66.534,False,200,
1787722253.696071,serverless,30.0,30.0,42.121,False,200,
1787722253.7294042,serverless,30.0,30.0,62.168,False,200,
1787722253.7627378,serverless,30.0,30.0,57.043,False,200,
1787722253.796071,serverless,30.0,30.0,72.76,False,200,
1787722253.8294044,serverless,30.0,30.0,39.617,False,200,
1787722253.8627377,serverless,30.0,30.0,41.558,False,200,
1787722253.896071,serverless,30.0,30.0,42.402,False,200,
1787722253.9294043,serverless,30.0,30.0,34.351,False,200,
1787722253.9627376,serverless,30.0,30.0,65.87,False,200,
1787722253.9960709,serverless,30.0,30.0,47.099,False,200,
1787722254.0294044,serverless,30.0,30.0,60.816,False,200,
1787722254.0627377,serverless,30.0,30.0,41.22,False,200,
1787722254.096071,serverless,30.0,30.0,53.834,False,200,
1787722254.1294043,serverless,30.0,30.0,42.354,False,200,
1787722254.1627376,serverless,30.0,30.0,64.803,False,200,
1787722254.196071,serverless,30.0,30.0,38.377,False,200,
1787722254.2294042,serverless,30.0,30.0,42.642,False,200,
1787722254.2627378,serverless,30.0,30.0,33.058,False,200,
1787722254.296071,serverless,30.0,30.0,38.859,False,200,
1787722254.3294044,serverless,30.0,30.0,1316.141,True,200,
1787722254.3627377,serverless,30.0,30.0,46.036,False,200,
1787722254.396071,serverless,30.0,30.0,47.068,False,200,
1787722254.4294043,serverless,30.0,30.0,59.71,False,200,
1787722254.4627376,serverless,30.0,30.0,52.929,False,200,
1787722254.4960709,serverless,30.0,30.0,39.708,False,200,
1787722254.5294044,serverless,30.0,30.0,39.045,False,200,
1787722254.5627377,serverless,30.0,30.0,36.771,False,200,
1787722254.596071,serverless,30.0,30.0,38.886,False,200,
1787722254.6294043,serverless,30.0,30.0,45.963,False,200,
1787722254.6627376,serverless,30.0,30.0,56.863,False,200,
1787722254.696071,serverless,30.0,30.0,46.648,False,200,
1787722254.7294042,serverless,30.0,30.0,48.909,False,200,
1787722254.7627378,serverless,30.0,30.0,34.51,False,200,
1787722254.796071,serverless,30.0,30.0,53.874,False,200,
1787722254.8294044,serverless,30.0,30.0,52.031,False,200,
1787722254.8627377,serverless,30.0,30.0,67.668,False,200,
1787722254.896071,serverless,30.0,30.0,50.051,False,200,
1787722254.9294043,serverless,30.0,30.0,50.457,False,200,
1787722254.9627376,serverless,30.0,30.0,42.375,False,200,
1787722254.9960709,serverless,30.0,30.0,39.397,False,200,
1787722255.0294044,serverless,30.0,30.0,46.611,False,200,
1787722255.0627377,serverless,30.0,30.0,40.064,False,200,
1787722255.096071,serverless,30.0,30.0,49.21,False,200,
1787722255.1294043,serverless,30.0,30.0,53.824,False,200,
1787722255.1627376,serverless,30.0,30.0,49.675,False,200,
1787722255.196071,serverless,30.0,30.0,36.695,False,200,
1787722255.2294042,serverless,30.0,30.0,72.182,False,200,
1787722255.2627378,serverless,30.0,30.0,73.782,False,200,
1787722255.296071,serverless,30.0,30.0,58.642,False,200,
1787722255.3294044,serverless,30.0,30.0,48.917,False,200,
1787722255.3627377,serverless,30.0,30.0,36.408,False,200,
1787722255.396071,serverless,30.0,30.0,43.131,False,200,
1787722255.4294043,serverless,30.0,30.0,68.657,False,200,
1787722255.4627376,serverless,30.0,30.0,55.757,False,200,
1787722255.4960709,serverless,30.0,30.0,55.79,False,200,
1787722255.5294044,serverless,30.0,30.0,51.507,False,200,
1787722255.5627377,serverless,30.0,30.0,63.765,False,200,
1787722255.596071,serverless,30.0,30.0,50.809,False,200,
1787722255.6294043,serverless,30.0,30.0,34.622,False,200,
1787722255.6627376,serverless,30.0,30.0,49.901,False,200,
1787722255.696071,serverless,30.0,30.0,44.607,False,200,
1787722255.7294042,serverless,30.0,30.0,59.407,False,200,
1787722255.7627378,serverless,30.0,30.0,44.366,False,200,
1787722255.796071,serverless,30.0,30.0,65.368,False,200,
1787722255.8294044,serverless,30.0,30.0,65.531,False,200,
1787722255.8627377,serverless,30.0,30.0,49.281,False,200,
1787722255.896071,serverless,30.0,30.0,36.857,False,200,
1787722255.9294043,serverless,30.0,30.0,51.216,False,200,
1787722255.9627376,serverless,30.0,30.0,47.042,False,200,
1787722255.9960709,serverless,30.0,30.0,47.897,False,200,
1787722256.0294044,serverless,30.0,30.0,58.534,False,200,
1787722256.0627377,serverless,30.0,30.0,48.632,False,200,
1787722256.096071,serverless,30.0,30.0,53.065,False,200,
1787722256.1294043,serverless,30.0,30.0,59.362,False,200,
1787722256.1627376,serverless,30.0,30.0,41.087,False,200,
1787722256.196071,serverless,30.0,30.0,48.885,False,200,
1787722256.2294042,serverless,30.0,30.0,44.738,False,200,
1787722256.2627378,serverless,30.0,30.0,50.855,False,200,
1787722256.296071,serverless,30.0,30.0,67.518,False,200,
1787722256.3294044,serverless,30.0,30.0,58.401,False,200,
1787722256.3627377,serverless,30.0,30.0,70.176,False,200,
1787722256.396071,serverless,30.0,30.0,42.122,False,200,
1787722256.4294043,serverless,30.0,30.0,60.334,False,200,
1787722256.4627376,serverless,30.0,30.0,58.078,False,200,
1787722256.4960709,serverless,30.0,30.0,62.525,False,200,
1787722256.5294044,serverless,30.0,30.0,45.656,False,200,
1787722256.5627377,serverless,30.0,30.0,44.861,False,200,
1787722256.596071,serverless,30.0,30.0,38.306,False,200,
1787722256.6294043,serverless,30.0,30.0,40.558,False,200,
1787722256.6627376,serverless,30.0,30.0,46.795,False,200,
1787722256.696071,serverless,30.0,30.0,43.169,False,200,
1787722256.7294042,serverless,30.0,30.0,55.16,False,200,
1787722256.7627378,serverless,30.0,30.0,59.506,False,200,
1787722256.796071,serverless,30.0,30.0,55.375,False,200,
1787722256.8294044,serverless,30.0,30.0,52.37,False,200,
1787722256.8627377,serverless,30.0,30.0,34.067,False,200,
1787722256.896071,serverless,30.0,30.0,59.829,False,200,
1787722256.9294043,serverless,30.0,30.0,47.728,False,200,
1787722256.9627376,serverless,30.0,30.0,58.401,False,200,
1787722256.9960709,serverless,30.0,30.0,60.248,False,200,
1787722257.0294044,serverless,30.0,30.0,65.399,False,200,
1787722257.0627377,serverless,30.0,30.0,52.978,False,200,
1787722257.096071,serverless,30.0,30.0,47.053,False,200,
1787722257.1294043,serverless,30.0,30.0,57.866,False,200,
1787722257.1627376,serverless,30.0,30.0,44.004,False,200,
1787722257.196071,serverless,30.0,30.0,53.844,False,200,
1787722257.2294042,serverless,30.0,30.0,41.192,False,200,
1787722257.2627378,serverless,30.0,30.0,66.561,False,200,
1787722257.296071,serverless,30.0,30.0,52.791,False,200,
1787722257.3294044,serverless,30.0,30.0,56.524,False,200,
1787722257.3627377,serverless,30.0,30.0,33.078,False,200,
1787722257.396071,serverless,30.0,30.0,60.45,False,200,
1787722257.4294043,serverless,30.0,30.0,50.156,False,200,
1787722257.4627376,serverless,30.0,30.0,49.752,False,200,
1787722257.4960709,serverless,30.0,30.0,45.269,False,200,
1787722257.5294044,serverless,30.0,30.0,63.89,False,200,
1787722257.5627377,serverless,30.0,30.0,29.962,False,200,
1787722257.596071,serverless,30.0,30.0,54.868,False,200,
1787722257.6294043,serverless,30.0,30.0,64.237,False,200,
1787722257.6627376,serverless,30.0,30.0,57.888,False,200,
1787722257.696071,serverless,30.0,30.0,44.243,False,200,
1787722257.7294042,serverless,30.0,30.0,41.03,False,200,
1787722257.7627378,serverless,30.0,30.0,68.938,False,200,
1787722257.796071,serverless,30.0,30.0,46.865,False,200,
1787722257.8294044,serverless,30.0,30.0,42.601,False,200,
1787722257.8627377,serverless,30.0,30.0,58.623,False,200,
1787722257.896071,serverless,30.0,30.0,45.692,False,200,
1787722257.9294043,serverless,30.0,30.0,36.047,False,200,
1787722257.9627376,serverless,30.0,30.0,61.219,False,200,
1787722257.9960709,serverless,30.0,30.0,72.978,False,200,
1787722258.0294044,serverless,30.0,30.0,33.332,False,200,
1787722258.0627377,serverless,30.0,30.0,48.552,False,200,
1787722258.096071,serverless,30.0,30.0,62.626,False,200,
1787722258.1294043,serverless,30.0,30.0,71.981,False,200,
1787722258.1627376,serverless,30.0,30.0,71.409,False,200,
1787722258.196071,serverless,30.0,30.0,54.15,False,200,
1787722258.2294042,serverless,30.0,30.0,52.613,False,200,
1787722258.2627378,serverless,30.0,30.0,42.689,False,200,
1787722258.296071,serverless,30.0,30.0,41.611,False,200,
1787722258.3294044,serverless,30.0,30.0,60.863,False,200,
1787722258.3627377,serverless,30.0,30.0,41.625,False,200,
1787722258.396071,serverless,30.0,30.0,48.912,False,200,
1787722258.4294043,serverless,30.0,30.0,52.299,False,200,
1787722258.4627376,serverless,30.0,30.0,55.931,False,200,
1787722258.4960709,serverless,30.0,30.0,43.53,False,200,
1787722258.5294044,serverless,30.0,30.0,49.874,False,200,
1787722258.5627377,serverless,30.0,30.0,58.686,False,200,
1787722258.596071,serverless,30.0,30.0,43.968,False,200,
1787722258.6294043,serverless,30.0,30.0,50.377,False,200,
1787722258.6627376,serverless,30.0,30.0,63.437,False,200,
1787722258.696071,serverless,30.0,30.0,39.378,False,200,
1787722258.7294042,serverless,30.0,30.0,53.518,False,200,
1787722258.7627378,serverless,30.0,30.0,54.766,False,200,
1787722258.796071,serverless,30.0,30.0,51.496,False,200,
1787722258.8294044,serverless,30.0,30.0,49.21,False,200,
1787722258.8627377,serverless,30.0,30.0,39.378,False,200,
1787722258.896071,serverless,30.0,30.0,54.694,False,200,
1787722258.9294043,serverless,30.0,30.0,75.499,False,200,
1787722258.9627376,serverless,30.0,30.0,60.704,False,200,
1787722258.9960709,serverless,30.0,30.0,41.316,False,200,
1787722259.0294044,serverless,30.0,30.0,64.68,False,200,
1787722259.0627377,serverless,30.0,30.0,46.143,False,200,
1787722259.096071,serverless,30.0,30.0,36.268,False,200,
1787722259.1294043,serverless,30.0,30.0,49.807,False,200,
1787722259.1627376,serverless,30.0,30.0,48.852,False,200,
1787722259.196071,serverless,30.0,30.0,45.856,False,200,
1787722259.2294042,serverless,30.0,30.0,71.393,False,200,
1787722259.2627378,serverless,30.0,30.0,59.2,False,200,
1787722259.296071,serverless,30.0,30.0,69.581,False,200,
1787722259.3294044,serverless,30.0,30.0,48.491,False,200,
1787722259.3627377,serverless,30.0,30.0,63.816,False,200,
1787722259.396071,serverless,30.0,30.0,57.581,False,200,
1787722259.4294043,serverless,30.0,30.0,51.654,False,200,
1787722259.4627376,serverless,30.0,30.0,46.654,False,200,
1787722259.4960709,serverless,30.0,30.0,51.336,False,200,
1787722259.5294044,serverless,30.0,30.0,50.514,False,200,
1787722259.5627377,serverless,30.0,30.0,48.736,False,200,
1787722259.596071,serverless,30.0,30.0,48.386,False,200,
1787722259.6294043,serverless,30.0,30.0,62.048,False,200,
1787722259.6627376,serverless,30.0,30.0,53.187,False,200,
1787722259.696071,serverless,30.0,30.0,45.093,False,200,
1787722259.7294042,serverless,30.0,30.0,38.478,False,200,
1787722259.7627378,serverless,30.0,30.0,50.334,False,200,
1787722259.796071,serverless,30.0,30.0,43.711,False,200,
1787722259.8294044,serverless,30.0,30.0,49.73,False,200,
1787722259.8627377,serverless,30.0,30.0,49.004,False,200,
1787722259.896071,serverless,30.0,30.0,54.695,False,200,
1787722259.9294043,serverless,30.0,30.0,35.865,False,200,
1787722259.9627376,serverless,30.0,30.0,54.311,False,200,
1787722259.9960709,serverless,30.0,30.0,51.077,False,200,
1787722260.0294044,serverless,30.0,30.0,33.148,False,200,
1787722260.0627377,serverless,30.0,30.0,57.167,False,200,
1787722260.096071,serverless,30.0,30.0,47.962,False,200,
1787722260.1294043,serverless,30.0,30.0,50.214,False,200,
1787722260.1627376,serverless,30.0,30.0,52.43,False,200,
1787722260.196071,serverless,30.0,30.0,45.389,False,200,
1787722260.2294042,serverless,30.0,30.0,50.958,False,200,
1787722260.2627378,serverless,30.0,30.0,47.845,False,200,
1787722260.296071,serverless,30.0,30.0,52.051,False,200,
1787722260.3294044,serverless,30.0,30.0,40.932,False,200,
1787722260.3627377,serverless,30.0,30.0,46.27,False,200,
1787722260.396071,serverless,30.0,30.0,46.901,False,200,
1787722260.4294043,serverless,30.0,30.0,46.134,False,200,
1787722260.4627376,serverless,30.0,30.0,44.825,False,200,
1787722260.4960709,serverless,30.0,30.0,57.782,False,200,
1787722260.5294044,serverless,30.0,30.0,52.674,False,200,
1787722260.5627377,serverless,30.0,30.0,52.615,False,200,
1787722260.596071,serverless,30.0,30.0,51.699,False,200,
1787722260.6294043,serverless,30.0,30.0,39.867,False,200,
1787722260.6627376,serverless,30.0,30.0,51.288,False,200,
1787722260.696071,serverless,30.0,30.0,44.852,False,200,
1787722260.7294042,serverless,30.0,30.0,52.26,False,200,
1787722260.7627378,serverless,30.0,30.0,72.662,False,200,
1787722260.796071,serverless,30.0,30.0,65.911,False,200,
1787722260.8294044,serverless,30.0,30.0,41.575,False,200,
1787722260.8627377,serverless,30.0,30.0,48.51,False,200,
1787722260.896071,serverless,30.0,30.0,59.99,False,200,
1787722260.9294043,serverless,30.0,30.0,59.658,False,200,
1787722260.9627376,serverless,30.0,30.0,51.942,False,200,
1787722260.9960709,serverless,30.0,30.0,38.347,False,200,
1787722261.0294044,serverless,30.0,30.0,42.846,False,200,
1787722261.0627377,serverless,30.0,30.0,58.447,False,200,
1787722261.096071,serverless,30.0,30.0,45.286,False,200,
1787722261.1294043,serverless,30.0,30.0,57.944,False,200,
1787722261.1627376,serverless,30.0,30.0,49.469,False,200,
1787722261.196071,serverless,30.0,30.0,59.134,False,200,
1787722261.2294042,serverless,30.0,30.0,45.036,False,200,
1787722261.2627378,serverless,30.0,30.0,54.103,False,200,
1787722261.296071,serverless,30.0,30.0,50.804,False,200,
1787722261.3294044,serverless,30.0,30.0,59.251,False,200,
1787722261.3627377,serverless,30.0,30.0,31.191,False,200,
1787722261.396071,serverless,30.0,30.0,49.109,False,200,
1787722261.4294043,serverless,30.0,30.0,45.983,False,200,
1787722261.4627376,serverless,30.0,30.0,41.635,False,200,
1787722261.4960709,serverless,30.0,30.0,38.184,False,200,
1787722261.5294044,serverless,30.0,30.0,38.311,False,200,
1787722261.5627377,serverless,30.0,30.0,38.184,False,200,
1787722261.596071,serverless,30.0,30.0,56.526,False,200,
1787722261.6294043,serverless,30.0,30.0,76.894,False,200,
1787722261.6627376,serverless,30.0,30.0,44.827,False,200,
1787722261.696071,serverless,30.0,30.0,50.807,False,200,
1787722261.7294042,serverless,30.0,30.0,68.33,False,200,
1787722261.7627378,serverless,30.0,30.0,45.485,False,200,
1787722261.796071,serverless,30.0,30.0,49.106,False,200,
1787722261.8294044,serverless,30.0,30.0,44.34,False,200,
1787722261.8627377,serverless,30.0,30.0,61.232,False,200,
1787722261.896071,serverless,30.0,30.0,46.167,False,200,
1787722261.9294043,serverless,30.0,30.0,39.324,False,200,
1787722261.9627376,serverless,30.0,30.0,46.27,False,200,
1787722261.9960709,serverless,30.0,30.0,41.931,False,200,
1787722262.0294044,serverless,30.0,30.0,50.982,False,200,
1787722262.0627377,serverless,30.0,30.0,45.86,False,200,
1787722262.096071,serverless,30.0,30.0,37.059,False,200,
1787722262.1294043,serverless,30.0,30.0,47.816,False,200,
1787722262.1627376,serverless,30.0,30.0,63.808,False,200,
1787722262.196071,serverless,30.0,30.0,54.484,False,200,
1787722262.2294042,serverless,30.0,30.0,44.953,False,200,
1787722262.2627378,serverless,30.0,30.0,61.22,False,200,
1787722262.296071,serverless,30.0,30.0,48.75,False,200,
1787722262.3294044,serverless,30.0,30.0,66.656,False,200,
1787722262.3627377,serverless,30.0,30.0,59.247,False,200,
1787722262.396071,serverless,30.0,30.0,39.702,False,200,
1787722262.4294043,serverless,30.0,30.0,54.728,False,200,
1787722262.4627376,serverless,30.0,30.0,58.259,False,200,
1787722262.4960709,serverless,30.0,30.0,72.653,False,200,
1787722262.5294044,serverless,30.0,30.0,69.818,False,200,
1787722262.5627377,serverless,30.0,30.0,38.008,False,200,
1787722262.596071,serverless,30.0,30.0,54.478,False,200,
1787722262.6294043,serverless,30.0,30.0,53.298,False,200,
1787722262.6627376,serverless,30.0,30.0,30.144,False,200,
1787722262.696071,serverless,30.0,30.0,48.492,False,200,
1787722262.7294042,serverless,30.0,30.0,50.275,False,200,
1787722262.7627378,serverless,30.0,30.0,56.471,False,200,
1787722262.796071,serverless,30.0,30.0,28.9,False,200,
1787722262.8294044,serverless,30.0,30.0,44.166,False,200,
1787722262.8627377,serverless,30.0,30.0,32.606,False,200,
1787722262.896071,serverless,30.0,30.0,36.091,False,200,
1787722262.9294043,serverless,30.0,30.0,53.523,False,200,
1787722262.9627376,serverless,30.0,30.0,84.564,False,200,
1787722262.9960709,serverless,30.0,30.0,62.134,False,200,
1787722263.0294044,serverless,30.0,30.0,57.166,False,200,
1787722263.0627377,serverless,30.0,30.0,56.486,False,200,
1787722263.096071,serverless,30.0,30.0,72.771,False,200,
1787722263.1294043,serverless,30.0,30.0,54.623,False,200,
1787722263.1627376,serverless,30.0,30.0,53.461,False,200,
1787722263.196071,serverless,30.0,30.0,40.58,False,200,
1787722263.2294042,serverless,30.0,30.0,54.182,False,200,
1787722263.2627378,serverless,30.0,30.0,69.01,False,200,
1787722263.296071,serverless,30.0,30.0,45.693,False,200,
1787722263.3294044,serverless,30.0,30.0,56.374,False,200,
1787722263.3627377,serverless,30.0,30.0,32.149,False,200,
1787722263.396071,serverless,30.0,30.0,61.369,False,200,
1787722263.4294043,serverless,30.0,30.0,50.85,False,200,
1787722263.4627376,serverless,30.0,30.0,37.15,False,200,
1787722263.4960709,serverless,30.0,30.0,65.702,False,200,
1787722263.5294044,serverless,30.0,30.0,47.479,False,200,
1787722263.5627377,serverless,30.0,30.0,47.406,False,200,
1787722263.596071,serverless,30.0,30.0,57.354,False,200,
1787722263.6294043,serverless,30.0,30.0,45.382,False,200,
1787722263.6627376,serverless,30.0,30.0,46.508,False,200,
1787722263.696071,serverless,30.0,30.0,44.362,False,200,
1787722263.7294042,serverless,30.0,30.0,52.31,False,200,
1787722263.7627378,serverless,30.0,30.0,35.15,False,200,
1787722263.796071,serverless,30.0,30.0,58.505,False,200,
1787722263.8294044,serverless,30.0,30.0,66.481,False,200,
1787722263.8627377,serverless,30.0,30.0,43.453,False,200,
1787722263.896071,serverless,30.0,30.0,58.179,False,200,
1787722263.9294043,serverless,30.0,30.0,43.563,False,200,
1787722263.9627376,serverless,30.0,30.0,68.889,False,200,
1787722263.9960709,serverless,30.0,30.0,72.38,False,200,
1787722264.0294044,serverless,30.0,30.0,58.993,False,200,
1787722264.0627377,serverless,30.0,30.0,49.67,False,200,
1787722264.096071,serverless,30.0,30.0,30.103,False,200,
1787722264.1294043,serverless,30.0,30.0,45.761,False,200,
1787722264.1627376,serverless,30.0,30.0,44.331,False,200,
1787722264.196071,serverless,30.0,30.0,45.362,False,200,
1787722264.2294042,serverless,30.0,30.0,47.576,False,200,
1787722264.2627378,serverless,30.0,30.0,67.629,False,200,
1787722264.296071,serverless,30.0,30.0,67.553,False,200,
1787722264.3294044,serverless,30.0,30.0,33.395,False,200,
1787722264.3627377,serverless,30.0,30.0,57.091,False,200,
1787722264.396071,serverless,30.0,30.0,69.076,False,200,
1787722264.4294043,serverless,30.0,30.0,58.673,False,200,
1787722264.4627376,serverless,30.0,30.0,53.851,False,200,
1787722264.4960709,serverless,30.0,30.0,43.891,False,200,
1787722264.5294044,serverless,30.0,30.0,96.802,False,200,
1787722264.5627377,serverless,30.0,30.0,52.117,False,200,
1787722264.596071,serverless,30.0,30.0,50.96,False,200,
1787722264.6294043,serverless,30.0,30.0,46.409,False,200,
1787722264.6627376,serverless,30.0,30.0,60.179,False,200,
1787722264.696071,serverless,30.0,30.0,37.431,False,200,
1787722264.7294042,serverless,30.0,30.0,53.503,False,200,
1787722264.7627378,serverless,30.0,30.0,46.481,False,200,
1787722264.796071,serverless,30.0,30.0,68.892,False,200,
1787722264.8294044,serverless,30.0,30.0,58.696,False,200,
1787722264.8627377,serverless,30.0,30.0,43.24,False,200,
1787722264.896071,serverless,30.0,30.0,44.545,False,200,
1787722264.9294043,serverless,30.0,30.0,84.054,False,200,
1787722264.9627376,serverless,30.0,30.0,38.629,False,200,
1787722264.9960709,serverless,30.0,30.0,61.287,False,200,
1787722265.0294044,serverless,30.0,30.0,58.241,False,200,
1787722265.0627377,serverless,30.0,30.0,61.772,False,200,
1787722265.096071,serverless,30.0,30.0,41.936,False,200,
1787722265.1294043,serverless,30.0,30.0,39.41,False,200,
1787722265.1627376,serverless,30.0,30.0,62.076,False,200,
1787722265.196071,serverless,30.0,30.0,47.553,False,200,
1787722265.2294042,serverless,30.0,30.0,54.478,False,200,
1787722265.2627378,serverless,30.0,30.0,51.98,False,200,
1787722265.296071,serverless,30.0,30.0,45.216,False,200,
1787722265.3294044,serverless,30.0,30.0,49.75,False,200,
1787722265.3627377,serverless,30.0,30.0,37.173,False,200,
1787722265.396071,serverless,30.0,30.0,55.23,False,200,
1787722265.4294043,serverless,30.0,30.0,73.108,False,200,
1787722265.4627376,serverless,30.0,30.0,63.203,False,200,
1787722265.4960709,serverless,30.0,30.0,36.539,False,200,
1787722265.5294044,serverless,30.0,30.0,58.229,False,200,
1787722265.5627377,serverless,30.0,30.0,49.594,False,200,
1787722265.596071,serverless,30.0,30.0,56.782,False,200,
1787722265.6294043,serverless,30.0,30.0,58.825,False,200,
1787722265.6627376,serverless,30.0,30.0,49.792,False,200,
1787722265.696071,serverless,30.0,30.0,85.274,False,200,
1787722265.7294042,serverless,30.0,30.0,51.781,False,200,
1787722265.7627378,serverless,30.0,30.0,47.058,False,200,
1787722265.796071,serverless,30.0,30.0,65.681,False,200,
1787722265.8294044,serverless,30.0,30.0,42.604,False,200,
1787722265.8627377,serverless,30.0,30.0,42.278,False,200,
1787722265.896071,serverless,30.0,30.0,50.28,False,200,
1787722265.9294043,serverless,30.0,30.0,32.134,False,200,
1787722265.9627376,serverless,30.0,30.0,46.95,False,200,
1787722265.9960709,serverless,30.0,30.0,39.337,False,200,
1787722266.0294044,serverless,30.0,30.0,55.27,False,200,
1787722266.0627377,serverless,30.0,30.0,75.243,False,200,
1787722266.096071,serverless,30.0,30.0,31.284,False,200,
1787722266.1294043,serverless,30.0,30.0,40.199,False,200,
1787722266.1627376,serverless,30.0,30.0,44.001,False,200,
1787722266.196071,serverless,30.0,30.0,36.947,False,200,
1787722266.2294042,serverless,30.0,30.0,56.227,False,200,
1787722266.2627378,serverless,30.0,30.0,37.372,False,200,
1787722266.296071,serverless,30.0,30.0,52.446,False,200,
1787722266.3294044,serverless,30.0,30.0,51.799,False,200,
1787722266.3627377,serverless,30.0,30.0,51.858,False,200,
1787722266.396071,serverless,30.0,30.0,41.687,False,200,
1787722266.4294043,serverless,30.0,30.0,38.876,False,200,
1787722266.4627376,serverless,30.0,30.0,49.821,False,200,
1787722266.4960709,serverless,30.0,30.0,50.2,False,200,
1787722266.5294044,serverless,30.0,30.0,48.585,False,200,
1787722266.5627377,serverless,30.0,30.0,62.293,False,200,
1787722266.596071,serverless,30.0,30.0,50.079,False,200,
1787722266.6294043,serverless,30.0,30.0,47.961,False,200,
1787722266.6627376,serverless,30.0,30.0,54.316,False,200,
1787722266.696071,serverless,30.0,30.0,60.389,False,200,
1787722266.7294042,serverless,30.0,30.0,53.684,False,200,
1787722266.7627378,serverless,30.0,30.0,55.693,False,200,
1787722266.796071,serverless,30.0,30.0,60.451,False,200,
1787722266.8294044,serverless,30.0,30.0,40.498,False,200,
1787722266.8627377,serverless,30.0,30.0,65.711,False,200,
1787722266.896071,serverless,30.0,30.0,51.372,False,200,
1787722266.9294043,serverless,30.0,30.0,42.061,False,200,
1787722266.9627376,serverless,30.0,30.0,49.943,False,200,
1787722266.9960709,serverless,30.0,30.0,65.869,False,200,
1787722267.0294044,serverless,30.0,30.0,52.576,False,200,
1787722267.0627377,serverless,30.0,30.0,69.771,False,200,
1787722267.096071,serverless,30.0,30.0,71.358,False,200,
1787722267.1294043,serverless,30.0,30.0,54.647,False,200,
1787722267.1627376,serverless,30.0,30.0,34.379,False,200,
1787722267.196071,serverless,30.0,30.0,49.238,False,200,
1787722267.2294042,serverless,30.0,30.0,44.186,False,200,
1787722267.2627378,serverless,30.0,30.0,40.346,False,200,
1787722267.296071,serverless,30.0,30.0,57.89,False,200,
1787722267.3294044,serverless,30.0,30.0,71.555,False,200,
1787722267.3627377,serverless,30.0,30.0,47.854,False,200,
1787722267.396071,serverless,30.0,30.0,46.636,False,200,
1787722267.4294043,serverless,30.0,30.0,32.04,False,200,
1787722267.4627376,serverless,30.0,30.0,53.685,False,200,
1787722267.4960709,serverless,30.0,30.0,46.356,False,200,
1787722267.5294044,serverless,30.0,30.0,45.115,False,200,
1787722267.5627377,serverless,30.0,30.0,42.219,False,200,
1787722267.596071,serverless,30.0,30.0,62.695,False,200,
1787722267.6294043,serverless,30.0,30.0,44.494,False,200,
1787722267.6627376,serverless,30.0,30.0,49.682,False,200,
1787722267.696071,serverless,30.0,30.0,43.264,False,200,
1787722267.7294042,serverless,30.0,30.0,57.604,False,200,
1787722267.7627378,serverless,30.0,30.0,41.059,False,200,
1787722267.796071,serverless,30.0,30.0,63.735,False,200,
1787722267.8294044,serverless,30.0,30.0,51.348,False,200,
1787722267.8627377,serverless,30.0,30.0,61.311,False,200,
1787722267.896071,serverless,30.0,30.0,49.338,False,200,
1787722267.9294043,serverless,30.0,30.0,46.17,False,200,
1787722267.9627376,serverless,30.0,30.0,42.894,False,200,
1787722267.9960709,serverless,30.0,30.0,45.678,False,200,
1787722268.0294044,serverless,30.0,30.0,47.531,False,200,
1787722268.0627377,serverless,30.0,30.0,52.949,False,200,
1787722268.096071,serverless,30.0,30.0,51.032,False,200,
1787722268.1294043,serverless,30.0,30.0,50.789,False,200,
1787722268.1627376,serverless,30.0,30.0,54.668,False,200,
1787722268.196071,serverless,30.0,30.0,43.683,False,200,
1787722268.2294042,serverless,30.0,30.0,49.665,False,200,
1787722268.2627378,serverless,30.0,30.0,42.443,False,200,
1787722268.296071,serverless,30.0,30.0,44.735,False,200,
1787722268.3294044,serverless,30.0,30.0,47.881,False,200,
1787722268.3627377,serverless,30.0,30.0,41.834,False,200,
1787722268.396071,serverless,30.0,30.0,46.889,False,200,
1787722268.4294043,serverless,30.0,30.0,58.718,False,200,
1787722268.4627376,serverless,30.0,30.0,65.641,False,200,
1787722268.4960709,serverless,30.0,30.0,40.009,False,200,
1787722268.5294044,serverless,30.0,30.0,53.157,False,200,
1787722268.5627377,serverless,30.0,30.0,36.862,False,200,
1787722268.596071,serverless,30.0,30.0,59.095,False,200,
1787722268.6294043,serverless,30.0,30.0,55.25,False,200,
1787722268.6627376,serverless,30.0,30.0,54.233,False,200,
1787722268.696071,serverless,30.0,30.0,68.25,False,200,
1787722268.7294042,serverless,30.0,30.0,36.904,False,200,
1787722268.7627378,serverless,30.0,30.0,61.335,False,200,
1787722268.796071,serverless,30.0,30.0,60.068,False,200,
1787722268.8294044,serverless,30.0,30.0,62.385,False,200,
1787722268.8627377,serverless,30.0,30.0,55.944,False,200,
1787722268.896071,serverless,30.0,30.0,40.083,False,200,
1787722268.9294043,serverless,30.0,30.0,59.386,False,200,
1787722268.9627376,serverless,30.0,30.0,62.097,False,200,
1787722268.9960709,serverless,30.0,30.0,44.552,False,200,
1787722269.0294044,serverless,30.0,30.0,37.347,False,200,
1787722269.0627377,serverless,30.0,30.0,48.579,False,200,
1787722269.096071,serverless,30.0,30.0,51.412,False,200,
1787722269.1294043,serverless,30.0,30.0,55.81,False,200,
1787722269.1627376,serverless,30.0,30.0,53.107,False,200,
1787722269.196071,serverless,30.0,30.0,58.835,False,200,
1787722269.2294042,serverless,30.0,30.0,54.807,False,200,
1787722269.2627378,serverless,30.0,30.0,59.64,False,200,
1787722269.296071,serverless,30.0,30.0,45.245,False,200,
1787722269.3294044,serverless,30.0,30.0,62.775,False,200,
1787722269.3627377,serverless,30.0,30.0,58.523,False,200,
1787722269.396071,serverless,30.0,30.0,46.8,False,200,
1787722269.4294043,serverless,30.0,30.0,46.747,False,200,
1787722269.4627376,serverless,30.0,30.0,38.677,False,200,
1787722269.4960709,serverless,30.0,30.0,58.434,False,200,
1787722269.5294044,serverless,30.0,30.0,45.673,False,200,
1787722269.5627377,serverless,30.0,30.0,38.022,False,200,
1787722269.596071,serverless,30.0,30.0,49.925,False,200,
1787722269.6294043,serverless,30.0,30.0,62.49,False,200,
1787722269.6627376,serverless,30.0,30.0,46.471,False,200,
1787722269.696071,serverless,30.0,30.0,40.193,False,200,
1787722269.7294042,serverless,30.0,30.0,33.227,False,200,
1787722269.7627378,serverless,30.0,30.0,43.878,False,200,
1787722269.796071,serverless,30.0,30.0,71.774,False,200,
1787722269.8294044,serverless,30.0,30.0,46.134,False,200,
1787722269.8627377,serverless,30.0,30.0,42.335,False,200,
1787722269.896071,serverless,30.0,30.0,54.313,False,200,
1787722269.9294043,serverless,30.0,30.0,35.322,False,200,
1787722269.9627376,serverless,30.0,30.0,49.686,False,200,
1787722269.9960709,serverless,30.0,30.0,55.97,False,200,
1787722270.0294044,serverless,30.0,30.0,54.229,False,200,
1787722270.0627377,serverless,30.0,30.0,52.083,False,200,
1787722270.096071,serverless,30.0,30.0,42.057,False,200,
1787722270.1294043,serverless,30.0,30.0,54.18,False,200,
1787722270.1627376,serverless,30.0,30.0,54.048,False,200,
1787722270.196071,serverless,30.0,30.0,45.339,False,200,
1787722270.2294042,serverless,30.0,30.0,54.111,False,200,
1787722270.2627378,serverless,30.0,30.0,44.586,False,200,
1787722270.296071,serverless,30.0,30.0,62.728,False,200,
1787722270.3294044,serverless,30.0,30.0,56.312,False,200,
1787722270.3627377,serverless,30.0,30.0,73.346,False,200,
1787722270.396071,serverless,30.0,30.0,80.184,False,200,
1787722270.4294043,serverless,30.0,30.0,41.109,False,200,
1787722270.4627376,serverless,30.0,30.0,56.571,False,200,
1787722270.4960709,serverless,30.0,30.0,52.318,False,200,
1787722270.5294044,serverless,30.0,30.0,50.056,False,200,
1787722270.5627377,serverless,30.0,30.0,52.87,False,200,
1787722270.596071,serverless,30.0,30.0,38.589,False,200,
1787722270.6294043,serverless,30.0,30.0,42.034,False,200,
1787722270.6627376,serverless,30.0,30.0,49.421,False,200,
1787722270.696071,serverless,30.0,30.0,44.338,False,200,
1787722270.7294042,serverless,30.0,30.0,52.099,False,200,
1787722270.7627378,serverless,30.0,30.0,70.132,False,200,
1787722270.796071,serverless,30.0,30.0,52.629,False,200,
1787722270.8294044,serverless,30.0,30.0,58.058,False,200,
1787722270.8627377,serverless,30.0,30.0,65.038,False,200,
1787722270.896071,serverless,30.0,30.0,56.186,False,200,
1787722270.9294043,serverless,30.0,30.0,63.568,False,200,
1787722270.9627376,serverless,30.0,30.0,42.838,False,200,
1787722270.9960709,serverless,30.0,30.0,65.333,False,200,
1787722271.0294044,serverless,30.0,30.0,41.177,False,200,
1787722271.0627377,serverless,30.0,30.0,57.783,False,200,
1787722271.096071,serverless,30.0,30.0,47.13,False,200,
1787722271.1294043,serverless,30.0,30.0,51.698,False,200,
1787722271.1627376,serverless,30.0,30.0,66.164,False,200,
1787722271.196071,serverless,30.0,30.0,72.072,False,200,
1787722271.2294042,serverless,30.0,30.0,43.022,False,200,
1787722271.2627378,serverless,30.0,30.0,46.092,False,200,
1787722271.296071,serverless,30.0,30.0,51.525,False,200,
1787722271.3294044,serverless,30.0,30.0,43.64,False,200,
1787722271.3627377,serverless,30.0,30.0,57.347,False,200,
1787722271.396071,serverless,30.0,30.0,53.622,False,200,
1787722271.4294043,serverless,30.0,30.0,48.121,False,200,
1787722271.4627376,serverless,30.0,30.0,44.986,False,200,
1787722271.4960709,serverless,30.0,30.0,58.272,False,200,
1787722271.5294044,serverless,30.0,30.0,37.402,False,200,
1787722271.5627377,serverless,30.0,30.0,64.428,False,200,
1787722271.596071,serverless,30.0,30.0,61.54,False,200,
1787722271.6294043,serverless,30.0,30.0,45.205,False,200,
1787722271.6627376,serverless,30.0,30.0,65.284,False,200,
1787722271.696071,serverless,30.0,30.0,51.926,False,200,
1787722271.7294042,serverless,30.0,30.0,46.215,False,200,
1787722271.7627378,serverless,30.0,30.0,45.64,False,200,
1787722271.796071,serverless,30.0,30.0,60.607,False,200,
1787722271.8294044,serverless,30.0,30.0,75.243,False,200,
1787722271.8627377,serverless,30.0,30.0,37.539,False,200,
1787722271.896071,serverless,30.0,30.0,45.811,False,200,
1787722271.9294043,serverless,30.0,30.0,49.072,False,200,
1787722271.9627376,serverless,30.0,30.0,44.209,False,200,
1787722271.9960709,serverless,30.0,30.0,47.614,False,200,
1787722272.0294044,serverless,30.0,30.0,38.287,False,200,
1787722272.0627377,serverless,30.0,30.0,40.864,False,200,
1787722272.096071,serverless,30.0,30.0,38.931,False,200,
1787722272.1294043,serverless,30.0,30.0,48.078,False,200,
1787722272.1627376,serverless,30.0,30.0,59.713,False,200,
1787722272.196071,serverless,30.0,30.0,90.997,False,200,
1787722272.2294042,serverless,30.0,30.0,77.479,False,200,
1787722272.2627378,serverless,30.0,30.0,55.486,False,200,
1787722272.296071,serverless,30.0,30.0,48.996,False,200,
1787722272.3294044,serverless,30.0,30.0,37.552,False,200,
1787722272.3627377,serverless,30.0,30.0,41.281,False,200,
1787722272.396071,serverless,30.0,30.0,43.414,False,200,
1787722272.4294043,serverless,30.0,30.0,35.512,False,200,
1787722272.4627376,serverless,30.0,30.0,33.046,False,200,
1787722272.4960709,serverless,30.0,30.0,43.441,False,200,
1787722272.5294044,serverless,30.0,30.0,39.433,False,200,
1787722272.5627377,serverless,30.0,30.0,47.687,False,200,
1787722272.596071,serverless,30.0,30.0,43.876,False,200,
1787722272.6294043,serverless,30.0,30.0,48.024,False,200,
1787722272.6627376,serverless,30.0,30.0,52.457,False,200,
1787722272.696071,serverless,30.0,30.0,50.809,False,200,
1787722272.7294042,serverless,30.0,30.0,45.471,False,200,
1787722272.7627378,serverless,30.0,30.0,41.676,False,200,
1787722272.796071,serverless,30.0,30.0,55.34,False,200,
1787722272.8294044,serverless,30.0,30.0,1116.669,True,200,
1787722272.8627377,serverless,30.0,30.0,42.073,False,200,
1787722272.896071,serverless,30.0,30.0,39.638,False,200,
1787722272.9294043,serverless,30.0,30.0,78.392,False,200,
1787722272.9627376,serverless,30.0,30.0,55.467,False,200,
1787722272.9960709,serverless,30.0,30.0,52.866,False,200,
1787722273.0294044,serverless,30.0,30.0,43.53,False,200,
1787722273.0627377,serverless,30.0,30.0,52.85,False,200,
1787722273.096071,serverless,30.0,30.0,47.995,False,200,
1787722273.1294043,serverless,30.0,30.0,61.789,False,200,
1787722273.1627376,serverless,30.0,30.0,58.468,False,200,
1787722273.196071,serverless,30.0,30.0,33.785,False,200,
1787722273.2294042,serverless,30.0,30.0,57.128,False,200,
1787722273.2627378,serverless,30.0,30.0,56.265,False,200,
1787722273.296071,serverless,30.0,30.0,55.094,False,200,
1787722273.3294044,serverless,30.0,30.0,46.407,False,200,
1787722273.3627377,serverless,30.0,30.0,55.042,False,200,
1787722273.396071,serverless,30.0,30.0,70.81,False,200,
1787722273.4294043,serverless,30.0,30.0,53.516,False,200,
1787722273.4627376,serverless,30.0,30.0,35.616,False,200,
1787722273.4960709,serverless,30.0,30.0,36.588,False,200,
1787722273.5294044,serverless,30.0,30.0,55.582,False,200,
1787722273.5627377,serverless,30.0,30.0,48.195,False,200,
1787722273.596071,serverless,30.0,30.0,51.23,False,200,
1787722273.6294043,serverless,30.0,30.0,49.471,False,200,
1787722273.6627376,serverless,30.0,30.0,45.755,False,200,
1787722273.696071,serverless,30.0,30.0,44.29,False,200,
1787722273.7294042,serverless,30.0,30.0,72.613,False,200,
1787722273.7627378,serverless,30.0,30.0,48.993,False,200,
1787722273.796071,serverless,30.0,30.0,46.167,False,200,
1787722273.8294044,serverless,30.0,30.0,66.129,False,200,
1787722273.8627377,serverless,30.0,30.0,61.422,False,200,
1787722273.896071,serverless,30.0,30.0,53.082,False,200,
1787722273.9294043,serverless,30.0,30.0,42.826,False,200,
1787722273.9627376,serverless,30.0,30.0,37.031,False,200,
1787722273.9960709,serverless,30.0,30.0,50.943,False,200,
1787722274.0294044,serverless,30.0,30.0,39.598,False,200,
1787722274.0627377,serverless,30.0,30.0,54.125,False,200,
1787722274.096071,serverless,30.0,30.0,72.233,False,200,
1787722274.1294043,serverless,30.0,30.0,75.405,False,200,
1787722274.1627376,serverless,30.0,30.0,59.331,False,200,
1787722274.196071,serverless,30.0,30.0,959.437,True,200,
1787722274.2294042,serverless,30.0,30.0,54.37,False,200,
1787722274.2627378,serverless,30.0,30.0,65.156,False,200,
1787722274.296071,serverless,30.0,30.0,55.912,False,200,
1787722274.3294044,serverless,30.0,30.0,47.07,False,200,
1787722274.3627377,serverless,30.0,30.0,46.133,False,200,
1787722274.396071,serverless,30.0,30.0,59.597,False,200,
1787722274.4294043,serverless,30.0,30.0,70.947,False,200,
1787722274.4627376,serverless,30.0,30.0,49.519,False,200,
1787722274.4960709,serverless,30.0,30.0,56.796,False,200,
1787722274.5294044,serverless,30.0,30.0,31.925,False,200,
1787722274.5627377,serverless,30.0,30.0,47.642,False,200,
1787722274.596071,serverless,30.0,30.0,35.702,False,200,
1787722274.6294043,serverless,30.0,30.0,40.992,False,200,
1787722274.6627376,serverless,30.0,30.0,67.793,False,200,
1787722274.696071,serverless,30.0,30.0,44.124,False,200,
1787722274.7294042,serverless,30.0,30.0,37.559,False,200,
1787722274.7627378,serverless,30.0,30.0,52.605,False,200,
1787722274.796071,serverless,30.0,30.0,46.987,False,200,
1787722274.8294044,serverless,30.0,30.0,49.47,False,200,
1787722274.8627377,serverless,30.0,30.0,48.955,False,200,
1787722274.896071,serverless,30.0,30.0,55.223,False,200,
1787722274.9294043,serverless,30.0,30.0,40.839,False,200,
1787722274.9627376,serverless,30.0,30.0,69.147,False,200,
1787722274.9960709,serverless,30.0,30.0,42.7,False,200,
1787722275.0294044,serverless,30.0,30.0,61.633,False,200,
1787722275.0627377,serverless,30.0,30.0,53.381,False,200,
1787722275.096071,serverless,30.0,30.0,48.299,False,200,
1787722275.1294043,serverless,30.0,30.0,63.387,False,200,
1787722275.1627376,serverless,30.0,30.0,36.714,False,200,
1787722275.196071,serverless,30.0,30.0,39.112,False,200,
1787722275.2294042,serverless,30.0,30.0,50.798,False,200,
1787722275.2627378,serverless,30.0,30.0,44.513,False,200,
1787722275.296071,serverless,30.0,30.0,37.663,False,200,
1787722275.3294044,serverless,30.0,30.0,52.881,False,200,
1787722275.3627377,serverless,30.0,30.0,44.48,False,200,
1787722275.396071,serverless,30.0,30.0,84.44,False,200,
1787722275.4294043,serverless,30.0,30.0,39.325,False,200,
1787722275.4627376,serverless,30.0,30.0,1225.282,True,200,
1787722275.4960709,serverless,30.0,30.0,62.221,False,200,
1787722275.5294044,serverless,30.0,30.0,49.473,False,200,
1787722275.5627377,serverless,30.0,30.0,39.928,False,200,
1787722275.596071,serverless,30.0,30.0,47.143,False,200,
1787722275.6294043,serverless,30.0,30.0,43.642,False,200,
1787722275.6627376,serverless,30.0,30.0,63.527,False,200,
1787722275.696071,serverless,30.0,30.0,64.483,False,200,
1787722275.7294042,serverless,30.0,30.0,66.578,False,200,
1787722275.7627378,serverless,30.0,30.0,63.114,False,200,
1787722275.796071,serverless,30.0,30.0,43.192,False,200,
1787722275.8294044,serverless,30.0,30.0,65.559,False,200,
1787722275.8627377,serverless,30.0,30.0,79.118,False,200,
1787722275.896071,serverless,30.0,30.0,41.96,False,200,
1787722275.9294043,serverless,30.0,30.0,51.803,False,200,
1787722275.9627376,serverless,30.0,30.0,35.168,False,200,
1787722275.9960709,serverless,30.0,30.0,56.16,False,200,
1787722276.0294044,serverless,30.0,30.0,53.985,False,200,
1787722276.0627377,serverless,30.0,30.0,46.518,False,200,
1787722276.096071,serverless,30.0,30.0,34.486,False,200,
1787722276.1294043,serverless,30.0,30.0,49.713,False,200,
1787722276.1627376,serverless,30.0,30.0,55.132,False,200,
1787722276.196071,serverless,30.0,30.0,49.51,False,200,
1787722276.2294042,serverless,30.0,30.0,63.507,False,200,
1787722276.2627378,serverless,30.0,30.0,46.264,False,200,
1787722276.296071,serverless,30.0,30.0,43.742,False,200,
1787722276.3294044,serverless,30.0,30.0,53.926,False,200,
1787722276.3627377,serverless,30.0,30.0,51.973,False,200,
1787722276.396071,serverless,30.0,30.0,53.016,False,200,
1787722276.4294043,serverless,30.0,30.0,56.121,False,200,
1787722276.4627376,serverless,30.0,30.0,68.396,False,200,
1787722276.4960709,serverless,30.0,30.0,52.701,False,200,
1787722276.5294044,serverless,30.0,30.0,44.824,False,200,
1787722276.5627377,serverless,30.0,30.0,49.974,False,200,
1787722276.596071,serverless,30.0,30.0,43.474,False,200,
1787722276.6294043,serverless,30.0,30.0,57.787,False,200,
1787722276.6627376,serverless,30.0,30.0,57.659,False,200,
1787722276.696071,serverless,30.0,30.0,51.169,False,200,
1787722276.7294042,serverless,30.0,30.0,41.614,False,200,
1787722276.7627378,serverless,30.0,30.0,42.436,False,200,
1787722276.796071,serverless,30.0,30.0,49.266,False,200,
1787722276.8294044,serverless,30.0,30.0,35.09,False,200,
1787722276.8627377,serverless,30.0,30.0,64.371,False,200,
1787722276.896071,serverless,30.0,30.0,36.278,False,200,
1787722276.9294043,serverless,30.0,30.0,62.275,False,200,
1787722276.9627376,serverless,30.0,30.0,48.737,False,200,
1787722276.9960709,serverless,30.0,30.0,50.447,False,200,
1787722277.0294044,serverless,30.0,30.0,66.295,False,200,
1787722277.0627377,serverless,30.0,30.0,49.281,False,200,
1787722277.096071,serverless,30.0,30.0,48.855,False,200,
1787722277.1294043,serverless,30.0,30.0,56.121,False,200,
1787722277.1627376,serverless,30.0,30.0,56.171,False,200,
1787722277.196071,serverless,30.0,30.0,50.542,False,200,
1787722277.2294042,serverless,30.0,30.0,50.017,False,200,
1787722277.2627378,serverless,30.0,30.0,55.428,False,200,
1787722277.296071,serverless,30.0,30.0,59.9,False,200,
1787722277.3294044,serverless,30.0,30.0,49.009,False,200,
1787722277.3627377,serverless,30.0,30.0,46.047,False,200,
1787722277.396071,serverless,30.0,30.0,57.83,False,200,
1787722277.4294043,serverless,30.0,30.0,48.25,False,200,
1787722277.4627376,serverless,30.0,30.0,45.574,False,200,
1787722277.4960709,serverless,30.0,30.0,42.592,False,200,
1787722277.5294044,serverless,30.0,30.0,52.726,False,200,
1787722277.5627377,serverless,30.0,30.0,44.941,False,200,
1787722277.596071,serverless,30.0,30.0,38.104,False,200,
1787722277.6294043,serverless,30.0,30.0,49.984,False,200,
1787722277.6627376,serverless,30.0,30.0,44.91,False,200,
1787722277.696071,serverless,30.0,30.0,1615.195,True,200,
1787722277.7294042,serverless,30.0,30.0,78.237,False,200,
1787722277.7627378,serverless,30.0,30.0,39.977,False,200,
1787722277.796071,serverless,30.0,30.0,50.688,False,200,
1787722277.8294044,serverless,30.0,30.0,37.086,False,200,
1787722277.8627377,serverless,30.0,30.0,74.135,False,200,
1787722277.896071,serverless,30.0,30.0,58.4,False,200,
1787722277.9294043,serverless,30.0,30.0,46.018,False,200,
1787722277.9627376,serverless,30.0,30.0,41.696,False,200,
1787722277.9960709,serverless,30.0,30.0,78.263,False,200,
1787722278.0294044,serverless,30.0,30.0,47.055,False,200,
1787722278.0627377,serverless,30.0,30.0,38.877,False,200,
1787722278.096071,serverless,30.0,30.0,39.097,False,200,
1787722278.1294043,serverless,30.0,30.0,47.955,False,200,
1787722278.1627376,serverless,30.0,30.0,45.305,False,200,
1787722278.196071,serverless,30.0,30.0,38.714,False,200,
1787722278.2294042,serverless,30.0,30.0,39.236,False,200,
1787722278.2627378,serverless,30.0,30.0,38.195,False,200,
1787722278.296071,serverless,30.0,30.0,58.561,False,200,
1787722278.3294044,serverless,30.0,30.0,50.978,False,200,
1787722278.3627377,serverless,30.0,30.0,51.547,False,200,
1787722278.396071,serverless,30.0,30.0,49.347,False,200,
1787722278.4294043,serverless,30.0,30.0,54.75,False,200,
1787722278.4627376,serverless,30.0,30.0,56.485,False,200,
1787722278.4960709,serverless,30.0,30.0,57.094,False,200,
1787722278.5294044,serverless,30.0,30.0,38.823,False,200,
1787722278.5627377,serverless,30.0,30.0,46.079,False,200,
1787722278.596071,serverless,30.0,30.0,39.598,False,200,
1787722278.6294043,serverless,30.0,30.0,51.619,False,200,
1787722278.6627376,serverless,30.0,30.0,46.001,False,200,
1787722278.696071,serverless,30.0,30.0,48.021,False,200,
1787722278.7294042,serverless,30.0,30.0,43.756,False,200,
1787722278.7627378,serverless,30.0,30.0,54.917,False,200,
1787722278.796071,serverless,30.0,30.0,42.728,False,200,
1787722278.8294044,serverless,30.0,30.0,1883.447,True,200,
1787722278.8627377,serverless,30.0,30.0,46.733,False,200,
1787722278.896071,serverless,30.0,30.0,57.704,False,200,
1787722278.9294043,serverless,30.0,30.0,48.422,False,200,
1787722278.9627376,serverless,30.0,30.0,35.113,False,200,
1787722278.9960709,serverless,30.0,30.0,63.157,False,200,
1787722279.0294044,serverless,30.0,30.0,54.541,False,200,
1787722279.0627377,serverless,30.0,30.0,55.265,False,200,
1787722279.096071,serverless,30.0,30.0,40.205,False,200,
1787722279.1294043,serverless,30.0,30.0,37.455,False,200,
1787722279.1627376,serverless,30.0,30.0,48.837,False,200,
1787722279.196071,serverless,30.0,30.0,52.327,False,200,
1787722279.2294042,serverless,30.0,30.0,72.625,False,200,
1787722279.2627378,serverless,30.0,30.0,44.219,False,200,
1787722279.296071,serverless,30.0,30.0,46.004,False,200,
1787722279.3294044,serverless,30.0,30.0,42.776,False,200,
1787722279.3627377,serverless,30.0,30.0,40.257,False,200,
1787722279.396071,serverless,30.0,30.0,60.39,False,200,
1787722279.4294043,serverless,30.0,30.0,45.834,False,200,
1787722279.4627376,serverless,30.0,30.0,46.386,False,200,
1787722279.4960709,serverless,30.0,30.0,56.128,False,200,
1787722279.5294044,serverless,30.0,30.0,51.694,False,200,
1787722279.5627377,serverless,30.0,30.0,49.293,False,200,
1787722279.596071,serverless,30.0,30.0,51.662,False,200,
1787722279.6294043,serverless,30.0,30.0,73.525,False,200,
1787722279.6627376,serverless,30.0,30.0,50.49,False,200,
1787722279.696071,serverless,30.0,30.0,56.475,False,200,
1787722279.7294042,serverless,30.0,30.0,72.116,False,200,
1787722279.7627378,serverless,30.0,30.0,51.1,False,200,
1787722279.796071,serverless,30.0,30.0,46.045,False,200,
1787722279.8294044,serverless,30.0,30.0,42.299,False,200,
1787722279.8627377,serverless,30.0,30.0,51.362,False,200,
1787722279.896071,serverless,30.0,30.0,69.851,False,200,
1787722279.9294043,serverless,30.0,30.0,44.664,False,200,
1787722279.9627376,serverless,30.0,30.0,43.026,False,200,
1787722279.9960709,serverless,30.0,30.0,38.217,False,200,
1787722280.0294044,serverless,30.0,30.0,46.566,False,200,
1787722280.0627377,serverless,30.0,30.0,45.048,False,200,
1787722280.096071,serverless,30.0,30.0,54.176,False,200,
1787722280.1294043,serverless,30.0,30.0,69.936,False,200,
1787722280.1627376,serverless,30.0,30.0,47.879,False,200,
1787722280.196071,serverless,30.0,30.0,55.299,False,200,
1787722280.2294042,serverless,30.0,30.0,60.335,False,200,
1787722280.2627378,serverless,30.0,30.0,47.325,False,200,
1787722280.296071,serverless,30.0,30.0,57.901,False,200,
1787722280.3294044,serverless,30.0,30.0,44.462,False,200,
1787722280.3627377,serverless,30.0,30.0,52.337,False,200,
1787722280.396071,serverless,30.0,30.0,54.663,False,200,
1787722280.4294043,serverless,30.0,30.0,45.543,False,200,
1787722280.4627376,serverless,30.0,30.0,41.216,False,200,
1787722280.4960709,serverless,30.0,30.0,55.397,False,200,
1787722280.5294044,serverless,30.0,30.0,54.188,False,200,
1787722280.5627377,serverless,30.0,30.0,59.475,False,200,
1787722280.596071,serverless,30.0,30.0,57.619,False,200,
1787722280.6294043,serverless,30.0,30.0,34.271,False,200,
1787722280.6627376,serverless,30.0,30.0,64.891,False,200,
1787722280.696071,serverless,30.0,30.0,49.005,False,200,
1787722280.7294042,serverless,30.0,30.0,51.301,False,200,
1787722280.7627378,serverless,30.0,30.0,48.666,False,200,
1787722280.796071,serverless,30.0,30.0,53.047,False,200,
1787722280.8294044,serverless,30.0,30.0,59.215,False,200,
1787722280.8627377,serverless,30.0,30.0,41.707,False,200,
1787722280.896071,serverless,30.0,30.0,49.661,False,200,
1787722280.9294043,serverless,30.0,30.0,43.677,False,200,
1787722280.9627376,serverless,30.0,30.0,46.343,False,200,
1787722280.9960709,serverless,30.0,30.0,56.528,False,200,
1787722281.0294044,serverless,30.0,30.0,70.034,False,200,
1787722281.0627377,serverless,30.0,30.0,42.93,False,200,
1787722281.096071,serverless,30.0,30.0,52.69,False,200,
1787722281.1294043,serverless,30.0,30.0,33.585,False,200,
1787722281.1627376,serverless,30.0,30.0,60.73,False,200,
1787722281.196071,serverless,30.0,30.0,47.06,False,200,
1787722281.2294042,serverless,30.0,30.0,48.662,False,200,
1787722281.2627378,serverless,30.0,30.0,54.179,False,200,
1787722281.296071,serverless,30.0,30.0,44.962,False,200,
1787722281.3294044,serverless,30.0,30.0,47.285,False,200,
1787722281.3627377,serverless,30.0,30.0,35.238,False,200,
1787722281.396071,serverless,30.0,30.0,48.627,False,200,
1787722281.4294043,serverless,30.0,30.0,49.359,False,200,
1787722281.4627376,serverless,30.0,30.0,33.25,False,200,
1787722281.4960709,serverless,30.0,30.0,32.883,False,200,
1787722281.5294044,serverless,30.0,30.0,36.229,False,200,
1787722281.5627377,serverless,30.0,30.0,53.794,False,200,
1787722281.596071,serverless,30.0,30.0,56.795,False,200,
1787722281.6294043,serverless,30.0,30.0,67.123,False,200,
1787722281.6627376,serverless,30.0,30.0,44.029,False,200,
1787722281.696071,serverless,30.0,30.0,62.511,False,200,
1787722281.7294042,serverless,30.0,30.0,65.465,False,200,
1787722281.7627378,serverless,30.0,30.0,34.754,False,200,
1787722281.796071,serverless,30.0,30.0,41.598,False,200,
1787722281.8294044,serverless,30.0,30.0,44.667,False,200,
1787722281.8627377,serverless,30.0,30.0,44.02,False,200,
1787722281.896071,serverless,30.0,30.0,59.816,False,200,
1787722281.9294043,serverless,30.0,30.0,40.895,False,200,
1787722281.9627376,serverless,30.0,30.0,61.643,False,200,
1787722281.9960709,serverless,30.0,30.0,49.437,False,200,
1787722282.0294044,serverless,30.0,30.0,45.928,False,200,
1787722282.0627377,serverless,30.0,30.0,48.289,False,200,
1787722282.096071,serverless,30.0,30.0,56.51,False,200,
1787722282.1294043,serverless,30.0,30.0,52.479,False,200,
1787722282.1627376,serverless,30.0,30.0,57.003,False,200,
1787722282.196071,serverless,30.0,30.0,52.926,False,200,
1787722282.2294042,serverless,30.0,30.0,46.258,False,200,
1787722282.2627378,serverless,30.0,30.0,40.714,False,200,
1787722282.296071,serverless,30.0,30.0,32.121,False,200,
1787722282.3294044,serverless,30.0,30.0,52.045,False,200,
1787722282.3627377,serverless,30.0,30.0,47.297,False,200,
1787722282.396071,serverless,30.0,30.0,41.468,False,200,
1787722282.4294043,serverless,30.0,30.0,53.078,False,200,
1787722282.4627376,serverless,30.0,30.0,32.829,False,200,
1787722282.4960709,serverless,30.0,30.0,44.756,False,200,
1787722282.5294044,serverless,30.0,30.0,38.66,False,200,
1787722282.5627377,serverless,30.0,30.0,33.731,False,200,
1787722282.596071,serverless,30.0,30.0,46.848,False,200,
1787722282.6294043,serverless,30.0,30.0,36.04,False,200,
1787722282.6627376,serverless,30.0,30.0,53.75,False,200,
1787722282.696071,serverless,30.0,30.0,72.265,False,200,
1787722282.7294042,serverless,30.0,30.0,50.522,False,200,
1787722282.7627378,serverless,30.0,30.0,44.881,False,200,
1787722282.796071,serverless,30.0,30.0,43.341,False,200,
1787722282.8294044,serverless,30.0,30.0,72.703,False,200,
1787722282.8627377,serverless,30.0,30.0,40.658,False,200,
1787722282.896071,serverless,30.0,30.0,57.035,False,200,
1787722282.9294043,serverless,30.0,30.0,42.938,False,200,
1787722282.9627376,serverless,30.0,30.0,47.186,False,200,
1787722282.9960709,serverless,30.0,30.0,34.359,False,200,
1787722283.0294044,serverless,30.0,30.0,67.424,False,200,
1787722283.0627377,serverless,30.0,30.0,44.867,False,200,
1787722283.096071,serverless,30.0,30.0,1094.787,True,200,
1787722283.1294043,serverless,30.0,30.0,48.572,False,200,
1787722283.1627376,serverless,30.0,30.0,48.583,False,200,
1787722283.196071,serverless,30.0,30.0,41.652,False,200,
1787722283.2294042,serverless,30.0,30.0,55.307,False,200,
1787722283.2627378,serverless,30.0,30.0,48.381,False,200,
1787722283.296071,serverless,30.0,30.0,51.938,False,200,
1787722283.3294044,serverless,30.0,30.0,55.021,False,200,
1787722283.3627377,serverless,30.0,30.0,44.385,False,200,
1787722283.396071,serverless,30.0,30.0,31.932,False,200,
1787722283.4294043,serverless,30.0,30.0,54.495,False,200,
1787722283.4627376,serverless,30.0,30.0,61.596,False,200,
1787722283.4960709,serverless,30.0,30.0,49.766,False,200,
1787722283.5294044,serverless,30.0,30.0,45.726,False,200,
1787722283.5627377,serverless,30.0,30.0,45.454,False,200,
1787722283.596071,serverless,30.0,30.0,41.494,False,200,
1787722283.6294043,serverless,30.0,30.0,79.149,False,200,
1787722283.6627376,serverless,30.0,30.0,50.264,False,200,
1787722283.696071,serverless,30.0,30.0,54.078,False,200,
1787722283.7294042,serverless,30.0,30.0,57.98,False,200,
1787722283.7627378,serverless,30.0,30.0,46.757,False,200,
1787722283.796071,serverless,30.0,30.0,50.041,False,200,
1787722283.8294044,serverless,30.0,30.0,48.369,False,200,
1787722283.8627377,serverless,30.0,30.0,39.527,False,200,
1787722283.896071,serverless,30.0,30.0,65.672,False,200,
1787722283.9294043,serverless,30.0,30.0,45.258,False,200,
1787722283.9627376,serverless,30.0,30.0,40.75,False,200,
1787722283.9960709,serverless,30.0,30.0,72.564,False,200,
1787722284.0294044,serverless,30.0,30.0,35.647,False,200,
1787722284.0627377,serverless,30.0,30.0,57.205,False,200,
1787722284.096071,serverless,30.0,30.0,43.103,False,200,
1787722284.1294043,serverless,30.0,30.0,47.186,False,200,
1787722284.1627376,serverless,30.0,30.0,47.744,False,200,
1787722284.196071,serverless,30.0,30.0,55.539,False,200,
1787722284.2294042,serverless,30.0,30.0,71.181,False,200,
1787722284.2627378,serverless,30.0,30.0,64.664,False,200,
1787722284.296071,serverless,30.0,30.0,54.227,False,200,
1787722284.3294044,serverless,30.0,30.0,48.082,False,200,
1787722284.3627377,serverless,30.0,30.0,41.342,False,200,
1787722284.396071,serverless,30.0,30.0,62.575,False,200,
1787722284.4294043,serverless,30.0,30.0,65.388,False,200,
1787722284.4627376,serverless,30.0,30.0,35.495,False,200,
1787722284.4960709,serverless,30.0,30.0,37.997,False,200,
1787722284.5294044,serverless,30.0,30.0,46.564,False,200,
1787722284.5627377,serverless,30.0,30.0,70.901,False,200,
1787722284.596071,serverless,30.0,30.0,66.701,False,200,
1787722284.6294043,serverless,30.0,30.0,36.82,False,200,
1787722284.6627376,serverless,30.0,30.0,36.858,False,200,
1787722284.696071,serverless,30.0,30.0,56.989,False,200,
1787722284.7294042,serverless,30.0,30.0,46.406,False,200,
1787722284.7627378,serverless,30.0,30.0,38.617,False,200,
1787722284.796071,serverless,30.0,30.0,40.291,False,200,
1787722284.8294044,serverless,30.0,30.0,58.364,False,200,
1787722284.8627377,serverless,30.0,30.0,51.477,False,200,
1787722284.896071,serverless,30.0,30.0,54.522,False,200,
1787722284.9294043,serverless,30.0,30.0,48.024,False,200,
1787722284.9627376,serverless,30.0,30.0,42.426,False,200,
1787722284.9960709,serverless,30.0,30.0,41.342,False,200,
1787722285.0294044,serverless,30.0,30.0,65.807,False,200,
1787722285.0627377,serverless,30.0,30.0,47.709,False,200,
1787722285.096071,serverless,30.0,30.0,48.786,False,200,
1787722285.1294043,serverless,30.0,30.0,49.848,False,200,
1787722285.1627376,serverless,30.0,30.0,62.17,False,200,
1787722285.196071,serverless,30.0,30.0,50.386,False,200,
1787722285.2294042,serverless,30.0,30.0,51.41,False,200,
1787722285.2627378,serverless,30.0,30.0,39.005,False,200,
1787722285.296071,serverless,30.0,30.0,47.997,False,200,
1787722285.3294044,serverless,30.0,30.0,47.387,False,200,
1787722285.3627377,serverless,30.0,30.0,48.722,False,200,
1787722285.396071,serverless,30.0,30.0,39.77,False,200,
1787722285.4294043,serverless,30.0,30.0,47.61,False,200,
1787722285.4627376,serverless,30.0,30.0,47.521,False,200,
1787722285.4960709,serverless,30.0,30.0,52.982,False,200,
1787722285.5294044,serverless,30.0,30.0,52.291,False,200,
1787722285.5627377,serverless,30.0,30.0,45.924,False,200,
1787722285.596071,serverless,30.0,30.0,62.367,False,200,
1787722285.6294043,serverless,30.0,30.0,58.819,False,200,
1787722285.6627376,serverless,30.0,30.0,41.28,False,200,
1787722285.696071,serverless,30.0,30.0,66.259,False,200,
1787722285.7294042,serverless,30.0,30.0,35.992,False,200,
1787722285.7627378,serverless,30.0,30.0,49.808,False,200,
1787722285.796071,serverless,30.0,30.0,55.748,False,200,
1787722285.8294044,serverless,30.0,30.0,881.273,True,200,
1787722285.8627377,serverless,30.0,30.0,45.465,False,200,
1787722285.896071,serverless,30.0,30.0,50.91,False,200,
1787722285.9294043,serverless,30.0,30.0,50.836,False,200,
1787722285.9627376,serverless,30.0,30.0,57.792,False,200,
1787722285.9960709,serverless,30.0,30.0,49.52,False,200,
1787722286.0294044,serverless,30.0,30.0,54.221,False,200,
1787722286.0627377,serverless,30.0,30.0,56.86,False,200,
1787722286.096071,serverless,30.0,30.0,41.962,False,200,
1787722286.1294043,serverless,30.0,30.0,42.54,False,200,
1787722286.1627376,serverless,30.0,30.0,47.938,False,200,
1787722286.196071,serverless,30.0,30.0,42.3,False,200,
1787722286.2294042,serverless,30.0,30.0,50.54,False,200,
1787722286.2627378,serverless,30.0,30.0,42.339,False,200,
1787722286.296071,serverless,30.0,30.0,66.964,False,200,
1787722286.3294044,serverless,30.0,30.0,48.955,False,200,
1787722286.3627377,serverless,30.0,30.0,42.569,False,200,
1787722286.396071,serverless,30.0,30.0,46.932,False,200,
1787722286.4294043,serverless,30.0,30.0,71.255,False,200,
1787722286.4627376,serverless,30.0,30.0,43.328,False,200,
1787722286.4960709,serverless,30.0,30.0,63.756,False,200,
1787722286.5294044,serverless,30.0,30.0,83.939,False,200,
1787722286.5627377,serverless,30.0,30.0,38.552,False,200,
1787722286.596071,serverless,30.0,30.0,45.26,False,200,
1787722286.6294043,serverless,30.0,30.0,48.88,False,200,
1787722286.6627376,serverless,30.0,30.0,42.725,False,200,
1787722286.696071,serverless,30.0,30.0,58.394,False,200,
1787722286.7294042,serverless,30.0,30.0,46.364,False,200,
1787722286.7627378,serverless,30.0,30.0,47.14,False,200,
1787722286.796071,serverless,30.0,30.0,71.008,False,200,
1787722286.8294044,serverless,30.0,30.0,55.884,False,200,
1787722286.8627377,serverless,30.0,30.0,53.775,False,200,
1787722286.896071,serverless,30.0,30.0,39.558,False,200,
1787722286.9294043,serverless,30.0,30.0,41.336,False,200,
1787722286.9627376,serverless,30.0,30.0,55.364,False,200,
1787722286.9960709,serverless,30.0,30.0,41.939,False,200,
1787722287.0294044,serverless,30.0,30.0,46.247,False,200,
1787722287.0627377,serverless,30.0,30.0,48.188,False,200,
1787722287.096071,serverless,30.0,30.0,57.935,False,200,
1787722287.1294043,serverless,30.0,30.0,47.148,False,200,
1787722287.1627376,serverless,30.0,30.0,38.092,False,200,
1787722287.196071,serverless,30.0,30.0,46.664,False,200,
1787722287.2294042,serverless,30.0,30.0,55.14,False,200,
1787722287.2627378,serverless,30.0,30.0,43.157,False,200,
1787722287.296071,serverless,30.0,30.0,47.092,False,200,
1787722287.3294044,serverless,30.0,30.0,41.829,False,200,
1787722287.3627377,serverless,30.0,30.0,58.68,False,200,
1787722287.396071,serverless,30.0,30.0,57.226,False,200,
1787722287.4294043,serverless,30.0,30.0,52.726,False,200,
1787722287.4627376,serverless,30.0,30.0,42.471,False,200,
1787722287.4960709,serverless,30.0,30.0,69.051,False,200,
1787722287.5294044,serverless,30.0,30.0,49.042,False,200,
1787722287.5627377,serverless,30.0,30.0,58.351,False,200,
1787722287.596071,serverless,30.0,30.0,49.109,False,200,
1787722287.6294043,serverless,30.0,30.0,48.925,False,200,
1787722287.6627376,serverless,30.0,30.0,47.217,False,200,
1787722287.696071,serverless,30.0,30.0,41.681,False,200,
1787722287.7294042,serverless,30.0,30.0,56.439,False,200,
1787722287.7627378,serverless,30.0,30.0,65.976,False,200,
1787722287.796071,serverless,30.0,30.0,55.804,False,200,
1787722287.8294044,serverless,30.0,30.0,38.348,False,200,
1787722287.8627377,serverless,30.0,30.0,51.332,False,200,
1787722287.896071,serverless,30.0,30.0,50.167,False,200,
1787722287.9294043,serverless,30.0,30.0,80.31,False,200,
1787722287.9627376,serverless,30.0,30.0,35.293,False,200,
1787722287.9960709,serverless,30.0,30.0,63.532,False,200,
1787722288.0294044,serverless,30.0,30.0,62.643,False,200,
1787722288.0627377,serverless,30.0,30.0,48.147,False,200,
1787722288.096071,serverless,30.0,30.0,52.922,False,200,
1787722288.1294043,serverless,30.0,30.0,39.175,False,200,
1787722288.1627376,serverless,30.0,30.0,59.982,False,200,
1787722288.196071,serverless,30.0,30.0,37.86,False,200,
1787722288.2294042,serverless,30.0,30.0,45.081,False,200,
1787722288.2627378,serverless,30.0,30.0,47.594,False,200,
1787722288.296071,serverless,30.0,30.0,50.059,False,200,
1787722288.3294044,serverless,30.0,30.0,52.563,False,200,
1787722288.3627377,serverless,30.0,30.0,51.25,False,200,
1787722288.396071,serverless,30.0,30.0,48.324,False,200,
1787722288.4294043,serverless,30.0,30.0,50.667,False,200,
1787722288.4627376,serverless,30.0,30.0,34.094,False,200,
1787722288.4960709,serverless,30.0,30.0,66.737,False,200,
1787722288.5294044,serverless,30.0,30.0,54.897,False,200,
1787722288.5627377,serverless,30.0,30.0,62.068,False,200,
1787722288.596071,serverless,30.0,30.0,63.395,False,200,
1787722288.6294043,serverless,30.0,30.0,42.496,False,200,
1787722288.6627376,serverless,30.0,30.0,38.652,False,200,
1787722288.696071,serverless,30.0,30.0,49.038,False,200,
1787722288.7294042,serverless,30.0,30.0,44.51,False,200,
1787722288.7627378,serverless,30.0,30.0,33.457,False,200,
1787722288.796071,serverless,30.0,30.0,49.305,False,200,
1787722288.8294044,serverless,30.0,30.0,45.337,False,200,
1787722288.8627377,serverless,30.0,30.0,48.923,False,200,
1787722288.896071,serverless,30.0,30.0,43.325,False,200,
1787722288.9294043,serverless,30.0,30.0,61.586,False,200,
1787722288.9627376,serverless,30.0,30.0,47.655,False,200,
1787722288.9960709,serverless,30.0,30.0,49.94,False,200,
1787722289.0294044,serverless,30.0,30.0,41.926,False,200,
1787722289.0627377,serverless,30.0,30.0,58.441,False,200,
1787722289.096071,serverless,30.0,30.0,49.912,False,200,
1787722289.1294043,serverless,30.0,30.0,49.567,False,200,
1787722289.1627376,serverless,30.0,30.0,55.015,False,200,
1787722289.196071,serverless,30.0,30.0,48.707,False,200,
1787722289.2294042,serverless,30.0,30.0,51.941,False,200,
1787722289.2627378,serverless,30.0,30.0,64.088,False,200,
1787722289.296071,serverless,30.0,30.0,46.384,False,200,
1787722289.3294044,serverless,30.0,30.0,64.181,False,200,
1787722289.3627377,serverless,30.0,30.0,51.531,False,200,
1787722289.396071,serverless,30.0,30.0,65.531,False,200,
1787722289.4294043,serverless,30.0,30.0,48.299,False,200,
1787722289.4627376,serverless,30.0,30.0,44.971,False,200,
1787722289.4960709,serverless,30.0,30.0,62.701,False,200,
1787722289.5294044,serverless,30.0,30.0,50.181,False,200,
1787722289.5627377,serverless,30.0,30.0,47.77,False,200,
1787722289.596071,serverless,30.0,30.0,45.57,False,200,
1787722289.6294043,serverless,30.0,30.0,66.988,False,200,
1787722289.6627376,serverless,30.0,30.0,41.911,False,200,
1787722289.696071,serverless,30.0,30.0,54.095,False,200,
1787722289.7294042,serverless,30.0,30.0,54.821,False,200,
1787722289.7627378,serverless,30.0,30.0,66.52,False,200,
1787722289.796071,serverless,30.0,30.0,56.877,False,200,
1787722289.8294044,serverless,30.0,30.0,37.628,False,200,
1787722289.8627377,serverless,30.0,30.0,47.451,False,200,
1787722289.896071,serverless,30.0,30.0,68.774,False,200,
1787722289.9294043,serverless,30.0,30.0,45.432,False,200,
1787722289.9627376,serverless,30.0,30.0,52.903,False,200,
1787722289.9960709,serverless,30.0,30.0,45.613,False,200,
1787722290.0294044,serverless,30.0,30.0,48.282,False,200,
1787722290.0627377,serverless,30.0,30.0,46.59,False,200,
1787722290.096071,serverless,30.0,30.0,44.24,False,200,
1787722290.1294043,serverless,30.0,30.0,54.665,False,200,
1787722290.1627376,serverless,30.0,30.0,43.627,False,200,
1787722290.196071,serverless,30.0,30.0,58.905,False,200,
1787722290.2294042,serverless,30.0,30.0,36.363,False,200,
1787722290.2627378,serverless,30.0,30.0,45.668,False,200,
1787722290.296071,serverless,30.0,30.0,54.29,False,200,
1787722290.3294044,serverless,30.0,30.0,37.721,False,200,
1787722290.3627377,serverless,30.0,30.0,45.279,False,200,
1787722290.396071,serverless,30.0,30.0,62.202,False,200,
1787722290.4294043,serverless,30.0,30.0,51.528,False,200,
1787722290.4627376,serverless,30.0,30.0,33.286,False,200,
1787722290.4960709,serverless,30.0,30.0,51.541,False,200,
1787722290.5294044,serverless,30.0,30.0,34.263,False,200,
1787722290.5627377,serverless,30.0,30.0,40.678,False,200,
1787722290.596071,serverless,30.0,30.0,53.474,False,200,
1787722290.6294043,serverless,30.0,30.0,61.643,False,200,
1787722290.6627376,serverless,30.0,30.0,40.453,False,200,
1787722290.696071,serverless,30.0,30.0,57.496,False,200,
1787722290.7294042,serverless,30.0,30.0,54.208,False,200,
1787722290.7627378,serverless,30.0,30.0,47.0,False,200,
1787722290.796071,serverless,30.0,30.0,54.461,False,200,
1787722290.8294044,serverless,30.0,30.0,40.906,False,200,
1787722290.8627377,serverless,30.0,30.0,68.979,False,200,
1787722290.896071,serverless,30.0,30.0,60.182,False,200,
1787722290.9294043,serverless,30.0,30.0,58.234,False,200,
1787722290.9627376,serverless,30.0,30.0,35.617,False,200,
1787722290.9960709,serverless,30.0,30.0,45.636,False,200,
1787722291.0294044,serverless,30.0,30.0,56.731,False,200,
1787722291.0627377,serverless,30.0,30.0,67.56,False,200,
1787722291.096071,serverless,30.0,30.0,58.699,False,200,
1787722291.1294043,serverless,30.0,30.0,50.0,False,200,
1787722291.1627376,serverless,30.0,30.0,56.285,False,200,
1787722291.196071,serverless,30.0,30.0,63.362,False,200,
1787722291.2294042,serverless,30.0,30.0,44.503,False,200,
1787722291.2627378,serverless,30.0,30.0,47.384,False,200,
1787722291.296071,serverless,30.0,30.0,50.021,False,200,
1787722291.3294044,serverless,30.0,30.0,42.677,False,200,
1787722291.3627377,serverless,30.0,30.0,40.696,False,200,
1787722291.396071,serverless,30.0,30.0,40.163,False,200,
1787722291.4294043,serverless,30.0,30.0,52.28,False,200,
1787722291.4627376,serverless,30.0,30.0,59.772,False,200,
1787722291.4960709,serverless,30.0,30.0,46.032,False,200,
1787722291.5294044,serverless,30.0,30.0,52.726,False,200,
1787722291.5627377,serverless,30.0,30.0,44.871,False,200,
1787722291.596071,serverless,30.0,30.0,45.143,False,200,
1787722291.6294043,serverless,30.0,30.0,49.706,False,200,
1787722291.6627376,serverless,30.0,30.0,62.582,False,200,
1787722291.696071,serverless,30.0,30.0,31.342,False,200,
1787722291.7294042,serverless,30.0,30.0,53.382,False,200,
1787722291.7627378,serverless,30.0,30.0,49.906,False,200,
1787722291.796071,serverless,30.0,30.0,37.966,False,200,
1787722291.8294044,serverless,30.0,30.0,44.04,False,200,
1787722291.8627377,serverless,30.0,30.0,59.036,False,200,
1787722291.896071,serverless,30.0,30.0,54.723,False,200,
1787722291.9294043,serverless,30.0,30.0,54.833,False,200,
1787722291.9627376,serverless,30.0,30.0,66.385,False,200,
1787722291.9960709,serverless,30.0,30.0,44.652,False,200,
1787722292.0294044,serverless,30.0,30.0,45.732,False,200,
1787722292.0627377,serverless,30.0,30.0,31.122,False,200,
1787722292.096071,serverless,30.0,30.0,49.622,False,200,
1787722292.1294043,serverless,30.0,30.0,47.943,False,200,
1787722292.1627376,serverless,30.0,30.0,50.333,False,200,
1787722292.196071,serverless,30.0,30.0,37.255,False,200,
1787722292.2294042,serverless,30.0,30.0,932.999,True,200,
1787722292.2627378,serverless,30.0,30.0,55.082,False,200,
1787722292.296071,serverless,30.0,30.0,52.012,False,200,
1787722292.3294044,serverless,30.0,30.0,57.356,False,200,
1787722292.3627377,serverless,30.0,30.0,70.23,False,200,
1787722292.396071,serverless,30.0,30.0,48.789,False,200,
1787722292.4294043,serverless,30.0,30.0,38.528,False,200,
1787722292.4627376,serverless,30.0,30.0,41.753,False,200,
1787722292.4960709,serverless,30.0,30.0,43.557,False,200,
1787722292.5294044,serverless,30.0,30.0,57.07,False,200,
1787722292.5627377,serverless,30.0,30.0,84.684,False,200,
1787722292.596071,serverless,30.0,30.0,61.88,False,200,
1787722292.6294043,serverless,30.0,30.0,40.998,False,200,
1787722292.6627376,serverless,30.0,30.0,42.908,False,200,
1787722292.696071,serverless,30.0,30.0,37.218,False,200,
1787722292.7294042,serverless,30.0,30.0,67.577,False,200,
1787722292.7627378,serverless,30.0,30.0,40.823,False,200,
1787722292.796071,serverless,30.0,30.0,51.667,False,200,
1787722292.8294044,serverless,30.0,30.0,43.66,False,200,
1787722292.8627377,serverless,30.0,30.0,49.615,False,200,
1787722292.896071,serverless,30.0,30.0,50.176,False,200,
1787722292.9294043,serverless,30.0,30.0,46.353,False,200,
1787722292.9627376,serverless,30.0,30.0,43.835,False,200,
1787722292.9960709,serverless,30.0,30.0,55.354,False,200,
1787722293.0294044,serverless,30.0,30.0,59.06,False,200,
1787722293.0627377,serverless,30.0,30.0,40.301,False,200,
1787722293.096071,serverless,30.0,30.0,56.654,False,200,
1787722293.1294043,serverless,30.0,30.0,63.347,False,200,
1787722293.1627376,serverless,30.0,30.0,55.725,False,200,
1787722293.196071,serverless,30.0,30.0,49.928,False,200,
1787722293.2294042,serverless,30.0,30.0,53.775,False,200,
1787722293.2627378,serverless,30.0,30.0,53.03,False,200,
1787722293.296071,serverless,30.0,30.0,44.197,False,200,
1787722293.3294044,serverless,30.0,30.0,48.554,False,200,
1787722293.3627377,serverless,30.0,30.0,45.582,False,200,
1787722293.396071,serverless,30.0,30.0,65.936,False,200,
1787722293.4294043,serverless,30.0,30.0,52.421,False,200,
1787722293.4627376,serverless,30.0,30.0,54.887,False,200,
1787722293.4960709,serverless,30.0,30.0,54.178,False,200,
1787722293.5294044,serverless,30.0,30.0,44.32,False,200,
1787722293.5627377,serverless,30.0,30.0,36.967,False,200,
1787722293.596071,serverless,30.0,30.0,963.37,True,200,
1787722293.6294043,serverless,30.0,30.0,54.622,False,200,
1787722293.6627376,serverless,30.0,30.0,41.917,False,200,
1787722293.696071,serverless,30.0,30.0,49.886,False,200,
1787722293.7294042,serverless,30.0,30.0,38.087,False,200,
1787722293.7627378,serverless,30.0,30.0,47.894,False,200,
1787722293.796071,serverless,30.0,30.0,57.531,False,200,
1787722293.8294044,serverless,30.0,30.0,52.228,False,200,
1787722293.8627377,serverless,30.0,30.0,43.391,False,200,
1787722293.896071,serverless,30.0,30.0,42.466,False,200,
1787722293.9294043,serverless,30.0,30.0,51.458,False,200,
1787722293.9627376,serverless,30.0,30.0,42.218,False,200,
1787722293.9960709,serverless,30.0,30.0,60.825,False,200,
1787722294.0294044,serverless,30.0,30.0,49.062,False,200,
1787722294.0627377,serverless,30.0,30.0,44.452,False,200,
1787722294.096071,serverless,30.0,30.0,43.246,False,200,
1787722294.1294043,serverless,30.0,30.0,50.032,False,200,
1787722294.1627376,serverless,30.0,30.0,58.522,False,200,
1787722294.196071,serverless,30.0,30.0,50.15,False,200,
1787722294.2294042,serverless,30.0,30.0,56.782,False,200,
1787722294.2627378,serverless,30.0,30.0,61.941,False,200,
1787722294.296071,serverless,30.0,30.0,65.124,False,200,
1787722294.3294044,serverless,30.0,30.0,60.427,False,200,
1787722294.3627377,serverless,30.0,30.0,52.885,False,200,
1787722294.396071,serverless,30.0,30.0,47.271,False,200,
1787722294.4294043,serverless,30.0,30.0,60.929,False,200,
1787722294.4627376,serverless,30.0,30.0,41.448,False,200,
1787722294.4960709,serverless,30.0,30.0,39.514,False,200,
1787722294.5294044,serverless,30.0,30.0,42.579,False,200,
1787722294.5627377,serverless,30.0,30.0,48.651,False,200,
1787722294.596071,serverless,30.0,30.0,64.28,False,200,
1787722294.6294043,serverless,30.0,30.0,55.46,False,200,
1787722294.6627376,serverless,30.0,30.0,58.941,False,200,
1787722294.696071,serverless,30.0,30.0,42.424,False,200,
1787722294.7294042,serverless,30.0,30.0,54.44,False,200,
1787722294.7627378,serverless,30.0,30.0,40.677,False,200,
1787722294.796071,serverless,30.0,30.0,48.292,False,200,
1787722294.8294044,serverless,30.0,30.0,55.231,False,200,
1787722294.8627377,serverless,30.0,30.0,50.081,False,200,
1787722294.896071,serverless,30.0,30.0,41.901,False,200,
1787722294.9294043,serverless,30.0,30.0,64.872,False,200,
1787722294.9627376,serverless,30.0,30.0,44.385,False,200,
1787722294.9960709,serverless,30.0,30.0,49.716,False,200,
1787722295.0294044,serverless,30.0,30.0,27.991,False,200,
1787722295.0627377,serverless,30.0,30.0,72.621,False,200,
1787722295.096071,serverless,30.0,30.0,58.527,False,200,
1787722295.1294043,serverless,30.0,30.0,53.596,False,200,
1787722295.1627376,serverless,30.0,30.0,34.416,False,200,
1787722295.196071,serverless,30.0,30.0,43.93,False,200,
1787722295.2294042,serverless,30.0,30.0,43.366,False,200,
1787722295.2627378,serverless,30.0,30.0,54.465,False,200,
1787722295.296071,serverless,30.0,30.0,60.723,False,200,
1787722295.3294044,serverless,30.0,30.0,50.816,False,200,
1787722295.3627377,serverless,30.0,30.0,48.444,False,200,
1787722295.396071,serverless,30.0,30.0,49.36,False,200,
1787722295.4294043,serverless,30.0,30.0,48.816,False,200,
1787722295.4627376,serverless,30.0,30.0,54.513,False,200,
1787722295.4960709,serverless,30.0,30.0,59.583,False,200,
1787722295.5294044,serverless,30.0,30.0,35.743,False,200,
1787722295.5627377,serverless,30.0,30.0,28.612,False,200,
1787722295.596071,serverless,30.0,30.0,47.839,False,200,
1787722295.6294043,serverless,30.0,30.0,58.248,False,200,
1787722295.6627376,serverless,30.0,30.0,68.581,False,200,
1787722295.696071,serverless,30.0,30.0,48.152,False,200,
1787722295.7294042,serverless,30.0,30.0,42.965,False,200,
1787722295.7627378,serverless,30.0,30.0,48.063,False,200,
1787722295.796071,serverless,30.0,30.0,65.43,False,200,
1787722295.8294044,serverless,30.0,30.0,55.412,False,200,
1787722295.8627377,serverless,30.0,30.0,29.785,False,200,
1787722295.896071,serverless,30.0,30.0,47.725,False,200,
1787722295.9294043,serverless,30.0,30.0,66.01,False,200,
1787722295.9627376,serverless,30.0,30.0,59.927,False,200,
1787722295.9960709,serverless,30.0,30.0,54.18,False,200,
1787722296.0294044,serverless,30.0,30.0,49.776,False,200,
1787722296.0627377,serverless,30.0,30.0,45.437,False,200,
1787722296.096071,serverless,30.0,30.0,50.416,False,200,
1787722296.1294043,serverless,30.0,30.0,55.611,False,200,
1787722296.1627376,serverless,30.0,30.0,52.032,False,200,
1787722296.196071,serverless,30.0,30.0,45.819,False,200,
1787722296.2294042,serverless,30.0,30.0,64.688,False,200,
1787722296.2627378,serverless,30.0,30.0,43.257,False,200,
1787722296.296071,serverless,30.0,30.0,43.129,False,200,
1787722296.3294044,serverless,30.0,30.0,52.392,False,200,
1787722296.3627377,serverless,30.0,30.0,65.122,False,200,
1787722296.396071,serverless,30.0,30.0,41.817,False,200,
1787722296.4294043,serverless,30.0,30.0,46.029,False,200,
1787722296.4627376,serverless,30.0,30.0,36.705,False,200,
1787722296.4960709,serverless,30.0,30.0,43.259,False,200,
1787722296.5294044,serverless,30.0,30.0,67.616,False,200,
1787722296.5627377,serverless,30.0,30.0,62.7,False,200,
1787722296.596071,serverless,30.0,30.0,60.583,False,200,
1787722296.6294043,serverless,30.0,30.0,40.357,False,200,
1787722296.6627376,serverless,30.0,30.0,41.456,False,200,
1787722296.696071,serverless,30.0,30.0,60.706,False,200,
1787722296.7294042,serverless,30.0,30.0,50.996,False,200,
1787722296.7627378,serverless,30.0,30.0,43.956,False,200,
1787722296.796071,serverless,30.0,30.0,41.51,False,200,
1787722296.8294044,serverless,30.0,30.0,49.297,False,200,
1787722296.8627377,serverless,30.0,30.0,75.049,False,200,
1787722296.896071,serverless,30.0,30.0,60.174,False,200,
1787722296.9294043,serverless,30.0,30.0,42.769,False,200,
1787722296.9627376,serverless,30.0,30.0,68.784,False,200,
1787722296.9960709,serverless,30.0,30.0,49.954,False,200,
1787722297.0294044,serverless,30.0,30.0,49.826,False,200,
1787722297.0627377,serverless,30.0,30.0,58.33,False,200,
1787722297.096071,serverless,30.0,30.0,44.02,False,200,
1787722297.1294043,serverless,30.0,30.0,68.654,False,200,
1787722297.1627376,serverless,30.0,30.0,45.878,False,200,
1787722297.196071,serverless,30.0,30.0,45.691,False,200,
1787722297.2294042,serverless,30.0,30.0,1159.852,True,200,
1787722297.2627378,serverless,30.0,30.0,72.203,False,200,
1787722297.296071,serverless,30.0,30.0,55.285,False,200,
1787722297.3294044,serverless,30.0,30.0,48.147,False,200,
1787722297.3627377,serverless,30.0,30.0,59.942,False,200,
1787722297.396071,serverless,30.0,30.0,50.907,False,200,
1787722297.4294043,serverless,30.0,30.0,75.35,False,200,
1787722297.4627376,serverless,30.0,30.0,67.763,False,200,
1787722297.4960709,serverless,30.0,30.0,54.62,False,200,
1787722297.5294044,serverless,30.0,30.0,47.405,False,200,
1787722297.5627377,serverless,30.0,30.0,57.722,False,200,
1787722297.596071,serverless,30.0,30.0,57.895,False,200,
1787722297.6294043,serverless,30.0,30.0,42.227,False,200,
1787722297.6627376,serverless,30.0,30.0,59.427,False,200,
1787722297.696071,serverless,30.0,30.0,51.57,False,200,
1787722297.7294042,serverless,30.0,30.0,51.639,False,200,
1787722297.7627378,serverless,30.0,30.0,31.798,False,200,
1787722297.796071,serverless,30.0,30.0,45.957,False,200,
1787722297.8294044,serverless,30.0,30.0,48.28,False,200,
1787722297.8627377,serverless,30.0,30.0,37.785,False,200,
1787722297.896071,serverless,30.0,30.0,76.979,False,200,
1787722297.9294043,serverless,30.0,30.0,65.783,False,200,
1787722297.9627376,serverless,30.0,30.0,56.322,False,200,
1787722297.9960709,serverless,30.0,30.0,31.749,False,200,
1787722298.0294044,serverless,30.0,30.0,47.974,False,200,
1787722298.0627377,serverless,30.0,30.0,39.58,False,200,
1787722298.096071,serverless,30.0,30.0,48.212,False,200,
1787722298.1294043,serverless,30.0,30.0,62.22,False,200,
1787722298.1627376,serverless,30.0,30.0,49.561,False,200,
1787722298.196071,serverless,30.0,30.0,42.362,False,200,
1787722298.2294042,serverless,30.0,30.0,54.1,False,200,
1787722298.2627378,serverless,30.0,30.0,48.622,False,200,
1787722298.296071,serverless,30.0,30.0,49.636,False,200,
1787722298.3294044,serverless,30.0,30.0,50.624,False,200,
1787722298.3627377,serverless,30.0,30.0,50.557,False,200,
1787722298.396071,serverless,30.0,30.0,55.403,False,200,
1787722298.4294043,serverless,30.0,30.0,39.677,False,200,
1787722298.4627376,serverless,30.0,30.0,30.76,False,200,
1787722298.4960709,serverless,30.0,30.0,59.342,False,200,
1787722298.5294044,serverless,30.0,30.0,61.151,False,200,
1787722298.5627377,serverless,30.0,30.0,52.849,False,200,
1787722298.596071,serverless,30.0,30.0,52.173,False,200,
1787722298.6294043,serverless,30.0,30.0,61.467,False,200,
1787722298.6627376,serverless,30.0,30.0,38.396,False,200,
1787722298.696071,serverless,30.0,30.0,53.401,False,200,
1787722298.7294042,serverless,30.0,30.0,57.791,False,200,
1787722298.7627378,serverless,30.0,30.0,43.091,False,200,
1787722298.796071,serverless,30.0,30.0,32.529,False,200,
1787722298.8294044,serverless,30.0,30.0,47.539,False,200,
1787722298.8627377,serverless,30.0,30.0,62.655,False,200,
1787722298.896071,serverless,30.0,30.0,921.986,True,200,
1787722298.9294043,serverless,30.0,30.0,63.265,False,200,
1787722298.9627376,serverless,30.0,30.0,53.324,False,200,
1787722298.9960709,serverless,30.0,30.0,49.522,False,200,
1787722299.0294044,serverless,30.0,30.0,40.375,False,200,
1787722299.0627377,serverless,30.0,30.0,45.303,False,200,
1787722299.096071,serverless,30.0,30.0,38.914,False,200,
1787722299.1294043,serverless,30.0,30.0,65.032,False,200,
1787722299.1627376,serverless,30.0,30.0,44.988,False,200,
1787722299.196071,serverless,30.0,30.0,870.541,True,200,
1787722299.2294042,serverless,30.0,30.0,40.459,False,200,
1787722299.2627378,serverless,30.0,30.0,74.554,False,200,
1787722299.296071,serverless,30.0,30.0,43.912,False,200,
1787722299.3294044,serverless,30.0,30.0,32.446,False,200,
1787722299.3627377,serverless,30.0,30.0,50.06,False,200,
1787722299.396071,serverless,30.0,30.0,47.54,False,200,
1787722299.4294043,serverless,30.0,30.0,81.969,False,200,
1787722299.4627376,serverless,30.0,30.0,50.53,False,200,
1787722299.4960709,serverless,30.0,30.0,40.471,False,200,
1787722299.5294044,serverless,30.0,30.0,56.296,False,200,
1787722299.5627377,serverless,30.0,30.0,63.857,False,200,
1787722299.596071,serverless,30.0,30.0,49.955,False,200,
1787722299.6294043,serverless,30.0,30.0,48.428,False,200,
1787722299.6627376,serverless,30.0,30.0,37.228,False,200,
1787722299.696071,serverless,30.0,30.0,48.981,False,200,
1787722299.7294042,serverless,30.0,30.0,47.982,False,200,
1787722299.7627378,serverless,30.0,30.0,55.648,False,200,
1787722299.796071,serverless,30.0,30.0,57.689,False,200,
1787722299.8294044,serverless,30.0,30.0,47.363,False,200,
1787722299.8627377,serverless,30.0,30.0,41.573,False,200,
1787722299.896071,serverless,30.0,30.0,45.717,False,200,
1787722299.9294043,serverless,30.0,30.0,63.696,False,200,
1787722299.9627376,serverless,30.0,30.0,45.436,False,200,
1787722299.9960709,serverless,30.0,30.0,40.602,False,200,
1787722300.0294044,serverless,30.0,30.0,41.173,False,200,
1787722300.0627377,serverless,30.0,30.0,36.126,False,200,
1787722300.096071,serverless,30.0,30.0,44.938,False,200,
1787722300.1294043,serverless,30.0,30.0,72.953,False,200,
1787722300.1627376,serverless,30.0,30.0,54.682,False,200,
1787722300.196071,serverless,30.0,30.0,50.24,False,200,
1787722300.2294042,serverless,30.0,30.0,48.644,False,200,
1787722300.2627378,serverless,30.0,30.0,48.556,False,200,
1787722300.296071,serverless,30.0,30.0,41.185,False,200,
1787722300.3294044,serverless,30.0,30.0,55.078,False,200,
1787722300.3627377,serverless,30.0,30.0,50.207,False,200,
1787722300.396071,serverless,30.0,30.0,55.563,False,200,
1787722300.4294043,serverless,30.0,30.0,49.642,False,200,
1787722300.4627376,serverless,30.0,30.0,1874.551,True,200,
1787722300.4960709,serverless,30.0,30.0,46.921,False,200,
1787722300.5294044,serverless,30.0,30.0,50.941,False,200,
1787722300.5627377,serverless,30.0,30.0,67.541,False,200,
1787722300.596071,serverless,30.0,30.0,42.326,False,200,
1787722300.6294043,serverless,30.0,30.0,50.468,False,200,
1787722300.6627376,serverless,30.0,30.0,55.131,False,200,
1787722300.696071,serverless,30.0,30.0,36.216,False,200,
1787722300.7294042,serverless,30.0,30.0,65.724,False,200,
1787722300.7627378,serverless,30.0,30.0,44.834,False,200,
1787722300.796071,serverless,30.0,30.0,52.531,False,200,
1787722300.8294044,serverless,30.0,30.0,56.596,False,200,
1787722300.8627377,serverless,30.0,30.0,54.954,False,200,
1787722300.896071,serverless,30.0,30.0,44.262,False,200,
1787722300.9294043,serverless,30.0,30.0,47.522,False,200,
1787722300.9627376,serverless,30.0,30.0,50.353,False,200,
1787722300.9960709,serverless,30.0,30.0,51.336,False,200,
1787722301.0294044,serverless,30.0,30.0,57.052,False,200,
1787722301.0627377,serverless,30.0,30.0,57.503,False,200,
1787722301.096071,serverless,30.0,30.0,36.779,False,200,
1787722301.1294043,serverless,30.0,30.0,46.368,False,200,
1787722301.1627376,serverless,30.0,30.0,57.373,False,200,
1787722301.196071,serverless,30.0,30.0,48.678,False,200,
1787722301.2294042,serverless,30.0,30.0,46.985,False,200,
1787722301.2627378,serverless,30.0,30.0,55.804,False,200,
1787722301.296071,serverless,30.0,30.0,60.789,False,200,
1787722301.3294044,serverless,30.0,30.0,38.702,False,200,
1787722301.3627377,serverless,30.0,30.0,47.957,False,200,
1787722301.396071,serverless,30.0,30.0,44.799,False,200,
1787722301.4294043,serverless,30.0,30.0,83.424,False,200,
1787722301.4627376,serverless,30.0,30.0,57.12,False,200,
1787722301.4960709,serverless,30.0,30.0,38.792,False,200,
1787722301.5294044,serverless,30.0,30.0,59.761,False,200,
1787722301.5627377,serverless,30.0,30.0,45.146,False,200,
1787722301.596071,serverless,30.0,30.0,52.667,False,200,
1787722301.6294043,serverless,30.0,30.0,47.082,False,200,
1787722301.6627376,serverless,30.0,30.0,62.577,False,200,
1787722301.696071,serverless,30.0,30.0,44.305,False,200,
1787722301.7294042,serverless,30.0,30.0,38.097,False,200,
1787722301.7627378,serverless,30.0,30.0,59.533,False,200,
1787722301.796071,serverless,30.0,30.0,72.986,False,200,
1787722301.8294044,serverless,30.0,30.0,47.812,False,200,
1787722301.8627377,serverless,30.0,30.0,34.901,False,200,
1787722301.896071,serverless,30.0,30.0,43.572,False,200,
1787722301.9294043,serverless,30.0,30.0,49.087,False,200,
1787722301.9627376,serverless,30.0,30.0,47.676,False,200,
1787722301.9960709,serverless,30.0,30.0,87.504,False,200,
1787722302.0294044,serverless,30.0,30.0,63.516,False,200,
1787722302.0627377,serverless,30.0,30.0,42.062,False,200,
1787722302.096071,serverless,30.0,30.0,48.336,False,200,
1787722302.1294043,serverless,30.0,30.0,48.447,False,200,
1787722302.1627376,serverless,30.0,30.0,41.001,False,200,
1787722302.196071,serverless,30.0,30.0,58.669,False,200,
1787722302.2294042,serverless,30.0,30.0,52.123,False,200,
1787722302.2627378,serverless,30.0,30.0,48.088,False,200,
1787722302.296071,serverless,30.0,30.0,51.891,False,200,
1787722302.3294044,serverless,30.0,30.0,53.405,False,200,
1787722302.3627377,serverless,30.0,30.0,67.993,False,200,
1787722302.396071,serverless,30.0,30.0,43.769,False,200,
1787722302.4294043,serverless,30.0,30.0,37.996,False,200,
1787722302.4627376,serverless,30.0,30.0,60.271,False,200,
1787722302.4960709,serverless,30.0,30.0,65.135,False,200,
1787722302.5294044,serverless,30.0,30.0,39.222,False,200,
1787722302.5627377,serverless,30.0,30.0,51.058,False,200,
1787722302.596071,serverless,30.0,30.0,48.004,False,200,
1787722302.6294043,serverless,30.0,30.0,42.941,False,200,
1787722302.6627376,serverless,30.0,30.0,42.334,False,200,
1787722302.696071,serverless,30.0,30.0,47.15,False,200,
1787722302.7294042,serverless,30.0,30.0,48.399,False,200,
1787722302.7627378,serverless,30.0,30.0,50.642,False,200,
1787722302.796071,serverless,30.0,30.0,1124.735,True,200,
1787722302.8294044,serverless,30.0,30.0,56.903,False,200,
1787722302.8627377,serverless,30.0,30.0,47.884,False,200,
1787722302.896071,serverless,30.0,30.0,55.773,False,200,
1787722302.9294043,serverless,30.0,30.0,50.846,False,200,
1787722302.9627376,serverless,30.0,30.0,44.938,False,200,
1787722302.9960709,serverless,30.0,30.0,38.994,False,200,
1787722303.0294044,serverless,30.0,30.0,46.664,False,200,
1787722303.0627377,serverless,30.0,30.0,52.575,False,200,
1787722303.096071,serverless,30.0,30.0,38.877,False,200,
1787722303.1294043,serverless,30.0,30.0,40.125,False,200,
1787722303.1627376,serverless,30.0,30.0,52.874,False,200,
1787722303.196071,serverless,30.0,30.0,39.268,False,200,
1787722303.2294042,serverless,30.0,30.0,58.905,False,200,
1787722303.2627378,serverless,30.0,30.0,46.23,False,200,
1787722303.296071,serverless,30.0,30.0,53.24,False,200,
1787722303.3294044,serverless,30.0,30.0,36.886,False,200,
1787722303.3627377,serverless,30.0,30.0,52.718,False,200,
1787722303.396071,serverless,30.0,30.0,40.106,False,200,
1787722303.4294043,serverless,30.0,30.0,64.138,False,200,
1787722303.4627376,serverless,30.0,30.0,59.633,False,200,
1787722303.4960709,serverless,30.0,30.0,78.368,False,200,
1787722303.5294044,serverless,30.0,30.0,61.326,False,200,
1787722303.5627377,serverless,30.0,30.0,45.039,False,200,
1787722303.596071,serverless,30.0,30.0,50.715,False,200,
1787722303.6294043,serverless,30.0,30.0,44.966,False,200,
1787722303.6627376,serverless,30.0,30.0,42.858,False,200,
1787722303.696071,serverless,30.0,30.0,58.194,False,200,
1787722303.7294042,serverless,30.0,30.0,94.812,False,200,
1787722303.7627378,serverless,30.0,30.0,48.803,False,200,
1787722303.796071,serverless,30.0,30.0,55.453,False,200,
1787722303.8294044,serverless,30.0,30.0,47.804,False,200,
1787722303.8627377,serverless,30.0,30.0,47.518,False,200,
1787722303.896071,serverless,30.0,30.0,51.227,False,200,
1787722303.9294043,serverless,30.0,30.0,51.799,False,200,
1787722303.9627376,serverless,30.0,30.0,50.418,False,200,
1787722303.9960709,serverless,30.0,30.0,63.255,False,200,
1787722304.0294044,serverless,30.0,30.0,50.285,False,200,
1787722304.0627377,serverless,30.0,30.0,67.268,False,200,
1787722304.096071,serverless,30.0,30.0,68.225,False,200,
1787722304.1294043,serverless,30.0,30.0,28.402,False,200,
1787722304.1627376,serverless,30.0,30.0,50.045,False,200,
1787722304.196071,serverless,30.0,30.0,59.429,False,200,
1787722304.2294042,serverless,30.0,30.0,65.266,False,200,
1787722304.2627378,serverless,30.0,30.0,59.676,False,200,
1787722304.296071,serverless,30.0,30.0,49.469,False,200,
1787722304.3294044,serverless,30.0,30.0,62.003,False,200,
1787722304.3627377,serverless,30.0,30.0,41.652,False,200,
1787722304.396071,serverless,30.0,30.0,62.671,False,200,
1787722304.4294043,serverless,30.0,30.0,75.192,False,200,
1787722304.4627376,serverless,30.0,30.0,55.427,False,200,
1787722304.4960709,serverless,30.0,30.0,29.736,False,200,
1787722304.5294044,serverless,30.0,30.0,53.663,False,200,
1787722304.5627377,serverless,30.0,30.0,45.59,False,200,
1787722304.596071,serverless,30.0,30.0,58.072,False,200,
1787722304.6294043,serverless,30.0,30.0,47.237,False,200,
1787722304.6627376,serverless,30.0,30.0,55.257,False,200,
1787722304.696071,serverless,30.0,30.0,45.909,False,200,
1787722304.7294042,serverless,30.0,30.0,46.512,False,200,
1787722304.7627378,serverless,30.0,30.0,53.114,False,200,
1787722304.796071,serverless,30.0,30.0,42.361,False,200,
1787722304.8294044,serverless,30.0,30.0,42.828,False,200,
1787722304.8627377,serverless,30.0,30.0,48.999,False,200,
1787722304.896071,serverless,30.0,30.0,40.823,False,200,
1787722304.9294043,serverless,30.0,30.0,64.344,False,200,
1787722304.9627376,serverless,30.0,30.0,44.954,False,200,
1787722304.9960709,serverless,30.0,30.0,57.488,False,200,
1787722305.0294044,serverless,30.0,30.0,46.488,False,200,
1787722305.0627377,serverless,30.0,30.0,50.747,False,200,
1787722305.096071,serverless,30.0,30.0,53.609,False,200,
1787722305.1294043,serverless,30.0,30.0,43.418,False,200,
1787722305.1627376,serverless,30.0,30.0,30.533,False,200,
1787722305.196071,serverless,30.0,30.0,46.64,False,200,
1787722305.2294042,serverless,30.0,30.0,27.978,False,200,
1787722305.2627378,serverless,30.0,30.0,43.292,False,200,
1787722305.296071,serverless,30.0,30.0,38.69,False,200,
1787722305.3294044,serverless,30.0,30.0,52.268,False,200,
1787722305.3627377,serverless,30.0,30.0,55.614,False,200,
1787722305.396071,serverless,30.0,30.0,66.274,False,200,
1787722305.4294043,serverless,30.0,30.0,73.962,False,200,
1787722305.4627376,serverless,30.0,30.0,59.467,False,200,
1787722305.4960709,serverless,30.0,30.0,67.132,False,200,
1787722305.5294044,serverless,30.0,30.0,44.815,False,200,
1787722305.5627377,serverless,30.0,30.0,68.079,False,200,
1787722305.596071,serverless,30.0,30.0,57.115,False,200,
1787722305.6294043,serverless,30.0,30.0,54.694,False,200,
1787722305.6627376,serverless,30.0,30.0,48.992,False,200,
1787722305.696071,serverless,30.0,30.0,47.884,False,200,
1787722305.7294042,serverless,30.0,30.0,60.601,False,200,
1787722305.7627378,serverless,30.0,30.0,39.087,False,200,
1787722305.796071,serverless,30.0,30.0,54.607,False,200,
1787722305.8294044,serverless,30.0,30.0,49.338,False,200,
1787722305.8627377,serverless,30.0,30.0,54.815,False,200,
1787722305.896071,serverless,30.0,30.0,44.899,False,200,
1787722305.9294043,serverless,30.0,30.0,64.769,False,200,
1787722305.9627376,serverless,30.0,30.0,56.776,False,200,
1787722305.9960709,serverless,30.0,30.0,46.905,False,200,
1787722306.0294044,serverless,30.0,30.0,56.893,False,200,
1787722306.0627377,serverless,30.0,30.0,53.657,False,200,
1787722306.096071,serverless,30.0,30.0,41.124,False,200,
1787722306.1294043,serverless,30.0,30.0,58.515,False,200,
1787722306.1627376,serverless,30.0,30.0,47.658,False,200,
1787722306.196071,serverless,30.0,30.0,63.534,False,200,
1787722306.2294042,serverless,30.0,30.0,47.602,False,200,
1787722306.2627378,serverless,30.0,30.0,66.4,False,200,
1787722306.296071,serverless,30.0,30.0,52.059,False,200,
1787722306.3294044,serverless,30.0,30.0,51.102,False,200,
1787722306.3627377,serverless,30.0,30.0,38.754,False,200,
1787722306.396071,serverless,30.0,30.0,47.065,False,200,
1787722306.4294043,serverless,30.0,30.0,49.631,False,200,
1787722306.4627376,serverless,30.0,30.0,47.742,False,200,
1787722306.4960709,serverless,30.0,30.0,51.282,False,200,
1787722306.5294044,serverless,30.0,30.0,73.983,False,200,
1787722306.5627377,serverless,30.0,30.0,56.546,False,200,
1787722306.596071,serverless,30.0,30.0,56.677,False,200,
1787722306.6294043,serverless,30.0,30.0,61.188,False,200,
1787722306.6627376,serverless,30.0,30.0,58.269,False,200,
1787722306.696071,serverless,30.0,30.0,77.464,False,200,
1787722306.7294042,serverless,30.0,30.0,61.102,False,200,
1787722306.7627378,serverless,30.0,30.0,51.065,False,200,
1787722306.796071,serverless,30.0,30.0,49.246,False,200,
1787722306.8294044,serverless,30.0,30.0,45.517,False,200,
1787722306.8627377,serverless,30.0,30.0,44.996,False,200,
1787722306.896071,serverless,30.0,30.0,56.056,False,200,
1787722306.9294043,serverless,30.0,30.0,54.335,False,200,
1787722306.9627376,serverless,30.0,30.0,43.979,False,200,
1787722306.9960709,serverless,30.0,30.0,69.681,False,200,
1787722307.0294044,serverless,30.0,30.0,63.145,False,200,
1787722307.0627377,serverless,30.0,30.0,77.229,False,200,
1787722307.096071,serverless,30.0,30.0,52.543,False,200,
1787722307.1294043,serverless,30.0,30.0,55.936,False,200,
1787722307.1627376,serverless,30.0,30.0,40.467,False,200,
1787722307.196071,serverless,30.0,30.0,37.296,False,200,
1787722307.2294042,serverless,30.0,30.0,65.066,False,200,
1787722307.2627378,serverless,30.0,30.0,53.565,False,200,
1787722307.296071,serverless,30.0,30.0,30.878,False,200,
1787722307.3294044,serverless,30.0,30.0,50.241,False,200,
1787722307.3627377,serverless,30.0,30.0,36.663,False,200,
1787722307.396071,serverless,30.0,30.0,42.311,False,200,
1787722307.4294043,serverless,30.0,30.0,47.69,False,200,
1787722307.4627376,serverless,30.0,30.0,43.625,False,200,
1787722307.4960709,serverless,30.0,30.0,52.489,False,200,
1787722307.5294044,serverless,30.0,30.0,57.291,False,200,
1787722307.5627377,serverless,30.0,30.0,59.754,False,200,
1787722307.596071,serverless,30.0,30.0,46.107,False,200,
1787722307.6294043,serverless,30.0,30.0,37.048,False,200,
1787722307.6627376,serverless,30.0,30.0,44.739,False,200,
1787722307.696071,serverless,30.0,30.0,50.252,False,200,
1787722307.7294042,serverless,30.0,30.0,45.46,False,200,
1787722307.7627378,serverless,30.0,30.0,70.689,False,200,
1787722307.796071,serverless,30.0,30.0,63.745,False,200,
1787722307.8294044,serverless,30.0,30.0,41.27,False,200,
1787722307.8627377,serverless,30.0,30.0,35.951,False,200,
1787722307.896071,serverless,30.0,30.0,54.864,False,200,
1787722307.9294043,serverless,30.0,30.0,54.311,False,200,
1787722307.9627376,serverless,30.0,30.0,42.041,False,200,
1787722307.9960709,serverless,30.0,30.0,41.206,False,200,
1787722308.0294044,serverless,30.0,30.0,56.299,False,200,
1787722308.0627377,serverless,30.0,30.0,57.615,False,200,
1787722308.096071,serverless,30.0,30.0,57.078,False,200,
1787722308.1294043,serverless,30.0,30.0,53.451,False,200,
1787722308.1627376,serverless,30.0,30.0,45.266,False,200,
1787722308.196071,serverless,30.0,30.0,61.846,False,200,
1787722308.2294042,serverless,30.0,30.0,42.632,False,200,
1787722308.2627378,serverless,30.0,30.0,41.68,False,200,
1787722308.296071,serverless,30.0,30.0,42.585,False,200,
1787722308.3294044,serverless,30.0,30.0,44.542,False,200,
1787722308.3627377,serverless,30.0,30.0,62.651,False,200,
1787722308.396071,serverless,30.0,30.0,66.234,False,200,
1787722308.4294043,serverless,30.0,30.0,58.046,False,200,
1787722308.4627376,serverless,30.0,30.0,44.925,False,200,
1787722308.4960709,serverless,30.0,30.0,40.735,False,200,
1787722308.5294044,serverless,30.0,30.0,56.062,False,200,
1787722308.5627377,serverless,30.0,30.0,38.921,False,200,
1787722308.596071,serverless,30.0,30.0,53.168,False,200,
1787722308.6294043,serverless,30.0,30.0,52.577,False,200,
1787722308.6627376,serverless,30.0,30.0,43.36,False,200,
1787722308.696071,serverless,30.0,30.0,66.427,False,200,
1787722308.7294042,serverless,30.0,30.0,49.138,False,200,
1787722308.7627378,serverless,30.0,30.0,48.499,False,200,
1787722308.796071,serverless,30.0,30.0,42.216,False,200,
1787722308.8294044,serverless,30.0,30.0,48.607,False,200,
1787722308.8627377,serverless,30.0,30.0,43.623,False,200,
1787722308.896071,serverless,30.0,30.0,52.595,False,200,
1787722308.9294043,serverless,30.0,30.0,49.864,False,200,
1787722308.9627376,serverless,30.0,30.0,48.652,False,200,
1787722308.9960709,serverless,30.0,30.0,48.386,False,200,
1787722309.0294044,serverless,30.0,30.0,66.284,False,200,
1787722309.0627377,serverless,30.0,30.0,62.354,False,200,
1787722309.096071,serverless,30.0,30.0,59.299,False,200,
1787722309.1294043,serverless,30.0,30.0,44.642,False,200,
1787722309.1627376,serverless,30.0,30.0,53.22,False,200,
1787722309.196071,serverless,30.0,30.0,51.438,False,200,
1787722309.2294042,serverless,30.0,30.0,48.976,False,200,
1787722309.2627378,serverless,30.0,30.0,36.1,False,200,
1787722309.296071,serverless,30.0,30.0,45.106,False,200,
1787722309.3294044,serverless,30.0,30.0,53.523,False,200,
1787722309.3627377,serverless,30.0,30.0,59.222,False,200,
1787722309.396071,serverless,30.0,30.0,58.77,False,200,
1787722309.4294043,serverless,30.0,30.0,44.375,False,200,
1787722309.4627376,serverless,30.0,30.0,48.777,False,200,
1787722309.4960709,serverless,30.0,30.0,47.376,False,200,
1787722309.5294044,serverless,30.0,30.0,64.812,False,200,
1787722309.5627377,serverless,30.0,30.0,50.307,False,200,
1787722309.596071,serverless,30.0,30.0,34.93,False,200,
1787722309.6294043,serverless,30.0,30.0,47.504,False,200,
1787722309.6627376,serverless,30.0,30.0,76.265,False,200,
1787722309.696071,serverless,30.0,30.0,72.047,False,200,
1787722309.7294042,serverless,30.0,30.0,61.761,False,200,
1787722309.7627378,serverless,30.0,30.0,70.043,False,200,
1787722309.796071,serverless,30.0,30.0,54.385,False,200,
1787722309.8294044,serverless,30.0,30.0,53.81,False,200,
1787722309.8627377,serverless,30.0,30.0,73.321,False,200,
1787722309.896071,serverless,30.0,30.0,52.069,False,200,
1787722309.9294043,serverless,30.0,30.0,50.819,False,200,
1787722309.9627376,serverless,30.0,30.0,48.216,False,200,
1787722309.9960709,serverless,30.0,30.0,47.573,False,200,
1787722310.0294044,serverless,30.0,30.0,34.934,False,200,
1787722310.0627377,serverless,30.0,30.0,37.492,False,200,
1787722310.096071,serverless,30.0,30.0,41.59,False,200,
1787722310.1294043,serverless,30.0,30.0,56.521,False,200,
1787722310.1627376,serverless,30.0,30.0,45.189,False,200,
1787722310.196071,serverless,30.0,30.0,47.928,False,200,
1787722310.2294042,serverless,30.0,30.0,43.772,False,200,
1787722310.2627378,serverless,30.0,30.0,42.56,False,200,
1787722310.296071,serverless,30.0,30.0,50.798,False,200,
1787722310.3294044,serverless,30.0,30.0,45.662,False,200,
1787722310.3627377,serverless,30.0,30.0,49.406,False,200,
1787722310.396071,serverless,30.0,30.0,41.903,False,200,
1787722310.4294043,serverless,30.0,30.0,58.719,False,200,
1787722310.4627376,serverless,30.0,30.0,53.549,False,200,
1787722310.4960709,serverless,30.0,30.0,47.389,False,200,
1787722310.5294044,serverless,30.0,30.0,43.17,False,200,
1787722310.5627377,serverless,30.0,30.0,55.056,False,200,
1787722310.596071,serverless,30.0,30.0,48.902,False,200,
1787722310.6294043,serverless,30.0,30.0,40.62,False,200,
1787722310.6627376,serverless,30.0,30.0,45.339,False,200,
1787722310.696071,serverless,30.0,30.0,81.101,False,200,
1787722310.7294042,serverless,30.0,30.0,41.472,False,200,
1787722310.7627378,serverless,30.0,30.0,56.712,False,200,
1787722310.796071,serverless,30.0,30.0,33.335,False,200,
1787722310.8294044,serverless,30.0,30.0,47.59,False,200,
1787722310.8627377,serverless,30.0,30.0,53.79,False,200,
1787722310.896071,serverless,30.0,30.0,57.621,False,200,
1787722310.9294043,serverless,30.0,30.0,61.782,False,200,
1787722310.9627376,serverless,30.0,30.0,51.038,False,200,
1787722310.9960709,serverless,30.0,30.0,55.137,False,200,
1787722311.0294044,serverless,30.0,30.0,45.234,False,200,
1787722311.0627377,serverless,30.0,30.0,59.311,False,200,
1787722311.096071,serverless,30.0,30.0,52.523,False,200,
1787722311.1294043,serverless,30.0,30.0,44.05,False,200,
1787722311.1627376,serverless,30.0,30.0,56.839,False,200,
1787722311.196071,serverless,30.0,30.0,59.18,False,200,
1787722311.2294042,serverless,30.0,30.0,51.665,False,200,
1787722311.2627378,serverless,30.0,30.0,62.518,False,200,
1787722311.296071,serverless,30.0,30.0,58.587,False,200,
1787722311.3294044,serverless,30.0,30.0,59.716,False,200,
1787722311.3627377,serverless,30.0,30.0,44.274,False,200,
1787722311.396071,serverless,30.0,30.0,43.569,False,200,
1787722311.4294043,serverless,30.0,30.0,34.529,False,200,
1787722311.4627376,serverless,30.0,30.0,65.227,False,200,
1787722311.4960709,serverless,30.0,30.0,42.107,False,200,
1787722311.5294044,serverless,30.0,30.0,41.346,False,200,
1787722311.5627377,serverless,30.0,30.0,49.966,False,200,
1787722311.596071,serverless,30.0,30.0,52.293,False,200,
1787722311.6294043,serverless,30.0,30.0,59.548,False,200,
1787722311.6627376,serverless,30.0,30.0,34.34,False,200,
1787722311.696071,serverless,30.0,30.0,43.745,False,200,
1787722311.7294042,serverless,30.0,30.0,43.942,False,200,
1787722311.7627378,serverless,30.0,30.0,45.917,False,200,
1787722311.796071,serverless,30.0,30.0,36.453,False,200,
1787722311.8294044,serverless,30.0,30.0,39.879,False,200,
1787722311.8627377,serverless,30.0,30.0,45.14,False,200,
1787722311.896071,serverless,30.0,30.0,53.166,False,200,
1787722311.9294043,serverless,30.0,30.0,50.054,False,200,
1787722311.9627376,serverless,30.0,30.0,39.172,False,200,
1787722311.9960709,serverless,30.0,30.0,39.705,False,200,
1787722312.0294044,serverless,30.0,30.0,45.675,False,200,
1787722312.0627377,serverless,30.0,30.0,61.275,False,200,
1787722312.096071,serverless,30.0,30.0,41.888,False,200,
1787722312.1294043,serverless,30.0,30.0,40.838,False,200,
1787722312.1627376,serverless,30.0,30.0,35.811,False,200,
1787722312.196071,serverless,30.0,30.0,47.411,False,200,
1787722312.2294042,serverless,30.0,30.0,44.597,False,200,
1787722312.2627378,serverless,30.0,30.0,43.774,False,200,
1787722312.296071,serverless,30.0,30.0,44.969,False,200,
1787722312.3294044,serverless,30.0,30.0,30.542,False,200,
1787722312.3627377,serverless,30.0,30.0,45.797,False,200,
1787722312.396071,serverless,30.0,30.0,56.161,False,200,
1787722312.4294043,serverless,30.0,30.0,58.467,False,200,
1787722312.4627376,serverless,30.0,30.0,48.477,False,200,
1787722312.4960709,serverless,30.0,30.0,47.081,False,200,
1787722312.5294044,serverless,30.0,30.0,36.003,False,200,
1787722312.5627377,serverless,30.0,30.0,49.658,False,200,
1787722312.596071,serverless,30.0,30.0,57.774,False,200,
1787722312.6294043,serverless,30.0,30.0,67.741,False,200,
1787722312.6627376,serverless,30.0,30.0,43.219,False,200,
1787722312.696071,serverless,30.0,30.0,44.986,False,200,
1787722312.7294042,serverless,30.0,30.0,53.217,False,200,
1787722312.7627378,serverless,30.0,30.0,42.286,False,200,
1787722312.796071,serverless,30.0,30.0,67.503,False,200,
1787722312.8294044,serverless,30.0,30.0,57.005,False,200,
1787722312.8627377,serverless,30.0,30.0,45.888,False,200,
1787722312.896071,serverless,30.0,30.0,59.346,False,200,
1787722312.9294043,serverless,30.0,30.0,53.522,False,200,
1787722312.9627376,serverless,30.0,30.0,56.618,False,200,
1787722312.9960709,serverless,30.0,30.0,49.502,False,200,
1787722313.0294044,serverless,30.0,30.0,43.827,False,200,
1787722313.0627377,serverless,30.0,30.0,50.281,False,200,
1787722313.096071,serverless,30.0,30.0,53.638,False,200,
1787722313.1294043,serverless,30.0,30.0,62.296,False,200,
1787722313.1627376,serverless,30.0,30.0,62.828,False,200,
1787722313.196071,serverless,30.0,30.0,43.275,False,200,
1787722313.2294042,serverless,30.0,30.0,65.986,False,200,
1787722313.2627378,serverless,30.0,30.0,49.915,False,200,
1787722313.296071,serverless,30.0,30.0,54.397,False,200,
1787722313.3294044,serverless,30.0,30.0,42.548,False,200,
1787722313.3627377,serverless,30.0,30.0,45.955,False,200,
1787722313.396071,serverless,30.0,30.0,46.148,False,200,
1787722313.4294043,serverless,30.0,30.0,46.605,False,200,
1787722313.4627376,serverless,30.0,30.0,47.077,False,200,
1787722313.4960709,serverless,30.0,30.0,45.959,False,200,
1787722313.5294044,serverless,30.0,30.0,58.309,False,200,
1787722313.5627377,serverless,30.0,30.0,49.829,False,200,
1787722313.596071,serverless,30.0,30.0,52.548,False,200,
1787722313.6294043,serverless,30.0,30.0,42.675,False,200,
1787722313.6627376,serverless,30.0,30.0,43.071,False,200,
1787722313.696071,serverless,30.0,30.0,55.13,False,200,
1787722313.7294042,serverless,30.0,30.0,50.582,False,200,
1787722313.7627378,serverless,30.0,30.0,36.751,False,200,
1787722313.796071,serverless,30.0,30.0,40.603,False,200,
1787722313.8294044,serverless,30.0,30.0,48.477,False,200,
1787722313.8627377,serverless,30.0,30.0,40.111,False,200,
1787722313.896071,serverless,30.0,30.0,44.35,False,200,
1787722313.9294043,serverless,30.0,30.0,54.19,False,200,
1787722313.9627376,serverless,30.0,30.0,37.383,False,200,
1787722313.9960709,serverless,30.0,30.0,48.626,False,200,
1787722314.0294044,serverless,30.0,30.0,53.417,False,200,
1787722314.0627377,serverless,30.0,30.0,51.042,False,200,
1787722314.096071,serverless,30.0,30.0,63.241,False,200,
1787722314.1294043,serverless,30.0,30.0,44.715,False,200,
1787722314.1627376,serverless,30.0,30.0,47.335,False,200,
1787722314.196071,serverless,30.0,30.0,35.337,False,200,
1787722314.2294042,serverless,30.0,30.0,48.651,False,200,
1787722314.2627378,serverless,30.0,30.0,59.945,False,200,
1787722314.296071,serverless,30.0,30.0,49.381,False,200,
1787722314.3294044,serverless,30.0,30.0,50.433,False,200,
1787722314.3627377,serverless,30.0,30.0,64.424,False,200,
1787722314.396071,serverless,30.0,30.0,50.257,False,200,
1787722314.4294043,serverless,30.0,30.0,42.674,False,200,
1787722314.4627376,serverless,30.0,30.0,31.602,False,200,
1787722314.4960709,serverless,30.0,30.0,56.521,False,200,
1787722314.5294044,serverless,30.0,30.0,40.002,False,200,
1787722314.5627377,serverless,30.0,30.0,66.926,False,200,
1787722314.596071,serverless,30.0,30.0,54.929,False,200,
1787722314.6294043,serverless,30.0,30.0,47.12,False,200,
1787722314.6627376,serverless,30.0,30.0,37.131,False,200,
1787722314.696071,serverless,30.0,30.0,63.099,False,200,
1787722314.7294042,serverless,30.0,30.0,64.835,False,200,
1787722314.7627378,serverless,30.0,30.0,61.738,False,200,
1787722314.796071,serverless,30.0,30.0,61.69,False,200,
1787722314.8294044,serverless,30.0,30.0,49.638,False,200,
1787722314.8627377,serverless,30.0,30.0,65.474,False,200,
1787722314.896071,serverless,30.0,30.0,55.845,False,200,
1787722314.9294043,serverless,30.0,30.0,60.394,False,200,
1787722314.9627376,serverless,30.0,30.0,58.358,False,200,
1787722314.9960709,serverless,30.0,30.0,44.471,False,200,
1787722315.0294044,serverless,30.0,30.0,56.324,False,200,
1787722315.0627377,serverless,30.0,30.0,60.228,False,200,
1787722315.096071,serverless,30.0,30.0,55.918,False,200,
1787722315.1294043,serverless,30.0,30.0,62.791,False,200,
1787722315.1627376,serverless,30.0,30.0,44.671,False,200,
1787722315.196071,serverless,30.0,30.0,58.409,False,200,
1787722315.2294042,serverless,30.0,30.0,59.294,False,200,
1787722315.2627378,serverless,30.0,30.0,40.899,False,200,
1787722315.296071,serverless,30.0,30.0,63.522,False,200,
1787722315.3294044,serverless,30.0,30.0,37.88,False,200,
1787722315.3627377,serverless,30.0,30.0,52.616,False,200,
1787722315.396071,serverless,30.0,30.0,64.92,False,200,
1787722315.4294043,serverless,30.0,30.0,64.044,False,200,
1787722315.4627376,serverless,30.0,30.0,42.152,False,200,
1787722315.4960709,serverless,30.0,30.0,37.599,False,200,
1787722315.5294044,serverless,30.0,30.0,53.375,False,200,
1787722315.5627377,serverless,30.0,30.0,46.795,False,200,
1787722315.596071,serverless,30.0,30.0,61.111,False,200,
1787722315.6294043,serverless,30.0,30.0,35.013,False,200,
1787722315.6627376,serverless,30.0,30.0,46.23,False,200,
1787722315.696071,serverless,30.0,30.0,50.511,False,200,
1787722315.7294042,serverless,30.0,30.0,50.654,False,200,
1787722315.7627378,serverless,30.0,30.0,41.808,False,200,
1787722315.796071,serverless,30.0,30.0,64.716,False,200,
1787722315.8294044,serverless,30.0,30.0,71.108,False,200,
1787722315.8627377,serverless,30.0,30.0,47.939,False,200,
1787722315.896071,serverless,30.0,30.0,39.654,False,200,
1787722315.9294043,serverless,30.0,30.0,62.324,False,200,
1787722315.9627376,serverless,30.0,30.0,37.273,False,200,
1787722315.9960709,serverless,30.0,30.0,55.185,False,200,
1787722316.0294044,serverless,30.0,30.0,49.822,False,200,
1787722316.0627377,serverless,30.0,30.0,37.388,False,200,
1787722316.096071,serverless,30.0,30.0,61.64,False,200,
1787722316.1294043,serverless,30.0,30.0,44.694,False,200,
1787722316.1627376,serverless,30.0,30.0,35.545,False,200,
1787722316.196071,serverless,30.0,30.0,48.478,False,200,
1787722316.2294042,serverless,30.0,30.0,66.465,False,200,
1787722316.2627378,serverless,30.0,30.0,49.19,False,200,
1787722316.296071,serverless,30.0,30.0,40.546,False,200,
1787722316.3294044,serverless,30.0,30.0,36.51,False,200,
1787722316.3627377,serverless,30.0,30.0,45.397,False,200,
1787722316.396071,serverless,30.0,30.0,60.113,False,200,
1787722316.4294043,serverless,30.0,30.0,47.422,False,200,
1787722316.4627376,serverless,30.0,30.0,40.803,False,200,
1787722316.4960709,serverless,30.0,30.0,63.912,False,200,
1787722316.5294044,serverless,30.0,30.0,50.574,False,200,
1787722316.5627377,serverless,30.0,30.0,68.467,False,200,
1787722316.596071,serverless,30.0,30.0,44.942,False,200,
1787722316.6294043,serverless,30.0,30.0,75.726,False,200,
1787722316.6627376,serverless,30.0,30.0,1438.632,True,200,
1787722316.696071,serverless,30.0,30.0,68.633,False,200,
1787722316.7294042,serverless,30.0,30.0,39.181,False,200,
1787722316.7627378,serverless,30.0,30.0,46.58,False,200,
1787722316.796071,serverless,30.0,30.0,56.351,False,200,
1787722316.8294044,serverless,30.0,30.0,36.993,False,200,
1787722316.8627377,serverless,30.0,30.0,52.637,False,200,
1787722316.896071,serverless,30.0,30.0,51.668,False,200,
1787722316.9294043,serverless,30.0,30.0,42.224,False,200,
1787722316.9627376,serverless,30.0,30.0,54.156,False,200,
1787722316.9960709,serverless,30.0,30.0,66.055,False,200,
1787722317.0294044,serverless,30.0,30.0,51.102,False,200,
1787722317.0627377,serverless,30.0,30.0,46.808,False,200,
1787722317.096071,serverless,30.0,30.0,60.504,False,200,
1787722317.1294043,serverless,30.0,30.0,54.076,False,200,
1787722317.1627376,serverless,30.0,30.0,52.023,False,200,
1787722317.196071,serverless,30.0,30.0,38.348,False,200,
1787722317.2294042,serverless,30.0,30.0,72.461,False,200,
1787722317.2627378,serverless,30.0,30.0,72.494,False,200,
1787722317.296071,serverless,30.0,30.0,1195.968,True,200,
1787722317.3294044,serverless,30.0,30.0,72.768,False,200,
1787722317.3627377,serverless,30.0,30.0,40.997,False,200,
1787722317.396071,serverless,30.0,30.0,55.401,False,200,
1787722317.4294043,serverless,30.0,30.0,48.524,False,200,
1787722317.4627376,serverless,30.0,30.0,56.337,False,200,
1787722317.4960709,serverless,30.0,30.0,52.522,False,200,
1787722317.5294044,serverless,30.0,30.0,56.151,False,200,
1787722317.5627377,serverless,30.0,30.0,70.862,False,200,
1787722317.596071,serverless,30.0,30.0,65.039,False,200,
1787722317.6294043,serverless,30.0,30.0,56.11,False,200,
1787722317.6627376,serverless,30.0,30.0,51.175,False,200,
1787722317.696071,serverless,30.0,30.0,49.326,False,200,
1787722317.7294042,serverless,30.0,30.0,49.06,False,200,
1787722317.7627378,serverless,30.0,30.0,48.968,False,200,
1787722317.796071,serverless,30.0,30.0,56.31,False,200,
1787722317.8294044,serverless,30.0,30.0,51.74,False,200,
1787722317.8627377,serverless,30.0,30.0,47.831,False,200,
1787722317.896071,serverless,30.0,30.0,41.321,False,200,
1787722317.9294043,serverless,30.0,30.0,59.73,False,200,
1787722317.9627376,serverless,30.0,30.0,51.19,False,200,
1787722317.9960709,serverless,30.0,30.0,42.116,False,200,
1787722318.0294044,serverless,30.0,30.0,46.52,False,200,
1787722318.0627377,serverless,30.0,30.0,56.08,False,200,
1787722318.096071,serverless,30.0,30.0,42.387,False,200,
1787722318.1294043,serverless,30.0,30.0,63.67,False,200,
1787722318.1627376,serverless,30.0,30.0,52.067,False,200,
1787722318.196071,serverless,30.0,30.0,69.713,False,200,
1787722318.2294042,serverless,30.0,30.0,45.983,False,200,
1787722318.2627378,serverless,30.0,30.0,40.536,False,200,
1787722318.296071,serverless,30.0,30.0,48.495,False,200,
1787722318.3294044,serverless,30.0,30.0,50.331,False,200,
1787722318.3627377,serverless,30.0,30.0,53.162,False,200,
1787722318.396071,serverless,30.0,30.0,47.019,False,200,
1787722318.4294043,serverless,30.0,30.0,40.794,False,200,
1787722318.4627376,serverless,30.0,30.0,48.046,False,200,
1787722318.4960709,serverless,30.0,30.0,55.882,False,200,
1787722318.5294044,serverless,30.0,30.0,35.741,False,200,
1787722318.5627377,serverless,30.0,30.0,58.487,False,200,
1787722318.596071,serverless,30.0,30.0,42.122,False,200,
1787722318.6294043,serverless,30.0,30.0,55.737,False,200,
1787722318.6627376,serverless,30.0,30.0,46.004,False,200,
1787722318.696071,serverless,30.0,30.0,34.839,False,200,
1787722318.7294042,serverless,30.0,30.0,39.809,False,200,
1787722318.7627378,serverless,30.0,30.0,51.628,False,200,
1787722318.796071,serverless,30.0,30.0,43.956,False,200,
1787722318.8294044,serverless,30.0,30.0,60.94,False,200,
1787722318.8627377,serverless,30.0,30.0,28.304,False,200,
1787722318.896071,serverless,30.0,30.0,47.755,False,200,
1787722318.9294043,serverless,30.0,30.0,48.81,False,200,
1787722318.9627376,serverless,30.0,30.0,42.765,False,200,
1787722318.9960709,serverless,30.0,30.0,48.182,False,200,
1787722319.0294044,serverless,30.0,30.0,51.441,False,200,
1787722319.0627377,serverless,30.0,30.0,60.958,False,200,
1787722319.096071,serverless,30.0,30.0,55.435,False,200,
1787722319.1294043,serverless,30.0,30.0,44.331,False,200,
1787722319.1627376,serverless,30.0,30.0,45.422,False,200,
1787722319.196071,serverless,30.0,30.0,51.599,False,200,
1787722319.2294042,serverless,30.0,30.0,41.278,False,200,
1787722319.2627378,serverless,30.0,30.0,41.577,False,200,
1787722319.296071,serverless,30.0,30.0,52.116,False,200,
1787722319.3294044,serverless,30.0,30.0,47.79,False,200,
1787722319.3627377,serverless,30.0,30.0,64.852,False,200,
1787722319.396071,serverless,30.0,30.0,49.752,False,200,
1787722319.4294043,serverless,30.0,30.0,47.819,False,200,
1787722319.4627376,serverless,30.0,30.0,48.84,False,200,
1787722319.4960709,serverless,30.0,30.0,42.198,False,200,
1787722319.5294044,serverless,30.0,30.0,47.953,False,200,
1787722319.5627377,serverless,30.0,30.0,82.575,False,200,
1787722319.596071,serverless,30.0,30.0,42.135,False,200,
1787722319.6294043,serverless,30.0,30.0,42.892,False,200,
1787722319.6627376,serverless,30.0,30.0,30.377,False,200,
1787722319.696071,serverless,30.0,30.0,44.022,False,200,
1787722319.7294042,serverless,30.0,30.0,51.465,False,200,
1787722319.7627378,serverless,30.0,30.0,59.47,False,200,
1787722319.796071,serverless,30.0,30.0,57.463,False,200,
1787722319.8294044,serverless,30.0,30.0,52.771,False,200,
1787722319.8627377,serverless,30.0,30.0,41.567,False,200,
1787722319.896071,serverless,30.0,30.0,51.337,False,200,
1787722319.9294043,serverless,30.0,30.0,43.254,False,200,
1787722319.9627376,serverless,30.0,30.0,61.333,False,200,
1787722319.9960709,serverless,30.0,30.0,49.25,False,200,
1787722320.0294044,serverless,30.0,30.0,51.747,False,200,
1787722320.0627377,serverless,30.0,30.0,50.845,False,200,
1787722320.096071,serverless,30.0,30.0,40.912,False,200,
1787722320.1294043,serverless,30.0,30.0,59.909,False,200,
1787722320.1627376,serverless,30.0,30.0,60.283,False,200,
1787722320.196071,serverless,30.0,30.0,45.327,False,200,
1787722320.2294042,serverless,30.0,30.0,60.263,False,200,
1787722320.2627378,serverless,30.0,30.0,54.604,False,200,
1787722320.296071,serverless,30.0,30.0,46.441,False,200,
1787722320.3294044,serverless,30.0,30.0,44.495,False,200,
1787722320.3627377,serverless,30.0,30.0,42.038,False,200,
1787722320.396071,serverless,30.0,30.0,51.519,False,200,
1787722320.4294043,serverless,30.0,30.0,53.364,False,200,
1787722320.4627376,serverless,30.0,30.0,53.317,False,200,
1787722320.4960709,serverless,30.0,30.0,80.413,False,200,
1787722320.5294044,serverless,30.0,30.0,52.041,False,200,
1787722320.5627377,serverless,30.0,30.0,35.223,False,200,
1787722320.596071,serverless,30.0,30.0,37.665,False,200,
1787722320.6294043,serverless,30.0,30.0,67.016,False,200,
1787722320.6627376,serverless,30.0,30.0,43.952,False,200,
1787722320.696071,serverless,30.0,30.0,45.252,False,200,
1787722320.7294042,serverless,30.0,30.0,47.388,False,200,
1787722320.7627378,serverless,30.0,30.0,55.889,False,200,
1787722320.796071,serverless,30.0,30.0,52.052,False,200,
1787722320.8294044,serverless,30.0,30.0,47.827,False,200,
1787722320.8627377,serverless,30.0,30.0,54.953,False,200,
1787722320.896071,serverless,30.0,30.0,68.325,False,200,
1787722320.9294043,serverless,30.0,30.0,47.797,False,200,
1787722320.9627376,serverless,30.0,30.0,62.698,False,200,
1787722320.9960709,serverless,30.0,30.0,39.942,False,200,
1787722321.0294044,serverless,30.0,30.0,45.486,False,200,
1787722321.0627377,serverless,30.0,30.0,47.138,False,200,
1787722321.096071,serverless,30.0,30.0,57.261,False,200,
1787722321.1294043,serverless,30.0,30.0,51.14,False,200,
1787722321.1627376,serverless,30.0,30.0,50.306,False,200,
1787722321.196071,serverless,30.0,30.0,39.423,False,200,
1787722321.2294042,serverless,30.0,30.0,49.894,False,200,
1787722321.2627378,serverless,30.0,30.0,57.798,False,200,
1787722321.296071,serverless,30.0,30.0,51.281,False,200,
1787722321.3294044,serverless,30.0,30.0,61.44,False,200,
1787722321.3627377,serverless,30.0,30.0,34.323,False,200,
1787722321.396071,serverless,30.0,30.0,57.951,False,200,
1787722321.4294043,serverless,30.0,30.0,50.558,False,200,
1787722321.4627376,serverless,30.0,30.0,72.475,False,200,
1787722321.4960709,serverless,30.0,30.0,71.483,False,200,
1787722321.5294044,serverless,30.0,30.0,40.113,False,200,
1787722321.5627377,serverless,30.0,30.0,53.464,False,200,
1787722321.596071,serverless,30.0,30.0,36.11,False,200,
1787722321.6294043,serverless,30.0,30.0,49.85,False,200,
1787722321.6627376,serverless,30.0,30.0,34.306,False,200,
1787722321.696071,serverless,30.0,30.0,60.842,False,200,
1787722321.7294042,serverless,30.0,30.0,43.899,False,200,
1787722321.7627378,serverless,30.0,30.0,60.479,False,200,
1787722321.796071,serverless,30.0,30.0,59.59,False,200,
1787722321.8294044,serverless,30.0,30.0,57.302,False,200,
1787722321.8627377,serverless,30.0,30.0,44.678,False,200,
1787722321.896071,serverless,30.0,30.0,53.444,False,200,
1787722321.9294043,serverless,30.0,30.0,55.3,False,200,
1787722321.9627376,serverless,30.0,30.0,66.845,False,200,
1787722321.9960709,serverless,30.0,30.0,76.247,False,200,
1787722322.0294044,serverless,30.0,30.0,60.239,False,200,
1787722322.0627377,serverless,30.0,30.0,60.146,False,200,
1787722322.096071,serverless,30.0,30.0,55.579,False,200,
1787722322.1294043,serverless,30.0,30.0,75.339,False,200,
1787722322.1627376,serverless,30.0,30.0,49.867,False,200,
1787722322.196071,serverless,30.0,30.0,43.609,False,200,
1787722322.2294042,serverless,30.0,30.0,61.62,False,200,
1787722322.2627378,serverless,30.0,30.0,49.151,False,200,
1787722322.296071,serverless,30.0,30.0,27.326,False,200,
1787722322.3294044,serverless,30.0,30.0,58.232,False,200,
1787722322.3627377,serverless,30.0,30.0,64.15,False,200,
1787722322.396071,serverless,30.0,30.0,49.342,False,200,
1787722322.4294043,serverless,30.0,30.0,52.178,False,200,
1787722322.4627376,serverless,30.0,30.0,49.307,False,200,
1787722322.4960709,serverless,30.0,30.0,48.366,False,200,
1787722322.5294044,serverless,30.0,30.0,38.753,False,200,
1787722322.5627377,serverless,30.0,30.0,42.317,False,200,
1787722322.596071,serverless,30.0,30.0,62.76,False,200,
1787722322.6294043,serverless,30.0,30.0,48.995,False,200,
1787722322.6627376,serverless,30.0,30.0,56.118,False,200,
1787722322.696071,serverless,30.0,30.0,50.201,False,200,
1787722322.7294042,serverless,30.0,30.0,76.743,False,200,
1787722322.7627378,serverless,30.0,30.0,50.747,False,200,
1787722322.796071,serverless,30.0,30.0,61.213,False,200,
1787722322.8294044,serverless,30.0,30.0,63.859,False,200,
1787722322.8627377,serverless,30.0,30.0,50.83,False,200,
1787722322.896071,serverless,30.0,30.0,62.69,False,200,
1787722322.9294043,serverless,30.0,30.0,44.984,False,200,
1787722322.9627376,serverless,30.0,30.0,57.12,False,200,
1787722322.9960709,serverless,30.0,30.0,43.488,False,200,
1787722323.0294044,serverless,30.0,30.0,59.783,False,200,
1787722323.0627377,serverless,30.0,30.0,59.471,False,200,
1787722323.096071,serverless,30.0,30.0,41.676,False,200,
1787722323.1294043,serverless,30.0,30.0,60.838,False,200,
1787722323.1627376,serverless,30.0,30.0,55.412,False,200,
1787722323.196071,serverless,30.0,30.0,51.512,False,200,
1787722323.2294042,serverless,30.0,30.0,47.601,False,200,
1787722323.2627378,serverless,30.0,30.0,52.775,False,200,
1787722323.296071,serverless,30.0,30.0,56.489,False,200,
1787722323.3294044,serverless,30.0,30.0,32.341,False,200,
1787722323.3627377,serverless,30.0,30.0,32.742,False,200,
1787722323.396071,serverless,30.0,30.0,50.342,False,200,
1787722323.4294043,serverless,30.0,30.0,42.518,False,200,
1787722323.4627376,serverless,30.0,30.0,61.546,False,200,
1787722323.4960709,serverless,30.0,30.0,53.366,False,200,
1787722323.5294044,serverless,30.0,30.0,60.51,False,200,
1787722323.5627377,serverless,30.0,30.0,44.589,False,200,
1787722323.596071,serverless,30.0,30.0,57.093,False,200,
1787722323.6294043,serverless,30.0,30.0,45.004,False,200,
1787722323.6627376,serverless,30.0,30.0,62.057,False,200,
1787722323.696071,serverless,30.0,30.0,66.563,False,200,
1787722323.7294042,serverless,30.0,30.0,39.898,False,200,
1787722323.7627378,serverless,30.0,30.0,50.038,False,200,
1787722323.796071,serverless,30.0,30.0,48.494,False,200,
1787722323.8294044,serverless,30.0,30.0,65.723,False,200,
1787722323.8627377,serverless,30.0,30.0,45.805,False,200,
1787722323.896071,serverless,30.0,30.0,55.114,False,200,
1787722323.9294043,serverless,30.0,30.0,51.59,False,200,
1787722323.9627376,serverless,30.0,30.0,61.053,False,200,
1787722323.9960709,serverless,30.0,30.0,55.483,False,200,
1787722324.0294044,serverless,30.0,30.0,46.762,False,200,
1787722324.0627377,serverless,30.0,30.0,1279.139,True,200,
1787722324.096071,serverless,30.0,30.0,52.688,False,200,
1787722324.1294043,serverless,30.0,30.0,39.666,False,200,
1787722324.1627376,serverless,30.0,30.0,60.701,False,200,
1787722324.196071,serverless,30.0,30.0,42.173,False,200,
1787722324.2294042,serverless,30.0,30.0,57.053,False,200,
1787722324.2627378,serverless,30.0,30.0,49.113,False,200,
1787722324.296071,serverless,30.0,30.0,38.957,False,200,
1787722324.3294044,serverless,30.0,30.0,48.536,False,200,
1787722324.3627377,serverless,30.0,30.0,63.26,False,200,
1787722324.396071,serverless,30.0,30.0,55.848,False,200,
1787722324.4294043,serverless,30.0,30.0,51.175,False,200,
1787722324.4627376,serverless,30.0,30.0,46.639,False,200,
1787722324.4960709,serverless,30.0,30.0,66.171,False,200,
1787722324.5294044,serverless,30.0,30.0,53.382,False,200,
1787722324.5627377,serverless,30.0,30.0,50.709,False,200,
1787722324.596071,serverless,30.0,30.0,48.902,False,200,
1787722324.6294043,serverless,30.0,30.0,51.983,False,200,
1787722324.6627376,serverless,30.0,30.0,53.925,False,200,
1787722324.696071,serverless,30.0,30.0,58.35,False,200,
1787722324.7294042,serverless,30.0,30.0,63.797,False,200,
1787722324.7627378,serverless,30.0,30.0,69.026,False,200,
1787722324.796071,serverless,30.0,30.0,52.264,False,200,
1787722324.8294044,serverless,30.0,30.0,41.466,False,200,
1787722324.8627377,serverless,30.0,30.0,860.842,True,200,
1787722324.896071,serverless,30.0,30.0,54.579,False,200,
1787722324.9294043,serverless,30.0,30.0,52.872,False,200,
1787722324.9627376,serverless,30.0,30.0,67.588,False,200,
1787722324.9960709,serverless,30.0,30.0,53.447,False,200,
1787722325.0294044,serverless,30.0,30.0,39.149,False,200,
1787722325.0627377,serverless,30.0,30.0,59.521,False,200,
1787722325.096071,serverless,30.0,30.0,52.972,False,200,
1787722325.1294043,serverless,30.0,30.0,51.785,False,200,
1787722325.1627376,serverless,30.0,30.0,46.782,False,200,
1787722325.196071,serverless,30.0,30.0,43.869,False,200,
1787722325.2294042,serverless,30.0,30.0,68.27,False,200,
1787722325.2627378,serverless,30.0,30.0,54.533,False,200,
1787722325.296071,serverless,30.0,30.0,72.759,False,200,
1787722325.3294044,serverless,30.0,30.0,52.508,False,200,
1787722325.3627377,serverless,30.0,30.0,38.072,False,200,
1787722325.396071,serverless,30.0,30.0,43.062,False,200,
1787722325.4294043,serverless,30.0,30.0,55.966,False,200,
1787722325.4627376,serverless,30.0,30.0,44.628,False,200,
1787722325.4960709,serverless,30.0,30.0,52.912,False,200,
1787722325.5294044,serverless,30.0,30.0,49.115,False,200,
1787722325.5627377,serverless,30.0,30.0,52.504,False,200,
1787722325.596071,serverless,30.0,30.0,56.563,False,200,
1787722325.6294043,serverless,30.0,30.0,57.861,False,200,
1787722325.6627376,serverless,30.0,30.0,52.154,False,200,
1787722325.696071,serverless,30.0,30.0,43.129,False,200,
1787722325.7294042,serverless,30.0,30.0,48.555,False,200,
1787722325.7627378,serverless,30.0,30.0,61.61,False,200,
1787722325.796071,serverless,30.0,30.0,64.764,False,200,
1787722325.8294044,serverless,30.0,30.0,53.636,False,200,
1787722325.8627377,serverless,30.0,30.0,44.836,False,200,
1787722325.896071,serverless,30.0,30.0,52.145,False,200,
1787722325.9294043,serverless,30.0,30.0,47.312,False,200,
1787722325.9627376,serverless,30.0,30.0,32.019,False,200,
1787722325.9960709,serverless,30.0,30.0,32.754,False,200,
1787722326.0294044,serverless,30.0,30.0,979.189,True,200,
1787722326.0627377,serverless,30.0,30.0,55.654,False,200,
1787722326.096071,serverless,30.0,30.0,49.112,False,200,
1787722326.1294043,serverless,30.0,30.0,49.725,False,200,
1787722326.1627376,serverless,30.0,30.0,51.307,False,200,
1787722326.196071,serverless,30.0,30.0,68.562,False,200,
1787722326.2294042,serverless,30.0,30.0,45.355,False,200,
1787722326.2627378,serverless,30.0,30.0,58.503,False,200,
1787722326.296071,serverless,30.0,30.0,55.712,False,200,
1787722326.3294044,serverless,30.0,30.0,1227.601,True,200,
1787722326.3627377,serverless,30.0,30.0,45.734,False,200,
1787722326.396071,serverless,30.0,30.0,50.866,False,200,
1787722326.4294043,serverless,30.0,30.0,60.933,False,200,
1787722326.4627376,serverless,30.0,30.0,76.92,False,200,
1787722326.4960709,serverless,30.0,30.0,53.712,False,200,
1787722326.5294044,serverless,30.0,30.0,45.605,False,200,
1787722326.5627377,serverless,30.0,30.0,44.413,False,200,
1787722326.596071,serverless,30.0,30.0,50.755,False,200,
1787722326.6294043,serverless,30.0,30.0,57.395,False,200,
1787722326.6627376,serverless,30.0,30.0,58.407,False,200,
1787722326.696071,serverless,30.0,30.0,50.017,False,200,
1787722326.7294042,serverless,30.0,30.0,49.277,False,200,
1787722326.7627378,serverless,30.0,30.0,35.175,False,200,
1787722326.796071,serverless,30.0,30.0,40.747,False,200,
1787722326.8294044,serverless,30.0,30.0,56.427,False,200,
1787722326.8627377,serverless,30.0,30.0,71.218,False,200,
1787722326.896071,serverless,30.0,30.0,63.716,False,200,
1787722326.9294043,serverless,30.0,30.0,50.398,False,200,
1787722326.9627376,serverless,30.0,30.0,36.123,False,200,
1787722326.9960709,serverless,30.0,30.0,57.481,False,200,
1787722327.0294044,serverless,30.0,30.0,48.341,False,200,
1787722327.0627377,serverless,30.0,30.0,35.449,False,200,
1787722327.096071,serverless,30.0,30.0,70.589,False,200,
1787722327.1294043,serverless,30.0,30.0,67.897,False,200,
1787722327.1627376,serverless,30.0,30.0,55.073,False,200,
1787722327.196071,serverless,30.0,30.0,54.354,False,200,
1787722327.2294042,serverless,30.0,30.0,51.359,False,200,
1787722327.2627378,serverless,30.0,30.0,51.633,False,200,
1787722327.296071,serverless,30.0,30.0,51.767,False,200,
1787722327.3294044,serverless,30.0,30.0,58.645,False,200,
1787722327.3627377,serverless,30.0,30.0,42.203,False,200,
1787722327.396071,serverless,30.0,30.0,40.775,False,200,
1787722327.4294043,serverless,30.0,30.0,63.012,False,200,
1787722327.4627376,serverless,30.0,30.0,52.867,False,200,
1787722327.4960709,serverless,30.0,30.0,59.602,False,200,
1787722327.5294044,serverless,30.0,30.0,60.608,False,200,
1787722327.5627377,serverless,30.0,30.0,47.156,False,200,
1787722327.596071,serverless,30.0,30.0,40.37,False,200,
1787722327.6294043,serverless,30.0,30.0,48.623,False,200,
1787722327.6627376,serverless,30.0,30.0,49.995,False,200,
1787722327.696071,serverless,30.0,30.0,51.245,False,200,
1787722327.7294042,serverless,30.0,30.0,45.606,False,200,
1787722327.7627378,serverless,30.0,30.0,61.585,False,200,
1787722327.796071,serverless,30.0,30.0,81.258,False,200,
1787722327.8294044,serverless,30.0,30.0,76.267,False,200,
1787722327.8627377,serverless,30.0,30.0,58.436,False,200,
1787722327.896071,serverless,30.0,30.0,40.902,False,200,
1787722327.9294043,serverless,30.0,30.0,59.659,False,200,
1787722327.9627376,serverless,30.0,30.0,39.364,False,200,
1787722327.9960709,serverless,30.0,30.0,59.665,False,200,
1787722328.0294044,serverless,30.0,30.0,72.242,False,200,
1787722328.0627377,serverless,30.0,30.0,61.515,False,200,
1787722328.096071,serverless,30.0,30.0,65.321,False,200,
1787722328.1294043,serverless,30.0,30.0,28.601,False,200,
1787722328.1627376,serverless,30.0,30.0,58.137,False,200,
1787722328.196071,serverless,30.0,30.0,37.325,False,200,
1787722328.2294042,serverless,30.0,30.0,60.981,False,200,
1787722328.2627378,serverless,30.0,30.0,66.601,False,200,
1787722328.296071,serverless,30.0,30.0,36.77,False,200,
1787722328.3294044,serverless,30.0,30.0,54.655,False,200,
1787722328.3627377,serverless,30.0,30.0,68.087,False,200,
1787722328.396071,serverless,30.0,30.0,44.604,False,200,
1787722328.4294043,serverless,30.0,30.0,52.693,False,200,
1787722328.4627376,serverless,30.0,30.0,54.4,False,200,
1787722328.4960709,serverless,30.0,30.0,48.702,False,200,
1787722328.5294044,serverless,30.0,30.0,52.588,False,200,
1787722328.5627377,serverless,30.0,30.0,39.7,False,200,
1787722328.596071,serverless,30.0,30.0,46.419,False,200,
1787722328.6294043,serverless,30.0,30.0,60.986,False,200,
1787722328.6627376,serverless,30.0,30.0,37.232,False,200,
1787722328.696071,serverless,30.0,30.0,45.891,False,200,
1787722328.7294042,serverless,30.0,30.0,40.185,False,200,
1787722328.7627378,serverless,30.0,30.0,47.724,False,200,
1787722328.796071,serverless,30.0,30.0,63.312,False,200,
1787722328.8294044,serverless,30.0,30.0,50.937,False,200,
1787722328.8627377,serverless,30.0,30.0,44.515,False,200,
1787722328.896071,serverless,30.0,30.0,57.202,False,200,
1787722328.9294043,serverless,30.0,30.0,64.246,False,200,
1787722328.9627376,serverless,30.0,30.0,48.263,False,200,
1787722328.9960709,serverless,30.0,30.0,48.703,False,200,
1787722329.0294044,serverless,30.0,30.0,81.148,False,200,
1787722329.0627377,serverless,30.0,30.0,41.398,False,200,
1787722329.096071,serverless,30.0,30.0,46.283,False,200,
1787722329.1294043,serverless,30.0,30.0,1128.086,True,200,
1787722329.1627376,serverless,30.0,30.0,44.163,False,200,
1787722329.196071,serverless,30.0,30.0,42.846,False,200,
1787722329.2294042,serverless,30.0,30.0,33.597,False,200,
1787722329.2627378,serverless,30.0,30.0,42.497,False,200,
1787722329.296071,serverless,30.0,30.0,46.527,False,200,
1787722329.3294044,serverless,30.0,30.0,54.022,False,200,
1787722329.3627377,serverless,30.0,30.0,35.749,False,200,
1787722329.396071,serverless,30.0,30.0,72.644,False,200,
1787722329.4294043,serverless,30.0,30.0,49.126,False,200,
1787722329.4627376,serverless,30.0,30.0,57.611,False,200,
1787722329.4960709,serverless,30.0,30.0,50.154,False,200,
1787722329.5294044,serverless,30.0,30.0,42.728,False,200,
1787722329.5627377,serverless,30.0,30.0,35.264,False,200,
1787722329.596071,serverless,30.0,30.0,43.344,False,200,
1787722329.6294043,serverless,30.0,30.0,44.543,False,200,
1787722329.6627376,serverless,30.0,30.0,52.027,False,200,
1787722329.696071,serverless,30.0,30.0,55.438,False,200,
1787722329.7294042,serverless,30.0,30.0,832.5,True,200,
1787722329.7627378,serverless,30.0,30.0,61.141,False,200,
1787722329.796071,serverless,30.0,30.0,50.174,False,200,
1787722329.8294044,serverless,30.0,30.0,44.552,False,200,
1787722329.8627377,serverless,30.0,30.0,48.958,False,200,
1787722329.896071,serverless,30.0,30.0,44.284,False,200,
1787722329.9294043,serverless,30.0,30.0,41.223,False,200,
1787722329.9627376,serverless,30.0,30.0,60.811,False,200,
1787722329.9960709,serverless,30.0,30.0,42.751,False,200,
1787722330.0294044,serverless,30.0,30.0,68.202,False,200,
1787722330.0627377,serverless,30.0,30.0,69.691,False,200,
1787722330.096071,serverless,30.0,30.0,54.165,False,200,
1787722330.1294043,serverless,30.0,30.0,63.31,False,200,
1787722330.1627376,serverless,30.0,30.0,58.909,False,200,
1787722330.196071,serverless,30.0,30.0,61.752,False,200,
1787722330.2294042,serverless,30.0,30.0,52.963,False,200,
1787722330.2627378,serverless,30.0,30.0,66.185,False,200,
1787722330.296071,serverless,30.0,30.0,69.676,False,200,
1787722330.3294044,serverless,30.0,30.0,58.103,False,200,
1787722330.3627377,serverless,30.0,30.0,34.755,False,200,
1787722330.396071,serverless,30.0,30.0,33.244,False,200,
1787722330.4294043,serverless,30.0,30.0,47.812,False,200,
1787722330.4627376,serverless,30.0,30.0,41.884,False,200,
1787722330.4960709,serverless,30.0,30.0,51.438,False,200,
1787722330.5294044,serverless,30.0,30.0,42.207,False,200,
1787722330.5627377,serverless,30.0,30.0,48.203,False,200,
1787722330.596071,serverless,30.0,30.0,54.076,False,200,
1787722330.6294043,serverless,30.0,30.0,50.097,False,200,
1787722330.6627376,serverless,30.0,30.0,69.367,False,200,
1787722330.696071,serverless,30.0,30.0,47.83,False,200,
1787722330.7294042,serverless,30.0,30.0,71.09,False,200,
1787722330.7627378,serverless,30.0,30.0,36.594,False,200,
1787722330.796071,serverless,30.0,30.0,45.109,False,200,
1787722330.8294044,serverless,30.0,30.0,38.342,False,200,
1787722330.8627377,serverless,30.0,30.0,46.495,False,200,
1787722330.896071,serverless,30.0,30.0,35.349,False,200,
1787722330.9294043,serverless,30.0,30.0,60.316,False,200,
1787722330.9627376,serverless,30.0,30.0,35.915,False,200,
1787722330.9960709,serverless,30.0,30.0,66.176,False,200,
1787722331.0294044,serverless,30.0,30.0,40.947,False,200,
1787722331.0627377,serverless,30.0,30.0,52.621,False,200,
1787722331.096071,serverless,30.0,30.0,51.785,False,200,
1787722331.1294043,serverless,30.0,30.0,48.419,False,200,
1787722331.1627376,serverless,30.0,30.0,35.874,False,200,
1787722331.196071,serverless,30.0,30.0,46.109,False,200,
1787722331.2294042,serverless,30.0,30.0,45.13,False,200,
1787722331.2627378,serverless,30.0,30.0,47.882,False,200,
1787722331.296071,serverless,30.0,30.0,64.223,False,200,
1787722331.3294044,serverless,30.0,30.0,50.007,False,200,
1787722331.3627377,serverless,30.0,30.0,31.522,False,200,
1787722331.396071,serverless,30.0,30.0,51.355,False,200,
1787722331.4294043,serverless,30.0,30.0,40.193,False,200,
1787722331.4627376,serverless,30.0,30.0,47.071,False,200,
1787722331.4960709,serverless,30.0,30.0,46.662,False,200,
1787722331.5294044,serverless,30.0,30.0,45.08,False,200,
1787722331.5627377,serverless,30.0,30.0,43.949,False,200,
1787722331.596071,serverless,30.0,30.0,43.363,False,200,
1787722331.6294043,serverless,30.0,30.0,60.096,False,200,
1787722331.6627376,serverless,30.0,30.0,50.041,False,200,
1787722331.696071,serverless,30.0,30.0,39.738,False,200,
1787722331.7294042,serverless,30.0,30.0,44.872,False,200,
1787722331.7627378,serverless,30.0,30.0,39.779,False,200,
1787722331.796071,serverless,30.0,30.0,44.051,False,200,
1787722331.8294044,serverless,30.0,30.0,34.958,False,200,
1787722331.8627377,serverless,30.0,30.0,49.61,False,200,
1787722331.896071,serverless,30.0,30.0,67.766,False,200,
1787722331.9294043,serverless,30.0,30.0,51.179,False,200,
1787722331.9627376,serverless,30.0,30.0,41.328,False,200,
1787722331.9960709,serverless,30.0,30.0,46.607,False,200,
1787722332.0294044,serverless,30.0,30.0,44.256,False,200,
1787722332.0627377,serverless,30.0,30.0,45.651,False,200,
1787722332.096071,serverless,30.0,30.0,50.14,False,200,
1787722332.1294043,serverless,30.0,30.0,66.125,False,200,
1787722332.1627376,serverless,30.0,30.0,57.974,False,200,
1787722332.196071,serverless,30.0,30.0,32.776,False,200,
1787722332.2294042,serverless,30.0,30.0,43.228,False,200,
1787722332.2627378,serverless,30.0,30.0,41.645,False,200,
1787722332.296071,serverless,30.0,30.0,57.409,False,200,
1787722332.3294044,serverless,30.0,30.0,59.467,False,200,
1787722332.3627377,serverless,30.0,30.0,51.394,False,200,
1787722332.396071,serverless,30.0,30.0,57.262,False,200,
1787722332.4294043,serverless,30.0,30.0,49.211,False,200,
1787722332.4627376,serverless,30.0,30.0,86.99,False,200,
1787722332.4960709,serverless,30.0,30.0,65.815,False,200,
1787722332.5294044,serverless,30.0,30.0,46.339,False,200,
1787722332.5627377,serverless,30.0,30.0,52.907,False,200,
1787722332.596071,serverless,30.0,30.0,53.808,False,200,
1787722332.6294043,serverless,30.0,30.0,61.701,False,200,
1787722332.6627376,serverless,30.0,30.0,57.286,False,200,
1787722332.696071,serverless,30.0,30.0,50.346,False,200,
1787722332.7294042,serverless,30.0,30.0,52.008,False,200,
1787722332.7627378,serverless,30.0,30.0,40.85,False,200,
1787722332.796071,serverless,30.0,30.0,64.161,False,200,
1787722332.8294044,serverless,30.0,30.0,35.324,False,200,
1787722332.8627377,serverless,30.0,30.0,48.9,False,200,
1787722332.896071,serverless,30.0,30.0,57.843,False,200,
1787722332.9294043,serverless,30.0,30.0,51.094,False,200,
1787722332.9627376,serverless,30.0,30.0,66.316,False,200,
1787722332.9960709,serverless,30.0,30.0,43.38,False,200,
1787722333.0294044,serverless,30.0,30.0,31.651,False,200,
1787722333.0627377,serverless,30.0,30.0,33.001,False,200,
1787722333.096071,serverless,30.0,30.0,50.32,False,200,
1787722333.1294043,serverless,30.0,30.0,48.802,False,200,
1787722333.1627376,serverless,30.0,30.0,42.498,False,200,
1787722333.196071,serverless,30.0,30.0,56.326,False,200,
1787722333.2294042,serverless,30.0,30.0,75.457,False,200,
1787722333.2627378,serverless,30.0,30.0,44.027,False,200,
1787722333.296071,serverless,30.0,30.0,39.695,False,200,
1787722333.3294044,serverless,30.0,30.0,38.568,False,200,
1787722333.3627377,serverless,30.0,30.0,78.389,False,200,
1787722333.396071,serverless,30.0,30.0,55.618,False,200,
1787722333.4294043,serverless,30.0,30.0,54.095,False,200,
1787722333.4627376,serverless,30.0,30.0,58.25,False,200,
1787722333.4960709,serverless,30.0,30.0,58.626,False,200,
1787722333.5294044,serverless,30.0,30.0,42.874,False,200,
1787722333.5627377,serverless,30.0,30.0,49.515,False,200,
1787722333.596071,serverless,30.0,30.0,55.253,False,200,
1787722333.6294043,serverless,30.0,30.0,58.179,False,200,
1787722333.6627376,serverless,30.0,30.0,46.997,False,200,
1787722333.696071,serverless,30.0,30.0,44.549,False,200,
1787722333.7294042,serverless,30.0,30.0,45.873,False,200,
1787722333.7627378,serverless,30.0,30.0,75.995,False,200,
1787722333.796071,serverless,30.0,30.0,44.5,False,200,
1787722333.8294044,serverless,30.0,30.0,38.871,False,200,
1787722333.8627377,serverless,30.0,30.0,50.006,False,200,
1787722333.896071,serverless,30.0,30.0,41.348,False,200,
1787722333.9294043,serverless,30.0,30.0,61.439,False,200,
1787722333.9627376,serverless,30.0,30.0,48.0,False,200,
1787722333.9960709,serverless,30.0,30.0,42.716,False,200,
1787722334.0294044,serverless,30.0,30.0,45.205,False,200,
1787722334.0627377,serverless,30.0,30.0,64.946,False,200,
1787722334.096071,serverless,30.0,30.0,59.305,False,200,
1787722334.1294043,serverless,30.0,30.0,36.975,False,200,
1787722334.1627376,serverless,30.0,30.0,40.068,False,200,
1787722334.196071,serverless,30.0,30.0,55.731,False,200,
1787722334.2294042,serverless,30.0,30.0,37.733,False,200,
1787722334.2627378,serverless,30.0,30.0,41.481,False,200,
1787722334.296071,serverless,30.0,30.0,52.752,False,200,
1787722334.3294044,serverless,30.0,30.0,69.659,False,200,
1787722334.3627377,serverless,30.0,30.0,57.386,False,200,
1787722334.396071,serverless,30.0,30.0,44.184,False,200,
1787722334.4294043,serverless,30.0,30.0,46.746,False,200,
1787722334.4627376,serverless,30.0,30.0,33.611,False,200,
1787722334.4960709,serverless,30.0,30.0,57.547,False,200,
1787722334.5294044,serverless,30.0,30.0,51.737,False,200,
1787722334.5627377,serverless,30.0,30.0,44.388,False,200,
1787722334.596071,serverless,30.0,30.0,43.661,False,200,
1787722334.6294043,serverless,30.0,30.0,38.518,False,200,
1787722334.6627376,serverless,30.0,30.0,42.736,False,200,
1787722334.696071,serverless,30.0,30.0,79.927,False,200,
1787722334.7294042,serverless,30.0,30.0,34.638,False,200,
1787722334.7627378,serverless,30.0,30.0,49.208,False,200,
1787722334.796071,serverless,30.0,30.0,34.406,False,200,
1787722334.8294044,serverless,30.0,30.0,52.314,False,200,
1787722334.8627377,serverless,30.0,30.0,56.453,False,200,
1787722334.896071,serverless,30.0,30.0,44.936,False,200,
1787722334.9294043,serverless,30.0,30.0,35.701,False,200,
1787722334.9627376,serverless,30.0,30.0,82.232,False,200,
1787722334.9960709,serverless,30.0,30.0,74.51,False,200,
1787722335.0294044,serverless,30.0,30.0,60.026,False,200,
1787722335.0627377,serverless,30.0,30.0,41.669,False,200,
1787722335.096071,serverless,30.0,30.0,66.907,False,200,
1787722335.1294043,serverless,30.0,30.0,51.003,False,200,
1787722335.1627376,serverless,30.0,30.0,48.952,False,200,
1787722335.196071,serverless,30.0,30.0,41.299,False,200,
1787722335.2294042,serverless,30.0,30.0,47.878,False,200,
1787722335.2627378,serverless,30.0,30.0,42.513,False,200,
1787722335.296071,serverless,30.0,30.0,48.302,False,200,
1787722335.3294044,serverless,30.0,30.0,63.599,False,200,
1787722335.3627377,serverless,30.0,30.0,63.284,False,200,
1787722335.396071,serverless,30.0,30.0,43.435,False,200,
1787722335.4294043,serverless,30.0,30.0,49.24,False,200,
1787722335.4627376,serverless,30.0,30.0,50.815,False,200,
1787722335.4960709,serverless,30.0,30.0,65.594,False,200,
1787722335.5294044,serverless,30.0,30.0,65.935,False,200,
1787722335.5627377,serverless,30.0,30.0,52.775,False,200,
1787722335.596071,serverless,30.0,30.0,46.843,False,200,
1787722335.6294043,serverless,30.0,30.0,35.964,False,200,
1787722335.6627376,serverless,30.0,30.0,79.508,False,200,
1787722335.696071,serverless,30.0,30.0,54.793,False,200,
1787722335.7294042,serverless,30.0,30.0,42.679,False,200,
1787722335.7627378,serverless,30.0,30.0,46.649,False,200,
1787722335.796071,serverless,30.0,30.0,32.314,False,200,
1787722335.8294044,serverless,30.0,30.0,61.749,False,200,
1787722335.8627377,serverless,30.0,30.0,42.327,False,200,
1787722335.896071,serverless,30.0,30.0,28.247,False,200,
1787722335.9294043,serverless,30.0,30.0,56.434,False,200,
1787722335.9627376,serverless,30.0,30.0,55.007,False,200,
1787722335.9960709,serverless,30.0,30.0,62.685,False,200,
1787722336.0294044,serverless,30.0,30.0,54.018,False,200,
1787722336.0627377,serverless,30.0,30.0,57.967,False,200,
1787722336.096071,serverless,30.0,30.0,44.024,False,200,
1787722336.1294043,serverless,30.0,30.0,58.201,False,200,
1787722336.1627376,serverless,30.0,30.0,43.334,False,200,
1787722336.196071,serverless,30.0,30.0,56.016,False,200,
1787722336.2294042,serverless,30.0,30.0,62.42,False,200,
1787722336.2627378,serverless,30.0,30.0,53.142,False,200,
1787722336.296071,serverless,30.0,30.0,42.181,False,200,
1787722336.3294044,serverless,30.0,30.0,33.875,False,200,
1787722336.3627377,serverless,30.0,30.0,57.329,False,200,
1787722336.396071,serverless,30.0,30.0,57.348,False,200,
1787722336.4294043,serverless,30.0,30.0,50.659,False,200,
1787722336.4627376,serverless,30.0,30.0,81.807,False,200,
1787722336.4960709,serverless,30.0,30.0,58.278,False,200,
1787722336.5294044,serverless,30.0,30.0,47.5,False,200,
1787722336.5627377,serverless,30.0,30.0,41.518,False,200,
1787722336.596071,serverless,30.0,30.0,58.903,False,200,
1787722336.6294043,serverless,30.0,30.0,64.753,False,200,
1787722336.6627376,serverless,30.0,30.0,57.628,False,200,
1787722336.696071,serverless,30.0,30.0,52.459,False,200,
1787722336.7294042,serverless,30.0,30.0,55.154,False,200,
1787722336.7627378,serverless,30.0,30.0,58.267,False,200,
1787722336.796071,serverless,30.0,30.0,41.344,False,200,
1787722336.8294044,serverless,30.0,30.0,64.644,False,200,
1787722336.8627377,serverless,30.0,30.0,57.933,False,200,
1787722336.896071,serverless,30.0,30.0,51.37,False,200,
1787722336.9294043,serverless,30.0,30.0,42.575,False,200,
1787722336.9627376,serverless,30.0,30.0,46.436,False,200,
1787722336.9960709,serverless,30.0,30.0,45.032,False,200,
1787722337.0294044,serverless,30.0,30.0,47.747,False,200,
1787722337.0627377,serverless,30.0,30.0,45.768,False,200,
1787722337.096071,serverless,30.0,30.0,46.942,False,200,
1787722337.1294043,serverless,30.0,30.0,47.42,False,200,
1787722337.1627376,serverless,30.0,30.0,51.901,False,200,
1787722337.196071,serverless,30.0,30.0,31.769,False,200,
1787722337.2294042,serverless,30.0,30.0,42.9,False,200,
1787722337.2627378,serverless,30.0,30.0,54.16,False,200,
1787722337.296071,serverless,30.0,30.0,1039.646,True,200,
1787722337.3294044,serverless,30.0,30.0,69.357,False,200,
1787722337.3627377,serverless,30.0,30.0,60.975,False,200,
1787722337.396071,serverless,30.0,30.0,52.447,False,200,
1787722337.4294043,serverless,30.0,30.0,57.521,False,200,
1787722337.4627376,serverless,30.0,30.0,64.122,False,200,
1787722337.4960709,serverless,30.0,30.0,1367.501,True,200,
1787722337.5294044,serverless,30.0,30.0,53.668,False,200,
1787722337.5627377,serverless,30.0,30.0,57.316,False,200,
1787722337.596071,serverless,30.0,30.0,43.582,False,200,
1787722337.6294043,serverless,30.0,30.0,51.924,False,200,
1787722337.6627376,serverless,30.0,30.0,61.041,False,200,
1787722337.696071,serverless,30.0,30.0,34.85,False,200,
1787722337.7294042,serverless,30.0,30.0,59.543,False,200,
1787722337.7627378,serverless,30.0,30.0,50.03,False,200,
1787722337.796071,serverless,30.0,30.0,66.723,False,200,
1787722337.8294044,serverless,30.0,30.0,38.513,False,200,
1787722337.8627377,serverless,30.0,30.0,51.515,False,200,
1787722337.896071,serverless,30.0,30.0,49.055,False,200,
1787722337.9294043,serverless,30.0,30.0,61.363,False,200,
1787722337.9627376,serverless,30.0,30.0,48.075,False,200,
1787722337.9960709,serverless,30.0,30.0,32.944,False,200,
1787722338.0294044,serverless,30.0,30.0,49.342,False,200,
1787722338.0627377,serverless,30.0,30.0,35.464,False,200,
1787722338.096071,serverless,30.0,30.0,60.351,False,200,
1787722338.1294043,serverless,30.0,30.0,58.776,False,200,
1787722338.1627376,serverless,30.0,30.0,52.175,False,200,
1787722338.196071,serverless,30.0,30.0,41.63,False,200,
1787722338.2294042,serverless,30.0,30.0,52.871,False,200,
1787722338.2627378,serverless,30.0,30.0,56.19,False,200,
1787722338.296071,serverless,30.0,30.0,44.473,False,200,
1787722338.3294044,serverless,30.0,30.0,56.299,False,200,
1787722338.3627377,serverless,30.0,30.0,45.019,False,200,
1787722338.396071,serverless,30.0,30.0,66.519,False,200,
1787722338.4294043,serverless,30.0,30.0,44.3,False,200,
1787722338.4627376,serverless,30.0,30.0,55.554,False,200,
1787722338.4960709,serverless,30.0,30.0,49.343,False,200,
1787722338.5294044,serverless,30.0,30.0,44.704,False,200,
1787722338.5627377,serverless,30.0,30.0,61.713,False,200,
1787722338.596071,serverless,30.0,30.0,57.076,False,200,
1787722338.6294043,serverless,30.0,30.0,83.728,False,200,
1787722338.6627376,serverless,30.0,30.0,55.519,False,200,
1787722338.696071,serverless,30.0,30.0,40.241,False,200,
1787722338.7294042,serverless,30.0,30.0,46.223,False,200,
1787722338.7627378,serverless,30.0,30.0,54.799,False,200,
1787722338.796071,serverless,30.0,30.0,41.038,False,200,
1787722338.8294044,serverless,30.0,30.0,52.126,False,200,
1787722338.8627377,serverless,30.0,30.0,37.745,False,200,
1787722338.896071,serverless,30.0,30.0,39.303,False,200,
1787722338.9294043,serverless,30.0,30.0,51.36,False,200,
1787722338.9627376,serverless,30.0,30.0,52.937,False,200,
1787722338.9960709,serverless,30.0,30.0,38.532,False,200,
1787722339.0294044,serverless,30.0,30.0,34.08,False,200,
1787722339.0627377,serverless,30.0,30.0,54.827,False,200,
1787722339.096071,serverless,30.0,30.0,66.501,False,200,
1787722339.1294043,serverless,30.0,30.0,41.113,False,200,
1787722339.1627376,serverless,30.0,30.0,36.54,False,200,
1787722339.196071,serverless,30.0,30.0,59.679,False,200,
1787722339.2294042,serverless,30.0,30.0,55.793,False,200,
1787722339.2627378,serverless,30.0,30.0,35.978,False,200,
1787722339.296071,serverless,30.0,30.0,39.377,False,200,
1787722339.3294044,serverless,30.0,30.0,56.478,False,200,
1787722339.3627377,serverless,30.0,30.0,40.321,False,200,
1787722339.396071,serverless,30.0,30.0,37.996,False,200,
1787722339.4294043,serverless,30.0,30.0,56.455,False,200,
1787722339.4627376,serverless,30.0,30.0,53.987,False,200,
1787722339.4960709,serverless,30.0,30.0,61.754,False,200,
1787722339.5294044,serverless,30.0,30.0,40.685,False,200,
1787722339.5627377,serverless,30.0,30.0,45.241,False,200,
1787722339.596071,serverless,30.0,30.0,58.109,False,200,
1787722339.6294043,serverless,30.0,30.0,41.68,False,200,
1787722339.6627376,serverless,30.0,30.0,50.532,False,200,
1787722339.696071,serverless,30.0,30.0,65.449,False,200,
1787722339.7294042,serverless,30.0,30.0,85.231,False,200,
1787722339.7627378,serverless,30.0,30.0,52.258,False,200,
1787722339.796071,serverless,30.0,30.0,27.897,False,200,
1787722339.8294044,serverless,30.0,30.0,60.962,False,200,
1787722339.8627377,serverless,30.0,30.0,47.24,False,200,
1787722339.896071,serverless,30.0,30.0,47.843,False,200,
1787722339.9294043,serverless,30.0,30.0,56.756,False,200,
1787722339.9627376,serverless,30.0,30.0,39.532,False,200,
1787722339.9960709,serverless,30.0,30.0,51.267,False,200,
1787722340.0294044,serverless,30.0,30.0,37.122,False,200,
1787722340.0627377,serverless,30.0,30.0,68.065,False,200,
1787722340.096071,serverless,30.0,30.0,42.28,False,200,
1787722340.1294043,serverless,30.0,30.0,52.849,False,200,
1787722340.1627376,serverless,30.0,30.0,56.251,False,200,
1787722340.196071,serverless,30.0,30.0,59.477,False,200,
1787722340.2294042,serverless,30.0,30.0,37.093,False,200,
1787722340.2627378,serverless,30.0,30.0,54.962,False,200,
1787722340.296071,serverless,30.0,30.0,58.905,False,200,
1787722340.3294044,serverless,30.0,30.0,43.408,False,200,
1787722340.3627377,serverless,30.0,30.0,50.764,False,200,
1787722340.396071,serverless,30.0,30.0,64.668,False,200,
1787722340.4294043,serverless,30.0,30.0,53.756,False,200,
1787722340.4627376,serverless,30.0,30.0,66.825,False,200,
1787722340.4960709,serverless,30.0,30.0,39.464,False,200,
1787722340.5294044,serverless,30.0,30.0,39.399,False,200,
1787722340.5627377,serverless,30.0,30.0,48.076,False,200,
1787722340.596071,serverless,30.0,30.0,63.204,False,200,
1787722340.6294043,serverless,30.0,30.0,46.28,False,200,
1787722340.6627376,serverless,30.0,30.0,42.412,False,200,
1787722340.696071,serverless,30.0,30.0,64.749,False,200,
1787722340.7294042,serverless,30.0,30.0,46.783,False,200,
1787722340.7627378,serverless,30.0,30.0,60.778,False,200,
1787722340.796071,serverless,30.0,30.0,48.477,False,200,
1787722340.8294044,serverless,30.0,30.0,53.963,False,200,
1787722340.8627377,serverless,30.0,30.0,41.376,False,200,
1787722340.896071,serverless,30.0,30.0,33.472,False,200,
1787722340.9294043,serverless,30.0,30.0,46.652,False,200,
1787722340.9627376,serverless,30.0,30.0,49.43,False,200,
1787722340.9960709,serverless,30.0,30.0,60.207,False,200,
1787722341.0294044,serverless,30.0,30.0,39.838,False,200,
1787722341.0627377,serverless,30.0,30.0,51.122,False,200,
1787722341.096071,serverless,30.0,30.0,40.918,False,200,
1787722341.1294043,serverless,30.0,30.0,47.938,False,200,
1787722341.1627376,serverless,30.0,30.0,54.856,False,200,
1787722341.196071,serverless,30.0,30.0,39.229,False,200,
1787722341.2294042,serverless,30.0,30.0,52.523,False,200,
1787722341.2627378,serverless,30.0,30.0,44.294,False,200,
1787722341.296071,serverless,30.0,30.0,44.846,False,200,
1787722341.3294044,serverless,30.0,30.0,40.583,False,200,
1787722341.3627377,serverless,30.0,30.0,55.108,False,200,
1787722341.396071,serverless,30.0,30.0,49.274,False,200,
1787722341.4294043,serverless,30.0,30.0,36.932,False,200,
1787722341.4627376,serverless,30.0,30.0,35.754,False,200,
1787722341.4960709,serverless,30.0,30.0,49.279,False,200,
1787722341.5294044,serverless,30.0,30.0,38.579,False,200,
1787722341.5627377,serverless,30.0,30.0,47.063,False,200,
1787722341.596071,serverless,30.0,30.0,41.4,False,200,
1787722341.6294043,serverless,30.0,30.0,37.748,False,200,
1787722341.6627376,serverless,30.0,30.0,42.009,False,200,
1787722341.696071,serverless,30.0,30.0,54.413,False,200,
1787722341.7294042,serverless,30.0,30.0,38.357,False,200,
1787722341.7627378,serverless,30.0,30.0,43.749,False,200,
1787722341.796071,serverless,30.0,30.0,51.879,False,200,
1787722341.8294044,serverless,30.0,30.0,52.277,False,200,
1787722341.8627377,serverless,30.0,30.0,43.617,False,200,
1787722341.896071,serverless,30.0,30.0,69.931,False,200,
1787722341.9294043,serverless,30.0,30.0,58.121,False,200,
1787722341.9627376,serverless,30.0,30.0,46.933,False,200,
1787722341.9960709,serverless,30.0,30.0,68.147,False,200,
1787722342.0294044,serverless,30.0,30.0,55.48,False,200,
1787722342.0627377,serverless,30.0,30.0,49.336,False,200,
1787722342.096071,serverless,30.0,30.0,50.141,False,200,
1787722342.1294043,serverless,30.0,30.0,61.557,False,200,
1787722342.1627376,serverless,30.0,30.0,44.064,False,200,
1787722342.196071,serverless,30.0,30.0,56.366,False,200,
1787722342.2294042,serverless,30.0,30.0,55.1,False,200,
1787722342.2627378,serverless,30.0,30.0,53.132,False,200,
1787722342.296071,serverless,30.0,30.0,57.355,False,200,
1787722342.3294044,serverless,30.0,30.0,43.585,False,200,
1787722342.3627377,serverless,30.0,30.0,45.532,False,200,
1787722342.396071,serverless,30.0,30.0,65.088,False,200,
1787722342.4294043,serverless,30.0,30.0,44.307,False,200,
1787722342.4627376,serverless,30.0,30.0,64.495,False,200,
1787722342.4960709,serverless,30.0,30.0,55.471,False,200,
1787722342.5294044,serverless,30.0,30.0,52.65,False,200,
1787722342.5627377,serverless,30.0,30.0,37.739,False,200,
1787722342.596071,serverless,30.0,30.0,55.528,False,200,
1787722342.6294043,serverless,30.0,30.0,61.319,False,200,
1787722342.6627376,serverless,30.0,30.0,46.092,False,200,
1787722342.696071,serverless,30.0,30.0,52.432,False,200,
1787722342.7294042,serverless,30.0,30.0,46.711,False,200,
1787722342.7627378,serverless,30.0,30.0,51.372,False,200,
1787722342.796071,serverless,30.0,30.0,44.799,False,200,
1787722342.8294044,serverless,30.0,30.0,52.312,False,200,
1787722342.8627377,serverless,30.0,30.0,41.111,False,200,
1787722342.896071,serverless,30.0,30.0,42.606,False,200,
1787722342.9294043,serverless,30.0,30.0,49.819,False,200,
1787722342.9627376,serverless,30.0,30.0,38.263,False,200,
1787722342.9960709,serverless,30.0,30.0,52.02,False,200,
1787722343.0294044,serverless,30.0,30.0,50.205,False,200,
1787722343.0627377,serverless,30.0,30.0,58.987,False,200,
1787722343.096071,serverless,30.0,30.0,68.312,False,200,
1787722343.1294043,serverless,30.0,30.0,50.438,False,200,
1787722343.1627376,serverless,30.0,30.0,49.98,False,200,
1787722343.196071,serverless,30.0,30.0,54.68,False,200,
1787722343.2294042,serverless,30.0,30.0,44.453,False,200,
1787722343.2627378,serverless,30.0,30.0,53.908,False,200,
1787722343.296071,serverless,30.0,30.0,59.172,False,200,
1787722343.3294044,serverless,30.0,30.0,44.487,False,200,
1787722343.3627377,serverless,30.0,30.0,40.127,False,200,
1787722343.396071,serverless,30.0,30.0,49.773,False,200,
1787722343.4294043,serverless,30.0,30.0,80.257,False,200,
1787722343.4627376,serverless,30.0,30.0,40.515,False,200,
1787722343.4960709,serverless,30.0,30.0,38.062,False,200,
1787722343.5294044,serverless,30.0,30.0,48.295,False,200,
1787722343.5627377,serverless,30.0,30.0,59.241,False,200,
1787722343.596071,serverless,30.0,30.0,46.231,False,200,
1787722343.6294043,serverless,30.0,30.0,49.198,False,200,
1787722343.6627376,serverless,30.0,30.0,55.583,False,200,
1787722343.696071,serverless,30.0,30.0,52.001,False,200,
1787722343.7294042,serverless,30.0,30.0,59.481,False,200,
1787722343.7627378,serverless,30.0,30.0,40.121,False,200,
1787722343.796071,serverless,30.0,30.0,42.309,False,200,
1787722343.8294044,serverless,30.0,30.0,54.599,False,200,
1787722343.8627377,serverless,30.0,30.0,87.734,False,200,
1787722343.896071,serverless,30.0,30.0,92.752,False,200,
1787722343.9294043,serverless,30.0,30.0,56.005,False,200,
1787722343.9627376,serverless,30.0,30.0,58.748,False,200,
1787722343.9960709,serverless,30.0,30.0,53.969,False,200,
1787722344.0294044,serverless,30.0,30.0,40.644,False,200,
1787722344.0627377,serverless,30.0,30.0,44.592,False,200,
1787722344.096071,serverless,30.0,30.0,58.759,False,200,
1787722344.1294043,serverless,30.0,30.0,34.976,False,200,
1787722344.1627376,serverless,30.0,30.0,45.094,False,200,
1787722344.196071,serverless,30.0,30.0,47.4,False,200,
1787722344.2294042,serverless,30.0,30.0,72.775,False,200,
1787722344.2627378,serverless,30.0,30.0,39.535,False,200,
1787722344.296071,serverless,30.0,30.0,43.572,False,200,
1787722344.3294044,serverless,30.0,30.0,48.813,False,200,
1787722344.3627377,serverless,30.0,30.0,52.846,False,200,
1787722344.396071,serverless,30.0,30.0,42.759,False,200,
1787722344.4294043,serverless,30.0,30.0,52.666,False,200,
1787722344.4627376,serverless,30.0,30.0,44.101,False,200,
1787722344.4960709,serverless,30.0,30.0,34.496,False,200,
1787722344.5294044,serverless,30.0,30.0,75.038,False,200,
1787722344.5627377,serverless,30.0,30.0,42.798,False,200,
1787722344.596071,serverless,30.0,30.0,36.829,False,200,
1787722344.6294043,serverless,30.0,30.0,27.021,False,200,
1787722344.6627376,serverless,30.0,30.0,69.89,False,200,
1787722344.696071,serverless,30.0,30.0,48.196,False,200,
1787722344.7294042,serverless,30.0,30.0,65.382,False,200,
1787722344.7627378,serverless,30.0,30.0,51.837,False,200,
1787722344.796071,serverless,30.0,30.0,43.424,False,200,
1787722344.8294044,serverless,30.0,30.0,45.859,False,200,
1787722344.8627377,serverless,30.0,30.0,55.012,False,200,
1787722344.896071,serverless,30.0,30.0,59.787,False,200,
1787722344.9294043,serverless,30.0,30.0,62.359,False,200,
1787722344.9627376,serverless,30.0,30.0,49.495,False,200,
1787722344.9960709,serverless,30.0,30.0,54.847,False,200,
1787722345.0294044,serverless,30.0,30.0,39.687,False,200,
1787722345.0627377,serverless,30.0,30.0,41.229,False,200,
1787722345.096071,serverless,30.0,30.0,60.767,False,200,
1787722345.1294043,serverless,30.0,30.0,61.189,False,200,
1787722345.1627376,serverless,30.0,30.0,49.174,False,200,
1787722345.196071,serverless,30.0,30.0,59.93,False,200,
1787722345.2294042,serverless,30.0,30.0,40.863,False,200,
1787722345.2627378,serverless,30.0,30.0,52.938,False,200,
1787722345.296071,serverless,30.0,30.0,48.576,False,200,
1787722345.3294044,serverless,30.0,30.0,57.61,False,200,
1787722345.3627377,serverless,30.0,30.0,51.004,False,200,
1787722345.396071,serverless,30.0,30.0,65.971,False,200,
1787722345.4294043,serverless,30.0,30.0,50.907,False,200,
1787722345.4627376,serverless,30.0,30.0,60.981,False,200,
1787722345.4960709,serverless,30.0,30.0,72.816,False,200,
1787722345.5294044,serverless,30.0,30.0,42.143,False,200,
1787722345.5627377,serverless,30.0,30.0,58.072,False,200,
1787722345.596071,serverless,30.0,30.0,47.039,False,200,
1787722345.6294043,serverless,30.0,30.0,40.344,False,200,
1787722345.6627376,serverless,30.0,30.0,59.904,False,200,
1787722345.696071,serverless,30.0,30.0,43.258,False,200,
1787722345.7294042,serverless,30.0,30.0,45.339,False,200,
1787722345.7627378,serverless,30.0,30.0,75.468,False,200,
1787722345.796071,serverless,30.0,30.0,38.127,False,200,
1787722345.8294044,serverless,30.0,30.0,41.955,False,200,
1787722345.8627377,serverless,30.0,30.0,46.141,False,200,
1787722345.896071,serverless,30.0,30.0,44.845,False,200,
1787722345.9294043,serverless,30.0,30.0,56.849,False,200,
1787722345.9627376,serverless,30.0,30.0,56.952,False,200,
1787722345.9960709,serverless,30.0,30.0,59.541,False,200,
1787722346.0294044,serverless,30.0,30.0,35.07,False,200,
1787722346.0627377,serverless,30.0,30.0,57.08,False,200,
1787722346.096071,serverless,30.0,30.0,55.772,False,200,
1787722346.1294043,serverless,30.0,30.0,50.367,False,200,
1787722346.1627376,serverless,30.0,30.0,65.587,False,200,
1787722346.196071,serverless,30.0,30.0,49.824,False,200,
1787722346.2294042,serverless,30.0,30.0,54.772,False,200,
1787722346.2627378,serverless,30.0,30.0,58.421,False,200,
1787722346.296071,serverless,30.0,30.0,59.319,False,200,
1787722346.3294044,serverless,30.0,30.0,44.635,False,200,
1787722346.3627377,serverless,30.0,30.0,44.333,False,200,
1787722346.396071,serverless,30.0,30.0,35.517,False,200,
1787722346.4294043,serverless,30.0,30.0,42.37,False,200,
1787722346.4627376,serverless,30.0,30.0,41.55,False,200,
1787722346.4960709,serverless,30.0,30.0,55.249,False,200,
1787722346.5294044,serverless,30.0,30.0,57.825,False,200,
1787722346.5627377,serverless,30.0,30.0,40.381,False,200,
1787722346.596071,serverless,30.0,30.0,69.183,False,200,
1787722346.6294043,serverless,30.0,30.0,68.874,False,200,
1787722346.6627376,serverless,30.0,30.0,58.296,False,200,
1787722346.696071,serverless,30.0,30.0,63.61,False,200,
1787722346.7294042,serverless,30.0,30.0,42.022,False,200,
1787722346.7627378,serverless,30.0,30.0,37.669,False,200,
1787722346.796071,serverless,30.0,30.0,40.12,False,200,
1787722346.8294044,serverless,30.0,30.0,43.271,False,200,
1787722346.8627377,serverless,30.0,30.0,50.853,False,200,
1787722346.896071,serverless,30.0,30.0,46.841,False,200,
1787722346.9294043,serverless,30.0,30.0,30.987,False,200,
1787722346.9627376,serverless,30.0,30.0,44.176,False,200,
1787722346.9960709,serverless,30.0,30.0,41.273,False,200,
1787722347.0294044,serverless,30.0,30.0,65.166,False,200,
1787722347.0627377,serverless,30.0,30.0,35.739,False,200,
1787722347.096071,serverless,30.0,30.0,38.606,False,200,
1787722347.1294043,serverless,30.0,30.0,56.981,False,200,
1787722347.1627376,serverless,30.0,30.0,64.921,False,200,
1787722347.196071,serverless,30.0,30.0,70.838,False,200,
1787722347.2294042,serverless,30.0,30.0,68.927,False,200,
1787722347.2627378,serverless,30.0,30.0,49.51,False,200,
1787722347.296071,serverless,30.0,30.0,42.265,False,200,
1787722347.3294044,serverless,30.0,30.0,56.979,False,200,
1787722347.3627377,serverless,30.0,30.0,57.796,False,200,
1787722347.396071,serverless,30.0,30.0,35.802,False,200,
1787722347.4294043,serverless,30.0,30.0,63.82,False,200,
1787722347.4627376,serverless,30.0,30.0,55.189,False,200,
1787722347.4960709,serverless,30.0,30.0,45.395,False,200,
1787722347.5294044,serverless,30.0,30.0,56.482,False,200,
1787722347.5627377,serverless,30.0,30.0,54.615,False,200,
1787722347.596071,serverless,30.0,30.0,52.563,False,200,
1787722347.6294043,serverless,30.0,30.0,63.792,False,200,
1787722347.6627376,serverless,30.0,30.0,39.576,False,200,
1787722347.696071,serverless,30.0,30.0,59.607,False,200,
1787722347.7294042,serverless,30.0,30.0,31.737,False,200,
1787722347.7627378,serverless,30.0,30.0,51.84,False,200,
1787722347.796071,serverless,30.0,30.0,43.006,False,200,
1787722347.8294044,serverless,30.0,30.0,71.206,False,200,
1787722347.8627377,serverless,30.0,30.0,37.662,False,200,
1787722347.896071,serverless,30.0,30.0,42.261,False,200,
1787722347.9294043,serverless,30.0,30.0,1500.585,True,200,
1787722347.9627376,serverless,30.0,30.0,85.951,False,200,
1787722347.9960709,serverless,30.0,30.0,52.168,False,200,
1787722348.0294044,serverless,30.0,30.0,46.754,False,200,
1787722348.0627377,serverless,30.0,30.0,45.273,False,200,
1787722348.096071,serverless,30.0,30.0,61.523,False,200,
1787722348.1294043,serverless,30.0,30.0,38.57,False,200,
1787722348.1627376,serverless,30.0,30.0,58.278,False,200,
1787722348.196071,serverless,30.0,30.0,44.524,False,200,
1787722348.2294042,serverless,30.0,30.0,46.587,False,200,
1787722348.2627378,serverless,30.0,30.0,41.719,False,200,
1787722348.296071,serverless,30.0,30.0,51.292,False,200,
1787722348.3294044,serverless,30.0,30.0,48.248,False,200,
1787722348.3627377,serverless,30.0,30.0,38.699,False,200,
1787722348.396071,serverless,30.0,30.0,36.216,False,200,
1787722348.4294043,serverless,30.0,30.0,42.745,False,200,
1787722348.4627376,serverless,30.0,30.0,45.03,False,200,
1787722348.4960709,serverless,30.0,30.0,42.365,False,200,
1787722348.5294044,serverless,30.0,30.0,45.656,False,200,
1787722348.5627377,serverless,30.0,30.0,34.234,False,200,
1787722348.596071,serverless,30.0,30.0,57.843,False,200,
1787722348.6294043,serverless,30.0,30.0,64.194,False,200,
1787722348.6627376,serverless,30.0,30.0,49.635,False,200,
1787722348.696071,serverless,30.0,30.0,57.81,False,200,
1787722348.7294042,serverless,30.0,30.0,41.244,False,200,
1787722348.7627378,serverless,30.0,30.0,64.112,False,200,
1787722348.796071,serverless,30.0,30.0,64.664,False,200,
1787722348.8294044,serverless,30.0,30.0,44.53,False,200,
1787722348.8627377,serverless,30.0,30.0,43.943,False,200,
1787722348.896071,serverless,30.0,30.0,47.661,False,200,
1787722348.9294043,serverless,30.0,30.0,56.385,False,200,
1787722348.9627376,serverless,30.0,30.0,63.005,False,200,
1787722348.9960709,serverless,30.0,30.0,47.878,False,200,
1787722349.0294044,serverless,30.0,30.0,56.435,False,200,
1787722349.0627377,serverless,30.0,30.0,45.518,False,200,
1787722349.096071,serverless,30.0,30.0,52.354,False,200,
1787722349.1294043,serverless,30.0,30.0,56.696,False,200,
1787722349.1627376,serverless,30.0,30.0,64.361,False,200,
1787722349.196071,serverless,30.0,30.0,56.878,False,200,
1787722349.2294042,serverless,30.0,30.0,41.34,False,200,
1787722349.2627378,serverless,30.0,30.0,66.332,False,200,
1787722349.296071,serverless,30.0,30.0,72.579,False,200,
1787722349.3294044,serverless,30.0,30.0,47.311,False,200,
1787722349.3627377,serverless,30.0,30.0,55.941,False,200,
1787722349.396071,serverless,30.0,30.0,42.151,False,200,
1787722349.4294043,serverless,30.0,30.0,44.521,False,200,
1787722349.4627376,serverless,30.0,30.0,76.981,False,200,
1787722349.4960709,serverless,30.0,30.0,58.588,False,200,
1787722349.5294044,serverless,30.0,30.0,45.176,False,200,
1787722349.5627377,serverless,30.0,30.0,69.57,False,200,
1787722349.596071,serverless,30.0,30.0,36.968,False,200,
1787722349.6294043,serverless,30.0,30.0,55.306,False,200,
1787722349.6627376,serverless,30.0,30.0,32.152,False,200,
1787722349.696071,serverless,30.0,30.0,42.031,False,200,
1787722349.7294042,serverless,30.0,30.0,55.626,False,200,
1787722349.7627378,serverless,30.0,30.0,46.104,False,200,
1787722349.796071,serverless,30.0,30.0,44.033,False,200,
1787722349.8294044,serverless,30.0,30.0,42.498,False,200,
1787722349.8627377,serverless,30.0,30.0,45.28,False,200,
1787722349.896071,serverless,30.0,30.0,40.105,False,200,
1787722349.9294043,serverless,30.0,30.0,38.594,False,200,
1787722349.9627376,serverless,30.0,30.0,35.341,False,200,
1787722349.9960709,serverless,30.0,30.0,58.985,False,200,
1787722350.0294044,serverless,30.0,30.0,52.596,False,200,
1787722350.0627377,serverless,30.0,30.0,52.772,False,200,
1787722350.096071,serverless,30.0,30.0,48.357,False,200,
1787722350.1294043,serverless,30.0,30.0,46.746,False,200,
1787722350.1627376,serverless,30.0,30.0,47.119,False,200,
1787722350.196071,serverless,30.0,30.0,37.32,False,200,
1787722350.2294042,serverless,30.0,30.0,45.82,False,200,
1787722350.2627378,serverless,30.0,30.0,36.364,False,200,
1787722350.296071,serverless,30.0,30.0,39.708,False,200,
1787722350.3294044,serverless,30.0,30.0,44.433,False,200,
1787722350.3627377,serverless,30.0,30.0,36.329,False,200,
1787722350.396071,serverless,30.0,30.0,54.02,False,200,
1787722350.4294043,serverless,30.0,30.0,60.026,False,200,
1787722350.4627376,serverless,30.0,30.0,47.579,False,200,
1787722350.4960709,serverless,30.0,30.0,43.455,False,200,
1787722350.5294044,serverless,30.0,30.0,47.134,False,200,
1787722350.5627377,serverless,30.0,30.0,40.672,False,200,
1787722350.596071,serverless,30.0,30.0,54.945,False,200,
1787722350.6294043,serverless,30.0,30.0,66.047,False,200,
1787722350.6627376,serverless,30.0,30.0,55.2,False,200,
1787722350.696071,serverless,30.0,30.0,64.677,False,200,
1787722350.7294042,serverless,30.0,30.0,35.122,False,200,
1787722350.7627378,serverless,30.0,30.0,64.512,False,200,
1787722350.796071,serverless,30.0,30.0,62.302,False,200,
1787722350.8294044,serverless,30.0,30.0,47.205,False,200,
1787722350.8627377,serverless,30.0,30.0,58.302,False,200,
1787722350.896071,serverless,30.0,30.0,51.003,False,200,
1787722350.9294043,serverless,30.0,30.0,63.091,False,200,
1787722350.9627376,serverless,30.0,30.0,51.962,False,200,
1787722350.9960709,serverless,30.0,30.0,63.592,False,200,
1787722351.0294044,serverless,30.0,30.0,54.958,False,200,
1787722351.0627377,serverless,30.0,30.0,71.162,False,200,
1787722351.096071,serverless,30.0,30.0,38.543,False,200,
1787722351.1294043,serverless,30.0,30.0,62.208,False,200,
1787722351.1627376,serverless,30.0,30.0,40.499,False,200,
1787722351.196071,serverless,30.0,30.0,54.362,False,200,
1787722351.2294042,serverless,30.0,30.0,47.658,False,200,
1787722351.2627378,serverless,30.0,30.0,33.929,False,200,
1787722351.296071,serverless,30.0,30.0,53.079,False,200,
1787722351.3294044,serverless,30.0,30.0,42.6,False,200,
1787722351.3627377,serverless,30.0,30.0,51.734,False,200,
1787722351.396071,serverless,30.0,30.0,43.486,False,200,
1787722351.4294043,serverless,30.0,30.0,41.63,False,200,
1787722351.4627376,serverless,30.0,30.0,69.242,False,200,
1787722351.4960709,serverless,30.0,30.0,65.321,False,200,
1787722351.5294044,serverless,30.0,30.0,35.237,False,200,
1787722351.5627377,serverless,30.0,30.0,53.832,False,200,
1787722351.596071,serverless,30.0,30.0,39.726,False,200,
1787722351.6294043,serverless,30.0,30.0,61.351,False,200,
1787722351.6627376,serverless,30.0,30.0,84.855,False,200,
1787722351.696071,serverless,30.0,30.0,35.69,False,200,
1787722351.7294042,serverless,30.0,30.0,64.816,False,200,
1787722351.7627378,serverless,30.0,30.0,37.145,False,200,
1787722351.796071,serverless,30.0,30.0,65.075,False,200,
1787722351.8294044,serverless,30.0,30.0,51.705,False,200,
1787722351.8627377,serverless,30.0,30.0,49.219,False,200,
1787722351.896071,serverless,30.0,30.0,40.977,False,200,
1787722351.9294043,serverless,30.0,30.0,58.165,False,200,
1787722351.9627376,serverless,30.0,30.0,55.793,False,200,
1787722351.9960709,serverless,30.0,30.0,43.911,False,200,
1787722352.0294044,serverless,30.0,30.0,50.44,False,200,
1787722352.0627377,serverless,30.0,30.0,44.526,False,200,
1787722352.096071,serverless,30.0,30.0,39.756,False,200,
1787722352.1294043,serverless,30.0,30.0,58.479,False,200,
1787722352.1627376,serverless,30.0,30.0,41.334,False,200,
1787722352.196071,serverless,30.0,30.0,41.971,False,200,
1787722352.2294042,serverless,30.0,30.0,54.71,False,200,
1787722352.2627378,serverless,30.0,30.0,66.571,False,200,
1787722352.296071,serverless,30.0,30.0,37.497,False,200,
1787722352.3294044,serverless,30.0,30.0,41.822,False,200,
1787722352.3627377,serverless,30.0,30.0,53.93,False,200,
1787722352.396071,serverless,30.0,30.0,43.368,False,200,
1787722352.4294043,serverless,30.0,30.0,49.799,False,200,
1787722352.4627376,serverless,30.0,30.0,52.495,False,200,
1787722352.4960709,serverless,30.0,30.0,51.853,False,200,
1787722352.5294044,serverless,30.0,30.0,39.671,False,200,
1787722352.5627377,serverless,30.0,30.0,55.236,False,200,
1787722352.596071,serverless,30.0,30.0,35.961,False,200,
1787722352.6294043,serverless,30.0,30.0,49.42,False,200,
1787722352.6627376,serverless,30.0,30.0,58.009,False,200,
1787722352.696071,serverless,30.0,30.0,72.529,False,200,
1787722352.7294042,serverless,30.0,30.0,46.778,False,200,
1787722352.7627378,serverless,30.0,30.0,38.656,False,200,
1787722352.796071,serverless,30.0,30.0,59.414,False,200,
1787722352.8294044,serverless,30.0,30.0,29.968,False,200,
1787722352.8627377,serverless,30.0,30.0,62.358,False,200,
1787722352.896071,serverless,30.0,30.0,82.429,False,200,
1787722352.9294043,serverless,30.0,30.0,48.894,False,200,
1787722352.9627376,serverless,30.0,30.0,52.797,False,200,
1787722352.9960709,serverless,30.0,30.0,48.765,False,200,
1787722353.0294044,serverless,30.0,30.0,32.558,False,200,
1787722353.0627377,serverless,30.0,30.0,53.565,False,200,
1787722353.096071,serverless,30.0,30.0,59.59,False,200,
1787722353.1294043,serverless,30.0,30.0,48.93,False,200,
1787722353.1627376,serverless,30.0,30.0,45.89,False,200,
1787722353.196071,serverless,30.0,30.0,39.251,False,200,
1787722353.2294042,serverless,30.0,30.0,65.147,False,200,
1787722353.2627378,serverless,30.0,30.0,39.156,False,200,
1787722353.296071,serverless,30.0,30.0,45.494,False,200,
1787722353.3294044,serverless,30.0,30.0,48.602,False,200,
1787722353.3627377,serverless,30.0,30.0,52.255,False,200,
1787722353.396071,serverless,30.0,30.0,54.289,False,200,
1787722353.4294043,serverless,30.0,30.0,44.378,False,200,
1787722353.4627376,serverless,30.0,30.0,62.472,False,200,
1787722353.4960709,serverless,30.0,30.0,36.221,False,200,
1787722353.5294044,serverless,30.0,30.0,42.544,False,200,
1787722353.5627377,serverless,30.0,30.0,32.164,False,200,
1787722353.596071,serverless,30.0,30.0,27.979,False,200,
1787722353.6294043,serverless,30.0,30.0,43.813,False,200,
1787722353.6627376,serverless,30.0,30.0,58.082,False,200,
1787722353.696071,serverless,30.0,30.0,85.32,False,200,
1787722353.7294042,serverless,30.0,30.0,36.879,False,200,
1787722353.7627378,serverless,30.0,30.0,38.194,False,200,
1787722353.796071,serverless,30.0,30.0,47.387,False,200,
1787722353.8294044,serverless,30.0,30.0,47.687,False,200,
1787722353.8627377,serverless,30.0,30.0,64.641,False,200,
1787722353.896071,serverless,30.0,30.0,56.863,False,200,
1787722353.9294043,serverless,30.0,30.0,51.256,False,200,
1787722353.9627376,serverless,30.0,30.0,47.784,False,200,
1787722353.9960709,serverless,30.0,30.0,61.871,False,200,
1787722354.0294044,serverless,30.0,30.0,37.022,False,200,
1787722354.0627377,serverless,30.0,30.0,39.605,False,200,
1787722354.096071,serverless,30.0,30.0,52.86,False,200,
1787722354.1294043,serverless,30.0,30.0,49.67,False,200,
1787722354.1627376,serverless,30.0,30.0,49.088,False,200,
1787722354.196071,serverless,30.0,30.0,65.07,False,200,
1787722354.2294042,serverless,30.0,30.0,51.854,False,200,
1787722354.2627378,serverless,30.0,30.0,35.967,False,200,
1787722354.296071,serverless,30.0,30.0,65.356,False,200,
1787722354.3294044,serverless,30.0,30.0,50.334,False,200,
1787722354.3627377,serverless,30.0,30.0,65.429,False,200,
1787722354.396071,serverless,30.0,30.0,52.11,False,200,
1787722354.4294043,serverless,30.0,30.0,46.702,False,200,
1787722354.4627376,serverless,30.0,30.0,49.771,False,200,
1787722354.4960709,serverless,30.0,30.0,55.456,False,200,
1787722354.5294044,serverless,30.0,30.0,44.236,False,200,
1787722354.5627377,serverless,30.0,30.0,49.618,False,200,
1787722354.596071,serverless,30.0,30.0,55.845,False,200,
1787722354.6294043,serverless,30.0,30.0,64.654,False,200,
1787722354.6627376,serverless,30.0,30.0,60.67,False,200,
1787722354.696071,serverless,30.0,30.0,37.828,False,200,
1787722354.7294042,serverless,30.0,30.0,63.494,False,200,
1787722354.7627378,serverless,30.0,30.0,43.717,False,200,
1787722354.796071,serverless,30.0,30.0,52.75,False,200,
1787722354.8294044,serverless,30.0,30.0,59.495,False,200,
1787722354.8627377,serverless,30.0,30.0,54.018,False,200,
1787722354.896071,serverless,30.0,30.0,81.943,False,200,
1787722354.9294043,serverless,30.0,30.0,47.748,False,200,
1787722354.9627376,serverless,30.0,30.0,44.629,False,200,
1787722354.9960709,serverless,30.0,30.0,47.136,False,200,
1787722355.0294044,serverless,30.0,30.0,44.155,False,200,
1787722355.0627377,serverless,30.0,30.0,40.923,False,200,
1787722355.096071,serverless,30.0,30.0,44.023,False,200,
1787722355.1294043,serverless,30.0,30.0,40.933,False,200,
1787722355.1627376,serverless,30.0,30.0,62.469,False,200,
1787722355.196071,serverless,30.0,30.0,48.136,False,200,
1787722355.2294042,serverless,30.0,30.0,59.038,False,200,
1787722355.2627378,serverless,30.0,30.0,57.675,False,200,
1787722355.296071,serverless,30.0,30.0,1288.801,True,200,
1787722355.3294044,serverless,30.0,30.0,47.427,False,200,
1787722355.3627377,serverless,30.0,30.0,46.234,False,200,
1787722355.396071,serverless,30.0,30.0,53.589,False,200,
1787722355.4294043,serverless,30.0,30.0,57.562,False,200,
1787722355.4627376,serverless,30.0,30.0,34.14,False,200,
1787722355.4960709,serverless,30.0,30.0,51.226,False,200,
1787722355.5294044,serverless,30.0,30.0,41.901,False,200,
1787722355.5627377,serverless,30.0,30.0,92.746,False,200,
1787722355.596071,serverless,30.0,30.0,46.683,False,200,
1787722355.6294043,serverless,30.0,30.0,73.56,False,200,
1787722355.6627376,serverless,30.0,30.0,32.451,False,200,
1787722355.696071,serverless,30.0,30.0,50.29,False,200,
1787722355.7294042,serverless,30.0,30.0,53.972,False,200,
1787722355.7627378,serverless,30.0,30.0,46.815,False,200,
1787722355.796071,serverless,30.0,30.0,41.459,False,200,
1787722355.8294044,serverless,30.0,30.0,65.327,False,200,
1787722355.8627377,serverless,30.0,30.0,57.52,False,200,
1787722355.896071,serverless,30.0,30.0,42.351,False,200,
1787722355.9294043,serverless,30.0,30.0,67.383,False,200,
1787722355.9627376,serverless,30.0,30.0,39.648,False,200,
1787722355.9960709,serverless,30.0,30.0,40.518,False,200,
1787722356.0294044,serverless,30.0,30.0,64.31,False,200,
1787722356.0627377,serverless,30.0,30.0,51.631,False,200,
1787722356.096071,serverless,30.0,30.0,50.817,False,200,
1787722356.1294043,serverless,30.0,30.0,62.128,False,200,
1787722356.1627376,serverless,30.0,30.0,55.132,False,200,
1787722356.196071,serverless,30.0,30.0,82.969,False,200,
1787722356.2294042,serverless,30.0,30.0,37.327,False,200,
1787722356.2627378,serverless,30.0,30.0,38.861,False,200,
1787722356.296071,serverless,30.0,30.0,43.369,False,200,
1787722356.3294044,serverless,30.0,30.0,47.89,False,200,
1787722356.3627377,serverless,30.0,30.0,56.566,False,200,
1787722356.396071,serverless,30.0,30.0,65.52,False,200,
1787722356.4294043,serverless,30.0,30.0,45.449,False,200,
1787722356.4627376,serverless,30.0,30.0,36.226,False,200,
1787722356.4960709,serverless,30.0,30.0,56.211,False,200,
1787722356.5294044,serverless,30.0,30.0,35.594,False,200,
1787722356.5627377,serverless,30.0,30.0,67.291,False,200,
1787722356.596071,serverless,30.0,30.0,56.883,False,200,
1787722356.6294043,serverless,30.0,30.0,54.193,False,200,
1787722356.6627376,serverless,30.0,30.0,38.961,False,200,
1787722356.696071,serverless,30.0,30.0,47.435,False,200,
1787722356.7294042,serverless,30.0,30.0,50.203,False,200,
1787722356.7627378,serverless,30.0,30.0,36.364,False,200,
1787722356.796071,serverless,30.0,30.0,46.902,False,200,
1787722356.8294044,serverless,30.0,30.0,55.523,False,200,
1787722356.8627377,serverless,30.0,30.0,51.574,False,200,
1787722356.896071,serverless,30.0,30.0,44.887,False,200,
1787722356.9294043,serverless,30.0,30.0,59.028,False,200,
1787722356.9627376,serverless,30.0,30.0,61.116,False,200,
1787722356.9960709,serverless,30.0,30.0,51.649,False,200,
1787722357.0294044,serverless,30.0,30.0,29.804,False,200,
1787722357.0627377,serverless,30.0,30.0,47.545,False,200,
1787722357.096071,serverless,30.0,30.0,49.611,False,200,
1787722357.1294043,serverless,30.0,30.0,43.175,False,200,
1787722357.1627376,serverless,30.0,30.0,40.563,False,200,
1787722357.196071,serverless,30.0,30.0,54.567,False,200,
1787722357.2294042,serverless,30.0,30.0,57.733,False,200,
1787722357.2627378,serverless,30.0,30.0,51.049,False,200,
1787722357.296071,serverless,30.0,30.0,59.019,False,200,
1787722357.3294044,serverless,30.0,30.0,46.311,False,200,
1787722357.3627377,serverless,30.0,30.0,59.624,False,200,
1787722357.396071,serverless,30.0,30.0,53.412,False,200,
1787722357.4294043,serverless,30.0,30.0,49.513,False,200,
1787722357.4627376,serverless,30.0,30.0,41.982,False,200,
1787722357.4960709,serverless,30.0,30.0,50.79,False,200,
1787722357.5294044,serverless,30.0,30.0,28.024,False,200,
1787722357.5627377,serverless,30.0,30.0,55.587,False,200,
1787722357.596071,serverless,30.0,30.0,37.831,False,200,
1787722357.6294043,serverless,30.0,30.0,42.287,False,200,
1787722357.6627376,serverless,30.0,30.0,60.186,False,200,
1787722357.696071,serverless,30.0,30.0,37.809,False,200,
1787722357.7294042,serverless,30.0,30.0,87.474,False,200,
1787722357.7627378,serverless,30.0,30.0,73.942,False,200,
1787722357.796071,serverless,30.0,30.0,43.635,False,200,
1787722357.8294044,serverless,30.0,30.0,42.507,False,200,
1787722357.8627377,serverless,30.0,30.0,49.083,False,200,
1787722357.896071,serverless,30.0,30.0,44.574,False,200,
1787722357.9294043,serverless,30.0,30.0,36.478,False,200,
1787722357.9627376,serverless,30.0,30.0,59.486,False,200,
1787722357.9960709,serverless,30.0,30.0,50.601,False,200,
1787722358.0294044,serverless,30.0,30.0,54.897,False,200,
1787722358.0627377,serverless,30.0,30.0,40.06,False,200,
1787722358.096071,serverless,30.0,30.0,51.989,False,200,
1787722358.1294043,serverless,30.0,30.0,65.091,False,200,
1787722358.1627376,serverless,30.0,30.0,47.879,False,200,
1787722358.196071,serverless,30.0,30.0,40.752,False,200,
1787722358.2294042,serverless,30.0,30.0,41.982,False,200,
1787722358.2627378,serverless,30.0,30.0,43.309,False,200,
1787722358.296071,serverless,30.0,30.0,79.519,False,200,
1787722358.3294044,serverless,30.0,30.0,48.653,False,200,
1787722358.3627377,serverless,30.0,30.0,81.267,False,200,
1787722358.396071,serverless,30.0,30.0,50.641,False,200,
1787722358.4294043,serverless,30.0,30.0,63.961,False,200,
1787722358.4627376,serverless,30.0,30.0,47.879,False,200,
1787722358.4960709,serverless,30.0,30.0,52.948,False,200,
1787722358.5294044,serverless,30.0,30.0,41.398,False,200,
1787722358.5627377,serverless,30.0,30.0,47.188,False,200,
1787722358.596071,serverless,30.0,30.0,49.146,False,200,
1787722358.6294043,serverless,30.0,30.0,40.744,False,200,
1787722358.6627376,serverless,30.0,30.0,40.883,False,200,
1787722358.696071,serverless,30.0,30.0,49.71,False,200,
1787722358.7294042,serverless,30.0,30.0,59.383,False,200,
1787722358.7627378,serverless,30.0,30.0,57.8,False,200,
1787722358.796071,serverless,30.0,30.0,47.72,False,200,
1787722358.8294044,serverless,30.0,30.0,53.245,False,200,
1787722358.8627377,serverless,30.0,30.0,59.299,False,200,
1787722358.896071,serverless,30.0,30.0,51.331,False,200,
1787722358.9294043,serverless,30.0,30.0,42.858,False,200,
1787722358.9627376,serverless,30.0,30.0,43.833,False,200,
1787722358.9960709,serverless,30.0,30.0,55.434,False,200,
1787722359.0294044,serverless,30.0,30.0,64.956,False,200,
1787722359.0627377,serverless,30.0,30.0,46.085,False,200,
1787722359.096071,serverless,30.0,30.0,45.249,False,200,
1787722359.1294043,serverless,30.0,30.0,53.928,False,200,
1787722359.1627376,serverless,30.0,30.0,46.986,False,200,
1787722359.196071,serverless,30.0,30.0,69.6,False,200,
1787722359.2294042,serverless,30.0,30.0,39.422,False,200,
1787722359.2627378,serverless,30.0,30.0,77.618,False,200,
1787722359.296071,serverless,30.0,30.0,53.937,False,200,
1787722359.3294044,serverless,30.0,30.0,66.666,False,200,
1787722359.3627377,serverless,30.0,30.0,52.68,False,200,
1787722359.396071,serverless,30.0,30.0,36.558,False,200,
1787722359.4294043,serverless,30.0,30.0,43.676,False,200,
1787722359.4627376,serverless,30.0,30.0,40.513,False,200,
1787722359.4960709,serverless,30.0,30.0,37.85,False,200,
1787722359.5294044,serverless,30.0,30.0,53.86,False,200,
1787722359.5627377,serverless,30.0,30.0,47.377,False,200,
1787722359.596071,serverless,30.0,30.0,41.656,False,200,
1787722359.6294043,serverless,30.0,30.0,62.55,False,200,
1787722359.6627376,serverless,30.0,30.0,45.265,False,200,
1787722359.696071,serverless,30.0,30.0,42.777,False,200,
1787722359.7294042,serverless,30.0,30.0,40.785,False,200,
1787722359.7627378,serverless,30.0,30.0,67.32,False,200,
1787722359.796071,serverless,30.0,30.0,67.653,False,200,
1787722359.8294044,serverless,30.0,30.0,52.635,False,200,
1787722359.8627377,serverless,30.0,30.0,59.018,False,200,
1787722359.896071,serverless,30.0,30.0,59.324,False,200,
1787722359.9294043,serverless,30.0,30.0,64.455,False,200,
1787722359.9627376,serverless,30.0,30.0,61.261,False,200,
1787722359.9960709,serverless,30.0,30.0,69.381,False,200,
1787722360.0294044,serverless,30.0,30.0,40.247,False,200,
1787722360.0627377,serverless,30.0,30.0,48.283,False,200,
1787722360.096071,serverless,30.0,30.0,31.897,False,200,
1787722360.1294043,serverless,30.0,30.0,48.079,False,200,
1787722360.1627376,serverless,30.0,30.0,65.909,False,200,
1787722360.196071,serverless,30.0,30.0,32.149,False,200,
1787722360.2294042,serverless,30.0,30.0,47.793,False,200,
1787722360.2627378,serverless,30.0,30.0,42.262,False,200,
1787722360.296071,serverless,30.0,30.0,34.579,False,200,
1787722360.3294044,serverless,30.0,30.0,58.569,False,200,
1787722360.3627377,serverless,30.0,30.0,23.993,False,200,
1787722360.396071,serverless,30.0,30.0,68.446,False,200,
1787722360.4294043,serverless,30.0,30.0,93.923,False,200,
1787722360.4627376,serverless,30.0,30.0,53.878,False,200,
1787722360.4960709,serverless,30.0,30.0,67.413,False,200,
1787722360.5294044,serverless,30.0,30.0,69.979,False,200,
1787722360.5627377,serverless,30.0,30.0,54.464,False,200,
1787722360.596071,serverless,30.0,30.0,46.841,False,200,
1787722360.6294043,serverless,30.0,30.0,40.366,False,200,
1787722360.6627376,serverless,30.0,30.0,53.845,False,200,
1787722360.696071,serverless,30.0,30.0,48.708,False,200,
1787722360.7294042,serverless,30.0,30.0,37.334,False,200,
1787722360.7627378,serverless,30.0,30.0,45.783,False,200,
1787722360.796071,serverless,30.0,30.0,61.065,False,200,
1787722360.8294044,serverless,30.0,30.0,48.356,False,200,
1787722360.8627377,serverless,30.0,30.0,45.487,False,200,
1787722360.896071,serverless,30.0,30.0,37.11,False,200,
1787722360.9294043,serverless,30.0,30.0,44.366,False,200,
1787722360.9627376,serverless,30.0,30.0,54.558,False,200,
1787722360.9960709,serverless,30.0,30.0,50.042,False,200,
1787722361.0294044,serverless,30.0,30.0,49.445,False,200,
1787722361.0627377,serverless,30.0,30.0,44.453,False,200,
1787722361.096071,serverless,30.0,30.0,59.863,False,200,
1787722361.1294043,serverless,30.0,30.0,49.57,False,200,
1787722361.1627376,serverless,30.0,30.0,65.076,False,200,
1787722361.196071,serverless,30.0,30.0,50.917,False,200,
1787722361.2294042,serverless,30.0,30.0,47.881,False,200,
1787722361.2627378,serverless,30.0,30.0,41.361,False,200,
1787722361.296071,serverless,30.0,30.0,52.776,False,200,
1787722361.3294044,serverless,30.0,30.0,47.103,False,200,
1787722361.3627377,serverless,30.0,30.0,62.422,False,200,
1787722361.396071,serverless,30.0,30.0,46.353,False,200,
1787722361.4294043,serverless,30.0,30.0,62.01,False,200,
1787722361.4627376,serverless,30.0,30.0,35.877,False,200,
1787722361.4960709,serverless,30.0,30.0,46.548,False,200,
1787722361.5294044,serverless,30.0,30.0,62.089,False,200,
1787722361.5627377,serverless,30.0,30.0,40.798,False,200,
1787722361.596071,serverless,30.0,30.0,47.648,False,200,
1787722361.6294043,serverless,30.0,30.0,50.977,False,200,
1787722361.6627376,serverless,30.0,30.0,66.603,False,200,
1787722361.696071,serverless,30.0,30.0,37.158,False,200,
1787722361.7294042,serverless,30.0,30.0,44.213,False,200,
1787722361.7627378,serverless,30.0,30.0,50.507,False,200,
1787722361.796071,serverless,30.0,30.0,53.435,False,200,
1787722361.8294044,serverless,30.0,30.0,42.554,False,200,
1787722361.8627377,serverless,30.0,30.0,52.983,False,200,
1787722361.896071,serverless,30.0,30.0,62.667,False,200,
1787722361.9294043,serverless,30.0,30.0,59.654,False,200,
1787722361.9627376,serverless,30.0,30.0,52.921,False,200,
1787722361.9960709,serverless,30.0,30.0,40.103,False,200,
1787722362.0294044,serverless,30.0,30.0,1163.824,True,200,
1787722362.0627377,serverless,30.0,30.0,58.045,False,200,
1787722362.096071,serverless,30.0,30.0,33.975,False,200,
1787722362.1294043,serverless,30.0,30.0,42.449,False,200,
1787722362.1627376,serverless,30.0,30.0,47.601,False,200,
1787722362.196071,serverless,30.0,30.0,47.647,False,200,
1787722362.2294042,serverless,30.0,30.0,47.85,False,200,
1787722362.2627378,serverless,30.0,30.0,54.039,False,200,
1787722362.296071,serverless,30.0,30.0,49.479,False,200,
1787722362.3294044,serverless,30.0,30.0,49.432,False,200,
1787722362.3627377,serverless,30.0,30.0,54.595,False,200,
1787722362.396071,serverless,30.0,30.0,34.981,False,200,
1787722362.4294043,serverless,30.0,30.0,36.817,False,200,
1787722362.4627376,serverless,30.0,30.0,50.945,False,200,
1787722362.4960709,serverless,30.0,30.0,46.883,False,200,
1787722362.5294044,serverless,30.0,30.0,41.965,False,200,
1787722362.5627377,serverless,30.0,30.0,47.753,False,200,
1787722362.596071,serverless,30.0,30.0,57.009,False,200,
1787722362.6294043,serverless,30.0,30.0,49.888,False,200,
1787722362.6627376,serverless,30.0,30.0,56.229,False,200,
1787722362.696071,serverless,30.0,30.0,33.335,False,200,
1787722362.7294042,serverless,30.0,30.0,74.551,False,200,
1787722362.7627378,serverless,30.0,30.0,75.673,False,200,
1787722362.796071,serverless,30.0,30.0,47.723,False,200,
1787722362.8294044,serverless,30.0,30.0,40.756,False,200,
1787722362.8627377,serverless,30.0,30.0,64.035,False,200,
1787722362.896071,serverless,30.0,30.0,73.913,False,200,
1787722362.9294043,serverless,30.0,30.0,74.875,False,200,
1787722362.9627376,serverless,30.0,30.0,52.957,False,200,
1787722362.9960709,serverless,30.0,30.0,52.197,False,200,
1787722363.0294044,serverless,30.0,30.0,52.793,False,200,
1787722363.0627377,serverless,30.0,30.0,56.485,False,200,
1787722363.096071,serverless,30.0,30.0,60.95,False,200,
1787722363.1294043,serverless,30.0,30.0,37.589,False,200,
1787722363.1627376,serverless,30.0,30.0,59.703,False,200,
1787722363.196071,serverless,30.0,30.0,40.268,False,200,
1787722363.2294042,serverless,30.0,30.0,31.885,False,200,
1787722363.2627378,serverless,30.0,30.0,54.936,False,200,
1787722363.296071,serverless,30.0,30.0,58.491,False,200,
1787722363.3294044,serverless,30.0,30.0,51.534,False,200,
1787722363.3627377,serverless,30.0,30.0,48.205,False,200,
1787722363.396071,serverless,30.0,30.0,48.692,False,200,
1787722363.4294043,serverless,30.0,30.0,39.908,False,200,
1787722363.4627376,serverless,30.0,30.0,44.605,False,200,
1787722363.4960709,serverless,30.0,30.0,59.874,False,200,
1787722363.5294044,serverless,30.0,30.0,40.499,False,200,
1787722363.5627377,serverless,30.0,30.0,39.32,False,200,
1787722363.596071,serverless,30.0,30.0,52.501,False,200,
1787722363.6294043,serverless,30.0,30.0,44.417,False,200,
1787722363.6627376,serverless,30.0,30.0,33.487,False,200,
1787722363.696071,serverless,30.0,30.0,52.815,False,200,
1787722363.7294042,serverless,30.0,30.0,82.498,False,200,
1787722363.7627378,serverless,30.0,30.0,62.099,False,200,
1787722363.796071,serverless,30.0,30.0,43.639,False,200,
1787722363.8294044,serverless,30.0,30.0,37.929,False,200,
1787722363.8627377,serverless,30.0,30.0,34.475,False,200,
1787722363.896071,serverless,30.0,30.0,49.559,False,200,
1787722363.9294043,serverless,30.0,30.0,73.153,False,200,
1787722363.9627376,serverless,30.0,30.0,52.169,False,200,
1787722363.9960709,serverless,30.0,30.0,53.913,False,200,
1787722364.0294044,serverless,30.0,30.0,36.914,False,200,
1787722364.0627377,serverless,30.0,30.0,47.83,False,200,
1787722364.096071,serverless,30.0,30.0,61.332,False,200,
1787722364.1294043,serverless,30.0,30.0,51.055,False,200,
1787722364.1627376,serverless,30.0,30.0,57.954,False,200,
1787722364.196071,serverless,30.0,30.0,48.395,False,200,
1787722364.2294042,serverless,30.0,30.0,64.927,False,200,
1787722364.2627378,serverless,30.0,30.0,76.542,False,200,
1787722364.296071,serverless,30.0,30.0,47.605,False,200,
1787722364.3294044,serverless,30.0,30.0,54.99,False,200,
1787722364.3627377,serverless,30.0,30.0,62.325,False,200,
1787722364.396071,serverless,30.0,30.0,55.429,False,200,
1787722364.4294043,serverless,30.0,30.0,62.25,False,200,
1787722364.4627376,serverless,30.0,30.0,57.008,False,200,
1787722364.4960709,serverless,30.0,30.0,52.437,False,200,
1787722364.5294044,serverless,30.0,30.0,58.347,False,200,
1787722364.5627377,serverless,30.0,30.0,44.592,False,200,
1787722364.596071,serverless,30.0,30.0,73.377,False,200,
1787722364.6294043,serverless,30.0,30.0,51.603,False,200,
1787722364.6627376,serverless,30.0,30.0,63.503,False,200,
1787722364.696071,serverless,30.0,30.0,52.463,False,200,
1787722364.7294042,serverless,30.0,30.0,57.818,False,200,
1787722364.7627378,serverless,30.0,30.0,37.983,False,200,
1787722364.796071,serverless,30.0,30.0,56.46,False,200,
1787722364.8294044,serverless,30.0,30.0,76.452,False,200,
1787722364.8627377,serverless,30.0,30.0,41.864,False,200,
1787722364.896071,serverless,30.0,30.0,66.662,False,200,
1787722364.9294043,serverless,30.0,30.0,59.472,False,200,
1787722364.9627376,serverless,30.0,30.0,43.507,False,200,
1787722364.9960709,serverless,30.0,30.0,61.935,False,200,
1787722365.0294044,serverless,30.0,30.0,38.334,False,200,
1787722365.0627377,serverless,30.0,30.0,37.991,False,200,
1787722365.096071,serverless,30.0,30.0,55.235,False,200,
1787722365.1294043,serverless,30.0,30.0,58.178,False,200,
1787722365.1627376,serverless,30.0,30.0,48.715,False,200,
1787722365.196071,serverless,30.0,30.0,65.319,False,200,
1787722365.2294042,serverless,30.0,30.0,43.08,False,200,
1787722365.2627378,serverless,30.0,30.0,61.07,False,200,
1787722365.296071,serverless,30.0,30.0,39.436,False,200,
1787722365.3294044,serverless,30.0,30.0,45.827,False,200,
1787722365.3627377,serverless,30.0,30.0,49.39,False,200,
1787722365.396071,serverless,30.0,30.0,43.201,False,200,
1787722365.4294043,serverless,30.0,30.0,49.338,False,200,
1787722365.4627376,serverless,30.0,30.0,43.934,False,200,
1787722365.4960709,serverless,30.0,30.0,49.309,False,200,
1787722365.5294044,serverless,30.0,30.0,57.675,False,200,
1787722365.5627377,serverless,30.0,30.0,30.019,False,200,
1787722365.596071,serverless,30.0,30.0,58.893,False,200,
1787722365.6294043,serverless,30.0,30.0,56.073,False,200,
1787722365.6627376,serverless,30.0,30.0,44.246,False,200,
1787722365.696071,serverless,30.0,30.0,51.377,False,200,
1787722365.7294042,serverless,30.0,30.0,43.895,False,200,
1787722365.7627378,serverless,30.0,30.0,61.097,False,200,
1787722365.796071,serverless,30.0,30.0,50.145,False,200,
1787722365.8294044,serverless,30.0,30.0,52.884,False,200,
1787722365.8627377,serverless,30.0,30.0,72.164,False,200,
1787722365.896071,serverless,30.0,30.0,57.573,False,200,
1787722365.9294043,serverless,30.0,30.0,32.98,False,200,
1787722365.9627376,serverless,30.0,30.0,47.785,False,200,
1787722365.9960709,serverless,30.0,30.0,44.518,False,200,
1787722366.0294044,serverless,30.0,30.0,58.876,False,200,
1787722366.0627377,serverless,30.0,30.0,43.854,False,200,
1787722366.096071,serverless,30.0,30.0,51.491,False,200,
1787722366.1294043,serverless,30.0,30.0,57.893,False,200,
1787722366.1627376,serverless,30.0,30.0,43.576,False,200,
1787722366.196071,serverless,30.0,30.0,52.767,False,200,
1787722366.2294042,serverless,30.0,30.0,41.632,False,200,
1787722366.2627378,serverless,30.0,30.0,44.46,False,200,
1787722366.296071,serverless,30.0,30.0,39.15,False,200,
1787722366.3294044,serverless,30.0,30.0,48.144,False,200,
1787722366.3627377,serverless,30.0,30.0,60.844,False,200,
1787722366.396071,serverless,30.0,30.0,37.311,False,200,
1787722366.4294043,serverless,30.0,30.0,46.711,False,200,
1787722366.4627376,serverless,30.0,30.0,53.448,False,200,
1787722366.4960709,serverless,30.0,30.0,41.903,False,200,
1787722366.5294044,serverless,30.0,30.0,59.425,False,200,
1787722366.5627377,serverless,30.0,30.0,55.744,False,200,
1787722366.596071,serverless,30.0,30.0,35.243,False,200,
1787722366.6294043,serverless,30.0,30.0,45.496,False,200,
1787722366.6627376,serverless,30.0,30.0,44.006,False,200,
1787722366.696071,serverless,30.0,30.0,36.883,False,200,
1787722366.7294042,serverless,30.0,30.0,58.831,False,200,
1787722366.7627378,serverless,30.0,30.0,56.009,False,200,
1787722366.796071,serverless,30.0,30.0,45.434,False,200,
1787722366.8294044,serverless,30.0,30.0,68.168,False,200,
1787722366.8627377,serverless,30.0,30.0,52.535,False,200,
1787722366.896071,serverless,30.0,30.0,49.61,False,200,
1787722366.9294043,serverless,30.0,30.0,69.525,False,200,
1787722366.9627376,serverless,30.0,30.0,56.053,False,200,
1787722366.9960709,serverless,30.0,30.0,38.826,False,200,
1787722367.0294044,serverless,30.0,30.0,1244.89,True,200,
1787722367.0627377,serverless,30.0,30.0,55.616,False,200,
1787722367.096071,serverless,30.0,30.0,36.156,False,200,
