timestamp,deployment_mode,rps_target,rps_actual,latency_ms,is_cold_start,status_code,error
1787684422.1536252,serverless,10.0,10.0,52.146,False,200,
1787684422.2536252,serverless,10.0,10.0,52.741,False,200,
1787684422.3536253,serverless,10.0,10.0,41.873,False,200,
1787684422.4536252,serverless,10.0,10.0,48.148,False,200,
1787684422.5536253,serverless,10.0,10.0,54.638,False,200,
1787684422.6536252,serverless,10.0,10.0,40.694,False,200,
1787684422.7536252,serverless,10.0,10.0,37.059,False,200,
1787684422.8536253,serverless,10.0,10.0,42.889,False,200,
1787684422.9536252,serverless,10.0,10.0,40.565,False,200,
1787684423.0536253,serverless,10.0,10.0,51.442,False,200,
1787684423.1536252,serverless,10.0,10.0,44.048,False,200,
1787684423.2536252,serverless,10.0,10.0,51.865,False,200,
1787684423.3536253,serverless,10.0,10.0,46.066,False,200,
1787684423.4536252,serverless,10.0,10.0,48.955,False,200,
1787684423.5536253,serverless,10.0,10.0,33.736,False,200,
1787684423.6536252,serverless,10.0,10.0,53.773,False,200,
1787684423.7536252,serverless,10.0,10.0,58.28,False,200,
1787684423.8536253,serverless,10.0,10.0,42.316,False,200,
1787684423.9536252,serverless,10.0,10.0,47.271,False,200,
1787684424.0536253,serverless,10.0,10.0,52.712,False,200,
1787684424.1536252,serverless,10.0,10.0,55.286,False,200,
1787684424.2536252,serverless,10.0,10.0,36.92,False,200,
1787684424.3536253,serverless,10.0,10.0,43.788,False,200,
1787684424.4536252,serverless,10.0,10.0,63.958,False,200,
1787684424.5536253,serverless,10.0,10.0,47.096,False,200,
1787684424.6536252,serverless,10.0,10.0,39.611,False,200,
1787684424.7536252,serverless,10.0,10.0,43.771,False,200,
1787684424.8536253,serverless,10.0,10.0,32.888,False,200,
1787684424.9536252,serverless,10.0,10.0,43.712,False,200,
1787684425.0536253,serverless,10.0,10.0,68.874,False,200,
1787684425.1536252,serverless,10.0,10.0,57.432,False,200,
1787684425.2536252,serverless,10.0,10.0,54.059,False,200,
1787684425.3536253,serverless,10.0,10.0,56.997,False,200,
1787684425.4536252,serverless,10.0,10.0,39.05,False,200,
1787684425.5536253,serverless,10.0,10.0,49.543,False,200,
1787684425.6536252,serverless,10.0,10.0,44.333,False,200,
1787684425.7536252,serverless,10.0,10.0,37.945,False,200,
1787684425.8536253,serverless,10.0,10.0,46.778,False,200,
1787684425.9536252,serverless,10.0,10.0,36.1,False,200,
1787684426.0536253,serverless,10.0,10.0,54.322,False,200,
1787684426.1536252,serverless,10.0,10.0,64.887,False,200,
1787684426.2536252,serverless,10.0,10.0,46.771,False,200,
1787684426.3536253,serverless,10.0,10.0,51.546,False,200,
1787684426.4536252,serverless,10.0,10.0,48.092,False,200,
1787684426.5536253,serverless,10.0,10.0,42.741,False,200,
1787684426.6536252,serverless,10.0,10.0,47.433,False,200,
1787684426.7536252,serverless,10.0,10.0,53.125,False,200,
1787684426.8536253,serverless,10.0,10.0,41.071,False,200,
1787684426.9536252,serverless,10.0,10.0,45.454,False,200,
1787684427.0536253,serverless,10.0,10.0,53.187,False,200,
1787684427.1536252,serverless,10.0,10.0,1451.857,True,200,
1787684427.2536252,serverless,10.0,10.0,54.768,False,200,
1787684427.3536253,serverless,10.0,10.0,55.194,False,200,
1787684427.4536252,serverless,10.0,10.0,50.176,False,200,
1787684427.5536253,serverless,10.0,10.0,46.14,False,200,
1787684427.6536252,serverless,10.0,10.0,68.337,False,200,
1787684427.7536252,serverless,10.0,10.0,65.058,False,200,
1787684427.8536253,serverless,10.0,10.0,79.224,False,200,
1787684427.9536252,serverless,10.0,10.0,47.927,False,200,
1787684428.0536253,serverless,10.0,10.0,38.982,False,200,
1787684428.1536252,serverless,10.0,10.0,45.792,False,200,
1787684428.2536252,serverless,10.0,10.0,68.481,False,200,
1787684428.3536253,serverless,10.0,10.0,42.916,False,200,
1787684428.4536252,serverless,10.0,10.0,62.783,False,200,
1787684428.5536253,serverless,10.0,10.0,50.551,False,200,
1787684428.6536252,serverless,10.0,10.0,37.289,False,200,
1787684428.7536252,serverless,10.0,10.0,47.374,False,200,
1787684428.8536253,serverless,10.0,10.0,58.322,False,200,
1787684428.9536252,serverless,10.0,10.0,45.417,False,200,
1787684429.0536253,serverless,10.0,10.0,55.904,False,200,
1787684429.1536252,serverless,10.0,10.0,48.52,False,200,
1787684429.2536252,serverless,10.0,10.0,43.873,False,200,
1787684429.3536253,serverless,10.0,10.0,38.621,False,200,
1787684429.4536252,serverless,10.0,10.0,38.235,False,200,
1787684429.5536253,serverless,10.0,10.0,49.353,False,200,
1787684429.6536252,serverless,10.0,10.0,46.112,False,200,
1787684429.7536252,serverless,10.0,10.0,46.351,False,200,
1787684429.8536253,serverless,10.0,10.0,44.03,False,200,
1787684429.9536252,serverless,10.0,10.0,59.258,False,200,
1787684430.0536253,serverless,10.0,10.0,54.548,False,200,
1787684430.1536252,serverless,10.0,10.0,76.816,False,200,
1787684430.2536252,serverless,10.0,10.0,46.852,False,200,
1787684430.3536253,serverless,10.0,10.0,43.143,False,200,
1787684430.4536252,serverless,10.0,10.0,53.784,False,200,
1787684430.5536253,serverless,10.0,10.0,35.967,False,200,
1787684430.6536252,serverless,10.0,10.0,42.686,False,200,
1787684430.7536252,serverless,10.0,10.0,42.642,False,200,
1787684430.8536253,serverless,10.0,10.0,77.446,False,200,
1787684430.9536252,serverless,10.0,10.0,36.834,False,200,
1787684431.0536253,serverless,10.0,10.0,59.349,False,200,
1787684431.1536252,serverless,10.0,10.0,62.257,False,200,
1787684431.2536252,serverless,10.0,10.0,51.07,False,200,
1787684431.3536253,serverless,10.0,10.0,39.494,False,200,
1787684431.4536252,serverless,10.0,10.0,46.879,False,200,
1787684431.5536253,serverless,10.0,10.0,45.908,False,200,
1787684431.6536252,serverless,10.0,10.0,49.45,False,200,
1787684431.7536252,serverless,10.0,10.0,59.365,False,200,
1787684431.8536253,serverless,10.0,10.0,51.741,False,200,
1787684431.9536252,serverless,10.0,10.0,49.898,False,200,
1787684432.0536253,serverless,10.0,10.0,45.979,False,200,
1787684432.1536252,serverless,10.0,10.0,46.833,False,200,
1787684432.2536252,serverless,10.0,10.0,37.947,False,200,
1787684432.3536253,serverless,10.0,10.0,47.636,False,200,
1787684432.4536252,serverless,10.0,10.0,59.616,False,200,
1787684432.5536253,serverless,10.0,10.0,50.938,False,200,
1787684432.6536252,serverless,10.0,10.0,41.855,False,200,
1787684432.7536252,serverless,10.0,10.0,60.588,False,200,
1787684432.8536253,serverless,10.0,10.0,58.082,False,200,
1787684432.9536252,serverless,10.0,10.0,49.796,False,200,
1787684433.0536253,serverless,10.0,10.0,43.306,False,200,
1787684433.1536252,serverless,10.0,10.0,57.542,False,200,
1787684433.2536252,serverless,10.0,10.0,43.219,False,200,
1787684433.3536253,serverless,10.0,10.0,51.697,False,200,
1787684433.4536252,serverless,10.0,10.0,35.232,False,200,
1787684433.5536253,serverless,10.0,10.0,49.707,False,200,
1787684433.6536252,serverless,10.0,10.0,50.936,False,200,
1787684433.7536252,serverless,10.0,10.0,44.804,False,200,
1787684433.8536253,serverless,10.0,10.0,48.4,False,200,
1787684433.9536252,serverless,10.0,10.0,69.774,False,200,
1787684434.0536253,serverless,10.0,10.0,55.377,False,200,
1787684434.1536252,serverless,10.0,10.0,34.518,False,200,
1787684434.2536252,serverless,10.0,10.0,38.853,False,200,
1787684434.3536253,serverless,10.0,10.0,40.308,False,200,
1787684434.4536252,serverless,10.0,10.0,67.809,False,200,
1787684434.5536253,serverless,10.0,10.0,66.099,False,200,
1787684434.6536252,serverless,10.0,10.0,48.419,False,200,
1787684434.7536252,serverless,10.0,10.0,36.003,False,200,
1787684434.8536253,serverless,10.0,10.0,52.866,False,200,
1787684434.9536252,serverless,10.0,10.0,50.69,False,200,
1787684435.0536253,serverless,10.0,10.0,43.712,False,200,
1787684435.1536252,serverless,10.0,10.0,57.613,False,200,
1787684435.2536252,serverless,10.0,10.0,61.522,False,200,
1787684435.3536253,serverless,10.0,10.0,52.339,False,200,
1787684435.4536252,serverless,10.0,10.0,55.633,False,200,
1787684435.5536253,serverless,10.0,10.0,44.787,False,200,
1787684435.6536252,serverless,10.0,10.0,43.916,False,200,
1787684435.7536252,serverless,10.0,10.0,45.0,False,200,
1787684435.8536253,serverless,10.0,10.0,45.75,False,200,
1787684435.9536252,serverless,10.0,10.0,60.602,False,200,
1787684436.0536253,serverless,10.0,10.0,51.072,False,200,
1787684436.1536252,serverless,10.0,10.0,31.037,False,200,
1787684436.2536252,serverless,10.0,10.0,73.187,False,200,
1787684436.3536253,serverless,10.0,10.0,44.577,False,200,
1787684436.4536252,serverless,10.0,10.0,69.731,False,200,
1787684436.5536253,serverless,10.0,10.0,38.113,False,200,
1787684436.6536252,serverless,10.0,10.0,53.228,False,200,
1787684436.7536252,serverless,10.0,10.0,52.392,False,200,
1787684436.8536253,serverless,10.0,10.0,39.525,False,200,
1787684436.9536252,serverless,10.0,10.0,39.615,False,200,
1787684437.0536253,serverless,10.0,10.0,48.7,False,200,
1787684437.1536252,serverless,10.0,10.0,55.001,False,200,
1787684437.2536252,serverless,10.0,10.0,65.362,False,200,
1787684437.3536253,serverless,10.0,10.0,53.577,False,200,
1787684437.4536252,serverless,10.0,10.0,45.406,False,200,
1787684437.5536253,serverless,10.0,10.0,41.618,False,200,
1787684437.6536252,serverless,10.0,10.0,41.578,False,200,
1787684437.7536252,serverless,10.0,10.0,66.111,False,200,
1787684437.8536253,serverless,10.0,10.0,41.964,False,200,
1787684437.9536252,serverless,10.0,10.0,47.628,False,200,
1787684438.0536253,serverless,10.0,10.0,48.89,False,200,
1787684438.1536252,serverless,10.0,10.0,58.028,False,200,
1787684438.2536252,serverless,10.0,10.0,39.92,False,200,
1787684438.3536253,serverless,10.0,10.0,31.579,False,200,
1787684438.4536252,serverless,10.0,10.0,48.983,False,200,
1787684438.5536253,serverless,10.0,10.0,47.122,False,200,
1787684438.6536252,serverless,10.0,10.0,44.49,False,200,
1787684438.7536252,serverless,10.0,10.0,50.507,False,200,
1787684438.8536253,serverless,10.0,10.0,40.518,False,200,
1787684438.9536252,serverless,10.0,10.0,34.741,False,200,
1787684439.0536253,serverless,10.0,10.0,37.834,False,200,
1787684439.1536252,serverless,10.0,10.0,48.132,False,200,
1787684439.2536252,serverless,10.0,10.0,62.235,False,200,
1787684439.3536253,serverless,10.0,10.0,50.447,False,200,
1787684439.4536252,serverless,10.0,10.0,44.075,False,200,
1787684439.5536253,serverless,10.0,10.0,42.41,False,200,
1787684439.6536252,serverless,10.0,10.0,61.416,False,200,
1787684439.7536252,serverless,10.0,10.0,40.178,False,200,
1787684439.8536253,serverless,10.0,10.0,51.479,False,200,
1787684439.9536252,serverless,10.0,10.0,50.509,False,200,
1787684440.0536253,serverless,10.0,10.0,52.928,False,200,
1787684440.1536252,serverless,10.0,10.0,39.43,False,200,
1787684440.2536252,serverless,10.0,10.0,54.409,False,200,
1787684440.3536253,serverless,10.0,10.0,70.238,False,200,
1787684440.4536252,serverless,10.0,10.0,70.769,False,200,
1787684440.5536253,serverless,10.0,10.0,36.998,False,200,
1787684440.6536252,serverless,10.0,10.0,46.275,False,200,
1787684440.7536252,serverless,10.0,10.0,76.531,False,200,
1787684440.8536253,serverless,10.0,10.0,48.363,False,200,
1787684440.9536252,serverless,10.0,10.0,52.437,False,200,
1787684441.0536253,serverless,10.0,10.0,41.7,False,200,
1787684441.1536252,serverless,10.0,10.0,78.483,False,200,
1787684441.2536252,serverless,10.0,10.0,47.674,False,200,
1787684441.3536253,serverless,10.0,10.0,40.882,False,200,
1787684441.4536252,serverless,10.0,10.0,54.555,False,200,
1787684441.5536253,serverless,10.0,10.0,50.952,False,200,
1787684441.6536252,serverless,10.0,10.0,58.438,False,200,
1787684441.7536252,serverless,10.0,10.0,42.816,False,200,
1787684441.8536253,serverless,10.0,10.0,51.929,False,200,
1787684441.9536252,serverless,10.0,10.0,60.807,False,200,
1787684442.0536253,serverless,10.0,10.0,42.072,False,200,
1787684442.1536252,serverless,10.0,10.0,63.311,False,200,
1787684442.2536252,serverless,10.0,10.0,51.268,False,200,
1787684442.3536253,serverless,10.0,10.0,48.899,False,200,
1787684442.4536252,serverless,10.0,10.0,45.528,False,200,
1787684442.5536253,serverless,10.0,10.0,54.425,False,200,
1787684442.6536252,serverless,10.0,10.0,54.287,False,200,
1787684442.7536252,serverless,10.0,10.0,35.871,False,200,
1787684442.8536253,serverless,10.0,10.0,52.958,False,200,
1787684442.9536252,serverless,10.0,10.0,58.356,False,200,
1787684443.0536253,serverless,10.0,10.0,54.953,False,200,
1787684443.1536252,serverless,10.0,10.0,64.944,False,200,
1787684443.2536252,serverless,10.0,10.0,38.354,False,200,
1787684443.3536253,serverless,10.0,10.0,50.747,False,200,
1787684443.4536252,serverless,10.0,10.0,55.022,False,200,
1787684443.5536253,serverless,10.0,10.0,42.401,False,200,
1787684443.6536252,serverless,10.0,10.0,54.356,False,200,
1787684443.7536252,serverless,10.0,10.0,65.905,False,200,
1787684443.8536253,serverless,10.0,10.0,45.197,False,200,
1787684443.9536252,serverless,10.0,10.0,49.227,False,200,
1787684444.0536253,serverless,10.0,10.0,43.589,False,200,
1787684444.1536252,serverless,10.0,10.0,43.264,False,200,
1787684444.2536252,serverless,10.0,10.0,48.98,False,200,
1787684444.3536253,serverless,10.0,10.0,49.494,False,200,
1787684444.4536252,serverless,10.0,10.0,66.342,False,200,
1787684444.5536253,serverless,10.0,10.0,57.414,False,200,
1787684444.6536252,serverless,10.0,10.0,55.841,False,200,
1787684444.7536252,serverless,10.0,10.0,59.745,False,200,
1787684444.8536253,serverless,10.0,10.0,42.551,False,200,
1787684444.9536252,serverless,10.0,10.0,58.638,False,200,
1787684445.0536253,serverless,10.0,10.0,37.01,False,200,
1787684445.1536252,serverless,10.0,10.0,56.513,False,200,
1787684445.2536252,serverless,10.0,10.0,67.118,False,200,
1787684445.3536253,serverless,10.0,10.0,48.801,False,200,
1787684445.4536252,serverless,10.0,10.0,47.085,False,200,
1787684445.5536253,serverless,10.0,10.0,57.545,False,200,
1787684445.6536252,serverless,10.0,10.0,59.695,False,200,
1787684445.7536252,serverless,10.0,10.0,49.886,False,200,
1787684445.8536253,serverless,10.0,10.0,40.943,False,200,
1787684445.9536252,serverless,10.0,10.0,46.832,False,200,
1787684446.0536253,serverless,10.0,10.0,43.504,False,200,
1787684446.1536252,serverless,10.0,10.0,51.243,False,200,
1787684446.2536252,serverless,10.0,10.0,63.952,False,200,
1787684446.3536253,serverless,10.0,10.0,37.897,False,200,
1787684446.4536252,serverless,10.0,10.0,51.01,False,200,
1787684446.5536253,serverless,10.0,10.0,56.48,False,200,
1787684446.6536252,serverless,10.0,10.0,52.315,False,200,
1787684446.7536252,serverless,10.0,10.0,51.12,False,200,
1787684446.8536253,serverless,10.0,10.0,50.693,False,200,
1787684446.9536252,serverless,10.0,10.0,37.22,False,200,
1787684447.0536253,serverless,10.0,10.0,57.845,False,200,
1787684447.1536252,serverless,10.0,10.0,39.054,False,200,
1787684447.2536252,serverless,10.0,10.0,53.353,False,200,
1787684447.3536253,serverless,10.0,10.0,59.431,False,200,
1787684447.4536252,serverless,10.0,10.0,71.447,False,200,
1787684447.5536253,serverless,10.0,10.0,70.644,False,200,
1787684447.6536252,serverless,10.0,10.0,58.216,False,200,
1787684447.7536252,serverless,10.0,10.0,54.027,False,200,
1787684447.8536253,serverless,10.0,10.0,41.529,False,200,
1787684447.9536252,serverless,10.0,10.0,42.952,False,200,
1787684448.0536253,serverless,10.0,10.0,59.627,False,200,
1787684448.1536252,serverless,10.0,10.0,43.037,False,200,
1787684448.2536252,serverless,10.0,10.0,55.341,False,200,
1787684448.3536253,serverless,10.0,10.0,42.903,False,200,
1787684448.4536252,serverless,10.0,10.0,47.043,False,200,
1787684448.5536253,serverless,10.0,10.0,54.829,False,200,
1787684448.6536252,serverless,10.0,10.0,36.938,False,200,
1787684448.7536252,serverless,10.0,10.0,44.013,False,200,
1787684448.8536253,serverless,10.0,10.0,63.086,False,200,
1787684448.9536252,serverless,10.0,10.0,45.855,False,200,
1787684449.0536253,serverless,10.0,10.0,35.687,False,200,
1787684449.1536252,serverless,10.0,10.0,52.387,False,200,
1787684449.2536252,serverless,10.0,10.0,60.771,False,200,
1787684449.3536253,serverless,10.0,10.0,50.215,False,200,
1787684449.4536252,serverless,10.0,10.0,61.904,False,200,
1787684449.5536253,serverless,10.0,10.0,47.63,False,200,
1787684449.6536252,serverless,10.0,10.0,63.577,False,200,
1787684449.7536252,serverless,10.0,10.0,70.189,False,200,
1787684449.8536253,serverless,10.0,10.0,46.74,False,200,
1787684449.9536252,serverless,10.0,10.0,59.606,False,200,
1787684450.0536253,serverless,10.0,10.0,48.063,False,200,
1787684450.1536252,serverless,10.0,10.0,60.344,False,200,
1787684450.2536252,serverless,10.0,10.0,58.88,False,200,
1787684450.3536253,serverless,10.0,10.0,48.604,False,200,
1787684450.4536252,serverless,10.0,10.0,42.332,False,200,
1787684450.5536253,serverless,10.0,10.0,40.031,False,200,
1787684450.6536252,serverless,10.0,10.0,52.809,False,200,
1787684450.7536252,serverless,10.0,10.0,73.301,False,200,
1787684450.8536253,serverless,10.0,10.0,58.072,False,200,
1787684450.9536252,serverless,10.0,10.0,35.498,False,200,
1787684451.0536253,serverless,10.0,10.0,60.071,False,200,
1787684451.1536252,serverless,10.0,10.0,49.97,False,200,
1787684451.2536252,serverless,10.0,10.0,59.677,False,200,
1787684451.3536253,serverless,10.0,10.0,39.17,False,200,
1787684451.4536252,serverless,10.0,10.0,50.363,False,200,
1787684451.5536253,serverless,10.0,10.0,78.131,False,200,
1787684451.6536252,serverless,10.0,10.0,51.089,False,200,
1787684451.7536252,serverless,10.0,10.0,32.418,False,200,
1787684451.8536253,serverless,10.0,10.0,51.547,False,200,
1787684451.9536252,serverless,10.0,10.0,85.514,False,200,
1787684452.0536253,serverless,10.0,10.0,42.784,False,200,
1787684452.1536252,serverless,10.0,10.0,51.364,False,200,
1787684452.2536252,serverless,10.0,10.0,37.043,False,200,
1787684452.3536253,serverless,10.0,10.0,40.828,False,200,
1787684452.4536252,serverless,10.0,10.0,37.89,False,200,
1787684452.5536253,serverless,10.0,10.0,60.288,False,200,
1787684452.6536252,serverless,10.0,10.0,44.336,False,200,
1787684452.7536252,serverless,10.0,10.0,27.133,False,200,
1787684452.8536253,serverless,10.0,10.0,40.476,False,200,
1787684452.9536252,serverless,10.0,10.0,73.765,False,200,
1787684453.0536253,serverless,10.0,10.0,50.665,False,200,
1787684453.1536252,serverless,10.0,10.0,36.063,False,200,
1787684453.2536252,serverless,10.0,10.0,71.223,False,200,
1787684453.3536253,serverless,10.0,10.0,53.499,False,200,
1787684453.4536252,serverless,10.0,10.0,43.765,False,200,
1787684453.5536253,serverless,10.0,10.0,45.016,False,200,
1787684453.6536252,serverless,10.0,10.0,44.946,False,200,
1787684453.7536252,serverless,10.0,10.0,52.574,False,200,
1787684453.8536253,serverless,10.0,10.0,54.43,False,200,
1787684453.9536252,serverless,10.0,10.0,46.036,False,200,
1787684454.0536253,serverless,10.0,10.0,47.373,False,200,
1787684454.1536252,serverless,10.0,10.0,51.431,False,200,
1787684454.2536252,serverless,10.0,10.0,36.849,False,200,
1787684454.3536253,serverless,10.0,10.0,61.685,False,200,
1787684454.4536252,serverless,10.0,10.0,68.078,False,200,
1787684454.5536253,serverless,10.0,10.0,33.174,False,200,
1787684454.6536252,serverless,10.0,10.0,43.384,False,200,
1787684454.7536252,serverless,10.0,10.0,41.526,False,200,
1787684454.8536253,serverless,10.0,10.0,67.67,False,200,
1787684454.9536252,serverless,10.0,10.0,33.527,False,200,
1787684455.0536253,serverless,10.0,10.0,43.886,False,200,
1787684455.1536252,serverless,10.0,10.0,44.967,False,200,
1787684455.2536252,serverless,10.0,10.0,55.943,False,200,
1787684455.3536253,serverless,10.0,10.0,40.576,False,200,
1787684455.4536252,serverless,10.0,10.0,53.782,False,200,
1787684455.5536253,serverless,10.0,10.0,45.56,False,200,
1787684455.6536252,serverless,10.0,10.0,41.825,False,200,
1787684455.7536252,serverless,10.0,10.0,52.418,False,200,
1787684455.8536253,serverless,10.0,10.0,50.478,False,200,
1787684455.9536252,serverless,10.0,10.0,65.743,False,200,
1787684456.0536253,serverless,10.0,10.0,38.012,False,200,
1787684456.1536252,serverless,10.0,10.0,48.266,False,200,
1787684456.2536252,serverless,10.0,10.0,73.099,False,200,
1787684456.3536253,serverless,10.0,10.0,44.313,False,200,
1787684456.4536252,serverless,10.0,10.0,42.753,False,200,
1787684456.5536253,serverless,10.0,10.0,62.879,False,200,
1787684456.6536252,serverless,10.0,10.0,37.978,False,200,
1787684456.7536252,serverless,10.0,10.0,40.151,False,200,
1787684456.8536253,serverless,10.0,10.0,63.814,False,200,
1787684456.9536252,serverless,10.0,10.0,40.842,False,200,
1787684457.0536253,serverless,10.0,10.0,56.668,False,200,
1787684457.1536252,serverless,10.0,10.0,52.478,False,200,
1787684457.2536252,serverless,10.0,10.0,31.95,False,200,
1787684457.3536253,serverless,10.0,10.0,43.382,False,200,
1787684457.4536252,serverless,10.0,10.0,56.18,False,200,
1787684457.5536253,serverless,10.0,10.0,48.392,False,200,
1787684457.6536252,serverless,10.0,10.0,52.116,False,200,
1787684457.7536252,serverless,10.0,10.0,54.911,False,200,
1787684457.8536253,serverless,10.0,10.0,62.312,False,200,
1787684457.9536252,serverless,10.0,10.0,36.332,False,200,
1787684458.0536253,serverless,10.0,10.0,45.644,False,200,
1787684458.1536252,serverless,10.0,10.0,39.043,False,200,
1787684458.2536252,serverless,10.0,10.0,47.251,False,200,
1787684458.3536253,serverless,10.0,10.0,61.348,False,200,
1787684458.4536252,serverless,10.0,10.0,53.378,False,200,
1787684458.5536253,serverless,10.0,10.0,52.517,False,200,
1787684458.6536252,serverless,10.0,10.0,55.277,False,200,
1787684458.7536252,serverless,10.0,10.0,45.226,False,200,
1787684458.8536253,serverless,10.0,10.0,43.279,False,200,
1787684458.9536252,serverless,10.0,10.0,55.876,False,200,
1787684459.0536253,serverless,10.0,10.0,76.933,False,200,
1787684459.1536252,serverless,10.0,10.0,30.019,False,200,
1787684459.2536252,serverless,10.0,10.0,58.474,False,200,
1787684459.3536253,serverless,10.0,10.0,48.052,False,200,
1787684459.4536252,serverless,10.0,10.0,33.47,False,200,
1787684459.5536253,serverless,10.0,10.0,43.235,False,200,
1787684459.6536252,serverless,10.0,10.0,57.337,False,200,
1787684459.7536252,serverless,10.0,10.0,51.293,False,200,
1787684459.8536253,serverless,10.0,10.0,56.435,False,200,
1787684459.9536252,serverless,10.0,10.0,50.817,False,200,
1787684460.0536253,serverless,10.0,10.0,52.43,False,200,
1787684460.1536252,serverless,10.0,10.0,81.455,False,200,
1787684460.2536252,serverless,10.0,10.0,53.594,False,200,
1787684460.3536253,serverless,10.0,10.0,59.061,False,200,
1787684460.4536252,serverless,10.0,10.0,48.082,False,200,
1787684460.5536253,serverless,10.0,10.0,66.027,False,200,
1787684460.6536252,serverless,10.0,10.0,57.647,False,200,
1787684460.7536252,serverless,10.0,10.0,46.382,False,200,
1787684460.8536253,serverless,10.0,10.0,50.024,False,200,
1787684460.9536252,serverless,10.0,10.0,66.705,False,200,
1787684461.0536253,serverless,10.0,10.0,47.091,False,200,
1787684461.1536252,serverless,10.0,10.0,56.937,False,200,
1787684461.2536252,serverless,10.0,10.0,63.37,False,200,
1787684461.3536253,serverless,10.0,10.0,51.277,False,200,
1787684461.4536252,serverless,10.0,10.0,59.577,False,200,
1787684461.5536253,serverless,10.0,10.0,46.187,False,200,
1787684461.6536252,serverless,10.0,10.0,53.05,False,200,
1787684461.7536252,serverless,10.0,10.0,45.055,False,200,
1787684461.8536253,serverless,10.0,10.0,43.085,False,200,
1787684461.9536252,serverless,10.0,10.0,41.814,False,200,
1787684462.0536253,serverless,10.0,10.0,54.041,False,200,
1787684462.1536252,serverless,10.0,10.0,48.586,False,200,
1787684462.2536252,serverless,10.0,10.0,50.848,False,200,
1787684462.3536253,serverless,10.0,10.0,66.958,False,200,
1787684462.4536252,serverless,10.0,10.0,44.859,False,200,
1787684462.5536253,serverless,10.0,10.0,54.604,False,200,
1787684462.6536252,serverless,10.0,10.0,44.702,False,200,
1787684462.7536252,serverless,10.0,10.0,48.159,False,200,
1787684462.8536253,serverless,10.0,10.0,77.963,False,200,
1787684462.9536252,serverless,10.0,10.0,40.512,False,200,
1787684463.0536253,serverless,10.0,10.0,45.676,False,200,
1787684463.1536252,serverless,10.0,10.0,77.105,False,200,
1787684463.2536252,serverless,10.0,10.0,47.303,False,200,
1787684463.3536253,serverless,10.0,10.0,56.311,False,200,
1787684463.4536252,serverless,10.0,10.0,29.481,False,200,
1787684463.5536253,serverless,10.0,10.0,54.798,False,200,
1787684463.6536252,serverless,10.0,10.0,44.078,False,200,
1787684463.7536252,serverless,10.0,10.0,44.982,False,200,
1787684463.8536253,serverless,10.0,10.0,42.161,False,200,
1787684463.9536252,serverless,10.0,10.0,44.967,False,200,
1787684464.0536253,serverless,10.0,10.0,62.691,False,200,
1787684464.1536252,serverless,10.0,10.0,32.235,False,200,
1787684464.2536252,serverless,10.0,10.0,36.649,False,200,
1787684464.3536253,serverless,10.0,10.0,62.405,False,200,
1787684464.4536252,serverless,10.0,10.0,39.538,False,200,
1787684464.5536253,serverless,10.0,10.0,37.571,False,200,
1787684464.6536252,serverless,10.0,10.0,62.047,False,200,
1787684464.7536252,serverless,10.0,10.0,45.2,False,200,
1787684464.8536253,serverless,10.0,10.0,54.207,False,200,
1787684464.9536252,serverless,10.0,10.0,69.228,False,200,
1787684465.0536253,serverless,10.0,10.0,40.768,False,200,
1787684465.1536252,serverless,10.0,10.0,67.992,False,200,
1787684465.2536252,serverless,10.0,10.0,50.789,False,200,
1787684465.3536253,serverless,10.0,10.0,53.79,False,200,
1787684465.4536252,serverless,10.0,10.0,40.069,False,200,
1787684465.5536253,serverless,10.0,10.0,41.515,False,200,
1787684465.6536252,serverless,10.0,10.0,39.889,False,200,
1787684465.7536252,serverless,10.0,10.0,42.029,False,200,
1787684465.8536253,serverless,10.0,10.0,61.426,False,200,
1787684465.9536252,serverless,10.0,10.0,77.321,False,200,
1787684466.0536253,serverless,10.0,10.0,43.876,False,200,
1787684466.1536252,serverless,10.0,10.0,50.716,False,200,
1787684466.2536252,serverless,10.0,10.0,39.618,False,200,
1787684466.3536253,serverless,10.0,10.0,41.56,False,200,
1787684466.4536252,serverless,10.0,10.0,60.0,False,200,
1787684466.5536253,serverless,10.0,10.0,93.882,False,200,
1787684466.6536252,serverless,10.0,10.0,54.62,False,200,
1787684466.7536252,serverless,10.0,10.0,50.143,False,200,
1787684466.8536253,serverless,10.0,10.0,61.1,False,200,
1787684466.9536252,serverless,10.0,10.0,51.93,False,200,
1787684467.0536253,serverless,10.0,10.0,52.473,False,200,
1787684467.1536252,serverless,10.0,10.0,66.682,False,200,
1787684467.2536252,serverless,10.0,10.0,33.878,False,200,
1787684467.3536253,serverless,10.0,10.0,46.56,False,200,
1787684467.4536252,serverless,10.0,10.0,47.113,False,200,
1787684467.5536253,serverless,10.0,10.0,43.888,False,200,
1787684467.6536252,serverless,10.0,10.0,64.852,False,200,
1787684467.7536252,serverless,10.0,10.0,50.548,False,200,
1787684467.8536253,serverless,10.0,10.0,67.442,False,200,
1787684467.9536252,serverless,10.0,10.0,45.765,False,200,
1787684468.0536253,serverless,10.0,10.0,61.084,False,200,
1787684468.1536252,serverless,10.0,10.0,47.977,False,200,
1787684468.2536252,serverless,10.0,10.0,72.479,False,200,
1787684468.3536253,serverless,10.0,10.0,38.508,False,200,
1787684468.4536252,serverless,10.0,10.0,50.595,False,200,
1787684468.5536253,serverless,10.0,10.0,881.192,True,200,
1787684468.6536252,serverless,10.0,10.0,51.721,False,200,
1787684468.7536252,serverless,10.0,10.0,28.167,False,200,
1787684468.8536253,serverless,10.0,10.0,59.823,False,200,
1787684468.9536252,serverless,10.0,10.0,61.506,False,200,
1787684469.0536253,serverless,10.0,10.0,52.23,False,200,
1787684469.1536252,serverless,10.0,10.0,70.362,False,200,
1787684469.2536252,serverless,10.0,10.0,39.847,False,200,
1787684469.3536253,serverless,10.0,10.0,56.929,False,200,
1787684469.4536252,serverless,10.0,10.0,39.161,False,200,
1787684469.5536253,serverless,10.0,10.0,55.615,False,200,
1787684469.6536252,serverless,10.0,10.0,1584.264,True,200,
1787684469.7536252,serverless,10.0,10.0,40.516,False,200,
1787684469.8536253,serverless,10.0,10.0,59.002,False,200,
1787684469.9536252,serverless,10.0,10.0,47.295,False,200,
1787684470.0536253,serverless,10.0,10.0,49.938,False,200,
1787684470.1536252,serverless,10.0,10.0,57.494,False,200,
1787684470.2536252,serverless,10.0,10.0,70.695,False,200,
1787684470.3536253,serverless,10.0,10.0,59.412,False,200,
1787684470.4536252,serverless,10.0,10.0,68.026,False,200,
1787684470.5536253,serverless,10.0,10.0,44.997,False,200,
1787684470.6536252,serverless,10.0,10.0,45.208,False,200,
1787684470.7536252,serverless,10.0,10.0,50.888,False,200,
1787684470.8536253,serverless,10.0,10.0,32.867,False,200,
1787684470.9536252,serverless,10.0,10.0,35.428,False,200,
1787684471.0536253,serverless,10.0,10.0,45.077,False,200,
1787684471.1536252,serverless,10.0,10.0,44.943,False,200,
1787684471.2536252,serverless,10.0,10.0,44.984,False,200,
1787684471.3536253,serverless,10.0,10.0,56.169,False,200,
1787684471.4536252,serverless,10.0,10.0,46.215,False,200,
1787684471.5536253,serverless,10.0,10.0,64.724,False,200,
1787684471.6536252,serverless,10.0,10.0,43.354,False,200,
1787684471.7536252,serverless,10.0,10.0,42.512,False,200,
1787684471.8536253,serverless,10.0,10.0,47.49,False,200,
1787684471.9536252,serverless,10.0,10.0,70.026,False,200,
1787684472.0536253,serverless,10.0,10.0,51.271,False,200,
1787684472.1536252,serverless,10.0,10.0,51.838,False,200,
1787684472.2536252,serverless,10.0,10.0,49.771,False,200,
1787684472.3536253,serverless,10.0,10.0,48.204,False,200,
1787684472.4536252,serverless,10.0,10.0,53.333,False,200,
1787684472.5536253,serverless,10.0,10.0,51.856,False,200,
1787684472.6536252,serverless,10.0,10.0,47.097,False,200,
1787684472.7536252,serverless,10.0,10.0,37.511,False,200,
1787684472.8536253,serverless,10.0,10.0,66.216,False,200,
1787684472.9536252,serverless,10.0,10.0,54.073,False,200,
1787684473.0536253,serverless,10.0,10.0,30.961,False,200,
1787684473.1536252,serverless,10.0,10.0,54.475,False,200,
1787684473.2536252,serverless,10.0,10.0,56.23,False,200,
1787684473.3536253,serverless,10.0,10.0,88.505,False,200,
1787684473.4536252,serverless,10.0,10.0,39.847,False,200,
1787684473.5536253,serverless,10.0,10.0,59.271,False,200,
1787684473.6536252,serverless,10.0,10.0,49.012,False,200,
1787684473.7536252,serverless,10.0,10.0,52.77,False,200,
1787684473.8536253,serverless,10.0,10.0,47.642,False,200,
1787684473.9536252,serverless,10.0,10.0,46.592,False,200,
1787684474.0536253,serverless,10.0,10.0,51.367,False,200,
1787684474.1536252,serverless,10.0,10.0,50.618,False,200,
1787684474.2536252,serverless,10.0,10.0,40.793,False,200,
1787684474.3536253,serverless,10.0,10.0,71.908,False,200,
1787684474.4536252,serverless,10.0,10.0,43.086,False,200,
1787684474.5536253,serverless,10.0,10.0,46.574,False,200,
1787684474.6536252,serverless,10.0,10.0,44.675,False,200,
1787684474.7536252,serverless,10.0,10.0,47.163,False,200,
1787684474.8536253,serverless,10.0,10.0,38.112,False,200,
1787684474.9536252,serverless,10.0,10.0,29.339,False,200,
1787684475.0536253,serverless,10.0,10.0,41.527,False,200,
1787684475.1536252,serverless,10.0,10.0,56.308,False,200,
1787684475.2536252,serverless,10.0,10.0,58.264,False,200,
1787684475.3536253,serverless,10.0,10.0,79.642,False,200,
1787684475.4536252,serverless,10.0,10.0,38.348,False,200,
1787684475.5536253,serverless,10.0,10.0,48.501,False,200,
1787684475.6536252,serverless,10.0,10.0,52.965,False,200,
1787684475.7536252,serverless,10.0,10.0,68.176,False,200,
1787684475.8536253,serverless,10.0,10.0,57.21,False,200,
1787684475.9536252,serverless,10.0,10.0,60.25,False,200,
1787684476.0536253,serverless,10.0,10.0,66.692,False,200,
1787684476.1536252,serverless,10.0,10.0,44.34,False,200,
1787684476.2536252,serverless,10.0,10.0,64.218,False,200,
1787684476.3536253,serverless,10.0,10.0,55.888,False,200,
1787684476.4536252,serverless,10.0,10.0,42.29,False,200,
1787684476.5536253,serverless,10.0,10.0,67.372,False,200,
1787684476.6536252,serverless,10.0,10.0,42.969,False,200,
1787684476.7536252,serverless,10.0,10.0,41.135,False,200,
1787684476.8536253,serverless,10.0,10.0,42.95,False,200,
1787684476.9536252,serverless,10.0,10.0,40.468,False,200,
1787684477.0536253,serverless,10.0,10.0,37.869,False,200,
1787684477.1536252,serverless,10.0,10.0,52.307,False,200,
1787684477.2536252,serverless,10.0,10.0,37.734,False,200,
1787684477.3536253,serverless,10.0,10.0,45.804,False,200,
1787684477.4536252,serverless,10.0,10.0,53.977,False,200,
1787684477.5536253,serverless,10.0,10.0,42.149,False,200,
1787684477.6536252,serverless,10.0,10.0,38.165,False,200,
1787684477.7536252,serverless,10.0,10.0,39.545,False,200,
1787684477.8536253,serverless,10.0,10.0,38.75,False,200,
1787684477.9536252,serverless,10.0,10.0,42.003,False,200,
1787684478.0536253,serverless,10.0,10.0,48.492,False,200,
1787684478.1536252,serverless,10.0,10.0,46.887,False,200,
1787684478.2536252,serverless,10.0,10.0,57.157,False,200,
1787684478.3536253,serverless,10.0,10.0,49.205,False,200,
1787684478.4536252,serverless,10.0,10.0,53.429,False,200,
1787684478.5536253,serverless,10.0,10.0,63.236,False,200,
1787684478.6536252,serverless,10.0,10.0,41.29,False,200,
1787684478.7536252,serverless,10.0,10.0,55.368,False,200,
1787684478.8536253,serverless,10.0,10.0,35.543,False,200,
1787684478.9536252,serverless,10.0,10.0,58.027,False,200,
1787684479.0536253,serverless,10.0,10.0,46.508,False,200,
1787684479.1536252,serverless,10.0,10.0,37.577,False,200,
1787684479.2536252,serverless,10.0,10.0,35.762,False,200,
1787684479.3536253,serverless,10.0,10.0,44.493,False,200,
1787684479.4536252,serverless,10.0,10.0,53.665,False,200,
1787684479.5536253,serverless,10.0,10.0,53.176,False,200,
1787684479.6536252,serverless,10.0,10.0,56.614,False,200,
1787684479.7536252,serverless,10.0,10.0,53.021,False,200,
1787684479.8536253,serverless,10.0,10.0,51.556,False,200,
1787684479.9536252,serverless,10.0,10.0,42.136,False,200,
1787684480.0536253,serverless,10.0,10.0,37.439,False,200,
1787684480.1536252,serverless,10.0,10.0,53.634,False,200,
1787684480.2536252,serverless,10.0,10.0,64.353,False,200,
1787684480.3536253,serverless,10.0,10.0,52.408,False,200,
1787684480.4536252,serverless,10.0,10.0,79.574,False,200,
1787684480.5536253,serverless,10.0,10.0,34.349,False,200,
1787684480.6536252,serverless,10.0,10.0,44.139,False,200,
1787684480.7536252,serverless,10.0,10.0,50.776,False,200,
1787684480.8536253,serverless,10.0,10.0,53.01,False,200,
1787684480.9536252,serverless,10.0,10.0,49.332,False,200,
1787684481.0536253,serverless,10.0,10.0,37.81,False,200,
1787684481.1536252,serverless,10.0,10.0,37.179,False,200,
1787684481.2536252,serverless,10.0,10.0,55.765,False,200,
1787684481.3536253,serverless,10.0,10.0,57.949,False,200,
1787684481.4536252,serverless,10.0,10.0,39.187,False,200,
1787684481.5536253,serverless,10.0,10.0,53.04,False,200,
1787684481.6536252,serverless,10.0,10.0,62.936,False,200,
1787684481.7536252,serverless,10.0,10.0,41.813,False,200,
1787684481.8536253,serverless,10.0,10.0,65.51,False,200,
1787684481.9536252,serverless,10.0,10.0,45.972,False,200,
1787684482.0536253,serverless,10.0,10.0,46.309,False,200,
1787684482.1536252,serverless,10.0,10.0,63.649,False,200,
1787684482.2536252,serverless,10.0,10.0,34.696,False,200,
1787684482.3536253,serverless,10.0,10.0,49.241,False,200,
1787684482.4536252,serverless,10.0,10.0,45.189,False,200,
1787684482.5536253,serverless,10.0,10.0,48.818,False,200,
1787684482.6536252,serverless,10.0,10.0,53.284,False,200,
1787684482.7536252,serverless,10.0,10.0,53.72,False,200,
1787684482.8536253,serverless,10.0,10.0,63.543,False,200,
1787684482.9536252,serverless,10.0,10.0,41.547,False,200,
1787684483.0536253,serverless,10.0,10.0,49.534,False,200,
1787684483.1536252,serverless,10.0,10.0,54.86,False,200,
1787684483.2536252,serverless,10.0,10.0,52.461,False,200,
1787684483.3536253,serverless,10.0,10.0,50.405,False,200,
1787684483.4536252,serverless,10.0,10.0,38.64,False,200,
1787684483.5536253,serverless,10.0,10.0,1083.089,True,200,
1787684483.6536252,serverless,10.0,10.0,50.589,False,200,
1787684483.7536252,serverless,10.0,10.0,59.842,False,200,
1787684483.8536253,serverless,10.0,10.0,45.684,False,200,
1787684483.9536252,serverless,10.0,10.0,55.583,False,200,
1787684484.0536253,serverless,10.0,10.0,55.423,False,200,
1787684484.1536252,serverless,10.0,10.0,49.711,False,200,
1787684484.2536252,serverless,10.0,10.0,30.539,False,200,
1787684484.3536253,serverless,10.0,10.0,59.4,False,200,
1787684484.4536252,serverless,10.0,10.0,28.526,False,200,
1787684484.5536253,serverless,10.0,10.0,53.344,False,200,
1787684484.6536252,serverless,10.0,10.0,48.595,False,200,
1787684484.7536252,serverless,10.0,10.0,43.531,False,200,
1787684484.8536253,serverless,10.0,10.0,50.543,False,200,
1787684484.9536252,serverless,10.0,10.0,50.36,False,200,
1787684485.0536253,serverless,10.0,10.0,87.804,False,200,
1787684485.1536252,serverless,10.0,10.0,35.976,False,200,
1787684485.2536252,serverless,10.0,10.0,48.782,False,200,
1787684485.3536253,serverless,10.0,10.0,70.332,False,200,
1787684485.4536252,serverless,10.0,10.0,36.178,False,200,
1787684485.5536253,serverless,10.0,10.0,43.039,False,200,
1787684485.6536252,serverless,10.0,10.0,37.221,False,200,
1787684485.7536252,serverless,10.0,10.0,58.215,False,200,
1787684485.8536253,serverless,10.0,10.0,52.548,False,200,
1787684485.9536252,serverless,10.0,10.0,60.07,False,200,
1787684486.0536253,serverless,10.0,10.0,83.696,False,200,
1787684486.1536252,serverless,10.0,10.0,45.878,False,200,
1787684486.2536252,serverless,10.0,10.0,45.598,False,200,
1787684486.3536253,serverless,10.0,10.0,46.222,False,200,
1787684486.4536252,serverless,10.0,10.0,52.902,False,200,
1787684486.5536253,serverless,10.0,10.0,59.512,False,200,
1787684486.6536252,serverless,10.0,10.0,50.02,False,200,
1787684486.7536252,serverless,10.0,10.0,57.497,False,200,
1787684486.8536253,serverless,10.0,10.0,37.157,False,200,
1787684486.9536252,serverless,10.0,10.0,44.699,False,200,
1787684487.0536253,serverless,10.0,10.0,56.952,False,200,
1787684487.1536252,serverless,10.0,10.0,34.745,False,200,
1787684487.2536252,serverless,10.0,10.0,56.214,False,200,
1787684487.3536253,serverless,10.0,10.0,50.259,False,200,
1787684487.4536252,serverless,10.0,10.0,54.591,False,200,
1787684487.5536253,serverless,10.0,10.0,35.286,False,200,
1787684487.6536252,serverless,10.0,10.0,42.809,False,200,
1787684487.7536252,serverless,10.0,10.0,49.113,False,200,
1787684487.8536253,serverless,10.0,10.0,43.434,False,200,
1787684487.9536252,serverless,10.0,10.0,61.573,False,200,
1787684488.0536253,serverless,10.0,10.0,43.355,False,200,
1787684488.1536252,serverless,10.0,10.0,48.97,False,200,
1787684488.2536252,serverless,10.0,10.0,45.308,False,200,
1787684488.3536253,serverless,10.0,10.0,59.844,False,200,
1787684488.4536252,serverless,10.0,10.0,53.708,False,200,
1787684488.5536253,serverless,10.0,10.0,49.063,False,200,
1787684488.6536252,serverless,10.0,10.0,65.019,False,200,
1787684488.7536252,serverless,10.0,10.0,54.282,False,200,
1787684488.8536253,serverless,10.0,10.0,52.952,False,200,
1787684488.9536252,serverless,10.0,10.0,54.975,False,200,
1787684489.0536253,serverless,10.0,10.0,33.332,False,200,
1787684489.1536252,serverless,10.0,10.0,46.671,False,200,
1787684489.2536252,serverless,10.0,10.0,45.158,False,200,
1787684489.3536253,serverless,10.0,10.0,42.304,False,200,
1787684489.4536252,serverless,10.0,10.0,52.709,False,200,
1787684489.5536253,serverless,10.0,10.0,65.28,False,200,
1787684489.6536252,serverless,10.0,10.0,65.241,False,200,
1787684489.7536252,serverless,10.0,10.0,43.907,False,200,
1787684489.8536253,serverless,10.0,10.0,42.312,False,200,
1787684489.9536252,serverless,10.0,10.0,38.078,False,200,
1787684490.0536253,serverless,10.0,10.0,43.876,False,200,
1787684490.1536252,serverless,10.0,10.0,50.06,False,200,
1787684490.2536252,serverless,10.0,10.0,63.987,False,200,
1787684490.3536253,serverless,10.0,10.0,44.421,False,200,
1787684490.4536252,serverless,10.0,10.0,47.698,False,200,
1787684490.5536253,serverless,10.0,10.0,55.92,False,200,
1787684490.6536252,serverless,10.0,10.0,42.623,False,200,
1787684490.7536252,serverless,10.0,10.0,48.438,False,200,
1787684490.8536253,serverless,10.0,10.0,50.217,False,200,
1787684490.9536252,serverless,10.0,10.0,44.777,False,200,
1787684491.0536253,serverless,10.0,10.0,69.538,False,200,
1787684491.1536252,serverless,10.0,10.0,76.633,False,200,
1787684491.2536252,serverless,10.0,10.0,50.597,False,200,
1787684491.3536253,serverless,10.0,10.0,49.167,False,200,
1787684491.4536252,serverless,10.0,10.0,61.84,False,200,
1787684491.5536253,serverless,10.0,10.0,51.343,False,200,
1787684491.6536252,serverless,10.0,10.0,46.798,False,200,
1787684491.7536252,serverless,10.0,10.0,56.097,False,200,
1787684491.8536253,serverless,10.0,10.0,60.269,False,200,
1787684491.9536252,serverless,10.0,10.0,60.29,False,200,
1787684492.0536253,serverless,10.0,10.0,57.854,False,200,
1787684492.1536252,serverless,10.0,10.0,47.278,False,200,
1787684492.2536252,serverless,10.0,10.0,60.316,False,200,
1787684492.3536253,serverless,10.0,10.0,67.482,False,200,
1787684492.4536252,serverless,10.0,10.0,46.534,False,200,
1787684492.5536253,serverless,10.0,10.0,58.661,False,200,
1787684492.6536252,serverless,10.0,10.0,41.899,False,200,
1787684492.7536252,serverless,10.0,10.0,58.31,False,200,
1787684492.8536253,serverless,10.0,10.0,39.28,False,200,
1787684492.9536252,serverless,10.0,10.0,33.841,False,200,
1787684493.0536253,serverless,10.0,10.0,40.227,False,200,
1787684493.1536252,serverless,10.0,10.0,65.907,False,200,
1787684493.2536252,serverless,10.0,10.0,35.354,False,200,
1787684493.3536253,serverless,10.0,10.0,69.343,False,200,
1787684493.4536252,serverless,10.0,10.0,45.34,False,200,
1787684493.5536253,serverless,10.0,10.0,35.421,False,200,
1787684493.6536252,serverless,10.0,10.0,64.331,False,200,
1787684493.7536252,serverless,10.0,10.0,73.141,False,200,
1787684493.8536253,serverless,10.0,10.0,61.859,False,200,
1787684493.9536252,serverless,10.0,10.0,43.472,False,200,
1787684494.0536253,serverless,10.0,10.0,65.649,False,200,
1787684494.1536252,serverless,10.0,10.0,55.904,False,200,
1787684494.2536252,serverless,10.0,10.0,59.543,False,200,
1787684494.3536253,serverless,10.0,10.0,41.721,False,200,
1787684494.4536252,serverless,10.0,10.0,78.761,False,200,
1787684494.5536253,serverless,10.0,10.0,46.495,False,200,
1787684494.6536252,serverless,10.0,10.0,48.388,False,200,
1787684494.7536252,serverless,10.0,10.0,39.369,False,200,
1787684494.8536253,serverless,10.0,10.0,39.197,False,200,
1787684494.9536252,serverless,10.0,10.0,44.87,False,200,
1787684495.0536253,serverless,10.0,10.0,63.914,False,200,
1787684495.1536252,serverless,10.0,10.0,42.293,False,200,
1787684495.2536252,serverless,10.0,10.0,46.442,False,200,
1787684495.3536253,serverless,10.0,10.0,52.055,False,200,
1787684495.4536252,serverless,10.0,10.0,74.228,False,200,
1787684495.5536253,serverless,10.0,10.0,50.548,False,200,
1787684495.6536252,serverless,10.0,10.0,55.055,False,200,
1787684495.7536252,serverless,10.0,10.0,51.189,False,200,
1787684495.8536253,serverless,10.0,10.0,60.108,False,200,
1787684495.9536252,serverless,10.0,10.0,46.039,False,200,
1787684496.0536253,serverless,10.0,10.0,50.136,False,200,
1787684496.1536252,serverless,10.0,10.0,40.301,False,200,
1787684496.2536252,serverless,10.0,10.0,42.848,False,200,
1787684496.3536253,serverless,10.0,10.0,42.946,False,200,
1787684496.4536252,serverless,10.0,10.0,82.932,False,200,
1787684496.5536253,serverless,10.0,10.0,42.367,False,200,
1787684496.6536252,serverless,10.0,10.0,67.858,False,200,
1787684496.7536252,serverless,10.0,10.0,47.928,False,200,
1787684496.8536253,serverless,10.0,10.0,59.056,False,200,
1787684496.9536252,serverless,10.0,10.0,44.749,False,200,
1787684497.0536253,serverless,10.0,10.0,46.729,False,200,
1787684497.1536252,serverless,10.0,10.0,36.921,False,200,
1787684497.2536252,serverless,10.0,10.0,44.128,False,200,
1787684497.3536253,serverless,10.0,10.0,63.987,False,200,
1787684497.4536252,serverless,10.0,10.0,62.313,False,200,
1787684497.5536253,serverless,10.0,10.0,42.919,False,200,
1787684497.6536252,serverless,10.0,10.0,44.689,False,200,
1787684497.7536252,serverless,10.0,10.0,57.994,False,200,
1787684497.8536253,serverless,10.0,10.0,64.948,False,200,
1787684497.9536252,serverless,10.0,10.0,73.567,False,200,
1787684498.0536253,serverless,10.0,10.0,41.453,False,200,
1787684498.1536252,serverless,10.0,10.0,45.734,False,200,
1787684498.2536252,serverless,10.0,10.0,56.518,False,200,
1787684498.3536253,serverless,10.0,10.0,45.027,False,200,
1787684498.4536252,serverless,10.0,10.0,61.904,False,200,
1787684498.5536253,serverless,10.0,10.0,51.652,False,200,
1787684498.6536252,serverless,10.0,10.0,83.456,False,200,
1787684498.7536252,serverless,10.0,10.0,52.338,False,200,
1787684498.8536253,serverless,10.0,10.0,48.837,False,200,
1787684498.9536252,serverless,10.0,10.0,59.558,False,200,
1787684499.0536253,serverless,10.0,10.0,51.509,False,200,
1787684499.1536252,serverless,10.0,10.0,53.436,False,200,
1787684499.2536252,serverless,10.0,10.0,34.811,False,200,
1787684499.3536253,serverless,10.0,10.0,76.678,False,200,
1787684499.4536252,serverless,10.0,10.0,47.801,False,200,
1787684499.5536253,serverless,10.0,10.0,42.717,False,200,
1787684499.6536252,serverless,10.0,10.0,58.804,False,200,
1787684499.7536252,serverless,10.0,10.0,45.897,False,200,
1787684499.8536253,serverless,10.0,10.0,29.905,False,200,
1787684499.9536252,serverless,10.0,10.0,82.505,False,200,
1787684500.0536253,serverless,10.0,10.0,47.926,False,200,
1787684500.1536252,serverless,10.0,10.0,50.946,False,200,
1787684500.2536252,serverless,10.0,10.0,40.807,False,200,
1787684500.3536253,serverless,10.0,10.0,51.629,False,200,
1787684500.4536252,serverless,10.0,10.0,47.562,False,200,
1787684500.5536253,serverless,10.0,10.0,48.807,False,200,
1787684500.6536252,serverless,10.0,10.0,39.552,False,200,
1787684500.7536252,serverless,10.0,10.0,38.082,False,200,
1787684500.8536253,serverless,10.0,10.0,46.677,False,200,
1787684500.9536252,serverless,10.0,10.0,46.208,False,200,
1787684501.0536253,serverless,10.0,10.0,51.918,False,200,
1787684501.1536252,serverless,10.0,10.0,50.236,False,200,
1787684501.2536252,serverless,10.0,10.0,75.148,False,200,
1787684501.3536253,serverless,10.0,10.0,33.602,False,200,
1787684501.4536252,serverless,10.0,10.0,36.489,False,200,
1787684501.5536253,serverless,10.0,10.0,37.499,False,200,
1787684501.6536252,serverless,10.0,10.0,63.075,False,200,
1787684501.7536252,serverless,10.0,10.0,52.42,False,200,
1787684501.8536253,serverless,10.0,10.0,40.453,False,200,
1787684501.9536252,serverless,10.0,10.0,42.801,False,200,
1787684502.0536253,serverless,10.0,10.0,56.02,False,200,
1787684502.1536252,serverless,10.0,10.0,43.552,False,200,
1787684502.2536252,serverless,10.0,10.0,50.176,False,200,
1787684502.3536253,serverless,10.0,10.0,53.577,False,200,
1787684502.4536252,serverless,10.0,10.0,43.018,False,200,
1787684502.5536253,serverless,10.0,10.0,52.687,False,200,
1787684502.6536252,serverless,10.0,10.0,38.593,False,200,
1787684502.7536252,serverless,10.0,10.0,45.193,False,200,
1787684502.8536253,serverless,10.0,10.0,65.473,False,200,
1787684502.9536252,serverless,10.0,10.0,77.558,False,200,
1787684503.0536253,serverless,10.0,10.0,37.954,False,200,
1787684503.1536252,serverless,10.0,10.0,45.364,False,200,
1787684503.2536252,serverless,10.0,10.0,39.606,False,200,
1787684503.3536253,serverless,10.0,10.0,45.188,False,200,
1787684503.4536252,serverless,10.0,10.0,54.734,False,200,
1787684503.5536253,serverless,10.0,10.0,48.971,False,200,
1787684503.6536252,serverless,10.0,10.0,43.397,False,200,
1787684503.7536252,serverless,10.0,10.0,42.605,False,200,
1787684503.8536253,serverless,10.0,10.0,49.579,False,200,
1787684503.9536252,serverless,10.0,10.0,42.872,False,200,
1787684504.0536253,serverless,10.0,10.0,51.351,False,200,
1787684504.1536252,serverless,10.0,10.0,50.911,False,200,
1787684504.2536252,serverless,10.0,10.0,64.65,False,200,
1787684504.3536253,serverless,10.0,10.0,81.727,False,200,
1787684504.4536252,serverless,10.0,10.0,53.833,False,200,
1787684504.5536253,serverless,10.0,10.0,42.003,False,200,
1787684504.6536252,serverless,10.0,10.0,51.602,False,200,
1787684504.7536252,serverless,10.0,10.0,67.218,False,200,
1787684504.8536253,serverless,10.0,10.0,51.003,False,200,
1787684504.9536252,serverless,10.0,10.0,29.873,False,200,
1787684505.0536253,serverless,10.0,10.0,38.835,False,200,
1787684505.1536252,serverless,10.0,10.0,47.44,False,200,
1787684505.2536252,serverless,10.0,10.0,44.844,False,200,
1787684505.3536253,serverless,10.0,10.0,67.367,False,200,
1787684505.4536252,serverless,10.0,10.0,56.913,False,200,
1787684505.5536253,serverless,10.0,10.0,42.265,False,200,
1787684505.6536252,serverless,10.0,10.0,63.847,False,200,
1787684505.7536252,serverless,10.0,10.0,45.709,False,200,
1787684505.8536253,serverless,10.0,10.0,43.677,False,200,
1787684505.9536252,serverless,10.0,10.0,58.265,False,200,
1787684506.0536253,serverless,10.0,10.0,83.64,False,200,
1787684506.1536252,serverless,10.0,10.0,50.257,False,200,
1787684506.2536252,serverless,10.0,10.0,55.555,False,200,
1787684506.3536253,serverless,10.0,10.0,46.139,False,200,
1787684506.4536252,serverless,10.0,10.0,42.357,False,200,
1787684506.5536253,serverless,10.0,10.0,61.408,False,200,
1787684506.6536252,serverless,10.0,10.0,39.806,False,200,
1787684506.7536252,serverless,10.0,10.0,54.876,False,200,
1787684506.8536253,serverless,10.0,10.0,42.893,False,200,
1787684506.9536252,serverless,10.0,10.0,69.097,False,200,
1787684507.0536253,serverless,10.0,10.0,46.774,False,200,
1787684507.1536252,serverless,10.0,10.0,41.859,False,200,
1787684507.2536252,serverless,10.0,10.0,48.08,False,200,
1787684507.3536253,serverless,10.0,10.0,66.903,False,200,
1787684507.4536252,serverless,10.0,10.0,63.799,False,200,
1787684507.5536253,serverless,10.0,10.0,39.737,False,200,
1787684507.6536252,serverless,10.0,10.0,53.812,False,200,
1787684507.7536252,serverless,10.0,10.0,60.399,False,200,
1787684507.8536253,serverless,10.0,10.0,46.895,False,200,
1787684507.9536252,serverless,10.0,10.0,42.799,False,200,
1787684508.0536253,serverless,10.0,10.0,41.377,False,200,
1787684508.1536252,serverless,10.0,10.0,43.349,False,200,
1787684508.2536252,serverless,10.0,10.0,47.743,False,200,
1787684508.3536253,serverless,10.0,10.0,27.857,False,200,
1787684508.4536252,serverless,10.0,10.0,48.947,False,200,
1787684508.5536253,serverless,10.0,10.0,77.729,False,200,
1787684508.6536252,serverless,10.0,10.0,86.876,False,200,
1787684508.7536252,serverless,10.0,10.0,58.277,False,200,
1787684508.8536253,serverless,10.0,10.0,68.895,False,200,
1787684508.9536252,serverless,10.0,10.0,51.979,False,200,
1787684509.0536253,serverless,10.0,10.0,36.317,False,200,
1787684509.1536252,serverless,10.0,10.0,30.211,False,200,
1787684509.2536252,serverless,10.0,10.0,45.987,False,200,
1787684509.3536253,serverless,10.0,10.0,51.332,False,200,
1787684509.4536252,serverless,10.0,10.0,55.48,False,200,
1787684509.5536253,serverless,10.0,10.0,47.948,False,200,
1787684509.6536252,serverless,10.0,10.0,48.411,False,200,
1787684509.7536252,serverless,10.0,10.0,55.253,False,200,
1787684509.8536253,serverless,10.0,10.0,63.136,False,200,
1787684509.9536252,serverless,10.0,10.0,56.812,False,200,
1787684510.0536253,serverless,10.0,10.0,38.632,False,200,
1787684510.1536252,serverless,10.0,10.0,74.31,False,200,
1787684510.2536252,serverless,10.0,10.0,37.78,False,200,
1787684510.3536253,serverless,10.0,10.0,64.4,False,200,
1787684510.4536252,serverless,10.0,10.0,57.993,False,200,
1787684510.5536253,serverless,10.0,10.0,50.196,False,200,
1787684510.6536252,serverless,10.0,10.0,62.383,False,200,
1787684510.7536252,serverless,10.0,10.0,55.035,False,200,
1787684510.8536253,serverless,10.0,10.0,53.224,False,200,
1787684510.9536252,serverless,10.0,10.0,85.43,False,200,
1787684511.0536253,serverless,10.0,10.0,51.114,False,200,
1787684511.1536252,serverless,10.0,10.0,53.284,False,200,
1787684511.2536252,serverless,10.0,10.0,72.456,False,200,
1787684511.3536253,serverless,10.0,10.0,45.809,False,200,
1787684511.4536252,serverless,10.0,10.0,69.844,False,200,
1787684511.5536253,serverless,10.0,10.0,65.921,False,200,
1787684511.6536252,serverless,10.0,10.0,54.993,False,200,
1787684511.7536252,serverless,10.0,10.0,50.664,False,200,
1787684511.8536253,serverless,10.0,10.0,53.248,False,200,
1787684511.9536252,serverless,10.0,10.0,53.08,False,200,
1787684512.0536253,serverless,10.0,10.0,56.43,False,200,
1787684512.1536252,serverless,10.0,10.0,59.254,False,200,
1787684512.2536252,serverless,10.0,10.0,26.955,False,200,
1787684512.3536253,serverless,10.0,10.0,49.835,False,200,
1787684512.4536252,serverless,10.0,10.0,57.74,False,200,
1787684512.5536253,serverless,10.0,10.0,57.493,False,200,
1787684512.6536252,serverless,10.0,10.0,52.833,False,200,
1787684512.7536252,serverless,10.0,10.0,47.821,False,200,
1787684512.8536253,serverless,10.0,10.0,51.889,False,200,
1787684512.9536252,serverless,10.0,10.0,39.902,False,200,
1787684513.0536253,serverless,10.0,10.0,44.126,False,200,
1787684513.1536252,serverless,10.0,10.0,43.767,False,200,
1787684513.2536252,serverless,10.0,10.0,62.275,False,200,
1787684513.3536253,serverless,10.0,10.0,44.663,False,200,
1787684513.4536252,serverless,10.0,10.0,63.571,False,200,
1787684513.5536253,serverless,10.0,10.0,48.184,False,200,
1787684513.6536252,serverless,10.0,10.0,66.198,False,200,
1787684513.7536252,serverless,10.0,10.0,48.031,False,200,
1787684513.8536253,serverless,10.0,10.0,50.477,False,200,
1787684513.9536252,serverless,10.0,10.0,55.704,False,200,
1787684514.0536253,serverless,10.0,10.0,43.105,False,200,
1787684514.1536252,serverless,10.0,10.0,82.4,False,200,
1787684514.2536252,serverless,10.0,10.0,41.296,False,200,
1787684514.3536253,serverless,10.0,10.0,62.766,False,200,
1787684514.4536252,serverless,10.0,10.0,53.197,False,200,
1787684514.5536253,serverless,10.0,10.0,64.747,False,200,
1787684514.6536252,serverless,10.0,10.0,44.924,False,200,
1787684514.7536252,serverless,10.0,10.0,49.655,False,200,
1787684514.8536253,serverless,10.0,10.0,63.566,False,200,
1787684514.9536252,serverless,10.0,10.0,55.783,False,200,
1787684515.0536253,serverless,10.0,10.0,52.919,False,200,
1787684515.1536252,serverless,10.0,10.0,46.321,False,200,
1787684515.2536252,serverless,10.0,10.0,46.039,False,200,
1787684515.3536253,serverless,10.0,10.0,41.663,False,200,
1787684515.4536252,serverless,10.0,10.0,47.604,False,200,
1787684515.5536253,serverless,10.0,10.0,53.336,False,200,
1787684515.6536252,serverless,10.0,10.0,54.28,False,200,
1787684515.7536252,serverless,10.0,10.0,55.298,False,200,
1787684515.8536253,serverless,10.0,10.0,55.909,False,200,
1787684515.9536252,serverless,10.0,10.0,55.585,False,200,
1787684516.0536253,serverless,10.0,10.0,55.18,False,200,
1787684516.1536252,serverless,10.0,10.0,48.811,False,200,
1787684516.2536252,serverless,10.0,10.0,43.258,False,200,
1787684516.3536253,serverless,10.0,10.0,48.411,False,200,
1787684516.4536252,serverless,10.0,10.0,52.308,False,200,
1787684516.5536253,serverless,10.0,10.0,52.857,False,200,
1787684516.6536252,serverless,10.0,10.0,53.195,False,200,
1787684516.7536252,serverless,10.0,10.0,59.422,False,200,
1787684516.8536253,serverless,10.0,10.0,43.628,False,200,
1787684516.9536252,serverless,10.0,10.0,49.432,False,200,
1787684517.0536253,serverless,10.0,10.0,50.281,False,200,
1787684517.1536252,serverless,10.0,10.0,57.277,False,200,
1787684517.2536252,serverless,10.0,10.0,46.02,False,200,
1787684517.3536253,serverless,10.0,10.0,43.679,False,200,
1787684517.4536252,serverless,10.0,10.0,44.046,False,200,
1787684517.5536253,serverless,10.0,10.0,44.485,False,200,
1787684517.6536252,serverless,10.0,10.0,55.661,False,200,
1787684517.7536252,serverless,10.0,10.0,62.843,False,200,
1787684517.8536253,serverless,10.0,10.0,51.654,False,200,
1787684517.9536252,serverless,10.0,10.0,48.063,False,200,
1787684518.0536253,serverless,10.0,10.0,43.613,False,200,
1787684518.1536252,serverless,10.0,10.0,51.701,False,200,
1787684518.2536252,serverless,10.0,10.0,29.11,False,200,
1787684518.3536253,serverless,10.0,10.0,41.626,False,200,
1787684518.4536252,serverless,10.0,10.0,47.936,False,200,
1787684518.5536253,serverless,10.0,10.0,43.424,False,200,
1787684518.6536252,serverless,10.0,10.0,76.12,False,200,
1787684518.7536252,serverless,10.0,10.0,74.994,False,200,
1787684518.8536253,serverless,10.0,10.0,53.369,False,200,
1787684518.9536252,serverless,10.0,10.0,49.37,False,200,
1787684519.0536253,serverless,10.0,10.0,52.654,False,200,
1787684519.1536252,serverless,10.0,10.0,50.269,False,200,
1787684519.2536252,serverless,10.0,10.0,33.439,False,200,
1787684519.3536253,serverless,10.0,10.0,38.989,False,200,
1787684519.4536252,serverless,10.0,10.0,57.184,False,200,
1787684519.5536253,serverless,10.0,10.0,45.17,False,200,
1787684519.6536252,serverless,10.0,10.0,60.434,False,200,
1787684519.7536252,serverless,10.0,10.0,56.841,False,200,
1787684519.8536253,serverless,10.0,10.0,51.403,False,200,
1787684519.9536252,serverless,10.0,10.0,46.105,False,200,
1787684520.0536253,serverless,10.0,10.0,39.138,False,200,
1787684520.1536252,serverless,10.0,10.0,50.86,False,200,
1787684520.2536252,serverless,10.0,10.0,30.701,False,200,
1787684520.3536253,serverless,10.0,10.0,53.94,False,200,
1787684520.4536252,serverless,10.0,10.0,54.315,False,200,
1787684520.5536253,serverless,10.0,10.0,53.418,False,200,
1787684520.6536252,serverless,10.0,10.0,33.748,False,200,
1787684520.7536252,serverless,10.0,10.0,39.898,False,200,
1787684520.8536253,serverless,10.0,10.0,53.358,False,200,
1787684520.9536252,serverless,10.0,10.0,51.377,False,200,
1787684521.0536253,serverless,10.0,10.0,38.814,False,200,
1787684521.1536252,serverless,10.0,10.0,66.48,False,200,
1787684521.2536252,serverless,10.0,10.0,61.801,False,200,
1787684521.3536253,serverless,10.0,10.0,56.14,False,200,
1787684521.4536252,serverless,10.0,10.0,63.474,False,200,
1787684521.5536253,serverless,10.0,10.0,73.476,False,200,
1787684521.6536252,serverless,10.0,10.0,50.235,False,200,
1787684521.7536252,serverless,10.0,10.0,50.396,False,200,
1787684521.8536253,serverless,10.0,10.0,71.381,False,200,
1787684521.9536252,serverless,10.0,10.0,54.282,False,200,
1787684522.0536253,serverless,10.0,10.0,43.305,False,200,
1787684522.1536252,serverless,10.0,10.0,52.798,False,200,
1787684522.2536252,serverless,10.0,10.0,40.342,False,200,
1787684522.3536253,serverless,10.0,10.0,76.252,False,200,
1787684522.4536252,serverless,10.0,10.0,56.687,False,200,
1787684522.5536253,serverless,10.0,10.0,65.202,False,200,
1787684522.6536252,serverless,10.0,10.0,44.985,False,200,
1787684522.7536252,serverless,10.0,10.0,56.787,False,200,
1787684522.8536253,serverless,10.0,10.0,58.197,False,200,
1787684522.9536252,serverless,10.0,10.0,69.636,False,200,
1787684523.0536253,serverless,10.0,10.0,88.686,False,200,
1787684523.1536252,serverless,10.0,10.0,68.643,False,200,
1787684523.2536252,serverless,10.0,10.0,45.588,False,200,
1787684523.3536253,serverless,10.0,10.0,67.717,False,200,
1787684523.4536252,serverless,10.0,10.0,54.158,False,200,
1787684523.5536253,serverless,10.0,10.0,51.727,False,200,
1787684523.6536252,serverless,10.0,10.0,48.587,False,200,
1787684523.7536252,serverless,10.0,10.0,43.582,False,200,
1787684523.8536253,serverless,10.0,10.0,63.117,False,200,
1787684523.9536252,serverless,10.0,10.0,61.599,False,200,
1787684524.0536253,serverless,10.0,10.0,42.643,False,200,
1787684524.1536252,serverless,10.0,10.0,38.443,False,200,
1787684524.2536252,serverless,10.0,10.0,53.926,False,200,
1787684524.3536253,serverless,10.0,10.0,43.88,False,200,
1787684524.4536252,serverless,10.0,10.0,49.063,False,200,
1787684524.5536253,serverless,10.0,10.0,39.507,False,200,
1787684524.6536252,serverless,10.0,10.0,41.035,False,200,
1787684524.7536252,serverless,10.0,10.0,37.003,False,200,
1787684524.8536253,serverless,10.0,10.0,38.631,False,200,
1787684524.9536252,serverless,10.0,10.0,48.195,False,200,
1787684525.0536253,serverless,10.0,10.0,48.707,False,200,
1787684525.1536252,serverless,10.0,10.0,55.419,False,200,
1787684525.2536252,serverless,10.0,10.0,43.104,False,200,
1787684525.3536253,serverless,10.0,10.0,46.899,False,200,
1787684525.4536252,serverless,10.0,10.0,46.023,False,200,
1787684525.5536253,serverless,10.0,10.0,39.947,False,200,
1787684525.6536252,serverless,10.0,10.0,70.123,False,200,
1787684525.7536252,serverless,10.0,10.0,50.509,False,200,
1787684525.8536253,serverless,10.0,10.0,46.162,False,200,
1787684525.9536252,serverless,10.0,10.0,63.114,False,200,
1787684526.0536253,serverless,10.0,10.0,1860.642,True,200,
1787684526.1536252,serverless,10.0,10.0,53.301,False,200,
1787684526.2536252,serverless,10.0,10.0,53.369,False,200,
1787684526.3536253,serverless,10.0,10.0,69.974,False,200,
1787684526.4536252,serverless,10.0,10.0,44.702,False,200,
1787684526.5536253,serverless,10.0,10.0,68.55,False,200,
1787684526.6536252,serverless,10.0,10.0,54.793,False,200,
1787684526.7536252,serverless,10.0,10.0,39.537,False,200,
1787684526.8536253,serverless,10.0,10.0,63.08,False,200,
1787684526.9536252,serverless,10.0,10.0,52.611,False,200,
1787684527.0536253,serverless,10.0,10.0,42.816,False,200,
1787684527.1536252,serverless,10.0,10.0,64.758,False,200,
1787684527.2536252,serverless,10.0,10.0,50.085,False,200,
1787684527.3536253,serverless,10.0,10.0,65.988,False,200,
1787684527.4536252,serverless,10.0,10.0,52.431,False,200,
1787684527.5536253,serverless,10.0,10.0,49.205,False,200,
1787684527.6536252,serverless,10.0,10.0,39.687,False,200,
1787684527.7536252,serverless,10.0,10.0,55.54,False,200,
1787684527.8536253,serverless,10.0,10.0,66.629,False,200,
1787684527.9536252,serverless,10.0,10.0,46.284,False,200,
1787684528.0536253,serverless,10.0,10.0,43.676,False,200,
1787684528.1536252,serverless,10.0,10.0,54.912,False,200,
1787684528.2536252,serverless,10.0,10.0,44.028,False,200,
1787684528.3536253,serverless,10.0,10.0,45.53,False,200,
1787684528.4536252,serverless,10.0,10.0,64.5,False,200,
1787684528.5536253,serverless,10.0,10.0,51.924,False,200,
1787684528.6536252,serverless,10.0,10.0,48.416,False,200,
1787684528.7536252,serverless,10.0,10.0,46.157,False,200,
1787684528.8536253,serverless,10.0,10.0,41.455,False,200,
1787684528.9536252,serverless,10.0,10.0,48.338,False,200,
1787684529.0536253,serverless,10.0,10.0,52.842,False,200,
1787684529.1536252,serverless,10.0,10.0,67.014,False,200,
1787684529.2536252,serverless,10.0,10.0,48.055,False,200,
1787684529.3536253,serverless,10.0,10.0,62.336,False,200,
1787684529.4536252,serverless,10.0,10.0,40.013,False,200,
1787684529.5536253,serverless,10.0,10.0,53.393,False,200,
1787684529.6536252,serverless,10.0,10.0,54.125,False,200,
1787684529.7536252,serverless,10.0,10.0,73.828,False,200,
1787684529.8536253,serverless,10.0,10.0,49.452,False,200,
1787684529.9536252,serverless,10.0,10.0,37.971,False,200,
1787684530.0536253,serverless,10.0,10.0,64.239,False,200,
1787684530.1536252,serverless,10.0,10.0,61.568,False,200,
1787684530.2536252,serverless,10.0,10.0,47.06,False,200,
1787684530.3536253,serverless,10.0,10.0,41.058,False,200,
1787684530.4536252,serverless,10.0,10.0,41.425,False,200,
1787684530.5536253,serverless,10.0,10.0,50.426,False,200,
1787684530.6536252,serverless,10.0,10.0,61.689,False,200,
1787684530.7536252,serverless,10.0,10.0,40.425,False,200,
1787684530.8536253,serverless,10.0,10.0,905.524,True,200,
1787684530.9536252,serverless,10.0,10.0,50.225,False,200,
1787684531.0536253,serverless,10.0,10.0,39.772,False,200,
1787684531.1536252,serverless,10.0,10.0,47.145,False,200,
1787684531.2536252,serverless,10.0,10.0,51.17,False,200,
1787684531.3536253,serverless,10.0,10.0,61.572,False,200,
1787684531.4536252,serverless,10.0,10.0,57.263,False,200,
1787684531.5536253,serverless,10.0,10.0,67.513,False,200,
1787684531.6536252,serverless,10.0,10.0,50.976,False,200,
1787684531.7536252,serverless,10.0,10.0,40.733,False,200,
1787684531.8536253,serverless,10.0,10.0,50.223,False,200,
1787684531.9536252,serverless,10.0,10.0,56.35,False,200,
1787684532.0536253,serverless,10.0,10.0,39.422,False,200,
1787684532.1536252,serverless,10.0,10.0,53.753,False,200,
1787684532.2536252,serverless,10.0,10.0,40.675,False,200,
1787684532.3536253,serverless,10.0,10.0,44.372,False,200,
1787684532.4536252,serverless,10.0,10.0,71.58,False,200,
1787684532.5536253,serverless,10.0,10.0,41.507,False,200,
1787684532.6536252,serverless,10.0,10.0,59.24,False,200,
1787684532.7536252,serverless,10.0,10.0,43.617,False,200,
1787684532.8536253,serverless,10.0,10.0,45.231,False,200,
1787684532.9536252,serverless,10.0,10.0,48.432,False,200,
1787684533.0536253,serverless,10.0,10.0,62.069,False,200,
1787684533.1536252,serverless,10.0,10.0,53.462,False,200,
1787684533.2536252,serverless,10.0,10.0,56.387,False,200,
1787684533.3536253,serverless,10.0,10.0,52.169,False,200,
1787684533.4536252,serverless,10.0,10.0,53.472,False,200,
1787684533.5536253,serverless,10.0,10.0,48.27,False,200,
1787684533.6536252,serverless,10.0,10.0,91.994,False,200,
1787684533.7536252,serverless,10.0,10.0,53.603,False,200,
1787684533.8536253,serverless,10.0,10.0,52.188,False,200,
1787684533.9536252,serverless,10.0,10.0,70.37,False,200,
1787684534.0536253,serverless,10.0,10.0,67.036,False,200,
1787684534.1536252,serverless,10.0,10.0,51.164,False,200,
1787684534.2536252,serverless,10.0,10.0,54.226,False,200,
1787684534.3536253,serverless,10.0,10.0,54.628,False,200,
1787684534.4536252,serverless,10.0,10.0,87.512,False,200,
1787684534.5536253,serverless,10.0,10.0,45.223,False,200,
1787684534.6536252,serverless,10.0,10.0,41.911,False,200,
1787684534.7536252,serverless,10.0,10.0,29.196,False,200,
1787684534.8536253,serverless,10.0,10.0,47.333,False,200,
1787684534.9536252,serverless,10.0,10.0,47.621,False,200,
1787684535.0536253,serverless,10.0,10.0,40.502,False,200,
1787684535.1536252,serverless,10.0,10.0,55.341,False,200,
1787684535.2536252,serverless,10.0,10.0,48.909,False,200,
1787684535.3536253,serverless,10.0,10.0,66.553,False,200,
1787684535.4536252,serverless,10.0,10.0,56.657,False,200,
1787684535.5536253,serverless,10.0,10.0,44.147,False,200,
1787684535.6536252,serverless,10.0,10.0,50.656,False,200,
1787684535.7536252,serverless,10.0,10.0,55.862,False,200,
1787684535.8536253,serverless,10.0,10.0,34.833,False,200,
1787684535.9536252,serverless,10.0,10.0,57.31,False,200,
1787684536.0536253,serverless,10.0,10.0,52.524,False,200,
1787684536.1536252,serverless,10.0,10.0,39.356,False,200,
1787684536.2536252,serverless,10.0,10.0,66.448,False,200,
1787684536.3536253,serverless,10.0,10.0,48.145,False,200,
1787684536.4536252,serverless,10.0,10.0,35.974,False,200,
1787684536.5536253,serverless,10.0,10.0,58.828,False,200,
1787684536.6536252,serverless,10.0,10.0,45.447,False,200,
1787684536.7536252,serverless,10.0,10.0,50.593,False,200,
1787684536.8536253,serverless,10.0,10.0,44.568,False,200,
1787684536.9536252,serverless,10.0,10.0,57.729,False,200,
1787684537.0536253,serverless,10.0,10.0,53.211,False,200,
1787684537.1536252,serverless,10.0,10.0,43.972,False,200,
1787684537.2536252,serverless,10.0,10.0,38.981,False,200,
1787684537.3536253,serverless,10.0,10.0,64.163,False,200,
1787684537.4536252,serverless,10.0,10.0,34.948,False,200,
1787684537.5536253,serverless,10.0,10.0,38.79,False,200,
1787684537.6536252,serverless,10.0,10.0,56.723,False,200,
1787684537.7536252,serverless,10.0,10.0,45.192,False,200,
1787684537.8536253,serverless,10.0,10.0,68.057,False,200,
1787684537.9536252,serverless,10.0,10.0,57.729,False,200,
1787684538.0536253,serverless,10.0,10.0,57.071,False,200,
1787684538.1536252,serverless,10.0,10.0,69.579,False,200,
1787684538.2536252,serverless,10.0,10.0,46.932,False,200,
1787684538.3536253,serverless,10.0,10.0,61.969,False,200,
1787684538.4536252,serverless,10.0,10.0,38.39,False,200,
1787684538.5536253,serverless,10.0,10.0,38.97,False,200,
1787684538.6536252,serverless,10.0,10.0,66.832,False,200,
1787684538.7536252,serverless,10.0,10.0,57.783,False,200,
1787684538.8536253,serverless,10.0,10.0,43.914,False,200,
1787684538.9536252,serverless,10.0,10.0,51.876,False,200,
1787684539.0536253,serverless,10.0,10.0,35.57,False,200,
1787684539.1536252,serverless,10.0,10.0,58.054,False,200,
1787684539.2536252,serverless,10.0,10.0,39.365,False,200,
1787684539.3536253,serverless,10.0,10.0,47.959,False,200,
1787684539.4536252,serverless,10.0,10.0,50.868,False,200,
1787684539.5536253,serverless,10.0,10.0,42.662,False,200,
1787684539.6536252,serverless,10.0,10.0,36.987,False,200,
1787684539.7536252,serverless,10.0,10.0,66.395,False,200,
1787684539.8536253,serverless,10.0,10.0,45.933,False,200,
1787684539.9536252,serverless,10.0,10.0,51.021,False,200,
1787684540.0536253,serverless,10.0,10.0,69.463,False,200,
1787684540.1536252,serverless,10.0,10.0,1286.519,True,200,
1787684540.2536252,serverless,10.0,10.0,55.155,False,200,
1787684540.3536253,serverless,10.0,10.0,45.048,False,200,
1787684540.4536252,serverless,10.0,10.0,58.276,False,200,
1787684540.5536253,serverless,10.0,10.0,47.281,False,200,
1787684540.6536252,serverless,10.0,10.0,51.899,False,200,
1787684540.7536252,serverless,10.0,10.0,58.327,False,200,
1787684540.8536253,serverless,10.0,10.0,63.235,False,200,
1787684540.9536252,serverless,10.0,10.0,45.315,False,200,
1787684541.0536253,serverless,10.0,10.0,40.938,False,200,
1787684541.1536252,serverless,10.0,10.0,47.682,False,200,
1787684541.2536252,serverless,10.0,10.0,58.231,False,200,
1787684541.3536253,serverless,10.0,10.0,29.114,False,200,
1787684541.4536252,serverless,10.0,10.0,56.712,False,200,
1787684541.5536253,serverless,10.0,10.0,49.753,False,200,
1787684541.6536252,serverless,10.0,10.0,51.932,False,200,
1787684541.7536252,serverless,10.0,10.0,42.731,False,200,
1787684541.8536253,serverless,10.0,10.0,52.223,False,200,
1787684541.9536252,serverless,10.0,10.0,48.733,False,200,
1787684542.0536253,serverless,10.0,10.0,56.046,False,200,
1787684542.1536252,serverless,10.0,10.0,38.532,False,200,
1787684542.2536252,serverless,10.0,10.0,54.544,False,200,
1787684542.3536253,serverless,10.0,10.0,34.623,False,200,
1787684542.4536252,serverless,10.0,10.0,46.492,False,200,
1787684542.5536253,serverless,10.0,10.0,38.26,False,200,
1787684542.6536252,serverless,10.0,10.0,39.162,False,200,
1787684542.7536252,serverless,10.0,10.0,56.021,False,200,
1787684542.8536253,serverless,10.0,10.0,44.389,False,200,
1787684542.9536252,serverless,10.0,10.0,55.55,False,200,
1787684543.0536253,serverless,10.0,10.0,46.571,False,200,
1787684543.1536252,serverless,10.0,10.0,54.724,False,200,
1787684543.2536252,serverless,10.0,10.0,52.277,False,200,
1787684543.3536253,serverless,10.0,10.0,31.657,False,200,
1787684543.4536252,serverless,10.0,10.0,51.249,False,200,
1787684543.5536253,serverless,10.0,10.0,75.771,False,200,
1787684543.6536252,serverless,10.0,10.0,47.694,False,200,
1787684543.7536252,serverless,10.0,10.0,44.897,False,200,
1787684543.8536253,serverless,10.0,10.0,44.151,False,200,
1787684543.9536252,serverless,10.0,10.0,47.529,False,200,
1787684544.0536253,serverless,10.0,10.0,63.483,False,200,
1787684544.1536252,serverless,10.0,10.0,70.851,False,200,
1787684544.2536252,serverless,10.0,10.0,52.591,False,200,
1787684544.3536253,serverless,10.0,10.0,53.365,False,200,
1787684544.4536252,serverless,10.0,10.0,42.771,False,200,
1787684544.5536253,serverless,10.0,10.0,52.757,False,200,
1787684544.6536252,serverless,10.0,10.0,47.491,False,200,
1787684544.7536252,serverless,10.0,10.0,53.132,False,200,
1787684544.8536253,serverless,10.0,10.0,47.303,False,200,
1787684544.9536252,serverless,10.0,10.0,53.881,False,200,
1787684545.0536253,serverless,10.0,10.0,58.32,False,200,
1787684545.1536252,serverless,10.0,10.0,48.558,False,200,
1787684545.2536252,serverless,10.0,10.0,57.917,False,200,
1787684545.3536253,serverless,10.0,10.0,28.889,False,200,
1787684545.4536252,serverless,10.0,10.0,41.942,False,200,
1787684545.5536253,serverless,10.0,10.0,65.77,False,200,
1787684545.6536252,serverless,10.0,10.0,43.303,False,200,
1787684545.7536252,serverless,10.0,10.0,1558.303,True,200,
1787684545.8536253,serverless,10.0,10.0,48.217,False,200,
1787684545.9536252,serverless,10.0,10.0,50.873,False,200,
1787684546.0536253,serverless,10.0,10.0,57.355,False,200,
1787684546.1536252,serverless,10.0,10.0,66.003,False,200,
1787684546.2536252,serverless,10.0,10.0,66.812,False,200,
1787684546.3536253,serverless,10.0,10.0,47.583,False,200,
1787684546.4536252,serverless,10.0,10.0,76.286,False,200,
1787684546.5536253,serverless,10.0,10.0,79.664,False,200,
1787684546.6536252,serverless,10.0,10.0,52.263,False,200,
1787684546.7536252,serverless,10.0,10.0,38.129,False,200,
1787684546.8536253,serverless,10.0,10.0,39.342,False,200,
1787684546.9536252,serverless,10.0,10.0,58.418,False,200,
1787684547.0536253,serverless,10.0,10.0,43.377,False,200,
1787684547.1536252,serverless,10.0,10.0,52.221,False,200,
1787684547.2536252,serverless,10.0,10.0,51.997,False,200,
1787684547.3536253,serverless,10.0,10.0,71.686,False,200,
1787684547.4536252,serverless,10.0,10.0,69.019,False,200,
1787684547.5536253,serverless,10.0,10.0,65.61,False,200,
1787684547.6536252,serverless,10.0,10.0,46.491,False,200,
1787684547.7536252,serverless,10.0,10.0,36.736,False,200,
1787684547.8536253,serverless,10.0,10.0,48.474,False,200,
1787684547.9536252,serverless,10.0,10.0,40.581,False,200,
1787684548.0536253,serverless,10.0,10.0,34.077,False,200,
1787684548.1536252,serverless,10.0,10.0,31.488,False,200,
1787684548.2536252,serverless,10.0,10.0,60.147,False,200,
1787684548.3536253,serverless,10.0,10.0,33.749,False,200,
1787684548.4536252,serverless,10.0,10.0,39.156,False,200,
1787684548.5536253,serverless,10.0,10.0,48.654,False,200,
1787684548.6536252,serverless,10.0,10.0,46.89,False,200,
1787684548.7536252,serverless,10.0,10.0,50.354,False,200,
1787684548.8536253,serverless,10.0,10.0,58.737,False,200,
1787684548.9536252,serverless,10.0,10.0,55.651,False,200,
1787684549.0536253,serverless,10.0,10.0,54.891,False,200,
1787684549.1536252,serverless,10.0,10.0,61.158,False,200,
1787684549.2536252,serverless,10.0,10.0,70.116,False,200,
1787684549.3536253,serverless,10.0,10.0,41.543,False,200,
1787684549.4536252,serverless,10.0,10.0,70.701,False,200,
1787684549.5536253,serverless,10.0,10.0,55.627,False,200,
1787684549.6536252,serverless,10.0,10.0,46.953,False,200,
1787684549.7536252,serverless,10.0,10.0,46.137,False,200,
1787684549.8536253,serverless,10.0,10.0,57.48,False,200,
1787684549.9536252,serverless,10.0,10.0,64.069,False,200,
1787684550.0536253,serverless,10.0,10.0,42.489,False,200,
1787684550.1536252,serverless,10.0,10.0,59.099,False,200,
1787684550.2536252,serverless,10.0,10.0,47.559,False,200,
1787684550.3536253,serverless,10.0,10.0,68.215,False,200,
1787684550.4536252,serverless,10.0,10.0,53.153,False,200,
1787684550.5536253,serverless,10.0,10.0,59.547,False,200,
1787684550.6536252,serverless,10.0,10.0,39.091,False,200,
1787684550.7536252,serverless,10.0,10.0,42.231,False,200,
1787684550.8536253,serverless,10.0,10.0,52.558,False,200,
1787684550.9536252,serverless,10.0,10.0,46.849,False,200,
1787684551.0536253,serverless,10.0,10.0,52.084,False,200,
1787684551.1536252,serverless,10.0,10.0,54.496,False,200,
1787684551.2536252,serverless,10.0,10.0,54.994,False,200,
1787684551.3536253,serverless,10.0,10.0,38.691,False,200,
1787684551.4536252,serverless,10.0,10.0,37.802,False,200,
1787684551.5536253,serverless,10.0,10.0,46.016,False,200,
1787684551.6536252,serverless,10.0,10.0,44.225,False,200,
1787684551.7536252,serverless,10.0,10.0,51.359,False,200,
1787684551.8536253,serverless,10.0,10.0,48.952,False,200,
1787684551.9536252,serverless,10.0,10.0,60.184,False,200,
1787684552.0536253,serverless,10.0,10.0,50.178,False,200,
1787684552.1536252,serverless,10.0,10.0,55.494,False,200,
1787684552.2536252,serverless,10.0,10.0,49.195,False,200,
1787684552.3536253,serverless,10.0,10.0,58.235,False,200,
1787684552.4536252,serverless,10.0,10.0,81.258,False,200,
1787684552.5536253,serverless,10.0,10.0,41.866,False,200,
1787684552.6536252,serverless,10.0,10.0,50.256,False,200,
1787684552.7536252,serverless,10.0,10.0,35.235,False,200,
1787684552.8536253,serverless,10.0,10.0,58.452,False,200,
1787684552.9536252,serverless,10.0,10.0,45.295,False,200,
1787684553.0536253,serverless,10.0,10.0,46.754,False,200,
1787684553.1536252,serverless,10.0,10.0,46.302,False,200,
1787684553.2536252,serverless,10.0,10.0,50.707,False,200,
1787684553.3536253,serverless,10.0,10.0,39.611,False,200,
1787684553.4536252,serverless,10.0,10.0,39.251,False,200,
1787684553.5536253,serverless,10.0,10.0,51.137,False,200,
1787684553.6536252,serverless,10.0,10.0,60.033,False,200,
1787684553.7536252,serverless,10.0,10.0,42.033,False,200,
1787684553.8536253,serverless,10.0,10.0,25.693,False,200,
1787684553.9536252,serverless,10.0,10.0,31.181,False,200,
1787684554.0536253,serverless,10.0,10.0,40.224,False,200,
1787684554.1536252,serverless,10.0,10.0,42.653,False,200,
1787684554.2536252,serverless,10.0,10.0,56.907,False,200,
1787684554.3536253,serverless,10.0,10.0,54.057,False,200,
1787684554.4536252,serverless,10.0,10.0,39.464,False,200,
1787684554.5536253,serverless,10.0,10.0,33.252,False,200,
1787684554.6536252,serverless,10.0,10.0,46.274,False,200,
1787684554.7536252,serverless,10.0,10.0,52.884,False,200,
1787684554.8536253,serverless,10.0,10.0,67.901,False,200,
1787684554.9536252,serverless,10.0,10.0,58.794,False,200,
1787684555.0536253,serverless,10.0,10.0,53.6,False,200,
1787684555.1536252,serverless,10.0,10.0,50.353,False,200,
1787684555.2536252,serverless,10.0,10.0,57.564,False,200,
1787684555.3536253,serverless,10.0,10.0,36.854,False,200,
1787684555.4536252,serverless,10.0,10.0,37.712,False,200,
1787684555.5536253,serverless,10.0,10.0,45.747,False,200,
1787684555.6536252,serverless,10.0,10.0,50.786,False,200,
1787684555.7536252,serverless,10.0,10.0,85.477,False,200,
1787684555.8536253,serverless,10.0,10.0,57.662,False,200,
1787684555.9536252,serverless,10.0,10.0,53.857,False,200,
1787684556.0536253,serverless,10.0,10.0,50.098,False,200,
1787684556.1536252,serverless,10.0,10.0,39.915,False,200,
1787684556.2536252,serverless,10.0,10.0,47.701,False,200,
1787684556.3536253,serverless,10.0,10.0,46.977,False,200,
1787684556.4536252,serverless,10.0,10.0,67.963,False,200,
1787684556.5536253,serverless,10.0,10.0,43.823,False,200,
1787684556.6536252,serverless,10.0,10.0,36.097,False,200,
1787684556.7536252,serverless,10.0,10.0,74.904,False,200,
1787684556.8536253,serverless,10.0,10.0,47.932,False,200,
1787684556.9536252,serverless,10.0,10.0,68.997,False,200,
1787684557.0536253,serverless,10.0,10.0,34.842,False,200,
1787684557.1536252,serverless,10.0,10.0,44.39,False,200,
1787684557.2536252,serverless,10.0,10.0,52.006,False,200,
1787684557.3536253,serverless,10.0,10.0,36.215,False,200,
1787684557.4536252,serverless,10.0,10.0,51.599,False,200,
1787684557.5536253,serverless,10.0,10.0,44.976,False,200,
1787684557.6536252,serverless,10.0,10.0,36.877,False,200,
1787684557.7536252,serverless,10.0,10.0,46.46,False,200,
1787684557.8536253,serverless,10.0,10.0,52.207,False,200,
1787684557.9536252,serverless,10.0,10.0,54.841,False,200,
1787684558.0536253,serverless,10.0,10.0,44.745,False,200,
1787684558.1536252,serverless,10.0,10.0,69.362,False,200,
1787684558.2536252,serverless,10.0,10.0,42.86,False,200,
1787684558.3536253,serverless,10.0,10.0,38.312,False,200,
1787684558.4536252,serverless,10.0,10.0,46.902,False,200,
1787684558.5536253,serverless,10.0,10.0,41.855,False,200,
1787684558.6536252,serverless,10.0,10.0,1030.721,True,200,
1787684558.7536252,serverless,10.0,10.0,45.11,False,200,
1787684558.8536253,serverless,10.0,10.0,47.816,False,200,
1787684558.9536252,serverless,10.0,10.0,61.48,False,200,
1787684559.0536253,serverless,10.0,10.0,36.141,False,200,
1787684559.1536252,serverless,10.0,10.0,38.775,False,200,
1787684559.2536252,serverless,10.0,10.0,53.248,False,200,
1787684559.3536253,serverless,10.0,10.0,50.567,False,200,
1787684559.4536252,serverless,10.0,10.0,60.983,False,200,
1787684559.5536253,serverless,10.0,10.0,48.413,False,200,
1787684559.6536252,serverless,10.0,10.0,61.222,False,200,
1787684559.7536252,serverless,10.0,10.0,42.507,False,200,
1787684559.8536253,serverless,10.0,10.0,65.976,False,200,
1787684559.9536252,serverless,10.0,10.0,54.698,False,200,
1787684560.0536253,serverless,10.0,10.0,44.422,False,200,
1787684560.1536252,serverless,10.0,10.0,48.784,False,200,
1787684560.2536252,serverless,10.0,10.0,45.31,False,200,
1787684560.3536253,serverless,10.0,10.0,50.085,False,200,
1787684560.4536252,serverless,10.0,10.0,42.948,False,200,
1787684560.5536253,serverless,10.0,10.0,53.819,False,200,
1787684560.6536252,serverless,10.0,10.0,64.539,False,200,
1787684560.7536252,serverless,10.0,10.0,41.049,False,200,
1787684560.8536253,serverless,10.0,10.0,42.806,False,200,
1787684560.9536252,serverless,10.0,10.0,71.116,False,200,
1787684561.0536253,serverless,10.0,10.0,60.593,False,200,
1787684561.1536252,serverless,10.0,10.0,46.852,False,200,
1787684561.2536252,serverless,10.0,10.0,51.234,False,200,
1787684561.3536253,serverless,10.0,10.0,60.03,False,200,
1787684561.4536252,serverless,10.0,10.0,53.667,False,200,
1787684561.5536253,serverless,10.0,10.0,63.64,False,200,
1787684561.6536252,serverless,10.0,10.0,46.906,False,200,
1787684561.7536252,serverless,10.0,10.0,59.653,False,200,
1787684561.8536253,serverless,10.0,10.0,45.148,False,200,
1787684561.9536252,serverless,10.0,10.0,39.766,False,200,
1787684562.0536253,serverless,10.0,10.0,55.765,False,200,
1787684562.1536252,serverless,10.0,10.0,52.193,False,200,
1787684562.2536252,serverless,10.0,10.0,57.941,False,200,
1787684562.3536253,serverless,10.0,10.0,61.686,False,200,
1787684562.4536252,serverless,10.0,10.0,52.735,False,200,
1787684562.5536253,serverless,10.0,10.0,53.012,False,200,
1787684562.6536252,serverless,10.0,10.0,50.663,False,200,
1787684562.7536252,serverless,10.0,10.0,50.699,False,200,
1787684562.8536253,serverless,10.0,10.0,38.194,False,200,
1787684562.9536252,serverless,10.0,10.0,56.976,False,200,
1787684563.0536253,serverless,10.0,10.0,40.515,False,200,
1787684563.1536252,serverless,10.0,10.0,51.095,False,200,
1787684563.2536252,serverless,10.0,10.0,63.97,False,200,
1787684563.3536253,serverless,10.0,10.0,48.978,False,200,
1787684563.4536252,serverless,10.0,10.0,56.796,False,200,
1787684563.5536253,serverless,10.0,10.0,39.348,False,200,
1787684563.6536252,serverless,10.0,10.0,47.166,False,200,
1787684563.7536252,serverless,10.0,10.0,35.732,False,200,
1787684563.8536253,serverless,10.0,10.0,51.913,False,200,
1787684563.9536252,serverless,10.0,10.0,64.258,False,200,
1787684564.0536253,serverless,10.0,10.0,58.042,False,200,
1787684564.1536252,serverless,10.0,10.0,44.695,False,200,
1787684564.2536252,serverless,10.0,10.0,45.178,False,200,
1787684564.3536253,serverless,10.0,10.0,71.458,False,200,
1787684564.4536252,serverless,10.0,10.0,52.303,False,200,
1787684564.5536253,serverless,10.0,10.0,59.019,False,200,
1787684564.6536252,serverless,10.0,10.0,55.842,False,200,
1787684564.7536252,serverless,10.0,10.0,67.387,False,200,
1787684564.8536253,serverless,10.0,10.0,43.039,False,200,
1787684564.9536252,serverless,10.0,10.0,43.666,False,200,
1787684565.0536253,serverless,10.0,10.0,43.166,False,200,
1787684565.1536252,serverless,10.0,10.0,43.976,False,200,
1787684565.2536252,serverless,10.0,10.0,47.764,False,200,
1787684565.3536253,serverless,10.0,10.0,58.072,False,200,
1787684565.4536252,serverless,10.0,10.0,62.175,False,200,
1787684565.5536253,serverless,10.0,10.0,32.209,False,200,
1787684565.6536252,serverless,10.0,10.0,64.559,False,200,
1787684565.7536252,serverless,10.0,10.0,34.157,False,200,
1787684565.8536253,serverless,10.0,10.0,45.837,False,200,
1787684565.9536252,serverless,10.0,10.0,54.734,False,200,
1787684566.0536253,serverless,10.0,10.0,65.088,False,200,
1787684566.1536252,serverless,10.0,10.0,43.581,False,200,
1787684566.2536252,serverless,10.0,10.0,69.083,False,200,
1787684566.3536253,serverless,10.0,10.0,60.485,False,200,
1787684566.4536252,serverless,10.0,10.0,50.046,False,200,
1787684566.5536253,serverless,10.0,10.0,48.427,False,200,
1787684566.6536252,serverless,10.0,10.0,60.186,False,200,
1787684566.7536252,serverless,10.0,10.0,40.234,False,200,
1787684566.8536253,serverless,10.0,10.0,65.235,False,200,
1787684566.9536252,serverless,10.0,10.0,57.616,False,200,
1787684567.0536253,serverless,10.0,10.0,66.466,False,200,
1787684567.1536252,serverless,10.0,10.0,60.438,False,200,
1787684567.2536252,serverless,10.0,10.0,49.935,False,200,
1787684567.3536253,serverless,10.0,10.0,57.259,False,200,
1787684567.4536252,serverless,10.0,10.0,59.242,False,200,
1787684567.5536253,serverless,10.0,10.0,61.628,False,200,
1787684567.6536252,serverless,10.0,10.0,57.352,False,200,
1787684567.7536252,serverless,10.0,10.0,53.499,False,200,
1787684567.8536253,serverless,10.0,10.0,59.381,False,200,
1787684567.9536252,serverless,10.0,10.0,45.938,False,200,
1787684568.0536253,serverless,10.0,10.0,56.269,False,200,
1787684568.1536252,serverless,10.0,10.0,64.188,False,200,
1787684568.2536252,serverless,10.0,10.0,60.059,False,200,
1787684568.3536253,serverless,10.0,10.0,45.233,False,200,
1787684568.4536252,serverless,10.0,10.0,49.558,False,200,
1787684568.5536253,serverless,10.0,10.0,50.483,False,200,
1787684568.6536252,serverless,10.0,10.0,48.352,False,200,
1787684568.7536252,serverless,10.0,10.0,50.462,False,200,
1787684568.8536253,serverless,10.0,10.0,41.18,False,200,
1787684568.9536252,serverless,10.0,10.0,48.858,False,200,
1787684569.0536253,serverless,10.0,10.0,59.351,False,200,
1787684569.1536252,serverless,10.0,10.0,50.899,False,200,
1787684569.2536252,serverless,10.0,10.0,41.329,False,200,
1787684569.3536253,serverless,10.0,10.0,52.629,False,200,
1787684569.4536252,serverless,10.0,10.0,44.897,False,200,
1787684569.5536253,serverless,10.0,10.0,43.465,False,200,
1787684569.6536252,serverless,10.0,10.0,49.661,False,200,
1787684569.7536252,serverless,10.0,10.0,56.125,False,200,
1787684569.8536253,serverless,10.0,10.0,44.02,False,200,
1787684569.9536252,serverless,10.0,10.0,40.859,False,200,
1787684570.0536253,serverless,10.0,10.0,58.148,False,200,
1787684570.1536252,serverless,10.0,10.0,58.888,False,200,
1787684570.2536252,serverless,10.0,10.0,63.641,False,200,
1787684570.3536253,serverless,10.0,10.0,61.106,False,200,
1787684570.4536252,serverless,10.0,10.0,38.331,False,200,
1787684570.5536253,serverless,10.0,10.0,55.665,False,200,
1787684570.6536252,serverless,10.0,10.0,45.072,False,200,
1787684570.7536252,serverless,10.0,10.0,51.17,False,200,
1787684570.8536253,serverless,10.0,10.0,32.77,False,200,
1787684570.9536252,serverless,10.0,10.0,46.847,False,200,
1787684571.0536253,serverless,10.0,10.0,28.805,False,200,
1787684571.1536252,serverless,10.0,10.0,64.83,False,200,
1787684571.2536252,serverless,10.0,10.0,49.203,False,200,
1787684571.3536253,serverless,10.0,10.0,45.724,False,200,
1787684571.4536252,serverless,10.0,10.0,58.807,False,200,
1787684571.5536253,serverless,10.0,10.0,52.092,False,200,
1787684571.6536252,serverless,10.0,10.0,39.493,False,200,
1787684571.7536252,serverless,10.0,10.0,44.139,False,200,
1787684571.8536253,serverless,10.0,10.0,37.557,False,200,
1787684571.9536252,serverless,10.0,10.0,49.004,False,200,
1787684572.0536253,serverless,10.0,10.0,47.997,False,200,
1787684572.1536252,serverless,10.0,10.0,62.798,False,200,
1787684572.2536252,serverless,10.0,10.0,50.055,False,200,
1787684572.3536253,serverless,10.0,10.0,46.917,False,200,
1787684572.4536252,serverless,10.0,10.0,60.868,False,200,
1787684572.5536253,serverless,10.0,10.0,47.395,False,200,
1787684572.6536252,serverless,10.0,10.0,35.182,False,200,
1787684572.7536252,serverless,10.0,10.0,1156.335,True,200,
1787684572.8536253,serverless,10.0,10.0,56.142,False,200,
1787684572.9536252,serverless,10.0,10.0,39.625,False,200,
1787684573.0536253,serverless,10.0,10.0,41.242,False,200,
1787684573.1536252,serverless,10.0,10.0,71.512,False,200,
1787684573.2536252,serverless,10.0,10.0,58.664,False,200,
1787684573.3536253,serverless,10.0,10.0,48.648,False,200,
1787684573.4536252,serverless,10.0,10.0,55.177,False,200,
1787684573.5536253,serverless,10.0,10.0,49.721,False,200,
1787684573.6536252,serverless,10.0,10.0,54.726,False,200,
1787684573.7536252,serverless,10.0,10.0,59.951,False,200,
1787684573.8536253,serverless,10.0,10.0,47.377,False,200,
1787684573.9536252,serverless,10.0,10.0,60.074,False,200,
1787684574.0536253,serverless,10.0,10.0,73.512,False,200,
1787684574.1536252,serverless,10.0,10.0,48.475,False,200,
1787684574.2536252,serverless,10.0,10.0,50.723,False,200,
1787684574.3536253,serverless,10.0,10.0,70.094,False,200,
1787684574.4536252,serverless,10.0,10.0,51.233,False,200,
1787684574.5536253,serverless,10.0,10.0,59.85,False,200,
1787684574.6536252,serverless,10.0,10.0,45.544,False,200,
1787684574.7536252,serverless,10.0,10.0,35.378,False,200,
1787684574.8536253,serverless,10.0,10.0,47.802,False,200,
1787684574.9536252,serverless,10.0,10.0,52.254,False,200,
1787684575.0536253,serverless,10.0,10.0,61.109,False,200,
1787684575.1536252,serverless,10.0,10.0,48.218,False,200,
1787684575.2536252,serverless,10.0,10.0,49.422,False,200,
1787684575.3536253,serverless,10.0,10.0,71.183,False,200,
1787684575.4536252,serverless,10.0,10.0,37.388,False,200,
1787684575.5536253,serverless,10.0,10.0,45.152,False,200,
1787684575.6536252,serverless,10.0,10.0,38.286,False,200,
1787684575.7536252,serverless,10.0,10.0,50.273,False,200,
1787684575.8536253,serverless,10.0,10.0,41.292,False,200,
1787684575.9536252,serverless,10.0,10.0,43.245,False,200,
1787684576.0536253,serverless,10.0,10.0,47.356,False,200,
1787684576.1536252,serverless,10.0,10.0,55.001,False,200,
1787684576.2536252,serverless,10.0,10.0,53.87,False,200,
1787684576.3536253,serverless,10.0,10.0,68.724,False,200,
1787684576.4536252,serverless,10.0,10.0,33.587,False,200,
1787684576.5536253,serverless,10.0,10.0,62.698,False,200,
1787684576.6536252,serverless,10.0,10.0,46.64,False,200,
1787684576.7536252,serverless,10.0,10.0,39.272,False,200,
1787684576.8536253,serverless,10.0,10.0,52.617,False,200,
1787684576.9536252,serverless,10.0,10.0,48.738,False,200,
1787684577.0536253,serverless,10.0,10.0,69.118,False,200,
1787684577.1536252,serverless,10.0,10.0,55.359,False,200,
1787684577.2536252,serverless,10.0,10.0,64.843,False,200,
1787684577.3536253,serverless,10.0,10.0,49.579,False,200,
1787684577.4536252,serverless,10.0,10.0,59.565,False,200,
1787684577.5536253,serverless,10.0,10.0,43.141,False,200,
1787684577.6536252,serverless,10.0,10.0,57.536,False,200,
1787684577.7536252,serverless,10.0,10.0,53.182,False,200,
1787684577.8536253,serverless,10.0,10.0,35.781,False,200,
1787684577.9536252,serverless,10.0,10.0,57.871,False,200,
1787684578.0536253,serverless,10.0,10.0,46.374,False,200,
1787684578.1536252,serverless,10.0,10.0,44.734,False,200,
1787684578.2536252,serverless,10.0,10.0,60.123,False,200,
1787684578.3536253,serverless,10.0,10.0,56.632,False,200,
1787684578.4536252,serverless,10.0,10.0,38.713,False,200,
1787684578.5536253,serverless,10.0,10.0,42.507,False,200,
1787684578.6536252,serverless,10.0,10.0,58.089,False,200,
1787684578.7536252,serverless,10.0,10.0,54.247,False,200,
1787684578.8536253,serverless,10.0,10.0,45.992,False,200,
1787684578.9536252,serverless,10.0,10.0,54.483,False,200,
1787684579.0536253,serverless,10.0,10.0,62.642,False,200,
1787684579.1536252,serverless,10.0,10.0,55.793,False,200,
1787684579.2536252,serverless,10.0,10.0,51.086,False,200,
1787684579.3536253,serverless,10.0,10.0,53.56,False,200,
1787684579.4536252,serverless,10.0,10.0,41.282,False,200,
1787684579.5536253,serverless,10.0,10.0,59.543,False,200,
1787684579.6536252,serverless,10.0,10.0,30.325,False,200,
1787684579.7536252,serverless,10.0,10.0,56.195,False,200,
1787684579.8536253,serverless,10.0,10.0,45.618,False,200,
1787684579.9536252,serverless,10.0,10.0,53.951,False,200,
1787684580.0536253,serverless,10.0,10.0,41.774,False,200,
1787684580.1536252,serverless,10.0,10.0,77.316,False,200,
1787684580.2536252,serverless,10.0,10.0,47.848,False,200,
1787684580.3536253,serverless,10.0,10.0,32.357,False,200,
1787684580.4536252,serverless,10.0,10.0,53.846,False,200,
1787684580.5536253,serverless,10.0,10.0,51.224,False,200,
1787684580.6536252,serverless,10.0,10.0,46.356,False,200,
1787684580.7536252,serverless,10.0,10.0,66.018,False,200,
1787684580.8536253,serverless,10.0,10.0,52.939,False,200,
1787684580.9536252,serverless,10.0,10.0,42.985,False,200,
1787684581.0536253,serverless,10.0,10.0,42.656,False,200,
1787684581.1536252,serverless,10.0,10.0,47.645,False,200,
1787684581.2536252,serverless,10.0,10.0,54.388,False,200,
1787684581.3536253,serverless,10.0,10.0,57.321,False,200,
1787684581.4536252,serverless,10.0,10.0,40.624,False,200,
1787684581.5536253,serverless,10.0,10.0,84.951,False,200,
1787684581.6536252,serverless,10.0,10.0,50.044,False,200,
1787684581.7536252,serverless,10.0,10.0,48.471,False,200,
1787684581.8536253,serverless,10.0,10.0,47.027,False,200,
1787684581.9536252,serverless,10.0,10.0,42.822,False,200,
1787684582.0536253,serverless,10.0,10.0,40.772,False,200,
1787684582.1536252,serverless,10.0,10.0,45.745,False,200,
1787684582.2536252,serverless,10.0,10.0,60.948,False,200,
1787684582.3536253,serverless,10.0,10.0,57.459,False,200,
1787684582.4536252,serverless,10.0,10.0,56.382,False,200,
1787684582.5536253,serverless,10.0,10.0,75.887,False,200,
1787684582.6536252,serverless,10.0,10.0,55.622,False,200,
1787684582.7536252,serverless,10.0,10.0,60.702,False,200,
1787684582.8536253,serverless,10.0,10.0,63.604,False,200,
1787684582.9536252,serverless,10.0,10.0,30.838,False,200,
1787684583.0536253,serverless,10.0,10.0,58.65,False,200,
1787684583.1536252,serverless,10.0,10.0,46.179,False,200,
1787684583.2536252,serverless,10.0,10.0,45.812,False,200,
1787684583.3536253,serverless,10.0,10.0,46.28,False,200,
1787684583.4536252,serverless,10.0,10.0,63.515,False,200,
1787684583.5536253,serverless,10.0,10.0,55.573,False,200,
1787684583.6536252,serverless,10.0,10.0,60.077,False,200,
1787684583.7536252,serverless,10.0,10.0,33.507,False,200,
1787684583.8536253,serverless,10.0,10.0,47.017,False,200,
1787684583.9536252,serverless,10.0,10.0,46.152,False,200,
1787684584.0536253,serverless,10.0,10.0,37.0,False,200,
1787684584.1536252,serverless,10.0,10.0,46.61,False,200,
1787684584.2536252,serverless,10.0,10.0,50.376,False,200,
1787684584.3536253,serverless,10.0,10.0,35.981,False,200,
1787684584.4536252,serverless,10.0,10.0,41.096,False,200,
1787684584.5536253,serverless,10.0,10.0,60.9,False,200,
1787684584.6536252,serverless,10.0,10.0,52.78,False,200,
1787684584.7536252,serverless,10.0,10.0,44.418,False,200,
1787684584.8536253,serverless,10.0,10.0,27.957,False,200,
1787684584.9536252,serverless,10.0,10.0,68.52,False,200,
1787684585.0536253,serverless,10.0,10.0,42.037,False,200,
1787684585.1536252,serverless,10.0,10.0,51.324,False,200,
1787684585.2536252,serverless,10.0,10.0,82.972,False,200,
1787684585.3536253,serverless,10.0,10.0,44.34,False,200,
1787684585.4536252,serverless,10.0,10.0,60.486,False,200,
1787684585.5536253,serverless,10.0,10.0,59.945,False,200,
1787684585.6536252,serverless,10.0,10.0,46.964,False,200,
1787684585.7536252,serverless,10.0,10.0,44.792,False,200,
1787684585.8536253,serverless,10.0,10.0,43.039,False,200,
1787684585.9536252,serverless,10.0,10.0,52.101,False,200,
1787684586.0536253,serverless,10.0,10.0,61.284,False,200,
1787684586.1536252,serverless,10.0,10.0,48.623,False,200,
1787684586.2536252,serverless,10.0,10.0,42.13,False,200,
1787684586.3536253,serverless,10.0,10.0,38.24,False,200,
1787684586.4536252,serverless,10.0,10.0,50.87,False,200,
1787684586.5536253,serverless,10.0,10.0,51.315,False,200,
1787684586.6536252,serverless,10.0,10.0,54.284,False,200,
1787684586.7536252,serverless,10.0,10.0,63.423,False,200,
1787684586.8536253,serverless,10.0,10.0,78.696,False,200,
1787684586.9536252,serverless,10.0,10.0,61.816,False,200,
1787684587.0536253,serverless,10.0,10.0,63.267,False,200,
1787684587.1536252,serverless,10.0,10.0,42.235,False,200,
1787684587.2536252,serverless,10.0,10.0,44.813,False,200,
1787684587.3536253,serverless,10.0,10.0,55.192,False,200,
1787684587.4536252,serverless,10.0,10.0,45.495,False,200,
1787684587.5536253,serverless,10.0,10.0,54.187,False,200,
1787684587.6536252,serverless,10.0,10.0,61.391,False,200,
1787684587.7536252,serverless,10.0,10.0,54.739,False,200,
1787684587.8536253,serverless,10.0,10.0,53.457,False,200,
1787684587.9536252,serverless,10.0,10.0,48.425,False,200,
1787684588.0536253,serverless,10.0,10.0,49.02,False,200,
1787684588.1536252,serverless,10.0,10.0,51.88,False,200,
1787684588.2536252,serverless,10.0,10.0,62.546,False,200,
1787684588.3536253,serverless,10.0,10.0,39.209,False,200,
1787684588.4536252,serverless,10.0,10.0,49.365,False,200,
1787684588.5536253,serverless,10.0,10.0,49.927,False,200,
1787684588.6536252,serverless,10.0,10.0,41.245,False,200,
1787684588.7536252,serverless,10.0,10.0,56.057,False,200,
1787684588.8536253,serverless,10.0,10.0,46.0,False,200,
1787684588.9536252,serverless,10.0,10.0,58.793,False,200,
1787684589.0536253,serverless,10.0,10.0,59.459,False,200,
1787684589.1536252,serverless,10.0,10.0,26.539,False,200,
1787684589.2536252,serverless,10.0,10.0,67.535,False,200,
1787684589.3536253,serverless,10.0,10.0,52.793,False,200,
1787684589.4536252,serverless,10.0,10.0,51.042,False,200,
1787684589.5536253,serverless,10.0,10.0,42.135,False,200,
1787684589.6536252,serverless,10.0,10.0,53.772,False,200,
1787684589.7536252,serverless,10.0,10.0,48.622,False,200,
1787684589.8536253,serverless,10.0,10.0,62.712,False,200,
1787684589.9536252,serverless,10.0,10.0,58.508,False,200,
1787684590.0536253,serverless,10.0,10.0,46.362,False,200,
1787684590.1536252,serverless,10.0,10.0,44.373,False,200,
1787684590.2536252,serverless,10.0,10.0,41.313,False,200,
1787684590.3536253,serverless,10.0,10.0,48.132,False,200,
1787684590.4536252,serverless,10.0,10.0,60.775,False,200,
1787684590.5536253,serverless,10.0,10.0,50.678,False,200,
1787684590.6536252,serverless,10.0,10.0,50.908,False,200,
1787684590.7536252,serverless,10.0,10.0,44.318,False,200,
1787684590.8536253,serverless,10.0,10.0,36.383,False,200,
1787684590.9536252,serverless,10.0,10.0,41.822,False,200,
1787684591.0536253,serverless,10.0,10.0,44.877,False,200,
1787684591.1536252,serverless,10.0,10.0,51.122,False,200,
1787684591.2536252,serverless,10.0,10.0,42.713,False,200,
1787684591.3536253,serverless,10.0,10.0,65.351,False,200,
1787684591.4536252,serverless,10.0,10.0,70.74,False,200,
1787684591.5536253,serverless,10.0,10.0,32.999,False,200,
1787684591.6536252,serverless,10.0,10.0,56.758,False,200,
1787684591.7536252,serverless,10.0,10.0,36.708,False,200,
1787684591.8536253,serverless,10.0,10.0,61.027,False,200,
1787684591.9536252,serverless,10.0,10.0,38.48,False,200,
1787684592.0536253,serverless,10.0,10.0,33.056,False,200,
1787684592.1536252,serverless,10.0,10.0,48.414,False,200,
1787684592.2536252,serverless,10.0,10.0,42.103,False,200,
1787684592.3536253,serverless,10.0,10.0,53.713,False,200,
1787684592.4536252,serverless,10.0,10.0,47.469,False,200,
1787684592.5536253,serverless,10.0,10.0,41.056,False,200,
1787684592.6536252,serverless,10.0,10.0,50.677,False,200,
1787684592.7536252,serverless,10.0,10.0,41.866,False,200,
1787684592.8536253,serverless,10.0,10.0,44.357,False,200,
1787684592.9536252,serverless,10.0,10.0,43.197,False,200,
1787684593.0536253,serverless,10.0,10.0,45.564,False,200,
1787684593.1536252,serverless,10.0,10.0,60.302,False,200,
1787684593.2536252,serverless,10.0,10.0,48.145,False,200,
1787684593.3536253,serverless,10.0,10.0,58.151,False,200,
1787684593.4536252,serverless,10.0,10.0,49.019,False,200,
1787684593.5536253,serverless,10.0,10.0,44.685,False,200,
1787684593.6536252,serverless,10.0,10.0,52.666,False,200,
1787684593.7536252,serverless,10.0,10.0,43.083,False,200,
1787684593.8536253,serverless,10.0,10.0,70.936,False,200,
1787684593.9536252,serverless,10.0,10.0,45.557,False,200,
1787684594.0536253,serverless,10.0,10.0,68.589,False,200,
1787684594.1536252,serverless,10.0,10.0,44.595,False,200,
1787684594.2536252,serverless,10.0,10.0,58.178,False,200,
1787684594.3536253,serverless,10.0,10.0,68.276,False,200,
1787684594.4536252,serverless,10.0,10.0,50.157,False,200,
1787684594.5536253,serverless,10.0,10.0,45.403,False,200,
1787684594.6536252,serverless,10.0,10.0,53.645,False,200,
1787684594.7536252,serverless,10.0,10.0,45.255,False,200,
1787684594.8536253,serverless,10.0,10.0,54.815,False,200,
1787684594.9536252,serverless,10.0,10.0,39.685,False,200,
1787684595.0536253,serverless,10.0,10.0,62.474,False,200,
1787684595.1536252,serverless,10.0,10.0,43.254,False,200,
1787684595.2536252,serverless,10.0,10.0,48.897,False,200,
1787684595.3536253,serverless,10.0,10.0,48.39,False,200,
1787684595.4536252,serverless,10.0,10.0,41.613,False,200,
1787684595.5536253,serverless,10.0,10.0,46.042,False,200,
1787684595.6536252,serverless,10.0,10.0,25.428,False,200,
1787684595.7536252,serverless,10.0,10.0,55.024,False,200,
1787684595.8536253,serverless,10.0,10.0,55.448,False,200,
1787684595.9536252,serverless,10.0,10.0,39.918,False,200,
1787684596.0536253,serverless,10.0,10.0,46.539,False,200,
1787684596.1536252,serverless,10.0,10.0,50.466,False,200,
1787684596.2536252,serverless,10.0,10.0,50.178,False,200,
1787684596.3536253,serverless,10.0,10.0,51.869,False,200,
1787684596.4536252,serverless,10.0,10.0,51.691,False,200,
1787684596.5536253,serverless,10.0,10.0,52.465,False,200,
1787684596.6536252,serverless,10.0,10.0,45.492,False,200,
1787684596.7536252,serverless,10.0,10.0,56.469,False,200,
1787684596.8536253,serverless,10.0,10.0,40.047,False,200,
1787684596.9536252,serverless,10.0,10.0,61.861,False,200,
1787684597.0536253,serverless,10.0,10.0,50.653,False,200,
1787684597.1536252,serverless,10.0,10.0,51.536,False,200,
1787684597.2536252,serverless,10.0,10.0,53.781,False,200,
1787684597.3536253,serverless,10.0,10.0,52.005,False,200,
1787684597.4536252,serverless,10.0,10.0,40.675,False,200,
1787684597.5536253,serverless,10.0,10.0,41.115,False,200,
1787684597.6536252,serverless,10.0,10.0,46.771,False,200,
1787684597.7536252,serverless,10.0,10.0,54.811,False,200,
1787684597.8536253,serverless,10.0,10.0,35.178,False,200,
1787684597.9536252,serverless,10.0,10.0,79.623,False,200,
1787684598.0536253,serverless,10.0,10.0,55.436,False,200,
1787684598.1536252,serverless,10.0,10.0,44.212,False,200,
1787684598.2536252,serverless,10.0,10.0,53.049,False,200,
1787684598.3536253,serverless,10.0,10.0,46.383,False,200,
1787684598.4536252,serverless,10.0,10.0,66.251,False,200,
1787684598.5536253,serverless,10.0,10.0,51.642,False,200,
1787684598.6536252,serverless,10.0,10.0,51.128,False,200,
1787684598.7536252,serverless,10.0,10.0,47.014,False,200,
1787684598.8536253,serverless,10.0,10.0,56.563,False,200,
1787684598.9536252,serverless,10.0,10.0,50.796,False,200,
1787684599.0536253,serverless,10.0,10.0,59.295,False,200,
1787684599.1536252,serverless,10.0,10.0,1233.097,True,200,
1787684599.2536252,serverless,10.0,10.0,45.352,False,200,
1787684599.3536253,serverless,10.0,10.0,45.309,False,200,
1787684599.4536252,serverless,10.0,10.0,41.085,False,200,
1787684599.5536253,serverless,10.0,10.0,36.0,False,200,
1787684599.6536252,serverless,10.0,10.0,53.68,False,200,
1787684599.7536252,serverless,10.0,10.0,54.438,False,200,
1787684599.8536253,serverless,10.0,10.0,45.392,False,200,
1787684599.9536252,serverless,10.0,10.0,45.732,False,200,
1787684600.0536253,serverless,10.0,10.0,40.167,False,200,
1787684600.1536252,serverless,10.0,10.0,50.039,False,200,
1787684600.2536252,serverless,10.0,10.0,58.813,False,200,
1787684600.3536253,serverless,10.0,10.0,52.366,False,200,
1787684600.4536252,serverless,10.0,10.0,49.05,False,200,
1787684600.5536253,serverless,10.0,10.0,67.211,False,200,
1787684600.6536252,serverless,10.0,10.0,53.86,False,200,
1787684600.7536252,serverless,10.0,10.0,48.439,False,200,
1787684600.8536253,serverless,10.0,10.0,41.428,False,200,
1787684600.9536252,serverless,10.0,10.0,70.677,False,200,
1787684601.0536253,serverless,10.0,10.0,43.402,False,200,
1787684601.1536252,serverless,10.0,10.0,46.435,False,200,
1787684601.2536252,serverless,10.0,10.0,40.485,False,200,
1787684601.3536253,serverless,10.0,10.0,62.503,False,200,
1787684601.4536252,serverless,10.0,10.0,72.826,False,200,
1787684601.5536253,serverless,10.0,10.0,67.26,False,200,
1787684601.6536252,serverless,10.0,10.0,57.354,False,200,
1787684601.7536252,serverless,10.0,10.0,45.199,False,200,
1787684601.8536253,serverless,10.0,10.0,51.407,False,200,
1787684601.9536252,serverless,10.0,10.0,42.065,False,200,
1787684602.0536253,serverless,10.0,10.0,39.68,False,200,
1787684602.1536252,serverless,10.0,10.0,34.177,False,200,
1787684602.2536252,serverless,10.0,10.0,66.141,False,200,
1787684602.3536253,serverless,10.0,10.0,43.682,False,200,
1787684602.4536252,serverless,10.0,10.0,53.45,False,200,
1787684602.5536253,serverless,10.0,10.0,47.292,False,200,
1787684602.6536252,serverless,10.0,10.0,46.338,False,200,
1787684602.7536252,serverless,10.0,10.0,66.179,False,200,
1787684602.8536253,serverless,10.0,10.0,60.178,False,200,
1787684602.9536252,serverless,10.0,10.0,44.639,False,200,
1787684603.0536253,serverless,10.0,10.0,62.148,False,200,
1787684603.1536252,serverless,10.0,10.0,47.244,False,200,
1787684603.2536252,serverless,10.0,10.0,42.732,False,200,
1787684603.3536253,serverless,10.0,10.0,45.943,False,200,
1787684603.4536252,serverless,10.0,10.0,61.191,False,200,
1787684603.5536253,serverless,10.0,10.0,33.998,False,200,
1787684603.6536252,serverless,10.0,10.0,47.942,False,200,
1787684603.7536252,serverless,10.0,10.0,51.864,False,200,
1787684603.8536253,serverless,10.0,10.0,40.501,False,200,
1787684603.9536252,serverless,10.0,10.0,52.883,False,200,
1787684604.0536253,serverless,10.0,10.0,48.11,False,200,
1787684604.1536252,serverless,10.0,10.0,34.799,False,200,
1787684604.2536252,serverless,10.0,10.0,50.172,False,200,
1787684604.3536253,serverless,10.0,10.0,38.081,False,200,
1787684604.4536252,serverless,10.0,10.0,58.22,False,200,
1787684604.5536253,serverless,10.0,10.0,53.637,False,200,
1787684604.6536252,serverless,10.0,10.0,55.346,False,200,
1787684604.7536252,serverless,10.0,10.0,54.159,False,200,
1787684604.8536253,serverless,10.0,10.0,53.785,False,200,
1787684604.9536252,serverless,10.0,10.0,47.513,False,200,
1787684605.0536253,serverless,10.0,10.0,45.255,False,200,
1787684605.1536252,serverless,10.0,10.0,49.927,False,200,
1787684605.2536252,serverless,10.0,10.0,75.275,False,200,
1787684605.3536253,serverless,10.0,10.0,40.361,False,200,
1787684605.4536252,serverless,10.0,10.0,69.716,False,200,
1787684605.5536253,serverless,10.0,10.0,43.594,False,200,
1787684605.6536252,serverless,10.0,10.0,58.451,False,200,
1787684605.7536252,serverless,10.0,10.0,61.769,False,200,
1787684605.8536253,serverless,10.0,10.0,46.736,False,200,
1787684605.9536252,serverless,10.0,10.0,54.624,False,200,
1787684606.0536253,serverless,10.0,10.0,56.061,False,200,
1787684606.1536252,serverless,10.0,10.0,57.788,False,200,
1787684606.2536252,serverless,10.0,10.0,63.867,False,200,
1787684606.3536253,serverless,10.0,10.0,41.678,False,200,
1787684606.4536252,serverless,10.0,10.0,68.332,False,200,
1787684606.5536253,serverless,10.0,10.0,60.533,False,200,
1787684606.6536252,serverless,10.0,10.0,59.099,False,200,
1787684606.7536252,serverless,10.0,10.0,41.244,False,200,
1787684606.8536253,serverless,10.0,10.0,51.424,False,200,
1787684606.9536252,serverless,10.0,10.0,46.034,False,200,
1787684607.0536253,serverless,10.0,10.0,45.393,False,200,
1787684607.1536252,serverless,10.0,10.0,57.929,False,200,
1787684607.2536252,serverless,10.0,10.0,48.566,False,200,
1787684607.3536253,serverless,10.0,10.0,51.876,False,200,
1787684607.4536252,serverless,10.0,10.0,58.943,False,200,
1787684607.5536253,serverless,10.0,10.0,59.847,False,200,
1787684607.6536252,serverless,10.0,10.0,47.047,False,200,
1787684607.7536252,serverless,10.0,10.0,60.885,False,200,
1787684607.8536253,serverless,10.0,10.0,61.71,False,200,
1787684607.9536252,serverless,10.0,10.0,42.732,False,200,
1787684608.0536253,serverless,10.0,10.0,55.533,False,200,
1787684608.1536252,serverless,10.0,10.0,46.437,False,200,
1787684608.2536252,serverless,10.0,10.0,37.984,False,200,
1787684608.3536253,serverless,10.0,10.0,67.231,False,200,
1787684608.4536252,serverless,10.0,10.0,49.256,False,200,
1787684608.5536253,serverless,10.0,10.0,56.383,False,200,
1787684608.6536252,serverless,10.0,10.0,68.159,False,200,
1787684608.7536252,serverless,10.0,10.0,36.833,False,200,
1787684608.8536253,serverless,10.0,10.0,61.755,False,200,
1787684608.9536252,serverless,10.0,10.0,47.131,False,200,
1787684609.0536253,serverless,10.0,10.0,61.068,False,200,
1787684609.1536252,serverless,10.0,10.0,59.971,False,200,
1787684609.2536252,serverless,10.0,10.0,66.552,False,200,
1787684609.3536253,serverless,10.0,10.0,46.596,False,200,
1787684609.4536252,serverless,10.0,10.0,52.882,False,200,
1787684609.5536253,serverless,10.0,10.0,54.948,False,200,
1787684609.6536252,serverless,10.0,10.0,36.79,False,200,
1787684609.7536252,serverless,10.0,10.0,44.483,False,200,
1787684609.8536253,serverless,10.0,10.0,34.495,False,200,
1787684609.9536252,serverless,10.0,10.0,52.177,False,200,
1787684610.0536253,serverless,10.0,10.0,39.893,False,200,
1787684610.1536252,serverless,10.0,10.0,45.086,False,200,
1787684610.2536252,serverless,10.0,10.0,56.733,False,200,
1787684610.3536253,serverless,10.0,10.0,29.394,False,200,
1787684610.4536252,serverless,10.0,10.0,60.382,False,200,
1787684610.5536253,serverless,10.0,10.0,52.069,False,200,
1787684610.6536252,serverless,10.0,10.0,54.308,False,200,
1787684610.7536252,serverless,10.0,10.0,56.744,False,200,
1787684610.8536253,serverless,10.0,10.0,48.061,False,200,
1787684610.9536252,serverless,10.0,10.0,36.346,False,200,
1787684611.0536253,serverless,10.0,10.0,1422.91,True,200,
1787684611.1536252,serverless,10.0,10.0,48.973,False,200,
1787684611.2536252,serverless,10.0,10.0,60.761,False,200,
1787684611.3536253,serverless,10.0,10.0,47.795,False,200,
1787684611.4536252,serverless,10.0,10.0,36.004,False,200,
1787684611.5536253,serverless,10.0,10.0,65.555,False,200,
1787684611.6536252,serverless,10.0,10.0,48.842,False,200,
1787684611.7536252,serverless,10.0,10.0,43.104,False,200,
1787684611.8536253,serverless,10.0,10.0,46.307,False,200,
1787684611.9536252,serverless,10.0,10.0,85.73,False,200,
1787684612.0536253,serverless,10.0,10.0,40.904,False,200,
1787684612.1536252,serverless,10.0,10.0,49.004,False,200,
1787684612.2536252,serverless,10.0,10.0,56.19,False,200,
1787684612.3536253,serverless,10.0,10.0,51.57,False,200,
1787684612.4536252,serverless,10.0,10.0,41.974,False,200,
1787684612.5536253,serverless,10.0,10.0,50.436,False,200,
1787684612.6536252,serverless,10.0,10.0,39.255,False,200,
1787684612.7536252,serverless,10.0,10.0,58.546,False,200,
1787684612.8536253,serverless,10.0,10.0,57.058,False,200,
1787684612.9536252,serverless,10.0,10.0,42.94,False,200,
1787684613.0536253,serverless,10.0,10.0,55.696,False,200,
1787684613.1536252,serverless,10.0,10.0,48.333,False,200,
1787684613.2536252,serverless,10.0,10.0,43.132,False,200,
1787684613.3536253,serverless,10.0,10.0,57.638,False,200,
1787684613.4536252,serverless,10.0,10.0,1451.674,True,200,
1787684613.5536253,serverless,10.0,10.0,52.673,False,200,
1787684613.6536252,serverless,10.0,10.0,53.749,False,200,
1787684613.7536252,serverless,10.0,10.0,50.906,False,200,
1787684613.8536253,serverless,10.0,10.0,50.743,False,200,
1787684613.9536252,serverless,10.0,10.0,31.22,False,200,
1787684614.0536253,serverless,10.0,10.0,31.879,False,200,
1787684614.1536252,serverless,10.0,10.0,58.574,False,200,
1787684614.2536252,serverless,10.0,10.0,60.036,False,200,
1787684614.3536253,serverless,10.0,10.0,49.729,False,200,
1787684614.4536252,serverless,10.0,10.0,55.855,False,200,
1787684614.5536253,serverless,10.0,10.0,56.57,False,200,
1787684614.6536252,serverless,10.0,10.0,43.781,False,200,
1787684614.7536252,serverless,10.0,10.0,53.856,False,200,
1787684614.8536253,serverless,10.0,10.0,60.492,False,200,
1787684614.9536252,serverless,10.0,10.0,51.767,False,200,
1787684615.0536253,serverless,10.0,10.0,57.271,False,200,
1787684615.1536252,serverless,10.0,10.0,51.011,False,200,
1787684615.2536252,serverless,10.0,10.0,53.473,False,200,
1787684615.3536253,serverless,10.0,10.0,52.584,False,200,
1787684615.4536252,serverless,10.0,10.0,46.389,False,200,
1787684615.5536253,serverless,10.0,10.0,57.284,False,200,
1787684615.6536252,serverless,10.0,10.0,44.492,False,200,
1787684615.7536252,serverless,10.0,10.0,52.241,False,200,
1787684615.8536253,serverless,10.0,10.0,65.474,False,200,
1787684615.9536252,serverless,10.0,10.0,61.684,False,200,
1787684616.0536253,serverless,10.0,10.0,39.222,False,200,
1787684616.1536252,serverless,10.0,10.0,62.938,False,200,
1787684616.2536252,serverless,10.0,10.0,49.366,False,200,
1787684616.3536253,serverless,10.0,10.0,54.309,False,200,
1787684616.4536252,serverless,10.0,10.0,48.623,False,200,
1787684616.5536253,serverless,10.0,10.0,42.274,False,200,
1787684616.6536252,serverless,10.0,10.0,43.598,False,200,
1787684616.7536252,serverless,10.0,10.0,46.465,False,200,
1787684616.8536253,serverless,10.0,10.0,32.219,False,200,
1787684616.9536252,serverless,10.0,10.0,54.043,False,200,
1787684617.0536253,serverless,10.0,10.0,42.366,False,200,
1787684617.1536252,serverless,10.0,10.0,62.486,False,200,
1787684617.2536252,serverless,10.0,10.0,54.486,False,200,
1787684617.3536253,serverless,10.0,10.0,58.006,False,200,
1787684617.4536252,serverless,10.0,10.0,44.679,False,200,
1787684617.5536253,serverless,10.0,10.0,39.816,False,200,
1787684617.6536252,serverless,10.0,10.0,53.493,False,200,
1787684617.7536252,serverless,10.0,10.0,47.554,False,200,
1787684617.8536253,serverless,10.0,10.0,51.284,False,200,
1787684617.9536252,serverless,10.0,10.0,45.326,False,200,
1787684618.0536253,serverless,10.0,10.0,52.638,False,200,
1787684618.1536252,serverless,10.0,10.0,84.88,False,200,
1787684618.2536252,serverless,10.0,10.0,56.413,False,200,
1787684618.3536253,serverless,10.0,10.0,50.057,False,200,
1787684618.4536252,serverless,10.0,10.0,57.896,False,200,
1787684618.5536253,serverless,10.0,10.0,55.032,False,200,
1787684618.6536252,serverless,10.0,10.0,45.178,False,200,
1787684618.7536252,serverless,10.0,10.0,46.955,False,200,
1787684618.8536253,serverless,10.0,10.0,67.575,False,200,
1787684618.9536252,serverless,10.0,10.0,45.739,False,200,
1787684619.0536253,serverless,10.0,10.0,60.747,False,200,
1787684619.1536252,serverless,10.0,10.0,47.337,False,200,
1787684619.2536252,serverless,10.0,10.0,65.872,False,200,
1787684619.3536253,serverless,10.0,10.0,43.625,False,200,
1787684619.4536252,serverless,10.0,10.0,51.654,False,200,
1787684619.5536253,serverless,10.0,10.0,47.555,False,200,
1787684619.6536252,serverless,10.0,10.0,50.513,False,200,
1787684619.7536252,serverless,10.0,10.0,56.332,False,200,
1787684619.8536253,serverless,10.0,10.0,65.48,False,200,
1787684619.9536252,serverless,10.0,10.0,41.934,False,200,
1787684620.0536253,serverless,10.0,10.0,47.917,False,200,
1787684620.1536252,serverless,10.0,10.0,46.485,False,200,
1787684620.2536252,serverless,10.0,10.0,44.631,False,200,
1787684620.3536253,serverless,10.0,10.0,42.826,False,200,
1787684620.4536252,serverless,10.0,10.0,53.502,False,200,
1787684620.5536253,serverless,10.0,10.0,49.436,False,200,
1787684620.6536252,serverless,10.0,10.0,42.034,False,200,
1787684620.7536252,serverless,10.0,10.0,58.677,False,200,
1787684620.8536253,serverless,10.0,10.0,72.944,False,200,
1787684620.9536252,serverless,10.0,10.0,56.107,False,200,
1787684621.0536253,serverless,10.0,10.0,66.696,False,200,
1787684621.1536252,serverless,10.0,10.0,56.629,False,200,
1787684621.2536252,serverless,10.0,10.0,52.517,False,200,
1787684621.3536253,serverless,10.0,10.0,47.341,False,200,
1787684621.4536252,serverless,10.0,10.0,50.538,False,200,
1787684621.5536253,serverless,10.0,10.0,61.148,False,200,
1787684621.6536252,serverless,10.0,10.0,39.275,False,200,
1787684621.7536252,serverless,10.0,10.0,50.344,False,200,
1787684621.8536253,serverless,10.0,10.0,53.096,False,200,
1787684621.9536252,serverless,10.0,10.0,52.309,False,200,
1787684622.0536253,serverless,10.0,10.0,50.4,False,200,
1787684622.1536252,serverless,10.0,10.0,46.393,False,200,
1787684622.2536252,serverless,10.0,10.0,44.432,False,200,
1787684622.3536253,serverless,10.0,10.0,40.316,False,200,
1787684622.4536252,serverless,10.0,10.0,47.039,False,200,
1787684622.5536253,serverless,10.0,10.0,46.109,False,200,
1787684622.6536252,serverless,10.0,10.0,62.139,False,200,
1787684622.7536252,serverless,10.0,10.0,59.853,False,200,
1787684622.8536253,serverless,10.0,10.0,38.516,False,200,
1787684622.9536252,serverless,10.0,10.0,40.55,False,200,
1787684623.0536253,serverless,10.0,10.0,42.332,False,200,
1787684623.1536252,serverless,10.0,10.0,50.776,False,200,
1787684623.2536252,serverless,10.0,10.0,48.387,False,200,
1787684623.3536253,serverless,10.0,10.0,59.804,False,200,
1787684623.4536252,serverless,10.0,10.0,42.193,False,200,
1787684623.5536253,serverless,10.0,10.0,54.39,False,200,
1787684623.6536252,serverless,10.0,10.0,47.872,False,200,
1787684623.7536252,serverless,10.0,10.0,58.672,False,200,
1787684623.8536253,serverless,10.0,10.0,53.177,False,200,
1787684623.9536252,serverless,10.0,10.0,40.335,False,200,
1787684624.0536253,serverless,10.0,10.0,48.577,False,200,
1787684624.1536252,serverless,10.0,10.0,49.941,False,200,
1787684624.2536252,serverless,10.0,10.0,49.555,False,200,
1787684624.3536253,serverless,10.0,10.0,55.324,False,200,
1787684624.4536252,serverless,10.0,10.0,49.618,False,200,
1787684624.5536253,serverless,10.0,10.0,36.151,False,200,
1787684624.6536252,serverless,10.0,10.0,49.526,False,200,
1787684624.7536252,serverless,10.0,10.0,62.509,False,200,
1787684624.8536253,serverless,10.0,10.0,56.724,False,200,
1787684624.9536252,serverless,10.0,10.0,46.16,False,200,
1787684625.0536253,serverless,10.0,10.0,60.97,False,200,
1787684625.1536252,serverless,10.0,10.0,59.921,False,200,
1787684625.2536252,serverless,10.0,10.0,58.672,False,200,
1787684625.3536253,serverless,10.0,10.0,40.412,False,200,
1787684625.4536252,serverless,10.0,10.0,47.526,False,200,
1787684625.5536253,serverless,10.0,10.0,39.419,False,200,
1787684625.6536252,serverless,10.0,10.0,50.439,False,200,
1787684625.7536252,serverless,10.0,10.0,54.443,False,200,
1787684625.8536253,serverless,10.0,10.0,50.253,False,200,
1787684625.9536252,serverless,10.0,10.0,59.913,False,200,
1787684626.0536253,serverless,10.0,10.0,62.718,False,200,
1787684626.1536252,serverless,10.0,10.0,42.064,False,200,
1787684626.2536252,serverless,10.0,10.0,42.531,False,200,
1787684626.3536253,serverless,10.0,10.0,44.54,False,200,
1787684626.4536252,serverless,10.0,10.0,48.335,False,200,
1787684626.5536253,serverless,10.0,10.0,57.039,False,200,
1787684626.6536252,serverless,10.0,10.0,56.67,False,200,
1787684626.7536252,serverless,10.0,10.0,35.036,False,200,
1787684626.8536253,serverless,10.0,10.0,42.489,False,200,
1787684626.9536252,serverless,10.0,10.0,50.201,False,200,
1787684627.0536253,serverless,10.0,10.0,52.784,False,200,
1787684627.1536252,serverless,10.0,10.0,63.321,False,200,
1787684627.2536252,serverless,10.0,10.0,58.243,False,200,
1787684627.3536253,serverless,10.0,10.0,46.045,False,200,
1787684627.4536252,serverless,10.0,10.0,61.978,False,200,
1787684627.5536253,serverless,10.0,10.0,45.436,False,200,
1787684627.6536252,serverless,10.0,10.0,829.773,True,200,
1787684627.7536252,serverless,10.0,10.0,51.41,False,200,
1787684627.8536253,serverless,10.0,10.0,63.237,False,200,
1787684627.9536252,serverless,10.0,10.0,60.811,False,200,
1787684628.0536253,serverless,10.0,10.0,46.189,False,200,
1787684628.1536252,serverless,10.0,10.0,37.553,False,200,
1787684628.2536252,serverless,10.0,10.0,44.188,False,200,
1787684628.3536253,serverless,10.0,10.0,40.387,False,200,
1787684628.4536252,serverless,10.0,10.0,60.476,False,200,
1787684628.5536253,serverless,10.0,10.0,54.418,False,200,
1787684628.6536252,serverless,10.0,10.0,43.446,False,200,
1787684628.7536252,serverless,10.0,10.0,67.939,False,200,
1787684628.8536253,serverless,10.0,10.0,83.891,False,200,
1787684628.9536252,serverless,10.0,10.0,61.484,False,200,
1787684629.0536253,serverless,10.0,10.0,35.152,False,200,
1787684629.1536252,serverless,10.0,10.0,55.206,False,200,
1787684629.2536252,serverless,10.0,10.0,63.4,False,200,
1787684629.3536253,serverless,10.0,10.0,56.553,False,200,
1787684629.4536252,serverless,10.0,10.0,40.448,False,200,
1787684629.5536253,serverless,10.0,10.0,55.32,False,200,
1787684629.6536252,serverless,10.0,10.0,46.923,False,200,
1787684629.7536252,serverless,10.0,10.0,47.576,False,200,
1787684629.8536253,serverless,10.0,10.0,44.79,False,200,
1787684629.9536252,serverless,10.0,10.0,46.13,False,200,
1787684630.0536253,serverless,10.0,10.0,48.802,False,200,
1787684630.1536252,serverless,10.0,10.0,51.081,False,200,
1787684630.2536252,serverless,10.0,10.0,64.752,False,200,
1787684630.3536253,serverless,10.0,10.0,48.383,False,200,
1787684630.4536252,serverless,10.0,10.0,56.441,False,200,
1787684630.5536253,serverless,10.0,10.0,43.512,False,200,
1787684630.6536252,serverless,10.0,10.0,50.309,False,200,
1787684630.7536252,serverless,10.0,10.0,36.403,False,200,
1787684630.8536253,serverless,10.0,10.0,40.913,False,200,
1787684630.9536252,serverless,10.0,10.0,46.389,False,200,
1787684631.0536253,serverless,10.0,10.0,31.701,False,200,
1787684631.1536252,serverless,10.0,10.0,37.074,False,200,
1787684631.2536252,serverless,10.0,10.0,57.863,False,200,
1787684631.3536253,serverless,10.0,10.0,49.319,False,200,
1787684631.4536252,serverless,10.0,10.0,61.072,False,200,
1787684631.5536253,serverless,10.0,10.0,61.468,False,200,
1787684631.6536252,serverless,10.0,10.0,51.877,False,200,
1787684631.7536252,serverless,10.0,10.0,46.587,False,200,
1787684631.8536253,serverless,10.0,10.0,48.116,False,200,
1787684631.9536252,serverless,10.0,10.0,37.062,False,200,
1787684632.0536253,serverless,10.0,10.0,57.614,False,200,
1787684632.1536252,serverless,10.0,10.0,50.216,False,200,
1787684632.2536252,serverless,10.0,10.0,57.745,False,200,
1787684632.3536253,serverless,10.0,10.0,54.618,False,200,
1787684632.4536252,serverless,10.0,10.0,2227.41,True,200,
1787684632.5536253,serverless,10.0,10.0,61.386,False,200,
1787684632.6536252,serverless,10.0,10.0,51.854,False,200,
1787684632.7536252,serverless,10.0,10.0,58.579,False,200,
1787684632.8536253,serverless,10.0,10.0,1243.335,True,200,
1787684632.9536252,serverless,10.0,10.0,52.352,False,200,
1787684633.0536253,serverless,10.0,10.0,37.946,False,200,
1787684633.1536252,serverless,10.0,10.0,38.069,False,200,
1787684633.2536252,serverless,10.0,10.0,58.571,False,200,
1787684633.3536253,serverless,10.0,10.0,52.167,False,200,
1787684633.4536252,serverless,10.0,10.0,54.648,False,200,
1787684633.5536253,serverless,10.0,10.0,52.489,False,200,
1787684633.6536252,serverless,10.0,10.0,55.491,False,200,
1787684633.7536252,serverless,10.0,10.0,53.402,False,200,
1787684633.8536253,serverless,10.0,10.0,69.728,False,200,
1787684633.9536252,serverless,10.0,10.0,52.149,False,200,
1787684634.0536253,serverless,10.0,10.0,54.955,False,200,
1787684634.1536252,serverless,10.0,10.0,56.905,False,200,
1787684634.2536252,serverless,10.0,10.0,40.568,False,200,
1787684634.3536253,serverless,10.0,10.0,35.377,False,200,
1787684634.4536252,serverless,10.0,10.0,49.984,False,200,
1787684634.5536253,serverless,10.0,10.0,51.298,False,200,
1787684634.6536252,serverless,10.0,10.0,44.344,False,200,
1787684634.7536252,serverless,10.0,10.0,52.227,False,200,
1787684634.8536253,serverless,10.0,10.0,41.765,False,200,
1787684634.9536252,serverless,10.0,10.0,40.772,False,200,
1787684635.0536253,serverless,10.0,10.0,54.821,False,200,
1787684635.1536252,serverless,10.0,10.0,51.725,False,200,
1787684635.2536252,serverless,10.0,10.0,56.413,False,200,
1787684635.3536253,serverless,10.0,10.0,54.17,False,200,
1787684635.4536252,serverless,10.0,10.0,51.387,False,200,
1787684635.5536253,serverless,10.0,10.0,53.15,False,200,
1787684635.6536252,serverless,10.0,10.0,46.865,False,200,
1787684635.7536252,serverless,10.0,10.0,50.268,False,200,
1787684635.8536253,serverless,10.0,10.0,46.776,False,200,
1787684635.9536252,serverless,10.0,10.0,52.593,False,200,
1787684636.0536253,serverless,10.0,10.0,40.216,False,200,
1787684636.1536252,serverless,10.0,10.0,35.285,False,200,
1787684636.2536252,serverless,10.0,10.0,55.557,False,200,
1787684636.3536253,serverless,10.0,10.0,38.61,False,200,
1787684636.4536252,serverless,10.0,10.0,44.731,False,200,
1787684636.5536253,serverless,10.0,10.0,43.235,False,200,
1787684636.6536252,serverless,10.0,10.0,38.227,False,200,
1787684636.7536252,serverless,10.0,10.0,46.679,False,200,
1787684636.8536253,serverless,10.0,10.0,63.159,False,200,
1787684636.9536252,serverless,10.0,10.0,59.678,False,200,
1787684637.0536253,serverless,10.0,10.0,59.685,False,200,
1787684637.1536252,serverless,10.0,10.0,44.84,False,200,
1787684637.2536252,serverless,10.0,10.0,66.161,False,200,
1787684637.3536253,serverless,10.0,10.0,50.09,False,200,
1787684637.4536252,serverless,10.0,10.0,49.418,False,200,
1787684637.5536253,serverless,10.0,10.0,62.204,False,200,
1787684637.6536252,serverless,10.0,10.0,47.251,False,200,
1787684637.7536252,serverless,10.0,10.0,46.362,False,200,
1787684637.8536253,serverless,10.0,10.0,58.698,False,200,
1787684637.9536252,serverless,10.0,10.0,62.679,False,200,
1787684638.0536253,serverless,10.0,10.0,59.658,False,200,
1787684638.1536252,serverless,10.0,10.0,46.121,False,200,
1787684638.2536252,serverless,10.0,10.0,48.055,False,200,
1787684638.3536253,serverless,10.0,10.0,46.401,False,200,
1787684638.4536252,serverless,10.0,10.0,49.414,False,200,
1787684638.5536253,serverless,10.0,10.0,53.633,False,200,
1787684638.6536252,serverless,10.0,10.0,69.708,False,200,
1787684638.7536252,serverless,10.0,10.0,41.627,False,200,
1787684638.8536253,serverless,10.0,10.0,41.901,False,200,
1787684638.9536252,serverless,10.0,10.0,51.178,False,200,
1787684639.0536253,serverless,10.0,10.0,40.677,False,200,
1787684639.1536252,serverless,10.0,10.0,46.252,False,200,
1787684639.2536252,serverless,10.0,10.0,53.032,False,200,
1787684639.3536253,serverless,10.0,10.0,55.531,False,200,
1787684639.4536252,serverless,10.0,10.0,55.525,False,200,
1787684639.5536253,serverless,10.0,10.0,41.526,False,200,
1787684639.6536252,serverless,10.0,10.0,56.635,False,200,
1787684639.7536252,serverless,10.0,10.0,53.628,False,200,
1787684639.8536253,serverless,10.0,10.0,41.883,False,200,
1787684639.9536252,serverless,10.0,10.0,45.427,False,200,
1787684640.0536253,serverless,10.0,10.0,37.618,False,200,
1787684640.1536252,serverless,10.0,10.0,69.33,False,200,
1787684640.2536252,serverless,10.0,10.0,37.625,False,200,
1787684640.3536253,serverless,10.0,10.0,45.433,False,200,
1787684640.4536252,serverless,10.0,10.0,36.788,False,200,
1787684640.5536253,serverless,10.0,10.0,49.513,False,200,
1787684640.6536252,serverless,10.0,10.0,41.596,False,200,
1787684640.7536252,serverless,10.0,10.0,59.312,False,200,
1787684640.8536253,serverless,10.0,10.0,54.049,False,200,
1787684640.9536252,serverless,10.0,10.0,52.032,False,200,
1787684641.0536253,serverless,10.0,10.0,1065.035,True,200,
1787684641.1536252,serverless,10.0,10.0,55.627,False,200,
1787684641.2536252,serverless,10.0,10.0,55.814,False,200,
1787684641.3536253,serverless,10.0,10.0,45.21,False,200,
1787684641.4536252,serverless,10.0,10.0,36.96,False,200,
1787684641.5536253,serverless,10.0,10.0,50.609,False,200,
1787684641.6536252,serverless,10.0,10.0,43.369,False,200,
1787684641.7536252,serverless,10.0,10.0,48.019,False,200,
1787684641.8536253,serverless,10.0,10.0,43.749,False,200,
1787684641.9536252,serverless,10.0,10.0,53.082,False,200,
1787684642.0536253,serverless,10.0,10.0,67.151,False,200,
1787684642.1536252,serverless,10.0,10.0,54.484,False,200,
1787684642.2536252,serverless,10.0,10.0,60.58,False,200,
1787684642.3536253,serverless,10.0,10.0,61.973,False,200,
1787684642.4536252,serverless,10.0,10.0,42.831,False,200,
1787684642.5536253,serverless,10.0,10.0,53.262,False,200,
1787684642.6536252,serverless,10.0,10.0,58.657,False,200,
1787684642.7536252,serverless,10.0,10.0,36.755,False,200,
1787684642.8536253,serverless,10.0,10.0,65.545,False,200,
1787684642.9536252,serverless,10.0,10.0,49.425,False,200,
1787684643.0536253,serverless,10.0,10.0,40.32,False,200,
1787684643.1536252,serverless,10.0,10.0,50.452,False,200,
1787684643.2536252,serverless,10.0,10.0,50.243,False,200,
1787684643.3536253,serverless,10.0,10.0,43.621,False,200,
1787684643.4536252,serverless,10.0,10.0,45.539,False,200,
1787684643.5536253,serverless,10.0,10.0,56.559,False,200,
1787684643.6536252,serverless,10.0,10.0,36.953,False,200,
1787684643.7536252,serverless,10.0,10.0,84.251,False,200,
1787684643.8536253,serverless,10.0,10.0,52.392,False,200,
1787684643.9536252,serverless,10.0,10.0,34.744,False,200,
1787684644.0536253,serverless,10.0,10.0,73.191,False,200,
1787684644.1536252,serverless,10.0,10.0,43.595,False,200,
1787684644.2536252,serverless,10.0,10.0,51.73,False,200,
1787684644.3536253,serverless,10.0,10.0,55.66,False,200,
1787684644.4536252,serverless,10.0,10.0,50.262,False,200,
1787684644.5536253,serverless,10.0,10.0,56.196,False,200,
1787684644.6536252,serverless,10.0,10.0,51.532,False,200,
1787684644.7536252,serverless,10.0,10.0,46.291,False,200,
1787684644.8536253,serverless,10.0,10.0,39.225,False,200,
1787684644.9536252,serverless,10.0,10.0,53.406,False,200,
1787684645.0536253,serverless,10.0,10.0,44.617,False,200,
1787684645.1536252,serverless,10.0,10.0,75.523,False,200,
1787684645.2536252,serverless,10.0,10.0,51.434,False,200,
1787684645.3536253,serverless,10.0,10.0,69.327,False,200,
1787684645.4536252,serverless,10.0,10.0,55.221,False,200,
1787684645.5536253,serverless,10.0,10.0,59.184,False,200,
1787684645.6536252,serverless,10.0,10.0,47.606,False,200,
1787684645.7536252,serverless,10.0,10.0,67.354,False,200,
1787684645.8536253,serverless,10.0,10.0,47.875,False,200,
1787684645.9536252,serverless,10.0,10.0,71.165,False,200,
1787684646.0536253,serverless,10.0,10.0,48.955,False,200,
1787684646.1536252,serverless,10.0,10.0,42.138,False,200,
1787684646.2536252,serverless,10.0,10.0,36.135,False,200,
1787684646.3536253,serverless,10.0,10.0,36.944,False,200,
1787684646.4536252,serverless,10.0,10.0,50.475,False,200,
1787684646.5536253,serverless,10.0,10.0,38.808,False,200,
1787684646.6536252,serverless,10.0,10.0,36.55,False,200,
1787684646.7536252,serverless,10.0,10.0,48.078,False,200,
1787684646.8536253,serverless,10.0,10.0,54.626,False,200,
1787684646.9536252,serverless,10.0,10.0,49.822,False,200,
1787684647.0536253,serverless,10.0,10.0,49.858,False,200,
1787684647.1536252,serverless,10.0,10.0,64.533,False,200,
1787684647.2536252,serverless,10.0,10.0,69.994,False,200,
1787684647.3536253,serverless,10.0,10.0,37.71,False,200,
1787684647.4536252,serverless,10.0,10.0,49.543,False,200,
1787684647.5536253,serverless,10.0,10.0,42.668,False,200,
1787684647.6536252,serverless,10.0,10.0,51.494,False,200,
1787684647.7536252,serverless,10.0,10.0,65.646,False,200,
1787684647.8536253,serverless,10.0,10.0,33.556,False,200,
1787684647.9536252,serverless,10.0,10.0,41.396,False,200,
1787684648.0536253,serverless,10.0,10.0,32.833,False,200,
1787684648.1536252,serverless,10.0,10.0,58.505,False,200,
1787684648.2536252,serverless,10.0,10.0,45.764,False,200,
1787684648.3536253,serverless,10.0,10.0,59.24,False,200,
1787684648.4536252,serverless,10.0,10.0,35.232,False,200,
1787684648.5536253,serverless,10.0,10.0,51.692,False,200,
1787684648.6536252,serverless,10.0,10.0,68.706,False,200,
1787684648.7536252,serverless,10.0,10.0,38.343,False,200,
1787684648.8536253,serverless,10.0,10.0,43.151,False,200,
1787684648.9536252,serverless,10.0,10.0,50.099,False,200,
1787684649.0536253,serverless,10.0,10.0,48.543,False,200,
1787684649.1536252,serverless,10.0,10.0,52.425,False,200,
1787684649.2536252,serverless,10.0,10.0,42.817,False,200,
1787684649.3536253,serverless,10.0,10.0,66.63,False,200,
1787684649.4536252,serverless,10.0,10.0,59.075,False,200,
1787684649.5536253,serverless,10.0,10.0,54.778,False,200,
1787684649.6536252,serverless,10.0,10.0,78.234,False,200,
1787684649.7536252,serverless,10.0,10.0,38.321,False,200,
1787684649.8536253,serverless,10.0,10.0,35.32,False,200,
1787684649.9536252,serverless,10.0,10.0,49.458,False,200,
1787684650.0536253,serverless,10.0,10.0,50.799,False,200,
1787684650.1536252,serverless,10.0,10.0,48.258,False,200,
1787684650.2536252,serverless,10.0,10.0,50.031,False,200,
1787684650.3536253,serverless,10.0,10.0,65.306,False,200,
1787684650.4536252,serverless,10.0,10.0,42.526,False,200,
1787684650.5536253,serverless,10.0,10.0,51.118,False,200,
1787684650.6536252,serverless,10.0,10.0,47.637,False,200,
1787684650.7536252,serverless,10.0,10.0,62.443,False,200,
1787684650.8536253,serverless,10.0,10.0,39.115,False,200,
1787684650.9536252,serverless,10.0,10.0,40.55,False,200,
1787684651.0536253,serverless,10.0,10.0,58.169,False,200,
1787684651.1536252,serverless,10.0,10.0,64.188,False,200,
1787684651.2536252,serverless,10.0,10.0,42.646,False,200,
1787684651.3536253,serverless,10.0,10.0,49.029,False,200,
1787684651.4536252,serverless,10.0,10.0,52.191,False,200,
1787684651.5536253,serverless,10.0,10.0,70.837,False,200,
1787684651.6536252,serverless,10.0,10.0,50.476,False,200,
1787684651.7536252,serverless,10.0,10.0,45.973,False,200,
1787684651.8536253,serverless,10.0,10.0,63.585,False,200,
1787684651.9536252,serverless,10.0,10.0,39.692,False,200,
1787684652.0536253,serverless,10.0,10.0,34.44,False,200,
1787684652.1536252,serverless,10.0,10.0,61.025,False,200,
1787684652.2536252,serverless,10.0,10.0,47.67,False,200,
1787684652.3536253,serverless,10.0,10.0,63.548,False,200,
1787684652.4536252,serverless,10.0,10.0,63.684,False,200,
1787684652.5536253,serverless,10.0,10.0,42.146,False,200,
1787684652.6536252,serverless,10.0,10.0,1343.973,True,200,
1787684652.7536252,serverless,10.0,10.0,1102.694,True,200,
1787684652.8536253,serverless,10.0,10.0,66.847,False,200,
1787684652.9536252,serverless,10.0,10.0,42.631,False,200,
1787684653.0536253,serverless,10.0,10.0,44.142,False,200,
1787684653.1536252,serverless,10.0,10.0,40.584,False,200,
1787684653.2536252,serverless,10.0,10.0,39.649,False,200,
1787684653.3536253,serverless,10.0,10.0,41.275,False,200,
1787684653.4536252,serverless,10.0,10.0,49.375,False,200,
1787684653.5536253,serverless,10.0,10.0,42.791,False,200,
1787684653.6536252,serverless,10.0,10.0,69.818,False,200,
1787684653.7536252,serverless,10.0,10.0,50.814,False,200,
1787684653.8536253,serverless,10.0,10.0,39.042,False,200,
1787684653.9536252,serverless,10.0,10.0,31.883,False,200,
1787684654.0536253,serverless,10.0,10.0,49.947,False,200,
1787684654.1536252,serverless,10.0,10.0,59.57,False,200,
1787684654.2536252,serverless,10.0,10.0,48.486,False,200,
1787684654.3536253,serverless,10.0,10.0,61.34,False,200,
1787684654.4536252,serverless,10.0,10.0,36.579,False,200,
1787684654.5536253,serverless,10.0,10.0,67.505,False,200,
1787684654.6536252,serverless,10.0,10.0,37.91,False,200,
1787684654.7536252,serverless,10.0,10.0,79.589,False,200,
1787684654.8536253,serverless,10.0,10.0,31.37,False,200,
1787684654.9536252,serverless,10.0,10.0,47.976,False,200,
1787684655.0536253,serverless,10.0,10.0,63.451,False,200,
1787684655.1536252,serverless,10.0,10.0,45.095,False,200,
1787684655.2536252,serverless,10.0,10.0,65.866,False,200,
1787684655.3536253,serverless,10.0,10.0,55.088,False,200,
1787684655.4536252,serverless,10.0,10.0,63.837,False,200,
1787684655.5536253,serverless,10.0,10.0,43.258,False,200,
1787684655.6536252,serverless,10.0,10.0,55.925,False,200,
1787684655.7536252,serverless,10.0,10.0,75.789,False,200,
1787684655.8536253,serverless,10.0,10.0,66.651,False,200,
1787684655.9536252,serverless,10.0,10.0,60.463,False,200,
1787684656.0536253,serverless,10.0,10.0,56.154,False,200,
1787684656.1536252,serverless,10.0,10.0,43.477,False,200,
1787684656.2536252,serverless,10.0,10.0,56.829,False,200,
1787684656.3536253,serverless,10.0,10.0,46.723,False,200,
1787684656.4536252,serverless,10.0,10.0,61.897,False,200,
1787684656.5536253,serverless,10.0,10.0,51.863,False,200,
1787684656.6536252,serverless,10.0,10.0,63.3,False,200,
1787684656.7536252,serverless,10.0,10.0,43.765,False,200,
1787684656.8536253,serverless,10.0,10.0,46.395,False,200,
1787684656.9536252,serverless,10.0,10.0,49.998,False,200,
1787684657.0536253,serverless,10.0,10.0,40.784,False,200,
1787684657.1536252,serverless,10.0,10.0,32.645,False,200,
1787684657.2536252,serverless,10.0,10.0,34.699,False,200,
1787684657.3536253,serverless,10.0,10.0,69.192,False,200,
1787684657.4536252,serverless,10.0,10.0,73.394,False,200,
1787684657.5536253,serverless,10.0,10.0,32.093,False,200,
1787684657.6536252,serverless,10.0,10.0,39.362,False,200,
1787684657.7536252,serverless,10.0,10.0,50.113,False,200,
1787684657.8536253,serverless,10.0,10.0,36.898,False,200,
1787684657.9536252,serverless,10.0,10.0,36.875,False,200,
1787684658.0536253,serverless,10.0,10.0,53.699,False,200,
1787684658.1536252,serverless,10.0,10.0,43.779,False,200,
1787684658.2536252,serverless,10.0,10.0,35.578,False,200,
1787684658.3536253,serverless,10.0,10.0,67.8,False,200,
1787684658.4536252,serverless,10.0,10.0,39.068,False,200,
1787684658.5536253,serverless,10.0,10.0,31.127,False,200,
1787684658.6536252,serverless,10.0,10.0,67.988,False,200,
1787684658.7536252,serverless,10.0,10.0,63.273,False,200,
1787684658.8536253,serverless,10.0,10.0,60.836,False,200,
1787684658.9536252,serverless,10.0,10.0,47.377,False,200,
1787684659.0536253,serverless,10.0,10.0,70.214,False,200,
1787684659.1536252,serverless,10.0,10.0,52.495,False,200,
1787684659.2536252,serverless,10.0,10.0,57.225,False,200,
1787684659.3536253,serverless,10.0,10.0,47.387,False,200,
1787684659.4536252,serverless,10.0,10.0,68.479,False,200,
1787684659.5536253,serverless,10.0,10.0,44.585,False,200,
1787684659.6536252,serverless,10.0,10.0,40.001,False,200,
1787684659.7536252,serverless,10.0,10.0,46.687,False,200,
1787684659.8536253,serverless,10.0,10.0,62.031,False,200,
1787684659.9536252,serverless,10.0,10.0,41.314,False,200,
1787684660.0536253,serverless,10.0,10.0,36.959,False,200,
1787684660.1536252,serverless,10.0,10.0,37.803,False,200,
1787684660.2536252,serverless,10.0,10.0,49.089,False,200,
1787684660.3536253,serverless,10.0,10.0,52.97,False,200,
1787684660.4536252,serverless,10.0,10.0,43.579,False,200,
1787684660.5536253,serverless,10.0,10.0,37.304,False,200,
1787684660.6536252,serverless,10.0,10.0,47.187,False,200,
1787684660.7536252,serverless,10.0,10.0,49.364,False,200,
1787684660.8536253,serverless,10.0,10.0,47.039,False,200,
1787684660.9536252,serverless,10.0,10.0,50.058,False,200,
1787684661.0536253,serverless,10.0,10.0,38.014,False,200,
1787684661.1536252,serverless,10.0,10.0,71.492,False,200,
1787684661.2536252,serverless,10.0,10.0,33.11,False,200,
1787684661.3536253,serverless,10.0,10.0,67.377,False,200,
1787684661.4536252,serverless,10.0,10.0,48.49,False,200,
1787684661.5536253,serverless,10.0,10.0,63.244,False,200,
1787684661.6536252,serverless,10.0,10.0,36.952,False,200,
1787684661.7536252,serverless,10.0,10.0,39.183,False,200,
1787684661.8536253,serverless,10.0,10.0,42.888,False,200,
1787684661.9536252,serverless,10.0,10.0,41.137,False,200,
1787684662.0536253,serverless,10.0,10.0,36.657,False,200,
1787684662.1536252,serverless,10.0,10.0,61.074,False,200,
1787684662.2536252,serverless,10.0,10.0,50.516,False,200,
1787684662.3536253,serverless,10.0,10.0,48.97,False,200,
1787684662.4536252,serverless,10.0,10.0,37.182,False,200,
1787684662.5536253,serverless,10.0,10.0,49.657,False,200,
1787684662.6536252,serverless,10.0,10.0,68.943,False,200,
1787684662.7536252,serverless,10.0,10.0,68.295,False,200,
1787684662.8536253,serverless,10.0,10.0,48.944,False,200,
1787684662.9536252,serverless,10.0,10.0,42.943,False,200,
1787684663.0536253,serverless,10.0,10.0,50.533,False,200,
1787684663.1536252,serverless,10.0,10.0,57.067,False,200,
1787684663.2536252,serverless,10.0,10.0,52.625,False,200,
1787684663.3536253,serverless,10.0,10.0,48.443,False,200,
1787684663.4536252,serverless,10.0,10.0,47.248,False,200,
1787684663.5536253,serverless,10.0,10.0,50.831,False,200,
1787684663.6536252,serverless,10.0,10.0,57.711,False,200,
1787684663.7536252,serverless,10.0,10.0,44.52,False,200,
1787684663.8536253,serverless,10.0,10.0,53.124,False,200,
1787684663.9536252,serverless,10.0,10.0,43.639,False,200,
1787684664.0536253,serverless,10.0,10.0,50.565,False,200,
1787684664.1536252,serverless,10.0,10.0,68.596,False,200,
1787684664.2536252,serverless,10.0,10.0,46.865,False,200,
1787684664.3536253,serverless,10.0,10.0,60.25,False,200,
1787684664.4536252,serverless,10.0,10.0,53.561,False,200,
1787684664.5536253,serverless,10.0,10.0,47.044,False,200,
1787684664.6536252,serverless,10.0,10.0,45.945,False,200,
1787684664.7536252,serverless,10.0,10.0,42.843,False,200,
1787684664.8536253,serverless,10.0,10.0,49.178,False,200,
1787684664.9536252,serverless,10.0,10.0,58.668,False,200,
1787684665.0536253,serverless,10.0,10.0,53.864,False,200,
1787684665.1536252,serverless,10.0,10.0,44.153,False,200,
1787684665.2536252,serverless,10.0,10.0,53.623,False,200,
1787684665.3536253,serverless,10.0,10.0,47.763,False,200,
1787684665.4536252,serverless,10.0,10.0,73.512,False,200,
1787684665.5536253,serverless,10.0,10.0,39.28,False,200,
1787684665.6536252,serverless,10.0,10.0,51.356,False,200,
1787684665.7536252,serverless,10.0,10.0,51.899,False,200,
1787684665.8536253,serverless,10.0,10.0,40.808,False,200,
1787684665.9536252,serverless,10.0,10.0,51.578,False,200,
1787684666.0536253,serverless,10.0,10.0,67.003,False,200,
1787684666.1536252,serverless,10.0,10.0,53.464,False,200,
1787684666.2536252,serverless,10.0,10.0,50.9,False,200,
1787684666.3536253,serverless,10.0,10.0,44.029,False,200,
1787684666.4536252,serverless,10.0,10.0,43.12,False,200,
1787684666.5536253,serverless,10.0,10.0,45.085,False,200,
1787684666.6536252,serverless,10.0,10.0,37.441,False,200,
1787684666.7536252,serverless,10.0,10.0,64.355,False,200,
1787684666.8536253,serverless,10.0,10.0,53.241,False,200,
1787684666.9536252,serverless,10.0,10.0,62.264,False,200,
1787684667.0536253,serverless,10.0,10.0,42.818,False,200,
1787684667.1536252,serverless,10.0,10.0,76.019,False,200,
1787684667.2536252,serverless,10.0,10.0,49.472,False,200,
1787684667.3536253,serverless,10.0,10.0,40.441,False,200,
1787684667.4536252,serverless,10.0,10.0,39.118,False,200,
1787684667.5536253,serverless,10.0,10.0,43.826,False,200,
1787684667.6536252,serverless,10.0,10.0,46.753,False,200,
1787684667.7536252,serverless,10.0,10.0,58.106,False,200,
1787684667.8536253,serverless,10.0,10.0,48.763,False,200,
1787684667.9536252,serverless,10.0,10.0,65.521,False,200,
1787684668.0536253,serverless,10.0,10.0,45.648,False,200,
1787684668.1536252,serverless,10.0,10.0,47.153,False,200,
1787684668.2536252,serverless,10.0,10.0,57.439,False,200,
1787684668.3536253,serverless,10.0,10.0,56.271,False,200,
1787684668.4536252,serverless,10.0,10.0,47.862,False,200,
1787684668.5536253,serverless,10.0,10.0,67.645,False,200,
1787684668.6536252,serverless,10.0,10.0,40.492,False,200,
1787684668.7536252,serverless,10.0,10.0,38.024,False,200,
1787684668.8536253,serverless,10.0,10.0,61.591,False,200,
1787684668.9536252,serverless,10.0,10.0,40.17,False,200,
1787684669.0536253,serverless,10.0,10.0,38.245,False,200,
1787684669.1536252,serverless,10.0,10.0,33.101,False,200,
1787684669.2536252,serverless,10.0,10.0,60.853,False,200,
1787684669.3536253,serverless,10.0,10.0,60.607,False,200,
1787684669.4536252,serverless,10.0,10.0,49.861,False,200,
1787684669.5536253,serverless,10.0,10.0,51.473,False,200,
1787684669.6536252,serverless,10.0,10.0,1987.835,True,200,
1787684669.7536252,serverless,10.0,10.0,42.88,False,200,
1787684669.8536253,serverless,10.0,10.0,41.654,False,200,
1787684669.9536252,serverless,10.0,10.0,51.521,False,200,
1787684670.0536253,serverless,10.0,10.0,42.553,False,200,
1787684670.1536252,serverless,10.0,10.0,45.24,False,200,
1787684670.2536252,serverless,10.0,10.0,47.804,False,200,
1787684670.3536253,serverless,10.0,10.0,65.551,False,200,
1787684670.4536252,serverless,10.0,10.0,66.331,False,200,
1787684670.5536253,serverless,10.0,10.0,40.103,False,200,
1787684670.6536252,serverless,10.0,10.0,66.667,False,200,
1787684670.7536252,serverless,10.0,10.0,49.437,False,200,
1787684670.8536253,serverless,10.0,10.0,57.263,False,200,
1787684670.9536252,serverless,10.0,10.0,59.863,False,200,
1787684671.0536253,serverless,10.0,10.0,53.337,False,200,
1787684671.1536252,serverless,10.0,10.0,37.618,False,200,
1787684671.2536252,serverless,10.0,10.0,49.541,False,200,
1787684671.3536253,serverless,10.0,10.0,51.219,False,200,
1787684671.4536252,serverless,10.0,10.0,54.02,False,200,
1787684671.5536253,serverless,10.0,10.0,62.527,False,200,
1787684671.6536252,serverless,10.0,10.0,62.803,False,200,
1787684671.7536252,serverless,10.0,10.0,65.138,False,200,
1787684671.8536253,serverless,10.0,10.0,48.663,False,200,
1787684671.9536252,serverless,10.0,10.0,44.631,False,200,
1787684672.0536253,serverless,10.0,10.0,38.135,False,200,
1787684672.1536252,serverless,10.0,10.0,49.225,False,200,
1787684672.2536252,serverless,10.0,10.0,60.282,False,200,
1787684672.3536253,serverless,10.0,10.0,41.286,False,200,
1787684672.4536252,serverless,10.0,10.0,39.407,False,200,
1787684672.5536253,serverless,10.0,10.0,52.931,False,200,
1787684672.6536252,serverless,10.0,10.0,51.663,False,200,
1787684672.7536252,serverless,10.0,10.0,58.778,False,200,
1787684672.8536253,serverless,10.0,10.0,71.277,False,200,
1787684672.9536252,serverless,10.0,10.0,61.576,False,200,
1787684673.0536253,serverless,10.0,10.0,44.344,False,200,
1787684673.1536252,serverless,10.0,10.0,53.176,False,200,
1787684673.2536252,serverless,10.0,10.0,37.162,False,200,
1787684673.3536253,serverless,10.0,10.0,61.522,False,200,
1787684673.4536252,serverless,10.0,10.0,44.188,False,200,
1787684673.5536253,serverless,10.0,10.0,60.151,False,200,
1787684673.6536252,serverless,10.0,10.0,50.065,False,200,
1787684673.7536252,serverless,10.0,10.0,39.96,False,200,
1787684673.8536253,serverless,10.0,10.0,59.414,False,200,
1787684673.9536252,serverless,10.0,10.0,50.683,False,200,
1787684674.0536253,serverless,10.0,10.0,58.226,False,200,
1787684674.1536252,serverless,10.0,10.0,51.973,False,200,
1787684674.2536252,serverless,10.0,10.0,56.626,False,200,
1787684674.3536253,serverless,10.0,10.0,45.556,False,200,
1787684674.4536252,serverless,10.0,10.0,39.79,False,200,
1787684674.5536253,serverless,10.0,10.0,55.008,False,200,
1787684674.6536252,serverless,10.0,10.0,29.41,False,200,
1787684674.7536252,serverless,10.0,10.0,46.458,False,200,
1787684674.8536253,serverless,10.0,10.0,53.207,False,200,
1787684674.9536252,serverless,10.0,10.0,52.195,False,200,
1787684675.0536253,serverless,10.0,10.0,65.242,False,200,
1787684675.1536252,serverless,10.0,10.0,38.068,False,200,
1787684675.2536252,serverless,10.0,10.0,66.566,False,200,
1787684675.3536253,serverless,10.0,10.0,46.331,False,200,
1787684675.4536252,serverless,10.0,10.0,43.533,False,200,
1787684675.5536253,serverless,10.0,10.0,49.327,False,200,
1787684675.6536252,serverless,10.0,10.0,48.397,False,200,
1787684675.7536252,serverless,10.0,10.0,57.606,False,200,
1787684675.8536253,serverless,10.0,10.0,54.817,False,200,
1787684675.9536252,serverless,10.0,10.0,52.809,False,200,
1787684676.0536253,serverless,10.0,10.0,53.885,False,200,
1787684676.1536252,serverless,10.0,10.0,55.515,False,200,
1787684676.2536252,serverless,10.0,10.0,52.691,False,200,
1787684676.3536253,serverless,10.0,10.0,64.31,False,200,
1787684676.4536252,serverless,10.0,10.0,46.655,False,200,
1787684676.5536253,serverless,10.0,10.0,38.209,False,200,
1787684676.6536252,serverless,10.0,10.0,65.399,False,200,
1787684676.7536252,serverless,10.0,10.0,33.987,False,200,
1787684676.8536253,serverless,10.0,10.0,59.187,False,200,
1787684676.9536252,serverless,10.0,10.0,39.642,False,200,
1787684677.0536253,serverless,10.0,10.0,57.034,False,200,
1787684677.1536252,serverless,10.0,10.0,51.268,False,200,
1787684677.2536252,serverless,10.0,10.0,77.51,False,200,
1787684677.3536253,serverless,10.0,10.0,56.054,False,200,
1787684677.4536252,serverless,10.0,10.0,60.408,False,200,
1787684677.5536253,serverless,10.0,10.0,48.335,False,200,
1787684677.6536252,serverless,10.0,10.0,41.022,False,200,
1787684677.7536252,serverless,10.0,10.0,58.041,False,200,
1787684677.8536253,serverless,10.0,10.0,46.087,False,200,
1787684677.9536252,serverless,10.0,10.0,40.259,False,200,
1787684678.0536253,serverless,10.0,10.0,57.605,False,200,
1787684678.1536252,serverless,10.0,10.0,59.129,False,200,
1787684678.2536252,serverless,10.0,10.0,43.233,False,200,
1787684678.3536253,serverless,10.0,10.0,56.316,False,200,
1787684678.4536252,serverless,10.0,10.0,46.997,False,200,
1787684678.5536253,serverless,10.0,10.0,60.197,False,200,
1787684678.6536252,serverless,10.0,10.0,40.636,False,200,
1787684678.7536252,serverless,10.0,10.0,53.313,False,200,
1787684678.8536253,serverless,10.0,10.0,59.543,False,200,
1787684678.9536252,serverless,10.0,10.0,35.899,False,200,
1787684679.0536253,serverless,10.0,10.0,55.06,False,200,
1787684679.1536252,serverless,10.0,10.0,55.369,False,200,
1787684679.2536252,serverless,10.0,10.0,69.008,False,200,
1787684679.3536253,serverless,10.0,10.0,79.059,False,200,
1787684679.4536252,serverless,10.0,10.0,42.594,False,200,
1787684679.5536253,serverless,10.0,10.0,54.212,False,200,
1787684679.6536252,serverless,10.0,10.0,36.872,False,200,
1787684679.7536252,serverless,10.0,10.0,56.977,False,200,
1787684679.8536253,serverless,10.0,10.0,61.238,False,200,
1787684679.9536252,serverless,10.0,10.0,68.626,False,200,
1787684680.0536253,serverless,10.0,10.0,36.873,False,200,
1787684680.1536252,serverless,10.0,10.0,41.555,False,200,
1787684680.2536252,serverless,10.0,10.0,65.575,False,200,
1787684680.3536253,serverless,10.0,10.0,55.855,False,200,
1787684680.4536252,serverless,10.0,10.0,53.696,False,200,
1787684680.5536253,serverless,10.0,10.0,63.238,False,200,
1787684680.6536252,serverless,10.0,10.0,45.632,False,200,
1787684680.7536252,serverless,10.0,10.0,46.954,False,200,
1787684680.8536253,serverless,10.0,10.0,53.242,False,200,
1787684680.9536252,serverless,10.0,10.0,65.549,False,200,
1787684681.0536253,serverless,10.0,10.0,36.823,False,200,
1787684681.1536252,serverless,10.0,10.0,59.832,False,200,
1787684681.2536252,serverless,10.0,10.0,78.977,False,200,
1787684681.3536253,serverless,10.0,10.0,37.145,False,200,
1787684681.4536252,serverless,10.0,10.0,49.623,False,200,
1787684681.5536253,serverless,10.0,10.0,48.847,False,200,
1787684681.6536252,serverless,10.0,10.0,46.8,False,200,
1787684681.7536252,serverless,10.0,10.0,46.11,False,200,
1787684681.8536253,serverless,10.0,10.0,48.912,False,200,
1787684681.9536252,serverless,10.0,10.0,40.45,False,200,
1787684682.0536253,serverless,10.0,10.0,57.909,False,200,
1787684682.1536252,serverless,10.0,10.0,54.316,False,200,
1787684682.2536252,serverless,10.0,10.0,44.947,False,200,
1787684682.3536253,serverless,10.0,10.0,37.334,False,200,
1787684682.4536252,serverless,10.0,10.0,49.55,False,200,
1787684682.5536253,serverless,10.0,10.0,40.854,False,200,
1787684682.6536252,serverless,10.0,10.0,37.049,False,200,
1787684682.7536252,serverless,10.0,10.0,45.185,False,200,
1787684682.8536253,serverless,10.0,10.0,56.919,False,200,
1787684682.9536252,serverless,10.0,10.0,72.926,False,200,
1787684683.0536253,serverless,10.0,10.0,57.763,False,200,
1787684683.1536252,serverless,10.0,10.0,65.32,False,200,
1787684683.2536252,serverless,10.0,10.0,32.876,False,200,
1787684683.3536253,serverless,10.0,10.0,36.082,False,200,
1787684683.4536252,serverless,10.0,10.0,49.182,False,200,
1787684683.5536253,serverless,10.0,10.0,57.928,False,200,
1787684683.6536252,serverless,10.0,10.0,81.425,False,200,
1787684683.7536252,serverless,10.0,10.0,49.596,False,200,
1787684683.8536253,serverless,10.0,10.0,52.582,False,200,
1787684683.9536252,serverless,10.0,10.0,50.552,False,200,
1787684684.0536253,serverless,10.0,10.0,54.658,False,200,
1787684684.1536252,serverless,10.0,10.0,38.222,False,200,
1787684684.2536252,serverless,10.0,10.0,45.542,False,200,
1787684684.3536253,serverless,10.0,10.0,44.569,False,200,
1787684684.4536252,serverless,10.0,10.0,33.584,False,200,
1787684684.5536253,serverless,10.0,10.0,56.593,False,200,
1787684684.6536252,serverless,10.0,10.0,37.085,False,200,
1787684684.7536252,serverless,10.0,10.0,47.937,False,200,
1787684684.8536253,serverless,10.0,10.0,32.922,False,200,
1787684684.9536252,serverless,10.0,10.0,57.827,False,200,
1787684685.0536253,serverless,10.0,10.0,46.255,False,200,
1787684685.1536252,serverless,10.0,10.0,56.639,False,200,
1787684685.2536252,serverless,10.0,10.0,80.945,False,200,
1787684685.3536253,serverless,10.0,10.0,39.265,False,200,
1787684685.4536252,serverless,10.0,10.0,53.425,False,200,
1787684685.5536253,serverless,10.0,10.0,47.223,False,200,
1787684685.6536252,serverless,10.0,10.0,57.542,False,200,
1787684685.7536252,serverless,10.0,10.0,53.7,False,200,
1787684685.8536253,serverless,10.0,10.0,59.168,False,200,
1787684685.9536252,serverless,10.0,10.0,44.755,False,200,
1787684686.0536253,serverless,10.0,10.0,33.175,False,200,
1787684686.1536252,serverless,10.0,10.0,57.424,False,200,
1787684686.2536252,serverless,10.0,10.0,48.628,False,200,
1787684686.3536253,serverless,10.0,10.0,62.065,False,200,
1787684686.4536252,serverless,10.0,10.0,46.162,False,200,
1787684686.5536253,serverless,10.0,10.0,43.368,False,200,
1787684686.6536252,serverless,10.0,10.0,34.344,False,200,
1787684686.7536252,serverless,10.0,10.0,32.181,False,200,
1787684686.8536253,serverless,10.0,10.0,35.041,False,200,
1787684686.9536252,serverless,10.0,10.0,44.753,False,200,
1787684687.0536253,serverless,10.0,10.0,43.972,False,200,
1787684687.1536252,serverless,10.0,10.0,44.205,False,200,
1787684687.2536252,serverless,10.0,10.0,37.482,False,200,
1787684687.3536253,serverless,10.0,10.0,42.833,False,200,
1787684687.4536252,serverless,10.0,10.0,54.423,False,200,
1787684687.5536253,serverless,10.0,10.0,44.782,False,200,
1787684687.6536252,serverless,10.0,10.0,63.033,False,200,
1787684687.7536252,serverless,10.0,10.0,46.43,False,200,
1787684687.8536253,serverless,10.0,10.0,48.225,False,200,
1787684687.9536252,serverless,10.0,10.0,44.885,False,200,
1787684688.0536253,serverless,10.0,10.0,53.666,False,200,
1787684688.1536252,serverless,10.0,10.0,47.901,False,200,
1787684688.2536252,serverless,10.0,10.0,54.959,False,200,
1787684688.3536253,serverless,10.0,10.0,48.374,False,200,
1787684688.4536252,serverless,10.0,10.0,1322.756,True,200,
1787684688.5536253,serverless,10.0,10.0,41.316,False,200,
1787684688.6536252,serverless,10.0,10.0,36.083,False,200,
1787684688.7536252,serverless,10.0,10.0,54.709,False,200,
1787684688.8536253,serverless,10.0,10.0,50.975,False,200,
1787684688.9536252,serverless,10.0,10.0,66.279,False,200,
1787684689.0536253,serverless,10.0,10.0,58.993,False,200,
1787684689.1536252,serverless,10.0,10.0,36.554,False,200,
1787684689.2536252,serverless,10.0,10.0,40.534,False,200,
1787684689.3536253,serverless,10.0,10.0,41.329,False,200,
1787684689.4536252,serverless,10.0,10.0,42.411,False,200,
1787684689.5536253,serverless,10.0,10.0,49.925,False,200,
1787684689.6536252,serverless,10.0,10.0,79.579,False,200,
1787684689.7536252,serverless,10.0,10.0,52.769,False,200,
1787684689.8536253,serverless,10.0,10.0,37.612,False,200,
1787684689.9536252,serverless,10.0,10.0,45.287,False,200,
1787684690.0536253,serverless,10.0,10.0,27.275,False,200,
1787684690.1536252,serverless,10.0,10.0,55.259,False,200,
1787684690.2536252,serverless,10.0,10.0,57.218,False,200,
1787684690.3536253,serverless,10.0,10.0,55.351,False,200,
1787684690.4536252,serverless,10.0,10.0,70.559,False,200,
1787684690.5536253,serverless,10.0,10.0,52.418,False,200,
1787684690.6536252,serverless,10.0,10.0,48.852,False,200,
1787684690.7536252,serverless,10.0,10.0,41.028,False,200,
1787684690.8536253,serverless,10.0,10.0,66.509,False,200,
1787684690.9536252,serverless,10.0,10.0,55.32,False,200,
1787684691.0536253,serverless,10.0,10.0,62.373,False,200,
1787684691.1536252,serverless,10.0,10.0,62.052,False,200,
1787684691.2536252,serverless,10.0,10.0,41.377,False,200,
1787684691.3536253,serverless,10.0,10.0,45.073,False,200,
1787684691.4536252,serverless,10.0,10.0,53.617,False,200,
1787684691.5536253,serverless,10.0,10.0,65.971,False,200,
1787684691.6536252,serverless,10.0,10.0,42.282,False,200,
1787684691.7536252,serverless,10.0,10.0,72.944,False,200,
1787684691.8536253,serverless,10.0,10.0,45.197,False,200,
1787684691.9536252,serverless,10.0,10.0,50.415,False,200,
1787684692.0536253,serverless,10.0,10.0,50.988,False,200,
1787684692.1536252,serverless,10.0,10.0,50.519,False,200,
1787684692.2536252,serverless,10.0,10.0,1380.158,True,200,
1787684692.3536253,serverless,10.0,10.0,62.084,False,200,
1787684692.4536252,serverless,10.0,10.0,44.326,False,200,
1787684692.5536253,serverless,10.0,10.0,45.251,False,200,
1787684692.6536252,serverless,10.0,10.0,48.543,False,200,
1787684692.7536252,serverless,10.0,10.0,53.177,False,200,
1787684692.8536253,serverless,10.0,10.0,42.018,False,200,
1787684692.9536252,serverless,10.0,10.0,40.128,False,200,
1787684693.0536253,serverless,10.0,10.0,54.329,False,200,
1787684693.1536252,serverless,10.0,10.0,40.422,False,200,
1787684693.2536252,serverless,10.0,10.0,49.657,False,200,
1787684693.3536253,serverless,10.0,10.0,72.225,False,200,
1787684693.4536252,serverless,10.0,10.0,47.931,False,200,
1787684693.5536253,serverless,10.0,10.0,44.962,False,200,
1787684693.6536252,serverless,10.0,10.0,37.176,False,200,
1787684693.7536252,serverless,10.0,10.0,31.171,False,200,
1787684693.8536253,serverless,10.0,10.0,45.422,False,200,
1787684693.9536252,serverless,10.0,10.0,45.907,False,200,
1787684694.0536253,serverless,10.0,10.0,40.397,False,200,
1787684694.1536252,serverless,10.0,10.0,77.455,False,200,
1787684694.2536252,serverless,10.0,10.0,48.828,False,200,
1787684694.3536253,serverless,10.0,10.0,30.695,False,200,
1787684694.4536252,serverless,10.0,10.0,53.43,False,200,
1787684694.5536253,serverless,10.0,10.0,54.242,False,200,
1787684694.6536252,serverless,10.0,10.0,58.755,False,200,
1787684694.7536252,serverless,10.0,10.0,51.027,False,200,
1787684694.8536253,serverless,10.0,10.0,60.134,False,200,
1787684694.9536252,serverless,10.0,10.0,52.244,False,200,
1787684695.0536253,serverless,10.0,10.0,51.947,False,200,
1787684695.1536252,serverless,10.0,10.0,49.935,False,200,
1787684695.2536252,serverless,10.0,10.0,43.839,False,200,
1787684695.3536253,serverless,10.0,10.0,47.685,False,200,
1787684695.4536252,serverless,10.0,10.0,48.163,False,200,
1787684695.5536253,serverless,10.0,10.0,66.289,False,200,
1787684695.6536252,serverless,10.0,10.0,55.887,False,200,
1787684695.7536252,serverless,10.0,10.0,47.392,False,200,
1787684695.8536253,serverless,10.0,10.0,58.922,False,200,
1787684695.9536252,serverless,10.0,10.0,44.759,False,200,
1787684696.0536253,serverless,10.0,10.0,39.118,False,200,
1787684696.1536252,serverless,10.0,10.0,51.882,False,200,
1787684696.2536252,serverless,10.0,10.0,50.149,False,200,
1787684696.3536253,serverless,10.0,10.0,55.183,False,200,
1787684696.4536252,serverless,10.0,10.0,51.461,False,200,
1787684696.5536253,serverless,10.0,10.0,48.224,False,200,
1787684696.6536252,serverless,10.0,10.0,43.334,False,200,
1787684696.7536252,serverless,10.0,10.0,63.62,False,200,
1787684696.8536253,serverless,10.0,10.0,31.868,False,200,
1787684696.9536252,serverless,10.0,10.0,61.397,False,200,
1787684697.0536253,serverless,10.0,10.0,51.563,False,200,
1787684697.1536252,serverless,10.0,10.0,39.913,False,200,
1787684697.2536252,serverless,10.0,10.0,46.352,False,200,
1787684697.3536253,serverless,10.0,10.0,44.291,False,200,
1787684697.4536252,serverless,10.0,10.0,58.284,False,200,
1787684697.5536253,serverless,10.0,10.0,57.576,False,200,
1787684697.6536252,serverless,10.0,10.0,33.909,False,200,
1787684697.7536252,serverless,10.0,10.0,54.871,False,200,
1787684697.8536253,serverless,10.0,10.0,39.546,False,200,
1787684697.9536252,serverless,10.0,10.0,51.498,False,200,
1787684698.0536253,serverless,10.0,10.0,47.746,False,200,
1787684698.1536252,serverless,10.0,10.0,75.443,False,200,
1787684698.2536252,serverless,10.0,10.0,49.647,False,200,
1787684698.3536253,serverless,10.0,10.0,69.418,False,200,
1787684698.4536252,serverless,10.0,10.0,34.656,False,200,
1787684698.5536253,serverless,10.0,10.0,1316.57,True,200,
1787684698.6536252,serverless,10.0,10.0,50.126,False,200,
1787684698.7536252,serverless,10.0,10.0,33.545,False,200,
1787684698.8536253,serverless,10.0,10.0,48.078,False,200,
1787684698.9536252,serverless,10.0,10.0,56.167,False,200,
1787684699.0536253,serverless,10.0,10.0,43.523,False,200,
1787684699.1536252,serverless,10.0,10.0,77.356,False,200,
1787684699.2536252,serverless,10.0,10.0,43.258,False,200,
1787684699.3536253,serverless,10.0,10.0,72.681,False,200,
1787684699.4536252,serverless,10.0,10.0,48.564,False,200,
1787684699.5536253,serverless,10.0,10.0,38.543,False,200,
1787684699.6536252,serverless,10.0,10.0,53.883,False,200,
1787684699.7536252,serverless,10.0,10.0,58.959,False,200,
1787684699.8536253,serverless,10.0,10.0,54.256,False,200,
1787684699.9536252,serverless,10.0,10.0,44.566,False,200,
1787684700.0536253,serverless,10.0,10.0,48.093,False,200,
1787684700.1536252,serverless,10.0,10.0,56.258,False,200,
1787684700.2536252,serverless,10.0,10.0,51.287,False,200,
1787684700.3536253,serverless,10.0,10.0,50.635,False,200,
1787684700.4536252,serverless,10.0,10.0,32.432,False,200,
1787684700.5536253,serverless,10.0,10.0,55.52,False,200,
1787684700.6536252,serverless,10.0,10.0,792.363,True,200,
1787684700.7536252,serverless,10.0,10.0,37.746,False,200,
1787684700.8536253,serverless,10.0,10.0,60.29,False,200,
1787684700.9536252,serverless,10.0,10.0,43.66,False,200,
1787684701.0536253,serverless,10.0,10.0,54.941,False,200,
1787684701.1536252,serverless,10.0,10.0,60.886,False,200,
1787684701.2536252,serverless,10.0,10.0,42.081,False,200,
1787684701.3536253,serverless,10.0,10.0,58.716,False,200,
1787684701.4536252,serverless,10.0,10.0,1183.138,True,200,
1787684701.5536253,serverless,10.0,10.0,48.414,False,200,
1787684701.6536252,serverless,10.0,10.0,76.533,False,200,
1787684701.7536252,serverless,10.0,10.0,48.926,False,200,
1787684701.8536253,serverless,10.0,10.0,61.191,False,200,
1787684701.9536252,serverless,10.0,10.0,53.527,False,200,
1787684702.0536253,serverless,10.0,10.0,50.735,False,200,
1787684702.1536252,serverless,10.0,10.0,36.087,False,200,
1787684702.2536252,serverless,10.0,10.0,52.121,False,200,
1787684702.3536253,serverless,10.0,10.0,46.918,False,200,
1787684702.4536252,serverless,10.0,10.0,42.631,False,200,
1787684702.5536253,serverless,10.0,10.0,41.708,False,200,
1787684702.6536252,serverless,10.0,10.0,42.465,False,200,
1787684702.7536252,serverless,10.0,10.0,37.693,False,200,
1787684702.8536253,serverless,10.0,10.0,47.935,False,200,
1787684702.9536252,serverless,10.0,10.0,40.47,False,200,
1787684703.0536253,serverless,10.0,10.0,64.274,False,200,
1787684703.1536252,serverless,10.0,10.0,51.477,False,200,
1787684703.2536252,serverless,10.0,10.0,46.122,False,200,
1787684703.3536253,serverless,10.0,10.0,37.66,False,200,
1787684703.4536252,serverless,10.0,10.0,35.181,False,200,
1787684703.5536253,serverless,10.0,10.0,57.508,False,200,
1787684703.6536252,serverless,10.0,10.0,35.814,False,200,
1787684703.7536252,serverless,10.0,10.0,73.082,False,200,
1787684703.8536253,serverless,10.0,10.0,50.661,False,200,
1787684703.9536252,serverless,10.0,10.0,39.489,False,200,
1787684704.0536253,serverless,10.0,10.0,48.482,False,200,
1787684704.1536252,serverless,10.0,10.0,46.067,False,200,
1787684704.2536252,serverless,10.0,10.0,47.579,False,200,
1787684704.3536253,serverless,10.0,10.0,46.484,False,200,
1787684704.4536252,serverless,10.0,10.0,42.825,False,200,
1787684704.5536253,serverless,10.0,10.0,49.239,False,200,
1787684704.6536252,serverless,10.0,10.0,37.371,False,200,
1787684704.7536252,serverless,10.0,10.0,60.083,False,200,
1787684704.8536253,serverless,10.0,10.0,41.763,False,200,
1787684704.9536252,serverless,10.0,10.0,45.363,False,200,
1787684705.0536253,serverless,10.0,10.0,46.767,False,200,
1787684705.1536252,serverless,10.0,10.0,47.819,False,200,
1787684705.2536252,serverless,10.0,10.0,39.957,False,200,
1787684705.3536253,serverless,10.0,10.0,46.293,False,200,
1787684705.4536252,serverless,10.0,10.0,51.863,False,200,
1787684705.5536253,serverless,10.0,10.0,68.176,False,200,
1787684705.6536252,serverless,10.0,10.0,41.726,False,200,
1787684705.7536252,serverless,10.0,10.0,43.927,False,200,
1787684705.8536253,serverless,10.0,10.0,72.474,False,200,
1787684705.9536252,serverless,10.0,10.0,52.642,False,200,
1787684706.0536253,serverless,10.0,10.0,45.099,False,200,
1787684706.1536252,serverless,10.0,10.0,57.744,False,200,
1787684706.2536252,serverless,10.0,10.0,53.606,False,200,
1787684706.3536253,serverless,10.0,10.0,50.255,False,200,
1787684706.4536252,serverless,10.0,10.0,36.009,False,200,
1787684706.5536253,serverless,10.0,10.0,75.631,False,200,
1787684706.6536252,serverless,10.0,10.0,50.045,False,200,
1787684706.7536252,serverless,10.0,10.0,55.553,False,200,
1787684706.8536253,serverless,10.0,10.0,45.795,False,200,
1787684706.9536252,serverless,10.0,10.0,42.792,False,200,
1787684707.0536253,serverless,10.0,10.0,57.927,False,200,
1787684707.1536252,serverless,10.0,10.0,40.0,False,200,
1787684707.2536252,serverless,10.0,10.0,45.204,False,200,
1787684707.3536253,serverless,10.0,10.0,53.467,False,200,
1787684707.4536252,serverless,10.0,10.0,81.795,False,200,
1787684707.5536253,serverless,10.0,10.0,57.829,False,200,
1787684707.6536252,serverless,10.0,10.0,55.951,False,200,
1787684707.7536252,serverless,10.0,10.0,36.739,False,200,
1787684707.8536253,serverless,10.0,10.0,70.502,False,200,
1787684707.9536252,serverless,10.0,10.0,51.892,False,200,
1787684708.0536253,serverless,10.0,10.0,48.224,False,200,
1787684708.1536252,serverless,10.0,10.0,56.684,False,200,
1787684708.2536252,serverless,10.0,10.0,49.361,False,200,
1787684708.3536253,serverless,10.0,10.0,60.257,False,200,
1787684708.4536252,serverless,10.0,10.0,59.18,False,200,
1787684708.5536253,serverless,10.0,10.0,45.303,False,200,
1787684708.6536252,serverless,10.0,10.0,41.472,False,200,
1787684708.7536252,serverless,10.0,10.0,64.09,False,200,
1787684708.8536253,serverless,10.0,10.0,71.197,False,200,
1787684708.9536252,serverless,10.0,10.0,38.338,False,200,
1787684709.0536253,serverless,10.0,10.0,59.171,False,200,
1787684709.1536252,serverless,10.0,10.0,52.435,False,200,
1787684709.2536252,serverless,10.0,10.0,42.563,False,200,
1787684709.3536253,serverless,10.0,10.0,39.494,False,200,
1787684709.4536252,serverless,10.0,10.0,61.595,False,200,
1787684709.5536253,serverless,10.0,10.0,47.004,False,200,
1787684709.6536252,serverless,10.0,10.0,33.906,False,200,
1787684709.7536252,serverless,10.0,10.0,51.873,False,200,
1787684709.8536253,serverless,10.0,10.0,41.17,False,200,
1787684709.9536252,serverless,10.0,10.0,58.247,False,200,
1787684710.0536253,serverless,10.0,10.0,55.667,False,200,
1787684710.1536252,serverless,10.0,10.0,48.337,False,200,
1787684710.2536252,serverless,10.0,10.0,42.34,False,200,
1787684710.3536253,serverless,10.0,10.0,41.474,False,200,
1787684710.4536252,serverless,10.0,10.0,32.113,False,200,
1787684710.5536253,serverless,10.0,10.0,52.685,False,200,
1787684710.6536252,serverless,10.0,10.0,37.402,False,200,
1787684710.7536252,serverless,10.0,10.0,61.638,False,200,
1787684710.8536253,serverless,10.0,10.0,38.928,False,200,
1787684710.9536252,serverless,10.0,10.0,39.487,False,200,
1787684711.0536253,serverless,10.0,10.0,45.76,False,200,
1787684711.1536252,serverless,10.0,10.0,58.858,False,200,
1787684711.2536252,serverless,10.0,10.0,50.71,False,200,
1787684711.3536253,serverless,10.0,10.0,44.499,False,200,
1787684711.4536252,serverless,10.0,10.0,49.805,False,200,
1787684711.5536253,serverless,10.0,10.0,37.52,False,200,
1787684711.6536252,serverless,10.0,10.0,57.727,False,200,
1787684711.7536252,serverless,10.0,10.0,43.216,False,200,
1787684711.8536253,serverless,10.0,10.0,60.801,False,200,
1787684711.9536252,serverless,10.0,10.0,44.28,False,200,
1787684712.0536253,serverless,10.0,10.0,56.103,False,200,
1787684712.1536252,serverless,10.0,10.0,36.664,False,200,
1787684712.2536252,serverless,10.0,10.0,41.638,False,200,
1787684712.3536253,serverless,10.0,10.0,53.128,False,200,
1787684712.4536252,serverless,10.0,10.0,49.56,False,200,
1787684712.5536253,serverless,10.0,10.0,52.93,False,200,
1787684712.6536252,serverless,10.0,10.0,62.7,False,200,
1787684712.7536252,serverless,10.0,10.0,59.324,False,200,
1787684712.8536253,serverless,10.0,10.0,42.24,False,200,
1787684712.9536252,serverless,10.0,10.0,69.143,False,200,
1787684713.0536253,serverless,10.0,10.0,34.277,False,200,
1787684713.1536252,serverless,10.0,10.0,45.128,False,200,
1787684713.2536252,serverless,10.0,10.0,47.803,False,200,
1787684713.3536253,serverless,10.0,10.0,51.603,False,200,
1787684713.4536252,serverless,10.0,10.0,43.57,False,200,
1787684713.5536253,serverless,10.0,10.0,78.794,False,200,
1787684713.6536252,serverless,10.0,10.0,55.498,False,200,
1787684713.7536252,serverless,10.0,10.0,55.926,False,200,
1787684713.8536253,serverless,10.0,10.0,50.396,False,200,
1787684713.9536252,serverless,10.0,10.0,67.494,False,200,
1787684714.0536253,serverless,10.0,10.0,46.009,False,200,
1787684714.1536252,serverless,10.0,10.0,50.899,False,200,
1787684714.2536252,serverless,10.0,10.0,50.993,False,200,
1787684714.3536253,serverless,10.0,10.0,49.062,False,200,
1787684714.4536252,serverless,10.0,10.0,53.867,False,200,
1787684714.5536253,serverless,10.0,10.0,67.895,False,200,
1787684714.6536252,serverless,10.0,10.0,44.641,False,200,
1787684714.7536252,serverless,10.0,10.0,47.036,False,200,
1787684714.8536253,serverless,10.0,10.0,56.251,False,200,
1787684714.9536252,serverless,10.0,10.0,45.757,False,200,
1787684715.0536253,serverless,10.0,10.0,62.245,False,200,
1787684715.1536252,serverless,10.0,10.0,56.325,False,200,
1787684715.2536252,serverless,10.0,10.0,58.773,False,200,
1787684715.3536253,serverless,10.0,10.0,60.481,False,200,
1787684715.4536252,serverless,10.0,10.0,52.406,False,200,
1787684715.5536253,serverless,10.0,10.0,47.137,False,200,
1787684715.6536252,serverless,10.0,10.0,53.697,False,200,
1787684715.7536252,serverless,10.0,10.0,55.778,False,200,
1787684715.8536253,serverless,10.0,10.0,52.872,False,200,
1787684715.9536252,serverless,10.0,10.0,46.265,False,200,
1787684716.0536253,serverless,10.0,10.0,54.632,False,200,
1787684716.1536252,serverless,10.0,10.0,58.185,False,200,
1787684716.2536252,serverless,10.0,10.0,58.139,False,200,
1787684716.3536253,serverless,10.0,10.0,66.567,False,200,
1787684716.4536252,serverless,10.0,10.0,44.841,False,200,
1787684716.5536253,serverless,10.0,10.0,43.76,False,200,
1787684716.6536252,serverless,10.0,10.0,43.505,False,200,
1787684716.7536252,serverless,10.0,10.0,42.259,False,200,
1787684716.8536253,serverless,10.0,10.0,62.267,False,200,
1787684716.9536252,serverless,10.0,10.0,43.647,False,200,
1787684717.0536253,serverless,10.0,10.0,56.877,False,200,
1787684717.1536252,serverless,10.0,10.0,38.642,False,200,
1787684717.2536252,serverless,10.0,10.0,42.734,False,200,
1787684717.3536253,serverless,10.0,10.0,49.464,False,200,
1787684717.4536252,serverless,10.0,10.0,53.221,False,200,
1787684717.5536253,serverless,10.0,10.0,48.949,False,200,
1787684717.6536252,serverless,10.0,10.0,54.718,False,200,
1787684717.7536252,serverless,10.0,10.0,62.429,False,200,
1787684717.8536253,serverless,10.0,10.0,46.728,False,200,
1787684717.9536252,serverless,10.0,10.0,43.853,False,200,
1787684718.0536253,serverless,10.0,10.0,41.804,False,200,
1787684718.1536252,serverless,10.0,10.0,56.665,False,200,
1787684718.2536252,serverless,10.0,10.0,35.48,False,200,
1787684718.3536253,serverless,10.0,10.0,58.631,False,200,
1787684718.4536252,serverless,10.0,10.0,44.317,False,200,
1787684718.5536253,serverless,10.0,10.0,69.31,False,200,
1787684718.6536252,serverless,10.0,10.0,63.46,False,200,
1787684718.7536252,serverless,10.0,10.0,49.086,False,200,
1787684718.8536253,serverless,10.0,10.0,42.978,False,200,
1787684718.9536252,serverless,10.0,10.0,45.258,False,200,
1787684719.0536253,serverless,10.0,10.0,47.69,False,200,
1787684719.1536252,serverless,10.0,10.0,66.4,False,200,
1787684719.2536252,serverless,10.0,10.0,56.235,False,200,
1787684719.3536253,serverless,10.0,10.0,71.258,False,200,
1787684719.4536252,serverless,10.0,10.0,51.546,False,200,
1787684719.5536253,serverless,10.0,10.0,62.097,False,200,
1787684719.6536252,serverless,10.0,10.0,42.419,False,200,
1787684719.7536252,serverless,10.0,10.0,41.618,False,200,
1787684719.8536253,serverless,10.0,10.0,38.672,False,200,
1787684719.9536252,serverless,10.0,10.0,33.758,False,200,
1787684720.0536253,serverless,10.0,10.0,34.748,False,200,
1787684720.1536252,serverless,10.0,10.0,63.149,False,200,
1787684720.2536252,serverless,10.0,10.0,51.41,False,200,
1787684720.3536253,serverless,10.0,10.0,43.15,False,200,
1787684720.4536252,serverless,10.0,10.0,57.019,False,200,
1787684720.5536253,serverless,10.0,10.0,39.89,False,200,
1787684720.6536252,serverless,10.0,10.0,53.373,False,200,
1787684720.7536252,serverless,10.0,10.0,48.27,False,200,
1787684720.8536253,serverless,10.0,10.0,41.385,False,200,
1787684720.9536252,serverless,10.0,10.0,41.727,False,200,
1787684721.0536253,serverless,10.0,10.0,42.751,False,200,
1787684721.1536252,serverless,10.0,10.0,36.907,False,200,
1787684721.2536252,serverless,10.0,10.0,54.056,False,200,
1787684721.3536253,serverless,10.0,10.0,49.668,False,200,
1787684721.4536252,serverless,10.0,10.0,71.766,False,200,
1787684721.5536253,serverless,10.0,10.0,39.311,False,200,
1787684721.6536252,serverless,10.0,10.0,61.809,False,200,
1787684721.7536252,serverless,10.0,10.0,50.255,False,200,
1787684721.8536253,serverless,10.0,10.0,48.769,False,200,
1787684721.9536252,serverless,10.0,10.0,62.628,False,200,
1787684722.0536253,serverless,10.0,10.0,47.443,False,200,
