timestamp,deployment_mode,rps_target,rps_actual,latency_ms,is_cold_start,status_code,error
1787684422.2009573,serverless,30.0,30.0,43.056,False,200,
1787684422.2342906,serverless,30.0,30.0,40.803,False,200,
1787684422.267624,serverless,30.0,30.0,37.993,False,200,
1787684422.3009572,serverless,30.0,30.0,52.518,False,200,
1787684422.3342907,serverless,30.0,30.0,49.563,False,200,
1787684422.367624,serverless,30.0,30.0,46.801,False,200,
1787684422.4009573,serverless,30.0,30.0,36.975,False,200,
1787684422.4342906,serverless,30.0,30.0,85.426,False,200,
1787684422.467624,serverless,30.0,30.0,60.243,False,200,
1787684422.5009573,serverless,30.0,30.0,36.872,False,200,
1787684422.5342906,serverless,30.0,30.0,39.468,False,200,
1787684422.5676239,serverless,30.0,30.0,979.096,True,200,
1787684422.6009574,serverless,30.0,30.0,66.3,False,200,
1787684422.6342907,serverless,30.0,30.0,41.276,False,200,
1787684422.667624,serverless,30.0,30.0,41.694,False,200,
1787684422.7009573,serverless,30.0,30.0,59.225,False,200,
1787684422.7342906,serverless,30.0,30.0,49.631,False,200,
1787684422.767624,serverless,30.0,30.0,35.989,False,200,
1787684422.8009572,serverless,30.0,30.0,46.923,False,200,
1787684422.8342907,serverless,30.0,30.0,60.231,False,200,
1787684422.867624,serverless,30.0,30.0,61.683,False,200,
1787684422.9009573,serverless,30.0,30.0,65.507,False,200,
1787684422.9342906,serverless,30.0,30.0,52.753,False,200,
1787684422.967624,serverless,30.0,30.0,51.013,False,200,
1787684423.0009573,serverless,30.0,30.0,55.283,False,200,
1787684423.0342906,serverless,30.0,30.0,48.108,False,200,
1787684423.0676239,serverless,30.0,30.0,57.422,False,200,
1787684423.1009574,serverless,30.0,30.0,46.521,False,200,
1787684423.1342907,serverless,30.0,30.0,53.644,False,200,
1787684423.167624,serverless,30.0,30.0,49.53,False,200,
1787684423.2009573,serverless,30.0,30.0,54.051,False,200,
1787684423.2342906,serverless,30.0,30.0,45.473,False,200,
1787684423.267624,serverless,30.0,30.0,52.486,False,200,
1787684423.3009572,serverless,30.0,30.0,38.96,False,200,
1787684423.3342907,serverless,30.0,30.0,39.361,False,200,
1787684423.367624,serverless,30.0,30.0,55.125,False,200,
1787684423.4009573,serverless,30.0,30.0,58.424,False,200,
1787684423.4342906,serverless,30.0,30.0,47.684,False,200,
1787684423.467624,serverless,30.0,30.0,42.875,False,200,
1787684423.5009573,serverless,30.0,30.0,45.374,False,200,
1787684423.5342906,serverless,30.0,30.0,43.356,False,200,
1787684423.5676239,serverless,30.0,30.0,51.147,False,200,
1787684423.6009574,serverless,30.0,30.0,82.843,False,200,
1787684423.6342907,serverless,30.0,30.0,41.916,False,200,
1787684423.667624,serverless,30.0,30.0,63.431,False,200,
1787684423.7009573,serverless,30.0,30.0,67.328,False,200,
1787684423.7342906,serverless,30.0,30.0,42.272,False,200,
1787684423.767624,serverless,30.0,30.0,47.96,False,200,
1787684423.8009572,serverless,30.0,30.0,54.151,False,200,
1787684423.8342907,serverless,30.0,30.0,52.107,False,200,
1787684423.867624,serverless,30.0,30.0,69.943,False,200,
1787684423.9009573,serverless,30.0,30.0,50.237,False,200,
1787684423.9342906,serverless,30.0,30.0,49.258,False,200,
1787684423.967624,serverless,30.0,30.0,49.495,False,200,
1787684424.0009573,serverless,30.0,30.0,46.049,False,200,
1787684424.0342906,serverless,30.0,30.0,45.74,False,200,
1787684424.0676239,serverless,30.0,30.0,53.98,False,200,
1787684424.1009574,serverless,30.0,30.0,55.367,False,200,
1787684424.1342907,serverless,30.0,30.0,61.728,False,200,
1787684424.167624,serverless,30.0,30.0,67.795,False,200,
1787684424.2009573,serverless,30.0,30.0,1617.35,True,200,
1787684424.2342906,serverless,30.0,30.0,40.724,False,200,
1787684424.267624,serverless,30.0,30.0,63.702,False,200,
1787684424.3009572,serverless,30.0,30.0,46.552,False,200,
1787684424.3342907,serverless,30.0,30.0,52.586,False,200,
1787684424.367624,serverless,30.0,30.0,46.047,False,200,
1787684424.4009573,serverless,30.0,30.0,42.944,False,200,
1787684424.4342906,serverless,30.0,30.0,62.725,False,200,
1787684424.467624,serverless,30.0,30.0,41.152,False,200,
1787684424.5009573,serverless,30.0,30.0,38.59,False,200,
1787684424.5342906,serverless,30.0,30.0,44.096,False,200,
1787684424.5676239,serverless,30.0,30.0,36.804,False,200,
1787684424.6009574,serverless,30.0,30.0,43.622,False,200,
1787684424.6342907,serverless,30.0,30.0,53.048,False,200,
1787684424.667624,serverless,30.0,30.0,48.452,False,200,
1787684424.7009573,serverless,30.0,30.0,56.027,False,200,
1787684424.7342906,serverless,30.0,30.0,51.457,False,200,
1787684424.767624,serverless,30.0,30.0,39.063,False,200,
1787684424.8009572,serverless,30.0,30.0,55.479,False,200,
1787684424.8342907,serverless,30.0,30.0,49.89,False,200,
1787684424.867624,serverless,30.0,30.0,41.492,False,200,
1787684424.9009573,serverless,30.0,30.0,57.455,False,200,
1787684424.9342906,serverless,30.0,30.0,50.089,False,200,
1787684424.967624,serverless,30.0,30.0,46.559,False,200,
1787684425.0009573,serverless,30.0,30.0,56.533,False,200,
1787684425.0342906,serverless,30.0,30.0,35.641,False,200,
1787684425.0676239,serverless,30.0,30.0,39.507,False,200,
1787684425.1009574,serverless,30.0,30.0,43.703,False,200,
1787684425.1342907,serverless,30.0,30.0,45.322,False,200,
1787684425.167624,serverless,30.0,30.0,39.93,False,200,
1787684425.2009573,serverless,30.0,30.0,49.141,False,200,
1787684425.2342906,serverless,30.0,30.0,57.711,False,200,
1787684425.267624,serverless,30.0,30.0,46.613,False,200,
1787684425.3009572,serverless,30.0,30.0,46.537,False,200,
1787684425.3342907,serverless,30.0,30.0,51.765,False,200,
1787684425.367624,serverless,30.0,30.0,56.401,False,200,
1787684425.4009573,serverless,30.0,30.0,44.617,False,200,
1787684425.4342906,serverless,30.0,30.0,41.672,False,200,
1787684425.467624,serverless,30.0,30.0,39.045,False,200,
1787684425.5009573,serverless,30.0,30.0,53.338,False,200,
1787684425.5342906,serverless,30.0,30.0,54.741,False,200,
1787684425.5676239,serverless,30.0,30.0,45.524,False,200,
1787684425.6009574,serverless,30.0,30.0,50.246,False,200,
1787684425.6342907,serverless,30.0,30.0,55.656,False,200,
1787684425.667624,serverless,30.0,30.0,56.836,False,200,
1787684425.7009573,serverless,30.0,30.0,55.342,False,200,
1787684425.7342906,serverless,30.0,30.0,855.049,True,200,
1787684425.767624,serverless,30.0,30.0,43.676,False,200,
1787684425.8009572,serverless,30.0,30.0,37.985,False,200,
1787684425.8342907,serverless,30.0,30.0,56.426,False,200,
1787684425.867624,serverless,30.0,30.0,38.33,False,200,
1787684425.9009573,serverless,30.0,30.0,69.926,False,200,
1787684425.9342906,serverless,30.0,30.0,40.09,False,200,
1787684425.967624,serverless,30.0,30.0,53.345,False,200,
1787684426.0009573,serverless,30.0,30.0,45.867,False,200,
1787684426.0342906,serverless,30.0,30.0,42.246,False,200,
1787684426.0676239,serverless,30.0,30.0,44.067,False,200,
1787684426.1009574,serverless,30.0,30.0,49.302,False,200,
1787684426.1342907,serverless,30.0,30.0,38.224,False,200,
1787684426.167624,serverless,30.0,30.0,34.298,False,200,
1787684426.2009573,serverless,30.0,30.0,59.202,False,200,
1787684426.2342906,serverless,30.0,30.0,35.522,False,200,
1787684426.267624,serverless,30.0,30.0,71.562,False,200,
1787684426.3009572,serverless,30.0,30.0,46.952,False,200,
1787684426.3342907,serverless,30.0,30.0,43.29,False,200,
1787684426.367624,serverless,30.0,30.0,34.822,False,200,
1787684426.4009573,serverless,30.0,30.0,39.428,False,200,
1787684426.4342906,serverless,30.0,30.0,34.551,False,200,
1787684426.467624,serverless,30.0,30.0,79.387,False,200,
1787684426.5009573,serverless,30.0,30.0,31.55,False,200,
1787684426.5342906,serverless,30.0,30.0,47.414,False,200,
1787684426.5676239,serverless,30.0,30.0,56.173,False,200,
1787684426.6009574,serverless,30.0,30.0,37.37,False,200,
1787684426.6342907,serverless,30.0,30.0,54.82,False,200,
1787684426.667624,serverless,30.0,30.0,53.724,False,200,
1787684426.7009573,serverless,30.0,30.0,34.523,False,200,
1787684426.7342906,serverless,30.0,30.0,45.007,False,200,
1787684426.767624,serverless,30.0,30.0,46.085,False,200,
1787684426.8009572,serverless,30.0,30.0,67.547,False,200,
1787684426.8342907,serverless,30.0,30.0,40.043,False,200,
1787684426.867624,serverless,30.0,30.0,82.916,False,200,
1787684426.9009573,serverless,30.0,30.0,54.145,False,200,
1787684426.9342906,serverless,30.0,30.0,79.5,False,200,
1787684426.967624,serverless,30.0,30.0,42.416,False,200,
1787684427.0009573,serverless,30.0,30.0,89.225,False,200,
1787684427.0342906,serverless,30.0,30.0,1066.084,True,200,
1787684427.0676239,serverless,30.0,30.0,42.266,False,200,
1787684427.1009574,serverless,30.0,30.0,62.745,False,200,
1787684427.1342907,serverless,30.0,30.0,46.036,False,200,
1787684427.167624,serverless,30.0,30.0,51.615,False,200,
1787684427.2009573,serverless,30.0,30.0,36.789,False,200,
1787684427.2342906,serverless,30.0,30.0,53.658,False,200,
1787684427.267624,serverless,30.0,30.0,39.653,False,200,
1787684427.3009572,serverless,30.0,30.0,53.495,False,200,
1787684427.3342907,serverless,30.0,30.0,41.235,False,200,
1787684427.367624,serverless,30.0,30.0,58.282,False,200,
1787684427.4009573,serverless,30.0,30.0,76.39,False,200,
1787684427.4342906,serverless,30.0,30.0,64.497,False,200,
1787684427.467624,serverless,30.0,30.0,35.095,False,200,
1787684427.5009573,serverless,30.0,30.0,65.152,False,200,
1787684427.5342906,serverless,30.0,30.0,38.705,False,200,
1787684427.5676239,serverless,30.0,30.0,63.673,False,200,
1787684427.6009574,serverless,30.0,30.0,46.303,False,200,
1787684427.6342907,serverless,30.0,30.0,50.045,False,200,
1787684427.667624,serverless,30.0,30.0,38.223,False,200,
1787684427.7009573,serverless,30.0,30.0,83.208,False,200,
1787684427.7342906,serverless,30.0,30.0,63.747,False,200,
1787684427.767624,serverless,30.0,30.0,38.003,False,200,
1787684427.8009572,serverless,30.0,30.0,44.01,False,200,
1787684427.8342907,serverless,30.0,30.0,54.113,False,200,
1787684427.867624,serverless,30.0,30.0,37.621,False,200,
1787684427.9009573,serverless,30.0,30.0,50.034,False,200,
1787684427.9342906,serverless,30.0,30.0,42.783,False,200,
1787684427.967624,serverless,30.0,30.0,48.296,False,200,
1787684428.0009573,serverless,30.0,30.0,60.303,False,200,
1787684428.0342906,serverless,30.0,30.0,59.853,False,200,
1787684428.0676239,serverless,30.0,30.0,69.258,False,200,
1787684428.1009574,serverless,30.0,30.0,56.932,False,200,
1787684428.1342907,serverless,30.0,30.0,42.295,False,200,
1787684428.167624,serverless,30.0,30.0,57.309,False,200,
1787684428.2009573,serverless,30.0,30.0,47.685,False,200,
1787684428.2342906,serverless,30.0,30.0,50.296,False,200,
1787684428.267624,serverless,30.0,30.0,60.523,False,200,
1787684428.3009572,serverless,30.0,30.0,47.594,False,200,
1787684428.3342907,serverless,30.0,30.0,41.508,False,200,
1787684428.367624,serverless,30.0,30.0,60.716,False,200,
1787684428.4009573,serverless,30.0,30.0,44.816,False,200,
1787684428.4342906,serverless,30.0,30.0,43.907,False,200,
1787684428.467624,serverless,30.0,30.0,43.438,False,200,
1787684428.5009573,serverless,30.0,30.0,48.313,False,200,
1787684428.5342906,serverless,30.0,30.0,57.583,False,200,
1787684428.5676239,serverless,30.0,30.0,41.021,False,200,
1787684428.6009574,serverless,30.0,30.0,61.131,False,200,
1787684428.6342907,serverless,30.0,30.0,54.047,False,200,
1787684428.667624,serverless,30.0,30.0,38.713,False,200,
1787684428.7009573,serverless,30.0,30.0,45.456,False,200,
1787684428.7342906,serverless,30.0,30.0,42.105,False,200,
1787684428.767624,serverless,30.0,30.0,28.71,False,200,
1787684428.8009572,serverless,30.0,30.0,47.284,False,200,
1787684428.8342907,serverless,30.0,30.0,65.516,False,200,
1787684428.867624,serverless,30.0,30.0,60.997,False,200,
1787684428.9009573,serverless,30.0,30.0,53.036,False,200,
1787684428.9342906,serverless,30.0,30.0,44.568,False,200,
1787684428.967624,serverless,30.0,30.0,51.505,False,200,
1787684429.0009573,serverless,30.0,30.0,44.198,False,200,
1787684429.0342906,serverless,30.0,30.0,61.59,False,200,
1787684429.0676239,serverless,30.0,30.0,44.5,False,200,
1787684429.1009574,serverless,30.0,30.0,52.908,False,200,
1787684429.1342907,serverless,30.0,30.0,1396.101,True,200,
1787684429.167624,serverless,30.0,30.0,1663.391,True,200,
1787684429.2009573,serverless,30.0,30.0,42.548,False,200,
1787684429.2342906,serverless,30.0,30.0,55.407,False,200,
1787684429.267624,serverless,30.0,30.0,57.534,False,200,
1787684429.3009572,serverless,30.0,30.0,43.7,False,200,
1787684429.3342907,serverless,30.0,30.0,58.633,False,200,
1787684429.367624,serverless,30.0,30.0,48.761,False,200,
1787684429.4009573,serverless,30.0,30.0,73.35,False,200,
1787684429.4342906,serverless,30.0,30.0,51.163,False,200,
1787684429.467624,serverless,30.0,30.0,59.605,False,200,
1787684429.5009573,serverless,30.0,30.0,42.7,False,200,
1787684429.5342906,serverless,30.0,30.0,55.977,False,200,
1787684429.5676239,serverless,30.0,30.0,39.217,False,200,
1787684429.6009574,serverless,30.0,30.0,57.166,False,200,
1787684429.6342907,serverless,30.0,30.0,64.778,False,200,
1787684429.667624,serverless,30.0,30.0,38.308,False,200,
1787684429.7009573,serverless,30.0,30.0,43.853,False,200,
1787684429.7342906,serverless,30.0,30.0,59.292,False,200,
1787684429.767624,serverless,30.0,30.0,55.616,False,200,
1787684429.8009572,serverless,30.0,30.0,49.095,False,200,
1787684429.8342907,serverless,30.0,30.0,52.475,False,200,
1787684429.867624,serverless,30.0,30.0,54.062,False,200,
1787684429.9009573,serverless,30.0,30.0,50.102,False,200,
1787684429.9342906,serverless,30.0,30.0,53.606,False,200,
1787684429.967624,serverless,30.0,30.0,46.451,False,200,
1787684430.0009573,serverless,30.0,30.0,38.969,False,200,
1787684430.0342906,serverless,30.0,30.0,49.554,False,200,
1787684430.0676239,serverless,30.0,30.0,26.666,False,200,
1787684430.1009574,serverless,30.0,30.0,46.708,False,200,
1787684430.1342907,serverless,30.0,30.0,60.625,False,200,
1787684430.167624,serverless,30.0,30.0,64.043,False,200,
1787684430.2009573,serverless,30.0,30.0,63.043,False,200,
1787684430.2342906,serverless,30.0,30.0,48.729,False,200,
1787684430.267624,serverless,30.0,30.0,55.466,False,200,
1787684430.3009572,serverless,30.0,30.0,52.333,False,200,
1787684430.3342907,serverless,30.0,30.0,62.817,False,200,
1787684430.367624,serverless,30.0,30.0,49.73,False,200,
1787684430.4009573,serverless,30.0,30.0,43.744,False,200,
1787684430.4342906,serverless,30.0,30.0,47.755,False,200,
1787684430.467624,serverless,30.0,30.0,53.591,False,200,
1787684430.5009573,serverless,30.0,30.0,44.352,False,200,
1787684430.5342906,serverless,30.0,30.0,47.749,False,200,
1787684430.5676239,serverless,30.0,30.0,52.56,False,200,
1787684430.6009574,serverless,30.0,30.0,46.685,False,200,
1787684430.6342907,serverless,30.0,30.0,63.515,False,200,
1787684430.667624,serverless,30.0,30.0,63.848,False,200,
1787684430.7009573,serverless,30.0,30.0,52.586,False,200,
1787684430.7342906,serverless,30.0,30.0,52.806,False,200,
1787684430.767624,serverless,30.0,30.0,44.698,False,200,
1787684430.8009572,serverless,30.0,30.0,40.098,False,200,
1787684430.8342907,serverless,30.0,30.0,36.877,False,200,
1787684430.867624,serverless,30.0,30.0,45.916,False,200,
1787684430.9009573,serverless,30.0,30.0,49.056,False,200,
1787684430.9342906,serverless,30.0,30.0,57.946,False,200,
1787684430.967624,serverless,30.0,30.0,53.9,False,200,
1787684431.0009573,serverless,30.0,30.0,39.572,False,200,
1787684431.0342906,serverless,30.0,30.0,55.906,False,200,
1787684431.0676239,serverless,30.0,30.0,53.539,False,200,
1787684431.1009574,serverless,30.0,30.0,40.687,False,200,
1787684431.1342907,serverless,30.0,30.0,46.568,False,200,
1787684431.167624,serverless,30.0,30.0,48.607,False,200,
1787684431.2009573,serverless,30.0,30.0,51.009,False,200,
1787684431.2342906,serverless,30.0,30.0,71.468,False,200,
1787684431.267624,serverless,30.0,30.0,50.874,False,200,
1787684431.3009572,serverless,30.0,30.0,50.119,False,200,
1787684431.3342907,serverless,30.0,30.0,52.303,False,200,
1787684431.367624,serverless,30.0,30.0,41.042,False,200,
1787684431.4009573,serverless,30.0,30.0,65.045,False,200,
1787684431.4342906,serverless,30.0,30.0,76.632,False,200,
1787684431.467624,serverless,30.0,30.0,50.949,False,200,
1787684431.5009573,serverless,30.0,30.0,45.956,False,200,
1787684431.5342906,serverless,30.0,30.0,43.167,False,200,
1787684431.5676239,serverless,30.0,30.0,47.768,False,200,
1787684431.6009574,serverless,30.0,30.0,45.517,False,200,
1787684431.6342907,serverless,30.0,30.0,46.614,False,200,
1787684431.667624,serverless,30.0,30.0,40.167,False,200,
1787684431.7009573,serverless,30.0,30.0,58.168,False,200,
1787684431.7342906,serverless,30.0,30.0,44.891,False,200,
1787684431.767624,serverless,30.0,30.0,52.565,False,200,
1787684431.8009572,serverless,30.0,30.0,55.723,False,200,
1787684431.8342907,serverless,30.0,30.0,49.27,False,200,
1787684431.867624,serverless,30.0,30.0,68.396,False,200,
1787684431.9009573,serverless,30.0,30.0,37.572,False,200,
1787684431.9342906,serverless,30.0,30.0,62.327,False,200,
1787684431.967624,serverless,30.0,30.0,53.31,False,200,
1787684432.0009573,serverless,30.0,30.0,48.165,False,200,
1787684432.0342906,serverless,30.0,30.0,42.403,False,200,
1787684432.0676239,serverless,30.0,30.0,62.718,False,200,
1787684432.1009574,serverless,30.0,30.0,51.174,False,200,
1787684432.1342907,serverless,30.0,30.0,61.563,False,200,
1787684432.167624,serverless,30.0,30.0,53.402,False,200,
1787684432.2009573,serverless,30.0,30.0,46.367,False,200,
1787684432.2342906,serverless,30.0,30.0,48.331,False,200,
1787684432.267624,serverless,30.0,30.0,54.289,False,200,
1787684432.3009572,serverless,30.0,30.0,93.659,False,200,
1787684432.3342907,serverless,30.0,30.0,58.596,False,200,
1787684432.367624,serverless,30.0,30.0,44.436,False,200,
1787684432.4009573,serverless,30.0,30.0,40.031,False,200,
1787684432.4342906,serverless,30.0,30.0,41.076,False,200,
1787684432.467624,serverless,30.0,30.0,46.085,False,200,
1787684432.5009573,serverless,30.0,30.0,67.283,False,200,
1787684432.5342906,serverless,30.0,30.0,50.584,False,200,
1787684432.5676239,serverless,30.0,30.0,45.659,False,200,
1787684432.6009574,serverless,30.0,30.0,56.052,False,200,
1787684432.6342907,serverless,30.0,30.0,42.794,False,200,
1787684432.667624,serverless,30.0,30.0,44.928,False,200,
1787684432.7009573,serverless,30.0,30.0,63.385,False,200,
1787684432.7342906,serverless,30.0,30.0,75.323,False,200,
1787684432.767624,serverless,30.0,30.0,41.717,False,200,
1787684432.8009572,serverless,30.0,30.0,38.595,False,200,
1787684432.8342907,serverless,30.0,30.0,42.074,False,200,
1787684432.867624,serverless,30.0,30.0,75.635,False,200,
1787684432.9009573,serverless,30.0,30.0,48.974,False,200,
1787684432.9342906,serverless,30.0,30.0,39.995,False,200,
1787684432.967624,serverless,30.0,30.0,55.071,False,200,
1787684433.0009573,serverless,30.0,30.0,46.855,False,200,
1787684433.0342906,serverless,30.0,30.0,49.676,False,200,
1787684433.0676239,serverless,30.0,30.0,73.555,False,200,
1787684433.1009574,serverless,30.0,30.0,40.117,False,200,
1787684433.1342907,serverless,30.0,30.0,61.106,False,200,
1787684433.167624,serverless,30.0,30.0,62.362,False,200,
1787684433.2009573,serverless,30.0,30.0,41.595,False,200,
1787684433.2342906,serverless,30.0,30.0,60.972,False,200,
1787684433.267624,serverless,30.0,30.0,57.521,False,200,
1787684433.3009572,serverless,30.0,30.0,52.008,False,200,
1787684433.3342907,serverless,30.0,30.0,65.785,False,200,
1787684433.367624,serverless,30.0,30.0,49.421,False,200,
1787684433.4009573,serverless,30.0,30.0,77.243,False,200,
1787684433.4342906,serverless,30.0,30.0,37.765,False,200,
1787684433.467624,serverless,30.0,30.0,41.115,False,200,
1787684433.5009573,serverless,30.0,30.0,41.251,False,200,
1787684433.5342906,serverless,30.0,30.0,56.594,False,200,
1787684433.5676239,serverless,30.0,30.0,1482.156,True,200,
1787684433.6009574,serverless,30.0,30.0,48.936,False,200,
1787684433.6342907,serverless,30.0,30.0,41.062,False,200,
1787684433.667624,serverless,30.0,30.0,47.76,False,200,
1787684433.7009573,serverless,30.0,30.0,60.129,False,200,
1787684433.7342906,serverless,30.0,30.0,56.042,False,200,
1787684433.767624,serverless,30.0,30.0,57.146,False,200,
1787684433.8009572,serverless,30.0,30.0,58.236,False,200,
1787684433.8342907,serverless,30.0,30.0,40.114,False,200,
1787684433.867624,serverless,30.0,30.0,51.965,False,200,
1787684433.9009573,serverless,30.0,30.0,46.188,False,200,
1787684433.9342906,serverless,30.0,30.0,56.478,False,200,
1787684433.967624,serverless,30.0,30.0,44.731,False,200,
1787684434.0009573,serverless,30.0,30.0,35.46,False,200,
1787684434.0342906,serverless,30.0,30.0,51.941,False,200,
1787684434.0676239,serverless,30.0,30.0,47.755,False,200,
1787684434.1009574,serverless,30.0,30.0,46.233,False,200,
1787684434.1342907,serverless,30.0,30.0,40.611,False,200,
1787684434.167624,serverless,30.0,30.0,49.883,False,200,
1787684434.2009573,serverless,30.0,30.0,58.923,False,200,
1787684434.2342906,serverless,30.0,30.0,55.745,False,200,
1787684434.267624,serverless,30.0,30.0,44.675,False,200,
1787684434.3009572,serverless,30.0,30.0,50.206,False,200,
1787684434.3342907,serverless,30.0,30.0,59.918,False,200,
1787684434.367624,serverless,30.0,30.0,65.814,False,200,
1787684434.4009573,serverless,30.0,30.0,37.395,False,200,
1787684434.4342906,serverless,30.0,30.0,68.978,False,200,
1787684434.467624,serverless,30.0,30.0,49.02,False,200,
1787684434.5009573,serverless,30.0,30.0,43.358,False,200,
1787684434.5342906,serverless,30.0,30.0,63.706,False,200,
1787684434.5676239,serverless,30.0,30.0,49.57,False,200,
1787684434.6009574,serverless,30.0,30.0,66.515,False,200,
1787684434.6342907,serverless,30.0,30.0,53.231,False,200,
1787684434.667624,serverless,30.0,30.0,45.461,False,200,
1787684434.7009573,serverless,30.0,30.0,52.169,False,200,
1787684434.7342906,serverless,30.0,30.0,56.888,False,200,
1787684434.767624,serverless,30.0,30.0,54.531,False,200,
1787684434.8009572,serverless,30.0,30.0,48.193,False,200,
1787684434.8342907,serverless,30.0,30.0,46.334,False,200,
1787684434.867624,serverless,30.0,30.0,54.425,False,200,
1787684434.9009573,serverless,30.0,30.0,57.398,False,200,
1787684434.9342906,serverless,30.0,30.0,53.949,False,200,
1787684434.967624,serverless,30.0,30.0,50.016,False,200,
1787684435.0009573,serverless,30.0,30.0,60.794,False,200,
1787684435.0342906,serverless,30.0,30.0,37.41,False,200,
1787684435.0676239,serverless,30.0,30.0,73.11,False,200,
1787684435.1009574,serverless,30.0,30.0,61.263,False,200,
1787684435.1342907,serverless,30.0,30.0,66.432,False,200,
1787684435.167624,serverless,30.0,30.0,64.889,False,200,
1787684435.2009573,serverless,30.0,30.0,53.87,False,200,
1787684435.2342906,serverless,30.0,30.0,37.977,False,200,
1787684435.267624,serverless,30.0,30.0,47.062,False,200,
1787684435.3009572,serverless,30.0,30.0,43.965,False,200,
1787684435.3342907,serverless,30.0,30.0,49.167,False,200,
1787684435.367624,serverless,30.0,30.0,52.169,False,200,
1787684435.4009573,serverless,30.0,30.0,41.152,False,200,
1787684435.4342906,serverless,30.0,30.0,56.126,False,200,
1787684435.467624,serverless,30.0,30.0,50.21,False,200,
1787684435.5009573,serverless,30.0,30.0,76.172,False,200,
1787684435.5342906,serverless,30.0,30.0,37.487,False,200,
1787684435.5676239,serverless,30.0,30.0,31.405,False,200,
1787684435.6009574,serverless,30.0,30.0,38.346,False,200,
1787684435.6342907,serverless,30.0,30.0,65.354,False,200,
1787684435.667624,serverless,30.0,30.0,58.177,False,200,
1787684435.7009573,serverless,30.0,30.0,58.246,False,200,
1787684435.7342906,serverless,30.0,30.0,37.62,False,200,
1787684435.767624,serverless,30.0,30.0,35.255,False,200,
1787684435.8009572,serverless,30.0,30.0,56.914,False,200,
1787684435.8342907,serverless,30.0,30.0,33.195,False,200,
1787684435.867624,serverless,30.0,30.0,48.341,False,200,
1787684435.9009573,serverless,30.0,30.0,36.942,False,200,
1787684435.9342906,serverless,30.0,30.0,76.336,False,200,
1787684435.967624,serverless,30.0,30.0,49.181,False,200,
1787684436.0009573,serverless,30.0,30.0,52.094,False,200,
1787684436.0342906,serverless,30.0,30.0,64.236,False,200,
1787684436.0676239,serverless,30.0,30.0,61.273,False,200,
1787684436.1009574,serverless,30.0,30.0,47.779,False,200,
1787684436.1342907,serverless,30.0,30.0,60.969,False,200,
1787684436.167624,serverless,30.0,30.0,48.938,False,200,
1787684436.2009573,serverless,30.0,30.0,48.985,False,200,
1787684436.2342906,serverless,30.0,30.0,37.772,False,200,
1787684436.267624,serverless,30.0,30.0,35.921,False,200,
1787684436.3009572,serverless,30.0,30.0,37.701,False,200,
1787684436.3342907,serverless,30.0,30.0,59.62,False,200,
1787684436.367624,serverless,30.0,30.0,44.954,False,200,
1787684436.4009573,serverless,30.0,30.0,64.389,False,200,
1787684436.4342906,serverless,30.0,30.0,42.54,False,200,
1787684436.467624,serverless,30.0,30.0,46.366,False,200,
1787684436.5009573,serverless,30.0,30.0,53.763,False,200,
1787684436.5342906,serverless,30.0,30.0,43.928,False,200,
1787684436.5676239,serverless,30.0,30.0,70.544,False,200,
1787684436.6009574,serverless,30.0,30.0,56.236,False,200,
1787684436.6342907,serverless,30.0,30.0,64.368,False,200,
1787684436.667624,serverless,30.0,30.0,51.236,False,200,
1787684436.7009573,serverless,30.0,30.0,66.801,False,200,
1787684436.7342906,serverless,30.0,30.0,53.447,False,200,
1787684436.767624,serverless,30.0,30.0,36.727,False,200,
1787684436.8009572,serverless,30.0,30.0,40.476,False,200,
1787684436.8342907,serverless,30.0,30.0,871.006,True,200,
1787684436.867624,serverless,30.0,30.0,45.387,False,200,
1787684436.9009573,serverless,30.0,30.0,38.397,False,200,
1787684436.9342906,serverless,30.0,30.0,56.885,False,200,
1787684436.967624,serverless,30.0,30.0,49.118,False,200,
1787684437.0009573,serverless,30.0,30.0,56.709,False,200,
1787684437.0342906,serverless,30.0,30.0,51.152,False,200,
1787684437.0676239,serverless,30.0,30.0,56.28,False,200,
1787684437.1009574,serverless,30.0,30.0,54.203,False,200,
1787684437.1342907,serverless,30.0,30.0,52.199,False,200,
1787684437.167624,serverless,30.0,30.0,44.403,False,200,
1787684437.2009573,serverless,30.0,30.0,52.203,False,200,
1787684437.2342906,serverless,30.0,30.0,45.397,False,200,
1787684437.267624,serverless,30.0,30.0,38.045,False,200,
1787684437.3009572,serverless,30.0,30.0,56.371,False,200,
1787684437.3342907,serverless,30.0,30.0,62.274,False,200,
1787684437.367624,serverless,30.0,30.0,72.306,False,200,
1787684437.4009573,serverless,30.0,30.0,41.222,False,200,
1787684437.4342906,serverless,30.0,30.0,54.899,False,200,
1787684437.467624,serverless,30.0,30.0,36.518,False,200,
1787684437.5009573,serverless,30.0,30.0,56.06,False,200,
1787684437.5342906,serverless,30.0,30.0,44.189,False,200,
1787684437.5676239,serverless,30.0,30.0,33.048,False,200,
1787684437.6009574,serverless,30.0,30.0,40.466,False,200,
1787684437.6342907,serverless,30.0,30.0,53.92,False,200,
1787684437.667624,serverless,30.0,30.0,62.239,False,200,
1787684437.7009573,serverless,30.0,30.0,54.518,False,200,
1787684437.7342906,serverless,30.0,30.0,44.322,False,200,
1787684437.767624,serverless,30.0,30.0,57.276,False,200,
1787684437.8009572,serverless,30.0,30.0,42.825,False,200,
1787684437.8342907,serverless,30.0,30.0,58.986,False,200,
1787684437.867624,serverless,30.0,30.0,48.241,False,200,
1787684437.9009573,serverless,30.0,30.0,42.307,False,200,
1787684437.9342906,serverless,30.0,30.0,47.187,False,200,
1787684437.967624,serverless,30.0,30.0,66.383,False,200,
1787684438.0009573,serverless,30.0,30.0,45.894,False,200,
1787684438.0342906,serverless,30.0,30.0,57.582,False,200,
1787684438.0676239,serverless,30.0,30.0,48.021,False,200,
1787684438.1009574,serverless,30.0,30.0,42.125,False,200,
1787684438.1342907,serverless,30.0,30.0,37.964,False,200,
1787684438.167624,serverless,30.0,30.0,51.394,False,200,
1787684438.2009573,serverless,30.0,30.0,68.647,False,200,
1787684438.2342906,serverless,30.0,30.0,51.789,False,200,
1787684438.267624,serverless,30.0,30.0,48.174,False,200,
1787684438.3009572,serverless,30.0,30.0,52.688,False,200,
1787684438.3342907,serverless,30.0,30.0,45.894,False,200,
1787684438.367624,serverless,30.0,30.0,49.072,False,200,
1787684438.4009573,serverless,30.0,30.0,52.028,False,200,
1787684438.4342906,serverless,30.0,30.0,49.506,False,200,
1787684438.467624,serverless,30.0,30.0,56.208,False,200,
1787684438.5009573,serverless,30.0,30.0,31.713,False,200,
1787684438.5342906,serverless,30.0,30.0,62.03,False,200,
1787684438.5676239,serverless,30.0,30.0,60.367,False,200,
1787684438.6009574,serverless,30.0,30.0,55.412,False,200,
1787684438.6342907,serverless,30.0,30.0,54.929,False,200,
1787684438.667624,serverless,30.0,30.0,63.386,False,200,
1787684438.7009573,serverless,30.0,30.0,43.654,False,200,
1787684438.7342906,serverless,30.0,30.0,47.96,False,200,
1787684438.767624,serverless,30.0,30.0,41.863,False,200,
1787684438.8009572,serverless,30.0,30.0,45.284,False,200,
1787684438.8342907,serverless,30.0,30.0,52.421,False,200,
1787684438.867624,serverless,30.0,30.0,53.659,False,200,
1787684438.9009573,serverless,30.0,30.0,30.46,False,200,
1787684438.9342906,serverless,30.0,30.0,55.013,False,200,
1787684438.967624,serverless,30.0,30.0,40.727,False,200,
1787684439.0009573,serverless,30.0,30.0,55.769,False,200,
1787684439.0342906,serverless,30.0,30.0,36.944,False,200,
1787684439.0676239,serverless,30.0,30.0,38.854,False,200,
1787684439.1009574,serverless,30.0,30.0,52.217,False,200,
1787684439.1342907,serverless,30.0,30.0,68.96,False,200,
1787684439.167624,serverless,30.0,30.0,50.793,False,200,
1787684439.2009573,serverless,30.0,30.0,82.383,False,200,
1787684439.2342906,serverless,30.0,30.0,46.069,False,200,
1787684439.267624,serverless,30.0,30.0,56.447,False,200,
1787684439.3009572,serverless,30.0,30.0,50.66,False,200,
1787684439.3342907,serverless,30.0,30.0,66.401,False,200,
1787684439.367624,serverless,30.0,30.0,45.344,False,200,
1787684439.4009573,serverless,30.0,30.0,49.474,False,200,
1787684439.4342906,serverless,30.0,30.0,31.805,False,200,
1787684439.467624,serverless,30.0,30.0,40.859,False,200,
1787684439.5009573,serverless,30.0,30.0,55.907,False,200,
1787684439.5342906,serverless,30.0,30.0,48.337,False,200,
1787684439.5676239,serverless,30.0,30.0,44.462,False,200,
1787684439.6009574,serverless,30.0,30.0,86.098,False,200,
1787684439.6342907,serverless,30.0,30.0,60.554,False,200,
1787684439.667624,serverless,30.0,30.0,39.362,False,200,
1787684439.7009573,serverless,30.0,30.0,44.541,False,200,
1787684439.7342906,serverless,30.0,30.0,66.19,False,200,
1787684439.767624,serverless,30.0,30.0,50.041,False,200,
1787684439.8009572,serverless,30.0,30.0,56.731,False,200,
1787684439.8342907,serverless,30.0,30.0,36.71,False,200,
1787684439.867624,serverless,30.0,30.0,62.085,False,200,
1787684439.9009573,serverless,30.0,30.0,60.493,False,200,
1787684439.9342906,serverless,30.0,30.0,42.84,False,200,
1787684439.967624,serverless,30.0,30.0,55.299,False,200,
1787684440.0009573,serverless,30.0,30.0,50.823,False,200,
1787684440.0342906,serverless,30.0,30.0,45.514,False,200,
1787684440.0676239,serverless,30.0,30.0,47.514,False,200,
1787684440.1009574,serverless,30.0,30.0,48.17,False,200,
1787684440.1342907,serverless,30.0,30.0,49.645,False,200,
1787684440.167624,serverless,30.0,30.0,45.669,False,200,
1787684440.2009573,serverless,30.0,30.0,38.871,False,200,
1787684440.2342906,serverless,30.0,30.0,93.52,False,200,
1787684440.267624,serverless,30.0,30.0,35.639,False,200,
1787684440.3009572,serverless,30.0,30.0,37.402,False,200,
1787684440.3342907,serverless,30.0,30.0,48.628,False,200,
1787684440.367624,serverless,30.0,30.0,55.786,False,200,
1787684440.4009573,serverless,30.0,30.0,47.873,False,200,
1787684440.4342906,serverless,30.0,30.0,56.19,False,200,
1787684440.467624,serverless,30.0,30.0,35.54,False,200,
1787684440.5009573,serverless,30.0,30.0,28.671,False,200,
1787684440.5342906,serverless,30.0,30.0,50.464,False,200,
1787684440.5676239,serverless,30.0,30.0,65.472,False,200,
1787684440.6009574,serverless,30.0,30.0,61.482,False,200,
1787684440.6342907,serverless,30.0,30.0,69.093,False,200,
1787684440.667624,serverless,30.0,30.0,40.357,False,200,
1787684440.7009573,serverless,30.0,30.0,67.376,False,200,
1787684440.7342906,serverless,30.0,30.0,46.542,False,200,
1787684440.767624,serverless,30.0,30.0,61.104,False,200,
1787684440.8009572,serverless,30.0,30.0,47.295,False,200,
1787684440.8342907,serverless,30.0,30.0,33.747,False,200,
1787684440.867624,serverless,30.0,30.0,41.898,False,200,
1787684440.9009573,serverless,30.0,30.0,52.036,False,200,
1787684440.9342906,serverless,30.0,30.0,48.441,False,200,
1787684440.967624,serverless,30.0,30.0,58.559,False,200,
1787684441.0009573,serverless,30.0,30.0,48.09,False,200,
1787684441.0342906,serverless,30.0,30.0,45.556,False,200,
1787684441.0676239,serverless,30.0,30.0,34.389,False,200,
1787684441.1009574,serverless,30.0,30.0,42.777,False,200,
1787684441.1342907,serverless,30.0,30.0,44.386,False,200,
1787684441.167624,serverless,30.0,30.0,53.416,False,200,
1787684441.2009573,serverless,30.0,30.0,45.427,False,200,
1787684441.2342906,serverless,30.0,30.0,47.417,False,200,
1787684441.267624,serverless,30.0,30.0,49.883,False,200,
1787684441.3009572,serverless,30.0,30.0,50.878,False,200,
1787684441.3342907,serverless,30.0,30.0,40.491,False,200,
1787684441.367624,serverless,30.0,30.0,64.528,False,200,
1787684441.4009573,serverless,30.0,30.0,42.846,False,200,
1787684441.4342906,serverless,30.0,30.0,35.404,False,200,
1787684441.467624,serverless,30.0,30.0,47.851,False,200,
1787684441.5009573,serverless,30.0,30.0,44.569,False,200,
1787684441.5342906,serverless,30.0,30.0,64.58,False,200,
1787684441.5676239,serverless,30.0,30.0,48.281,False,200,
1787684441.6009574,serverless,30.0,30.0,42.886,False,200,
1787684441.6342907,serverless,30.0,30.0,58.315,False,200,
1787684441.667624,serverless,30.0,30.0,50.096,False,200,
1787684441.7009573,serverless,30.0,30.0,47.701,False,200,
1787684441.7342906,serverless,30.0,30.0,73.512,False,200,
1787684441.767624,serverless,30.0,30.0,49.161,False,200,
1787684441.8009572,serverless,30.0,30.0,58.025,False,200,
1787684441.8342907,serverless,30.0,30.0,61.693,False,200,
1787684441.867624,serverless,30.0,30.0,47.769,False,200,
1787684441.9009573,serverless,30.0,30.0,67.971,False,200,
1787684441.9342906,serverless,30.0,30.0,37.324,False,200,
1787684441.967624,serverless,30.0,30.0,54.994,False,200,
1787684442.0009573,serverless,30.0,30.0,70.805,False,200,
1787684442.0342906,serverless,30.0,30.0,45.401,False,200,
1787684442.0676239,serverless,30.0,30.0,55.401,False,200,
1787684442.1009574,serverless,30.0,30.0,53.523,False,200,
1787684442.1342907,serverless,30.0,30.0,70.402,False,200,
1787684442.167624,serverless,30.0,30.0,54.288,False,200,
1787684442.2009573,serverless,30.0,30.0,45.975,False,200,
1787684442.2342906,serverless,30.0,30.0,43.799,False,200,
1787684442.267624,serverless,30.0,30.0,44.786,False,200,
1787684442.3009572,serverless,30.0,30.0,43.436,False,200,
1787684442.3342907,serverless,30.0,30.0,43.389,False,200,
1787684442.367624,serverless,30.0,30.0,42.612,False,200,
1787684442.4009573,serverless,30.0,30.0,54.344,False,200,
1787684442.4342906,serverless,30.0,30.0,64.9,False,200,
1787684442.467624,serverless,30.0,30.0,47.288,False,200,
1787684442.5009573,serverless,30.0,30.0,39.749,False,200,
1787684442.5342906,serverless,30.0,30.0,58.318,False,200,
1787684442.5676239,serverless,30.0,30.0,55.676,False,200,
1787684442.6009574,serverless,30.0,30.0,73.782,False,200,
1787684442.6342907,serverless,30.0,30.0,67.862,False,200,
1787684442.667624,serverless,30.0,30.0,49.121,False,200,
1787684442.7009573,serverless,30.0,30.0,55.852,False,200,
1787684442.7342906,serverless,30.0,30.0,45.515,False,200,
1787684442.767624,serverless,30.0,30.0,53.304,False,200,
1787684442.8009572,serverless,30.0,30.0,34.926,False,200,
1787684442.8342907,serverless,30.0,30.0,58.635,False,200,
1787684442.867624,serverless,30.0,30.0,63.967,False,200,
1787684442.9009573,serverless,30.0,30.0,72.453,False,200,
1787684442.9342906,serverless,30.0,30.0,44.752,False,200,
1787684442.967624,serverless,30.0,30.0,70.184,False,200,
1787684443.0009573,serverless,30.0,30.0,50.894,False,200,
1787684443.0342906,serverless,30.0,30.0,42.604,False,200,
1787684443.0676239,serverless,30.0,30.0,53.076,False,200,
1787684443.1009574,serverless,30.0,30.0,38.177,False,200,
1787684443.1342907,serverless,30.0,30.0,37.846,False,200,
1787684443.167624,serverless,30.0,30.0,31.465,False,200,
1787684443.2009573,serverless,30.0,30.0,40.771,False,200,
1787684443.2342906,serverless,30.0,30.0,48.211,False,200,
1787684443.267624,serverless,30.0,30.0,52.532,False,200,
1787684443.3009572,serverless,30.0,30.0,49.795,False,200,
1787684443.3342907,serverless,30.0,30.0,45.214,False,200,
1787684443.367624,serverless,30.0,30.0,39.879,False,200,
1787684443.4009573,serverless,30.0,30.0,47.402,False,200,
1787684443.4342906,serverless,30.0,30.0,49.568,False,200,
1787684443.467624,serverless,30.0,30.0,79.312,False,200,
1787684443.5009573,serverless,30.0,30.0,41.156,False,200,
1787684443.5342906,serverless,30.0,30.0,55.23,False,200,
1787684443.5676239,serverless,30.0,30.0,51.825,False,200,
1787684443.6009574,serverless,30.0,30.0,43.651,False,200,
1787684443.6342907,serverless,30.0,30.0,73.927,False,200,
1787684443.667624,serverless,30.0,30.0,43.035,False,200,
1787684443.7009573,serverless,30.0,30.0,44.19,False,200,
1787684443.7342906,serverless,30.0,30.0,49.299,False,200,
1787684443.767624,serverless,30.0,30.0,56.737,False,200,
1787684443.8009572,serverless,30.0,30.0,42.44,False,200,
1787684443.8342907,serverless,30.0,30.0,37.068,False,200,
1787684443.867624,serverless,30.0,30.0,75.59,False,200,
1787684443.9009573,serverless,30.0,30.0,60.147,False,200,
1787684443.9342906,serverless,30.0,30.0,40.872,False,200,
1787684443.967624,serverless,30.0,30.0,47.238,False,200,
1787684444.0009573,serverless,30.0,30.0,56.41,False,200,
1787684444.0342906,serverless,30.0,30.0,63.793,False,200,
1787684444.0676239,serverless,30.0,30.0,52.824,False,200,
1787684444.1009574,serverless,30.0,30.0,75.46,False,200,
1787684444.1342907,serverless,30.0,30.0,58.911,False,200,
1787684444.167624,serverless,30.0,30.0,58.052,False,200,
1787684444.2009573,serverless,30.0,30.0,61.892,False,200,
1787684444.2342906,serverless,30.0,30.0,61.059,False,200,
1787684444.267624,serverless,30.0,30.0,52.496,False,200,
1787684444.3009572,serverless,30.0,30.0,57.808,False,200,
1787684444.3342907,serverless,30.0,30.0,47.163,False,200,
1787684444.367624,serverless,30.0,30.0,32.962,False,200,
1787684444.4009573,serverless,30.0,30.0,62.982,False,200,
1787684444.4342906,serverless,30.0,30.0,35.153,False,200,
1787684444.467624,serverless,30.0,30.0,38.457,False,200,
1787684444.5009573,serverless,30.0,30.0,45.196,False,200,
1787684444.5342906,serverless,30.0,30.0,58.003,False,200,
1787684444.5676239,serverless,30.0,30.0,44.575,False,200,
1787684444.6009574,serverless,30.0,30.0,59.828,False,200,
1787684444.6342907,serverless,30.0,30.0,63.093,False,200,
1787684444.667624,serverless,30.0,30.0,43.376,False,200,
1787684444.7009573,serverless,30.0,30.0,53.324,False,200,
1787684444.7342906,serverless,30.0,30.0,57.822,False,200,
1787684444.767624,serverless,30.0,30.0,64.645,False,200,
1787684444.8009572,serverless,30.0,30.0,42.133,False,200,
1787684444.8342907,serverless,30.0,30.0,50.948,False,200,
1787684444.867624,serverless,30.0,30.0,52.56,False,200,
1787684444.9009573,serverless,30.0,30.0,60.366,False,200,
1787684444.9342906,serverless,30.0,30.0,63.608,False,200,
1787684444.967624,serverless,30.0,30.0,70.786,False,200,
1787684445.0009573,serverless,30.0,30.0,63.621,False,200,
1787684445.0342906,serverless,30.0,30.0,47.643,False,200,
1787684445.0676239,serverless,30.0,30.0,33.96,False,200,
1787684445.1009574,serverless,30.0,30.0,57.249,False,200,
1787684445.1342907,serverless,30.0,30.0,45.069,False,200,
1787684445.167624,serverless,30.0,30.0,42.606,False,200,
1787684445.2009573,serverless,30.0,30.0,45.213,False,200,
1787684445.2342906,serverless,30.0,30.0,61.786,False,200,
1787684445.267624,serverless,30.0,30.0,38.28,False,200,
1787684445.3009572,serverless,30.0,30.0,41.719,False,200,
1787684445.3342907,serverless,30.0,30.0,51.19,False,200,
1787684445.367624,serverless,30.0,30.0,46.243,False,200,
1787684445.4009573,serverless,30.0,30.0,42.668,False,200,
1787684445.4342906,serverless,30.0,30.0,37.587,False,200,
1787684445.467624,serverless,30.0,30.0,38.717,False,200,
1787684445.5009573,serverless,30.0,30.0,86.908,False,200,
1787684445.5342906,serverless,30.0,30.0,57.656,False,200,
1787684445.5676239,serverless,30.0,30.0,35.893,False,200,
1787684445.6009574,serverless,30.0,30.0,53.835,False,200,
1787684445.6342907,serverless,30.0,30.0,48.45,False,200,
1787684445.667624,serverless,30.0,30.0,54.361,False,200,
1787684445.7009573,serverless,30.0,30.0,55.047,False,200,
1787684445.7342906,serverless,30.0,30.0,52.73,False,200,
1787684445.767624,serverless,30.0,30.0,49.805,False,200,
1787684445.8009572,serverless,30.0,30.0,56.922,False,200,
1787684445.8342907,serverless,30.0,30.0,69.512,False,200,
1787684445.867624,serverless,30.0,30.0,56.782,False,200,
1787684445.9009573,serverless,30.0,30.0,41.648,False,200,
1787684445.9342906,serverless,30.0,30.0,51.331,False,200,
1787684445.967624,serverless,30.0,30.0,60.843,False,200,
1787684446.0009573,serverless,30.0,30.0,52.246,False,200,
1787684446.0342906,serverless,30.0,30.0,53.21,False,200,
1787684446.0676239,serverless,30.0,30.0,45.118,False,200,
1787684446.1009574,serverless,30.0,30.0,43.852,False,200,
1787684446.1342907,serverless,30.0,30.0,52.042,False,200,
1787684446.167624,serverless,30.0,30.0,48.061,False,200,
1787684446.2009573,serverless,30.0,30.0,43.024,False,200,
1787684446.2342906,serverless,30.0,30.0,62.595,False,200,
1787684446.267624,serverless,30.0,30.0,60.961,False,200,
1787684446.3009572,serverless,30.0,30.0,35.587,False,200,
1787684446.3342907,serverless,30.0,30.0,67.494,False,200,
1787684446.367624,serverless,30.0,30.0,57.904,False,200,
1787684446.4009573,serverless,30.0,30.0,1100.016,True,200,
1787684446.4342906,serverless,30.0,30.0,49.106,False,200,
1787684446.467624,serverless,30.0,30.0,59.553,False,200,
1787684446.5009573,serverless,30.0,30.0,39.973,False,200,
1787684446.5342906,serverless,30.0,30.0,66.307,False,200,
1787684446.5676239,serverless,30.0,30.0,49.292,False,200,
1787684446.6009574,serverless,30.0,30.0,40.62,False,200,
1787684446.6342907,serverless,30.0,30.0,56.087,False,200,
1787684446.667624,serverless,30.0,30.0,52.827,False,200,
1787684446.7009573,serverless,30.0,30.0,49.281,False,200,
1787684446.7342906,serverless,30.0,30.0,57.895,False,200,
1787684446.767624,serverless,30.0,30.0,36.103,False,200,
1787684446.8009572,serverless,30.0,30.0,62.44,False,200,
1787684446.8342907,serverless,30.0,30.0,41.254,False,200,
1787684446.867624,serverless,30.0,30.0,51.15,False,200,
1787684446.9009573,serverless,30.0,30.0,54.87,False,200,
1787684446.9342906,serverless,30.0,30.0,68.816,False,200,
1787684446.967624,serverless,30.0,30.0,39.596,False,200,
1787684447.0009573,serverless,30.0,30.0,67.126,False,200,
1787684447.0342906,serverless,30.0,30.0,49.774,False,200,
1787684447.0676239,serverless,30.0,30.0,88.554,False,200,
1787684447.1009574,serverless,30.0,30.0,49.182,False,200,
1787684447.1342907,serverless,30.0,30.0,32.269,False,200,
1787684447.167624,serverless,30.0,30.0,56.664,False,200,
1787684447.2009573,serverless,30.0,30.0,38.596,False,200,
1787684447.2342906,serverless,30.0,30.0,56.412,False,200,
1787684447.267624,serverless,30.0,30.0,54.406,False,200,
1787684447.3009572,serverless,30.0,30.0,54.281,False,200,
1787684447.3342907,serverless,30.0,30.0,38.264,False,200,
1787684447.367624,serverless,30.0,30.0,31.998,False,200,
1787684447.4009573,serverless,30.0,30.0,48.095,False,200,
1787684447.4342906,serverless,30.0,30.0,48.158,False,200,
1787684447.467624,serverless,30.0,30.0,78.483,False,200,
1787684447.5009573,serverless,30.0,30.0,39.083,False,200,
1787684447.5342906,serverless,30.0,30.0,48.62,False,200,
1787684447.5676239,serverless,30.0,30.0,43.824,False,200,
1787684447.6009574,serverless,30.0,30.0,58.226,False,200,
1787684447.6342907,serverless,30.0,30.0,46.923,False,200,
1787684447.667624,serverless,30.0,30.0,44.762,False,200,
1787684447.7009573,serverless,30.0,30.0,47.463,False,200,
1787684447.7342906,serverless,30.0,30.0,57.44,False,200,
1787684447.767624,serverless,30.0,30.0,49.153,False,200,
1787684447.8009572,serverless,30.0,30.0,36.838,False,200,
1787684447.8342907,serverless,30.0,30.0,56.094,False,200,
1787684447.867624,serverless,30.0,30.0,40.708,False,200,
1787684447.9009573,serverless,30.0,30.0,37.472,False,200,
1787684447.9342906,serverless,30.0,30.0,38.453,False,200,
1787684447.967624,serverless,30.0,30.0,70.269,False,200,
1787684448.0009573,serverless,30.0,30.0,44.441,False,200,
1787684448.0342906,serverless,30.0,30.0,59.079,False,200,
1787684448.0676239,serverless,30.0,30.0,40.807,False,200,
1787684448.1009574,serverless,30.0,30.0,46.255,False,200,
1787684448.1342907,serverless,30.0,30.0,46.86,False,200,
1787684448.167624,serverless,30.0,30.0,50.786,False,200,
1787684448.2009573,serverless,30.0,30.0,57.771,False,200,
1787684448.2342906,serverless,30.0,30.0,60.375,False,200,
1787684448.267624,serverless,30.0,30.0,37.985,False,200,
1787684448.3009572,serverless,30.0,30.0,45.296,False,200,
1787684448.3342907,serverless,30.0,30.0,38.91,False,200,
1787684448.367624,serverless,30.0,30.0,67.303,False,200,
1787684448.4009573,serverless,30.0,30.0,59.582,False,200,
1787684448.4342906,serverless,30.0,30.0,59.516,False,200,
1787684448.467624,serverless,30.0,30.0,44.246,False,200,
1787684448.5009573,serverless,30.0,30.0,77.526,False,200,
1787684448.5342906,serverless,30.0,30.0,39.117,False,200,
1787684448.5676239,serverless,30.0,30.0,48.623,False,200,
1787684448.6009574,serverless,30.0,30.0,36.107,False,200,
1787684448.6342907,serverless,30.0,30.0,60.086,False,200,
1787684448.667624,serverless,30.0,30.0,49.127,False,200,
1787684448.7009573,serverless,30.0,30.0,59.429,False,200,
1787684448.7342906,serverless,30.0,30.0,42.355,False,200,
1787684448.767624,serverless,30.0,30.0,38.774,False,200,
1787684448.8009572,serverless,30.0,30.0,40.215,False,200,
1787684448.8342907,serverless,30.0,30.0,48.436,False,200,
1787684448.867624,serverless,30.0,30.0,55.212,False,200,
1787684448.9009573,serverless,30.0,30.0,50.164,False,200,
1787684448.9342906,serverless,30.0,30.0,54.293,False,200,
1787684448.967624,serverless,30.0,30.0,53.503,False,200,
1787684449.0009573,serverless,30.0,30.0,56.163,False,200,
1787684449.0342906,serverless,30.0,30.0,40.796,False,200,
1787684449.0676239,serverless,30.0,30.0,52.213,False,200,
1787684449.1009574,serverless,30.0,30.0,58.12,False,200,
1787684449.1342907,serverless,30.0,30.0,37.861,False,200,
1787684449.167624,serverless,30.0,30.0,42.463,False,200,
1787684449.2009573,serverless,30.0,30.0,42.427,False,200,
1787684449.2342906,serverless,30.0,30.0,48.422,False,200,
1787684449.267624,serverless,30.0,30.0,52.958,False,200,
1787684449.3009572,serverless,30.0,30.0,52.891,False,200,
1787684449.3342907,serverless,30.0,30.0,39.692,False,200,
1787684449.367624,serverless,30.0,30.0,53.371,False,200,
1787684449.4009573,serverless,30.0,30.0,57.223,False,200,
1787684449.4342906,serverless,30.0,30.0,74.744,False,200,
1787684449.467624,serverless,30.0,30.0,52.444,False,200,
1787684449.5009573,serverless,30.0,30.0,48.361,False,200,
1787684449.5342906,serverless,30.0,30.0,41.198,False,200,
1787684449.5676239,serverless,30.0,30.0,56.863,False,200,
1787684449.6009574,serverless,30.0,30.0,48.574,False,200,
1787684449.6342907,serverless,30.0,30.0,45.228,False,200,
1787684449.667624,serverless,30.0,30.0,40.783,False,200,
1787684449.7009573,serverless,30.0,30.0,48.342,False,200,
1787684449.7342906,serverless,30.0,30.0,50.874,False,200,
1787684449.767624,serverless,30.0,30.0,25.423,False,200,
1787684449.8009572,serverless,30.0,30.0,39.795,False,200,
1787684449.8342907,serverless,30.0,30.0,53.153,False,200,
1787684449.867624,serverless,30.0,30.0,65.159,False,200,
1787684449.9009573,serverless,30.0,30.0,47.474,False,200,
1787684449.9342906,serverless,30.0,30.0,45.58,False,200,
1787684449.967624,serverless,30.0,30.0,50.433,False,200,
1787684450.0009573,serverless,30.0,30.0,41.789,False,200,
1787684450.0342906,serverless,30.0,30.0,51.521,False,200,
1787684450.0676239,serverless,30.0,30.0,37.929,False,200,
1787684450.1009574,serverless,30.0,30.0,57.5,False,200,
1787684450.1342907,serverless,30.0,30.0,65.862,False,200,
1787684450.167624,serverless,30.0,30.0,64.101,False,200,
1787684450.2009573,serverless,30.0,30.0,62.27,False,200,
1787684450.2342906,serverless,30.0,30.0,45.769,False,200,
1787684450.267624,serverless,30.0,30.0,35.767,False,200,
1787684450.3009572,serverless,30.0,30.0,61.921,False,200,
1787684450.3342907,serverless,30.0,30.0,42.65,False,200,
1787684450.367624,serverless,30.0,30.0,45.496,False,200,
1787684450.4009573,serverless,30.0,30.0,49.837,False,200,
1787684450.4342906,serverless,30.0,30.0,42.739,False,200,
1787684450.467624,serverless,30.0,30.0,38.99,False,200,
1787684450.5009573,serverless,30.0,30.0,53.362,False,200,
1787684450.5342906,serverless,30.0,30.0,36.496,False,200,
1787684450.5676239,serverless,30.0,30.0,62.852,False,200,
1787684450.6009574,serverless,30.0,30.0,39.507,False,200,
1787684450.6342907,serverless,30.0,30.0,59.192,False,200,
1787684450.667624,serverless,30.0,30.0,54.373,False,200,
1787684450.7009573,serverless,30.0,30.0,65.28,False,200,
1787684450.7342906,serverless,30.0,30.0,48.766,False,200,
1787684450.767624,serverless,30.0,30.0,49.667,False,200,
1787684450.8009572,serverless,30.0,30.0,67.541,False,200,
1787684450.8342907,serverless,30.0,30.0,48.709,False,200,
1787684450.867624,serverless,30.0,30.0,45.076,False,200,
1787684450.9009573,serverless,30.0,30.0,48.999,False,200,
1787684450.9342906,serverless,30.0,30.0,52.95,False,200,
1787684450.967624,serverless,30.0,30.0,70.404,False,200,
1787684451.0009573,serverless,30.0,30.0,47.556,False,200,
1787684451.0342906,serverless,30.0,30.0,45.564,False,200,
1787684451.0676239,serverless,30.0,30.0,60.997,False,200,
1787684451.1009574,serverless,30.0,30.0,47.594,False,200,
1787684451.1342907,serverless,30.0,30.0,49.879,False,200,
1787684451.167624,serverless,30.0,30.0,43.542,False,200,
1787684451.2009573,serverless,30.0,30.0,42.354,False,200,
1787684451.2342906,serverless,30.0,30.0,44.419,False,200,
1787684451.267624,serverless,30.0,30.0,47.861,False,200,
1787684451.3009572,serverless,30.0,30.0,55.673,False,200,
1787684451.3342907,serverless,30.0,30.0,60.408,False,200,
1787684451.367624,serverless,30.0,30.0,40.334,False,200,
1787684451.4009573,serverless,30.0,30.0,48.036,False,200,
1787684451.4342906,serverless,30.0,30.0,37.978,False,200,
1787684451.467624,serverless,30.0,30.0,47.273,False,200,
1787684451.5009573,serverless,30.0,30.0,50.683,False,200,
1787684451.5342906,serverless,30.0,30.0,41.007,False,200,
1787684451.5676239,serverless,30.0,30.0,50.444,False,200,
1787684451.6009574,serverless,30.0,30.0,39.523,False,200,
1787684451.6342907,serverless,30.0,30.0,50.219,False,200,
1787684451.667624,serverless,30.0,30.0,40.622,False,200,
1787684451.7009573,serverless,30.0,30.0,42.653,False,200,
1787684451.7342906,serverless,30.0,30.0,45.586,False,200,
1787684451.767624,serverless,30.0,30.0,45.319,False,200,
1787684451.8009572,serverless,30.0,30.0,38.579,False,200,
1787684451.8342907,serverless,30.0,30.0,47.418,False,200,
1787684451.867624,serverless,30.0,30.0,41.127,False,200,
1787684451.9009573,serverless,30.0,30.0,53.15,False,200,
1787684451.9342906,serverless,30.0,30.0,40.62,False,200,
1787684451.967624,serverless,30.0,30.0,40.904,False,200,
1787684452.0009573,serverless,30.0,30.0,51.121,False,200,
1787684452.0342906,serverless,30.0,30.0,45.046,False,200,
1787684452.0676239,serverless,30.0,30.0,55.832,False,200,
1787684452.1009574,serverless,30.0,30.0,56.586,False,200,
1787684452.1342907,serverless,30.0,30.0,71.714,False,200,
1787684452.167624,serverless,30.0,30.0,72.102,False,200,
1787684452.2009573,serverless,30.0,30.0,54.928,False,200,
1787684452.2342906,serverless,30.0,30.0,60.137,False,200,
1787684452.267624,serverless,30.0,30.0,49.518,False,200,
1787684452.3009572,serverless,30.0,30.0,51.31,False,200,
1787684452.3342907,serverless,30.0,30.0,51.154,False,200,
1787684452.367624,serverless,30.0,30.0,45.576,False,200,
1787684452.4009573,serverless,30.0,30.0,42.792,False,200,
1787684452.4342906,serverless,30.0,30.0,54.926,False,200,
1787684452.467624,serverless,30.0,30.0,72.987,False,200,
1787684452.5009573,serverless,30.0,30.0,49.096,False,200,
1787684452.5342906,serverless,30.0,30.0,47.361,False,200,
1787684452.5676239,serverless,30.0,30.0,51.966,False,200,
1787684452.6009574,serverless,30.0,30.0,34.031,False,200,
1787684452.6342907,serverless,30.0,30.0,45.854,False,200,
1787684452.667624,serverless,30.0,30.0,51.252,False,200,
1787684452.7009573,serverless,30.0,30.0,43.222,False,200,
1787684452.7342906,serverless,30.0,30.0,29.257,False,200,
1787684452.767624,serverless,30.0,30.0,59.059,False,200,
1787684452.8009572,serverless,30.0,30.0,47.568,False,200,
1787684452.8342907,serverless,30.0,30.0,39.177,False,200,
1787684452.867624,serverless,30.0,30.0,45.041,False,200,
1787684452.9009573,serverless,30.0,30.0,48.934,False,200,
1787684452.9342906,serverless,30.0,30.0,59.684,False,200,
1787684452.967624,serverless,30.0,30.0,34.264,False,200,
1787684453.0009573,serverless,30.0,30.0,56.014,False,200,
1787684453.0342906,serverless,30.0,30.0,40.241,False,200,
1787684453.0676239,serverless,30.0,30.0,48.497,False,200,
1787684453.1009574,serverless,30.0,30.0,38.794,False,200,
1787684453.1342907,serverless,30.0,30.0,43.729,False,200,
1787684453.167624,serverless,30.0,30.0,53.443,False,200,
1787684453.2009573,serverless,30.0,30.0,35.373,False,200,
1787684453.2342906,serverless,30.0,30.0,65.158,False,200,
1787684453.267624,serverless,30.0,30.0,39.161,False,200,
1787684453.3009572,serverless,30.0,30.0,1010.416,True,200,
1787684453.3342907,serverless,30.0,30.0,45.742,False,200,
1787684453.367624,serverless,30.0,30.0,54.688,False,200,
1787684453.4009573,serverless,30.0,30.0,47.189,False,200,
1787684453.4342906,serverless,30.0,30.0,56.4,False,200,
1787684453.467624,serverless,30.0,30.0,45.054,False,200,
1787684453.5009573,serverless,30.0,30.0,39.291,False,200,
1787684453.5342906,serverless,30.0,30.0,48.821,False,200,
1787684453.5676239,serverless,30.0,30.0,49.265,False,200,
1787684453.6009574,serverless,30.0,30.0,39.379,False,200,
1787684453.6342907,serverless,30.0,30.0,67.165,False,200,
1787684453.667624,serverless,30.0,30.0,45.157,False,200,
1787684453.7009573,serverless,30.0,30.0,53.899,False,200,
1787684453.7342906,serverless,30.0,30.0,54.523,False,200,
1787684453.767624,serverless,30.0,30.0,53.405,False,200,
1787684453.8009572,serverless,30.0,30.0,44.865,False,200,
1787684453.8342907,serverless,30.0,30.0,76.227,False,200,
1787684453.867624,serverless,30.0,30.0,42.117,False,200,
1787684453.9009573,serverless,30.0,30.0,36.032,False,200,
1787684453.9342906,serverless,30.0,30.0,37.897,False,200,
1787684453.967624,serverless,30.0,30.0,53.437,False,200,
1787684454.0009573,serverless,30.0,30.0,41.138,False,200,
1787684454.0342906,serverless,30.0,30.0,48.733,False,200,
1787684454.0676239,serverless,30.0,30.0,45.857,False,200,
1787684454.1009574,serverless,30.0,30.0,43.622,False,200,
1787684454.1342907,serverless,30.0,30.0,37.721,False,200,
1787684454.167624,serverless,30.0,30.0,63.088,False,200,
1787684454.2009573,serverless,30.0,30.0,41.944,False,200,
1787684454.2342906,serverless,30.0,30.0,53.567,False,200,
1787684454.267624,serverless,30.0,30.0,61.394,False,200,
1787684454.3009572,serverless,30.0,30.0,60.23,False,200,
1787684454.3342907,serverless,30.0,30.0,48.791,False,200,
1787684454.367624,serverless,30.0,30.0,66.124,False,200,
1787684454.4009573,serverless,30.0,30.0,69.77,False,200,
1787684454.4342906,serverless,30.0,30.0,36.53,False,200,
1787684454.467624,serverless,30.0,30.0,45.245,False,200,
1787684454.5009573,serverless,30.0,30.0,52.704,False,200,
1787684454.5342906,serverless,30.0,30.0,43.958,False,200,
1787684454.5676239,serverless,30.0,30.0,52.843,False,200,
1787684454.6009574,serverless,30.0,30.0,47.656,False,200,
1787684454.6342907,serverless,30.0,30.0,55.453,False,200,
1787684454.667624,serverless,30.0,30.0,41.872,False,200,
1787684454.7009573,serverless,30.0,30.0,55.332,False,200,
1787684454.7342906,serverless,30.0,30.0,43.648,False,200,
1787684454.767624,serverless,30.0,30.0,35.597,False,200,
1787684454.8009572,serverless,30.0,30.0,41.901,False,200,
1787684454.8342907,serverless,30.0,30.0,39.947,False,200,
1787684454.867624,serverless,30.0,30.0,68.28,False,200,
1787684454.9009573,serverless,30.0,30.0,46.743,False,200,
1787684454.9342906,serverless,30.0,30.0,48.134,False,200,
1787684454.967624,serverless,30.0,30.0,43.114,False,200,
1787684455.0009573,serverless,30.0,30.0,1500.253,True,200,
1787684455.0342906,serverless,30.0,30.0,44.326,False,200,
1787684455.0676239,serverless,30.0,30.0,68.425,False,200,
1787684455.1009574,serverless,30.0,30.0,59.562,False,200,
1787684455.1342907,serverless,30.0,30.0,50.801,False,200,
1787684455.167624,serverless,30.0,30.0,58.045,False,200,
1787684455.2009573,serverless,30.0,30.0,48.388,False,200,
1787684455.2342906,serverless,30.0,30.0,60.742,False,200,
1787684455.267624,serverless,30.0,30.0,41.532,False,200,
1787684455.3009572,serverless,30.0,30.0,57.059,False,200,
1787684455.3342907,serverless,30.0,30.0,41.174,False,200,
1787684455.367624,serverless,30.0,30.0,47.032,False,200,
1787684455.4009573,serverless,30.0,30.0,45.363,False,200,
1787684455.4342906,serverless,30.0,30.0,57.998,False,200,
1787684455.467624,serverless,30.0,30.0,37.792,False,200,
1787684455.5009573,serverless,30.0,30.0,44.186,False,200,
1787684455.5342906,serverless,30.0,30.0,47.301,False,200,
1787684455.5676239,serverless,30.0,30.0,45.885,False,200,
1787684455.6009574,serverless,30.0,30.0,43.485,False,200,
1787684455.6342907,serverless,30.0,30.0,39.028,False,200,
1787684455.667624,serverless,30.0,30.0,47.384,False,200,
1787684455.7009573,serverless,30.0,30.0,59.823,False,200,
1787684455.7342906,serverless,30.0,30.0,52.733,False,200,
1787684455.767624,serverless,30.0,30.0,52.511,False,200,
1787684455.8009572,serverless,30.0,30.0,47.563,False,200,
1787684455.8342907,serverless,30.0,30.0,40.46,False,200,
1787684455.867624,serverless,30.0,30.0,45.606,False,200,
1787684455.9009573,serverless,30.0,30.0,49.916,False,200,
1787684455.9342906,serverless,30.0,30.0,37.959,False,200,
1787684455.967624,serverless,30.0,30.0,49.044,False,200,
1787684456.0009573,serverless,30.0,30.0,39.65,False,200,
1787684456.0342906,serverless,30.0,30.0,43.837,False,200,
1787684456.0676239,serverless,30.0,30.0,73.694,False,200,
1787684456.1009574,serverless,30.0,30.0,57.401,False,200,
1787684456.1342907,serverless,30.0,30.0,43.086,False,200,
1787684456.167624,serverless,30.0,30.0,47.706,False,200,
1787684456.2009573,serverless,30.0,30.0,66.329,False,200,
1787684456.2342906,serverless,30.0,30.0,770.068,True,200,
1787684456.267624,serverless,30.0,30.0,40.494,False,200,
1787684456.3009572,serverless,30.0,30.0,44.724,False,200,
1787684456.3342907,serverless,30.0,30.0,46.454,False,200,
1787684456.367624,serverless,30.0,30.0,43.637,False,200,
1787684456.4009573,serverless,30.0,30.0,51.002,False,200,
1787684456.4342906,serverless,30.0,30.0,42.6,False,200,
1787684456.467624,serverless,30.0,30.0,37.429,False,200,
1787684456.5009573,serverless,30.0,30.0,45.381,False,200,
1787684456.5342906,serverless,30.0,30.0,64.362,False,200,
1787684456.5676239,serverless,30.0,30.0,47.52,False,200,
1787684456.6009574,serverless,30.0,30.0,40.029,False,200,
1787684456.6342907,serverless,30.0,30.0,62.695,False,200,
1787684456.667624,serverless,30.0,30.0,66.521,False,200,
1787684456.7009573,serverless,30.0,30.0,39.134,False,200,
1787684456.7342906,serverless,30.0,30.0,46.409,False,200,
1787684456.767624,serverless,30.0,30.0,84.816,False,200,
1787684456.8009572,serverless,30.0,30.0,52.212,False,200,
1787684456.8342907,serverless,30.0,30.0,61.937,False,200,
1787684456.867624,serverless,30.0,30.0,47.274,False,200,
1787684456.9009573,serverless,30.0,30.0,49.7,False,200,
1787684456.9342906,serverless,30.0,30.0,67.846,False,200,
1787684456.967624,serverless,30.0,30.0,53.62,False,200,
1787684457.0009573,serverless,30.0,30.0,48.928,False,200,
1787684457.0342906,serverless,30.0,30.0,57.245,False,200,
1787684457.0676239,serverless,30.0,30.0,40.51,False,200,
1787684457.1009574,serverless,30.0,30.0,43.749,False,200,
1787684457.1342907,serverless,30.0,30.0,77.084,False,200,
1787684457.167624,serverless,30.0,30.0,50.054,False,200,
1787684457.2009573,serverless,30.0,30.0,60.369,False,200,
1787684457.2342906,serverless,30.0,30.0,47.29,False,200,
1787684457.267624,serverless,30.0,30.0,50.616,False,200,
1787684457.3009572,serverless,30.0,30.0,29.793,False,200,
1787684457.3342907,serverless,30.0,30.0,55.046,False,200,
1787684457.367624,serverless,30.0,30.0,43.937,False,200,
1787684457.4009573,serverless,30.0,30.0,44.155,False,200,
1787684457.4342906,serverless,30.0,30.0,66.959,False,200,
1787684457.467624,serverless,30.0,30.0,44.973,False,200,
1787684457.5009573,serverless,30.0,30.0,47.828,False,200,
1787684457.5342906,serverless,30.0,30.0,38.301,False,200,
1787684457.5676239,serverless,30.0,30.0,42.096,False,200,
1787684457.6009574,serverless,30.0,30.0,48.104,False,200,
1787684457.6342907,serverless,30.0,30.0,46.029,False,200,
1787684457.667624,serverless,30.0,30.0,63.54,False,200,
1787684457.7009573,serverless,30.0,30.0,51.064,False,200,
1787684457.7342906,serverless,30.0,30.0,37.579,False,200,
1787684457.767624,serverless,30.0,30.0,48.899,False,200,
1787684457.8009572,serverless,30.0,30.0,60.955,False,200,
1787684457.8342907,serverless,30.0,30.0,72.208,False,200,
1787684457.867624,serverless,30.0,30.0,66.038,False,200,
1787684457.9009573,serverless,30.0,30.0,52.523,False,200,
1787684457.9342906,serverless,30.0,30.0,40.916,False,200,
1787684457.967624,serverless,30.0,30.0,49.348,False,200,
1787684458.0009573,serverless,30.0,30.0,44.518,False,200,
1787684458.0342906,serverless,30.0,30.0,53.627,False,200,
1787684458.0676239,serverless,30.0,30.0,52.222,False,200,
1787684458.1009574,serverless,30.0,30.0,48.732,False,200,
1787684458.1342907,serverless,30.0,30.0,64.537,False,200,
1787684458.167624,serverless,30.0,30.0,53.351,False,200,
1787684458.2009573,serverless,30.0,30.0,34.533,False,200,
1787684458.2342906,serverless,30.0,30.0,57.68,False,200,
1787684458.267624,serverless,30.0,30.0,51.173,False,200,
1787684458.3009572,serverless,30.0,30.0,45.309,False,200,
1787684458.3342907,serverless,30.0,30.0,61.44,False,200,
1787684458.367624,serverless,30.0,30.0,58.354,False,200,
1787684458.4009573,serverless,30.0,30.0,42.791,False,200,
1787684458.4342906,serverless,30.0,30.0,59.015,False,200,
1787684458.467624,serverless,30.0,30.0,57.372,False,200,
1787684458.5009573,serverless,30.0,30.0,64.489,False,200,
1787684458.5342906,serverless,30.0,30.0,40.099,False,200,
1787684458.5676239,serverless,30.0,30.0,58.537,False,200,
1787684458.6009574,serverless,30.0,30.0,56.486,False,200,
1787684458.6342907,serverless,30.0,30.0,52.973,False,200,
1787684458.667624,serverless,30.0,30.0,41.468,False,200,
1787684458.7009573,serverless,30.0,30.0,46.632,False,200,
1787684458.7342906,serverless,30.0,30.0,51.134,False,200,
1787684458.767624,serverless,30.0,30.0,38.202,False,200,
1787684458.8009572,serverless,30.0,30.0,47.814,False,200,
1787684458.8342907,serverless,30.0,30.0,49.89,False,200,
1787684458.867624,serverless,30.0,30.0,47.392,False,200,
1787684458.9009573,serverless,30.0,30.0,50.11,False,200,
1787684458.9342906,serverless,30.0,30.0,70.141,False,200,
1787684458.967624,serverless,30.0,30.0,55.28,False,200,
1787684459.0009573,serverless,30.0,30.0,39.798,False,200,
1787684459.0342906,serverless,30.0,30.0,54.189,False,200,
1787684459.0676239,serverless,30.0,30.0,49.041,False,200,
1787684459.1009574,serverless,30.0,30.0,38.474,False,200,
1787684459.1342907,serverless,30.0,30.0,54.382,False,200,
1787684459.167624,serverless,30.0,30.0,61.694,False,200,
1787684459.2009573,serverless,30.0,30.0,35.539,False,200,
1787684459.2342906,serverless,30.0,30.0,47.282,False,200,
1787684459.267624,serverless,30.0,30.0,41.649,False,200,
1787684459.3009572,serverless,30.0,30.0,58.342,False,200,
1787684459.3342907,serverless,30.0,30.0,62.049,False,200,
1787684459.367624,serverless,30.0,30.0,47.852,False,200,
1787684459.4009573,serverless,30.0,30.0,40.239,False,200,
1787684459.4342906,serverless,30.0,30.0,59.947,False,200,
1787684459.467624,serverless,30.0,30.0,49.174,False,200,
1787684459.5009573,serverless,30.0,30.0,72.408,False,200,
1787684459.5342906,serverless,30.0,30.0,52.626,False,200,
1787684459.5676239,serverless,30.0,30.0,50.011,False,200,
1787684459.6009574,serverless,30.0,30.0,45.902,False,200,
1787684459.6342907,serverless,30.0,30.0,37.198,False,200,
1787684459.667624,serverless,30.0,30.0,42.321,False,200,
1787684459.7009573,serverless,30.0,30.0,58.532,False,200,
1787684459.7342906,serverless,30.0,30.0,58.286,False,200,
1787684459.767624,serverless,30.0,30.0,59.023,False,200,
1787684459.8009572,serverless,30.0,30.0,41.899,False,200,
1787684459.8342907,serverless,30.0,30.0,42.281,False,200,
1787684459.867624,serverless,30.0,30.0,48.052,False,200,
1787684459.9009573,serverless,30.0,30.0,62.765,False,200,
1787684459.9342906,serverless,30.0,30.0,41.142,False,200,
1787684459.967624,serverless,30.0,30.0,45.856,False,200,
1787684460.0009573,serverless,30.0,30.0,42.339,False,200,
1787684460.0342906,serverless,30.0,30.0,56.946,False,200,
1787684460.0676239,serverless,30.0,30.0,53.002,False,200,
1787684460.1009574,serverless,30.0,30.0,65.606,False,200,
1787684460.1342907,serverless,30.0,30.0,50.786,False,200,
1787684460.167624,serverless,30.0,30.0,55.068,False,200,
1787684460.2009573,serverless,30.0,30.0,56.574,False,200,
1787684460.2342906,serverless,30.0,30.0,62.923,False,200,
1787684460.267624,serverless,30.0,30.0,55.884,False,200,
1787684460.3009572,serverless,30.0,30.0,44.194,False,200,
1787684460.3342907,serverless,30.0,30.0,40.087,False,200,
1787684460.367624,serverless,30.0,30.0,42.894,False,200,
1787684460.4009573,serverless,30.0,30.0,784.377,True,200,
1787684460.4342906,serverless,30.0,30.0,37.925,False,200,
1787684460.467624,serverless,30.0,30.0,35.176,False,200,
1787684460.5009573,serverless,30.0,30.0,42.449,False,200,
1787684460.5342906,serverless,30.0,30.0,53.914,False,200,
1787684460.5676239,serverless,30.0,30.0,43.346,False,200,
1787684460.6009574,serverless,30.0,30.0,37.986,False,200,
1787684460.6342907,serverless,30.0,30.0,45.54,False,200,
1787684460.667624,serverless,30.0,30.0,66.293,False,200,
1787684460.7009573,serverless,30.0,30.0,57.106,False,200,
1787684460.7342906,serverless,30.0,30.0,70.116,False,200,
1787684460.767624,serverless,30.0,30.0,43.477,False,200,
1787684460.8009572,serverless,30.0,30.0,31.558,False,200,
1787684460.8342907,serverless,30.0,30.0,52.246,False,200,
1787684460.867624,serverless,30.0,30.0,39.354,False,200,
1787684460.9009573,serverless,30.0,30.0,40.779,False,200,
1787684460.9342906,serverless,30.0,30.0,41.613,False,200,
1787684460.967624,serverless,30.0,30.0,57.475,False,200,
1787684461.0009573,serverless,30.0,30.0,57.618,False,200,
1787684461.0342906,serverless,30.0,30.0,48.483,False,200,
1787684461.0676239,serverless,30.0,30.0,61.723,False,200,
1787684461.1009574,serverless,30.0,30.0,61.568,False,200,
1787684461.1342907,serverless,30.0,30.0,52.882,False,200,
1787684461.167624,serverless,30.0,30.0,51.67,False,200,
1787684461.2009573,serverless,30.0,30.0,49.949,False,200,
1787684461.2342906,serverless,30.0,30.0,62.233,False,200,
1787684461.267624,serverless,30.0,30.0,57.383,False,200,
1787684461.3009572,serverless,30.0,30.0,954.853,True,200,
1787684461.3342907,serverless,30.0,30.0,49.371,False,200,
1787684461.367624,serverless,30.0,30.0,53.149,False,200,
1787684461.4009573,serverless,30.0,30.0,40.784,False,200,
1787684461.4342906,serverless,30.0,30.0,52.565,False,200,
1787684461.467624,serverless,30.0,30.0,32.553,False,200,
1787684461.5009573,serverless,30.0,30.0,55.138,False,200,
1787684461.5342906,serverless,30.0,30.0,44.005,False,200,
1787684461.5676239,serverless,30.0,30.0,64.883,False,200,
1787684461.6009574,serverless,30.0,30.0,51.468,False,200,
1787684461.6342907,serverless,30.0,30.0,64.313,False,200,
1787684461.667624,serverless,30.0,30.0,54.499,False,200,
1787684461.7009573,serverless,30.0,30.0,56.224,False,200,
1787684461.7342906,serverless,30.0,30.0,41.289,False,200,
1787684461.767624,serverless,30.0,30.0,47.556,False,200,
1787684461.8009572,serverless,30.0,30.0,58.208,False,200,
1787684461.8342907,serverless,30.0,30.0,75.693,False,200,
1787684461.867624,serverless,30.0,30.0,47.329,False,200,
1787684461.9009573,serverless,30.0,30.0,47.295,False,200,
1787684461.9342906,serverless,30.0,30.0,45.814,False,200,
1787684461.967624,serverless,30.0,30.0,46.959,False,200,
1787684462.0009573,serverless,30.0,30.0,43.87,False,200,
1787684462.0342906,serverless,30.0,30.0,57.952,False,200,
1787684462.0676239,serverless,30.0,30.0,40.897,False,200,
1787684462.1009574,serverless,30.0,30.0,51.522,False,200,
1787684462.1342907,serverless,30.0,30.0,35.935,False,200,
1787684462.167624,serverless,30.0,30.0,30.006,False,200,
1787684462.2009573,serverless,30.0,30.0,68.114,False,200,
1787684462.2342906,serverless,30.0,30.0,37.716,False,200,
1787684462.267624,serverless,30.0,30.0,38.279,False,200,
1787684462.3009572,serverless,30.0,30.0,34.049,False,200,
1787684462.3342907,serverless,30.0,30.0,39.593,False,200,
1787684462.367624,serverless,30.0,30.0,49.888,False,200,
1787684462.4009573,serverless,30.0,30.0,51.43,False,200,
1787684462.4342906,serverless,30.0,30.0,47.106,False,200,
1787684462.467624,serverless,30.0,30.0,45.749,False,200,
1787684462.5009573,serverless,30.0,30.0,77.091,False,200,
1787684462.5342906,serverless,30.0,30.0,62.859,False,200,
1787684462.5676239,serverless,30.0,30.0,64.607,False,200,
1787684462.6009574,serverless,30.0,30.0,58.358,False,200,
1787684462.6342907,serverless,30.0,30.0,53.286,False,200,
1787684462.667624,serverless,30.0,30.0,55.815,False,200,
1787684462.7009573,serverless,30.0,30.0,52.996,False,200,
1787684462.7342906,serverless,30.0,30.0,51.083,False,200,
1787684462.767624,serverless,30.0,30.0,43.213,False,200,
1787684462.8009572,serverless,30.0,30.0,41.512,False,200,
1787684462.8342907,serverless,30.0,30.0,57.956,False,200,
1787684462.867624,serverless,30.0,30.0,50.106,False,200,
1787684462.9009573,serverless,30.0,30.0,46.15,False,200,
1787684462.9342906,serverless,30.0,30.0,46.736,False,200,
1787684462.967624,serverless,30.0,30.0,61.474,False,200,
1787684463.0009573,serverless,30.0,30.0,57.061,False,200,
1787684463.0342906,serverless,30.0,30.0,68.861,False,200,
1787684463.0676239,serverless,30.0,30.0,72.54,False,200,
1787684463.1009574,serverless,30.0,30.0,61.39,False,200,
1787684463.1342907,serverless,30.0,30.0,38.809,False,200,
1787684463.167624,serverless,30.0,30.0,59.297,False,200,
1787684463.2009573,serverless,30.0,30.0,36.221,False,200,
1787684463.2342906,serverless,30.0,30.0,41.494,False,200,
1787684463.267624,serverless,30.0,30.0,38.742,False,200,
1787684463.3009572,serverless,30.0,30.0,61.583,False,200,
1787684463.3342907,serverless,30.0,30.0,49.682,False,200,
1787684463.367624,serverless,30.0,30.0,56.4,False,200,
1787684463.4009573,serverless,30.0,30.0,60.778,False,200,
1787684463.4342906,serverless,30.0,30.0,55.423,False,200,
1787684463.467624,serverless,30.0,30.0,51.528,False,200,
1787684463.5009573,serverless,30.0,30.0,56.904,False,200,
1787684463.5342906,serverless,30.0,30.0,48.884,False,200,
1787684463.5676239,serverless,30.0,30.0,46.161,False,200,
1787684463.6009574,serverless,30.0,30.0,51.18,False,200,
1787684463.6342907,serverless,30.0,30.0,42.254,False,200,
1787684463.667624,serverless,30.0,30.0,58.269,False,200,
1787684463.7009573,serverless,30.0,30.0,42.576,False,200,
1787684463.7342906,serverless,30.0,30.0,40.213,False,200,
1787684463.767624,serverless,30.0,30.0,44.555,False,200,
1787684463.8009572,serverless,30.0,30.0,48.505,False,200,
1787684463.8342907,serverless,30.0,30.0,46.555,False,200,
1787684463.867624,serverless,30.0,30.0,55.007,False,200,
1787684463.9009573,serverless,30.0,30.0,55.512,False,200,
1787684463.9342906,serverless,30.0,30.0,44.544,False,200,
1787684463.967624,serverless,30.0,30.0,89.769,False,200,
1787684464.0009573,serverless,30.0,30.0,51.928,False,200,
1787684464.0342906,serverless,30.0,30.0,44.211,False,200,
1787684464.0676239,serverless,30.0,30.0,69.915,False,200,
1787684464.1009574,serverless,30.0,30.0,49.568,False,200,
1787684464.1342907,serverless,30.0,30.0,75.377,False,200,
1787684464.167624,serverless,30.0,30.0,48.876,False,200,
1787684464.2009573,serverless,30.0,30.0,54.561,False,200,
1787684464.2342906,serverless,30.0,30.0,42.947,False,200,
1787684464.267624,serverless,30.0,30.0,57.267,False,200,
1787684464.3009572,serverless,30.0,30.0,48.025,False,200,
1787684464.3342907,serverless,30.0,30.0,71.003,False,200,
1787684464.367624,serverless,30.0,30.0,43.518,False,200,
1787684464.4009573,serverless,30.0,30.0,61.371,False,200,
1787684464.4342906,serverless,30.0,30.0,44.337,False,200,
1787684464.467624,serverless,30.0,30.0,71.478,False,200,
1787684464.5009573,serverless,30.0,30.0,61.181,False,200,
1787684464.5342906,serverless,30.0,30.0,42.379,False,200,
1787684464.5676239,serverless,30.0,30.0,60.57,False,200,
1787684464.6009574,serverless,30.0,30.0,49.711,False,200,
1787684464.6342907,serverless,30.0,30.0,53.381,False,200,
1787684464.667624,serverless,30.0,30.0,65.581,False,200,
1787684464.7009573,serverless,30.0,30.0,47.626,False,200,
1787684464.7342906,serverless,30.0,30.0,51.469,False,200,
1787684464.767624,serverless,30.0,30.0,58.729,False,200,
1787684464.8009572,serverless,30.0,30.0,42.568,False,200,
1787684464.8342907,serverless,30.0,30.0,43.699,False,200,
1787684464.867624,serverless,30.0,30.0,39.083,False,200,
1787684464.9009573,serverless,30.0,30.0,38.84,False,200,
1787684464.9342906,serverless,30.0,30.0,39.342,False,200,
1787684464.967624,serverless,30.0,30.0,49.557,False,200,
1787684465.0009573,serverless,30.0,30.0,44.774,False,200,
1787684465.0342906,serverless,30.0,30.0,31.743,False,200,
1787684465.0676239,serverless,30.0,30.0,43.497,False,200,
1787684465.1009574,serverless,30.0,30.0,63.447,False,200,
1787684465.1342907,serverless,30.0,30.0,51.197,False,200,
1787684465.167624,serverless,30.0,30.0,66.645,False,200,
1787684465.2009573,serverless,30.0,30.0,58.501,False,200,
1787684465.2342906,serverless,30.0,30.0,54.069,False,200,
1787684465.267624,serverless,30.0,30.0,42.926,False,200,
1787684465.3009572,serverless,30.0,30.0,46.131,False,200,
1787684465.3342907,serverless,30.0,30.0,58.586,False,200,
1787684465.367624,serverless,30.0,30.0,43.746,False,200,
1787684465.4009573,serverless,30.0,30.0,46.209,False,200,
1787684465.4342906,serverless,30.0,30.0,45.213,False,200,
1787684465.467624,serverless,30.0,30.0,41.581,False,200,
1787684465.5009573,serverless,30.0,30.0,54.363,False,200,
1787684465.5342906,serverless,30.0,30.0,52.374,False,200,
1787684465.5676239,serverless,30.0,30.0,52.669,False,200,
1787684465.6009574,serverless,30.0,30.0,43.242,False,200,
1787684465.6342907,serverless,30.0,30.0,1618.245,True,200,
1787684465.667624,serverless,30.0,30.0,1204.633,True,200,
1787684465.7009573,serverless,30.0,30.0,40.929,False,200,
1787684465.7342906,serverless,30.0,30.0,60.187,False,200,
1787684465.767624,serverless,30.0,30.0,54.591,False,200,
1787684465.8009572,serverless,30.0,30.0,41.781,False,200,
1787684465.8342907,serverless,30.0,30.0,57.818,False,200,
1787684465.867624,serverless,30.0,30.0,62.976,False,200,
1787684465.9009573,serverless,30.0,30.0,55.163,False,200,
1787684465.9342906,serverless,30.0,30.0,62.251,False,200,
1787684465.967624,serverless,30.0,30.0,38.921,False,200,
1787684466.0009573,serverless,30.0,30.0,65.198,False,200,
1787684466.0342906,serverless,30.0,30.0,61.532,False,200,
1787684466.0676239,serverless,30.0,30.0,69.156,False,200,
1787684466.1009574,serverless,30.0,30.0,44.692,False,200,
1787684466.1342907,serverless,30.0,30.0,37.379,False,200,
1787684466.167624,serverless,30.0,30.0,34.382,False,200,
1787684466.2009573,serverless,30.0,30.0,35.888,False,200,
1787684466.2342906,serverless,30.0,30.0,48.462,False,200,
1787684466.267624,serverless,30.0,30.0,68.47,False,200,
1787684466.3009572,serverless,30.0,30.0,61.988,False,200,
1787684466.3342907,serverless,30.0,30.0,37.754,False,200,
1787684466.367624,serverless,30.0,30.0,49.028,False,200,
1787684466.4009573,serverless,30.0,30.0,41.317,False,200,
1787684466.4342906,serverless,30.0,30.0,29.052,False,200,
1787684466.467624,serverless,30.0,30.0,50.14,False,200,
1787684466.5009573,serverless,30.0,30.0,42.685,False,200,
1787684466.5342906,serverless,30.0,30.0,56.881,False,200,
1787684466.5676239,serverless,30.0,30.0,69.179,False,200,
1787684466.6009574,serverless,30.0,30.0,47.71,False,200,
1787684466.6342907,serverless,30.0,30.0,49.496,False,200,
1787684466.667624,serverless,30.0,30.0,52.075,False,200,
1787684466.7009573,serverless,30.0,30.0,45.338,False,200,
1787684466.7342906,serverless,30.0,30.0,53.513,False,200,
1787684466.767624,serverless,30.0,30.0,54.711,False,200,
1787684466.8009572,serverless,30.0,30.0,41.969,False,200,
1787684466.8342907,serverless,30.0,30.0,42.548,False,200,
1787684466.867624,serverless,30.0,30.0,51.883,False,200,
1787684466.9009573,serverless,30.0,30.0,49.629,False,200,
1787684466.9342906,serverless,30.0,30.0,55.758,False,200,
1787684466.967624,serverless,30.0,30.0,44.311,False,200,
1787684467.0009573,serverless,30.0,30.0,65.548,False,200,
1787684467.0342906,serverless,30.0,30.0,42.731,False,200,
1787684467.0676239,serverless,30.0,30.0,41.323,False,200,
1787684467.1009574,serverless,30.0,30.0,49.291,False,200,
1787684467.1342907,serverless,30.0,30.0,59.798,False,200,
1787684467.167624,serverless,30.0,30.0,46.801,False,200,
1787684467.2009573,serverless,30.0,30.0,50.348,False,200,
1787684467.2342906,serverless,30.0,30.0,54.109,False,200,
1787684467.267624,serverless,30.0,30.0,51.898,False,200,
1787684467.3009572,serverless,30.0,30.0,52.902,False,200,
1787684467.3342907,serverless,30.0,30.0,59.041,False,200,
1787684467.367624,serverless,30.0,30.0,43.119,False,200,
1787684467.4009573,serverless,30.0,30.0,71.954,False,200,
1787684467.4342906,serverless,30.0,30.0,59.903,False,200,
1787684467.467624,serverless,30.0,30.0,47.615,False,200,
1787684467.5009573,serverless,30.0,30.0,45.93,False,200,
1787684467.5342906,serverless,30.0,30.0,31.023,False,200,
1787684467.5676239,serverless,30.0,30.0,45.995,False,200,
1787684467.6009574,serverless,30.0,30.0,43.0,False,200,
1787684467.6342907,serverless,30.0,30.0,56.423,False,200,
1787684467.667624,serverless,30.0,30.0,57.407,False,200,
1787684467.7009573,serverless,30.0,30.0,78.675,False,200,
1787684467.7342906,serverless,30.0,30.0,41.107,False,200,
1787684467.767624,serverless,30.0,30.0,47.613,False,200,
1787684467.8009572,serverless,30.0,30.0,42.685,False,200,
1787684467.8342907,serverless,30.0,30.0,54.27,False,200,
1787684467.867624,serverless,30.0,30.0,42.358,False,200,
1787684467.9009573,serverless,30.0,30.0,43.305,False,200,
1787684467.9342906,serverless,30.0,30.0,66.638,False,200,
1787684467.967624,serverless,30.0,30.0,53.47,False,200,
1787684468.0009573,serverless,30.0,30.0,43.717,False,200,
1787684468.0342906,serverless,30.0,30.0,71.109,False,200,
1787684468.0676239,serverless,30.0,30.0,52.777,False,200,
1787684468.1009574,serverless,30.0,30.0,51.61,False,200,
1787684468.1342907,serverless,30.0,30.0,69.793,False,200,
1787684468.167624,serverless,30.0,30.0,40.878,False,200,
1787684468.2009573,serverless,30.0,30.0,50.403,False,200,
1787684468.2342906,serverless,30.0,30.0,60.587,False,200,
1787684468.267624,serverless,30.0,30.0,51.725,False,200,
1787684468.3009572,serverless,30.0,30.0,66.219,False,200,
1787684468.3342907,serverless,30.0,30.0,39.204,False,200,
1787684468.367624,serverless,30.0,30.0,57.508,False,200,
1787684468.4009573,serverless,30.0,30.0,53.833,False,200,
1787684468.4342906,serverless,30.0,30.0,48.877,False,200,
1787684468.467624,serverless,30.0,30.0,54.851,False,200,
1787684468.5009573,serverless,30.0,30.0,40.832,False,200,
1787684468.5342906,serverless,30.0,30.0,54.657,False,200,
1787684468.5676239,serverless,30.0,30.0,82.325,False,200,
1787684468.6009574,serverless,30.0,30.0,60.36,False,200,
1787684468.6342907,serverless,30.0,30.0,64.948,False,200,
1787684468.667624,serverless,30.0,30.0,45.93,False,200,
1787684468.7009573,serverless,30.0,30.0,40.033,False,200,
1787684468.7342906,serverless,30.0,30.0,70.343,False,200,
1787684468.767624,serverless,30.0,30.0,51.444,False,200,
1787684468.8009572,serverless,30.0,30.0,61.546,False,200,
1787684468.8342907,serverless,30.0,30.0,48.133,False,200,
1787684468.867624,serverless,30.0,30.0,41.097,False,200,
1787684468.9009573,serverless,30.0,30.0,53.926,False,200,
1787684468.9342906,serverless,30.0,30.0,48.418,False,200,
1787684468.967624,serverless,30.0,30.0,52.815,False,200,
1787684469.0009573,serverless,30.0,30.0,52.499,False,200,
1787684469.0342906,serverless,30.0,30.0,50.916,False,200,
1787684469.0676239,serverless,30.0,30.0,50.615,False,200,
1787684469.1009574,serverless,30.0,30.0,42.572,False,200,
1787684469.1342907,serverless,30.0,30.0,50.142,False,200,
1787684469.167624,serverless,30.0,30.0,65.385,False,200,
1787684469.2009573,serverless,30.0,30.0,62.988,False,200,
1787684469.2342906,serverless,30.0,30.0,941.003,True,200,
1787684469.267624,serverless,30.0,30.0,58.899,False,200,
1787684469.3009572,serverless,30.0,30.0,56.479,False,200,
1787684469.3342907,serverless,30.0,30.0,42.284,False,200,
1787684469.367624,serverless,30.0,30.0,62.961,False,200,
1787684469.4009573,serverless,30.0,30.0,35.684,False,200,
1787684469.4342906,serverless,30.0,30.0,36.515,False,200,
1787684469.467624,serverless,30.0,30.0,63.031,False,200,
1787684469.5009573,serverless,30.0,30.0,46.43,False,200,
1787684469.5342906,serverless,30.0,30.0,75.837,False,200,
1787684469.5676239,serverless,30.0,30.0,52.939,False,200,
1787684469.6009574,serverless,30.0,30.0,61.281,False,200,
1787684469.6342907,serverless,30.0,30.0,47.511,False,200,
1787684469.667624,serverless,30.0,30.0,37.103,False,200,
1787684469.7009573,serverless,30.0,30.0,73.784,False,200,
1787684469.7342906,serverless,30.0,30.0,54.48,False,200,
1787684469.767624,serverless,30.0,30.0,47.949,False,200,
1787684469.8009572,serverless,30.0,30.0,75.307,False,200,
1787684469.8342907,serverless,30.0,30.0,42.579,False,200,
1787684469.867624,serverless,30.0,30.0,50.738,False,200,
1787684469.9009573,serverless,30.0,30.0,66.096,False,200,
1787684469.9342906,serverless,30.0,30.0,60.062,False,200,
1787684469.967624,serverless,30.0,30.0,45.203,False,200,
1787684470.0009573,serverless,30.0,30.0,59.017,False,200,
1787684470.0342906,serverless,30.0,30.0,59.409,False,200,
1787684470.0676239,serverless,30.0,30.0,46.429,False,200,
1787684470.1009574,serverless,30.0,30.0,50.545,False,200,
1787684470.1342907,serverless,30.0,30.0,64.029,False,200,
1787684470.167624,serverless,30.0,30.0,46.263,False,200,
1787684470.2009573,serverless,30.0,30.0,50.263,False,200,
1787684470.2342906,serverless,30.0,30.0,57.089,False,200,
1787684470.267624,serverless,30.0,30.0,55.292,False,200,
1787684470.3009572,serverless,30.0,30.0,33.556,False,200,
1787684470.3342907,serverless,30.0,30.0,53.185,False,200,
1787684470.367624,serverless,30.0,30.0,38.201,False,200,
1787684470.4009573,serverless,30.0,30.0,48.038,False,200,
1787684470.4342906,serverless,30.0,30.0,44.129,False,200,
1787684470.467624,serverless,30.0,30.0,56.401,False,200,
1787684470.5009573,serverless,30.0,30.0,42.933,False,200,
1787684470.5342906,serverless,30.0,30.0,70.066,False,200,
1787684470.5676239,serverless,30.0,30.0,53.561,False,200,
1787684470.6009574,serverless,30.0,30.0,53.734,False,200,
1787684470.6342907,serverless,30.0,30.0,36.617,False,200,
1787684470.667624,serverless,30.0,30.0,59.261,False,200,
1787684470.7009573,serverless,30.0,30.0,35.17,False,200,
1787684470.7342906,serverless,30.0,30.0,56.035,False,200,
1787684470.767624,serverless,30.0,30.0,28.942,False,200,
1787684470.8009572,serverless,30.0,30.0,70.293,False,200,
1787684470.8342907,serverless,30.0,30.0,63.043,False,200,
1787684470.867624,serverless,30.0,30.0,37.655,False,200,
1787684470.9009573,serverless,30.0,30.0,66.24,False,200,
1787684470.9342906,serverless,30.0,30.0,46.039,False,200,
1787684470.967624,serverless,30.0,30.0,51.744,False,200,
1787684471.0009573,serverless,30.0,30.0,55.817,False,200,
1787684471.0342906,serverless,30.0,30.0,41.899,False,200,
1787684471.0676239,serverless,30.0,30.0,52.316,False,200,
1787684471.1009574,serverless,30.0,30.0,46.493,False,200,
1787684471.1342907,serverless,30.0,30.0,45.48,False,200,
1787684471.167624,serverless,30.0,30.0,70.646,False,200,
1787684471.2009573,serverless,30.0,30.0,53.818,False,200,
1787684471.2342906,serverless,30.0,30.0,73.566,False,200,
1787684471.267624,serverless,30.0,30.0,43.295,False,200,
1787684471.3009572,serverless,30.0,30.0,48.312,False,200,
1787684471.3342907,serverless,30.0,30.0,55.569,False,200,
1787684471.367624,serverless,30.0,30.0,60.529,False,200,
1787684471.4009573,serverless,30.0,30.0,34.352,False,200,
1787684471.4342906,serverless,30.0,30.0,50.163,False,200,
1787684471.467624,serverless,30.0,30.0,48.969,False,200,
1787684471.5009573,serverless,30.0,30.0,42.354,False,200,
1787684471.5342906,serverless,30.0,30.0,57.941,False,200,
1787684471.5676239,serverless,30.0,30.0,64.698,False,200,
1787684471.6009574,serverless,30.0,30.0,50.32,False,200,
1787684471.6342907,serverless,30.0,30.0,57.595,False,200,
1787684471.667624,serverless,30.0,30.0,48.31,False,200,
1787684471.7009573,serverless,30.0,30.0,1139.163,True,200,
1787684471.7342906,serverless,30.0,30.0,48.383,False,200,
1787684471.767624,serverless,30.0,30.0,51.219,False,200,
1787684471.8009572,serverless,30.0,30.0,70.679,False,200,
1787684471.8342907,serverless,30.0,30.0,52.076,False,200,
1787684471.867624,serverless,30.0,30.0,52.253,False,200,
1787684471.9009573,serverless,30.0,30.0,39.352,False,200,
1787684471.9342906,serverless,30.0,30.0,51.728,False,200,
1787684471.967624,serverless,30.0,30.0,33.207,False,200,
1787684472.0009573,serverless,30.0,30.0,71.45,False,200,
1787684472.0342906,serverless,30.0,30.0,52.991,False,200,
1787684472.0676239,serverless,30.0,30.0,64.953,False,200,
1787684472.1009574,serverless,30.0,30.0,41.503,False,200,
1787684472.1342907,serverless,30.0,30.0,63.521,False,200,
1787684472.167624,serverless,30.0,30.0,52.591,False,200,
1787684472.2009573,serverless,30.0,30.0,56.349,False,200,
1787684472.2342906,serverless,30.0,30.0,35.789,False,200,
1787684472.267624,serverless,30.0,30.0,50.192,False,200,
1787684472.3009572,serverless,30.0,30.0,49.861,False,200,
1787684472.3342907,serverless,30.0,30.0,77.971,False,200,
1787684472.367624,serverless,30.0,30.0,55.6,False,200,
1787684472.4009573,serverless,30.0,30.0,44.127,False,200,
1787684472.4342906,serverless,30.0,30.0,41.777,False,200,
1787684472.467624,serverless,30.0,30.0,68.557,False,200,
1787684472.5009573,serverless,30.0,30.0,44.837,False,200,
1787684472.5342906,serverless,30.0,30.0,47.035,False,200,
1787684472.5676239,serverless,30.0,30.0,46.621,False,200,
1787684472.6009574,serverless,30.0,30.0,54.149,False,200,
1787684472.6342907,serverless,30.0,30.0,31.434,False,200,
1787684472.667624,serverless,30.0,30.0,44.183,False,200,
1787684472.7009573,serverless,30.0,30.0,49.824,False,200,
1787684472.7342906,serverless,30.0,30.0,54.592,False,200,
1787684472.767624,serverless,30.0,30.0,48.436,False,200,
1787684472.8009572,serverless,30.0,30.0,48.729,False,200,
1787684472.8342907,serverless,30.0,30.0,72.519,False,200,
1787684472.867624,serverless,30.0,30.0,80.525,False,200,
1787684472.9009573,serverless,30.0,30.0,79.893,False,200,
1787684472.9342906,serverless,30.0,30.0,57.563,False,200,
1787684472.967624,serverless,30.0,30.0,71.67,False,200,
1787684473.0009573,serverless,30.0,30.0,48.303,False,200,
1787684473.0342906,serverless,30.0,30.0,42.344,False,200,
1787684473.0676239,serverless,30.0,30.0,68.493,False,200,
1787684473.1009574,serverless,30.0,30.0,40.883,False,200,
1787684473.1342907,serverless,30.0,30.0,40.402,False,200,
1787684473.167624,serverless,30.0,30.0,43.963,False,200,
1787684473.2009573,serverless,30.0,30.0,55.006,False,200,
1787684473.2342906,serverless,30.0,30.0,42.438,False,200,
1787684473.267624,serverless,30.0,30.0,49.953,False,200,
1787684473.3009572,serverless,30.0,30.0,45.009,False,200,
1787684473.3342907,serverless,30.0,30.0,42.572,False,200,
1787684473.367624,serverless,30.0,30.0,54.494,False,200,
1787684473.4009573,serverless,30.0,30.0,54.262,False,200,
1787684473.4342906,serverless,30.0,30.0,58.453,False,200,
1787684473.467624,serverless,30.0,30.0,55.534,False,200,
1787684473.5009573,serverless,30.0,30.0,60.48,False,200,
1787684473.5342906,serverless,30.0,30.0,52.869,False,200,
1787684473.5676239,serverless,30.0,30.0,41.917,False,200,
1787684473.6009574,serverless,30.0,30.0,50.989,False,200,
1787684473.6342907,serverless,30.0,30.0,61.777,False,200,
1787684473.667624,serverless,30.0,30.0,51.405,False,200,
1787684473.7009573,serverless,30.0,30.0,46.159,False,200,
1787684473.7342906,serverless,30.0,30.0,54.927,False,200,
1787684473.767624,serverless,30.0,30.0,56.888,False,200,
1787684473.8009572,serverless,30.0,30.0,47.399,False,200,
1787684473.8342907,serverless,30.0,30.0,45.357,False,200,
1787684473.867624,serverless,30.0,30.0,38.748,False,200,
1787684473.9009573,serverless,30.0,30.0,37.545,False,200,
1787684473.9342906,serverless,30.0,30.0,52.297,False,200,
1787684473.967624,serverless,30.0,30.0,61.125,False,200,
1787684474.0009573,serverless,30.0,30.0,59.622,False,200,
1787684474.0342906,serverless,30.0,30.0,67.551,False,200,
1787684474.0676239,serverless,30.0,30.0,39.973,False,200,
1787684474.1009574,serverless,30.0,30.0,43.826,False,200,
1787684474.1342907,serverless,30.0,30.0,60.031,False,200,
1787684474.167624,serverless,30.0,30.0,59.364,False,200,
1787684474.2009573,serverless,30.0,30.0,42.908,False,200,
1787684474.2342906,serverless,30.0,30.0,57.657,False,200,
1787684474.267624,serverless,30.0,30.0,54.786,False,200,
1787684474.3009572,serverless,30.0,30.0,62.859,False,200,
1787684474.3342907,serverless,30.0,30.0,55.277,False,200,
1787684474.367624,serverless,30.0,30.0,49.301,False,200,
1787684474.4009573,serverless,30.0,30.0,41.649,False,200,
1787684474.4342906,serverless,30.0,30.0,46.386,False,200,
1787684474.467624,serverless,30.0,30.0,40.016,False,200,
1787684474.5009573,serverless,30.0,30.0,55.226,False,200,
1787684474.5342906,serverless,30.0,30.0,48.73,False,200,
1787684474.5676239,serverless,30.0,30.0,57.328,False,200,
1787684474.6009574,serverless,30.0,30.0,33.023,False,200,
1787684474.6342907,serverless,30.0,30.0,56.474,False,200,
1787684474.667624,serverless,30.0,30.0,65.391,False,200,
1787684474.7009573,serverless,30.0,30.0,43.917,False,200,
1787684474.7342906,serverless,30.0,30.0,44.863,False,200,
1787684474.767624,serverless,30.0,30.0,66.889,False,200,
1787684474.8009572,serverless,30.0,30.0,1252.815,True,200,
1787684474.8342907,serverless,30.0,30.0,44.116,False,200,
1787684474.867624,serverless,30.0,30.0,59.532,False,200,
1787684474.9009573,serverless,30.0,30.0,51.521,False,200,
1787684474.9342906,serverless,30.0,30.0,51.747,False,200,
1787684474.967624,serverless,30.0,30.0,63.742,False,200,
1787684475.0009573,serverless,30.0,30.0,49.38,False,200,
1787684475.0342906,serverless,30.0,30.0,43.501,False,200,
1787684475.0676239,serverless,30.0,30.0,55.433,False,200,
1787684475.1009574,serverless,30.0,30.0,54.666,False,200,
1787684475.1342907,serverless,30.0,30.0,44.059,False,200,
1787684475.167624,serverless,30.0,30.0,53.466,False,200,
1787684475.2009573,serverless,30.0,30.0,44.051,False,200,
1787684475.2342906,serverless,30.0,30.0,46.654,False,200,
1787684475.267624,serverless,30.0,30.0,49.476,False,200,
1787684475.3009572,serverless,30.0,30.0,37.362,False,200,
1787684475.3342907,serverless,30.0,30.0,43.548,False,200,
1787684475.367624,serverless,30.0,30.0,61.288,False,200,
1787684475.4009573,serverless,30.0,30.0,54.081,False,200,
1787684475.4342906,serverless,30.0,30.0,45.943,False,200,
1787684475.467624,serverless,30.0,30.0,38.303,False,200,
1787684475.5009573,serverless,30.0,30.0,46.546,False,200,
1787684475.5342906,serverless,30.0,30.0,51.278,False,200,
1787684475.5676239,serverless,30.0,30.0,60.862,False,200,
1787684475.6009574,serverless,30.0,30.0,58.315,False,200,
1787684475.6342907,serverless,30.0,30.0,60.06,False,200,
1787684475.667624,serverless,30.0,30.0,48.144,False,200,
1787684475.7009573,serverless,30.0,30.0,66.985,False,200,
1787684475.7342906,serverless,30.0,30.0,58.135,False,200,
1787684475.767624,serverless,30.0,30.0,62.398,False,200,
1787684475.8009572,serverless,30.0,30.0,54.522,False,200,
1787684475.8342907,serverless,30.0,30.0,1113.708,True,200,
1787684475.867624,serverless,30.0,30.0,46.915,False,200,
1787684475.9009573,serverless,30.0,30.0,43.813,False,200,
1787684475.9342906,serverless,30.0,30.0,32.553,False,200,
1787684475.967624,serverless,30.0,30.0,59.543,False,200,
1787684476.0009573,serverless,30.0,30.0,46.056,False,200,
1787684476.0342906,serverless,30.0,30.0,32.896,False,200,
1787684476.0676239,serverless,30.0,30.0,42.322,False,200,
1787684476.1009574,serverless,30.0,30.0,34.003,False,200,
1787684476.1342907,serverless,30.0,30.0,44.806,False,200,
1787684476.167624,serverless,30.0,30.0,38.568,False,200,
1787684476.2009573,serverless,30.0,30.0,51.755,False,200,
1787684476.2342906,serverless,30.0,30.0,60.501,False,200,
1787684476.267624,serverless,30.0,30.0,50.524,False,200,
1787684476.3009572,serverless,30.0,30.0,66.125,False,200,
1787684476.3342907,serverless,30.0,30.0,68.4,False,200,
1787684476.367624,serverless,30.0,30.0,47.468,False,200,
1787684476.4009573,serverless,30.0,30.0,40.752,False,200,
1787684476.4342906,serverless,30.0,30.0,44.865,False,200,
1787684476.467624,serverless,30.0,30.0,45.396,False,200,
1787684476.5009573,serverless,30.0,30.0,45.502,False,200,
1787684476.5342906,serverless,30.0,30.0,42.787,False,200,
1787684476.5676239,serverless,30.0,30.0,34.302,False,200,
1787684476.6009574,serverless,30.0,30.0,34.298,False,200,
1787684476.6342907,serverless,30.0,30.0,42.597,False,200,
1787684476.667624,serverless,30.0,30.0,50.503,False,200,
1787684476.7009573,serverless,30.0,30.0,56.424,False,200,
1787684476.7342906,serverless,30.0,30.0,48.466,False,200,
1787684476.767624,serverless,30.0,30.0,49.045,False,200,
1787684476.8009572,serverless,30.0,30.0,48.275,False,200,
1787684476.8342907,serverless,30.0,30.0,53.615,False,200,
1787684476.867624,serverless,30.0,30.0,36.876,False,200,
1787684476.9009573,serverless,30.0,30.0,47.097,False,200,
1787684476.9342906,serverless,30.0,30.0,35.595,False,200,
1787684476.967624,serverless,30.0,30.0,52.702,False,200,
1787684477.0009573,serverless,30.0,30.0,61.72,False,200,
1787684477.0342906,serverless,30.0,30.0,47.733,False,200,
1787684477.0676239,serverless,30.0,30.0,43.188,False,200,
1787684477.1009574,serverless,30.0,30.0,52.573,False,200,
1787684477.1342907,serverless,30.0,30.0,33.525,False,200,
1787684477.167624,serverless,30.0,30.0,62.646,False,200,
1787684477.2009573,serverless,30.0,30.0,50.858,False,200,
1787684477.2342906,serverless,30.0,30.0,39.665,False,200,
1787684477.267624,serverless,30.0,30.0,52.647,False,200,
1787684477.3009572,serverless,30.0,30.0,84.445,False,200,
1787684477.3342907,serverless,30.0,30.0,51.087,False,200,
1787684477.367624,serverless,30.0,30.0,56.133,False,200,
1787684477.4009573,serverless,30.0,30.0,50.242,False,200,
1787684477.4342906,serverless,30.0,30.0,68.001,False,200,
1787684477.467624,serverless,30.0,30.0,52.069,False,200,
1787684477.5009573,serverless,30.0,30.0,52.853,False,200,
1787684477.5342906,serverless,30.0,30.0,53.265,False,200,
1787684477.5676239,serverless,30.0,30.0,38.398,False,200,
1787684477.6009574,serverless,30.0,30.0,41.315,False,200,
1787684477.6342907,serverless,30.0,30.0,41.516,False,200,
1787684477.667624,serverless,30.0,30.0,38.021,False,200,
1787684477.7009573,serverless,30.0,30.0,55.546,False,200,
1787684477.7342906,serverless,30.0,30.0,45.985,False,200,
1787684477.767624,serverless,30.0,30.0,44.067,False,200,
1787684477.8009572,serverless,30.0,30.0,62.731,False,200,
1787684477.8342907,serverless,30.0,30.0,42.099,False,200,
1787684477.867624,serverless,30.0,30.0,65.891,False,200,
1787684477.9009573,serverless,30.0,30.0,43.713,False,200,
1787684477.9342906,serverless,30.0,30.0,64.969,False,200,
1787684477.967624,serverless,30.0,30.0,39.656,False,200,
1787684478.0009573,serverless,30.0,30.0,64.864,False,200,
1787684478.0342906,serverless,30.0,30.0,66.972,False,200,
1787684478.0676239,serverless,30.0,30.0,64.127,False,200,
1787684478.1009574,serverless,30.0,30.0,29.446,False,200,
1787684478.1342907,serverless,30.0,30.0,62.922,False,200,
1787684478.167624,serverless,30.0,30.0,68.532,False,200,
1787684478.2009573,serverless,30.0,30.0,46.198,False,200,
1787684478.2342906,serverless,30.0,30.0,46.965,False,200,
1787684478.267624,serverless,30.0,30.0,38.638,False,200,
1787684478.3009572,serverless,30.0,30.0,50.453,False,200,
1787684478.3342907,serverless,30.0,30.0,32.124,False,200,
1787684478.367624,serverless,30.0,30.0,58.832,False,200,
1787684478.4009573,serverless,30.0,30.0,41.702,False,200,
1787684478.4342906,serverless,30.0,30.0,52.553,False,200,
1787684478.467624,serverless,30.0,30.0,49.231,False,200,
1787684478.5009573,serverless,30.0,30.0,44.91,False,200,
1787684478.5342906,serverless,30.0,30.0,61.992,False,200,
1787684478.5676239,serverless,30.0,30.0,47.636,False,200,
1787684478.6009574,serverless,30.0,30.0,37.068,False,200,
1787684478.6342907,serverless,30.0,30.0,41.227,False,200,
1787684478.667624,serverless,30.0,30.0,60.63,False,200,
1787684478.7009573,serverless,30.0,30.0,63.245,False,200,
1787684478.7342906,serverless,30.0,30.0,33.894,False,200,
1787684478.767624,serverless,30.0,30.0,60.591,False,200,
1787684478.8009572,serverless,30.0,30.0,59.791,False,200,
1787684478.8342907,serverless,30.0,30.0,47.18,False,200,
1787684478.867624,serverless,30.0,30.0,43.778,False,200,
1787684478.9009573,serverless,30.0,30.0,67.529,False,200,
1787684478.9342906,serverless,30.0,30.0,59.42,False,200,
1787684478.967624,serverless,30.0,30.0,54.116,False,200,
1787684479.0009573,serverless,30.0,30.0,60.577,False,200,
1787684479.0342906,serverless,30.0,30.0,54.328,False,200,
1787684479.0676239,serverless,30.0,30.0,56.463,False,200,
1787684479.1009574,serverless,30.0,30.0,53.479,False,200,
1787684479.1342907,serverless,30.0,30.0,48.539,False,200,
1787684479.167624,serverless,30.0,30.0,58.574,False,200,
1787684479.2009573,serverless,30.0,30.0,48.495,False,200,
1787684479.2342906,serverless,30.0,30.0,61.787,False,200,
1787684479.267624,serverless,30.0,30.0,40.689,False,200,
1787684479.3009572,serverless,30.0,30.0,55.898,False,200,
1787684479.3342907,serverless,30.0,30.0,57.512,False,200,
1787684479.367624,serverless,30.0,30.0,48.162,False,200,
1787684479.4009573,serverless,30.0,30.0,51.906,False,200,
1787684479.4342906,serverless,30.0,30.0,36.89,False,200,
1787684479.467624,serverless,30.0,30.0,57.95,False,200,
1787684479.5009573,serverless,30.0,30.0,56.036,False,200,
1787684479.5342906,serverless,30.0,30.0,45.506,False,200,
1787684479.5676239,serverless,30.0,30.0,51.326,False,200,
1787684479.6009574,serverless,30.0,30.0,42.138,False,200,
1787684479.6342907,serverless,30.0,30.0,50.17,False,200,
1787684479.667624,serverless,30.0,30.0,71.794,False,200,
1787684479.7009573,serverless,30.0,30.0,51.85,False,200,
1787684479.7342906,serverless,30.0,30.0,48.382,False,200,
1787684479.767624,serverless,30.0,30.0,34.876,False,200,
1787684479.8009572,serverless,30.0,30.0,55.151,False,200,
1787684479.8342907,serverless,30.0,30.0,35.866,False,200,
1787684479.867624,serverless,30.0,30.0,47.561,False,200,
1787684479.9009573,serverless,30.0,30.0,36.875,False,200,
1787684479.9342906,serverless,30.0,30.0,54.027,False,200,
1787684479.967624,serverless,30.0,30.0,37.21,False,200,
1787684480.0009573,serverless,30.0,30.0,52.083,False,200,
1787684480.0342906,serverless,30.0,30.0,38.208,False,200,
1787684480.0676239,serverless,30.0,30.0,44.986,False,200,
1787684480.1009574,serverless,30.0,30.0,35.697,False,200,
1787684480.1342907,serverless,30.0,30.0,66.267,False,200,
1787684480.167624,serverless,30.0,30.0,38.555,False,200,
1787684480.2009573,serverless,30.0,30.0,61.972,False,200,
1787684480.2342906,serverless,30.0,30.0,41.315,False,200,
1787684480.267624,serverless,30.0,30.0,46.03,False,200,
1787684480.3009572,serverless,30.0,30.0,40.666,False,200,
1787684480.3342907,serverless,30.0,30.0,40.786,False,200,
1787684480.367624,serverless,30.0,30.0,58.429,False,200,
1787684480.4009573,serverless,30.0,30.0,62.84,False,200,
1787684480.4342906,serverless,30.0,30.0,61.202,False,200,
1787684480.467624,serverless,30.0,30.0,57.81,False,200,
1787684480.5009573,serverless,30.0,30.0,51.546,False,200,
1787684480.5342906,serverless,30.0,30.0,40.661,False,200,
1787684480.5676239,serverless,30.0,30.0,52.254,False,200,
1787684480.6009574,serverless,30.0,30.0,49.079,False,200,
1787684480.6342907,serverless,30.0,30.0,37.764,False,200,
1787684480.667624,serverless,30.0,30.0,46.613,False,200,
1787684480.7009573,serverless,30.0,30.0,38.25,False,200,
1787684480.7342906,serverless,30.0,30.0,57.008,False,200,
1787684480.767624,serverless,30.0,30.0,46.674,False,200,
1787684480.8009572,serverless,30.0,30.0,49.859,False,200,
1787684480.8342907,serverless,30.0,30.0,37.756,False,200,
1787684480.867624,serverless,30.0,30.0,51.834,False,200,
1787684480.9009573,serverless,30.0,30.0,71.604,False,200,
1787684480.9342906,serverless,30.0,30.0,64.138,False,200,
1787684480.967624,serverless,30.0,30.0,60.81,False,200,
1787684481.0009573,serverless,30.0,30.0,50.975,False,200,
1787684481.0342906,serverless,30.0,30.0,42.807,False,200,
1787684481.0676239,serverless,30.0,30.0,52.569,False,200,
1787684481.1009574,serverless,30.0,30.0,49.461,False,200,
1787684481.1342907,serverless,30.0,30.0,57.561,False,200,
1787684481.167624,serverless,30.0,30.0,44.024,False,200,
1787684481.2009573,serverless,30.0,30.0,48.965,False,200,
1787684481.2342906,serverless,30.0,30.0,72.243,False,200,
1787684481.267624,serverless,30.0,30.0,50.446,False,200,
1787684481.3009572,serverless,30.0,30.0,39.615,False,200,
1787684481.3342907,serverless,30.0,30.0,58.678,False,200,
1787684481.367624,serverless,30.0,30.0,49.645,False,200,
1787684481.4009573,serverless,30.0,30.0,52.556,False,200,
1787684481.4342906,serverless,30.0,30.0,46.92,False,200,
1787684481.467624,serverless,30.0,30.0,49.6,False,200,
1787684481.5009573,serverless,30.0,30.0,38.968,False,200,
1787684481.5342906,serverless,30.0,30.0,37.324,False,200,
1787684481.5676239,serverless,30.0,30.0,69.11,False,200,
1787684481.6009574,serverless,30.0,30.0,37.411,False,200,
1787684481.6342907,serverless,30.0,30.0,51.27,False,200,
1787684481.667624,serverless,30.0,30.0,52.538,False,200,
1787684481.7009573,serverless,30.0,30.0,55.973,False,200,
1787684481.7342906,serverless,30.0,30.0,54.824,False,200,
1787684481.767624,serverless,30.0,30.0,36.703,False,200,
1787684481.8009572,serverless,30.0,30.0,50.13,False,200,
1787684481.8342907,serverless,30.0,30.0,56.366,False,200,
1787684481.867624,serverless,30.0,30.0,60.702,False,200,
1787684481.9009573,serverless,30.0,30.0,39.54,False,200,
1787684481.9342906,serverless,30.0,30.0,58.097,False,200,
1787684481.967624,serverless,30.0,30.0,32.836,False,200,
1787684482.0009573,serverless,30.0,30.0,50.089,False,200,
1787684482.0342906,serverless,30.0,30.0,33.805,False,200,
1787684482.0676239,serverless,30.0,30.0,54.615,False,200,
1787684482.1009574,serverless,30.0,30.0,47.357,False,200,
1787684482.1342907,serverless,30.0,30.0,67.643,False,200,
1787684482.167624,serverless,30.0,30.0,55.905,False,200,
1787684482.2009573,serverless,30.0,30.0,80.685,False,200,
1787684482.2342906,serverless,30.0,30.0,69.508,False,200,
1787684482.267624,serverless,30.0,30.0,66.305,False,200,
1787684482.3009572,serverless,30.0,30.0,49.532,False,200,
1787684482.3342907,serverless,30.0,30.0,61.082,False,200,
1787684482.367624,serverless,30.0,30.0,34.459,False,200,
1787684482.4009573,serverless,30.0,30.0,44.985,False,200,
1787684482.4342906,serverless,30.0,30.0,53.298,False,200,
1787684482.467624,serverless,30.0,30.0,49.718,False,200,
1787684482.5009573,serverless,30.0,30.0,47.102,False,200,
1787684482.5342906,serverless,30.0,30.0,61.532,False,200,
1787684482.5676239,serverless,30.0,30.0,49.562,False,200,
1787684482.6009574,serverless,30.0,30.0,51.05,False,200,
1787684482.6342907,serverless,30.0,30.0,39.793,False,200,
1787684482.667624,serverless,30.0,30.0,54.114,False,200,
1787684482.7009573,serverless,30.0,30.0,50.584,False,200,
1787684482.7342906,serverless,30.0,30.0,58.728,False,200,
1787684482.767624,serverless,30.0,30.0,35.72,False,200,
1787684482.8009572,serverless,30.0,30.0,67.613,False,200,
1787684482.8342907,serverless,30.0,30.0,48.901,False,200,
1787684482.867624,serverless,30.0,30.0,55.068,False,200,
1787684482.9009573,serverless,30.0,30.0,57.974,False,200,
1787684482.9342906,serverless,30.0,30.0,42.262,False,200,
1787684482.967624,serverless,30.0,30.0,48.962,False,200,
1787684483.0009573,serverless,30.0,30.0,49.883,False,200,
1787684483.0342906,serverless,30.0,30.0,45.18,False,200,
1787684483.0676239,serverless,30.0,30.0,53.232,False,200,
1787684483.1009574,serverless,30.0,30.0,63.656,False,200,
1787684483.1342907,serverless,30.0,30.0,54.097,False,200,
1787684483.167624,serverless,30.0,30.0,68.371,False,200,
1787684483.2009573,serverless,30.0,30.0,64.394,False,200,
1787684483.2342906,serverless,30.0,30.0,42.695,False,200,
1787684483.267624,serverless,30.0,30.0,81.281,False,200,
1787684483.3009572,serverless,30.0,30.0,50.496,False,200,
1787684483.3342907,serverless,30.0,30.0,49.828,False,200,
1787684483.367624,serverless,30.0,30.0,51.985,False,200,
1787684483.4009573,serverless,30.0,30.0,38.832,False,200,
1787684483.4342906,serverless,30.0,30.0,52.0,False,200,
1787684483.467624,serverless,30.0,30.0,44.06,False,200,
1787684483.5009573,serverless,30.0,30.0,72.112,False,200,
1787684483.5342906,serverless,30.0,30.0,34.45,False,200,
1787684483.5676239,serverless,30.0,30.0,61.441,False,200,
1787684483.6009574,serverless,30.0,30.0,37.559,False,200,
1787684483.6342907,serverless,30.0,30.0,48.002,False,200,
1787684483.667624,serverless,30.0,30.0,32.875,False,200,
1787684483.7009573,serverless,30.0,30.0,52.307,False,200,
1787684483.7342906,serverless,30.0,30.0,46.535,False,200,
1787684483.767624,serverless,30.0,30.0,52.479,False,200,
1787684483.8009572,serverless,30.0,30.0,51.217,False,200,
1787684483.8342907,serverless,30.0,30.0,60.559,False,200,
1787684483.867624,serverless,30.0,30.0,54.264,False,200,
1787684483.9009573,serverless,30.0,30.0,50.63,False,200,
1787684483.9342906,serverless,30.0,30.0,31.797,False,200,
1787684483.967624,serverless,30.0,30.0,44.674,False,200,
1787684484.0009573,serverless,30.0,30.0,44.757,False,200,
1787684484.0342906,serverless,30.0,30.0,48.036,False,200,
1787684484.0676239,serverless,30.0,30.0,46.306,False,200,
1787684484.1009574,serverless,30.0,30.0,50.26,False,200,
1787684484.1342907,serverless,30.0,30.0,56.943,False,200,
1787684484.167624,serverless,30.0,30.0,51.1,False,200,
1787684484.2009573,serverless,30.0,30.0,55.995,False,200,
1787684484.2342906,serverless,30.0,30.0,74.486,False,200,
1787684484.267624,serverless,30.0,30.0,45.338,False,200,
1787684484.3009572,serverless,30.0,30.0,71.771,False,200,
1787684484.3342907,serverless,30.0,30.0,80.469,False,200,
1787684484.367624,serverless,30.0,30.0,80.309,False,200,
1787684484.4009573,serverless,30.0,30.0,59.937,False,200,
1787684484.4342906,serverless,30.0,30.0,64.28,False,200,
1787684484.467624,serverless,30.0,30.0,68.157,False,200,
1787684484.5009573,serverless,30.0,30.0,49.304,False,200,
1787684484.5342906,serverless,30.0,30.0,31.878,False,200,
1787684484.5676239,serverless,30.0,30.0,47.398,False,200,
1787684484.6009574,serverless,30.0,30.0,44.465,False,200,
1787684484.6342907,serverless,30.0,30.0,36.387,False,200,
1787684484.667624,serverless,30.0,30.0,51.059,False,200,
1787684484.7009573,serverless,30.0,30.0,51.832,False,200,
1787684484.7342906,serverless,30.0,30.0,50.113,False,200,
1787684484.767624,serverless,30.0,30.0,46.278,False,200,
1787684484.8009572,serverless,30.0,30.0,73.981,False,200,
1787684484.8342907,serverless,30.0,30.0,41.245,False,200,
1787684484.867624,serverless,30.0,30.0,45.784,False,200,
1787684484.9009573,serverless,30.0,30.0,54.847,False,200,
1787684484.9342906,serverless,30.0,30.0,51.439,False,200,
1787684484.967624,serverless,30.0,30.0,41.452,False,200,
1787684485.0009573,serverless,30.0,30.0,47.347,False,200,
1787684485.0342906,serverless,30.0,30.0,48.51,False,200,
1787684485.0676239,serverless,30.0,30.0,52.603,False,200,
1787684485.1009574,serverless,30.0,30.0,52.484,False,200,
1787684485.1342907,serverless,30.0,30.0,59.255,False,200,
1787684485.167624,serverless,30.0,30.0,59.742,False,200,
1787684485.2009573,serverless,30.0,30.0,48.839,False,200,
1787684485.2342906,serverless,30.0,30.0,57.005,False,200,
1787684485.267624,serverless,30.0,30.0,73.119,False,200,
1787684485.3009572,serverless,30.0,30.0,47.534,False,200,
1787684485.3342907,serverless,30.0,30.0,54.659,False,200,
1787684485.367624,serverless,30.0,30.0,43.179,False,200,
1787684485.4009573,serverless,30.0,30.0,61.036,False,200,
1787684485.4342906,serverless,30.0,30.0,50.453,False,200,
1787684485.467624,serverless,30.0,30.0,55.292,False,200,
1787684485.5009573,serverless,30.0,30.0,41.969,False,200,
1787684485.5342906,serverless,30.0,30.0,42.536,False,200,
1787684485.5676239,serverless,30.0,30.0,52.722,False,200,
1787684485.6009574,serverless,30.0,30.0,64.872,False,200,
1787684485.6342907,serverless,30.0,30.0,58.409,False,200,
1787684485.667624,serverless,30.0,30.0,51.658,False,200,
1787684485.7009573,serverless,30.0,30.0,58.742,False,200,
1787684485.7342906,serverless,30.0,30.0,44.494,False,200,
1787684485.767624,serverless,30.0,30.0,45.679,False,200,
1787684485.8009572,serverless,30.0,30.0,39.237,False,200,
1787684485.8342907,serverless,30.0,30.0,36.447,False,200,
1787684485.867624,serverless,30.0,30.0,52.074,False,200,
1787684485.9009573,serverless,30.0,30.0,52.9,False,200,
1787684485.9342906,serverless,30.0,30.0,41.832,False,200,
1787684485.967624,serverless,30.0,30.0,51.587,False,200,
1787684486.0009573,serverless,30.0,30.0,68.722,False,200,
1787684486.0342906,serverless,30.0,30.0,84.359,False,200,
1787684486.0676239,serverless,30.0,30.0,52.665,False,200,
1787684486.1009574,serverless,30.0,30.0,45.661,False,200,
1787684486.1342907,serverless,30.0,30.0,43.342,False,200,
1787684486.167624,serverless,30.0,30.0,44.849,False,200,
1787684486.2009573,serverless,30.0,30.0,73.107,False,200,
1787684486.2342906,serverless,30.0,30.0,52.304,False,200,
1787684486.267624,serverless,30.0,30.0,49.814,False,200,
1787684486.3009572,serverless,30.0,30.0,59.456,False,200,
1787684486.3342907,serverless,30.0,30.0,34.698,False,200,
1787684486.367624,serverless,30.0,30.0,42.014,False,200,
1787684486.4009573,serverless,30.0,30.0,50.885,False,200,
1787684486.4342906,serverless,30.0,30.0,48.357,False,200,
1787684486.467624,serverless,30.0,30.0,43.803,False,200,
1787684486.5009573,serverless,30.0,30.0,58.7,False,200,
1787684486.5342906,serverless,30.0,30.0,33.96,False,200,
1787684486.5676239,serverless,30.0,30.0,50.898,False,200,
1787684486.6009574,serverless,30.0,30.0,54.045,False,200,
1787684486.6342907,serverless,30.0,30.0,58.442,False,200,
1787684486.667624,serverless,30.0,30.0,44.74,False,200,
1787684486.7009573,serverless,30.0,30.0,60.174,False,200,
1787684486.7342906,serverless,30.0,30.0,50.143,False,200,
1787684486.767624,serverless,30.0,30.0,48.422,False,200,
1787684486.8009572,serverless,30.0,30.0,74.066,False,200,
1787684486.8342907,serverless,30.0,30.0,54.793,False,200,
1787684486.867624,serverless,30.0,30.0,43.845,False,200,
1787684486.9009573,serverless,30.0,30.0,61.318,False,200,
1787684486.9342906,serverless,30.0,30.0,49.498,False,200,
1787684486.967624,serverless,30.0,30.0,70.533,False,200,
1787684487.0009573,serverless,30.0,30.0,62.824,False,200,
1787684487.0342906,serverless,30.0,30.0,47.681,False,200,
1787684487.0676239,serverless,30.0,30.0,58.439,False,200,
1787684487.1009574,serverless,30.0,30.0,40.354,False,200,
1787684487.1342907,serverless,30.0,30.0,37.395,False,200,
1787684487.167624,serverless,30.0,30.0,58.339,False,200,
1787684487.2009573,serverless,30.0,30.0,46.782,False,200,
1787684487.2342906,serverless,30.0,30.0,51.925,False,200,
1787684487.267624,serverless,30.0,30.0,41.106,False,200,
1787684487.3009572,serverless,30.0,30.0,50.136,False,200,
1787684487.3342907,serverless,30.0,30.0,50.001,False,200,
1787684487.367624,serverless,30.0,30.0,54.506,False,200,
1787684487.4009573,serverless,30.0,30.0,51.261,False,200,
1787684487.4342906,serverless,30.0,30.0,45.551,False,200,
1787684487.467624,serverless,30.0,30.0,42.127,False,200,
1787684487.5009573,serverless,30.0,30.0,51.511,False,200,
1787684487.5342906,serverless,30.0,30.0,37.986,False,200,
1787684487.5676239,serverless,30.0,30.0,55.486,False,200,
1787684487.6009574,serverless,30.0,30.0,33.824,False,200,
1787684487.6342907,serverless,30.0,30.0,38.204,False,200,
1787684487.667624,serverless,30.0,30.0,39.272,False,200,
1787684487.7009573,serverless,30.0,30.0,38.524,False,200,
1787684487.7342906,serverless,30.0,30.0,45.738,False,200,
1787684487.767624,serverless,30.0,30.0,54.263,False,200,
1787684487.8009572,serverless,30.0,30.0,54.005,False,200,
1787684487.8342907,serverless,30.0,30.0,52.958,False,200,
1787684487.867624,serverless,30.0,30.0,47.285,False,200,
1787684487.9009573,serverless,30.0,30.0,56.479,False,200,
1787684487.9342906,serverless,30.0,30.0,71.419,False,200,
1787684487.967624,serverless,30.0,30.0,59.035,False,200,
1787684488.0009573,serverless,30.0,30.0,43.534,False,200,
1787684488.0342906,serverless,30.0,30.0,48.857,False,200,
1787684488.0676239,serverless,30.0,30.0,54.404,False,200,
1787684488.1009574,serverless,30.0,30.0,67.296,False,200,
1787684488.1342907,serverless,30.0,30.0,44.888,False,200,
1787684488.167624,serverless,30.0,30.0,41.832,False,200,
1787684488.2009573,serverless,30.0,30.0,54.376,False,200,
1787684488.2342906,serverless,30.0,30.0,45.969,False,200,
1787684488.267624,serverless,30.0,30.0,52.529,False,200,
1787684488.3009572,serverless,30.0,30.0,46.615,False,200,
1787684488.3342907,serverless,30.0,30.0,38.762,False,200,
1787684488.367624,serverless,30.0,30.0,42.148,False,200,
1787684488.4009573,serverless,30.0,30.0,48.479,False,200,
1787684488.4342906,serverless,30.0,30.0,35.603,False,200,
1787684488.467624,serverless,30.0,30.0,59.025,False,200,
1787684488.5009573,serverless,30.0,30.0,47.929,False,200,
1787684488.5342906,serverless,30.0,30.0,41.648,False,200,
1787684488.5676239,serverless,30.0,30.0,34.999,False,200,
1787684488.6009574,serverless,30.0,30.0,60.848,False,200,
1787684488.6342907,serverless,30.0,30.0,56.627,False,200,
1787684488.667624,serverless,30.0,30.0,53.455,False,200,
1787684488.7009573,serverless,30.0,30.0,47.174,False,200,
1787684488.7342906,serverless,30.0,30.0,49.935,False,200,
1787684488.767624,serverless,30.0,30.0,59.022,False,200,
1787684488.8009572,serverless,30.0,30.0,55.141,False,200,
1787684488.8342907,serverless,30.0,30.0,67.962,False,200,
1787684488.867624,serverless,30.0,30.0,52.408,False,200,
1787684488.9009573,serverless,30.0,30.0,46.416,False,200,
1787684488.9342906,serverless,30.0,30.0,50.492,False,200,
1787684488.967624,serverless,30.0,30.0,40.338,False,200,
1787684489.0009573,serverless,30.0,30.0,71.982,False,200,
1787684489.0342906,serverless,30.0,30.0,40.749,False,200,
1787684489.0676239,serverless,30.0,30.0,66.994,False,200,
1787684489.1009574,serverless,30.0,30.0,44.354,False,200,
1787684489.1342907,serverless,30.0,30.0,52.564,False,200,
1787684489.167624,serverless,30.0,30.0,51.552,False,200,
1787684489.2009573,serverless,30.0,30.0,45.072,False,200,
1787684489.2342906,serverless,30.0,30.0,49.909,False,200,
1787684489.267624,serverless,30.0,30.0,70.925,False,200,
1787684489.3009572,serverless,30.0,30.0,49.676,False,200,
1787684489.3342907,serverless,30.0,30.0,46.587,False,200,
1787684489.367624,serverless,30.0,30.0,45.16,False,200,
1787684489.4009573,serverless,30.0,30.0,53.592,False,200,
1787684489.4342906,serverless,30.0,30.0,48.775,False,200,
1787684489.467624,serverless,30.0,30.0,56.316,False,200,
1787684489.5009573,serverless,30.0,30.0,57.223,False,200,
1787684489.5342906,serverless,30.0,30.0,59.975,False,200,
1787684489.5676239,serverless,30.0,30.0,38.345,False,200,
1787684489.6009574,serverless,30.0,30.0,42.963,False,200,
1787684489.6342907,serverless,30.0,30.0,56.638,False,200,
1787684489.667624,serverless,30.0,30.0,43.501,False,200,
1787684489.7009573,serverless,30.0,30.0,54.205,False,200,
1787684489.7342906,serverless,30.0,30.0,47.633,False,200,
1787684489.767624,serverless,30.0,30.0,77.839,False,200,
1787684489.8009572,serverless,30.0,30.0,69.233,False,200,
1787684489.8342907,serverless,30.0,30.0,62.207,False,200,
1787684489.867624,serverless,30.0,30.0,51.857,False,200,
1787684489.9009573,serverless,30.0,30.0,49.872,False,200,
1787684489.9342906,serverless,30.0,30.0,54.082,False,200,
1787684489.967624,serverless,30.0,30.0,55.083,False,200,
1787684490.0009573,serverless,30.0,30.0,47.484,False,200,
1787684490.0342906,serverless,30.0,30.0,43.103,False,200,
1787684490.0676239,serverless,30.0,30.0,54.647,False,200,
1787684490.1009574,serverless,30.0,30.0,40.862,False,200,
1787684490.1342907,serverless,30.0,30.0,62.617,False,200,
1787684490.167624,serverless,30.0,30.0,57.932,False,200,
1787684490.2009573,serverless,30.0,30.0,58.231,False,200,
1787684490.2342906,serverless,30.0,30.0,66.041,False,200,
1787684490.267624,serverless,30.0,30.0,51.893,False,200,
1787684490.3009572,serverless,30.0,30.0,35.284,False,200,
1787684490.3342907,serverless,30.0,30.0,42.604,False,200,
1787684490.367624,serverless,30.0,30.0,69.332,False,200,
1787684490.4009573,serverless,30.0,30.0,47.835,False,200,
1787684490.4342906,serverless,30.0,30.0,52.108,False,200,
1787684490.467624,serverless,30.0,30.0,54.907,False,200,
1787684490.5009573,serverless,30.0,30.0,47.866,False,200,
1787684490.5342906,serverless,30.0,30.0,44.35,False,200,
1787684490.5676239,serverless,30.0,30.0,53.789,False,200,
1787684490.6009574,serverless,30.0,30.0,40.704,False,200,
1787684490.6342907,serverless,30.0,30.0,49.969,False,200,
1787684490.667624,serverless,30.0,30.0,60.999,False,200,
1787684490.7009573,serverless,30.0,30.0,52.267,False,200,
1787684490.7342906,serverless,30.0,30.0,53.812,False,200,
1787684490.767624,serverless,30.0,30.0,45.425,False,200,
1787684490.8009572,serverless,30.0,30.0,79.349,False,200,
1787684490.8342907,serverless,30.0,30.0,53.181,False,200,
1787684490.867624,serverless,30.0,30.0,44.323,False,200,
1787684490.9009573,serverless,30.0,30.0,48.008,False,200,
1787684490.9342906,serverless,30.0,30.0,60.567,False,200,
1787684490.967624,serverless,30.0,30.0,50.859,False,200,
1787684491.0009573,serverless,30.0,30.0,45.433,False,200,
1787684491.0342906,serverless,30.0,30.0,39.328,False,200,
1787684491.0676239,serverless,30.0,30.0,60.81,False,200,
1787684491.1009574,serverless,30.0,30.0,54.767,False,200,
1787684491.1342907,serverless,30.0,30.0,37.497,False,200,
1787684491.167624,serverless,30.0,30.0,66.213,False,200,
1787684491.2009573,serverless,30.0,30.0,36.098,False,200,
1787684491.2342906,serverless,30.0,30.0,63.907,False,200,
1787684491.267624,serverless,30.0,30.0,49.582,False,200,
1787684491.3009572,serverless,30.0,30.0,37.34,False,200,
1787684491.3342907,serverless,30.0,30.0,45.577,False,200,
1787684491.367624,serverless,30.0,30.0,52.112,False,200,
1787684491.4009573,serverless,30.0,30.0,52.726,False,200,
1787684491.4342906,serverless,30.0,30.0,57.13,False,200,
1787684491.467624,serverless,30.0,30.0,54.951,False,200,
1787684491.5009573,serverless,30.0,30.0,43.919,False,200,
1787684491.5342906,serverless,30.0,30.0,43.384,False,200,
1787684491.5676239,serverless,30.0,30.0,63.616,False,200,
1787684491.6009574,serverless,30.0,30.0,39.159,False,200,
1787684491.6342907,serverless,30.0,30.0,50.081,False,200,
1787684491.667624,serverless,30.0,30.0,65.512,False,200,
1787684491.7009573,serverless,30.0,30.0,39.826,False,200,
1787684491.7342906,serverless,30.0,30.0,53.85,False,200,
1787684491.767624,serverless,30.0,30.0,62.54,False,200,
1787684491.8009572,serverless,30.0,30.0,39.411,False,200,
1787684491.8342907,serverless,30.0,30.0,60.453,False,200,
1787684491.867624,serverless,30.0,30.0,60.068,False,200,
1787684491.9009573,serverless,30.0,30.0,63.444,False,200,
1787684491.9342906,serverless,30.0,30.0,53.633,False,200,
1787684491.967624,serverless,30.0,30.0,48.264,False,200,
1787684492.0009573,serverless,30.0,30.0,49.789,False,200,
1787684492.0342906,serverless,30.0,30.0,50.96,False,200,
1787684492.0676239,serverless,30.0,30.0,52.399,False,200,
1787684492.1009574,serverless,30.0,30.0,87.765,False,200,
1787684492.1342907,serverless,30.0,30.0,73.917,False,200,
1787684492.167624,serverless,30.0,30.0,47.951,False,200,
1787684492.2009573,serverless,30.0,30.0,49.297,False,200,
1787684492.2342906,serverless,30.0,30.0,42.854,False,200,
1787684492.267624,serverless,30.0,30.0,41.56,False,200,
1787684492.3009572,serverless,30.0,30.0,61.829,False,200,
1787684492.3342907,serverless,30.0,30.0,71.497,False,200,
1787684492.367624,serverless,30.0,30.0,60.369,False,200,
1787684492.4009573,serverless,30.0,30.0,57.811,False,200,
1787684492.4342906,serverless,30.0,30.0,56.78,False,200,
1787684492.467624,serverless,30.0,30.0,53.661,False,200,
1787684492.5009573,serverless,30.0,30.0,44.408,False,200,
1787684492.5342906,serverless,30.0,30.0,86.507,False,200,
1787684492.5676239,serverless,30.0,30.0,1471.959,True,200,
1787684492.6009574,serverless,30.0,30.0,41.752,False,200,
1787684492.6342907,serverless,30.0,30.0,66.784,False,200,
1787684492.667624,serverless,30.0,30.0,57.618,False,200,
1787684492.7009573,serverless,30.0,30.0,48.239,False,200,
1787684492.7342906,serverless,30.0,30.0,68.438,False,200,
1787684492.767624,serverless,30.0,30.0,61.558,False,200,
1787684492.8009572,serverless,30.0,30.0,46.705,False,200,
1787684492.8342907,serverless,30.0,30.0,66.731,False,200,
1787684492.867624,serverless,30.0,30.0,49.408,False,200,
1787684492.9009573,serverless,30.0,30.0,43.755,False,200,
1787684492.9342906,serverless,30.0,30.0,37.441,False,200,
1787684492.967624,serverless,30.0,30.0,59.206,False,200,
1787684493.0009573,serverless,30.0,30.0,51.245,False,200,
1787684493.0342906,serverless,30.0,30.0,50.91,False,200,
1787684493.0676239,serverless,30.0,30.0,1078.102,True,200,
1787684493.1009574,serverless,30.0,30.0,63.961,False,200,
1787684493.1342907,serverless,30.0,30.0,41.63,False,200,
1787684493.167624,serverless,30.0,30.0,41.143,False,200,
1787684493.2009573,serverless,30.0,30.0,57.86,False,200,
1787684493.2342906,serverless,30.0,30.0,43.564,False,200,
1787684493.267624,serverless,30.0,30.0,41.609,False,200,
1787684493.3009572,serverless,30.0,30.0,46.677,False,200,
1787684493.3342907,serverless,30.0,30.0,40.041,False,200,
1787684493.367624,serverless,30.0,30.0,1180.756,True,200,
1787684493.4009573,serverless,30.0,30.0,42.856,False,200,
1787684493.4342906,serverless,30.0,30.0,86.854,False,200,
1787684493.467624,serverless,30.0,30.0,60.19,False,200,
1787684493.5009573,serverless,30.0,30.0,56.849,False,200,
1787684493.5342906,serverless,30.0,30.0,43.678,False,200,
1787684493.5676239,serverless,30.0,30.0,55.177,False,200,
1787684493.6009574,serverless,30.0,30.0,51.716,False,200,
1787684493.6342907,serverless,30.0,30.0,64.36,False,200,
1787684493.667624,serverless,30.0,30.0,72.054,False,200,
1787684493.7009573,serverless,30.0,30.0,39.549,False,200,
1787684493.7342906,serverless,30.0,30.0,51.878,False,200,
1787684493.767624,serverless,30.0,30.0,66.003,False,200,
1787684493.8009572,serverless,30.0,30.0,38.645,False,200,
1787684493.8342907,serverless,30.0,30.0,35.225,False,200,
1787684493.867624,serverless,30.0,30.0,55.36,False,200,
1787684493.9009573,serverless,30.0,30.0,53.864,False,200,
1787684493.9342906,serverless,30.0,30.0,52.344,False,200,
1787684493.967624,serverless,30.0,30.0,74.563,False,200,
1787684494.0009573,serverless,30.0,30.0,42.633,False,200,
1787684494.0342906,serverless,30.0,30.0,54.208,False,200,
1787684494.0676239,serverless,30.0,30.0,51.963,False,200,
1787684494.1009574,serverless,30.0,30.0,59.921,False,200,
1787684494.1342907,serverless,30.0,30.0,56.326,False,200,
1787684494.167624,serverless,30.0,30.0,42.035,False,200,
1787684494.2009573,serverless,30.0,30.0,65.204,False,200,
1787684494.2342906,serverless,30.0,30.0,63.361,False,200,
1787684494.267624,serverless,30.0,30.0,50.005,False,200,
1787684494.3009572,serverless,30.0,30.0,57.149,False,200,
1787684494.3342907,serverless,30.0,30.0,44.118,False,200,
1787684494.367624,serverless,30.0,30.0,60.628,False,200,
1787684494.4009573,serverless,30.0,30.0,36.67,False,200,
1787684494.4342906,serverless,30.0,30.0,55.042,False,200,
1787684494.467624,serverless,30.0,30.0,42.28,False,200,
1787684494.5009573,serverless,30.0,30.0,61.559,False,200,
1787684494.5342906,serverless,30.0,30.0,58.338,False,200,
1787684494.5676239,serverless,30.0,30.0,45.718,False,200,
1787684494.6009574,serverless,30.0,30.0,57.126,False,200,
1787684494.6342907,serverless,30.0,30.0,41.825,False,200,
1787684494.667624,serverless,30.0,30.0,43.446,False,200,
1787684494.7009573,serverless,30.0,30.0,50.665,False,200,
1787684494.7342906,serverless,30.0,30.0,45.634,False,200,
1787684494.767624,serverless,30.0,30.0,44.055,False,200,
1787684494.8009572,serverless,30.0,30.0,48.368,False,200,
1787684494.8342907,serverless,30.0,30.0,44.962,False,200,
1787684494.867624,serverless,30.0,30.0,43.587,False,200,
1787684494.9009573,serverless,30.0,30.0,48.979,False,200,
1787684494.9342906,serverless,30.0,30.0,47.765,False,200,
1787684494.967624,serverless,30.0,30.0,74.818,False,200,
1787684495.0009573,serverless,30.0,30.0,33.384,False,200,
1787684495.0342906,serverless,30.0,30.0,39.361,False,200,
1787684495.0676239,serverless,30.0,30.0,64.687,False,200,
1787684495.1009574,serverless,30.0,30.0,36.312,False,200,
1787684495.1342907,serverless,30.0,30.0,47.66,False,200,
1787684495.167624,serverless,30.0,30.0,44.419,False,200,
1787684495.2009573,serverless,30.0,30.0,40.658,False,200,
1787684495.2342906,serverless,30.0,30.0,52.337,False,200,
1787684495.267624,serverless,30.0,30.0,49.045,False,200,
1787684495.3009572,serverless,30.0,30.0,45.16,False,200,
1787684495.3342907,serverless,30.0,30.0,58.151,False,200,
1787684495.367624,serverless,30.0,30.0,42.756,False,200,
1787684495.4009573,serverless,30.0,30.0,38.783,False,200,
1787684495.4342906,serverless,30.0,30.0,40.905,False,200,
1787684495.467624,serverless,30.0,30.0,43.099,False,200,
1787684495.5009573,serverless,30.0,30.0,63.052,False,200,
1787684495.5342906,serverless,30.0,30.0,45.23,False,200,
1787684495.5676239,serverless,30.0,30.0,49.13,False,200,
1787684495.6009574,serverless,30.0,30.0,68.87,False,200,
1787684495.6342907,serverless,30.0,30.0,65.431,False,200,
1787684495.667624,serverless,30.0,30.0,42.163,False,200,
1787684495.7009573,serverless,30.0,30.0,47.537,False,200,
1787684495.7342906,serverless,30.0,30.0,38.545,False,200,
1787684495.767624,serverless,30.0,30.0,52.017,False,200,
1787684495.8009572,serverless,30.0,30.0,78.613,False,200,
1787684495.8342907,serverless,30.0,30.0,59.997,False,200,
1787684495.867624,serverless,30.0,30.0,51.286,False,200,
1787684495.9009573,serverless,30.0,30.0,67.171,False,200,
1787684495.9342906,serverless,30.0,30.0,73.233,False,200,
1787684495.967624,serverless,30.0,30.0,49.767,False,200,
1787684496.0009573,serverless,30.0,30.0,53.161,False,200,
1787684496.0342906,serverless,30.0,30.0,46.074,False,200,
1787684496.0676239,serverless,30.0,30.0,26.925,False,200,
1787684496.1009574,serverless,30.0,30.0,40.52,False,200,
1787684496.1342907,serverless,30.0,30.0,43.654,False,200,
1787684496.167624,serverless,30.0,30.0,72.158,False,200,
1787684496.2009573,serverless,30.0,30.0,33.565,False,200,
1787684496.2342906,serverless,30.0,30.0,38.754,False,200,
1787684496.267624,serverless,30.0,30.0,62.991,False,200,
1787684496.3009572,serverless,30.0,30.0,57.703,False,200,
1787684496.3342907,serverless,30.0,30.0,39.008,False,200,
1787684496.367624,serverless,30.0,30.0,41.971,False,200,
1787684496.4009573,serverless,30.0,30.0,59.849,False,200,
1787684496.4342906,serverless,30.0,30.0,59.747,False,200,
1787684496.467624,serverless,30.0,30.0,48.41,False,200,
1787684496.5009573,serverless,30.0,30.0,54.459,False,200,
1787684496.5342906,serverless,30.0,30.0,45.187,False,200,
1787684496.5676239,serverless,30.0,30.0,59.006,False,200,
1787684496.6009574,serverless,30.0,30.0,48.312,False,200,
1787684496.6342907,serverless,30.0,30.0,58.191,False,200,
1787684496.667624,serverless,30.0,30.0,47.083,False,200,
1787684496.7009573,serverless,30.0,30.0,48.997,False,200,
1787684496.7342906,serverless,30.0,30.0,55.265,False,200,
1787684496.767624,serverless,30.0,30.0,53.874,False,200,
1787684496.8009572,serverless,30.0,30.0,62.078,False,200,
1787684496.8342907,serverless,30.0,30.0,52.325,False,200,
1787684496.867624,serverless,30.0,30.0,63.265,False,200,
1787684496.9009573,serverless,30.0,30.0,61.273,False,200,
1787684496.9342906,serverless,30.0,30.0,44.015,False,200,
1787684496.967624,serverless,30.0,30.0,44.555,False,200,
1787684497.0009573,serverless,30.0,30.0,43.62,False,200,
1787684497.0342906,serverless,30.0,30.0,45.002,False,200,
1787684497.0676239,serverless,30.0,30.0,43.959,False,200,
1787684497.1009574,serverless,30.0,30.0,47.025,False,200,
1787684497.1342907,serverless,30.0,30.0,43.801,False,200,
1787684497.167624,serverless,30.0,30.0,60.041,False,200,
1787684497.2009573,serverless,30.0,30.0,38.262,False,200,
1787684497.2342906,serverless,30.0,30.0,43.625,False,200,
1787684497.267624,serverless,30.0,30.0,41.35,False,200,
1787684497.3009572,serverless,30.0,30.0,49.53,False,200,
1787684497.3342907,serverless,30.0,30.0,49.775,False,200,
1787684497.367624,serverless,30.0,30.0,45.546,False,200,
1787684497.4009573,serverless,30.0,30.0,48.342,False,200,
1787684497.4342906,serverless,30.0,30.0,49.974,False,200,
1787684497.467624,serverless,30.0,30.0,44.87,False,200,
1787684497.5009573,serverless,30.0,30.0,50.287,False,200,
1787684497.5342906,serverless,30.0,30.0,53.163,False,200,
1787684497.5676239,serverless,30.0,30.0,43.859,False,200,
1787684497.6009574,serverless,30.0,30.0,59.806,False,200,
1787684497.6342907,serverless,30.0,30.0,65.904,False,200,
1787684497.667624,serverless,30.0,30.0,39.526,False,200,
1787684497.7009573,serverless,30.0,30.0,36.234,False,200,
1787684497.7342906,serverless,30.0,30.0,40.514,False,200,
1787684497.767624,serverless,30.0,30.0,52.539,False,200,
1787684497.8009572,serverless,30.0,30.0,51.265,False,200,
1787684497.8342907,serverless,30.0,30.0,58.833,False,200,
1787684497.867624,serverless,30.0,30.0,48.632,False,200,
1787684497.9009573,serverless,30.0,30.0,54.663,False,200,
1787684497.9342906,serverless,30.0,30.0,45.547,False,200,
1787684497.967624,serverless,30.0,30.0,56.332,False,200,
1787684498.0009573,serverless,30.0,30.0,61.178,False,200,
1787684498.0342906,serverless,30.0,30.0,46.129,False,200,
1787684498.0676239,serverless,30.0,30.0,46.864,False,200,
1787684498.1009574,serverless,30.0,30.0,43.431,False,200,
1787684498.1342907,serverless,30.0,30.0,54.213,False,200,
1787684498.167624,serverless,30.0,30.0,53.279,False,200,
1787684498.2009573,serverless,30.0,30.0,34.404,False,200,
1787684498.2342906,serverless,30.0,30.0,46.059,False,200,
1787684498.267624,serverless,30.0,30.0,43.975,False,200,
1787684498.3009572,serverless,30.0,30.0,65.161,False,200,
1787684498.3342907,serverless,30.0,30.0,49.588,False,200,
1787684498.367624,serverless,30.0,30.0,50.9,False,200,
1787684498.4009573,serverless,30.0,30.0,51.768,False,200,
1787684498.4342906,serverless,30.0,30.0,55.03,False,200,
1787684498.467624,serverless,30.0,30.0,39.979,False,200,
1787684498.5009573,serverless,30.0,30.0,58.657,False,200,
1787684498.5342906,serverless,30.0,30.0,35.857,False,200,
1787684498.5676239,serverless,30.0,30.0,41.999,False,200,
1787684498.6009574,serverless,30.0,30.0,72.796,False,200,
1787684498.6342907,serverless,30.0,30.0,60.994,False,200,
1787684498.667624,serverless,30.0,30.0,46.64,False,200,
1787684498.7009573,serverless,30.0,30.0,48.327,False,200,
1787684498.7342906,serverless,30.0,30.0,42.223,False,200,
1787684498.767624,serverless,30.0,30.0,69.147,False,200,
1787684498.8009572,serverless,30.0,30.0,42.522,False,200,
1787684498.8342907,serverless,30.0,30.0,42.337,False,200,
1787684498.867624,serverless,30.0,30.0,49.392,False,200,
1787684498.9009573,serverless,30.0,30.0,48.909,False,200,
1787684498.9342906,serverless,30.0,30.0,50.222,False,200,
1787684498.967624,serverless,30.0,30.0,47.813,False,200,
1787684499.0009573,serverless,30.0,30.0,46.747,False,200,
1787684499.0342906,serverless,30.0,30.0,68.411,False,200,
1787684499.0676239,serverless,30.0,30.0,35.753,False,200,
1787684499.1009574,serverless,30.0,30.0,60.821,False,200,
1787684499.1342907,serverless,30.0,30.0,41.359,False,200,
1787684499.167624,serverless,30.0,30.0,51.689,False,200,
1787684499.2009573,serverless,30.0,30.0,53.646,False,200,
1787684499.2342906,serverless,30.0,30.0,37.141,False,200,
1787684499.267624,serverless,30.0,30.0,46.48,False,200,
1787684499.3009572,serverless,30.0,30.0,43.837,False,200,
1787684499.3342907,serverless,30.0,30.0,42.894,False,200,
1787684499.367624,serverless,30.0,30.0,53.949,False,200,
1787684499.4009573,serverless,30.0,30.0,55.645,False,200,
1787684499.4342906,serverless,30.0,30.0,36.526,False,200,
1787684499.467624,serverless,30.0,30.0,56.569,False,200,
1787684499.5009573,serverless,30.0,30.0,46.274,False,200,
1787684499.5342906,serverless,30.0,30.0,65.222,False,200,
1787684499.5676239,serverless,30.0,30.0,54.038,False,200,
1787684499.6009574,serverless,30.0,30.0,59.624,False,200,
1787684499.6342907,serverless,30.0,30.0,55.365,False,200,
1787684499.667624,serverless,30.0,30.0,46.595,False,200,
1787684499.7009573,serverless,30.0,30.0,52.402,False,200,
1787684499.7342906,serverless,30.0,30.0,45.633,False,200,
1787684499.767624,serverless,30.0,30.0,60.704,False,200,
1787684499.8009572,serverless,30.0,30.0,51.016,False,200,
1787684499.8342907,serverless,30.0,30.0,54.858,False,200,
1787684499.867624,serverless,30.0,30.0,45.476,False,200,
1787684499.9009573,serverless,30.0,30.0,51.552,False,200,
1787684499.9342906,serverless,30.0,30.0,50.708,False,200,
1787684499.967624,serverless,30.0,30.0,37.676,False,200,
1787684500.0009573,serverless,30.0,30.0,63.842,False,200,
1787684500.0342906,serverless,30.0,30.0,25.742,False,200,
1787684500.0676239,serverless,30.0,30.0,43.568,False,200,
1787684500.1009574,serverless,30.0,30.0,49.006,False,200,
1787684500.1342907,serverless,30.0,30.0,49.614,False,200,
1787684500.167624,serverless,30.0,30.0,43.436,False,200,
1787684500.2009573,serverless,30.0,30.0,52.563,False,200,
1787684500.2342906,serverless,30.0,30.0,50.61,False,200,
1787684500.267624,serverless,30.0,30.0,57.877,False,200,
1787684500.3009572,serverless,30.0,30.0,52.206,False,200,
1787684500.3342907,serverless,30.0,30.0,70.317,False,200,
1787684500.367624,serverless,30.0,30.0,53.435,False,200,
1787684500.4009573,serverless,30.0,30.0,52.878,False,200,
1787684500.4342906,serverless,30.0,30.0,47.77,False,200,
1787684500.467624,serverless,30.0,30.0,58.054,False,200,
1787684500.5009573,serverless,30.0,30.0,39.173,False,200,
1787684500.5342906,serverless,30.0,30.0,40.421,False,200,
1787684500.5676239,serverless,30.0,30.0,58.698,False,200,
1787684500.6009574,serverless,30.0,30.0,79.478,False,200,
1787684500.6342907,serverless,30.0,30.0,43.487,False,200,
1787684500.667624,serverless,30.0,30.0,37.469,False,200,
1787684500.7009573,serverless,30.0,30.0,38.255,False,200,
1787684500.7342906,serverless,30.0,30.0,40.832,False,200,
1787684500.767624,serverless,30.0,30.0,46.639,False,200,
1787684500.8009572,serverless,30.0,30.0,38.073,False,200,
1787684500.8342907,serverless,30.0,30.0,44.226,False,200,
1787684500.867624,serverless,30.0,30.0,51.8,False,200,
1787684500.9009573,serverless,30.0,30.0,70.761,False,200,
1787684500.9342906,serverless,30.0,30.0,52.956,False,200,
1787684500.967624,serverless,30.0,30.0,73.719,False,200,
1787684501.0009573,serverless,30.0,30.0,52.123,False,200,
1787684501.0342906,serverless,30.0,30.0,47.953,False,200,
1787684501.0676239,serverless,30.0,30.0,39.238,False,200,
1787684501.1009574,serverless,30.0,30.0,63.614,False,200,
1787684501.1342907,serverless,30.0,30.0,38.446,False,200,
1787684501.167624,serverless,30.0,30.0,55.418,False,200,
1787684501.2009573,serverless,30.0,30.0,51.451,False,200,
1787684501.2342906,serverless,30.0,30.0,52.67,False,200,
1787684501.267624,serverless,30.0,30.0,53.333,False,200,
1787684501.3009572,serverless,30.0,30.0,42.31,False,200,
1787684501.3342907,serverless,30.0,30.0,64.288,False,200,
1787684501.367624,serverless,30.0,30.0,57.824,False,200,
1787684501.4009573,serverless,30.0,30.0,48.548,False,200,
1787684501.4342906,serverless,30.0,30.0,59.399,False,200,
1787684501.467624,serverless,30.0,30.0,51.078,False,200,
1787684501.5009573,serverless,30.0,30.0,63.837,False,200,
1787684501.5342906,serverless,30.0,30.0,40.042,False,200,
1787684501.5676239,serverless,30.0,30.0,755.367,True,200,
1787684501.6009574,serverless,30.0,30.0,58.818,False,200,
1787684501.6342907,serverless,30.0,30.0,46.216,False,200,
1787684501.667624,serverless,30.0,30.0,51.373,False,200,
1787684501.7009573,serverless,30.0,30.0,31.327,False,200,
1787684501.7342906,serverless,30.0,30.0,60.633,False,200,
1787684501.767624,serverless,30.0,30.0,31.536,False,200,
1787684501.8009572,serverless,30.0,30.0,59.761,False,200,
1787684501.8342907,serverless,30.0,30.0,60.507,False,200,
1787684501.867624,serverless,30.0,30.0,52.545,False,200,
1787684501.9009573,serverless,30.0,30.0,37.877,False,200,
1787684501.9342906,serverless,30.0,30.0,39.772,False,200,
1787684501.967624,serverless,30.0,30.0,68.71,False,200,
1787684502.0009573,serverless,30.0,30.0,30.295,False,200,
1787684502.0342906,serverless,30.0,30.0,61.66,False,200,
1787684502.0676239,serverless,30.0,30.0,45.635,False,200,
1787684502.1009574,serverless,30.0,30.0,43.919,False,200,
1787684502.1342907,serverless,30.0,30.0,43.214,False,200,
1787684502.167624,serverless,30.0,30.0,42.503,False,200,
1787684502.2009573,serverless,30.0,30.0,51.263,False,200,
1787684502.2342906,serverless,30.0,30.0,67.899,False,200,
1787684502.267624,serverless,30.0,30.0,42.364,False,200,
1787684502.3009572,serverless,30.0,30.0,45.068,False,200,
1787684502.3342907,serverless,30.0,30.0,65.084,False,200,
1787684502.367624,serverless,30.0,30.0,47.785,False,200,
1787684502.4009573,serverless,30.0,30.0,31.612,False,200,
1787684502.4342906,serverless,30.0,30.0,44.777,False,200,
1787684502.467624,serverless,30.0,30.0,45.845,False,200,
1787684502.5009573,serverless,30.0,30.0,997.917,True,200,
1787684502.5342906,serverless,30.0,30.0,30.971,False,200,
1787684502.5676239,serverless,30.0,30.0,47.154,False,200,
1787684502.6009574,serverless,30.0,30.0,50.467,False,200,
1787684502.6342907,serverless,30.0,30.0,34.956,False,200,
1787684502.667624,serverless,30.0,30.0,42.045,False,200,
1787684502.7009573,serverless,30.0,30.0,45.573,False,200,
1787684502.7342906,serverless,30.0,30.0,48.549,False,200,
1787684502.767624,serverless,30.0,30.0,54.33,False,200,
1787684502.8009572,serverless,30.0,30.0,44.514,False,200,
1787684502.8342907,serverless,30.0,30.0,52.287,False,200,
1787684502.867624,serverless,30.0,30.0,51.467,False,200,
1787684502.9009573,serverless,30.0,30.0,57.531,False,200,
1787684502.9342906,serverless,30.0,30.0,40.361,False,200,
1787684502.967624,serverless,30.0,30.0,40.057,False,200,
1787684503.0009573,serverless,30.0,30.0,64.318,False,200,
1787684503.0342906,serverless,30.0,30.0,61.818,False,200,
1787684503.0676239,serverless,30.0,30.0,58.992,False,200,
1787684503.1009574,serverless,30.0,30.0,37.944,False,200,
1787684503.1342907,serverless,30.0,30.0,72.935,False,200,
1787684503.167624,serverless,30.0,30.0,82.484,False,200,
1787684503.2009573,serverless,30.0,30.0,74.269,False,200,
1787684503.2342906,serverless,30.0,30.0,44.199,False,200,
1787684503.267624,serverless,30.0,30.0,61.255,False,200,
1787684503.3009572,serverless,30.0,30.0,53.947,False,200,
1787684503.3342907,serverless,30.0,30.0,41.325,False,200,
1787684503.367624,serverless,30.0,30.0,46.487,False,200,
1787684503.4009573,serverless,30.0,30.0,61.131,False,200,
1787684503.4342906,serverless,30.0,30.0,66.401,False,200,
1787684503.467624,serverless,30.0,30.0,74.248,False,200,
1787684503.5009573,serverless,30.0,30.0,53.513,False,200,
1787684503.5342906,serverless,30.0,30.0,52.309,False,200,
1787684503.5676239,serverless,30.0,30.0,61.774,False,200,
1787684503.6009574,serverless,30.0,30.0,31.934,False,200,
1787684503.6342907,serverless,30.0,30.0,59.951,False,200,
1787684503.667624,serverless,30.0,30.0,47.27,False,200,
1787684503.7009573,serverless,30.0,30.0,39.106,False,200,
1787684503.7342906,serverless,30.0,30.0,36.706,False,200,
1787684503.767624,serverless,30.0,30.0,40.201,False,200,
1787684503.8009572,serverless,30.0,30.0,38.862,False,200,
1787684503.8342907,serverless,30.0,30.0,37.297,False,200,
1787684503.867624,serverless,30.0,30.0,47.841,False,200,
1787684503.9009573,serverless,30.0,30.0,49.204,False,200,
1787684503.9342906,serverless,30.0,30.0,56.157,False,200,
1787684503.967624,serverless,30.0,30.0,60.915,False,200,
1787684504.0009573,serverless,30.0,30.0,34.476,False,200,
1787684504.0342906,serverless,30.0,30.0,59.81,False,200,
1787684504.0676239,serverless,30.0,30.0,39.823,False,200,
1787684504.1009574,serverless,30.0,30.0,41.407,False,200,
1787684504.1342907,serverless,30.0,30.0,60.058,False,200,
1787684504.167624,serverless,30.0,30.0,54.505,False,200,
1787684504.2009573,serverless,30.0,30.0,45.727,False,200,
1787684504.2342906,serverless,30.0,30.0,37.836,False,200,
1787684504.267624,serverless,30.0,30.0,43.747,False,200,
1787684504.3009572,serverless,30.0,30.0,48.986,False,200,
1787684504.3342907,serverless,30.0,30.0,66.259,False,200,
1787684504.367624,serverless,30.0,30.0,53.361,False,200,
1787684504.4009573,serverless,30.0,30.0,71.813,False,200,
1787684504.4342906,serverless,30.0,30.0,58.749,False,200,
1787684504.467624,serverless,30.0,30.0,58.68,False,200,
1787684504.5009573,serverless,30.0,30.0,51.127,False,200,
1787684504.5342906,serverless,30.0,30.0,47.937,False,200,
1787684504.5676239,serverless,30.0,30.0,58.246,False,200,
1787684504.6009574,serverless,30.0,30.0,60.846,False,200,
1787684504.6342907,serverless,30.0,30.0,38.187,False,200,
1787684504.667624,serverless,30.0,30.0,59.338,False,200,
1787684504.7009573,serverless,30.0,30.0,57.213,False,200,
1787684504.7342906,serverless,30.0,30.0,37.72,False,200,
1787684504.767624,serverless,30.0,30.0,46.905,False,200,
1787684504.8009572,serverless,30.0,30.0,53.179,False,200,
1787684504.8342907,serverless,30.0,30.0,51.056,False,200,
1787684504.867624,serverless,30.0,30.0,51.209,False,200,
1787684504.9009573,serverless,30.0,30.0,54.614,False,200,
1787684504.9342906,serverless,30.0,30.0,46.864,False,200,
1787684504.967624,serverless,30.0,30.0,38.691,False,200,
1787684505.0009573,serverless,30.0,30.0,42.189,False,200,
1787684505.0342906,serverless,30.0,30.0,39.072,False,200,
1787684505.0676239,serverless,30.0,30.0,52.764,False,200,
1787684505.1009574,serverless,30.0,30.0,43.918,False,200,
1787684505.1342907,serverless,30.0,30.0,61.419,False,200,
1787684505.167624,serverless,30.0,30.0,50.255,False,200,
1787684505.2009573,serverless,30.0,30.0,49.176,False,200,
1787684505.2342906,serverless,30.0,30.0,49.445,False,200,
1787684505.267624,serverless,30.0,30.0,65.741,False,200,
1787684505.3009572,serverless,30.0,30.0,49.34,False,200,
1787684505.3342907,serverless,30.0,30.0,32.426,False,200,
1787684505.367624,serverless,30.0,30.0,63.319,False,200,
1787684505.4009573,serverless,30.0,30.0,43.408,False,200,
1787684505.4342906,serverless,30.0,30.0,69.027,False,200,
1787684505.467624,serverless,30.0,30.0,57.551,False,200,
1787684505.5009573,serverless,30.0,30.0,63.195,False,200,
1787684505.5342906,serverless,30.0,30.0,55.364,False,200,
1787684505.5676239,serverless,30.0,30.0,58.446,False,200,
1787684505.6009574,serverless,30.0,30.0,50.755,False,200,
1787684505.6342907,serverless,30.0,30.0,59.676,False,200,
1787684505.667624,serverless,30.0,30.0,53.478,False,200,
1787684505.7009573,serverless,30.0,30.0,40.129,False,200,
1787684505.7342906,serverless,30.0,30.0,52.792,False,200,
1787684505.767624,serverless,30.0,30.0,49.948,False,200,
1787684505.8009572,serverless,30.0,30.0,56.845,False,200,
1787684505.8342907,serverless,30.0,30.0,51.753,False,200,
1787684505.867624,serverless,30.0,30.0,42.286,False,200,
1787684505.9009573,serverless,30.0,30.0,58.667,False,200,
1787684505.9342906,serverless,30.0,30.0,42.711,False,200,
1787684505.967624,serverless,30.0,30.0,35.911,False,200,
1787684506.0009573,serverless,30.0,30.0,31.059,False,200,
1787684506.0342906,serverless,30.0,30.0,54.735,False,200,
1787684506.0676239,serverless,30.0,30.0,38.902,False,200,
1787684506.1009574,serverless,30.0,30.0,43.728,False,200,
1787684506.1342907,serverless,30.0,30.0,66.515,False,200,
1787684506.167624,serverless,30.0,30.0,43.856,False,200,
1787684506.2009573,serverless,30.0,30.0,53.277,False,200,
1787684506.2342906,serverless,30.0,30.0,64.708,False,200,
1787684506.267624,serverless,30.0,30.0,47.05,False,200,
1787684506.3009572,serverless,30.0,30.0,49.891,False,200,
1787684506.3342907,serverless,30.0,30.0,55.562,False,200,
1787684506.367624,serverless,30.0,30.0,52.168,False,200,
1787684506.4009573,serverless,30.0,30.0,45.21,False,200,
1787684506.4342906,serverless,30.0,30.0,59.538,False,200,
1787684506.467624,serverless,30.0,30.0,56.849,False,200,
1787684506.5009573,serverless,30.0,30.0,52.83,False,200,
1787684506.5342906,serverless,30.0,30.0,36.401,False,200,
1787684506.5676239,serverless,30.0,30.0,54.722,False,200,
1787684506.6009574,serverless,30.0,30.0,77.192,False,200,
1787684506.6342907,serverless,30.0,30.0,45.685,False,200,
1787684506.667624,serverless,30.0,30.0,81.469,False,200,
1787684506.7009573,serverless,30.0,30.0,39.744,False,200,
1787684506.7342906,serverless,30.0,30.0,55.159,False,200,
1787684506.767624,serverless,30.0,30.0,67.524,False,200,
1787684506.8009572,serverless,30.0,30.0,38.183,False,200,
1787684506.8342907,serverless,30.0,30.0,43.723,False,200,
1787684506.867624,serverless,30.0,30.0,38.758,False,200,
1787684506.9009573,serverless,30.0,30.0,39.838,False,200,
1787684506.9342906,serverless,30.0,30.0,54.916,False,200,
1787684506.967624,serverless,30.0,30.0,61.494,False,200,
1787684507.0009573,serverless,30.0,30.0,52.495,False,200,
1787684507.0342906,serverless,30.0,30.0,39.419,False,200,
1787684507.0676239,serverless,30.0,30.0,54.633,False,200,
1787684507.1009574,serverless,30.0,30.0,37.451,False,200,
1787684507.1342907,serverless,30.0,30.0,41.448,False,200,
1787684507.167624,serverless,30.0,30.0,64.995,False,200,
1787684507.2009573,serverless,30.0,30.0,71.582,False,200,
1787684507.2342906,serverless,30.0,30.0,51.137,False,200,
1787684507.267624,serverless,30.0,30.0,69.903,False,200,
1787684507.3009572,serverless,30.0,30.0,44.163,False,200,
1787684507.3342907,serverless,30.0,30.0,62.087,False,200,
1787684507.367624,serverless,30.0,30.0,50.151,False,200,
1787684507.4009573,serverless,30.0,30.0,53.469,False,200,
1787684507.4342906,serverless,30.0,30.0,34.486,False,200,
1787684507.467624,serverless,30.0,30.0,62.801,False,200,
1787684507.5009573,serverless,30.0,30.0,43.33,False,200,
1787684507.5342906,serverless,30.0,30.0,66.596,False,200,
1787684507.5676239,serverless,30.0,30.0,48.399,False,200,
1787684507.6009574,serverless,30.0,30.0,48.092,False,200,
1787684507.6342907,serverless,30.0,30.0,48.628,False,200,
1787684507.667624,serverless,30.0,30.0,40.751,False,200,
1787684507.7009573,serverless,30.0,30.0,80.302,False,200,
1787684507.7342906,serverless,30.0,30.0,65.347,False,200,
1787684507.767624,serverless,30.0,30.0,36.903,False,200,
1787684507.8009572,serverless,30.0,30.0,51.168,False,200,
1787684507.8342907,serverless,30.0,30.0,39.786,False,200,
1787684507.867624,serverless,30.0,30.0,37.32,False,200,
1787684507.9009573,serverless,30.0,30.0,45.448,False,200,
1787684507.9342906,serverless,30.0,30.0,57.604,False,200,
1787684507.967624,serverless,30.0,30.0,57.023,False,200,
1787684508.0009573,serverless,30.0,30.0,61.332,False,200,
1787684508.0342906,serverless,30.0,30.0,57.8,False,200,
1787684508.0676239,serverless,30.0,30.0,61.612,False,200,
1787684508.1009574,serverless,30.0,30.0,54.872,False,200,
1787684508.1342907,serverless,30.0,30.0,45.777,False,200,
1787684508.167624,serverless,30.0,30.0,45.041,False,200,
1787684508.2009573,serverless,30.0,30.0,31.088,False,200,
1787684508.2342906,serverless,30.0,30.0,46.942,False,200,
1787684508.267624,serverless,30.0,30.0,59.511,False,200,
1787684508.3009572,serverless,30.0,30.0,59.772,False,200,
1787684508.3342907,serverless,30.0,30.0,44.539,False,200,
1787684508.367624,serverless,30.0,30.0,48.846,False,200,
1787684508.4009573,serverless,30.0,30.0,48.656,False,200,
1787684508.4342906,serverless,30.0,30.0,32.849,False,200,
1787684508.467624,serverless,30.0,30.0,53.056,False,200,
1787684508.5009573,serverless,30.0,30.0,49.251,False,200,
1787684508.5342906,serverless,30.0,30.0,78.573,False,200,
1787684508.5676239,serverless,30.0,30.0,29.82,False,200,
1787684508.6009574,serverless,30.0,30.0,53.65,False,200,
1787684508.6342907,serverless,30.0,30.0,35.23,False,200,
1787684508.667624,serverless,30.0,30.0,46.639,False,200,
1787684508.7009573,serverless,30.0,30.0,48.873,False,200,
1787684508.7342906,serverless,30.0,30.0,46.52,False,200,
1787684508.767624,serverless,30.0,30.0,61.762,False,200,
1787684508.8009572,serverless,30.0,30.0,43.459,False,200,
1787684508.8342907,serverless,30.0,30.0,41.176,False,200,
1787684508.867624,serverless,30.0,30.0,47.085,False,200,
1787684508.9009573,serverless,30.0,30.0,64.924,False,200,
1787684508.9342906,serverless,30.0,30.0,46.232,False,200,
1787684508.967624,serverless,30.0,30.0,53.619,False,200,
1787684509.0009573,serverless,30.0,30.0,74.055,False,200,
1787684509.0342906,serverless,30.0,30.0,49.912,False,200,
1787684509.0676239,serverless,30.0,30.0,41.682,False,200,
1787684509.1009574,serverless,30.0,30.0,50.467,False,200,
1787684509.1342907,serverless,30.0,30.0,37.044,False,200,
1787684509.167624,serverless,30.0,30.0,52.811,False,200,
1787684509.2009573,serverless,30.0,30.0,41.749,False,200,
1787684509.2342906,serverless,30.0,30.0,42.713,False,200,
1787684509.267624,serverless,30.0,30.0,55.0,False,200,
1787684509.3009572,serverless,30.0,30.0,62.67,False,200,
1787684509.3342907,serverless,30.0,30.0,65.424,False,200,
1787684509.367624,serverless,30.0,30.0,76.862,False,200,
1787684509.4009573,serverless,30.0,30.0,47.032,False,200,
1787684509.4342906,serverless,30.0,30.0,50.616,False,200,
1787684509.467624,serverless,30.0,30.0,50.759,False,200,
1787684509.5009573,serverless,30.0,30.0,53.844,False,200,
1787684509.5342906,serverless,30.0,30.0,52.137,False,200,
1787684509.5676239,serverless,30.0,30.0,54.228,False,200,
1787684509.6009574,serverless,30.0,30.0,50.65,False,200,
1787684509.6342907,serverless,30.0,30.0,63.92,False,200,
1787684509.667624,serverless,30.0,30.0,53.378,False,200,
1787684509.7009573,serverless,30.0,30.0,50.662,False,200,
1787684509.7342906,serverless,30.0,30.0,48.411,False,200,
1787684509.767624,serverless,30.0,30.0,59.398,False,200,
1787684509.8009572,serverless,30.0,30.0,54.083,False,200,
1787684509.8342907,serverless,30.0,30.0,41.782,False,200,
1787684509.867624,serverless,30.0,30.0,45.696,False,200,
1787684509.9009573,serverless,30.0,30.0,53.575,False,200,
1787684509.9342906,serverless,30.0,30.0,63.165,False,200,
1787684509.967624,serverless,30.0,30.0,57.601,False,200,
1787684510.0009573,serverless,30.0,30.0,51.564,False,200,
1787684510.0342906,serverless,30.0,30.0,47.736,False,200,
1787684510.0676239,serverless,30.0,30.0,56.805,False,200,
1787684510.1009574,serverless,30.0,30.0,47.113,False,200,
1787684510.1342907,serverless,30.0,30.0,60.685,False,200,
1787684510.167624,serverless,30.0,30.0,40.264,False,200,
1787684510.2009573,serverless,30.0,30.0,74.924,False,200,
1787684510.2342906,serverless,30.0,30.0,41.071,False,200,
1787684510.267624,serverless,30.0,30.0,58.132,False,200,
1787684510.3009572,serverless,30.0,30.0,37.562,False,200,
1787684510.3342907,serverless,30.0,30.0,45.127,False,200,
1787684510.367624,serverless,30.0,30.0,52.139,False,200,
1787684510.4009573,serverless,30.0,30.0,40.283,False,200,
1787684510.4342906,serverless,30.0,30.0,45.483,False,200,
1787684510.467624,serverless,30.0,30.0,52.944,False,200,
1787684510.5009573,serverless,30.0,30.0,75.863,False,200,
1787684510.5342906,serverless,30.0,30.0,58.563,False,200,
1787684510.5676239,serverless,30.0,30.0,45.359,False,200,
1787684510.6009574,serverless,30.0,30.0,43.996,False,200,
1787684510.6342907,serverless,30.0,30.0,41.518,False,200,
1787684510.667624,serverless,30.0,30.0,53.925,False,200,
1787684510.7009573,serverless,30.0,30.0,55.279,False,200,
1787684510.7342906,serverless,30.0,30.0,58.536,False,200,
1787684510.767624,serverless,30.0,30.0,56.344,False,200,
1787684510.8009572,serverless,30.0,30.0,55.698,False,200,
1787684510.8342907,serverless,30.0,30.0,44.714,False,200,
1787684510.867624,serverless,30.0,30.0,47.172,False,200,
1787684510.9009573,serverless,30.0,30.0,60.709,False,200,
1787684510.9342906,serverless,30.0,30.0,45.389,False,200,
1787684510.967624,serverless,30.0,30.0,40.999,False,200,
1787684511.0009573,serverless,30.0,30.0,47.825,False,200,
1787684511.0342906,serverless,30.0,30.0,44.496,False,200,
1787684511.0676239,serverless,30.0,30.0,44.087,False,200,
1787684511.1009574,serverless,30.0,30.0,37.949,False,200,
1787684511.1342907,serverless,30.0,30.0,60.621,False,200,
1787684511.167624,serverless,30.0,30.0,50.804,False,200,
1787684511.2009573,serverless,30.0,30.0,50.193,False,200,
1787684511.2342906,serverless,30.0,30.0,46.82,False,200,
1787684511.267624,serverless,30.0,30.0,46.055,False,200,
1787684511.3009572,serverless,30.0,30.0,50.524,False,200,
1787684511.3342907,serverless,30.0,30.0,38.054,False,200,
1787684511.367624,serverless,30.0,30.0,51.345,False,200,
1787684511.4009573,serverless,30.0,30.0,47.72,False,200,
1787684511.4342906,serverless,30.0,30.0,84.651,False,200,
1787684511.467624,serverless,30.0,30.0,53.956,False,200,
1787684511.5009573,serverless,30.0,30.0,31.723,False,200,
1787684511.5342906,serverless,30.0,30.0,45.939,False,200,
1787684511.5676239,serverless,30.0,30.0,44.228,False,200,
1787684511.6009574,serverless,30.0,30.0,50.506,False,200,
1787684511.6342907,serverless,30.0,30.0,66.167,False,200,
1787684511.667624,serverless,30.0,30.0,63.969,False,200,
1787684511.7009573,serverless,30.0,30.0,40.268,False,200,
1787684511.7342906,serverless,30.0,30.0,59.891,False,200,
1787684511.767624,serverless,30.0,30.0,50.287,False,200,
1787684511.8009572,serverless,30.0,30.0,45.497,False,200,
1787684511.8342907,serverless,30.0,30.0,52.217,False,200,
1787684511.867624,serverless,30.0,30.0,41.126,False,200,
1787684511.9009573,serverless,30.0,30.0,36.199,False,200,
1787684511.9342906,serverless,30.0,30.0,48.584,False,200,
1787684511.967624,serverless,30.0,30.0,56.477,False,200,
1787684512.0009573,serverless,30.0,30.0,41.347,False,200,
1787684512.0342906,serverless,30.0,30.0,39.931,False,200,
1787684512.0676239,serverless,30.0,30.0,54.371,False,200,
1787684512.1009574,serverless,30.0,30.0,61.875,False,200,
1787684512.1342907,serverless,30.0,30.0,53.476,False,200,
1787684512.167624,serverless,30.0,30.0,45.934,False,200,
1787684512.2009573,serverless,30.0,30.0,40.924,False,200,
1787684512.2342906,serverless,30.0,30.0,43.026,False,200,
1787684512.267624,serverless,30.0,30.0,60.88,False,200,
1787684512.3009572,serverless,30.0,30.0,45.35,False,200,
1787684512.3342907,serverless,30.0,30.0,50.553,False,200,
1787684512.367624,serverless,30.0,30.0,42.698,False,200,
1787684512.4009573,serverless,30.0,30.0,46.554,False,200,
1787684512.4342906,serverless,30.0,30.0,59.6,False,200,
1787684512.467624,serverless,30.0,30.0,45.198,False,200,
1787684512.5009573,serverless,30.0,30.0,59.895,False,200,
1787684512.5342906,serverless,30.0,30.0,59.87,False,200,
1787684512.5676239,serverless,30.0,30.0,41.703,False,200,
1787684512.6009574,serverless,30.0,30.0,46.106,False,200,
1787684512.6342907,serverless,30.0,30.0,848.557,True,200,
1787684512.667624,serverless,30.0,30.0,54.116,False,200,
1787684512.7009573,serverless,30.0,30.0,59.542,False,200,
1787684512.7342906,serverless,30.0,30.0,35.117,False,200,
1787684512.767624,serverless,30.0,30.0,43.381,False,200,
1787684512.8009572,serverless,30.0,30.0,806.494,True,200,
1787684512.8342907,serverless,30.0,30.0,58.246,False,200,
1787684512.867624,serverless,30.0,30.0,48.628,False,200,
1787684512.9009573,serverless,30.0,30.0,47.062,False,200,
1787684512.9342906,serverless,30.0,30.0,47.839,False,200,
1787684512.967624,serverless,30.0,30.0,38.332,False,200,
1787684513.0009573,serverless,30.0,30.0,41.121,False,200,
1787684513.0342906,serverless,30.0,30.0,56.594,False,200,
1787684513.0676239,serverless,30.0,30.0,34.237,False,200,
1787684513.1009574,serverless,30.0,30.0,58.5,False,200,
1787684513.1342907,serverless,30.0,30.0,47.471,False,200,
1787684513.167624,serverless,30.0,30.0,60.984,False,200,
1787684513.2009573,serverless,30.0,30.0,57.489,False,200,
1787684513.2342906,serverless,30.0,30.0,35.889,False,200,
1787684513.267624,serverless,30.0,30.0,66.663,False,200,
1787684513.3009572,serverless,30.0,30.0,42.182,False,200,
1787684513.3342907,serverless,30.0,30.0,54.671,False,200,
1787684513.367624,serverless,30.0,30.0,47.329,False,200,
1787684513.4009573,serverless,30.0,30.0,53.986,False,200,
1787684513.4342906,serverless,30.0,30.0,69.133,False,200,
1787684513.467624,serverless,30.0,30.0,44.463,False,200,
1787684513.5009573,serverless,30.0,30.0,58.731,False,200,
1787684513.5342906,serverless,30.0,30.0,37.092,False,200,
1787684513.5676239,serverless,30.0,30.0,41.191,False,200,
1787684513.6009574,serverless,30.0,30.0,38.616,False,200,
1787684513.6342907,serverless,30.0,30.0,59.836,False,200,
1787684513.667624,serverless,30.0,30.0,46.871,False,200,
1787684513.7009573,serverless,30.0,30.0,47.616,False,200,
1787684513.7342906,serverless,30.0,30.0,69.645,False,200,
1787684513.767624,serverless,30.0,30.0,34.198,False,200,
1787684513.8009572,serverless,30.0,30.0,48.14,False,200,
1787684513.8342907,serverless,30.0,30.0,36.088,False,200,
1787684513.867624,serverless,30.0,30.0,44.818,False,200,
1787684513.9009573,serverless,30.0,30.0,44.878,False,200,
1787684513.9342906,serverless,30.0,30.0,70.979,False,200,
1787684513.967624,serverless,30.0,30.0,60.345,False,200,
1787684514.0009573,serverless,30.0,30.0,39.594,False,200,
1787684514.0342906,serverless,30.0,30.0,53.76,False,200,
1787684514.0676239,serverless,30.0,30.0,40.127,False,200,
1787684514.1009574,serverless,30.0,30.0,47.039,False,200,
1787684514.1342907,serverless,30.0,30.0,1163.701,True,200,
1787684514.167624,serverless,30.0,30.0,80.314,False,200,
1787684514.2009573,serverless,30.0,30.0,41.496,False,200,
1787684514.2342906,serverless,30.0,30.0,47.12,False,200,
1787684514.267624,serverless,30.0,30.0,42.654,False,200,
1787684514.3009572,serverless,30.0,30.0,69.584,False,200,
1787684514.3342907,serverless,30.0,30.0,41.891,False,200,
1787684514.367624,serverless,30.0,30.0,48.635,False,200,
1787684514.4009573,serverless,30.0,30.0,36.482,False,200,
1787684514.4342906,serverless,30.0,30.0,54.185,False,200,
1787684514.467624,serverless,30.0,30.0,51.117,False,200,
1787684514.5009573,serverless,30.0,30.0,43.902,False,200,
1787684514.5342906,serverless,30.0,30.0,41.823,False,200,
1787684514.5676239,serverless,30.0,30.0,71.697,False,200,
1787684514.6009574,serverless,30.0,30.0,74.032,False,200,
1787684514.6342907,serverless,30.0,30.0,46.857,False,200,
1787684514.667624,serverless,30.0,30.0,62.226,False,200,
1787684514.7009573,serverless,30.0,30.0,51.877,False,200,
1787684514.7342906,serverless,30.0,30.0,61.262,False,200,
1787684514.767624,serverless,30.0,30.0,44.344,False,200,
1787684514.8009572,serverless,30.0,30.0,48.398,False,200,
1787684514.8342907,serverless,30.0,30.0,70.758,False,200,
1787684514.867624,serverless,30.0,30.0,53.576,False,200,
1787684514.9009573,serverless,30.0,30.0,55.902,False,200,
1787684514.9342906,serverless,30.0,30.0,59.045,False,200,
1787684514.967624,serverless,30.0,30.0,66.379,False,200,
1787684515.0009573,serverless,30.0,30.0,37.942,False,200,
1787684515.0342906,serverless,30.0,30.0,37.7,False,200,
1787684515.0676239,serverless,30.0,30.0,60.453,False,200,
1787684515.1009574,serverless,30.0,30.0,66.247,False,200,
1787684515.1342907,serverless,30.0,30.0,53.579,False,200,
1787684515.167624,serverless,30.0,30.0,55.159,False,200,
1787684515.2009573,serverless,30.0,30.0,57.758,False,200,
1787684515.2342906,serverless,30.0,30.0,40.111,False,200,
1787684515.267624,serverless,30.0,30.0,42.406,False,200,
1787684515.3009572,serverless,30.0,30.0,47.738,False,200,
1787684515.3342907,serverless,30.0,30.0,48.354,False,200,
1787684515.367624,serverless,30.0,30.0,40.441,False,200,
1787684515.4009573,serverless,30.0,30.0,50.521,False,200,
1787684515.4342906,serverless,30.0,30.0,37.08,False,200,
1787684515.467624,serverless,30.0,30.0,59.701,False,200,
1787684515.5009573,serverless,30.0,30.0,54.669,False,200,
1787684515.5342906,serverless,30.0,30.0,44.681,False,200,
1787684515.5676239,serverless,30.0,30.0,40.131,False,200,
1787684515.6009574,serverless,30.0,30.0,46.399,False,200,
1787684515.6342907,serverless,30.0,30.0,51.763,False,200,
1787684515.667624,serverless,30.0,30.0,38.413,False,200,
1787684515.7009573,serverless,30.0,30.0,51.628,False,200,
1787684515.7342906,serverless,30.0,30.0,61.185,False,200,
1787684515.767624,serverless,30.0,30.0,60.095,False,200,
1787684515.8009572,serverless,30.0,30.0,66.439,False,200,
1787684515.8342907,serverless,30.0,30.0,49.6,False,200,
1787684515.867624,serverless,30.0,30.0,53.774,False,200,
1787684515.9009573,serverless,30.0,30.0,44.438,False,200,
1787684515.9342906,serverless,30.0,30.0,49.865,False,200,
1787684515.967624,serverless,30.0,30.0,46.688,False,200,
1787684516.0009573,serverless,30.0,30.0,56.846,False,200,
1787684516.0342906,serverless,30.0,30.0,57.066,False,200,
1787684516.0676239,serverless,30.0,30.0,47.016,False,200,
1787684516.1009574,serverless,30.0,30.0,40.083,False,200,
1787684516.1342907,serverless,30.0,30.0,43.837,False,200,
1787684516.167624,serverless,30.0,30.0,38.555,False,200,
1787684516.2009573,serverless,30.0,30.0,64.818,False,200,
1787684516.2342906,serverless,30.0,30.0,59.204,False,200,
1787684516.267624,serverless,30.0,30.0,36.316,False,200,
1787684516.3009572,serverless,30.0,30.0,50.335,False,200,
1787684516.3342907,serverless,30.0,30.0,55.379,False,200,
1787684516.367624,serverless,30.0,30.0,45.229,False,200,
1787684516.4009573,serverless,30.0,30.0,94.872,False,200,
1787684516.4342906,serverless,30.0,30.0,55.035,False,200,
1787684516.467624,serverless,30.0,30.0,54.216,False,200,
1787684516.5009573,serverless,30.0,30.0,59.675,False,200,
1787684516.5342906,serverless,30.0,30.0,52.295,False,200,
1787684516.5676239,serverless,30.0,30.0,52.15,False,200,
1787684516.6009574,serverless,30.0,30.0,59.301,False,200,
1787684516.6342907,serverless,30.0,30.0,37.695,False,200,
1787684516.667624,serverless,30.0,30.0,39.891,False,200,
1787684516.7009573,serverless,30.0,30.0,59.21,False,200,
1787684516.7342906,serverless,30.0,30.0,40.408,False,200,
1787684516.767624,serverless,30.0,30.0,76.344,False,200,
1787684516.8009572,serverless,30.0,30.0,63.462,False,200,
1787684516.8342907,serverless,30.0,30.0,62.598,False,200,
1787684516.867624,serverless,30.0,30.0,42.819,False,200,
1787684516.9009573,serverless,30.0,30.0,51.447,False,200,
1787684516.9342906,serverless,30.0,30.0,52.888,False,200,
1787684516.967624,serverless,30.0,30.0,66.964,False,200,
1787684517.0009573,serverless,30.0,30.0,67.785,False,200,
1787684517.0342906,serverless,30.0,30.0,43.662,False,200,
1787684517.0676239,serverless,30.0,30.0,56.015,False,200,
1787684517.1009574,serverless,30.0,30.0,51.155,False,200,
1787684517.1342907,serverless,30.0,30.0,73.296,False,200,
1787684517.167624,serverless,30.0,30.0,67.852,False,200,
1787684517.2009573,serverless,30.0,30.0,43.569,False,200,
1787684517.2342906,serverless,30.0,30.0,35.014,False,200,
1787684517.267624,serverless,30.0,30.0,60.939,False,200,
1787684517.3009572,serverless,30.0,30.0,56.048,False,200,
1787684517.3342907,serverless,30.0,30.0,43.292,False,200,
1787684517.367624,serverless,30.0,30.0,46.234,False,200,
1787684517.4009573,serverless,30.0,30.0,50.401,False,200,
1787684517.4342906,serverless,30.0,30.0,42.642,False,200,
1787684517.467624,serverless,30.0,30.0,58.794,False,200,
1787684517.5009573,serverless,30.0,30.0,54.739,False,200,
1787684517.5342906,serverless,30.0,30.0,68.958,False,200,
1787684517.5676239,serverless,30.0,30.0,45.355,False,200,
1787684517.6009574,serverless,30.0,30.0,62.997,False,200,
1787684517.6342907,serverless,30.0,30.0,37.929,False,200,
1787684517.667624,serverless,30.0,30.0,47.172,False,200,
1787684517.7009573,serverless,30.0,30.0,52.133,False,200,
1787684517.7342906,serverless,30.0,30.0,44.815,False,200,
1787684517.767624,serverless,30.0,30.0,49.618,False,200,
1787684517.8009572,serverless,30.0,30.0,61.781,False,200,
1787684517.8342907,serverless,30.0,30.0,43.116,False,200,
1787684517.867624,serverless,30.0,30.0,72.756,False,200,
1787684517.9009573,serverless,30.0,30.0,45.889,False,200,
1787684517.9342906,serverless,30.0,30.0,44.614,False,200,
1787684517.967624,serverless,30.0,30.0,45.725,False,200,
1787684518.0009573,serverless,30.0,30.0,61.225,False,200,
1787684518.0342906,serverless,30.0,30.0,36.313,False,200,
1787684518.0676239,serverless,30.0,30.0,51.735,False,200,
1787684518.1009574,serverless,30.0,30.0,49.245,False,200,
1787684518.1342907,serverless,30.0,30.0,45.625,False,200,
1787684518.167624,serverless,30.0,30.0,54.104,False,200,
1787684518.2009573,serverless,30.0,30.0,35.264,False,200,
1787684518.2342906,serverless,30.0,30.0,42.84,False,200,
1787684518.267624,serverless,30.0,30.0,39.657,False,200,
1787684518.3009572,serverless,30.0,30.0,57.492,False,200,
1787684518.3342907,serverless,30.0,30.0,44.377,False,200,
1787684518.367624,serverless,30.0,30.0,49.394,False,200,
1787684518.4009573,serverless,30.0,30.0,48.328,False,200,
1787684518.4342906,serverless,30.0,30.0,40.854,False,200,
1787684518.467624,serverless,30.0,30.0,45.524,False,200,
1787684518.5009573,serverless,30.0,30.0,65.721,False,200,
1787684518.5342906,serverless,30.0,30.0,56.135,False,200,
1787684518.5676239,serverless,30.0,30.0,42.018,False,200,
1787684518.6009574,serverless,30.0,30.0,48.418,False,200,
1787684518.6342907,serverless,30.0,30.0,59.174,False,200,
1787684518.667624,serverless,30.0,30.0,46.993,False,200,
1787684518.7009573,serverless,30.0,30.0,41.932,False,200,
1787684518.7342906,serverless,30.0,30.0,65.624,False,200,
1787684518.767624,serverless,30.0,30.0,43.133,False,200,
1787684518.8009572,serverless,30.0,30.0,56.499,False,200,
1787684518.8342907,serverless,30.0,30.0,42.441,False,200,
1787684518.867624,serverless,30.0,30.0,56.358,False,200,
1787684518.9009573,serverless,30.0,30.0,47.192,False,200,
1787684518.9342906,serverless,30.0,30.0,51.991,False,200,
1787684518.967624,serverless,30.0,30.0,63.155,False,200,
1787684519.0009573,serverless,30.0,30.0,61.479,False,200,
1787684519.0342906,serverless,30.0,30.0,37.035,False,200,
1787684519.0676239,serverless,30.0,30.0,42.082,False,200,
1787684519.1009574,serverless,30.0,30.0,48.827,False,200,
1787684519.1342907,serverless,30.0,30.0,36.896,False,200,
1787684519.167624,serverless,30.0,30.0,51.923,False,200,
1787684519.2009573,serverless,30.0,30.0,57.35,False,200,
1787684519.2342906,serverless,30.0,30.0,45.245,False,200,
1787684519.267624,serverless,30.0,30.0,51.69,False,200,
1787684519.3009572,serverless,30.0,30.0,43.364,False,200,
1787684519.3342907,serverless,30.0,30.0,62.312,False,200,
1787684519.367624,serverless,30.0,30.0,51.108,False,200,
1787684519.4009573,serverless,30.0,30.0,52.308,False,200,
1787684519.4342906,serverless,30.0,30.0,67.354,False,200,
1787684519.467624,serverless,30.0,30.0,40.4,False,200,
1787684519.5009573,serverless,30.0,30.0,45.981,False,200,
1787684519.5342906,serverless,30.0,30.0,45.321,False,200,
1787684519.5676239,serverless,30.0,30.0,52.959,False,200,
1787684519.6009574,serverless,30.0,30.0,45.869,False,200,
1787684519.6342907,serverless,30.0,30.0,55.634,False,200,
1787684519.667624,serverless,30.0,30.0,48.496,False,200,
1787684519.7009573,serverless,30.0,30.0,45.187,False,200,
1787684519.7342906,serverless,30.0,30.0,56.281,False,200,
1787684519.767624,serverless,30.0,30.0,49.29,False,200,
1787684519.8009572,serverless,30.0,30.0,65.879,False,200,
1787684519.8342907,serverless,30.0,30.0,40.478,False,200,
1787684519.867624,serverless,30.0,30.0,42.985,False,200,
1787684519.9009573,serverless,30.0,30.0,40.275,False,200,
1787684519.9342906,serverless,30.0,30.0,35.815,False,200,
1787684519.967624,serverless,30.0,30.0,52.529,False,200,
1787684520.0009573,serverless,30.0,30.0,40.0,False,200,
1787684520.0342906,serverless,30.0,30.0,62.974,False,200,
1787684520.0676239,serverless,30.0,30.0,69.811,False,200,
1787684520.1009574,serverless,30.0,30.0,54.827,False,200,
1787684520.1342907,serverless,30.0,30.0,81.665,False,200,
1787684520.167624,serverless,30.0,30.0,41.573,False,200,
1787684520.2009573,serverless,30.0,30.0,56.158,False,200,
1787684520.2342906,serverless,30.0,30.0,52.086,False,200,
1787684520.267624,serverless,30.0,30.0,47.432,False,200,
1787684520.3009572,serverless,30.0,30.0,59.582,False,200,
1787684520.3342907,serverless,30.0,30.0,37.809,False,200,
1787684520.367624,serverless,30.0,30.0,1290.959,True,200,
1787684520.4009573,serverless,30.0,30.0,65.469,False,200,
1787684520.4342906,serverless,30.0,30.0,41.849,False,200,
1787684520.467624,serverless,30.0,30.0,72.724,False,200,
1787684520.5009573,serverless,30.0,30.0,38.697,False,200,
1787684520.5342906,serverless,30.0,30.0,50.286,False,200,
1787684520.5676239,serverless,30.0,30.0,40.243,False,200,
1787684520.6009574,serverless,30.0,30.0,37.086,False,200,
1787684520.6342907,serverless,30.0,30.0,57.231,False,200,
1787684520.667624,serverless,30.0,30.0,50.31,False,200,
1787684520.7009573,serverless,30.0,30.0,57.752,False,200,
1787684520.7342906,serverless,30.0,30.0,59.204,False,200,
1787684520.767624,serverless,30.0,30.0,54.029,False,200,
1787684520.8009572,serverless,30.0,30.0,71.114,False,200,
1787684520.8342907,serverless,30.0,30.0,39.775,False,200,
1787684520.867624,serverless,30.0,30.0,29.163,False,200,
1787684520.9009573,serverless,30.0,30.0,39.298,False,200,
1787684520.9342906,serverless,30.0,30.0,48.834,False,200,
1787684520.967624,serverless,30.0,30.0,43.798,False,200,
1787684521.0009573,serverless,30.0,30.0,51.791,False,200,
1787684521.0342906,serverless,30.0,30.0,38.521,False,200,
1787684521.0676239,serverless,30.0,30.0,45.718,False,200,
1787684521.1009574,serverless,30.0,30.0,47.14,False,200,
1787684521.1342907,serverless,30.0,30.0,51.762,False,200,
1787684521.167624,serverless,30.0,30.0,37.915,False,200,
1787684521.2009573,serverless,30.0,30.0,33.278,False,200,
1787684521.2342906,serverless,30.0,30.0,57.717,False,200,
1787684521.267624,serverless,30.0,30.0,34.598,False,200,
1787684521.3009572,serverless,30.0,30.0,53.604,False,200,
1787684521.3342907,serverless,30.0,30.0,56.966,False,200,
1787684521.367624,serverless,30.0,30.0,59.79,False,200,
1787684521.4009573,serverless,30.0,30.0,46.467,False,200,
1787684521.4342906,serverless,30.0,30.0,73.092,False,200,
1787684521.467624,serverless,30.0,30.0,48.898,False,200,
1787684521.5009573,serverless,30.0,30.0,35.9,False,200,
1787684521.5342906,serverless,30.0,30.0,61.171,False,200,
1787684521.5676239,serverless,30.0,30.0,41.065,False,200,
1787684521.6009574,serverless,30.0,30.0,45.498,False,200,
1787684521.6342907,serverless,30.0,30.0,43.082,False,200,
1787684521.667624,serverless,30.0,30.0,51.798,False,200,
1787684521.7009573,serverless,30.0,30.0,50.887,False,200,
1787684521.7342906,serverless,30.0,30.0,59.059,False,200,
1787684521.767624,serverless,30.0,30.0,55.15,False,200,
1787684521.8009572,serverless,30.0,30.0,42.862,False,200,
1787684521.8342907,serverless,30.0,30.0,53.829,False,200,
1787684521.867624,serverless,30.0,30.0,60.736,False,200,
1787684521.9009573,serverless,30.0,30.0,64.449,False,200,
1787684521.9342906,serverless,30.0,30.0,66.267,False,200,
1787684521.967624,serverless,30.0,30.0,46.582,False,200,
1787684522.0009573,serverless,30.0,30.0,45.369,False,200,
1787684522.0342906,serverless,30.0,30.0,43.743,False,200,
1787684522.0676239,serverless,30.0,30.0,32.57,False,200,
1787684522.1009574,serverless,30.0,30.0,43.468,False,200,
1787684522.1342907,serverless,30.0,30.0,41.363,False,200,
1787684522.167624,serverless,30.0,30.0,54.757,False,200,
1787684522.2009573,serverless,30.0,30.0,56.379,False,200,
1787684522.2342906,serverless,30.0,30.0,55.054,False,200,
1787684522.267624,serverless,30.0,30.0,53.234,False,200,
1787684522.3009572,serverless,30.0,30.0,56.896,False,200,
1787684522.3342907,serverless,30.0,30.0,60.476,False,200,
1787684522.367624,serverless,30.0,30.0,57.729,False,200,
1787684522.4009573,serverless,30.0,30.0,40.711,False,200,
1787684522.4342906,serverless,30.0,30.0,39.047,False,200,
1787684522.467624,serverless,30.0,30.0,57.063,False,200,
1787684522.5009573,serverless,30.0,30.0,28.756,False,200,
1787684522.5342906,serverless,30.0,30.0,40.696,False,200,
1787684522.5676239,serverless,30.0,30.0,39.502,False,200,
1787684522.6009574,serverless,30.0,30.0,47.188,False,200,
1787684522.6342907,serverless,30.0,30.0,59.426,False,200,
1787684522.667624,serverless,30.0,30.0,68.776,False,200,
1787684522.7009573,serverless,30.0,30.0,67.213,False,200,
1787684522.7342906,serverless,30.0,30.0,44.394,False,200,
1787684522.767624,serverless,30.0,30.0,57.615,False,200,
1787684522.8009572,serverless,30.0,30.0,51.291,False,200,
1787684522.8342907,serverless,30.0,30.0,38.327,False,200,
1787684522.867624,serverless,30.0,30.0,42.317,False,200,
1787684522.9009573,serverless,30.0,30.0,42.135,False,200,
1787684522.9342906,serverless,30.0,30.0,42.271,False,200,
1787684522.967624,serverless,30.0,30.0,41.061,False,200,
1787684523.0009573,serverless,30.0,30.0,60.163,False,200,
1787684523.0342906,serverless,30.0,30.0,49.562,False,200,
1787684523.0676239,serverless,30.0,30.0,57.292,False,200,
1787684523.1009574,serverless,30.0,30.0,43.437,False,200,
1787684523.1342907,serverless,30.0,30.0,46.363,False,200,
1787684523.167624,serverless,30.0,30.0,48.004,False,200,
1787684523.2009573,serverless,30.0,30.0,51.12,False,200,
1787684523.2342906,serverless,30.0,30.0,75.335,False,200,
1787684523.267624,serverless,30.0,30.0,46.775,False,200,
1787684523.3009572,serverless,30.0,30.0,38.284,False,200,
1787684523.3342907,serverless,30.0,30.0,41.169,False,200,
1787684523.367624,serverless,30.0,30.0,44.25,False,200,
1787684523.4009573,serverless,30.0,30.0,46.735,False,200,
1787684523.4342906,serverless,30.0,30.0,34.752,False,200,
1787684523.467624,serverless,30.0,30.0,65.345,False,200,
1787684523.5009573,serverless,30.0,30.0,60.67,False,200,
1787684523.5342906,serverless,30.0,30.0,46.11,False,200,
1787684523.5676239,serverless,30.0,30.0,32.673,False,200,
1787684523.6009574,serverless,30.0,30.0,67.923,False,200,
1787684523.6342907,serverless,30.0,30.0,35.524,False,200,
1787684523.667624,serverless,30.0,30.0,54.685,False,200,
1787684523.7009573,serverless,30.0,30.0,37.32,False,200,
1787684523.7342906,serverless,30.0,30.0,46.457,False,200,
1787684523.767624,serverless,30.0,30.0,63.846,False,200,
1787684523.8009572,serverless,30.0,30.0,55.195,False,200,
1787684523.8342907,serverless,30.0,30.0,58.818,False,200,
1787684523.867624,serverless,30.0,30.0,89.746,False,200,
1787684523.9009573,serverless,30.0,30.0,50.423,False,200,
1787684523.9342906,serverless,30.0,30.0,58.697,False,200,
1787684523.967624,serverless,30.0,30.0,43.511,False,200,
1787684524.0009573,serverless,30.0,30.0,50.228,False,200,
1787684524.0342906,serverless,30.0,30.0,44.927,False,200,
1787684524.0676239,serverless,30.0,30.0,41.935,False,200,
1787684524.1009574,serverless,30.0,30.0,65.846,False,200,
1787684524.1342907,serverless,30.0,30.0,45.529,False,200,
1787684524.167624,serverless,30.0,30.0,57.183,False,200,
1787684524.2009573,serverless,30.0,30.0,56.294,False,200,
1787684524.2342906,serverless,30.0,30.0,39.727,False,200,
1787684524.267624,serverless,30.0,30.0,54.58,False,200,
1787684524.3009572,serverless,30.0,30.0,26.109,False,200,
1787684524.3342907,serverless,30.0,30.0,50.728,False,200,
1787684524.367624,serverless,30.0,30.0,34.509,False,200,
1787684524.4009573,serverless,30.0,30.0,76.414,False,200,
1787684524.4342906,serverless,30.0,30.0,48.927,False,200,
1787684524.467624,serverless,30.0,30.0,53.598,False,200,
1787684524.5009573,serverless,30.0,30.0,42.315,False,200,
1787684524.5342906,serverless,30.0,30.0,52.603,False,200,
1787684524.5676239,serverless,30.0,30.0,47.256,False,200,
1787684524.6009574,serverless,30.0,30.0,55.881,False,200,
1787684524.6342907,serverless,30.0,30.0,66.905,False,200,
1787684524.667624,serverless,30.0,30.0,46.816,False,200,
1787684524.7009573,serverless,30.0,30.0,76.565,False,200,
1787684524.7342906,serverless,30.0,30.0,40.088,False,200,
1787684524.767624,serverless,30.0,30.0,74.175,False,200,
1787684524.8009572,serverless,30.0,30.0,64.758,False,200,
1787684524.8342907,serverless,30.0,30.0,40.14,False,200,
1787684524.867624,serverless,30.0,30.0,47.808,False,200,
1787684524.9009573,serverless,30.0,30.0,60.203,False,200,
1787684524.9342906,serverless,30.0,30.0,48.875,False,200,
1787684524.967624,serverless,30.0,30.0,57.047,False,200,
1787684525.0009573,serverless,30.0,30.0,44.242,False,200,
1787684525.0342906,serverless,30.0,30.0,45.371,False,200,
1787684525.0676239,serverless,30.0,30.0,46.473,False,200,
1787684525.1009574,serverless,30.0,30.0,59.611,False,200,
1787684525.1342907,serverless,30.0,30.0,55.888,False,200,
1787684525.167624,serverless,30.0,30.0,63.834,False,200,
1787684525.2009573,serverless,30.0,30.0,43.131,False,200,
1787684525.2342906,serverless,30.0,30.0,44.84,False,200,
1787684525.267624,serverless,30.0,30.0,50.435,False,200,
1787684525.3009572,serverless,30.0,30.0,50.415,False,200,
1787684525.3342907,serverless,30.0,30.0,48.93,False,200,
1787684525.367624,serverless,30.0,30.0,57.597,False,200,
1787684525.4009573,serverless,30.0,30.0,44.955,False,200,
1787684525.4342906,serverless,30.0,30.0,35.69,False,200,
1787684525.467624,serverless,30.0,30.0,47.352,False,200,
1787684525.5009573,serverless,30.0,30.0,43.034,False,200,
1787684525.5342906,serverless,30.0,30.0,1419.803,True,200,
1787684525.5676239,serverless,30.0,30.0,72.675,False,200,
1787684525.6009574,serverless,30.0,30.0,60.229,False,200,
1787684525.6342907,serverless,30.0,30.0,64.858,False,200,
1787684525.667624,serverless,30.0,30.0,45.291,False,200,
1787684525.7009573,serverless,30.0,30.0,42.118,False,200,
1787684525.7342906,serverless,30.0,30.0,41.779,False,200,
1787684525.767624,serverless,30.0,30.0,39.912,False,200,
1787684525.8009572,serverless,30.0,30.0,59.408,False,200,
1787684525.8342907,serverless,30.0,30.0,39.975,False,200,
1787684525.867624,serverless,30.0,30.0,47.807,False,200,
1787684525.9009573,serverless,30.0,30.0,60.24,False,200,
1787684525.9342906,serverless,30.0,30.0,55.874,False,200,
1787684525.967624,serverless,30.0,30.0,50.116,False,200,
1787684526.0009573,serverless,30.0,30.0,54.757,False,200,
1787684526.0342906,serverless,30.0,30.0,48.591,False,200,
1787684526.0676239,serverless,30.0,30.0,57.727,False,200,
1787684526.1009574,serverless,30.0,30.0,60.829,False,200,
1787684526.1342907,serverless,30.0,30.0,46.003,False,200,
1787684526.167624,serverless,30.0,30.0,48.11,False,200,
1787684526.2009573,serverless,30.0,30.0,34.16,False,200,
1787684526.2342906,serverless,30.0,30.0,43.103,False,200,
1787684526.267624,serverless,30.0,30.0,50.057,False,200,
1787684526.3009572,serverless,30.0,30.0,69.325,False,200,
1787684526.3342907,serverless,30.0,30.0,44.525,False,200,
1787684526.367624,serverless,30.0,30.0,49.096,False,200,
1787684526.4009573,serverless,30.0,30.0,46.662,False,200,
1787684526.4342906,serverless,30.0,30.0,63.934,False,200,
1787684526.467624,serverless,30.0,30.0,57.816,False,200,
1787684526.5009573,serverless,30.0,30.0,68.809,False,200,
1787684526.5342906,serverless,30.0,30.0,52.847,False,200,
1787684526.5676239,serverless,30.0,30.0,65.798,False,200,
1787684526.6009574,serverless,30.0,30.0,45.394,False,200,
1787684526.6342907,serverless,30.0,30.0,50.908,False,200,
1787684526.667624,serverless,30.0,30.0,43.39,False,200,
1787684526.7009573,serverless,30.0,30.0,44.214,False,200,
1787684526.7342906,serverless,30.0,30.0,50.596,False,200,
1787684526.767624,serverless,30.0,30.0,36.366,False,200,
1787684526.8009572,serverless,30.0,30.0,55.267,False,200,
1787684526.8342907,serverless,30.0,30.0,44.563,False,200,
1787684526.867624,serverless,30.0,30.0,49.611,False,200,
1787684526.9009573,serverless,30.0,30.0,52.218,False,200,
1787684526.9342906,serverless,30.0,30.0,43.419,False,200,
1787684526.967624,serverless,30.0,30.0,59.378,False,200,
1787684527.0009573,serverless,30.0,30.0,45.944,False,200,
1787684527.0342906,serverless,30.0,30.0,49.998,False,200,
1787684527.0676239,serverless,30.0,30.0,51.922,False,200,
1787684527.1009574,serverless,30.0,30.0,33.518,False,200,
1787684527.1342907,serverless,30.0,30.0,53.497,False,200,
1787684527.167624,serverless,30.0,30.0,70.571,False,200,
1787684527.2009573,serverless,30.0,30.0,60.339,False,200,
1787684527.2342906,serverless,30.0,30.0,52.242,False,200,
1787684527.267624,serverless,30.0,30.0,52.475,False,200,
1787684527.3009572,serverless,30.0,30.0,52.349,False,200,
1787684527.3342907,serverless,30.0,30.0,50.26,False,200,
1787684527.367624,serverless,30.0,30.0,49.841,False,200,
1787684527.4009573,serverless,30.0,30.0,43.325,False,200,
1787684527.4342906,serverless,30.0,30.0,62.841,False,200,
1787684527.467624,serverless,30.0,30.0,46.681,False,200,
1787684527.5009573,serverless,30.0,30.0,74.802,False,200,
1787684527.5342906,serverless,30.0,30.0,44.522,False,200,
1787684527.5676239,serverless,30.0,30.0,34.465,False,200,
1787684527.6009574,serverless,30.0,30.0,41.517,False,200,
1787684527.6342907,serverless,30.0,30.0,59.508,False,200,
1787684527.667624,serverless,30.0,30.0,48.48,False,200,
1787684527.7009573,serverless,30.0,30.0,38.7,False,200,
1787684527.7342906,serverless,30.0,30.0,54.271,False,200,
1787684527.767624,serverless,30.0,30.0,45.052,False,200,
1787684527.8009572,serverless,30.0,30.0,73.605,False,200,
1787684527.8342907,serverless,30.0,30.0,48.713,False,200,
1787684527.867624,serverless,30.0,30.0,34.82,False,200,
1787684527.9009573,serverless,30.0,30.0,46.528,False,200,
1787684527.9342906,serverless,30.0,30.0,40.41,False,200,
1787684527.967624,serverless,30.0,30.0,55.765,False,200,
1787684528.0009573,serverless,30.0,30.0,50.832,False,200,
1787684528.0342906,serverless,30.0,30.0,53.845,False,200,
1787684528.0676239,serverless,30.0,30.0,49.748,False,200,
1787684528.1009574,serverless,30.0,30.0,55.344,False,200,
1787684528.1342907,serverless,30.0,30.0,57.46,False,200,
1787684528.167624,serverless,30.0,30.0,48.214,False,200,
1787684528.2009573,serverless,30.0,30.0,54.984,False,200,
1787684528.2342906,serverless,30.0,30.0,47.63,False,200,
1787684528.267624,serverless,30.0,30.0,45.914,False,200,
1787684528.3009572,serverless,30.0,30.0,45.655,False,200,
1787684528.3342907,serverless,30.0,30.0,67.255,False,200,
1787684528.367624,serverless,30.0,30.0,72.945,False,200,
1787684528.4009573,serverless,30.0,30.0,55.731,False,200,
1787684528.4342906,serverless,30.0,30.0,31.799,False,200,
1787684528.467624,serverless,30.0,30.0,53.094,False,200,
1787684528.5009573,serverless,30.0,30.0,63.759,False,200,
1787684528.5342906,serverless,30.0,30.0,51.575,False,200,
1787684528.5676239,serverless,30.0,30.0,61.023,False,200,
1787684528.6009574,serverless,30.0,30.0,68.863,False,200,
1787684528.6342907,serverless,30.0,30.0,46.815,False,200,
1787684528.667624,serverless,30.0,30.0,41.718,False,200,
1787684528.7009573,serverless,30.0,30.0,50.611,False,200,
1787684528.7342906,serverless,30.0,30.0,49.457,False,200,
1787684528.767624,serverless,30.0,30.0,66.054,False,200,
1787684528.8009572,serverless,30.0,30.0,53.761,False,200,
1787684528.8342907,serverless,30.0,30.0,52.082,False,200,
1787684528.867624,serverless,30.0,30.0,62.383,False,200,
1787684528.9009573,serverless,30.0,30.0,51.846,False,200,
1787684528.9342906,serverless,30.0,30.0,42.677,False,200,
1787684528.967624,serverless,30.0,30.0,58.202,False,200,
1787684529.0009573,serverless,30.0,30.0,56.062,False,200,
1787684529.0342906,serverless,30.0,30.0,52.453,False,200,
1787684529.0676239,serverless,30.0,30.0,49.786,False,200,
1787684529.1009574,serverless,30.0,30.0,48.898,False,200,
1787684529.1342907,serverless,30.0,30.0,44.313,False,200,
1787684529.167624,serverless,30.0,30.0,46.238,False,200,
1787684529.2009573,serverless,30.0,30.0,51.177,False,200,
1787684529.2342906,serverless,30.0,30.0,48.442,False,200,
1787684529.267624,serverless,30.0,30.0,55.549,False,200,
1787684529.3009572,serverless,30.0,30.0,55.207,False,200,
1787684529.3342907,serverless,30.0,30.0,45.706,False,200,
1787684529.367624,serverless,30.0,30.0,43.221,False,200,
1787684529.4009573,serverless,30.0,30.0,54.086,False,200,
1787684529.4342906,serverless,30.0,30.0,43.56,False,200,
1787684529.467624,serverless,30.0,30.0,54.139,False,200,
1787684529.5009573,serverless,30.0,30.0,46.782,False,200,
1787684529.5342906,serverless,30.0,30.0,44.68,False,200,
1787684529.5676239,serverless,30.0,30.0,38.154,False,200,
1787684529.6009574,serverless,30.0,30.0,43.034,False,200,
1787684529.6342907,serverless,30.0,30.0,44.017,False,200,
1787684529.667624,serverless,30.0,30.0,49.442,False,200,
1787684529.7009573,serverless,30.0,30.0,49.765,False,200,
1787684529.7342906,serverless,30.0,30.0,59.895,False,200,
1787684529.767624,serverless,30.0,30.0,46.199,False,200,
1787684529.8009572,serverless,30.0,30.0,46.827,False,200,
1787684529.8342907,serverless,30.0,30.0,37.021,False,200,
1787684529.867624,serverless,30.0,30.0,53.964,False,200,
1787684529.9009573,serverless,30.0,30.0,45.546,False,200,
1787684529.9342906,serverless,30.0,30.0,49.123,False,200,
1787684529.967624,serverless,30.0,30.0,57.548,False,200,
1787684530.0009573,serverless,30.0,30.0,54.04,False,200,
1787684530.0342906,serverless,30.0,30.0,26.571,False,200,
1787684530.0676239,serverless,30.0,30.0,51.156,False,200,
1787684530.1009574,serverless,30.0,30.0,69.514,False,200,
1787684530.1342907,serverless,30.0,30.0,49.567,False,200,
1787684530.167624,serverless,30.0,30.0,45.032,False,200,
1787684530.2009573,serverless,30.0,30.0,33.792,False,200,
1787684530.2342906,serverless,30.0,30.0,38.296,False,200,
1787684530.267624,serverless,30.0,30.0,47.087,False,200,
1787684530.3009572,serverless,30.0,30.0,59.277,False,200,
1787684530.3342907,serverless,30.0,30.0,38.296,False,200,
1787684530.367624,serverless,30.0,30.0,67.241,False,200,
1787684530.4009573,serverless,30.0,30.0,66.907,False,200,
1787684530.4342906,serverless,30.0,30.0,49.343,False,200,
1787684530.467624,serverless,30.0,30.0,51.109,False,200,
1787684530.5009573,serverless,30.0,30.0,46.221,False,200,
1787684530.5342906,serverless,30.0,30.0,41.181,False,200,
1787684530.5676239,serverless,30.0,30.0,47.356,False,200,
1787684530.6009574,serverless,30.0,30.0,38.583,False,200,
1787684530.6342907,serverless,30.0,30.0,68.033,False,200,
1787684530.667624,serverless,30.0,30.0,43.042,False,200,
1787684530.7009573,serverless,30.0,30.0,44.051,False,200,
1787684530.7342906,serverless,30.0,30.0,40.658,False,200,
1787684530.767624,serverless,30.0,30.0,37.898,False,200,
1787684530.8009572,serverless,30.0,30.0,48.746,False,200,
1787684530.8342907,serverless,30.0,30.0,48.877,False,200,
1787684530.867624,serverless,30.0,30.0,44.414,False,200,
1787684530.9009573,serverless,30.0,30.0,55.69,False,200,
1787684530.9342906,serverless,30.0,30.0,57.389,False,200,
1787684530.967624,serverless,30.0,30.0,39.277,False,200,
1787684531.0009573,serverless,30.0,30.0,50.881,False,200,
1787684531.0342906,serverless,30.0,30.0,53.319,False,200,
1787684531.0676239,serverless,30.0,30.0,934.358,True,200,
1787684531.1009574,serverless,30.0,30.0,41.797,False,200,
1787684531.1342907,serverless,30.0,30.0,41.026,False,200,
1787684531.167624,serverless,30.0,30.0,46.119,False,200,
1787684531.2009573,serverless,30.0,30.0,45.121,False,200,
1787684531.2342906,serverless,30.0,30.0,35.799,False,200,
1787684531.267624,serverless,30.0,30.0,54.686,False,200,
1787684531.3009572,serverless,30.0,30.0,61.482,False,200,
1787684531.3342907,serverless,30.0,30.0,39.677,False,200,
1787684531.367624,serverless,30.0,30.0,60.066,False,200,
1787684531.4009573,serverless,30.0,30.0,54.563,False,200,
1787684531.4342906,serverless,30.0,30.0,42.391,False,200,
1787684531.467624,serverless,30.0,30.0,56.963,False,200,
1787684531.5009573,serverless,30.0,30.0,44.024,False,200,
1787684531.5342906,serverless,30.0,30.0,52.999,False,200,
1787684531.5676239,serverless,30.0,30.0,49.514,False,200,
1787684531.6009574,serverless,30.0,30.0,52.092,False,200,
1787684531.6342907,serverless,30.0,30.0,50.597,False,200,
1787684531.667624,serverless,30.0,30.0,67.186,False,200,
1787684531.7009573,serverless,30.0,30.0,41.897,False,200,
1787684531.7342906,serverless,30.0,30.0,72.424,False,200,
1787684531.767624,serverless,30.0,30.0,39.181,False,200,
1787684531.8009572,serverless,30.0,30.0,50.417,False,200,
1787684531.8342907,serverless,30.0,30.0,41.058,False,200,
1787684531.867624,serverless,30.0,30.0,60.038,False,200,
1787684531.9009573,serverless,30.0,30.0,938.501,True,200,
1787684531.9342906,serverless,30.0,30.0,46.075,False,200,
1787684531.967624,serverless,30.0,30.0,55.615,False,200,
1787684532.0009573,serverless,30.0,30.0,58.49,False,200,
1787684532.0342906,serverless,30.0,30.0,40.764,False,200,
1787684532.0676239,serverless,30.0,30.0,61.209,False,200,
1787684532.1009574,serverless,30.0,30.0,56.089,False,200,
1787684532.1342907,serverless,30.0,30.0,41.285,False,200,
1787684532.167624,serverless,30.0,30.0,57.349,False,200,
1787684532.2009573,serverless,30.0,30.0,46.657,False,200,
1787684532.2342906,serverless,30.0,30.0,57.545,False,200,
1787684532.267624,serverless,30.0,30.0,49.291,False,200,
1787684532.3009572,serverless,30.0,30.0,55.695,False,200,
1787684532.3342907,serverless,30.0,30.0,64.567,False,200,
1787684532.367624,serverless,30.0,30.0,50.303,False,200,
1787684532.4009573,serverless,30.0,30.0,62.475,False,200,
1787684532.4342906,serverless,30.0,30.0,887.287,True,200,
1787684532.467624,serverless,30.0,30.0,39.313,False,200,
1787684532.5009573,serverless,30.0,30.0,54.097,False,200,
1787684532.5342906,serverless,30.0,30.0,44.301,False,200,
1787684532.5676239,serverless,30.0,30.0,49.083,False,200,
1787684532.6009574,serverless,30.0,30.0,40.462,False,200,
1787684532.6342907,serverless,30.0,30.0,59.419,False,200,
1787684532.667624,serverless,30.0,30.0,45.296,False,200,
1787684532.7009573,serverless,30.0,30.0,85.118,False,200,
1787684532.7342906,serverless,30.0,30.0,42.146,False,200,
1787684532.767624,serverless,30.0,30.0,61.101,False,200,
1787684532.8009572,serverless,30.0,30.0,38.529,False,200,
1787684532.8342907,serverless,30.0,30.0,54.683,False,200,
1787684532.867624,serverless,30.0,30.0,49.109,False,200,
1787684532.9009573,serverless,30.0,30.0,38.923,False,200,
1787684532.9342906,serverless,30.0,30.0,65.356,False,200,
1787684532.967624,serverless,30.0,30.0,39.688,False,200,
1787684533.0009573,serverless,30.0,30.0,55.442,False,200,
1787684533.0342906,serverless,30.0,30.0,50.306,False,200,
1787684533.0676239,serverless,30.0,30.0,61.982,False,200,
1787684533.1009574,serverless,30.0,30.0,82.171,False,200,
1787684533.1342907,serverless,30.0,30.0,79.567,False,200,
1787684533.167624,serverless,30.0,30.0,54.371,False,200,
1787684533.2009573,serverless,30.0,30.0,71.257,False,200,
1787684533.2342906,serverless,30.0,30.0,48.646,False,200,
1787684533.267624,serverless,30.0,30.0,44.664,False,200,
1787684533.3009572,serverless,30.0,30.0,54.389,False,200,
1787684533.3342907,serverless,30.0,30.0,34.203,False,200,
1787684533.367624,serverless,30.0,30.0,49.844,False,200,
1787684533.4009573,serverless,30.0,30.0,45.921,False,200,
1787684533.4342906,serverless,30.0,30.0,38.99,False,200,
1787684533.467624,serverless,30.0,30.0,46.436,False,200,
1787684533.5009573,serverless,30.0,30.0,51.937,False,200,
1787684533.5342906,serverless,30.0,30.0,45.737,False,200,
1787684533.5676239,serverless,30.0,30.0,61.516,False,200,
1787684533.6009574,serverless,30.0,30.0,39.972,False,200,
1787684533.6342907,serverless,30.0,30.0,59.334,False,200,
1787684533.667624,serverless,30.0,30.0,37.216,False,200,
1787684533.7009573,serverless,30.0,30.0,63.448,False,200,
1787684533.7342906,serverless,30.0,30.0,51.604,False,200,
1787684533.767624,serverless,30.0,30.0,67.596,False,200,
1787684533.8009572,serverless,30.0,30.0,58.796,False,200,
1787684533.8342907,serverless,30.0,30.0,46.057,False,200,
1787684533.867624,serverless,30.0,30.0,56.117,False,200,
1787684533.9009573,serverless,30.0,30.0,47.703,False,200,
1787684533.9342906,serverless,30.0,30.0,58.93,False,200,
1787684533.967624,serverless,30.0,30.0,72.572,False,200,
1787684534.0009573,serverless,30.0,30.0,58.634,False,200,
1787684534.0342906,serverless,30.0,30.0,44.551,False,200,
1787684534.0676239,serverless,30.0,30.0,63.329,False,200,
1787684534.1009574,serverless,30.0,30.0,69.876,False,200,
1787684534.1342907,serverless,30.0,30.0,78.644,False,200,
1787684534.167624,serverless,30.0,30.0,34.377,False,200,
1787684534.2009573,serverless,30.0,30.0,45.102,False,200,
1787684534.2342906,serverless,30.0,30.0,49.397,False,200,
1787684534.267624,serverless,30.0,30.0,55.803,False,200,
1787684534.3009572,serverless,30.0,30.0,55.593,False,200,
1787684534.3342907,serverless,30.0,30.0,41.95,False,200,
1787684534.367624,serverless,30.0,30.0,53.225,False,200,
1787684534.4009573,serverless,30.0,30.0,25.234,False,200,
1787684534.4342906,serverless,30.0,30.0,37.107,False,200,
1787684534.467624,serverless,30.0,30.0,46.086,False,200,
1787684534.5009573,serverless,30.0,30.0,42.386,False,200,
1787684534.5342906,serverless,30.0,30.0,73.148,False,200,
1787684534.5676239,serverless,30.0,30.0,47.429,False,200,
1787684534.6009574,serverless,30.0,30.0,67.588,False,200,
1787684534.6342907,serverless,30.0,30.0,43.5,False,200,
1787684534.667624,serverless,30.0,30.0,58.979,False,200,
1787684534.7009573,serverless,30.0,30.0,55.829,False,200,
1787684534.7342906,serverless,30.0,30.0,47.623,False,200,
1787684534.767624,serverless,30.0,30.0,75.533,False,200,
1787684534.8009572,serverless,30.0,30.0,50.382,False,200,
1787684534.8342907,serverless,30.0,30.0,51.146,False,200,
1787684534.867624,serverless,30.0,30.0,38.785,False,200,
1787684534.9009573,serverless,30.0,30.0,48.806,False,200,
1787684534.9342906,serverless,30.0,30.0,57.589,False,200,
1787684534.967624,serverless,30.0,30.0,54.13,False,200,
1787684535.0009573,serverless,30.0,30.0,69.0,False,200,
1787684535.0342906,serverless,30.0,30.0,44.596,False,200,
1787684535.0676239,serverless,30.0,30.0,46.843,False,200,
1787684535.1009574,serverless,30.0,30.0,57.989,False,200,
1787684535.1342907,serverless,30.0,30.0,47.54,False,200,
1787684535.167624,serverless,30.0,30.0,41.294,False,200,
1787684535.2009573,serverless,30.0,30.0,58.169,False,200,
1787684535.2342906,serverless,30.0,30.0,51.867,False,200,
1787684535.267624,serverless,30.0,30.0,44.172,False,200,
1787684535.3009572,serverless,30.0,30.0,53.899,False,200,
1787684535.3342907,serverless,30.0,30.0,47.667,False,200,
1787684535.367624,serverless,30.0,30.0,34.01,False,200,
1787684535.4009573,serverless,30.0,30.0,61.514,False,200,
1787684535.4342906,serverless,30.0,30.0,44.037,False,200,
1787684535.467624,serverless,30.0,30.0,58.641,False,200,
1787684535.5009573,serverless,30.0,30.0,61.276,False,200,
1787684535.5342906,serverless,30.0,30.0,46.941,False,200,
1787684535.5676239,serverless,30.0,30.0,36.765,False,200,
1787684535.6009574,serverless,30.0,30.0,49.704,False,200,
1787684535.6342907,serverless,30.0,30.0,35.344,False,200,
1787684535.667624,serverless,30.0,30.0,57.289,False,200,
1787684535.7009573,serverless,30.0,30.0,48.274,False,200,
1787684535.7342906,serverless,30.0,30.0,37.117,False,200,
1787684535.767624,serverless,30.0,30.0,43.171,False,200,
1787684535.8009572,serverless,30.0,30.0,31.492,False,200,
1787684535.8342907,serverless,30.0,30.0,43.559,False,200,
1787684535.867624,serverless,30.0,30.0,42.271,False,200,
1787684535.9009573,serverless,30.0,30.0,51.436,False,200,
1787684535.9342906,serverless,30.0,30.0,44.453,False,200,
1787684535.967624,serverless,30.0,30.0,62.585,False,200,
1787684536.0009573,serverless,30.0,30.0,58.472,False,200,
1787684536.0342906,serverless,30.0,30.0,47.428,False,200,
1787684536.0676239,serverless,30.0,30.0,51.643,False,200,
1787684536.1009574,serverless,30.0,30.0,52.33,False,200,
1787684536.1342907,serverless,30.0,30.0,46.476,False,200,
1787684536.167624,serverless,30.0,30.0,58.832,False,200,
1787684536.2009573,serverless,30.0,30.0,49.852,False,200,
1787684536.2342906,serverless,30.0,30.0,47.578,False,200,
1787684536.267624,serverless,30.0,30.0,33.462,False,200,
1787684536.3009572,serverless,30.0,30.0,42.114,False,200,
1787684536.3342907,serverless,30.0,30.0,66.727,False,200,
1787684536.367624,serverless,30.0,30.0,53.199,False,200,
1787684536.4009573,serverless,30.0,30.0,52.5,False,200,
1787684536.4342906,serverless,30.0,30.0,63.8,False,200,
1787684536.467624,serverless,30.0,30.0,41.008,False,200,
1787684536.5009573,serverless,30.0,30.0,63.698,False,200,
1787684536.5342906,serverless,30.0,30.0,43.797,False,200,
1787684536.5676239,serverless,30.0,30.0,61.618,False,200,
1787684536.6009574,serverless,30.0,30.0,30.406,False,200,
1787684536.6342907,serverless,30.0,30.0,65.659,False,200,
1787684536.667624,serverless,30.0,30.0,47.266,False,200,
1787684536.7009573,serverless,30.0,30.0,37.101,False,200,
1787684536.7342906,serverless,30.0,30.0,60.355,False,200,
1787684536.767624,serverless,30.0,30.0,71.055,False,200,
1787684536.8009572,serverless,30.0,30.0,64.872,False,200,
1787684536.8342907,serverless,30.0,30.0,51.418,False,200,
1787684536.867624,serverless,30.0,30.0,58.618,False,200,
1787684536.9009573,serverless,30.0,30.0,33.415,False,200,
1787684536.9342906,serverless,30.0,30.0,46.85,False,200,
1787684536.967624,serverless,30.0,30.0,56.698,False,200,
1787684537.0009573,serverless,30.0,30.0,44.22,False,200,
1787684537.0342906,serverless,30.0,30.0,62.154,False,200,
1787684537.0676239,serverless,30.0,30.0,76.808,False,200,
1787684537.1009574,serverless,30.0,30.0,57.528,False,200,
1787684537.1342907,serverless,30.0,30.0,39.716,False,200,
1787684537.167624,serverless,30.0,30.0,54.994,False,200,
1787684537.2009573,serverless,30.0,30.0,55.099,False,200,
1787684537.2342906,serverless,30.0,30.0,40.167,False,200,
1787684537.267624,serverless,30.0,30.0,55.226,False,200,
1787684537.3009572,serverless,30.0,30.0,43.472,False,200,
1787684537.3342907,serverless,30.0,30.0,51.177,False,200,
1787684537.367624,serverless,30.0,30.0,56.931,False,200,
1787684537.4009573,serverless,30.0,30.0,82.45,False,200,
1787684537.4342906,serverless,30.0,30.0,53.029,False,200,
1787684537.467624,serverless,30.0,30.0,49.92,False,200,
1787684537.5009573,serverless,30.0,30.0,51.146,False,200,
1787684537.5342906,serverless,30.0,30.0,40.712,False,200,
1787684537.5676239,serverless,30.0,30.0,45.812,False,200,
1787684537.6009574,serverless,30.0,30.0,55.037,False,200,
1787684537.6342907,serverless,30.0,30.0,34.45,False,200,
1787684537.667624,serverless,30.0,30.0,71.505,False,200,
1787684537.7009573,serverless,30.0,30.0,47.052,False,200,
1787684537.7342906,serverless,30.0,30.0,40.619,False,200,
1787684537.767624,serverless,30.0,30.0,40.043,False,200,
1787684537.8009572,serverless,30.0,30.0,60.806,False,200,
1787684537.8342907,serverless,30.0,30.0,59.611,False,200,
1787684537.867624,serverless,30.0,30.0,56.516,False,200,
1787684537.9009573,serverless,30.0,30.0,41.733,False,200,
1787684537.9342906,serverless,30.0,30.0,50.647,False,200,
1787684537.967624,serverless,30.0,30.0,61.863,False,200,
1787684538.0009573,serverless,30.0,30.0,68.347,False,200,
1787684538.0342906,serverless,30.0,30.0,44.342,False,200,
1787684538.0676239,serverless,30.0,30.0,55.214,False,200,
1787684538.1009574,serverless,30.0,30.0,45.836,False,200,
1787684538.1342907,serverless,30.0,30.0,60.874,False,200,
1787684538.167624,serverless,30.0,30.0,38.602,False,200,
1787684538.2009573,serverless,30.0,30.0,66.374,False,200,
1787684538.2342906,serverless,30.0,30.0,36.569,False,200,
1787684538.267624,serverless,30.0,30.0,50.883,False,200,
1787684538.3009572,serverless,30.0,30.0,60.389,False,200,
1787684538.3342907,serverless,30.0,30.0,61.219,False,200,
1787684538.367624,serverless,30.0,30.0,61.459,False,200,
1787684538.4009573,serverless,30.0,30.0,39.823,False,200,
1787684538.4342906,serverless,30.0,30.0,88.577,False,200,
1787684538.467624,serverless,30.0,30.0,51.243,False,200,
1787684538.5009573,serverless,30.0,30.0,45.834,False,200,
1787684538.5342906,serverless,30.0,30.0,59.606,False,200,
1787684538.5676239,serverless,30.0,30.0,44.758,False,200,
1787684538.6009574,serverless,30.0,30.0,32.156,False,200,
1787684538.6342907,serverless,30.0,30.0,44.697,False,200,
1787684538.667624,serverless,30.0,30.0,52.41,False,200,
1787684538.7009573,serverless,30.0,30.0,67.432,False,200,
1787684538.7342906,serverless,30.0,30.0,54.228,False,200,
1787684538.767624,serverless,30.0,30.0,63.468,False,200,
1787684538.8009572,serverless,30.0,30.0,33.542,False,200,
1787684538.8342907,serverless,30.0,30.0,49.067,False,200,
1787684538.867624,serverless,30.0,30.0,56.611,False,200,
1787684538.9009573,serverless,30.0,30.0,49.673,False,200,
1787684538.9342906,serverless,30.0,30.0,47.356,False,200,
1787684538.967624,serverless,30.0,30.0,33.383,False,200,
1787684539.0009573,serverless,30.0,30.0,50.968,False,200,
1787684539.0342906,serverless,30.0,30.0,60.297,False,200,
1787684539.0676239,serverless,30.0,30.0,52.583,False,200,
1787684539.1009574,serverless,30.0,30.0,45.757,False,200,
1787684539.1342907,serverless,30.0,30.0,56.561,False,200,
1787684539.167624,serverless,30.0,30.0,51.846,False,200,
1787684539.2009573,serverless,30.0,30.0,61.313,False,200,
1787684539.2342906,serverless,30.0,30.0,40.47,False,200,
1787684539.267624,serverless,30.0,30.0,52.494,False,200,
1787684539.3009572,serverless,30.0,30.0,78.747,False,200,
1787684539.3342907,serverless,30.0,30.0,41.984,False,200,
1787684539.367624,serverless,30.0,30.0,39.766,False,200,
1787684539.4009573,serverless,30.0,30.0,45.773,False,200,
1787684539.4342906,serverless,30.0,30.0,65.016,False,200,
1787684539.467624,serverless,30.0,30.0,52.818,False,200,
1787684539.5009573,serverless,30.0,30.0,56.588,False,200,
1787684539.5342906,serverless,30.0,30.0,57.328,False,200,
1787684539.5676239,serverless,30.0,30.0,46.007,False,200,
1787684539.6009574,serverless,30.0,30.0,50.459,False,200,
1787684539.6342907,serverless,30.0,30.0,55.61,False,200,
1787684539.667624,serverless,30.0,30.0,41.931,False,200,
1787684539.7009573,serverless,30.0,30.0,62.465,False,200,
1787684539.7342906,serverless,30.0,30.0,43.567,False,200,
1787684539.767624,serverless,30.0,30.0,57.799,False,200,
1787684539.8009572,serverless,30.0,30.0,46.762,False,200,
1787684539.8342907,serverless,30.0,30.0,38.652,False,200,
1787684539.867624,serverless,30.0,30.0,54.56,False,200,
1787684539.9009573,serverless,30.0,30.0,58.478,False,200,
1787684539.9342906,serverless,30.0,30.0,62.494,False,200,
1787684539.967624,serverless,30.0,30.0,41.909,False,200,
1787684540.0009573,serverless,30.0,30.0,61.319,False,200,
1787684540.0342906,serverless,30.0,30.0,49.902,False,200,
1787684540.0676239,serverless,30.0,30.0,1231.334,True,200,
1787684540.1009574,serverless,30.0,30.0,59.877,False,200,
1787684540.1342907,serverless,30.0,30.0,47.621,False,200,
1787684540.167624,serverless,30.0,30.0,64.101,False,200,
1787684540.2009573,serverless,30.0,30.0,55.692,False,200,
1787684540.2342906,serverless,30.0,30.0,44.216,False,200,
1787684540.267624,serverless,30.0,30.0,38.363,False,200,
1787684540.3009572,serverless,30.0,30.0,44.309,False,200,
1787684540.3342907,serverless,30.0,30.0,53.267,False,200,
1787684540.367624,serverless,30.0,30.0,53.069,False,200,
1787684540.4009573,serverless,30.0,30.0,31.187,False,200,
1787684540.4342906,serverless,30.0,30.0,65.463,False,200,
1787684540.467624,serverless,30.0,30.0,39.931,False,200,
1787684540.5009573,serverless,30.0,30.0,35.765,False,200,
1787684540.5342906,serverless,30.0,30.0,63.672,False,200,
1787684540.5676239,serverless,30.0,30.0,43.451,False,200,
1787684540.6009574,serverless,30.0,30.0,54.941,False,200,
1787684540.6342907,serverless,30.0,30.0,48.907,False,200,
1787684540.667624,serverless,30.0,30.0,46.56,False,200,
1787684540.7009573,serverless,30.0,30.0,48.256,False,200,
1787684540.7342906,serverless,30.0,30.0,36.255,False,200,
1787684540.767624,serverless,30.0,30.0,51.923,False,200,
1787684540.8009572,serverless,30.0,30.0,63.659,False,200,
1787684540.8342907,serverless,30.0,30.0,67.674,False,200,
1787684540.867624,serverless,30.0,30.0,50.451,False,200,
1787684540.9009573,serverless,30.0,30.0,53.925,False,200,
1787684540.9342906,serverless,30.0,30.0,42.751,False,200,
1787684540.967624,serverless,30.0,30.0,48.92,False,200,
1787684541.0009573,serverless,30.0,30.0,51.568,False,200,
1787684541.0342906,serverless,30.0,30.0,42.812,False,200,
1787684541.0676239,serverless,30.0,30.0,50.97,False,200,
1787684541.1009574,serverless,30.0,30.0,46.675,False,200,
1787684541.1342907,serverless,30.0,30.0,48.975,False,200,
1787684541.167624,serverless,30.0,30.0,53.383,False,200,
1787684541.2009573,serverless,30.0,30.0,38.198,False,200,
1787684541.2342906,serverless,30.0,30.0,47.015,False,200,
1787684541.267624,serverless,30.0,30.0,57.307,False,200,
1787684541.3009572,serverless,30.0,30.0,50.816,False,200,
1787684541.3342907,serverless,30.0,30.0,64.845,False,200,
1787684541.367624,serverless,30.0,30.0,41.346,False,200,
1787684541.4009573,serverless,30.0,30.0,38.702,False,200,
1787684541.4342906,serverless,30.0,30.0,55.063,False,200,
1787684541.467624,serverless,30.0,30.0,52.448,False,200,
1787684541.5009573,serverless,30.0,30.0,33.125,False,200,
1787684541.5342906,serverless,30.0,30.0,54.395,False,200,
1787684541.5676239,serverless,30.0,30.0,66.808,False,200,
1787684541.6009574,serverless,30.0,30.0,59.023,False,200,
1787684541.6342907,serverless,30.0,30.0,51.582,False,200,
1787684541.667624,serverless,30.0,30.0,48.487,False,200,
1787684541.7009573,serverless,30.0,30.0,43.392,False,200,
1787684541.7342906,serverless,30.0,30.0,52.141,False,200,
1787684541.767624,serverless,30.0,30.0,51.777,False,200,
1787684541.8009572,serverless,30.0,30.0,1355.261,True,200,
1787684541.8342907,serverless,30.0,30.0,53.301,False,200,
1787684541.867624,serverless,30.0,30.0,50.014,False,200,
1787684541.9009573,serverless,30.0,30.0,66.999,False,200,
1787684541.9342906,serverless,30.0,30.0,47.001,False,200,
1787684541.967624,serverless,30.0,30.0,42.044,False,200,
1787684542.0009573,serverless,30.0,30.0,42.832,False,200,
1787684542.0342906,serverless,30.0,30.0,48.712,False,200,
1787684542.0676239,serverless,30.0,30.0,40.829,False,200,
1787684542.1009574,serverless,30.0,30.0,1086.792,True,200,
1787684542.1342907,serverless,30.0,30.0,43.047,False,200,
1787684542.167624,serverless,30.0,30.0,48.691,False,200,
1787684542.2009573,serverless,30.0,30.0,49.345,False,200,
1787684542.2342906,serverless,30.0,30.0,1578.381,True,200,
1787684542.267624,serverless,30.0,30.0,72.284,False,200,
1787684542.3009572,serverless,30.0,30.0,39.976,False,200,
1787684542.3342907,serverless,30.0,30.0,43.479,False,200,
1787684542.367624,serverless,30.0,30.0,54.574,False,200,
1787684542.4009573,serverless,30.0,30.0,58.911,False,200,
1787684542.4342906,serverless,30.0,30.0,35.564,False,200,
1787684542.467624,serverless,30.0,30.0,45.755,False,200,
1787684542.5009573,serverless,30.0,30.0,75.072,False,200,
1787684542.5342906,serverless,30.0,30.0,42.968,False,200,
1787684542.5676239,serverless,30.0,30.0,48.86,False,200,
1787684542.6009574,serverless,30.0,30.0,56.347,False,200,
1787684542.6342907,serverless,30.0,30.0,46.675,False,200,
1787684542.667624,serverless,30.0,30.0,41.595,False,200,
1787684542.7009573,serverless,30.0,30.0,50.854,False,200,
1787684542.7342906,serverless,30.0,30.0,37.623,False,200,
1787684542.767624,serverless,30.0,30.0,47.303,False,200,
1787684542.8009572,serverless,30.0,30.0,79.772,False,200,
1787684542.8342907,serverless,30.0,30.0,67.125,False,200,
1787684542.867624,serverless,30.0,30.0,40.393,False,200,
1787684542.9009573,serverless,30.0,30.0,43.42,False,200,
1787684542.9342906,serverless,30.0,30.0,56.064,False,200,
1787684542.967624,serverless,30.0,30.0,40.547,False,200,
1787684543.0009573,serverless,30.0,30.0,43.38,False,200,
1787684543.0342906,serverless,30.0,30.0,34.029,False,200,
1787684543.0676239,serverless,30.0,30.0,56.547,False,200,
1787684543.1009574,serverless,30.0,30.0,50.333,False,200,
1787684543.1342907,serverless,30.0,30.0,61.321,False,200,
1787684543.167624,serverless,30.0,30.0,37.943,False,200,
1787684543.2009573,serverless,30.0,30.0,50.924,False,200,
1787684543.2342906,serverless,30.0,30.0,42.98,False,200,
1787684543.267624,serverless,30.0,30.0,55.621,False,200,
1787684543.3009572,serverless,30.0,30.0,50.306,False,200,
1787684543.3342907,serverless,30.0,30.0,48.012,False,200,
1787684543.367624,serverless,30.0,30.0,54.655,False,200,
1787684543.4009573,serverless,30.0,30.0,47.832,False,200,
1787684543.4342906,serverless,30.0,30.0,53.482,False,200,
1787684543.467624,serverless,30.0,30.0,42.922,False,200,
1787684543.5009573,serverless,30.0,30.0,55.223,False,200,
1787684543.5342906,serverless,30.0,30.0,55.681,False,200,
1787684543.5676239,serverless,30.0,30.0,66.861,False,200,
1787684543.6009574,serverless,30.0,30.0,53.293,False,200,
1787684543.6342907,serverless,30.0,30.0,51.659,False,200,
1787684543.667624,serverless,30.0,30.0,56.535,False,200,
1787684543.7009573,serverless,30.0,30.0,32.139,False,200,
1787684543.7342906,serverless,30.0,30.0,48.819,False,200,
1787684543.767624,serverless,30.0,30.0,52.612,False,200,
1787684543.8009572,serverless,30.0,30.0,45.405,False,200,
1787684543.8342907,serverless,30.0,30.0,56.308,False,200,
1787684543.867624,serverless,30.0,30.0,58.409,False,200,
1787684543.9009573,serverless,30.0,30.0,1172.347,True,200,
1787684543.9342906,serverless,30.0,30.0,45.498,False,200,
1787684543.967624,serverless,30.0,30.0,57.267,False,200,
1787684544.0009573,serverless,30.0,30.0,55.388,False,200,
1787684544.0342906,serverless,30.0,30.0,35.349,False,200,
1787684544.0676239,serverless,30.0,30.0,45.452,False,200,
1787684544.1009574,serverless,30.0,30.0,37.309,False,200,
1787684544.1342907,serverless,30.0,30.0,62.769,False,200,
1787684544.167624,serverless,30.0,30.0,55.905,False,200,
1787684544.2009573,serverless,30.0,30.0,35.615,False,200,
1787684544.2342906,serverless,30.0,30.0,58.058,False,200,
1787684544.267624,serverless,30.0,30.0,51.154,False,200,
1787684544.3009572,serverless,30.0,30.0,68.608,False,200,
1787684544.3342907,serverless,30.0,30.0,90.09,False,200,
1787684544.367624,serverless,30.0,30.0,49.237,False,200,
1787684544.4009573,serverless,30.0,30.0,46.808,False,200,
1787684544.4342906,serverless,30.0,30.0,60.689,False,200,
1787684544.467624,serverless,30.0,30.0,35.735,False,200,
1787684544.5009573,serverless,30.0,30.0,57.458,False,200,
1787684544.5342906,serverless,30.0,30.0,57.271,False,200,
1787684544.5676239,serverless,30.0,30.0,62.85,False,200,
1787684544.6009574,serverless,30.0,30.0,44.008,False,200,
1787684544.6342907,serverless,30.0,30.0,49.071,False,200,
1787684544.667624,serverless,30.0,30.0,58.425,False,200,
1787684544.7009573,serverless,30.0,30.0,53.16,False,200,
1787684544.7342906,serverless,30.0,30.0,56.999,False,200,
1787684544.767624,serverless,30.0,30.0,47.808,False,200,
1787684544.8009572,serverless,30.0,30.0,44.897,False,200,
1787684544.8342907,serverless,30.0,30.0,64.884,False,200,
1787684544.867624,serverless,30.0,30.0,61.664,False,200,
1787684544.9009573,serverless,30.0,30.0,34.367,False,200,
1787684544.9342906,serverless,30.0,30.0,58.429,False,200,
1787684544.967624,serverless,30.0,30.0,38.408,False,200,
1787684545.0009573,serverless,30.0,30.0,66.236,False,200,
1787684545.0342906,serverless,30.0,30.0,43.1,False,200,
1787684545.0676239,serverless,30.0,30.0,52.589,False,200,
1787684545.1009574,serverless,30.0,30.0,53.284,False,200,
1787684545.1342907,serverless,30.0,30.0,56.416,False,200,
1787684545.167624,serverless,30.0,30.0,39.38,False,200,
1787684545.2009573,serverless,30.0,30.0,63.626,False,200,
1787684545.2342906,serverless,30.0,30.0,55.413,False,200,
1787684545.267624,serverless,30.0,30.0,56.041,False,200,
1787684545.3009572,serverless,30.0,30.0,59.614,False,200,
1787684545.3342907,serverless,30.0,30.0,40.119,False,200,
1787684545.367624,serverless,30.0,30.0,52.356,False,200,
1787684545.4009573,serverless,30.0,30.0,49.021,False,200,
1787684545.4342906,serverless,30.0,30.0,48.554,False,200,
1787684545.467624,serverless,30.0,30.0,32.683,False,200,
1787684545.5009573,serverless,30.0,30.0,62.436,False,200,
1787684545.5342906,serverless,30.0,30.0,84.772,False,200,
1787684545.5676239,serverless,30.0,30.0,67.12,False,200,
1787684545.6009574,serverless,30.0,30.0,61.57,False,200,
1787684545.6342907,serverless,30.0,30.0,45.737,False,200,
1787684545.667624,serverless,30.0,30.0,46.841,False,200,
1787684545.7009573,serverless,30.0,30.0,45.657,False,200,
1787684545.7342906,serverless,30.0,30.0,77.44,False,200,
1787684545.767624,serverless,30.0,30.0,36.732,False,200,
1787684545.8009572,serverless,30.0,30.0,40.897,False,200,
1787684545.8342907,serverless,30.0,30.0,43.627,False,200,
1787684545.867624,serverless,30.0,30.0,45.09,False,200,
1787684545.9009573,serverless,30.0,30.0,56.425,False,200,
1787684545.9342906,serverless,30.0,30.0,54.103,False,200,
1787684545.967624,serverless,30.0,30.0,53.698,False,200,
1787684546.0009573,serverless,30.0,30.0,49.179,False,200,
1787684546.0342906,serverless,30.0,30.0,37.988,False,200,
1787684546.0676239,serverless,30.0,30.0,50.27,False,200,
1787684546.1009574,serverless,30.0,30.0,51.673,False,200,
1787684546.1342907,serverless,30.0,30.0,74.628,False,200,
1787684546.167624,serverless,30.0,30.0,43.098,False,200,
1787684546.2009573,serverless,30.0,30.0,58.846,False,200,
1787684546.2342906,serverless,30.0,30.0,78.109,False,200,
1787684546.267624,serverless,30.0,30.0,46.707,False,200,
1787684546.3009572,serverless,30.0,30.0,59.029,False,200,
1787684546.3342907,serverless,30.0,30.0,54.324,False,200,
1787684546.367624,serverless,30.0,30.0,49.093,False,200,
1787684546.4009573,serverless,30.0,30.0,34.135,False,200,
1787684546.4342906,serverless,30.0,30.0,44.654,False,200,
1787684546.467624,serverless,30.0,30.0,56.761,False,200,
1787684546.5009573,serverless,30.0,30.0,55.042,False,200,
1787684546.5342906,serverless,30.0,30.0,53.757,False,200,
1787684546.5676239,serverless,30.0,30.0,44.051,False,200,
1787684546.6009574,serverless,30.0,30.0,59.084,False,200,
1787684546.6342907,serverless,30.0,30.0,54.372,False,200,
1787684546.667624,serverless,30.0,30.0,44.605,False,200,
1787684546.7009573,serverless,30.0,30.0,55.201,False,200,
1787684546.7342906,serverless,30.0,30.0,45.944,False,200,
1787684546.767624,serverless,30.0,30.0,58.863,False,200,
1787684546.8009572,serverless,30.0,30.0,64.289,False,200,
1787684546.8342907,serverless,30.0,30.0,70.513,False,200,
1787684546.867624,serverless,30.0,30.0,45.695,False,200,
1787684546.9009573,serverless,30.0,30.0,88.495,False,200,
1787684546.9342906,serverless,30.0,30.0,45.611,False,200,
1787684546.967624,serverless,30.0,30.0,50.233,False,200,
1787684547.0009573,serverless,30.0,30.0,45.675,False,200,
1787684547.0342906,serverless,30.0,30.0,28.778,False,200,
1787684547.0676239,serverless,30.0,30.0,55.615,False,200,
1787684547.1009574,serverless,30.0,30.0,56.992,False,200,
1787684547.1342907,serverless,30.0,30.0,72.809,False,200,
1787684547.167624,serverless,30.0,30.0,38.507,False,200,
1787684547.2009573,serverless,30.0,30.0,52.822,False,200,
1787684547.2342906,serverless,30.0,30.0,51.722,False,200,
1787684547.267624,serverless,30.0,30.0,42.385,False,200,
1787684547.3009572,serverless,30.0,30.0,46.096,False,200,
1787684547.3342907,serverless,30.0,30.0,43.768,False,200,
1787684547.367624,serverless,30.0,30.0,57.932,False,200,
1787684547.4009573,serverless,30.0,30.0,56.851,False,200,
1787684547.4342906,serverless,30.0,30.0,44.566,False,200,
1787684547.467624,serverless,30.0,30.0,53.34,False,200,
1787684547.5009573,serverless,30.0,30.0,44.563,False,200,
1787684547.5342906,serverless,30.0,30.0,45.37,False,200,
1787684547.5676239,serverless,30.0,30.0,55.371,False,200,
1787684547.6009574,serverless,30.0,30.0,52.782,False,200,
1787684547.6342907,serverless,30.0,30.0,55.529,False,200,
1787684547.667624,serverless,30.0,30.0,39.659,False,200,
1787684547.7009573,serverless,30.0,30.0,46.724,False,200,
1787684547.7342906,serverless,30.0,30.0,62.708,False,200,
1787684547.767624,serverless,30.0,30.0,58.474,False,200,
1787684547.8009572,serverless,30.0,30.0,54.56,False,200,
1787684547.8342907,serverless,30.0,30.0,35.904,False,200,
1787684547.867624,serverless,30.0,30.0,70.397,False,200,
1787684547.9009573,serverless,30.0,30.0,58.669,False,200,
1787684547.9342906,serverless,30.0,30.0,50.7,False,200,
1787684547.967624,serverless,30.0,30.0,63.237,False,200,
1787684548.0009573,serverless,30.0,30.0,32.165,False,200,
1787684548.0342906,serverless,30.0,30.0,61.653,False,200,
1787684548.0676239,serverless,30.0,30.0,56.032,False,200,
1787684548.1009574,serverless,30.0,30.0,37.898,False,200,
1787684548.1342907,serverless,30.0,30.0,52.392,False,200,
1787684548.167624,serverless,30.0,30.0,48.784,False,200,
1787684548.2009573,serverless,30.0,30.0,62.564,False,200,
1787684548.2342906,serverless,30.0,30.0,40.116,False,200,
1787684548.267624,serverless,30.0,30.0,66.081,False,200,
1787684548.3009572,serverless,30.0,30.0,44.26,False,200,
1787684548.3342907,serverless,30.0,30.0,38.264,False,200,
1787684548.367624,serverless,30.0,30.0,46.654,False,200,
1787684548.4009573,serverless,30.0,30.0,60.194,False,200,
1787684548.4342906,serverless,30.0,30.0,75.185,False,200,
1787684548.467624,serverless,30.0,30.0,43.721,False,200,
1787684548.5009573,serverless,30.0,30.0,60.575,False,200,
1787684548.5342906,serverless,30.0,30.0,55.578,False,200,
1787684548.5676239,serverless,30.0,30.0,43.912,False,200,
1787684548.6009574,serverless,30.0,30.0,52.779,False,200,
1787684548.6342907,serverless,30.0,30.0,67.718,False,200,
1787684548.667624,serverless,30.0,30.0,50.004,False,200,
1787684548.7009573,serverless,30.0,30.0,41.329,False,200,
1787684548.7342906,serverless,30.0,30.0,87.148,False,200,
1787684548.767624,serverless,30.0,30.0,60.256,False,200,
1787684548.8009572,serverless,30.0,30.0,38.963,False,200,
1787684548.8342907,serverless,30.0,30.0,44.562,False,200,
1787684548.867624,serverless,30.0,30.0,43.745,False,200,
1787684548.9009573,serverless,30.0,30.0,60.35,False,200,
1787684548.9342906,serverless,30.0,30.0,48.824,False,200,
1787684548.967624,serverless,30.0,30.0,52.07,False,200,
1787684549.0009573,serverless,30.0,30.0,48.883,False,200,
1787684549.0342906,serverless,30.0,30.0,49.913,False,200,
1787684549.0676239,serverless,30.0,30.0,69.962,False,200,
1787684549.1009574,serverless,30.0,30.0,53.824,False,200,
1787684549.1342907,serverless,30.0,30.0,52.778,False,200,
1787684549.167624,serverless,30.0,30.0,44.758,False,200,
1787684549.2009573,serverless,30.0,30.0,54.324,False,200,
1787684549.2342906,serverless,30.0,30.0,57.887,False,200,
1787684549.267624,serverless,30.0,30.0,47.222,False,200,
1787684549.3009572,serverless,30.0,30.0,38.397,False,200,
1787684549.3342907,serverless,30.0,30.0,40.256,False,200,
1787684549.367624,serverless,30.0,30.0,51.634,False,200,
1787684549.4009573,serverless,30.0,30.0,43.797,False,200,
1787684549.4342906,serverless,30.0,30.0,61.762,False,200,
1787684549.467624,serverless,30.0,30.0,63.506,False,200,
1787684549.5009573,serverless,30.0,30.0,43.978,False,200,
1787684549.5342906,serverless,30.0,30.0,55.375,False,200,
1787684549.5676239,serverless,30.0,30.0,68.314,False,200,
1787684549.6009574,serverless,30.0,30.0,57.767,False,200,
1787684549.6342907,serverless,30.0,30.0,41.006,False,200,
1787684549.667624,serverless,30.0,30.0,50.191,False,200,
1787684549.7009573,serverless,30.0,30.0,36.612,False,200,
1787684549.7342906,serverless,30.0,30.0,49.947,False,200,
1787684549.767624,serverless,30.0,30.0,58.787,False,200,
1787684549.8009572,serverless,30.0,30.0,46.923,False,200,
1787684549.8342907,serverless,30.0,30.0,64.367,False,200,
1787684549.867624,serverless,30.0,30.0,61.487,False,200,
1787684549.9009573,serverless,30.0,30.0,53.523,False,200,
1787684549.9342906,serverless,30.0,30.0,45.907,False,200,
1787684549.967624,serverless,30.0,30.0,67.672,False,200,
1787684550.0009573,serverless,30.0,30.0,48.389,False,200,
1787684550.0342906,serverless,30.0,30.0,54.717,False,200,
1787684550.0676239,serverless,30.0,30.0,30.309,False,200,
1787684550.1009574,serverless,30.0,30.0,60.57,False,200,
1787684550.1342907,serverless,30.0,30.0,56.005,False,200,
1787684550.167624,serverless,30.0,30.0,39.951,False,200,
1787684550.2009573,serverless,30.0,30.0,50.88,False,200,
1787684550.2342906,serverless,30.0,30.0,50.302,False,200,
1787684550.267624,serverless,30.0,30.0,47.851,False,200,
1787684550.3009572,serverless,30.0,30.0,40.779,False,200,
1787684550.3342907,serverless,30.0,30.0,45.903,False,200,
1787684550.367624,serverless,30.0,30.0,49.501,False,200,
1787684550.4009573,serverless,30.0,30.0,54.634,False,200,
1787684550.4342906,serverless,30.0,30.0,55.365,False,200,
1787684550.467624,serverless,30.0,30.0,49.497,False,200,
1787684550.5009573,serverless,30.0,30.0,53.132,False,200,
1787684550.5342906,serverless,30.0,30.0,37.439,False,200,
1787684550.5676239,serverless,30.0,30.0,33.215,False,200,
1787684550.6009574,serverless,30.0,30.0,39.94,False,200,
1787684550.6342907,serverless,30.0,30.0,39.524,False,200,
1787684550.667624,serverless,30.0,30.0,55.704,False,200,
1787684550.7009573,serverless,30.0,30.0,58.806,False,200,
1787684550.7342906,serverless,30.0,30.0,48.182,False,200,
1787684550.767624,serverless,30.0,30.0,62.432,False,200,
1787684550.8009572,serverless,30.0,30.0,61.053,False,200,
1787684550.8342907,serverless,30.0,30.0,46.343,False,200,
1787684550.867624,serverless,30.0,30.0,72.053,False,200,
1787684550.9009573,serverless,30.0,30.0,43.007,False,200,
1787684550.9342906,serverless,30.0,30.0,81.382,False,200,
1787684550.967624,serverless,30.0,30.0,62.162,False,200,
1787684551.0009573,serverless,30.0,30.0,43.219,False,200,
1787684551.0342906,serverless,30.0,30.0,45.42,False,200,
1787684551.0676239,serverless,30.0,30.0,43.764,False,200,
1787684551.1009574,serverless,30.0,30.0,45.244,False,200,
1787684551.1342907,serverless,30.0,30.0,56.997,False,200,
1787684551.167624,serverless,30.0,30.0,48.249,False,200,
1787684551.2009573,serverless,30.0,30.0,46.613,False,200,
1787684551.2342906,serverless,30.0,30.0,68.546,False,200,
1787684551.267624,serverless,30.0,30.0,50.739,False,200,
1787684551.3009572,serverless,30.0,30.0,52.532,False,200,
1787684551.3342907,serverless,30.0,30.0,55.482,False,200,
1787684551.367624,serverless,30.0,30.0,41.329,False,200,
1787684551.4009573,serverless,30.0,30.0,49.253,False,200,
1787684551.4342906,serverless,30.0,30.0,58.999,False,200,
1787684551.467624,serverless,30.0,30.0,43.784,False,200,
1787684551.5009573,serverless,30.0,30.0,45.183,False,200,
1787684551.5342906,serverless,30.0,30.0,58.841,False,200,
1787684551.5676239,serverless,30.0,30.0,53.914,False,200,
1787684551.6009574,serverless,30.0,30.0,57.808,False,200,
1787684551.6342907,serverless,30.0,30.0,65.194,False,200,
1787684551.667624,serverless,30.0,30.0,50.34,False,200,
1787684551.7009573,serverless,30.0,30.0,62.625,False,200,
1787684551.7342906,serverless,30.0,30.0,47.569,False,200,
1787684551.767624,serverless,30.0,30.0,53.504,False,200,
1787684551.8009572,serverless,30.0,30.0,41.645,False,200,
1787684551.8342907,serverless,30.0,30.0,40.827,False,200,
1787684551.867624,serverless,30.0,30.0,70.636,False,200,
1787684551.9009573,serverless,30.0,30.0,77.174,False,200,
1787684551.9342906,serverless,30.0,30.0,63.335,False,200,
1787684551.967624,serverless,30.0,30.0,63.755,False,200,
1787684552.0009573,serverless,30.0,30.0,38.846,False,200,
1787684552.0342906,serverless,30.0,30.0,48.872,False,200,
1787684552.0676239,serverless,30.0,30.0,40.606,False,200,
1787684552.1009574,serverless,30.0,30.0,52.961,False,200,
1787684552.1342907,serverless,30.0,30.0,49.401,False,200,
1787684552.167624,serverless,30.0,30.0,49.163,False,200,
1787684552.2009573,serverless,30.0,30.0,52.882,False,200,
1787684552.2342906,serverless,30.0,30.0,65.429,False,200,
1787684552.267624,serverless,30.0,30.0,1295.96,True,200,
1787684552.3009572,serverless,30.0,30.0,40.026,False,200,
1787684552.3342907,serverless,30.0,30.0,65.518,False,200,
1787684552.367624,serverless,30.0,30.0,50.751,False,200,
1787684552.4009573,serverless,30.0,30.0,46.979,False,200,
1787684552.4342906,serverless,30.0,30.0,55.089,False,200,
1787684552.467624,serverless,30.0,30.0,49.323,False,200,
1787684552.5009573,serverless,30.0,30.0,49.933,False,200,
1787684552.5342906,serverless,30.0,30.0,43.878,False,200,
1787684552.5676239,serverless,30.0,30.0,46.222,False,200,
1787684552.6009574,serverless,30.0,30.0,65.825,False,200,
1787684552.6342907,serverless,30.0,30.0,52.975,False,200,
1787684552.667624,serverless,30.0,30.0,65.325,False,200,
1787684552.7009573,serverless,30.0,30.0,52.83,False,200,
1787684552.7342906,serverless,30.0,30.0,52.172,False,200,
1787684552.767624,serverless,30.0,30.0,43.502,False,200,
1787684552.8009572,serverless,30.0,30.0,55.071,False,200,
1787684552.8342907,serverless,30.0,30.0,38.811,False,200,
1787684552.867624,serverless,30.0,30.0,62.175,False,200,
1787684552.9009573,serverless,30.0,30.0,44.384,False,200,
1787684552.9342906,serverless,30.0,30.0,50.134,False,200,
1787684552.967624,serverless,30.0,30.0,47.176,False,200,
1787684553.0009573,serverless,30.0,30.0,37.858,False,200,
1787684553.0342906,serverless,30.0,30.0,60.762,False,200,
1787684553.0676239,serverless,30.0,30.0,58.665,False,200,
1787684553.1009574,serverless,30.0,30.0,54.423,False,200,
1787684553.1342907,serverless,30.0,30.0,964.967,True,200,
1787684553.167624,serverless,30.0,30.0,53.791,False,200,
1787684553.2009573,serverless,30.0,30.0,51.722,False,200,
1787684553.2342906,serverless,30.0,30.0,50.473,False,200,
1787684553.267624,serverless,30.0,30.0,35.74,False,200,
1787684553.3009572,serverless,30.0,30.0,76.13,False,200,
1787684553.3342907,serverless,30.0,30.0,38.501,False,200,
1787684553.367624,serverless,30.0,30.0,2040.127,True,200,
1787684553.4009573,serverless,30.0,30.0,75.466,False,200,
1787684553.4342906,serverless,30.0,30.0,60.842,False,200,
1787684553.467624,serverless,30.0,30.0,55.364,False,200,
1787684553.5009573,serverless,30.0,30.0,36.582,False,200,
1787684553.5342906,serverless,30.0,30.0,27.884,False,200,
1787684553.5676239,serverless,30.0,30.0,38.057,False,200,
1787684553.6009574,serverless,30.0,30.0,68.909,False,200,
1787684553.6342907,serverless,30.0,30.0,55.231,False,200,
1787684553.667624,serverless,30.0,30.0,38.785,False,200,
1787684553.7009573,serverless,30.0,30.0,38.609,False,200,
1787684553.7342906,serverless,30.0,30.0,40.09,False,200,
1787684553.767624,serverless,30.0,30.0,35.158,False,200,
1787684553.8009572,serverless,30.0,30.0,45.935,False,200,
1787684553.8342907,serverless,30.0,30.0,47.928,False,200,
1787684553.867624,serverless,30.0,30.0,50.037,False,200,
1787684553.9009573,serverless,30.0,30.0,45.069,False,200,
1787684553.9342906,serverless,30.0,30.0,72.211,False,200,
1787684553.967624,serverless,30.0,30.0,40.419,False,200,
1787684554.0009573,serverless,30.0,30.0,47.591,False,200,
1787684554.0342906,serverless,30.0,30.0,31.636,False,200,
1787684554.0676239,serverless,30.0,30.0,39.597,False,200,
1787684554.1009574,serverless,30.0,30.0,54.791,False,200,
1787684554.1342907,serverless,30.0,30.0,67.309,False,200,
1787684554.167624,serverless,30.0,30.0,45.808,False,200,
1787684554.2009573,serverless,30.0,30.0,66.388,False,200,
1787684554.2342906,serverless,30.0,30.0,55.219,False,200,
1787684554.267624,serverless,30.0,30.0,35.469,False,200,
1787684554.3009572,serverless,30.0,30.0,46.431,False,200,
1787684554.3342907,serverless,30.0,30.0,68.331,False,200,
1787684554.367624,serverless,30.0,30.0,52.058,False,200,
1787684554.4009573,serverless,30.0,30.0,52.389,False,200,
1787684554.4342906,serverless,30.0,30.0,60.472,False,200,
1787684554.467624,serverless,30.0,30.0,53.539,False,200,
1787684554.5009573,serverless,30.0,30.0,66.103,False,200,
1787684554.5342906,serverless,30.0,30.0,44.225,False,200,
1787684554.5676239,serverless,30.0,30.0,45.337,False,200,
1787684554.6009574,serverless,30.0,30.0,56.432,False,200,
1787684554.6342907,serverless,30.0,30.0,49.547,False,200,
1787684554.667624,serverless,30.0,30.0,43.354,False,200,
1787684554.7009573,serverless,30.0,30.0,33.722,False,200,
1787684554.7342906,serverless,30.0,30.0,68.449,False,200,
1787684554.767624,serverless,30.0,30.0,52.493,False,200,
1787684554.8009572,serverless,30.0,30.0,54.419,False,200,
1787684554.8342907,serverless,30.0,30.0,69.648,False,200,
1787684554.867624,serverless,30.0,30.0,60.293,False,200,
1787684554.9009573,serverless,30.0,30.0,56.147,False,200,
1787684554.9342906,serverless,30.0,30.0,52.468,False,200,
1787684554.967624,serverless,30.0,30.0,51.25,False,200,
1787684555.0009573,serverless,30.0,30.0,48.538,False,200,
1787684555.0342906,serverless,30.0,30.0,71.268,False,200,
1787684555.0676239,serverless,30.0,30.0,47.753,False,200,
1787684555.1009574,serverless,30.0,30.0,58.264,False,200,
1787684555.1342907,serverless,30.0,30.0,47.804,False,200,
1787684555.167624,serverless,30.0,30.0,39.626,False,200,
1787684555.2009573,serverless,30.0,30.0,54.787,False,200,
1787684555.2342906,serverless,30.0,30.0,36.505,False,200,
1787684555.267624,serverless,30.0,30.0,42.868,False,200,
1787684555.3009572,serverless,30.0,30.0,49.891,False,200,
1787684555.3342907,serverless,30.0,30.0,35.593,False,200,
1787684555.367624,serverless,30.0,30.0,43.532,False,200,
1787684555.4009573,serverless,30.0,30.0,47.19,False,200,
1787684555.4342906,serverless,30.0,30.0,65.448,False,200,
1787684555.467624,serverless,30.0,30.0,79.672,False,200,
1787684555.5009573,serverless,30.0,30.0,52.702,False,200,
1787684555.5342906,serverless,30.0,30.0,49.835,False,200,
1787684555.5676239,serverless,30.0,30.0,41.222,False,200,
1787684555.6009574,serverless,30.0,30.0,49.17,False,200,
1787684555.6342907,serverless,30.0,30.0,41.735,False,200,
1787684555.667624,serverless,30.0,30.0,69.702,False,200,
1787684555.7009573,serverless,30.0,30.0,50.684,False,200,
1787684555.7342906,serverless,30.0,30.0,59.183,False,200,
1787684555.767624,serverless,30.0,30.0,50.845,False,200,
1787684555.8009572,serverless,30.0,30.0,69.397,False,200,
1787684555.8342907,serverless,30.0,30.0,74.158,False,200,
1787684555.867624,serverless,30.0,30.0,50.659,False,200,
1787684555.9009573,serverless,30.0,30.0,65.83,False,200,
1787684555.9342906,serverless,30.0,30.0,47.435,False,200,
1787684555.967624,serverless,30.0,30.0,55.086,False,200,
1787684556.0009573,serverless,30.0,30.0,50.54,False,200,
1787684556.0342906,serverless,30.0,30.0,48.271,False,200,
1787684556.0676239,serverless,30.0,30.0,42.216,False,200,
1787684556.1009574,serverless,30.0,30.0,59.45,False,200,
1787684556.1342907,serverless,30.0,30.0,38.415,False,200,
1787684556.167624,serverless,30.0,30.0,75.66,False,200,
1787684556.2009573,serverless,30.0,30.0,64.132,False,200,
1787684556.2342906,serverless,30.0,30.0,47.143,False,200,
1787684556.267624,serverless,30.0,30.0,48.983,False,200,
1787684556.3009572,serverless,30.0,30.0,58.819,False,200,
1787684556.3342907,serverless,30.0,30.0,38.713,False,200,
1787684556.367624,serverless,30.0,30.0,56.488,False,200,
1787684556.4009573,serverless,30.0,30.0,53.908,False,200,
1787684556.4342906,serverless,30.0,30.0,47.726,False,200,
1787684556.467624,serverless,30.0,30.0,33.827,False,200,
1787684556.5009573,serverless,30.0,30.0,50.319,False,200,
1787684556.5342906,serverless,30.0,30.0,47.122,False,200,
1787684556.5676239,serverless,30.0,30.0,51.537,False,200,
1787684556.6009574,serverless,30.0,30.0,37.369,False,200,
1787684556.6342907,serverless,30.0,30.0,52.302,False,200,
1787684556.667624,serverless,30.0,30.0,51.137,False,200,
1787684556.7009573,serverless,30.0,30.0,60.793,False,200,
1787684556.7342906,serverless,30.0,30.0,47.328,False,200,
1787684556.767624,serverless,30.0,30.0,41.416,False,200,
1787684556.8009572,serverless,30.0,30.0,48.15,False,200,
1787684556.8342907,serverless,30.0,30.0,39.937,False,200,
1787684556.867624,serverless,30.0,30.0,46.738,False,200,
1787684556.9009573,serverless,30.0,30.0,37.844,False,200,
1787684556.9342906,serverless,30.0,30.0,48.742,False,200,
1787684556.967624,serverless,30.0,30.0,52.216,False,200,
1787684557.0009573,serverless,30.0,30.0,46.787,False,200,
1787684557.0342906,serverless,30.0,30.0,41.973,False,200,
1787684557.0676239,serverless,30.0,30.0,49.352,False,200,
1787684557.1009574,serverless,30.0,30.0,37.19,False,200,
1787684557.1342907,serverless,30.0,30.0,55.377,False,200,
1787684557.167624,serverless,30.0,30.0,63.387,False,200,
1787684557.2009573,serverless,30.0,30.0,57.321,False,200,
1787684557.2342906,serverless,30.0,30.0,57.452,False,200,
1787684557.267624,serverless,30.0,30.0,40.787,False,200,
1787684557.3009572,serverless,30.0,30.0,48.692,False,200,
1787684557.3342907,serverless,30.0,30.0,73.363,False,200,
1787684557.367624,serverless,30.0,30.0,61.811,False,200,
1787684557.4009573,serverless,30.0,30.0,62.477,False,200,
1787684557.4342906,serverless,30.0,30.0,67.648,False,200,
1787684557.467624,serverless,30.0,30.0,59.909,False,200,
1787684557.5009573,serverless,30.0,30.0,39.555,False,200,
1787684557.5342906,serverless,30.0,30.0,55.051,False,200,
1787684557.5676239,serverless,30.0,30.0,57.039,False,200,
1787684557.6009574,serverless,30.0,30.0,60.626,False,200,
1787684557.6342907,serverless,30.0,30.0,56.009,False,200,
1787684557.667624,serverless,30.0,30.0,37.011,False,200,
1787684557.7009573,serverless,30.0,30.0,55.152,False,200,
1787684557.7342906,serverless,30.0,30.0,39.676,False,200,
1787684557.767624,serverless,30.0,30.0,56.191,False,200,
1787684557.8009572,serverless,30.0,30.0,48.004,False,200,
1787684557.8342907,serverless,30.0,30.0,47.289,False,200,
1787684557.867624,serverless,30.0,30.0,49.368,False,200,
1787684557.9009573,serverless,30.0,30.0,48.384,False,200,
1787684557.9342906,serverless,30.0,30.0,49.939,False,200,
1787684557.967624,serverless,30.0,30.0,38.056,False,200,
1787684558.0009573,serverless,30.0,30.0,55.416,False,200,
1787684558.0342906,serverless,30.0,30.0,50.6,False,200,
1787684558.0676239,serverless,30.0,30.0,59.992,False,200,
1787684558.1009574,serverless,30.0,30.0,72.239,False,200,
1787684558.1342907,serverless,30.0,30.0,57.307,False,200,
1787684558.167624,serverless,30.0,30.0,43.097,False,200,
1787684558.2009573,serverless,30.0,30.0,50.699,False,200,
1787684558.2342906,serverless,30.0,30.0,40.303,False,200,
1787684558.267624,serverless,30.0,30.0,42.357,False,200,
1787684558.3009572,serverless,30.0,30.0,57.149,False,200,
1787684558.3342907,serverless,30.0,30.0,51.711,False,200,
1787684558.367624,serverless,30.0,30.0,64.167,False,200,
1787684558.4009573,serverless,30.0,30.0,60.082,False,200,
1787684558.4342906,serverless,30.0,30.0,34.936,False,200,
1787684558.467624,serverless,30.0,30.0,59.555,False,200,
1787684558.5009573,serverless,30.0,30.0,52.271,False,200,
1787684558.5342906,serverless,30.0,30.0,68.729,False,200,
1787684558.5676239,serverless,30.0,30.0,57.695,False,200,
1787684558.6009574,serverless,30.0,30.0,97.131,False,200,
1787684558.6342907,serverless,30.0,30.0,44.603,False,200,
1787684558.667624,serverless,30.0,30.0,43.478,False,200,
1787684558.7009573,serverless,30.0,30.0,50.291,False,200,
1787684558.7342906,serverless,30.0,30.0,46.483,False,200,
1787684558.767624,serverless,30.0,30.0,67.455,False,200,
1787684558.8009572,serverless,30.0,30.0,42.888,False,200,
1787684558.8342907,serverless,30.0,30.0,75.053,False,200,
1787684558.867624,serverless,30.0,30.0,49.048,False,200,
1787684558.9009573,serverless,30.0,30.0,62.568,False,200,
1787684558.9342906,serverless,30.0,30.0,52.349,False,200,
1787684558.967624,serverless,30.0,30.0,45.719,False,200,
1787684559.0009573,serverless,30.0,30.0,47.965,False,200,
1787684559.0342906,serverless,30.0,30.0,27.054,False,200,
1787684559.0676239,serverless,30.0,30.0,47.54,False,200,
1787684559.1009574,serverless,30.0,30.0,41.173,False,200,
1787684559.1342907,serverless,30.0,30.0,66.933,False,200,
1787684559.167624,serverless,30.0,30.0,50.342,False,200,
1787684559.2009573,serverless,30.0,30.0,37.174,False,200,
1787684559.2342906,serverless,30.0,30.0,56.155,False,200,
1787684559.267624,serverless,30.0,30.0,37.632,False,200,
1787684559.3009572,serverless,30.0,30.0,50.427,False,200,
1787684559.3342907,serverless,30.0,30.0,51.821,False,200,
1787684559.367624,serverless,30.0,30.0,55.416,False,200,
1787684559.4009573,serverless,30.0,30.0,60.168,False,200,
1787684559.4342906,serverless,30.0,30.0,55.369,False,200,
1787684559.467624,serverless,30.0,30.0,54.274,False,200,
1787684559.5009573,serverless,30.0,30.0,66.389,False,200,
1787684559.5342906,serverless,30.0,30.0,58.35,False,200,
1787684559.5676239,serverless,30.0,30.0,59.864,False,200,
1787684559.6009574,serverless,30.0,30.0,36.127,False,200,
1787684559.6342907,serverless,30.0,30.0,43.863,False,200,
1787684559.667624,serverless,30.0,30.0,46.682,False,200,
1787684559.7009573,serverless,30.0,30.0,64.766,False,200,
1787684559.7342906,serverless,30.0,30.0,44.765,False,200,
1787684559.767624,serverless,30.0,30.0,49.035,False,200,
1787684559.8009572,serverless,30.0,30.0,40.133,False,200,
1787684559.8342907,serverless,30.0,30.0,55.681,False,200,
1787684559.867624,serverless,30.0,30.0,65.281,False,200,
1787684559.9009573,serverless,30.0,30.0,46.402,False,200,
1787684559.9342906,serverless,30.0,30.0,50.232,False,200,
1787684559.967624,serverless,30.0,30.0,52.149,False,200,
1787684560.0009573,serverless,30.0,30.0,53.856,False,200,
1787684560.0342906,serverless,30.0,30.0,62.699,False,200,
1787684560.0676239,serverless,30.0,30.0,43.134,False,200,
1787684560.1009574,serverless,30.0,30.0,61.75,False,200,
1787684560.1342907,serverless,30.0,30.0,68.032,False,200,
1787684560.167624,serverless,30.0,30.0,40.21,False,200,
1787684560.2009573,serverless,30.0,30.0,60.922,False,200,
1787684560.2342906,serverless,30.0,30.0,47.981,False,200,
1787684560.267624,serverless,30.0,30.0,49.236,False,200,
1787684560.3009572,serverless,30.0,30.0,52.349,False,200,
1787684560.3342907,serverless,30.0,30.0,40.144,False,200,
1787684560.367624,serverless,30.0,30.0,41.1,False,200,
1787684560.4009573,serverless,30.0,30.0,43.333,False,200,
1787684560.4342906,serverless,30.0,30.0,41.776,False,200,
1787684560.467624,serverless,30.0,30.0,48.544,False,200,
1787684560.5009573,serverless,30.0,30.0,46.773,False,200,
1787684560.5342906,serverless,30.0,30.0,41.239,False,200,
1787684560.5676239,serverless,30.0,30.0,53.193,False,200,
1787684560.6009574,serverless,30.0,30.0,33.83,False,200,
1787684560.6342907,serverless,30.0,30.0,30.209,False,200,
1787684560.667624,serverless,30.0,30.0,33.397,False,200,
1787684560.7009573,serverless,30.0,30.0,56.259,False,200,
1787684560.7342906,serverless,30.0,30.0,52.701,False,200,
1787684560.767624,serverless,30.0,30.0,31.389,False,200,
1787684560.8009572,serverless,30.0,30.0,52.454,False,200,
1787684560.8342907,serverless,30.0,30.0,45.778,False,200,
1787684560.867624,serverless,30.0,30.0,56.463,False,200,
1787684560.9009573,serverless,30.0,30.0,60.278,False,200,
1787684560.9342906,serverless,30.0,30.0,41.597,False,200,
1787684560.967624,serverless,30.0,30.0,60.501,False,200,
1787684561.0009573,serverless,30.0,30.0,39.742,False,200,
1787684561.0342906,serverless,30.0,30.0,47.473,False,200,
1787684561.0676239,serverless,30.0,30.0,1458.589,True,200,
1787684561.1009574,serverless,30.0,30.0,66.401,False,200,
1787684561.1342907,serverless,30.0,30.0,44.931,False,200,
1787684561.167624,serverless,30.0,30.0,66.511,False,200,
1787684561.2009573,serverless,30.0,30.0,37.969,False,200,
1787684561.2342906,serverless,30.0,30.0,80.694,False,200,
1787684561.267624,serverless,30.0,30.0,38.158,False,200,
1787684561.3009572,serverless,30.0,30.0,59.043,False,200,
1787684561.3342907,serverless,30.0,30.0,53.89,False,200,
1787684561.367624,serverless,30.0,30.0,45.818,False,200,
1787684561.4009573,serverless,30.0,30.0,38.382,False,200,
1787684561.4342906,serverless,30.0,30.0,41.21,False,200,
1787684561.467624,serverless,30.0,30.0,51.517,False,200,
1787684561.5009573,serverless,30.0,30.0,38.619,False,200,
1787684561.5342906,serverless,30.0,30.0,68.88,False,200,
1787684561.5676239,serverless,30.0,30.0,48.201,False,200,
1787684561.6009574,serverless,30.0,30.0,58.421,False,200,
1787684561.6342907,serverless,30.0,30.0,37.853,False,200,
1787684561.667624,serverless,30.0,30.0,57.584,False,200,
1787684561.7009573,serverless,30.0,30.0,66.149,False,200,
1787684561.7342906,serverless,30.0,30.0,50.713,False,200,
1787684561.767624,serverless,30.0,30.0,43.698,False,200,
1787684561.8009572,serverless,30.0,30.0,45.556,False,200,
1787684561.8342907,serverless,30.0,30.0,76.449,False,200,
1787684561.867624,serverless,30.0,30.0,790.994,True,200,
1787684561.9009573,serverless,30.0,30.0,47.142,False,200,
1787684561.9342906,serverless,30.0,30.0,55.866,False,200,
1787684561.967624,serverless,30.0,30.0,50.563,False,200,
1787684562.0009573,serverless,30.0,30.0,65.34,False,200,
1787684562.0342906,serverless,30.0,30.0,54.594,False,200,
1787684562.0676239,serverless,30.0,30.0,40.963,False,200,
1787684562.1009574,serverless,30.0,30.0,58.374,False,200,
1787684562.1342907,serverless,30.0,30.0,72.722,False,200,
1787684562.167624,serverless,30.0,30.0,36.867,False,200,
1787684562.2009573,serverless,30.0,30.0,68.872,False,200,
1787684562.2342906,serverless,30.0,30.0,91.229,False,200,
1787684562.267624,serverless,30.0,30.0,52.393,False,200,
1787684562.3009572,serverless,30.0,30.0,54.529,False,200,
1787684562.3342907,serverless,30.0,30.0,53.501,False,200,
1787684562.367624,serverless,30.0,30.0,47.16,False,200,
1787684562.4009573,serverless,30.0,30.0,51.473,False,200,
1787684562.4342906,serverless,30.0,30.0,47.463,False,200,
1787684562.467624,serverless,30.0,30.0,50.215,False,200,
1787684562.5009573,serverless,30.0,30.0,50.481,False,200,
1787684562.5342906,serverless,30.0,30.0,46.496,False,200,
1787684562.5676239,serverless,30.0,30.0,48.608,False,200,
1787684562.6009574,serverless,30.0,30.0,63.31,False,200,
1787684562.6342907,serverless,30.0,30.0,57.299,False,200,
1787684562.667624,serverless,30.0,30.0,41.002,False,200,
1787684562.7009573,serverless,30.0,30.0,59.346,False,200,
1787684562.7342906,serverless,30.0,30.0,55.743,False,200,
1787684562.767624,serverless,30.0,30.0,47.758,False,200,
1787684562.8009572,serverless,30.0,30.0,47.368,False,200,
1787684562.8342907,serverless,30.0,30.0,51.023,False,200,
1787684562.867624,serverless,30.0,30.0,51.778,False,200,
1787684562.9009573,serverless,30.0,30.0,44.01,False,200,
1787684562.9342906,serverless,30.0,30.0,62.476,False,200,
1787684562.967624,serverless,30.0,30.0,31.303,False,200,
1787684563.0009573,serverless,30.0,30.0,57.295,False,200,
1787684563.0342906,serverless,30.0,30.0,67.505,False,200,
1787684563.0676239,serverless,30.0,30.0,52.077,False,200,
1787684563.1009574,serverless,30.0,30.0,60.767,False,200,
1787684563.1342907,serverless,30.0,30.0,38.921,False,200,
1787684563.167624,serverless,30.0,30.0,61.555,False,200,
1787684563.2009573,serverless,30.0,30.0,47.313,False,200,
1787684563.2342906,serverless,30.0,30.0,30.87,False,200,
1787684563.267624,serverless,30.0,30.0,42.312,False,200,
1787684563.3009572,serverless,30.0,30.0,36.457,False,200,
1787684563.3342907,serverless,30.0,30.0,46.764,False,200,
1787684563.367624,serverless,30.0,30.0,66.491,False,200,
1787684563.4009573,serverless,30.0,30.0,48.131,False,200,
1787684563.4342906,serverless,30.0,30.0,50.949,False,200,
1787684563.467624,serverless,30.0,30.0,46.558,False,200,
1787684563.5009573,serverless,30.0,30.0,46.887,False,200,
1787684563.5342906,serverless,30.0,30.0,61.098,False,200,
1787684563.5676239,serverless,30.0,30.0,67.477,False,200,
1787684563.6009574,serverless,30.0,30.0,39.176,False,200,
1787684563.6342907,serverless,30.0,30.0,57.159,False,200,
1787684563.667624,serverless,30.0,30.0,33.97,False,200,
1787684563.7009573,serverless,30.0,30.0,48.822,False,200,
1787684563.7342906,serverless,30.0,30.0,51.97,False,200,
1787684563.767624,serverless,30.0,30.0,44.801,False,200,
1787684563.8009572,serverless,30.0,30.0,49.016,False,200,
1787684563.8342907,serverless,30.0,30.0,50.514,False,200,
1787684563.867624,serverless,30.0,30.0,50.368,False,200,
1787684563.9009573,serverless,30.0,30.0,48.447,False,200,
1787684563.9342906,serverless,30.0,30.0,46.631,False,200,
1787684563.967624,serverless,30.0,30.0,46.754,False,200,
1787684564.0009573,serverless,30.0,30.0,48.741,False,200,
1787684564.0342906,serverless,30.0,30.0,64.012,False,200,
1787684564.0676239,serverless,30.0,30.0,47.31,False,200,
1787684564.1009574,serverless,30.0,30.0,48.635,False,200,
1787684564.1342907,serverless,30.0,30.0,58.012,False,200,
1787684564.167624,serverless,30.0,30.0,63.399,False,200,
1787684564.2009573,serverless,30.0,30.0,33.183,False,200,
1787684564.2342906,serverless,30.0,30.0,55.222,False,200,
1787684564.267624,serverless,30.0,30.0,37.614,False,200,
1787684564.3009572,serverless,30.0,30.0,51.011,False,200,
1787684564.3342907,serverless,30.0,30.0,47.886,False,200,
1787684564.367624,serverless,30.0,30.0,59.896,False,200,
1787684564.4009573,serverless,30.0,30.0,47.479,False,200,
1787684564.4342906,serverless,30.0,30.0,43.003,False,200,
1787684564.467624,serverless,30.0,30.0,44.516,False,200,
1787684564.5009573,serverless,30.0,30.0,56.695,False,200,
1787684564.5342906,serverless,30.0,30.0,58.085,False,200,
1787684564.5676239,serverless,30.0,30.0,48.36,False,200,
1787684564.6009574,serverless,30.0,30.0,52.18,False,200,
1787684564.6342907,serverless,30.0,30.0,51.441,False,200,
1787684564.667624,serverless,30.0,30.0,37.792,False,200,
1787684564.7009573,serverless,30.0,30.0,43.198,False,200,
1787684564.7342906,serverless,30.0,30.0,63.197,False,200,
1787684564.767624,serverless,30.0,30.0,55.717,False,200,
1787684564.8009572,serverless,30.0,30.0,53.632,False,200,
1787684564.8342907,serverless,30.0,30.0,40.608,False,200,
1787684564.867624,serverless,30.0,30.0,54.017,False,200,
1787684564.9009573,serverless,30.0,30.0,44.513,False,200,
1787684564.9342906,serverless,30.0,30.0,44.266,False,200,
1787684564.967624,serverless,30.0,30.0,60.276,False,200,
1787684565.0009573,serverless,30.0,30.0,77.826,False,200,
1787684565.0342906,serverless,30.0,30.0,39.031,False,200,
1787684565.0676239,serverless,30.0,30.0,83.902,False,200,
1787684565.1009574,serverless,30.0,30.0,41.751,False,200,
1787684565.1342907,serverless,30.0,30.0,63.731,False,200,
1787684565.167624,serverless,30.0,30.0,43.978,False,200,
1787684565.2009573,serverless,30.0,30.0,42.895,False,200,
1787684565.2342906,serverless,30.0,30.0,42.641,False,200,
1787684565.267624,serverless,30.0,30.0,31.486,False,200,
1787684565.3009572,serverless,30.0,30.0,55.854,False,200,
1787684565.3342907,serverless,30.0,30.0,49.323,False,200,
1787684565.367624,serverless,30.0,30.0,52.524,False,200,
1787684565.4009573,serverless,30.0,30.0,66.843,False,200,
1787684565.4342906,serverless,30.0,30.0,52.243,False,200,
1787684565.467624,serverless,30.0,30.0,39.67,False,200,
1787684565.5009573,serverless,30.0,30.0,27.97,False,200,
1787684565.5342906,serverless,30.0,30.0,56.024,False,200,
1787684565.5676239,serverless,30.0,30.0,72.131,False,200,
1787684565.6009574,serverless,30.0,30.0,41.099,False,200,
1787684565.6342907,serverless,30.0,30.0,44.571,False,200,
1787684565.667624,serverless,30.0,30.0,59.36,False,200,
1787684565.7009573,serverless,30.0,30.0,52.605,False,200,
1787684565.7342906,serverless,30.0,30.0,39.461,False,200,
1787684565.767624,serverless,30.0,30.0,40.25,False,200,
1787684565.8009572,serverless,30.0,30.0,50.98,False,200,
1787684565.8342907,serverless,30.0,30.0,83.137,False,200,
1787684565.867624,serverless,30.0,30.0,63.612,False,200,
1787684565.9009573,serverless,30.0,30.0,52.487,False,200,
1787684565.9342906,serverless,30.0,30.0,46.828,False,200,
1787684565.967624,serverless,30.0,30.0,59.043,False,200,
1787684566.0009573,serverless,30.0,30.0,46.257,False,200,
1787684566.0342906,serverless,30.0,30.0,38.113,False,200,
1787684566.0676239,serverless,30.0,30.0,76.187,False,200,
1787684566.1009574,serverless,30.0,30.0,49.831,False,200,
1787684566.1342907,serverless,30.0,30.0,60.198,False,200,
1787684566.167624,serverless,30.0,30.0,68.965,False,200,
1787684566.2009573,serverless,30.0,30.0,50.53,False,200,
1787684566.2342906,serverless,30.0,30.0,49.065,False,200,
1787684566.267624,serverless,30.0,30.0,46.087,False,200,
1787684566.3009572,serverless,30.0,30.0,50.513,False,200,
1787684566.3342907,serverless,30.0,30.0,55.624,False,200,
1787684566.367624,serverless,30.0,30.0,55.862,False,200,
1787684566.4009573,serverless,30.0,30.0,66.237,False,200,
1787684566.4342906,serverless,30.0,30.0,56.068,False,200,
1787684566.467624,serverless,30.0,30.0,39.096,False,200,
1787684566.5009573,serverless,30.0,30.0,38.062,False,200,
1787684566.5342906,serverless,30.0,30.0,48.26,False,200,
1787684566.5676239,serverless,30.0,30.0,58.636,False,200,
1787684566.6009574,serverless,30.0,30.0,75.644,False,200,
1787684566.6342907,serverless,30.0,30.0,47.333,False,200,
1787684566.667624,serverless,30.0,30.0,46.788,False,200,
1787684566.7009573,serverless,30.0,30.0,52.028,False,200,
1787684566.7342906,serverless,30.0,30.0,69.272,False,200,
1787684566.767624,serverless,30.0,30.0,40.907,False,200,
1787684566.8009572,serverless,30.0,30.0,71.04,False,200,
1787684566.8342907,serverless,30.0,30.0,49.524,False,200,
1787684566.867624,serverless,30.0,30.0,52.26,False,200,
1787684566.9009573,serverless,30.0,30.0,51.047,False,200,
1787684566.9342906,serverless,30.0,30.0,50.944,False,200,
1787684566.967624,serverless,30.0,30.0,40.428,False,200,
1787684567.0009573,serverless,30.0,30.0,52.078,False,200,
1787684567.0342906,serverless,30.0,30.0,55.789,False,200,
1787684567.0676239,serverless,30.0,30.0,72.902,False,200,
1787684567.1009574,serverless,30.0,30.0,47.993,False,200,
1787684567.1342907,serverless,30.0,30.0,60.898,False,200,
1787684567.167624,serverless,30.0,30.0,48.985,False,200,
1787684567.2009573,serverless,30.0,30.0,42.385,False,200,
1787684567.2342906,serverless,30.0,30.0,32.579,False,200,
1787684567.267624,serverless,30.0,30.0,45.605,False,200,
1787684567.3009572,serverless,30.0,30.0,32.688,False,200,
1787684567.3342907,serverless,30.0,30.0,54.349,False,200,
1787684567.367624,serverless,30.0,30.0,47.644,False,200,
1787684567.4009573,serverless,30.0,30.0,37.401,False,200,
1787684567.4342906,serverless,30.0,30.0,1288.229,True,200,
1787684567.467624,serverless,30.0,30.0,1135.195,True,200,
1787684567.5009573,serverless,30.0,30.0,55.137,False,200,
1787684567.5342906,serverless,30.0,30.0,37.687,False,200,
1787684567.5676239,serverless,30.0,30.0,58.962,False,200,
1787684567.6009574,serverless,30.0,30.0,58.112,False,200,
1787684567.6342907,serverless,30.0,30.0,73.116,False,200,
1787684567.667624,serverless,30.0,30.0,46.04,False,200,
1787684567.7009573,serverless,30.0,30.0,32.181,False,200,
1787684567.7342906,serverless,30.0,30.0,55.187,False,200,
1787684567.767624,serverless,30.0,30.0,42.179,False,200,
1787684567.8009572,serverless,30.0,30.0,41.835,False,200,
1787684567.8342907,serverless,30.0,30.0,54.197,False,200,
1787684567.867624,serverless,30.0,30.0,65.579,False,200,
1787684567.9009573,serverless,30.0,30.0,56.357,False,200,
1787684567.9342906,serverless,30.0,30.0,69.235,False,200,
1787684567.967624,serverless,30.0,30.0,39.928,False,200,
1787684568.0009573,serverless,30.0,30.0,55.049,False,200,
1787684568.0342906,serverless,30.0,30.0,40.061,False,200,
1787684568.0676239,serverless,30.0,30.0,28.883,False,200,
1787684568.1009574,serverless,30.0,30.0,51.81,False,200,
1787684568.1342907,serverless,30.0,30.0,67.401,False,200,
1787684568.167624,serverless,30.0,30.0,47.778,False,200,
1787684568.2009573,serverless,30.0,30.0,40.445,False,200,
1787684568.2342906,serverless,30.0,30.0,51.83,False,200,
1787684568.267624,serverless,30.0,30.0,67.716,False,200,
1787684568.3009572,serverless,30.0,30.0,52.327,False,200,
1787684568.3342907,serverless,30.0,30.0,34.777,False,200,
1787684568.367624,serverless,30.0,30.0,49.085,False,200,
1787684568.4009573,serverless,30.0,30.0,39.648,False,200,
1787684568.4342906,serverless,30.0,30.0,55.76,False,200,
1787684568.467624,serverless,30.0,30.0,69.465,False,200,
1787684568.5009573,serverless,30.0,30.0,49.208,False,200,
1787684568.5342906,serverless,30.0,30.0,33.848,False,200,
1787684568.5676239,serverless,30.0,30.0,52.3,False,200,
1787684568.6009574,serverless,30.0,30.0,48.966,False,200,
1787684568.6342907,serverless,30.0,30.0,42.895,False,200,
1787684568.667624,serverless,30.0,30.0,52.91,False,200,
1787684568.7009573,serverless,30.0,30.0,49.846,False,200,
1787684568.7342906,serverless,30.0,30.0,46.018,False,200,
1787684568.767624,serverless,30.0,30.0,36.88,False,200,
1787684568.8009572,serverless,30.0,30.0,47.701,False,200,
1787684568.8342907,serverless,30.0,30.0,62.212,False,200,
1787684568.867624,serverless,30.0,30.0,45.207,False,200,
1787684568.9009573,serverless,30.0,30.0,45.634,False,200,
1787684568.9342906,serverless,30.0,30.0,50.051,False,200,
1787684568.967624,serverless,30.0,30.0,41.896,False,200,
1787684569.0009573,serverless,30.0,30.0,53.676,False,200,
1787684569.0342906,serverless,30.0,30.0,85.51,False,200,
1787684569.0676239,serverless,30.0,30.0,53.336,False,200,
1787684569.1009574,serverless,30.0,30.0,52.456,False,200,
1787684569.1342907,serverless,30.0,30.0,60.244,False,200,
1787684569.167624,serverless,30.0,30.0,58.639,False,200,
1787684569.2009573,serverless,30.0,30.0,40.816,False,200,
1787684569.2342906,serverless,30.0,30.0,40.352,False,200,
1787684569.267624,serverless,30.0,30.0,49.924,False,200,
1787684569.3009572,serverless,30.0,30.0,48.941,False,200,
1787684569.3342907,serverless,30.0,30.0,34.8,False,200,
1787684569.367624,serverless,30.0,30.0,52.266,False,200,
1787684569.4009573,serverless,30.0,30.0,58.478,False,200,
1787684569.4342906,serverless,30.0,30.0,47.532,False,200,
1787684569.467624,serverless,30.0,30.0,59.97,False,200,
1787684569.5009573,serverless,30.0,30.0,49.369,False,200,
1787684569.5342906,serverless,30.0,30.0,64.15,False,200,
1787684569.5676239,serverless,30.0,30.0,61.465,False,200,
1787684569.6009574,serverless,30.0,30.0,47.912,False,200,
1787684569.6342907,serverless,30.0,30.0,48.466,False,200,
1787684569.667624,serverless,30.0,30.0,37.259,False,200,
1787684569.7009573,serverless,30.0,30.0,56.12,False,200,
1787684569.7342906,serverless,30.0,30.0,1041.998,True,200,
1787684569.767624,serverless,30.0,30.0,46.095,False,200,
1787684569.8009572,serverless,30.0,30.0,63.118,False,200,
1787684569.8342907,serverless,30.0,30.0,43.233,False,200,
1787684569.867624,serverless,30.0,30.0,50.773,False,200,
1787684569.9009573,serverless,30.0,30.0,40.854,False,200,
1787684569.9342906,serverless,30.0,30.0,48.773,False,200,
1787684569.967624,serverless,30.0,30.0,79.258,False,200,
1787684570.0009573,serverless,30.0,30.0,43.443,False,200,
1787684570.0342906,serverless,30.0,30.0,54.711,False,200,
1787684570.0676239,serverless,30.0,30.0,44.073,False,200,
1787684570.1009574,serverless,30.0,30.0,47.273,False,200,
1787684570.1342907,serverless,30.0,30.0,44.186,False,200,
1787684570.167624,serverless,30.0,30.0,40.654,False,200,
1787684570.2009573,serverless,30.0,30.0,50.61,False,200,
1787684570.2342906,serverless,30.0,30.0,58.362,False,200,
1787684570.267624,serverless,30.0,30.0,45.436,False,200,
1787684570.3009572,serverless,30.0,30.0,43.978,False,200,
1787684570.3342907,serverless,30.0,30.0,56.13,False,200,
1787684570.367624,serverless,30.0,30.0,31.953,False,200,
1787684570.4009573,serverless,30.0,30.0,45.059,False,200,
1787684570.4342906,serverless,30.0,30.0,56.632,False,200,
1787684570.467624,serverless,30.0,30.0,67.492,False,200,
1787684570.5009573,serverless,30.0,30.0,64.158,False,200,
1787684570.5342906,serverless,30.0,30.0,48.781,False,200,
1787684570.5676239,serverless,30.0,30.0,61.853,False,200,
1787684570.6009574,serverless,30.0,30.0,50.797,False,200,
1787684570.6342907,serverless,30.0,30.0,66.768,False,200,
1787684570.667624,serverless,30.0,30.0,65.321,False,200,
1787684570.7009573,serverless,30.0,30.0,54.978,False,200,
1787684570.7342906,serverless,30.0,30.0,61.016,False,200,
1787684570.767624,serverless,30.0,30.0,53.646,False,200,
1787684570.8009572,serverless,30.0,30.0,48.952,False,200,
1787684570.8342907,serverless,30.0,30.0,41.217,False,200,
1787684570.867624,serverless,30.0,30.0,71.117,False,200,
1787684570.9009573,serverless,30.0,30.0,71.082,False,200,
1787684570.9342906,serverless,30.0,30.0,61.131,False,200,
1787684570.967624,serverless,30.0,30.0,36.28,False,200,
1787684571.0009573,serverless,30.0,30.0,39.318,False,200,
1787684571.0342906,serverless,30.0,30.0,41.041,False,200,
1787684571.0676239,serverless,30.0,30.0,37.86,False,200,
1787684571.1009574,serverless,30.0,30.0,47.197,False,200,
1787684571.1342907,serverless,30.0,30.0,32.261,False,200,
1787684571.167624,serverless,30.0,30.0,51.366,False,200,
1787684571.2009573,serverless,30.0,30.0,46.499,False,200,
1787684571.2342906,serverless,30.0,30.0,48.261,False,200,
1787684571.267624,serverless,30.0,30.0,37.345,False,200,
1787684571.3009572,serverless,30.0,30.0,61.081,False,200,
1787684571.3342907,serverless,30.0,30.0,63.058,False,200,
1787684571.367624,serverless,30.0,30.0,38.404,False,200,
1787684571.4009573,serverless,30.0,30.0,78.866,False,200,
1787684571.4342906,serverless,30.0,30.0,43.186,False,200,
1787684571.467624,serverless,30.0,30.0,45.301,False,200,
1787684571.5009573,serverless,30.0,30.0,45.444,False,200,
1787684571.5342906,serverless,30.0,30.0,51.644,False,200,
1787684571.5676239,serverless,30.0,30.0,36.972,False,200,
1787684571.6009574,serverless,30.0,30.0,61.172,False,200,
1787684571.6342907,serverless,30.0,30.0,52.463,False,200,
1787684571.667624,serverless,30.0,30.0,55.251,False,200,
1787684571.7009573,serverless,30.0,30.0,62.921,False,200,
1787684571.7342906,serverless,30.0,30.0,55.269,False,200,
1787684571.767624,serverless,30.0,30.0,69.058,False,200,
1787684571.8009572,serverless,30.0,30.0,49.543,False,200,
1787684571.8342907,serverless,30.0,30.0,53.403,False,200,
1787684571.867624,serverless,30.0,30.0,50.977,False,200,
1787684571.9009573,serverless,30.0,30.0,59.466,False,200,
1787684571.9342906,serverless,30.0,30.0,45.803,False,200,
1787684571.967624,serverless,30.0,30.0,39.317,False,200,
1787684572.0009573,serverless,30.0,30.0,41.556,False,200,
1787684572.0342906,serverless,30.0,30.0,44.402,False,200,
1787684572.0676239,serverless,30.0,30.0,37.983,False,200,
1787684572.1009574,serverless,30.0,30.0,44.624,False,200,
1787684572.1342907,serverless,30.0,30.0,59.768,False,200,
1787684572.167624,serverless,30.0,30.0,53.112,False,200,
1787684572.2009573,serverless,30.0,30.0,40.383,False,200,
1787684572.2342906,serverless,30.0,30.0,50.555,False,200,
1787684572.267624,serverless,30.0,30.0,50.506,False,200,
1787684572.3009572,serverless,30.0,30.0,42.555,False,200,
1787684572.3342907,serverless,30.0,30.0,47.574,False,200,
1787684572.367624,serverless,30.0,30.0,66.443,False,200,
1787684572.4009573,serverless,30.0,30.0,53.542,False,200,
1787684572.4342906,serverless,30.0,30.0,47.9,False,200,
1787684572.467624,serverless,30.0,30.0,43.585,False,200,
1787684572.5009573,serverless,30.0,30.0,52.597,False,200,
1787684572.5342906,serverless,30.0,30.0,59.387,False,200,
1787684572.5676239,serverless,30.0,30.0,29.05,False,200,
1787684572.6009574,serverless,30.0,30.0,43.446,False,200,
1787684572.6342907,serverless,30.0,30.0,41.043,False,200,
1787684572.667624,serverless,30.0,30.0,46.743,False,200,
1787684572.7009573,serverless,30.0,30.0,57.94,False,200,
1787684572.7342906,serverless,30.0,30.0,40.544,False,200,
1787684572.767624,serverless,30.0,30.0,72.253,False,200,
1787684572.8009572,serverless,30.0,30.0,52.658,False,200,
1787684572.8342907,serverless,30.0,30.0,57.325,False,200,
1787684572.867624,serverless,30.0,30.0,63.89,False,200,
1787684572.9009573,serverless,30.0,30.0,46.061,False,200,
1787684572.9342906,serverless,30.0,30.0,48.012,False,200,
1787684572.967624,serverless,30.0,30.0,72.697,False,200,
1787684573.0009573,serverless,30.0,30.0,57.342,False,200,
1787684573.0342906,serverless,30.0,30.0,50.112,False,200,
1787684573.0676239,serverless,30.0,30.0,56.469,False,200,
1787684573.1009574,serverless,30.0,30.0,55.147,False,200,
1787684573.1342907,serverless,30.0,30.0,51.7,False,200,
1787684573.167624,serverless,30.0,30.0,49.855,False,200,
1787684573.2009573,serverless,30.0,30.0,45.372,False,200,
1787684573.2342906,serverless,30.0,30.0,47.94,False,200,
1787684573.267624,serverless,30.0,30.0,42.185,False,200,
1787684573.3009572,serverless,30.0,30.0,48.515,False,200,
1787684573.3342907,serverless,30.0,30.0,65.575,False,200,
1787684573.367624,serverless,30.0,30.0,61.479,False,200,
1787684573.4009573,serverless,30.0,30.0,45.629,False,200,
1787684573.4342906,serverless,30.0,30.0,48.305,False,200,
1787684573.467624,serverless,30.0,30.0,36.897,False,200,
1787684573.5009573,serverless,30.0,30.0,48.792,False,200,
1787684573.5342906,serverless,30.0,30.0,57.269,False,200,
1787684573.5676239,serverless,30.0,30.0,52.864,False,200,
1787684573.6009574,serverless,30.0,30.0,68.858,False,200,
1787684573.6342907,serverless,30.0,30.0,58.04,False,200,
1787684573.667624,serverless,30.0,30.0,33.116,False,200,
1787684573.7009573,serverless,30.0,30.0,49.504,False,200,
1787684573.7342906,serverless,30.0,30.0,70.245,False,200,
1787684573.767624,serverless,30.0,30.0,72.91,False,200,
1787684573.8009572,serverless,30.0,30.0,51.63,False,200,
1787684573.8342907,serverless,30.0,30.0,29.128,False,200,
1787684573.867624,serverless,30.0,30.0,41.888,False,200,
1787684573.9009573,serverless,30.0,30.0,51.302,False,200,
1787684573.9342906,serverless,30.0,30.0,50.365,False,200,
1787684573.967624,serverless,30.0,30.0,46.778,False,200,
1787684574.0009573,serverless,30.0,30.0,48.414,False,200,
1787684574.0342906,serverless,30.0,30.0,49.41,False,200,
1787684574.0676239,serverless,30.0,30.0,43.649,False,200,
1787684574.1009574,serverless,30.0,30.0,45.726,False,200,
1787684574.1342907,serverless,30.0,30.0,49.364,False,200,
1787684574.167624,serverless,30.0,30.0,44.459,False,200,
1787684574.2009573,serverless,30.0,30.0,50.327,False,200,
1787684574.2342906,serverless,30.0,30.0,69.446,False,200,
1787684574.267624,serverless,30.0,30.0,28.463,False,200,
1787684574.3009572,serverless,30.0,30.0,47.6,False,200,
1787684574.3342907,serverless,30.0,30.0,50.622,False,200,
1787684574.367624,serverless,30.0,30.0,45.468,False,200,
1787684574.4009573,serverless,30.0,30.0,55.105,False,200,
1787684574.4342906,serverless,30.0,30.0,58.919,False,200,
1787684574.467624,serverless,30.0,30.0,64.46,False,200,
1787684574.5009573,serverless,30.0,30.0,60.483,False,200,
1787684574.5342906,serverless,30.0,30.0,51.648,False,200,
1787684574.5676239,serverless,30.0,30.0,39.227,False,200,
1787684574.6009574,serverless,30.0,30.0,58.234,False,200,
1787684574.6342907,serverless,30.0,30.0,34.946,False,200,
1787684574.667624,serverless,30.0,30.0,56.868,False,200,
1787684574.7009573,serverless,30.0,30.0,49.519,False,200,
1787684574.7342906,serverless,30.0,30.0,78.489,False,200,
1787684574.767624,serverless,30.0,30.0,40.291,False,200,
1787684574.8009572,serverless,30.0,30.0,34.156,False,200,
1787684574.8342907,serverless,30.0,30.0,45.433,False,200,
1787684574.867624,serverless,30.0,30.0,45.3,False,200,
1787684574.9009573,serverless,30.0,30.0,56.395,False,200,
1787684574.9342906,serverless,30.0,30.0,66.318,False,200,
1787684574.967624,serverless,30.0,30.0,39.035,False,200,
1787684575.0009573,serverless,30.0,30.0,44.265,False,200,
1787684575.0342906,serverless,30.0,30.0,34.679,False,200,
1787684575.0676239,serverless,30.0,30.0,41.25,False,200,
1787684575.1009574,serverless,30.0,30.0,31.887,False,200,
1787684575.1342907,serverless,30.0,30.0,37.242,False,200,
1787684575.167624,serverless,30.0,30.0,53.41,False,200,
1787684575.2009573,serverless,30.0,30.0,65.048,False,200,
1787684575.2342906,serverless,30.0,30.0,50.455,False,200,
1787684575.267624,serverless,30.0,30.0,62.658,False,200,
1787684575.3009572,serverless,30.0,30.0,39.736,False,200,
1787684575.3342907,serverless,30.0,30.0,45.396,False,200,
1787684575.367624,serverless,30.0,30.0,43.157,False,200,
1787684575.4009573,serverless,30.0,30.0,43.069,False,200,
1787684575.4342906,serverless,30.0,30.0,51.869,False,200,
1787684575.467624,serverless,30.0,30.0,53.948,False,200,
1787684575.5009573,serverless,30.0,30.0,52.557,False,200,
1787684575.5342906,serverless,30.0,30.0,43.464,False,200,
1787684575.5676239,serverless,30.0,30.0,50.778,False,200,
1787684575.6009574,serverless,30.0,30.0,50.299,False,200,
1787684575.6342907,serverless,30.0,30.0,44.479,False,200,
1787684575.667624,serverless,30.0,30.0,46.675,False,200,
1787684575.7009573,serverless,30.0,30.0,50.756,False,200,
1787684575.7342906,serverless,30.0,30.0,50.51,False,200,
1787684575.767624,serverless,30.0,30.0,61.447,False,200,
1787684575.8009572,serverless,30.0,30.0,44.154,False,200,
1787684575.8342907,serverless,30.0,30.0,44.975,False,200,
1787684575.867624,serverless,30.0,30.0,54.962,False,200,
1787684575.9009573,serverless,30.0,30.0,41.884,False,200,
1787684575.9342906,serverless,30.0,30.0,58.543,False,200,
1787684575.967624,serverless,30.0,30.0,50.161,False,200,
1787684576.0009573,serverless,30.0,30.0,60.306,False,200,
1787684576.0342906,serverless,30.0,30.0,55.542,False,200,
1787684576.0676239,serverless,30.0,30.0,49.103,False,200,
1787684576.1009574,serverless,30.0,30.0,36.025,False,200,
1787684576.1342907,serverless,30.0,30.0,55.269,False,200,
1787684576.167624,serverless,30.0,30.0,33.371,False,200,
1787684576.2009573,serverless,30.0,30.0,61.622,False,200,
1787684576.2342906,serverless,30.0,30.0,55.822,False,200,
1787684576.267624,serverless,30.0,30.0,72.533,False,200,
1787684576.3009572,serverless,30.0,30.0,59.557,False,200,
1787684576.3342907,serverless,30.0,30.0,60.924,False,200,
1787684576.367624,serverless,30.0,30.0,57.149,False,200,
1787684576.4009573,serverless,30.0,30.0,53.874,False,200,
1787684576.4342906,serverless,30.0,30.0,58.125,False,200,
1787684576.467624,serverless,30.0,30.0,47.819,False,200,
1787684576.5009573,serverless,30.0,30.0,40.139,False,200,
1787684576.5342906,serverless,30.0,30.0,61.658,False,200,
1787684576.5676239,serverless,30.0,30.0,41.746,False,200,
1787684576.6009574,serverless,30.0,30.0,50.165,False,200,
1787684576.6342907,serverless,30.0,30.0,29.607,False,200,
1787684576.667624,serverless,30.0,30.0,40.701,False,200,
1787684576.7009573,serverless,30.0,30.0,60.591,False,200,
1787684576.7342906,serverless,30.0,30.0,63.077,False,200,
1787684576.767624,serverless,30.0,30.0,37.996,False,200,
1787684576.8009572,serverless,30.0,30.0,43.883,False,200,
1787684576.8342907,serverless,30.0,30.0,45.212,False,200,
1787684576.867624,serverless,30.0,30.0,42.371,False,200,
1787684576.9009573,serverless,30.0,30.0,84.738,False,200,
1787684576.9342906,serverless,30.0,30.0,64.783,False,200,
1787684576.967624,serverless,30.0,30.0,69.096,False,200,
1787684577.0009573,serverless,30.0,30.0,44.639,False,200,
1787684577.0342906,serverless,30.0,30.0,32.61,False,200,
1787684577.0676239,serverless,30.0,30.0,49.929,False,200,
1787684577.1009574,serverless,30.0,30.0,54.771,False,200,
1787684577.1342907,serverless,30.0,30.0,43.75,False,200,
1787684577.167624,serverless,30.0,30.0,56.666,False,200,
1787684577.2009573,serverless,30.0,30.0,43.35,False,200,
1787684577.2342906,serverless,30.0,30.0,61.347,False,200,
1787684577.267624,serverless,30.0,30.0,50.761,False,200,
1787684577.3009572,serverless,30.0,30.0,54.673,False,200,
1787684577.3342907,serverless,30.0,30.0,44.056,False,200,
1787684577.367624,serverless,30.0,30.0,42.487,False,200,
1787684577.4009573,serverless,30.0,30.0,53.03,False,200,
1787684577.4342906,serverless,30.0,30.0,68.054,False,200,
1787684577.467624,serverless,30.0,30.0,57.76,False,200,
1787684577.5009573,serverless,30.0,30.0,49.683,False,200,
1787684577.5342906,serverless,30.0,30.0,53.496,False,200,
1787684577.5676239,serverless,30.0,30.0,48.214,False,200,
1787684577.6009574,serverless,30.0,30.0,39.269,False,200,
1787684577.6342907,serverless,30.0,30.0,61.91,False,200,
1787684577.667624,serverless,30.0,30.0,50.144,False,200,
1787684577.7009573,serverless,30.0,30.0,54.617,False,200,
1787684577.7342906,serverless,30.0,30.0,59.88,False,200,
1787684577.767624,serverless,30.0,30.0,56.073,False,200,
1787684577.8009572,serverless,30.0,30.0,37.778,False,200,
1787684577.8342907,serverless,30.0,30.0,67.326,False,200,
1787684577.867624,serverless,30.0,30.0,51.973,False,200,
1787684577.9009573,serverless,30.0,30.0,56.808,False,200,
1787684577.9342906,serverless,30.0,30.0,41.936,False,200,
1787684577.967624,serverless,30.0,30.0,45.958,False,200,
1787684578.0009573,serverless,30.0,30.0,54.559,False,200,
1787684578.0342906,serverless,30.0,30.0,61.091,False,200,
1787684578.0676239,serverless,30.0,30.0,72.076,False,200,
1787684578.1009574,serverless,30.0,30.0,49.267,False,200,
1787684578.1342907,serverless,30.0,30.0,39.078,False,200,
1787684578.167624,serverless,30.0,30.0,58.074,False,200,
1787684578.2009573,serverless,30.0,30.0,53.757,False,200,
1787684578.2342906,serverless,30.0,30.0,60.517,False,200,
1787684578.267624,serverless,30.0,30.0,55.676,False,200,
1787684578.3009572,serverless,30.0,30.0,42.948,False,200,
1787684578.3342907,serverless,30.0,30.0,60.208,False,200,
1787684578.367624,serverless,30.0,30.0,46.549,False,200,
1787684578.4009573,serverless,30.0,30.0,41.978,False,200,
1787684578.4342906,serverless,30.0,30.0,51.267,False,200,
1787684578.467624,serverless,30.0,30.0,45.722,False,200,
1787684578.5009573,serverless,30.0,30.0,59.833,False,200,
1787684578.5342906,serverless,30.0,30.0,39.129,False,200,
1787684578.5676239,serverless,30.0,30.0,58.397,False,200,
1787684578.6009574,serverless,30.0,30.0,78.096,False,200,
1787684578.6342907,serverless,30.0,30.0,42.389,False,200,
1787684578.667624,serverless,30.0,30.0,42.251,False,200,
1787684578.7009573,serverless,30.0,30.0,46.789,False,200,
1787684578.7342906,serverless,30.0,30.0,42.428,False,200,
1787684578.767624,serverless,30.0,30.0,47.118,False,200,
1787684578.8009572,serverless,30.0,30.0,42.124,False,200,
1787684578.8342907,serverless,30.0,30.0,52.6,False,200,
1787684578.867624,serverless,30.0,30.0,57.374,False,200,
1787684578.9009573,serverless,30.0,30.0,49.599,False,200,
1787684578.9342906,serverless,30.0,30.0,39.515,False,200,
1787684578.967624,serverless,30.0,30.0,43.981,False,200,
1787684579.0009573,serverless,30.0,30.0,38.5,False,200,
1787684579.0342906,serverless,30.0,30.0,57.093,False,200,
1787684579.0676239,serverless,30.0,30.0,60.2,False,200,
1787684579.1009574,serverless,30.0,30.0,61.407,False,200,
1787684579.1342907,serverless,30.0,30.0,39.285,False,200,
1787684579.167624,serverless,30.0,30.0,49.57,False,200,
1787684579.2009573,serverless,30.0,30.0,43.023,False,200,
1787684579.2342906,serverless,30.0,30.0,56.536,False,200,
1787684579.267624,serverless,30.0,30.0,43.062,False,200,
1787684579.3009572,serverless,30.0,30.0,77.657,False,200,
1787684579.3342907,serverless,30.0,30.0,43.133,False,200,
1787684579.367624,serverless,30.0,30.0,74.048,False,200,
1787684579.4009573,serverless,30.0,30.0,49.257,False,200,
1787684579.4342906,serverless,30.0,30.0,48.244,False,200,
1787684579.467624,serverless,30.0,30.0,47.872,False,200,
1787684579.5009573,serverless,30.0,30.0,43.465,False,200,
1787684579.5342906,serverless,30.0,30.0,1072.098,True,200,
1787684579.5676239,serverless,30.0,30.0,54.39,False,200,
1787684579.6009574,serverless,30.0,30.0,38.811,False,200,
1787684579.6342907,serverless,30.0,30.0,37.87,False,200,
1787684579.667624,serverless,30.0,30.0,47.916,False,200,
1787684579.7009573,serverless,30.0,30.0,46.58,False,200,
1787684579.7342906,serverless,30.0,30.0,64.078,False,200,
1787684579.767624,serverless,30.0,30.0,57.579,False,200,
1787684579.8009572,serverless,30.0,30.0,55.932,False,200,
1787684579.8342907,serverless,30.0,30.0,65.399,False,200,
1787684579.867624,serverless,30.0,30.0,41.521,False,200,
1787684579.9009573,serverless,30.0,30.0,61.208,False,200,
1787684579.9342906,serverless,30.0,30.0,55.882,False,200,
1787684579.967624,serverless,30.0,30.0,67.043,False,200,
1787684580.0009573,serverless,30.0,30.0,43.914,False,200,
1787684580.0342906,serverless,30.0,30.0,50.897,False,200,
1787684580.0676239,serverless,30.0,30.0,50.653,False,200,
1787684580.1009574,serverless,30.0,30.0,60.896,False,200,
1787684580.1342907,serverless,30.0,30.0,57.002,False,200,
1787684580.167624,serverless,30.0,30.0,50.065,False,200,
1787684580.2009573,serverless,30.0,30.0,50.229,False,200,
1787684580.2342906,serverless,30.0,30.0,66.377,False,200,
1787684580.267624,serverless,30.0,30.0,59.769,False,200,
1787684580.3009572,serverless,30.0,30.0,50.224,False,200,
1787684580.3342907,serverless,30.0,30.0,43.955,False,200,
1787684580.367624,serverless,30.0,30.0,67.066,False,200,
1787684580.4009573,serverless,30.0,30.0,48.28,False,200,
1787684580.4342906,serverless,30.0,30.0,54.054,False,200,
1787684580.467624,serverless,30.0,30.0,46.221,False,200,
1787684580.5009573,serverless,30.0,30.0,48.488,False,200,
1787684580.5342906,serverless,30.0,30.0,42.875,False,200,
1787684580.5676239,serverless,30.0,30.0,60.262,False,200,
1787684580.6009574,serverless,30.0,30.0,46.201,False,200,
1787684580.6342907,serverless,30.0,30.0,46.093,False,200,
1787684580.667624,serverless,30.0,30.0,44.016,False,200,
1787684580.7009573,serverless,30.0,30.0,36.34,False,200,
1787684580.7342906,serverless,30.0,30.0,48.887,False,200,
1787684580.767624,serverless,30.0,30.0,46.423,False,200,
1787684580.8009572,serverless,30.0,30.0,45.934,False,200,
1787684580.8342907,serverless,30.0,30.0,35.218,False,200,
1787684580.867624,serverless,30.0,30.0,52.712,False,200,
1787684580.9009573,serverless,30.0,30.0,41.661,False,200,
1787684580.9342906,serverless,30.0,30.0,37.167,False,200,
1787684580.967624,serverless,30.0,30.0,43.081,False,200,
1787684581.0009573,serverless,30.0,30.0,59.024,False,200,
1787684581.0342906,serverless,30.0,30.0,52.178,False,200,
1787684581.0676239,serverless,30.0,30.0,62.127,False,200,
1787684581.1009574,serverless,30.0,30.0,52.319,False,200,
1787684581.1342907,serverless,30.0,30.0,45.885,False,200,
1787684581.167624,serverless,30.0,30.0,45.252,False,200,
1787684581.2009573,serverless,30.0,30.0,41.659,False,200,
1787684581.2342906,serverless,30.0,30.0,49.805,False,200,
1787684581.267624,serverless,30.0,30.0,44.082,False,200,
1787684581.3009572,serverless,30.0,30.0,45.081,False,200,
1787684581.3342907,serverless,30.0,30.0,63.502,False,200,
1787684581.367624,serverless,30.0,30.0,45.244,False,200,
1787684581.4009573,serverless,30.0,30.0,44.35,False,200,
1787684581.4342906,serverless,30.0,30.0,37.35,False,200,
1787684581.467624,serverless,30.0,30.0,49.793,False,200,
1787684581.5009573,serverless,30.0,30.0,62.889,False,200,
1787684581.5342906,serverless,30.0,30.0,55.646,False,200,
1787684581.5676239,serverless,30.0,30.0,40.29,False,200,
1787684581.6009574,serverless,30.0,30.0,37.704,False,200,
1787684581.6342907,serverless,30.0,30.0,54.08,False,200,
1787684581.667624,serverless,30.0,30.0,43.646,False,200,
1787684581.7009573,serverless,30.0,30.0,40.596,False,200,
1787684581.7342906,serverless,30.0,30.0,92.654,False,200,
1787684581.767624,serverless,30.0,30.0,52.723,False,200,
1787684581.8009572,serverless,30.0,30.0,31.224,False,200,
1787684581.8342907,serverless,30.0,30.0,39.367,False,200,
1787684581.867624,serverless,30.0,30.0,52.421,False,200,
1787684581.9009573,serverless,30.0,30.0,70.004,False,200,
1787684581.9342906,serverless,30.0,30.0,42.518,False,200,
1787684581.967624,serverless,30.0,30.0,55.586,False,200,
1787684582.0009573,serverless,30.0,30.0,55.722,False,200,
1787684582.0342906,serverless,30.0,30.0,36.598,False,200,
1787684582.0676239,serverless,30.0,30.0,57.737,False,200,
1787684582.1009574,serverless,30.0,30.0,74.014,False,200,
1787684582.1342907,serverless,30.0,30.0,47.928,False,200,
1787684582.167624,serverless,30.0,30.0,39.094,False,200,
1787684582.2009573,serverless,30.0,30.0,43.628,False,200,
1787684582.2342906,serverless,30.0,30.0,41.779,False,200,
1787684582.267624,serverless,30.0,30.0,47.715,False,200,
1787684582.3009572,serverless,30.0,30.0,50.81,False,200,
1787684582.3342907,serverless,30.0,30.0,37.424,False,200,
1787684582.367624,serverless,30.0,30.0,50.66,False,200,
1787684582.4009573,serverless,30.0,30.0,73.558,False,200,
1787684582.4342906,serverless,30.0,30.0,45.213,False,200,
1787684582.467624,serverless,30.0,30.0,55.828,False,200,
1787684582.5009573,serverless,30.0,30.0,60.537,False,200,
1787684582.5342906,serverless,30.0,30.0,83.87,False,200,
1787684582.5676239,serverless,30.0,30.0,43.467,False,200,
1787684582.6009574,serverless,30.0,30.0,52.415,False,200,
1787684582.6342907,serverless,30.0,30.0,66.303,False,200,
1787684582.667624,serverless,30.0,30.0,56.247,False,200,
1787684582.7009573,serverless,30.0,30.0,46.507,False,200,
1787684582.7342906,serverless,30.0,30.0,59.455,False,200,
1787684582.767624,serverless,30.0,30.0,70.896,False,200,
1787684582.8009572,serverless,30.0,30.0,64.231,False,200,
1787684582.8342907,serverless,30.0,30.0,54.98,False,200,
1787684582.867624,serverless,30.0,30.0,42.233,False,200,
1787684582.9009573,serverless,30.0,30.0,56.952,False,200,
1787684582.9342906,serverless,30.0,30.0,48.991,False,200,
1787684582.967624,serverless,30.0,30.0,52.671,False,200,
1787684583.0009573,serverless,30.0,30.0,59.65,False,200,
1787684583.0342906,serverless,30.0,30.0,42.287,False,200,
1787684583.0676239,serverless,30.0,30.0,59.134,False,200,
1787684583.1009574,serverless,30.0,30.0,55.776,False,200,
1787684583.1342907,serverless,30.0,30.0,39.523,False,200,
1787684583.167624,serverless,30.0,30.0,49.494,False,200,
1787684583.2009573,serverless,30.0,30.0,53.373,False,200,
1787684583.2342906,serverless,30.0,30.0,62.317,False,200,
1787684583.267624,serverless,30.0,30.0,46.216,False,200,
1787684583.3009572,serverless,30.0,30.0,52.998,False,200,
1787684583.3342907,serverless,30.0,30.0,51.524,False,200,
1787684583.367624,serverless,30.0,30.0,37.326,False,200,
1787684583.4009573,serverless,30.0,30.0,42.56,False,200,
1787684583.4342906,serverless,30.0,30.0,66.377,False,200,
1787684583.467624,serverless,30.0,30.0,72.312,False,200,
1787684583.5009573,serverless,30.0,30.0,37.361,False,200,
1787684583.5342906,serverless,30.0,30.0,45.526,False,200,
1787684583.5676239,serverless,30.0,30.0,31.494,False,200,
1787684583.6009574,serverless,30.0,30.0,46.49,False,200,
1787684583.6342907,serverless,30.0,30.0,56.129,False,200,
1787684583.667624,serverless,30.0,30.0,45.234,False,200,
1787684583.7009573,serverless,30.0,30.0,42.762,False,200,
1787684583.7342906,serverless,30.0,30.0,54.366,False,200,
1787684583.767624,serverless,30.0,30.0,53.839,False,200,
1787684583.8009572,serverless,30.0,30.0,90.21,False,200,
1787684583.8342907,serverless,30.0,30.0,51.665,False,200,
1787684583.867624,serverless,30.0,30.0,55.446,False,200,
1787684583.9009573,serverless,30.0,30.0,40.544,False,200,
1787684583.9342906,serverless,30.0,30.0,51.432,False,200,
1787684583.967624,serverless,30.0,30.0,75.362,False,200,
1787684584.0009573,serverless,30.0,30.0,66.169,False,200,
1787684584.0342906,serverless,30.0,30.0,51.863,False,200,
1787684584.0676239,serverless,30.0,30.0,54.427,False,200,
1787684584.1009574,serverless,30.0,30.0,51.34,False,200,
1787684584.1342907,serverless,30.0,30.0,50.463,False,200,
1787684584.167624,serverless,30.0,30.0,36.893,False,200,
1787684584.2009573,serverless,30.0,30.0,61.18,False,200,
1787684584.2342906,serverless,30.0,30.0,51.44,False,200,
1787684584.267624,serverless,30.0,30.0,64.407,False,200,
1787684584.3009572,serverless,30.0,30.0,36.523,False,200,
1787684584.3342907,serverless,30.0,30.0,50.81,False,200,
1787684584.367624,serverless,30.0,30.0,61.705,False,200,
1787684584.4009573,serverless,30.0,30.0,55.978,False,200,
1787684584.4342906,serverless,30.0,30.0,60.464,False,200,
1787684584.467624,serverless,30.0,30.0,41.705,False,200,
1787684584.5009573,serverless,30.0,30.0,43.48,False,200,
1787684584.5342906,serverless,30.0,30.0,48.408,False,200,
1787684584.5676239,serverless,30.0,30.0,53.633,False,200,
1787684584.6009574,serverless,30.0,30.0,44.194,False,200,
1787684584.6342907,serverless,30.0,30.0,48.377,False,200,
1787684584.667624,serverless,30.0,30.0,50.856,False,200,
1787684584.7009573,serverless,30.0,30.0,33.069,False,200,
1787684584.7342906,serverless,30.0,30.0,68.748,False,200,
1787684584.767624,serverless,30.0,30.0,51.223,False,200,
1787684584.8009572,serverless,30.0,30.0,64.389,False,200,
1787684584.8342907,serverless,30.0,30.0,48.959,False,200,
1787684584.867624,serverless,30.0,30.0,41.8,False,200,
1787684584.9009573,serverless,30.0,30.0,31.261,False,200,
1787684584.9342906,serverless,30.0,30.0,49.815,False,200,
1787684584.967624,serverless,30.0,30.0,32.826,False,200,
1787684585.0009573,serverless,30.0,30.0,54.357,False,200,
1787684585.0342906,serverless,30.0,30.0,45.378,False,200,
1787684585.0676239,serverless,30.0,30.0,36.842,False,200,
1787684585.1009574,serverless,30.0,30.0,38.601,False,200,
1787684585.1342907,serverless,30.0,30.0,51.24,False,200,
1787684585.167624,serverless,30.0,30.0,37.466,False,200,
1787684585.2009573,serverless,30.0,30.0,31.082,False,200,
1787684585.2342906,serverless,30.0,30.0,51.07,False,200,
1787684585.267624,serverless,30.0,30.0,53.333,False,200,
1787684585.3009572,serverless,30.0,30.0,60.108,False,200,
1787684585.3342907,serverless,30.0,30.0,41.195,False,200,
1787684585.367624,serverless,30.0,30.0,51.633,False,200,
1787684585.4009573,serverless,30.0,30.0,41.368,False,200,
1787684585.4342906,serverless,30.0,30.0,77.275,False,200,
1787684585.467624,serverless,30.0,30.0,46.155,False,200,
1787684585.5009573,serverless,30.0,30.0,48.847,False,200,
1787684585.5342906,serverless,30.0,30.0,46.577,False,200,
1787684585.5676239,serverless,30.0,30.0,49.503,False,200,
1787684585.6009574,serverless,30.0,30.0,60.614,False,200,
1787684585.6342907,serverless,30.0,30.0,70.778,False,200,
1787684585.667624,serverless,30.0,30.0,42.94,False,200,
1787684585.7009573,serverless,30.0,30.0,34.348,False,200,
1787684585.7342906,serverless,30.0,30.0,41.657,False,200,
1787684585.767624,serverless,30.0,30.0,48.967,False,200,
1787684585.8009572,serverless,30.0,30.0,42.455,False,200,
1787684585.8342907,serverless,30.0,30.0,47.2,False,200,
1787684585.867624,serverless,30.0,30.0,51.203,False,200,
1787684585.9009573,serverless,30.0,30.0,65.828,False,200,
1787684585.9342906,serverless,30.0,30.0,51.64,False,200,
1787684585.967624,serverless,30.0,30.0,39.936,False,200,
1787684586.0009573,serverless,30.0,30.0,53.933,False,200,
1787684586.0342906,serverless,30.0,30.0,49.91,False,200,
1787684586.0676239,serverless,30.0,30.0,47.806,False,200,
1787684586.1009574,serverless,30.0,30.0,41.713,False,200,
1787684586.1342907,serverless,30.0,30.0,43.268,False,200,
1787684586.167624,serverless,30.0,30.0,49.236,False,200,
1787684586.2009573,serverless,30.0,30.0,48.177,False,200,
1787684586.2342906,serverless,30.0,30.0,42.608,False,200,
1787684586.267624,serverless,30.0,30.0,63.895,False,200,
1787684586.3009572,serverless,30.0,30.0,46.181,False,200,
1787684586.3342907,serverless,30.0,30.0,56.126,False,200,
1787684586.367624,serverless,30.0,30.0,59.455,False,200,
1787684586.4009573,serverless,30.0,30.0,38.958,False,200,
1787684586.4342906,serverless,30.0,30.0,58.065,False,200,
1787684586.467624,serverless,30.0,30.0,66.09,False,200,
1787684586.5009573,serverless,30.0,30.0,58.405,False,200,
1787684586.5342906,serverless,30.0,30.0,31.729,False,200,
1787684586.5676239,serverless,30.0,30.0,52.69,False,200,
1787684586.6009574,serverless,30.0,30.0,64.135,False,200,
1787684586.6342907,serverless,30.0,30.0,55.662,False,200,
1787684586.667624,serverless,30.0,30.0,54.66,False,200,
1787684586.7009573,serverless,30.0,30.0,46.681,False,200,
1787684586.7342906,serverless,30.0,30.0,45.654,False,200,
1787684586.767624,serverless,30.0,30.0,43.888,False,200,
1787684586.8009572,serverless,30.0,30.0,57.187,False,200,
1787684586.8342907,serverless,30.0,30.0,51.461,False,200,
1787684586.867624,serverless,30.0,30.0,43.967,False,200,
1787684586.9009573,serverless,30.0,30.0,43.534,False,200,
1787684586.9342906,serverless,30.0,30.0,36.12,False,200,
1787684586.967624,serverless,30.0,30.0,48.428,False,200,
1787684587.0009573,serverless,30.0,30.0,69.19,False,200,
1787684587.0342906,serverless,30.0,30.0,51.153,False,200,
1787684587.0676239,serverless,30.0,30.0,64.054,False,200,
1787684587.1009574,serverless,30.0,30.0,41.052,False,200,
1787684587.1342907,serverless,30.0,30.0,48.473,False,200,
1787684587.167624,serverless,30.0,30.0,60.347,False,200,
1787684587.2009573,serverless,30.0,30.0,46.056,False,200,
1787684587.2342906,serverless,30.0,30.0,90.415,False,200,
1787684587.267624,serverless,30.0,30.0,42.257,False,200,
1787684587.3009572,serverless,30.0,30.0,48.526,False,200,
1787684587.3342907,serverless,30.0,30.0,53.526,False,200,
1787684587.367624,serverless,30.0,30.0,38.323,False,200,
1787684587.4009573,serverless,30.0,30.0,54.829,False,200,
1787684587.4342906,serverless,30.0,30.0,62.758,False,200,
1787684587.467624,serverless,30.0,30.0,53.784,False,200,
1787684587.5009573,serverless,30.0,30.0,46.195,False,200,
1787684587.5342906,serverless,30.0,30.0,57.394,False,200,
1787684587.5676239,serverless,30.0,30.0,48.611,False,200,
1787684587.6009574,serverless,30.0,30.0,42.951,False,200,
1787684587.6342907,serverless,30.0,30.0,54.682,False,200,
1787684587.667624,serverless,30.0,30.0,60.122,False,200,
1787684587.7009573,serverless,30.0,30.0,49.402,False,200,
1787684587.7342906,serverless,30.0,30.0,65.359,False,200,
1787684587.767624,serverless,30.0,30.0,60.545,False,200,
1787684587.8009572,serverless,30.0,30.0,62.055,False,200,
1787684587.8342907,serverless,30.0,30.0,56.095,False,200,
1787684587.867624,serverless,30.0,30.0,41.809,False,200,
1787684587.9009573,serverless,30.0,30.0,57.975,False,200,
1787684587.9342906,serverless,30.0,30.0,55.48,False,200,
1787684587.967624,serverless,30.0,30.0,51.21,False,200,
1787684588.0009573,serverless,30.0,30.0,48.252,False,200,
1787684588.0342906,serverless,30.0,30.0,47.709,False,200,
1787684588.0676239,serverless,30.0,30.0,55.122,False,200,
1787684588.1009574,serverless,30.0,30.0,38.321,False,200,
1787684588.1342907,serverless,30.0,30.0,50.944,False,200,
1787684588.167624,serverless,30.0,30.0,42.042,False,200,
1787684588.2009573,serverless,30.0,30.0,41.077,False,200,
1787684588.2342906,serverless,30.0,30.0,58.26,False,200,
1787684588.267624,serverless,30.0,30.0,39.894,False,200,
1787684588.3009572,serverless,30.0,30.0,58.3,False,200,
1787684588.3342907,serverless,30.0,30.0,57.28,False,200,
1787684588.367624,serverless,30.0,30.0,48.057,False,200,
1787684588.4009573,serverless,30.0,30.0,51.135,False,200,
1787684588.4342906,serverless,30.0,30.0,45.797,False,200,
1787684588.467624,serverless,30.0,30.0,58.495,False,200,
1787684588.5009573,serverless,30.0,30.0,45.428,False,200,
1787684588.5342906,serverless,30.0,30.0,44.605,False,200,
1787684588.5676239,serverless,30.0,30.0,35.797,False,200,
1787684588.6009574,serverless,30.0,30.0,46.648,False,200,
1787684588.6342907,serverless,30.0,30.0,42.084,False,200,
1787684588.667624,serverless,30.0,30.0,44.441,False,200,
1787684588.7009573,serverless,30.0,30.0,56.456,False,200,
1787684588.7342906,serverless,30.0,30.0,59.671,False,200,
1787684588.767624,serverless,30.0,30.0,62.659,False,200,
1787684588.8009572,serverless,30.0,30.0,39.976,False,200,
1787684588.8342907,serverless,30.0,30.0,32.034,False,200,
1787684588.867624,serverless,30.0,30.0,60.278,False,200,
1787684588.9009573,serverless,30.0,30.0,46.629,False,200,
1787684588.9342906,serverless,30.0,30.0,41.909,False,200,
1787684588.967624,serverless,30.0,30.0,36.154,False,200,
1787684589.0009573,serverless,30.0,30.0,62.783,False,200,
1787684589.0342906,serverless,30.0,30.0,46.952,False,200,
1787684589.0676239,serverless,30.0,30.0,56.934,False,200,
1787684589.1009574,serverless,30.0,30.0,49.218,False,200,
1787684589.1342907,serverless,30.0,30.0,61.796,False,200,
1787684589.167624,serverless,30.0,30.0,53.58,False,200,
1787684589.2009573,serverless,30.0,30.0,50.24,False,200,
1787684589.2342906,serverless,30.0,30.0,43.625,False,200,
1787684589.267624,serverless,30.0,30.0,51.588,False,200,
1787684589.3009572,serverless,30.0,30.0,39.701,False,200,
1787684589.3342907,serverless,30.0,30.0,51.232,False,200,
1787684589.367624,serverless,30.0,30.0,43.47,False,200,
1787684589.4009573,serverless,30.0,30.0,42.893,False,200,
1787684589.4342906,serverless,30.0,30.0,74.255,False,200,
1787684589.467624,serverless,30.0,30.0,54.957,False,200,
1787684589.5009573,serverless,30.0,30.0,42.287,False,200,
1787684589.5342906,serverless,30.0,30.0,62.332,False,200,
1787684589.5676239,serverless,30.0,30.0,45.777,False,200,
1787684589.6009574,serverless,30.0,30.0,41.234,False,200,
1787684589.6342907,serverless,30.0,30.0,56.251,False,200,
1787684589.667624,serverless,30.0,30.0,1479.776,True,200,
1787684589.7009573,serverless,30.0,30.0,59.032,False,200,
1787684589.7342906,serverless,30.0,30.0,57.563,False,200,
1787684589.767624,serverless,30.0,30.0,52.029,False,200,
1787684589.8009572,serverless,30.0,30.0,54.845,False,200,
1787684589.8342907,serverless,30.0,30.0,28.941,False,200,
1787684589.867624,serverless,30.0,30.0,69.44,False,200,
1787684589.9009573,serverless,30.0,30.0,51.914,False,200,
1787684589.9342906,serverless,30.0,30.0,59.361,False,200,
1787684589.967624,serverless,30.0,30.0,59.466,False,200,
1787684590.0009573,serverless,30.0,30.0,48.326,False,200,
1787684590.0342906,serverless,30.0,30.0,46.338,False,200,
1787684590.0676239,serverless,30.0,30.0,51.669,False,200,
1787684590.1009574,serverless,30.0,30.0,64.509,False,200,
1787684590.1342907,serverless,30.0,30.0,70.802,False,200,
1787684590.167624,serverless,30.0,30.0,67.547,False,200,
1787684590.2009573,serverless,30.0,30.0,50.961,False,200,
1787684590.2342906,serverless,30.0,30.0,50.537,False,200,
1787684590.267624,serverless,30.0,30.0,45.39,False,200,
1787684590.3009572,serverless,30.0,30.0,49.99,False,200,
1787684590.3342907,serverless,30.0,30.0,59.87,False,200,
1787684590.367624,serverless,30.0,30.0,51.198,False,200,
1787684590.4009573,serverless,30.0,30.0,39.369,False,200,
1787684590.4342906,serverless,30.0,30.0,46.281,False,200,
1787684590.467624,serverless,30.0,30.0,45.61,False,200,
1787684590.5009573,serverless,30.0,30.0,60.199,False,200,
1787684590.5342906,serverless,30.0,30.0,52.853,False,200,
1787684590.5676239,serverless,30.0,30.0,43.443,False,200,
1787684590.6009574,serverless,30.0,30.0,36.006,False,200,
1787684590.6342907,serverless,30.0,30.0,53.719,False,200,
1787684590.667624,serverless,30.0,30.0,55.054,False,200,
1787684590.7009573,serverless,30.0,30.0,38.929,False,200,
1787684590.7342906,serverless,30.0,30.0,53.924,False,200,
1787684590.767624,serverless,30.0,30.0,56.734,False,200,
1787684590.8009572,serverless,30.0,30.0,56.001,False,200,
1787684590.8342907,serverless,30.0,30.0,65.855,False,200,
1787684590.867624,serverless,30.0,30.0,50.11,False,200,
1787684590.9009573,serverless,30.0,30.0,36.056,False,200,
1787684590.9342906,serverless,30.0,30.0,46.553,False,200,
1787684590.967624,serverless,30.0,30.0,62.927,False,200,
1787684591.0009573,serverless,30.0,30.0,49.239,False,200,
1787684591.0342906,serverless,30.0,30.0,45.551,False,200,
1787684591.0676239,serverless,30.0,30.0,88.05,False,200,
1787684591.1009574,serverless,30.0,30.0,59.086,False,200,
1787684591.1342907,serverless,30.0,30.0,47.939,False,200,
1787684591.167624,serverless,30.0,30.0,64.015,False,200,
1787684591.2009573,serverless,30.0,30.0,63.453,False,200,
1787684591.2342906,serverless,30.0,30.0,41.159,False,200,
1787684591.267624,serverless,30.0,30.0,73.932,False,200,
1787684591.3009572,serverless,30.0,30.0,63.48,False,200,
1787684591.3342907,serverless,30.0,30.0,39.396,False,200,
1787684591.367624,serverless,30.0,30.0,65.776,False,200,
1787684591.4009573,serverless,30.0,30.0,48.495,False,200,
1787684591.4342906,serverless,30.0,30.0,39.556,False,200,
1787684591.467624,serverless,30.0,30.0,44.265,False,200,
1787684591.5009573,serverless,30.0,30.0,62.974,False,200,
1787684591.5342906,serverless,30.0,30.0,68.653,False,200,
1787684591.5676239,serverless,30.0,30.0,49.412,False,200,
1787684591.6009574,serverless,30.0,30.0,55.895,False,200,
1787684591.6342907,serverless,30.0,30.0,38.459,False,200,
1787684591.667624,serverless,30.0,30.0,58.072,False,200,
1787684591.7009573,serverless,30.0,30.0,59.319,False,200,
1787684591.7342906,serverless,30.0,30.0,32.38,False,200,
1787684591.767624,serverless,30.0,30.0,60.486,False,200,
1787684591.8009572,serverless,30.0,30.0,57.19,False,200,
1787684591.8342907,serverless,30.0,30.0,61.216,False,200,
1787684591.867624,serverless,30.0,30.0,56.234,False,200,
1787684591.9009573,serverless,30.0,30.0,42.392,False,200,
1787684591.9342906,serverless,30.0,30.0,61.547,False,200,
1787684591.967624,serverless,30.0,30.0,50.972,False,200,
1787684592.0009573,serverless,30.0,30.0,36.536,False,200,
1787684592.0342906,serverless,30.0,30.0,57.506,False,200,
1787684592.0676239,serverless,30.0,30.0,53.892,False,200,
1787684592.1009574,serverless,30.0,30.0,44.841,False,200,
1787684592.1342907,serverless,30.0,30.0,43.954,False,200,
1787684592.167624,serverless,30.0,30.0,45.615,False,200,
1787684592.2009573,serverless,30.0,30.0,73.691,False,200,
1787684592.2342906,serverless,30.0,30.0,42.293,False,200,
1787684592.267624,serverless,30.0,30.0,52.859,False,200,
1787684592.3009572,serverless,30.0,30.0,37.973,False,200,
1787684592.3342907,serverless,30.0,30.0,34.115,False,200,
1787684592.367624,serverless,30.0,30.0,44.263,False,200,
1787684592.4009573,serverless,30.0,30.0,28.732,False,200,
1787684592.4342906,serverless,30.0,30.0,55.357,False,200,
1787684592.467624,serverless,30.0,30.0,64.024,False,200,
1787684592.5009573,serverless,30.0,30.0,47.19,False,200,
1787684592.5342906,serverless,30.0,30.0,42.941,False,200,
1787684592.5676239,serverless,30.0,30.0,42.117,False,200,
1787684592.6009574,serverless,30.0,30.0,54.52,False,200,
1787684592.6342907,serverless,30.0,30.0,47.717,False,200,
1787684592.667624,serverless,30.0,30.0,33.305,False,200,
1787684592.7009573,serverless,30.0,30.0,37.267,False,200,
1787684592.7342906,serverless,30.0,30.0,71.957,False,200,
1787684592.767624,serverless,30.0,30.0,69.097,False,200,
1787684592.8009572,serverless,30.0,30.0,51.536,False,200,
1787684592.8342907,serverless,30.0,30.0,63.338,False,200,
1787684592.867624,serverless,30.0,30.0,53.253,False,200,
1787684592.9009573,serverless,30.0,30.0,48.827,False,200,
1787684592.9342906,serverless,30.0,30.0,40.022,False,200,
1787684592.967624,serverless,30.0,30.0,47.281,False,200,
1787684593.0009573,serverless,30.0,30.0,48.478,False,200,
1787684593.0342906,serverless,30.0,30.0,71.606,False,200,
1787684593.0676239,serverless,30.0,30.0,54.351,False,200,
1787684593.1009574,serverless,30.0,30.0,46.026,False,200,
1787684593.1342907,serverless,30.0,30.0,61.435,False,200,
1787684593.167624,serverless,30.0,30.0,39.755,False,200,
1787684593.2009573,serverless,30.0,30.0,33.451,False,200,
1787684593.2342906,serverless,30.0,30.0,59.414,False,200,
1787684593.267624,serverless,30.0,30.0,51.835,False,200,
1787684593.3009572,serverless,30.0,30.0,71.982,False,200,
1787684593.3342907,serverless,30.0,30.0,64.097,False,200,
1787684593.367624,serverless,30.0,30.0,50.888,False,200,
1787684593.4009573,serverless,30.0,30.0,55.487,False,200,
1787684593.4342906,serverless,30.0,30.0,63.582,False,200,
1787684593.467624,serverless,30.0,30.0,46.29,False,200,
1787684593.5009573,serverless,30.0,30.0,50.898,False,200,
1787684593.5342906,serverless,30.0,30.0,51.81,False,200,
1787684593.5676239,serverless,30.0,30.0,59.268,False,200,
1787684593.6009574,serverless,30.0,30.0,71.775,False,200,
1787684593.6342907,serverless,30.0,30.0,46.757,False,200,
1787684593.667624,serverless,30.0,30.0,49.195,False,200,
1787684593.7009573,serverless,30.0,30.0,44.196,False,200,
1787684593.7342906,serverless,30.0,30.0,50.36,False,200,
1787684593.767624,serverless,30.0,30.0,42.034,False,200,
1787684593.8009572,serverless,30.0,30.0,43.247,False,200,
1787684593.8342907,serverless,30.0,30.0,58.481,False,200,
1787684593.867624,serverless,30.0,30.0,45.796,False,200,
1787684593.9009573,serverless,30.0,30.0,43.231,False,200,
1787684593.9342906,serverless,30.0,30.0,51.424,False,200,
1787684593.967624,serverless,30.0,30.0,60.744,False,200,
1787684594.0009573,serverless,30.0,30.0,50.992,False,200,
1787684594.0342906,serverless,30.0,30.0,53.759,False,200,
1787684594.0676239,serverless,30.0,30.0,42.689,False,200,
1787684594.1009574,serverless,30.0,30.0,43.862,False,200,
1787684594.1342907,serverless,30.0,30.0,57.672,False,200,
1787684594.167624,serverless,30.0,30.0,74.244,False,200,
1787684594.2009573,serverless,30.0,30.0,41.072,False,200,
1787684594.2342906,serverless,30.0,30.0,49.341,False,200,
1787684594.267624,serverless,30.0,30.0,49.386,False,200,
1787684594.3009572,serverless,30.0,30.0,47.431,False,200,
1787684594.3342907,serverless,30.0,30.0,36.146,False,200,
1787684594.367624,serverless,30.0,30.0,59.613,False,200,
1787684594.4009573,serverless,30.0,30.0,83.336,False,200,
1787684594.4342906,serverless,30.0,30.0,41.361,False,200,
1787684594.467624,serverless,30.0,30.0,38.195,False,200,
1787684594.5009573,serverless,30.0,30.0,66.188,False,200,
1787684594.5342906,serverless,30.0,30.0,56.405,False,200,
1787684594.5676239,serverless,30.0,30.0,37.176,False,200,
1787684594.6009574,serverless,30.0,30.0,46.521,False,200,
1787684594.6342907,serverless,30.0,30.0,45.166,False,200,
1787684594.667624,serverless,30.0,30.0,46.785,False,200,
1787684594.7009573,serverless,30.0,30.0,47.977,False,200,
1787684594.7342906,serverless,30.0,30.0,71.344,False,200,
1787684594.767624,serverless,30.0,30.0,55.046,False,200,
1787684594.8009572,serverless,30.0,30.0,53.301,False,200,
1787684594.8342907,serverless,30.0,30.0,50.198,False,200,
1787684594.867624,serverless,30.0,30.0,58.136,False,200,
1787684594.9009573,serverless,30.0,30.0,37.786,False,200,
1787684594.9342906,serverless,30.0,30.0,85.311,False,200,
1787684594.967624,serverless,30.0,30.0,39.08,False,200,
1787684595.0009573,serverless,30.0,30.0,67.325,False,200,
1787684595.0342906,serverless,30.0,30.0,33.619,False,200,
1787684595.0676239,serverless,30.0,30.0,44.446,False,200,
1787684595.1009574,serverless,30.0,30.0,50.17,False,200,
1787684595.1342907,serverless,30.0,30.0,55.845,False,200,
1787684595.167624,serverless,30.0,30.0,35.029,False,200,
1787684595.2009573,serverless,30.0,30.0,52.822,False,200,
1787684595.2342906,serverless,30.0,30.0,51.652,False,200,
1787684595.267624,serverless,30.0,30.0,49.996,False,200,
1787684595.3009572,serverless,30.0,30.0,65.725,False,200,
1787684595.3342907,serverless,30.0,30.0,67.048,False,200,
1787684595.367624,serverless,30.0,30.0,62.492,False,200,
1787684595.4009573,serverless,30.0,30.0,47.914,False,200,
1787684595.4342906,serverless,30.0,30.0,61.12,False,200,
1787684595.467624,serverless,30.0,30.0,52.704,False,200,
1787684595.5009573,serverless,30.0,30.0,49.158,False,200,
1787684595.5342906,serverless,30.0,30.0,74.982,False,200,
1787684595.5676239,serverless,30.0,30.0,42.832,False,200,
1787684595.6009574,serverless,30.0,30.0,61.818,False,200,
1787684595.6342907,serverless,30.0,30.0,40.41,False,200,
1787684595.667624,serverless,30.0,30.0,40.926,False,200,
1787684595.7009573,serverless,30.0,30.0,41.538,False,200,
1787684595.7342906,serverless,30.0,30.0,53.808,False,200,
1787684595.767624,serverless,30.0,30.0,61.726,False,200,
1787684595.8009572,serverless,30.0,30.0,47.077,False,200,
1787684595.8342907,serverless,30.0,30.0,48.563,False,200,
1787684595.867624,serverless,30.0,30.0,45.581,False,200,
1787684595.9009573,serverless,30.0,30.0,29.472,False,200,
1787684595.9342906,serverless,30.0,30.0,64.519,False,200,
1787684595.967624,serverless,30.0,30.0,42.639,False,200,
1787684596.0009573,serverless,30.0,30.0,44.65,False,200,
1787684596.0342906,serverless,30.0,30.0,53.987,False,200,
1787684596.0676239,serverless,30.0,30.0,50.504,False,200,
1787684596.1009574,serverless,30.0,30.0,44.321,False,200,
1787684596.1342907,serverless,30.0,30.0,53.908,False,200,
1787684596.167624,serverless,30.0,30.0,48.467,False,200,
1787684596.2009573,serverless,30.0,30.0,38.603,False,200,
1787684596.2342906,serverless,30.0,30.0,44.955,False,200,
1787684596.267624,serverless,30.0,30.0,40.014,False,200,
1787684596.3009572,serverless,30.0,30.0,40.505,False,200,
1787684596.3342907,serverless,30.0,30.0,34.869,False,200,
1787684596.367624,serverless,30.0,30.0,53.339,False,200,
1787684596.4009573,serverless,30.0,30.0,62.229,False,200,
1787684596.4342906,serverless,30.0,30.0,51.426,False,200,
1787684596.467624,serverless,30.0,30.0,48.029,False,200,
1787684596.5009573,serverless,30.0,30.0,58.198,False,200,
1787684596.5342906,serverless,30.0,30.0,76.384,False,200,
1787684596.5676239,serverless,30.0,30.0,27.191,False,200,
1787684596.6009574,serverless,30.0,30.0,48.981,False,200,
1787684596.6342907,serverless,30.0,30.0,53.193,False,200,
1787684596.667624,serverless,30.0,30.0,65.262,False,200,
1787684596.7009573,serverless,30.0,30.0,61.109,False,200,
1787684596.7342906,serverless,30.0,30.0,51.678,False,200,
1787684596.767624,serverless,30.0,30.0,59.833,False,200,
1787684596.8009572,serverless,30.0,30.0,59.991,False,200,
1787684596.8342907,serverless,30.0,30.0,51.314,False,200,
1787684596.867624,serverless,30.0,30.0,78.605,False,200,
1787684596.9009573,serverless,30.0,30.0,41.434,False,200,
1787684596.9342906,serverless,30.0,30.0,52.306,False,200,
1787684596.967624,serverless,30.0,30.0,37.411,False,200,
1787684597.0009573,serverless,30.0,30.0,42.054,False,200,
1787684597.0342906,serverless,30.0,30.0,57.901,False,200,
1787684597.0676239,serverless,30.0,30.0,64.573,False,200,
1787684597.1009574,serverless,30.0,30.0,72.619,False,200,
1787684597.1342907,serverless,30.0,30.0,63.311,False,200,
1787684597.167624,serverless,30.0,30.0,49.918,False,200,
1787684597.2009573,serverless,30.0,30.0,45.938,False,200,
1787684597.2342906,serverless,30.0,30.0,105.656,False,200,
1787684597.267624,serverless,30.0,30.0,64.731,False,200,
1787684597.3009572,serverless,30.0,30.0,37.252,False,200,
1787684597.3342907,serverless,30.0,30.0,62.618,False,200,
1787684597.367624,serverless,30.0,30.0,47.845,False,200,
1787684597.4009573,serverless,30.0,30.0,51.516,False,200,
1787684597.4342906,serverless,30.0,30.0,57.219,False,200,
1787684597.467624,serverless,30.0,30.0,47.181,False,200,
1787684597.5009573,serverless,30.0,30.0,49.83,False,200,
1787684597.5342906,serverless,30.0,30.0,46.769,False,200,
1787684597.5676239,serverless,30.0,30.0,53.72,False,200,
1787684597.6009574,serverless,30.0,30.0,46.558,False,200,
1787684597.6342907,serverless,30.0,30.0,36.119,False,200,
1787684597.667624,serverless,30.0,30.0,56.873,False,200,
1787684597.7009573,serverless,30.0,30.0,52.949,False,200,
1787684597.7342906,serverless,30.0,30.0,38.676,False,200,
1787684597.767624,serverless,30.0,30.0,63.956,False,200,
1787684597.8009572,serverless,30.0,30.0,49.757,False,200,
1787684597.8342907,serverless,30.0,30.0,38.609,False,200,
1787684597.867624,serverless,30.0,30.0,43.826,False,200,
1787684597.9009573,serverless,30.0,30.0,55.95,False,200,
1787684597.9342906,serverless,30.0,30.0,68.742,False,200,
1787684597.967624,serverless,30.0,30.0,53.019,False,200,
1787684598.0009573,serverless,30.0,30.0,48.242,False,200,
1787684598.0342906,serverless,30.0,30.0,50.744,False,200,
1787684598.0676239,serverless,30.0,30.0,48.379,False,200,
1787684598.1009574,serverless,30.0,30.0,38.507,False,200,
1787684598.1342907,serverless,30.0,30.0,51.217,False,200,
1787684598.167624,serverless,30.0,30.0,45.091,False,200,
1787684598.2009573,serverless,30.0,30.0,37.995,False,200,
1787684598.2342906,serverless,30.0,30.0,57.056,False,200,
1787684598.267624,serverless,30.0,30.0,66.941,False,200,
1787684598.3009572,serverless,30.0,30.0,53.788,False,200,
1787684598.3342907,serverless,30.0,30.0,38.885,False,200,
1787684598.367624,serverless,30.0,30.0,46.102,False,200,
1787684598.4009573,serverless,30.0,30.0,59.502,False,200,
1787684598.4342906,serverless,30.0,30.0,40.682,False,200,
1787684598.467624,serverless,30.0,30.0,46.629,False,200,
1787684598.5009573,serverless,30.0,30.0,70.461,False,200,
1787684598.5342906,serverless,30.0,30.0,1169.909,True,200,
1787684598.5676239,serverless,30.0,30.0,52.726,False,200,
1787684598.6009574,serverless,30.0,30.0,39.969,False,200,
1787684598.6342907,serverless,30.0,30.0,57.197,False,200,
1787684598.667624,serverless,30.0,30.0,55.069,False,200,
1787684598.7009573,serverless,30.0,30.0,51.308,False,200,
1787684598.7342906,serverless,30.0,30.0,44.666,False,200,
1787684598.767624,serverless,30.0,30.0,52.158,False,200,
1787684598.8009572,serverless,30.0,30.0,51.359,False,200,
1787684598.8342907,serverless,30.0,30.0,43.178,False,200,
1787684598.867624,serverless,30.0,30.0,45.449,False,200,
1787684598.9009573,serverless,30.0,30.0,59.786,False,200,
1787684598.9342906,serverless,30.0,30.0,46.169,False,200,
1787684598.967624,serverless,30.0,30.0,59.802,False,200,
1787684599.0009573,serverless,30.0,30.0,29.655,False,200,
1787684599.0342906,serverless,30.0,30.0,38.88,False,200,
1787684599.0676239,serverless,30.0,30.0,49.837,False,200,
1787684599.1009574,serverless,30.0,30.0,48.805,False,200,
1787684599.1342907,serverless,30.0,30.0,75.38,False,200,
1787684599.167624,serverless,30.0,30.0,59.726,False,200,
1787684599.2009573,serverless,30.0,30.0,61.938,False,200,
1787684599.2342906,serverless,30.0,30.0,33.51,False,200,
1787684599.267624,serverless,30.0,30.0,39.79,False,200,
1787684599.3009572,serverless,30.0,30.0,64.184,False,200,
1787684599.3342907,serverless,30.0,30.0,52.229,False,200,
1787684599.367624,serverless,30.0,30.0,45.734,False,200,
1787684599.4009573,serverless,30.0,30.0,36.853,False,200,
1787684599.4342906,serverless,30.0,30.0,48.466,False,200,
1787684599.467624,serverless,30.0,30.0,36.544,False,200,
1787684599.5009573,serverless,30.0,30.0,48.854,False,200,
1787684599.5342906,serverless,30.0,30.0,38.314,False,200,
1787684599.5676239,serverless,30.0,30.0,49.856,False,200,
1787684599.6009574,serverless,30.0,30.0,41.227,False,200,
1787684599.6342907,serverless,30.0,30.0,58.548,False,200,
1787684599.667624,serverless,30.0,30.0,30.002,False,200,
1787684599.7009573,serverless,30.0,30.0,54.522,False,200,
1787684599.7342906,serverless,30.0,30.0,46.155,False,200,
1787684599.767624,serverless,30.0,30.0,54.21,False,200,
1787684599.8009572,serverless,30.0,30.0,46.608,False,200,
1787684599.8342907,serverless,30.0,30.0,66.657,False,200,
1787684599.867624,serverless,30.0,30.0,36.96,False,200,
1787684599.9009573,serverless,30.0,30.0,44.919,False,200,
1787684599.9342906,serverless,30.0,30.0,59.195,False,200,
1787684599.967624,serverless,30.0,30.0,38.722,False,200,
1787684600.0009573,serverless,30.0,30.0,73.369,False,200,
1787684600.0342906,serverless,30.0,30.0,38.838,False,200,
1787684600.0676239,serverless,30.0,30.0,66.262,False,200,
1787684600.1009574,serverless,30.0,30.0,44.323,False,200,
1787684600.1342907,serverless,30.0,30.0,50.205,False,200,
1787684600.167624,serverless,30.0,30.0,50.274,False,200,
1787684600.2009573,serverless,30.0,30.0,38.935,False,200,
1787684600.2342906,serverless,30.0,30.0,50.543,False,200,
1787684600.267624,serverless,30.0,30.0,56.366,False,200,
1787684600.3009572,serverless,30.0,30.0,44.127,False,200,
1787684600.3342907,serverless,30.0,30.0,46.883,False,200,
1787684600.367624,serverless,30.0,30.0,50.417,False,200,
1787684600.4009573,serverless,30.0,30.0,48.424,False,200,
1787684600.4342906,serverless,30.0,30.0,60.098,False,200,
1787684600.467624,serverless,30.0,30.0,46.821,False,200,
1787684600.5009573,serverless,30.0,30.0,71.501,False,200,
1787684600.5342906,serverless,30.0,30.0,72.196,False,200,
1787684600.5676239,serverless,30.0,30.0,57.443,False,200,
1787684600.6009574,serverless,30.0,30.0,44.185,False,200,
1787684600.6342907,serverless,30.0,30.0,65.196,False,200,
1787684600.667624,serverless,30.0,30.0,47.992,False,200,
1787684600.7009573,serverless,30.0,30.0,63.674,False,200,
1787684600.7342906,serverless,30.0,30.0,58.971,False,200,
1787684600.767624,serverless,30.0,30.0,36.358,False,200,
1787684600.8009572,serverless,30.0,30.0,61.037,False,200,
1787684600.8342907,serverless,30.0,30.0,41.864,False,200,
1787684600.867624,serverless,30.0,30.0,65.098,False,200,
1787684600.9009573,serverless,30.0,30.0,59.745,False,200,
1787684600.9342906,serverless,30.0,30.0,73.814,False,200,
1787684600.967624,serverless,30.0,30.0,57.661,False,200,
1787684601.0009573,serverless,30.0,30.0,47.348,False,200,
1787684601.0342906,serverless,30.0,30.0,53.783,False,200,
1787684601.0676239,serverless,30.0,30.0,71.871,False,200,
1787684601.1009574,serverless,30.0,30.0,42.874,False,200,
1787684601.1342907,serverless,30.0,30.0,45.959,False,200,
1787684601.167624,serverless,30.0,30.0,59.608,False,200,
1787684601.2009573,serverless,30.0,30.0,40.868,False,200,
1787684601.2342906,serverless,30.0,30.0,49.22,False,200,
1787684601.267624,serverless,30.0,30.0,47.304,False,200,
1787684601.3009572,serverless,30.0,30.0,41.039,False,200,
1787684601.3342907,serverless,30.0,30.0,68.49,False,200,
1787684601.367624,serverless,30.0,30.0,55.28,False,200,
1787684601.4009573,serverless,30.0,30.0,46.881,False,200,
1787684601.4342906,serverless,30.0,30.0,47.281,False,200,
1787684601.467624,serverless,30.0,30.0,49.026,False,200,
1787684601.5009573,serverless,30.0,30.0,48.406,False,200,
1787684601.5342906,serverless,30.0,30.0,49.282,False,200,
1787684601.5676239,serverless,30.0,30.0,50.748,False,200,
1787684601.6009574,serverless,30.0,30.0,39.067,False,200,
1787684601.6342907,serverless,30.0,30.0,41.365,False,200,
1787684601.667624,serverless,30.0,30.0,61.626,False,200,
1787684601.7009573,serverless,30.0,30.0,43.72,False,200,
1787684601.7342906,serverless,30.0,30.0,62.706,False,200,
1787684601.767624,serverless,30.0,30.0,50.319,False,200,
1787684601.8009572,serverless,30.0,30.0,40.183,False,200,
1787684601.8342907,serverless,30.0,30.0,33.918,False,200,
1787684601.867624,serverless,30.0,30.0,47.352,False,200,
1787684601.9009573,serverless,30.0,30.0,62.291,False,200,
1787684601.9342906,serverless,30.0,30.0,45.125,False,200,
1787684601.967624,serverless,30.0,30.0,45.455,False,200,
1787684602.0009573,serverless,30.0,30.0,40.192,False,200,
1787684602.0342906,serverless,30.0,30.0,45.749,False,200,
1787684602.0676239,serverless,30.0,30.0,53.49,False,200,
1787684602.1009574,serverless,30.0,30.0,45.282,False,200,
1787684602.1342907,serverless,30.0,30.0,49.83,False,200,
1787684602.167624,serverless,30.0,30.0,70.848,False,200,
1787684602.2009573,serverless,30.0,30.0,57.738,False,200,
1787684602.2342906,serverless,30.0,30.0,59.389,False,200,
1787684602.267624,serverless,30.0,30.0,49.106,False,200,
1787684602.3009572,serverless,30.0,30.0,55.82,False,200,
1787684602.3342907,serverless,30.0,30.0,51.081,False,200,
1787684602.367624,serverless,30.0,30.0,57.297,False,200,
1787684602.4009573,serverless,30.0,30.0,35.522,False,200,
1787684602.4342906,serverless,30.0,30.0,50.148,False,200,
1787684602.467624,serverless,30.0,30.0,46.401,False,200,
1787684602.5009573,serverless,30.0,30.0,49.642,False,200,
1787684602.5342906,serverless,30.0,30.0,48.391,False,200,
1787684602.5676239,serverless,30.0,30.0,64.401,False,200,
1787684602.6009574,serverless,30.0,30.0,63.877,False,200,
1787684602.6342907,serverless,30.0,30.0,64.701,False,200,
1787684602.667624,serverless,30.0,30.0,66.164,False,200,
1787684602.7009573,serverless,30.0,30.0,46.926,False,200,
1787684602.7342906,serverless,30.0,30.0,60.878,False,200,
1787684602.767624,serverless,30.0,30.0,74.152,False,200,
1787684602.8009572,serverless,30.0,30.0,50.798,False,200,
1787684602.8342907,serverless,30.0,30.0,48.912,False,200,
1787684602.867624,serverless,30.0,30.0,54.957,False,200,
1787684602.9009573,serverless,30.0,30.0,41.686,False,200,
1787684602.9342906,serverless,30.0,30.0,51.974,False,200,
1787684602.967624,serverless,30.0,30.0,54.264,False,200,
1787684603.0009573,serverless,30.0,30.0,41.391,False,200,
1787684603.0342906,serverless,30.0,30.0,39.357,False,200,
1787684603.0676239,serverless,30.0,30.0,55.789,False,200,
1787684603.1009574,serverless,30.0,30.0,48.736,False,200,
1787684603.1342907,serverless,30.0,30.0,44.362,False,200,
1787684603.167624,serverless,30.0,30.0,54.765,False,200,
1787684603.2009573,serverless,30.0,30.0,50.258,False,200,
1787684603.2342906,serverless,30.0,30.0,63.189,False,200,
1787684603.267624,serverless,30.0,30.0,49.629,False,200,
1787684603.3009572,serverless,30.0,30.0,52.577,False,200,
1787684603.3342907,serverless,30.0,30.0,38.02,False,200,
1787684603.367624,serverless,30.0,30.0,54.772,False,200,
1787684603.4009573,serverless,30.0,30.0,50.816,False,200,
1787684603.4342906,serverless,30.0,30.0,50.421,False,200,
1787684603.467624,serverless,30.0,30.0,61.509,False,200,
1787684603.5009573,serverless,30.0,30.0,55.974,False,200,
1787684603.5342906,serverless,30.0,30.0,69.661,False,200,
1787684603.5676239,serverless,30.0,30.0,52.76,False,200,
1787684603.6009574,serverless,30.0,30.0,106.918,False,200,
1787684603.6342907,serverless,30.0,30.0,58.187,False,200,
1787684603.667624,serverless,30.0,30.0,44.541,False,200,
1787684603.7009573,serverless,30.0,30.0,53.349,False,200,
1787684603.7342906,serverless,30.0,30.0,53.992,False,200,
1787684603.767624,serverless,30.0,30.0,47.112,False,200,
1787684603.8009572,serverless,30.0,30.0,51.309,False,200,
1787684603.8342907,serverless,30.0,30.0,40.504,False,200,
1787684603.867624,serverless,30.0,30.0,64.545,False,200,
1787684603.9009573,serverless,30.0,30.0,80.3,False,200,
1787684603.9342906,serverless,30.0,30.0,35.819,False,200,
1787684603.967624,serverless,30.0,30.0,44.274,False,200,
1787684604.0009573,serverless,30.0,30.0,42.571,False,200,
1787684604.0342906,serverless,30.0,30.0,45.586,False,200,
1787684604.0676239,serverless,30.0,30.0,43.45,False,200,
1787684604.1009574,serverless,30.0,30.0,49.422,False,200,
1787684604.1342907,serverless,30.0,30.0,45.236,False,200,
1787684604.167624,serverless,30.0,30.0,53.91,False,200,
1787684604.2009573,serverless,30.0,30.0,51.491,False,200,
1787684604.2342906,serverless,30.0,30.0,40.098,False,200,
1787684604.267624,serverless,30.0,30.0,41.018,False,200,
1787684604.3009572,serverless,30.0,30.0,33.658,False,200,
1787684604.3342907,serverless,30.0,30.0,48.109,False,200,
1787684604.367624,serverless,30.0,30.0,46.629,False,200,
1787684604.4009573,serverless,30.0,30.0,45.972,False,200,
1787684604.4342906,serverless,30.0,30.0,66.134,False,200,
1787684604.467624,serverless,30.0,30.0,40.3,False,200,
1787684604.5009573,serverless,30.0,30.0,34.012,False,200,
1787684604.5342906,serverless,30.0,30.0,58.9,False,200,
1787684604.5676239,serverless,30.0,30.0,46.494,False,200,
1787684604.6009574,serverless,30.0,30.0,43.57,False,200,
1787684604.6342907,serverless,30.0,30.0,41.887,False,200,
1787684604.667624,serverless,30.0,30.0,44.447,False,200,
1787684604.7009573,serverless,30.0,30.0,59.197,False,200,
1787684604.7342906,serverless,30.0,30.0,66.38,False,200,
1787684604.767624,serverless,30.0,30.0,47.661,False,200,
1787684604.8009572,serverless,30.0,30.0,50.779,False,200,
1787684604.8342907,serverless,30.0,30.0,43.269,False,200,
1787684604.867624,serverless,30.0,30.0,30.602,False,200,
1787684604.9009573,serverless,30.0,30.0,56.733,False,200,
1787684604.9342906,serverless,30.0,30.0,40.453,False,200,
1787684604.967624,serverless,30.0,30.0,40.472,False,200,
1787684605.0009573,serverless,30.0,30.0,41.486,False,200,
1787684605.0342906,serverless,30.0,30.0,52.021,False,200,
1787684605.0676239,serverless,30.0,30.0,43.809,False,200,
1787684605.1009574,serverless,30.0,30.0,49.229,False,200,
1787684605.1342907,serverless,30.0,30.0,61.965,False,200,
1787684605.167624,serverless,30.0,30.0,50.806,False,200,
1787684605.2009573,serverless,30.0,30.0,62.839,False,200,
1787684605.2342906,serverless,30.0,30.0,60.329,False,200,
1787684605.267624,serverless,30.0,30.0,55.194,False,200,
1787684605.3009572,serverless,30.0,30.0,31.103,False,200,
1787684605.3342907,serverless,30.0,30.0,52.943,False,200,
1787684605.367624,serverless,30.0,30.0,45.792,False,200,
1787684605.4009573,serverless,30.0,30.0,44.248,False,200,
1787684605.4342906,serverless,30.0,30.0,56.247,False,200,
1787684605.467624,serverless,30.0,30.0,40.354,False,200,
1787684605.5009573,serverless,30.0,30.0,55.385,False,200,
1787684605.5342906,serverless,30.0,30.0,59.658,False,200,
1787684605.5676239,serverless,30.0,30.0,60.085,False,200,
1787684605.6009574,serverless,30.0,30.0,38.446,False,200,
1787684605.6342907,serverless,30.0,30.0,56.819,False,200,
1787684605.667624,serverless,30.0,30.0,49.154,False,200,
1787684605.7009573,serverless,30.0,30.0,47.721,False,200,
1787684605.7342906,serverless,30.0,30.0,62.731,False,200,
1787684605.767624,serverless,30.0,30.0,59.486,False,200,
1787684605.8009572,serverless,30.0,30.0,50.609,False,200,
1787684605.8342907,serverless,30.0,30.0,40.31,False,200,
1787684605.867624,serverless,30.0,30.0,43.638,False,200,
1787684605.9009573,serverless,30.0,30.0,36.909,False,200,
1787684605.9342906,serverless,30.0,30.0,44.441,False,200,
1787684605.967624,serverless,30.0,30.0,48.377,False,200,
1787684606.0009573,serverless,30.0,30.0,54.4,False,200,
1787684606.0342906,serverless,30.0,30.0,60.868,False,200,
1787684606.0676239,serverless,30.0,30.0,43.018,False,200,
1787684606.1009574,serverless,30.0,30.0,44.532,False,200,
1787684606.1342907,serverless,30.0,30.0,51.009,False,200,
1787684606.167624,serverless,30.0,30.0,43.349,False,200,
1787684606.2009573,serverless,30.0,30.0,46.226,False,200,
1787684606.2342906,serverless,30.0,30.0,74.783,False,200,
1787684606.267624,serverless,30.0,30.0,58.087,False,200,
1787684606.3009572,serverless,30.0,30.0,44.64,False,200,
1787684606.3342907,serverless,30.0,30.0,41.123,False,200,
1787684606.367624,serverless,30.0,30.0,1246.386,True,200,
1787684606.4009573,serverless,30.0,30.0,48.131,False,200,
1787684606.4342906,serverless,30.0,30.0,55.339,False,200,
1787684606.467624,serverless,30.0,30.0,38.109,False,200,
1787684606.5009573,serverless,30.0,30.0,50.657,False,200,
1787684606.5342906,serverless,30.0,30.0,60.643,False,200,
1787684606.5676239,serverless,30.0,30.0,50.366,False,200,
1787684606.6009574,serverless,30.0,30.0,42.323,False,200,
1787684606.6342907,serverless,30.0,30.0,47.319,False,200,
1787684606.667624,serverless,30.0,30.0,51.116,False,200,
1787684606.7009573,serverless,30.0,30.0,41.243,False,200,
1787684606.7342906,serverless,30.0,30.0,38.794,False,200,
1787684606.767624,serverless,30.0,30.0,50.411,False,200,
1787684606.8009572,serverless,30.0,30.0,43.435,False,200,
1787684606.8342907,serverless,30.0,30.0,43.215,False,200,
1787684606.867624,serverless,30.0,30.0,64.829,False,200,
1787684606.9009573,serverless,30.0,30.0,40.607,False,200,
1787684606.9342906,serverless,30.0,30.0,53.175,False,200,
1787684606.967624,serverless,30.0,30.0,79.57,False,200,
1787684607.0009573,serverless,30.0,30.0,57.297,False,200,
1787684607.0342906,serverless,30.0,30.0,43.408,False,200,
1787684607.0676239,serverless,30.0,30.0,43.04,False,200,
1787684607.1009574,serverless,30.0,30.0,46.146,False,200,
1787684607.1342907,serverless,30.0,30.0,41.45,False,200,
1787684607.167624,serverless,30.0,30.0,71.329,False,200,
1787684607.2009573,serverless,30.0,30.0,63.66,False,200,
1787684607.2342906,serverless,30.0,30.0,47.721,False,200,
1787684607.267624,serverless,30.0,30.0,56.816,False,200,
1787684607.3009572,serverless,30.0,30.0,37.893,False,200,
1787684607.3342907,serverless,30.0,30.0,57.555,False,200,
1787684607.367624,serverless,30.0,30.0,57.686,False,200,
1787684607.4009573,serverless,30.0,30.0,47.064,False,200,
1787684607.4342906,serverless,30.0,30.0,54.778,False,200,
1787684607.467624,serverless,30.0,30.0,48.166,False,200,
1787684607.5009573,serverless,30.0,30.0,55.231,False,200,
1787684607.5342906,serverless,30.0,30.0,61.16,False,200,
1787684607.5676239,serverless,30.0,30.0,35.675,False,200,
1787684607.6009574,serverless,30.0,30.0,44.592,False,200,
1787684607.6342907,serverless,30.0,30.0,75.355,False,200,
1787684607.667624,serverless,30.0,30.0,33.325,False,200,
1787684607.7009573,serverless,30.0,30.0,56.915,False,200,
1787684607.7342906,serverless,30.0,30.0,35.289,False,200,
1787684607.767624,serverless,30.0,30.0,41.304,False,200,
1787684607.8009572,serverless,30.0,30.0,42.094,False,200,
1787684607.8342907,serverless,30.0,30.0,39.767,False,200,
1787684607.867624,serverless,30.0,30.0,61.407,False,200,
1787684607.9009573,serverless,30.0,30.0,55.33,False,200,
1787684607.9342906,serverless,30.0,30.0,41.35,False,200,
1787684607.967624,serverless,30.0,30.0,56.397,False,200,
1787684608.0009573,serverless,30.0,30.0,42.174,False,200,
1787684608.0342906,serverless,30.0,30.0,70.243,False,200,
1787684608.0676239,serverless,30.0,30.0,51.537,False,200,
1787684608.1009574,serverless,30.0,30.0,62.988,False,200,
1787684608.1342907,serverless,30.0,30.0,46.992,False,200,
1787684608.167624,serverless,30.0,30.0,50.208,False,200,
1787684608.2009573,serverless,30.0,30.0,43.065,False,200,
1787684608.2342906,serverless,30.0,30.0,50.657,False,200,
1787684608.267624,serverless,30.0,30.0,50.529,False,200,
1787684608.3009572,serverless,30.0,30.0,50.559,False,200,
1787684608.3342907,serverless,30.0,30.0,45.481,False,200,
1787684608.367624,serverless,30.0,30.0,47.77,False,200,
1787684608.4009573,serverless,30.0,30.0,35.938,False,200,
1787684608.4342906,serverless,30.0,30.0,68.033,False,200,
1787684608.467624,serverless,30.0,30.0,37.931,False,200,
1787684608.5009573,serverless,30.0,30.0,48.483,False,200,
1787684608.5342906,serverless,30.0,30.0,57.7,False,200,
1787684608.5676239,serverless,30.0,30.0,72.308,False,200,
1787684608.6009574,serverless,30.0,30.0,48.518,False,200,
1787684608.6342907,serverless,30.0,30.0,64.523,False,200,
1787684608.667624,serverless,30.0,30.0,56.988,False,200,
1787684608.7009573,serverless,30.0,30.0,59.501,False,200,
1787684608.7342906,serverless,30.0,30.0,64.133,False,200,
1787684608.767624,serverless,30.0,30.0,52.681,False,200,
1787684608.8009572,serverless,30.0,30.0,61.134,False,200,
1787684608.8342907,serverless,30.0,30.0,1171.125,True,200,
1787684608.867624,serverless,30.0,30.0,63.544,False,200,
1787684608.9009573,serverless,30.0,30.0,43.708,False,200,
1787684608.9342906,serverless,30.0,30.0,59.611,False,200,
1787684608.967624,serverless,30.0,30.0,55.935,False,200,
1787684609.0009573,serverless,30.0,30.0,59.018,False,200,
1787684609.0342906,serverless,30.0,30.0,65.274,False,200,
1787684609.0676239,serverless,30.0,30.0,39.035,False,200,
1787684609.1009574,serverless,30.0,30.0,49.044,False,200,
1787684609.1342907,serverless,30.0,30.0,51.204,False,200,
1787684609.167624,serverless,30.0,30.0,41.472,False,200,
1787684609.2009573,serverless,30.0,30.0,47.999,False,200,
1787684609.2342906,serverless,30.0,30.0,44.143,False,200,
1787684609.267624,serverless,30.0,30.0,42.647,False,200,
1787684609.3009572,serverless,30.0,30.0,43.328,False,200,
1787684609.3342907,serverless,30.0,30.0,58.768,False,200,
1787684609.367624,serverless,30.0,30.0,44.224,False,200,
1787684609.4009573,serverless,30.0,30.0,52.257,False,200,
1787684609.4342906,serverless,30.0,30.0,58.342,False,200,
1787684609.467624,serverless,30.0,30.0,65.484,False,200,
1787684609.5009573,serverless,30.0,30.0,52.305,False,200,
1787684609.5342906,serverless,30.0,30.0,36.28,False,200,
1787684609.5676239,serverless,30.0,30.0,37.723,False,200,
1787684609.6009574,serverless,30.0,30.0,51.291,False,200,
1787684609.6342907,serverless,30.0,30.0,38.163,False,200,
1787684609.667624,serverless,30.0,30.0,50.495,False,200,
1787684609.7009573,serverless,30.0,30.0,49.283,False,200,
1787684609.7342906,serverless,30.0,30.0,56.16,False,200,
1787684609.767624,serverless,30.0,30.0,56.784,False,200,
1787684609.8009572,serverless,30.0,30.0,69.845,False,200,
1787684609.8342907,serverless,30.0,30.0,46.758,False,200,
1787684609.867624,serverless,30.0,30.0,42.065,False,200,
1787684609.9009573,serverless,30.0,30.0,47.36,False,200,
1787684609.9342906,serverless,30.0,30.0,45.208,False,200,
1787684609.967624,serverless,30.0,30.0,52.132,False,200,
1787684610.0009573,serverless,30.0,30.0,56.234,False,200,
1787684610.0342906,serverless,30.0,30.0,62.684,False,200,
1787684610.0676239,serverless,30.0,30.0,37.051,False,200,
1787684610.1009574,serverless,30.0,30.0,45.582,False,200,
1787684610.1342907,serverless,30.0,30.0,61.121,False,200,
1787684610.167624,serverless,30.0,30.0,48.811,False,200,
1787684610.2009573,serverless,30.0,30.0,39.586,False,200,
1787684610.2342906,serverless,30.0,30.0,36.465,False,200,
1787684610.267624,serverless,30.0,30.0,43.753,False,200,
1787684610.3009572,serverless,30.0,30.0,46.994,False,200,
1787684610.3342907,serverless,30.0,30.0,73.651,False,200,
1787684610.367624,serverless,30.0,30.0,44.252,False,200,
1787684610.4009573,serverless,30.0,30.0,53.744,False,200,
1787684610.4342906,serverless,30.0,30.0,47.854,False,200,
1787684610.467624,serverless,30.0,30.0,50.317,False,200,
1787684610.5009573,serverless,30.0,30.0,49.966,False,200,
1787684610.5342906,serverless,30.0,30.0,70.393,False,200,
1787684610.5676239,serverless,30.0,30.0,61.093,False,200,
1787684610.6009574,serverless,30.0,30.0,47.958,False,200,
1787684610.6342907,serverless,30.0,30.0,47.649,False,200,
1787684610.667624,serverless,30.0,30.0,63.659,False,200,
1787684610.7009573,serverless,30.0,30.0,52.134,False,200,
1787684610.7342906,serverless,30.0,30.0,34.554,False,200,
1787684610.767624,serverless,30.0,30.0,45.468,False,200,
1787684610.8009572,serverless,30.0,30.0,48.432,False,200,
1787684610.8342907,serverless,30.0,30.0,47.829,False,200,
1787684610.867624,serverless,30.0,30.0,40.137,False,200,
1787684610.9009573,serverless,30.0,30.0,50.161,False,200,
1787684610.9342906,serverless,30.0,30.0,43.184,False,200,
1787684610.967624,serverless,30.0,30.0,45.654,False,200,
1787684611.0009573,serverless,30.0,30.0,54.244,False,200,
1787684611.0342906,serverless,30.0,30.0,41.888,False,200,
1787684611.0676239,serverless,30.0,30.0,52.021,False,200,
1787684611.1009574,serverless,30.0,30.0,56.971,False,200,
1787684611.1342907,serverless,30.0,30.0,67.371,False,200,
1787684611.167624,serverless,30.0,30.0,42.375,False,200,
1787684611.2009573,serverless,30.0,30.0,44.67,False,200,
1787684611.2342906,serverless,30.0,30.0,43.396,False,200,
1787684611.267624,serverless,30.0,30.0,40.68,False,200,
1787684611.3009572,serverless,30.0,30.0,40.096,False,200,
1787684611.3342907,serverless,30.0,30.0,55.683,False,200,
1787684611.367624,serverless,30.0,30.0,58.937,False,200,
1787684611.4009573,serverless,30.0,30.0,32.333,False,200,
1787684611.4342906,serverless,30.0,30.0,68.724,False,200,
1787684611.467624,serverless,30.0,30.0,43.925,False,200,
1787684611.5009573,serverless,30.0,30.0,47.43,False,200,
1787684611.5342906,serverless,30.0,30.0,37.093,False,200,
1787684611.5676239,serverless,30.0,30.0,52.183,False,200,
1787684611.6009574,serverless,30.0,30.0,68.341,False,200,
1787684611.6342907,serverless,30.0,30.0,37.619,False,200,
1787684611.667624,serverless,30.0,30.0,76.169,False,200,
1787684611.7009573,serverless,30.0,30.0,33.678,False,200,
1787684611.7342906,serverless,30.0,30.0,46.27,False,200,
1787684611.767624,serverless,30.0,30.0,41.586,False,200,
1787684611.8009572,serverless,30.0,30.0,71.61,False,200,
1787684611.8342907,serverless,30.0,30.0,34.694,False,200,
1787684611.867624,serverless,30.0,30.0,60.671,False,200,
1787684611.9009573,serverless,30.0,30.0,58.101,False,200,
1787684611.9342906,serverless,30.0,30.0,46.419,False,200,
1787684611.967624,serverless,30.0,30.0,45.261,False,200,
1787684612.0009573,serverless,30.0,30.0,35.118,False,200,
1787684612.0342906,serverless,30.0,30.0,44.951,False,200,
1787684612.0676239,serverless,30.0,30.0,45.635,False,200,
1787684612.1009574,serverless,30.0,30.0,37.608,False,200,
1787684612.1342907,serverless,30.0,30.0,64.765,False,200,
1787684612.167624,serverless,30.0,30.0,54.131,False,200,
1787684612.2009573,serverless,30.0,30.0,44.844,False,200,
1787684612.2342906,serverless,30.0,30.0,51.496,False,200,
1787684612.267624,serverless,30.0,30.0,50.007,False,200,
1787684612.3009572,serverless,30.0,30.0,62.959,False,200,
1787684612.3342907,serverless,30.0,30.0,55.078,False,200,
1787684612.367624,serverless,30.0,30.0,47.184,False,200,
1787684612.4009573,serverless,30.0,30.0,67.496,False,200,
1787684612.4342906,serverless,30.0,30.0,46.861,False,200,
1787684612.467624,serverless,30.0,30.0,46.127,False,200,
1787684612.5009573,serverless,30.0,30.0,73.365,False,200,
1787684612.5342906,serverless,30.0,30.0,53.765,False,200,
1787684612.5676239,serverless,30.0,30.0,58.216,False,200,
1787684612.6009574,serverless,30.0,30.0,44.28,False,200,
1787684612.6342907,serverless,30.0,30.0,31.623,False,200,
1787684612.667624,serverless,30.0,30.0,37.403,False,200,
1787684612.7009573,serverless,30.0,30.0,34.201,False,200,
1787684612.7342906,serverless,30.0,30.0,29.797,False,200,
1787684612.767624,serverless,30.0,30.0,42.042,False,200,
1787684612.8009572,serverless,30.0,30.0,42.284,False,200,
1787684612.8342907,serverless,30.0,30.0,63.648,False,200,
1787684612.867624,serverless,30.0,30.0,52.804,False,200,
1787684612.9009573,serverless,30.0,30.0,54.639,False,200,
1787684612.9342906,serverless,30.0,30.0,35.924,False,200,
1787684612.967624,serverless,30.0,30.0,31.633,False,200,
1787684613.0009573,serverless,30.0,30.0,47.183,False,200,
1787684613.0342906,serverless,30.0,30.0,49.887,False,200,
1787684613.0676239,serverless,30.0,30.0,57.894,False,200,
1787684613.1009574,serverless,30.0,30.0,45.448,False,200,
1787684613.1342907,serverless,30.0,30.0,41.012,False,200,
1787684613.167624,serverless,30.0,30.0,36.482,False,200,
1787684613.2009573,serverless,30.0,30.0,73.266,False,200,
1787684613.2342906,serverless,30.0,30.0,59.125,False,200,
1787684613.267624,serverless,30.0,30.0,63.179,False,200,
1787684613.3009572,serverless,30.0,30.0,37.586,False,200,
1787684613.3342907,serverless,30.0,30.0,41.331,False,200,
1787684613.367624,serverless,30.0,30.0,62.777,False,200,
1787684613.4009573,serverless,30.0,30.0,54.874,False,200,
1787684613.4342906,serverless,30.0,30.0,48.344,False,200,
1787684613.467624,serverless,30.0,30.0,64.054,False,200,
1787684613.5009573,serverless,30.0,30.0,28.684,False,200,
1787684613.5342906,serverless,30.0,30.0,51.786,False,200,
1787684613.5676239,serverless,30.0,30.0,37.648,False,200,
1787684613.6009574,serverless,30.0,30.0,46.995,False,200,
1787684613.6342907,serverless,30.0,30.0,59.406,False,200,
1787684613.667624,serverless,30.0,30.0,49.007,False,200,
1787684613.7009573,serverless,30.0,30.0,43.326,False,200,
1787684613.7342906,serverless,30.0,30.0,52.084,False,200,
1787684613.767624,serverless,30.0,30.0,58.486,False,200,
1787684613.8009572,serverless,30.0,30.0,51.143,False,200,
1787684613.8342907,serverless,30.0,30.0,44.371,False,200,
1787684613.867624,serverless,30.0,30.0,52.698,False,200,
1787684613.9009573,serverless,30.0,30.0,60.362,False,200,
1787684613.9342906,serverless,30.0,30.0,52.788,False,200,
1787684613.967624,serverless,30.0,30.0,59.903,False,200,
1787684614.0009573,serverless,30.0,30.0,47.023,False,200,
1787684614.0342906,serverless,30.0,30.0,67.314,False,200,
1787684614.0676239,serverless,30.0,30.0,51.179,False,200,
1787684614.1009574,serverless,30.0,30.0,44.449,False,200,
1787684614.1342907,serverless,30.0,30.0,70.797,False,200,
1787684614.167624,serverless,30.0,30.0,50.352,False,200,
1787684614.2009573,serverless,30.0,30.0,54.149,False,200,
1787684614.2342906,serverless,30.0,30.0,65.063,False,200,
1787684614.267624,serverless,30.0,30.0,47.882,False,200,
1787684614.3009572,serverless,30.0,30.0,49.35,False,200,
1787684614.3342907,serverless,30.0,30.0,46.83,False,200,
1787684614.367624,serverless,30.0,30.0,45.635,False,200,
1787684614.4009573,serverless,30.0,30.0,56.622,False,200,
1787684614.4342906,serverless,30.0,30.0,34.159,False,200,
1787684614.467624,serverless,30.0,30.0,46.871,False,200,
1787684614.5009573,serverless,30.0,30.0,47.642,False,200,
1787684614.5342906,serverless,30.0,30.0,61.057,False,200,
1787684614.5676239,serverless,30.0,30.0,52.058,False,200,
1787684614.6009574,serverless,30.0,30.0,56.929,False,200,
1787684614.6342907,serverless,30.0,30.0,54.5,False,200,
1787684614.667624,serverless,30.0,30.0,50.804,False,200,
1787684614.7009573,serverless,30.0,30.0,76.843,False,200,
1787684614.7342906,serverless,30.0,30.0,42.425,False,200,
1787684614.767624,serverless,30.0,30.0,53.709,False,200,
1787684614.8009572,serverless,30.0,30.0,54.32,False,200,
1787684614.8342907,serverless,30.0,30.0,47.07,False,200,
1787684614.867624,serverless,30.0,30.0,71.215,False,200,
1787684614.9009573,serverless,30.0,30.0,59.803,False,200,
1787684614.9342906,serverless,30.0,30.0,53.151,False,200,
1787684614.967624,serverless,30.0,30.0,47.312,False,200,
1787684615.0009573,serverless,30.0,30.0,33.721,False,200,
1787684615.0342906,serverless,30.0,30.0,51.587,False,200,
1787684615.0676239,serverless,30.0,30.0,66.028,False,200,
1787684615.1009574,serverless,30.0,30.0,65.716,False,200,
1787684615.1342907,serverless,30.0,30.0,58.811,False,200,
1787684615.167624,serverless,30.0,30.0,60.134,False,200,
1787684615.2009573,serverless,30.0,30.0,44.035,False,200,
1787684615.2342906,serverless,30.0,30.0,39.743,False,200,
1787684615.267624,serverless,30.0,30.0,41.419,False,200,
1787684615.3009572,serverless,30.0,30.0,44.416,False,200,
1787684615.3342907,serverless,30.0,30.0,75.046,False,200,
1787684615.367624,serverless,30.0,30.0,75.027,False,200,
1787684615.4009573,serverless,30.0,30.0,42.353,False,200,
1787684615.4342906,serverless,30.0,30.0,67.381,False,200,
1787684615.467624,serverless,30.0,30.0,38.574,False,200,
1787684615.5009573,serverless,30.0,30.0,54.833,False,200,
1787684615.5342906,serverless,30.0,30.0,54.22,False,200,
1787684615.5676239,serverless,30.0,30.0,64.668,False,200,
1787684615.6009574,serverless,30.0,30.0,35.43,False,200,
1787684615.6342907,serverless,30.0,30.0,39.901,False,200,
1787684615.667624,serverless,30.0,30.0,41.074,False,200,
1787684615.7009573,serverless,30.0,30.0,58.269,False,200,
1787684615.7342906,serverless,30.0,30.0,52.697,False,200,
1787684615.767624,serverless,30.0,30.0,42.418,False,200,
1787684615.8009572,serverless,30.0,30.0,60.951,False,200,
1787684615.8342907,serverless,30.0,30.0,50.23,False,200,
1787684615.867624,serverless,30.0,30.0,56.255,False,200,
1787684615.9009573,serverless,30.0,30.0,48.14,False,200,
1787684615.9342906,serverless,30.0,30.0,27.97,False,200,
1787684615.967624,serverless,30.0,30.0,50.941,False,200,
1787684616.0009573,serverless,30.0,30.0,65.593,False,200,
1787684616.0342906,serverless,30.0,30.0,44.8,False,200,
1787684616.0676239,serverless,30.0,30.0,73.988,False,200,
1787684616.1009574,serverless,30.0,30.0,46.413,False,200,
1787684616.1342907,serverless,30.0,30.0,48.324,False,200,
1787684616.167624,serverless,30.0,30.0,64.047,False,200,
1787684616.2009573,serverless,30.0,30.0,39.473,False,200,
1787684616.2342906,serverless,30.0,30.0,45.049,False,200,
1787684616.267624,serverless,30.0,30.0,50.642,False,200,
1787684616.3009572,serverless,30.0,30.0,48.095,False,200,
1787684616.3342907,serverless,30.0,30.0,48.175,False,200,
1787684616.367624,serverless,30.0,30.0,52.409,False,200,
1787684616.4009573,serverless,30.0,30.0,52.398,False,200,
1787684616.4342906,serverless,30.0,30.0,41.413,False,200,
1787684616.467624,serverless,30.0,30.0,55.504,False,200,
1787684616.5009573,serverless,30.0,30.0,42.501,False,200,
1787684616.5342906,serverless,30.0,30.0,42.309,False,200,
1787684616.5676239,serverless,30.0,30.0,41.497,False,200,
1787684616.6009574,serverless,30.0,30.0,48.351,False,200,
1787684616.6342907,serverless,30.0,30.0,51.178,False,200,
1787684616.667624,serverless,30.0,30.0,75.173,False,200,
1787684616.7009573,serverless,30.0,30.0,65.835,False,200,
1787684616.7342906,serverless,30.0,30.0,43.108,False,200,
1787684616.767624,serverless,30.0,30.0,60.2,False,200,
1787684616.8009572,serverless,30.0,30.0,54.581,False,200,
1787684616.8342907,serverless,30.0,30.0,43.762,False,200,
1787684616.867624,serverless,30.0,30.0,52.968,False,200,
1787684616.9009573,serverless,30.0,30.0,47.884,False,200,
1787684616.9342906,serverless,30.0,30.0,70.182,False,200,
1787684616.967624,serverless,30.0,30.0,60.887,False,200,
1787684617.0009573,serverless,30.0,30.0,54.341,False,200,
1787684617.0342906,serverless,30.0,30.0,72.37,False,200,
1787684617.0676239,serverless,30.0,30.0,41.202,False,200,
1787684617.1009574,serverless,30.0,30.0,52.347,False,200,
1787684617.1342907,serverless,30.0,30.0,47.7,False,200,
1787684617.167624,serverless,30.0,30.0,52.019,False,200,
1787684617.2009573,serverless,30.0,30.0,60.02,False,200,
1787684617.2342906,serverless,30.0,30.0,43.028,False,200,
1787684617.267624,serverless,30.0,30.0,46.101,False,200,
1787684617.3009572,serverless,30.0,30.0,49.819,False,200,
1787684617.3342907,serverless,30.0,30.0,44.579,False,200,
1787684617.367624,serverless,30.0,30.0,64.584,False,200,
1787684617.4009573,serverless,30.0,30.0,54.675,False,200,
1787684617.4342906,serverless,30.0,30.0,52.433,False,200,
1787684617.467624,serverless,30.0,30.0,60.318,False,200,
1787684617.5009573,serverless,30.0,30.0,35.972,False,200,
1787684617.5342906,serverless,30.0,30.0,80.246,False,200,
1787684617.5676239,serverless,30.0,30.0,53.947,False,200,
1787684617.6009574,serverless,30.0,30.0,48.697,False,200,
1787684617.6342907,serverless,30.0,30.0,51.036,False,200,
1787684617.667624,serverless,30.0,30.0,79.238,False,200,
1787684617.7009573,serverless,30.0,30.0,77.686,False,200,
1787684617.7342906,serverless,30.0,30.0,36.228,False,200,
1787684617.767624,serverless,30.0,30.0,55.819,False,200,
1787684617.8009572,serverless,30.0,30.0,59.729,False,200,
1787684617.8342907,serverless,30.0,30.0,55.063,False,200,
1787684617.867624,serverless,30.0,30.0,49.383,False,200,
1787684617.9009573,serverless,30.0,30.0,50.281,False,200,
1787684617.9342906,serverless,30.0,30.0,59.119,False,200,
1787684617.967624,serverless,30.0,30.0,54.192,False,200,
1787684618.0009573,serverless,30.0,30.0,38.585,False,200,
1787684618.0342906,serverless,30.0,30.0,63.977,False,200,
1787684618.0676239,serverless,30.0,30.0,746.328,True,200,
1787684618.1009574,serverless,30.0,30.0,50.224,False,200,
1787684618.1342907,serverless,30.0,30.0,54.325,False,200,
1787684618.167624,serverless,30.0,30.0,46.16,False,200,
1787684618.2009573,serverless,30.0,30.0,51.175,False,200,
1787684618.2342906,serverless,30.0,30.0,87.21,False,200,
1787684618.267624,serverless,30.0,30.0,47.793,False,200,
1787684618.3009572,serverless,30.0,30.0,64.123,False,200,
1787684618.3342907,serverless,30.0,30.0,45.973,False,200,
1787684618.367624,serverless,30.0,30.0,53.194,False,200,
1787684618.4009573,serverless,30.0,30.0,43.525,False,200,
1787684618.4342906,serverless,30.0,30.0,45.634,False,200,
1787684618.467624,serverless,30.0,30.0,47.307,False,200,
1787684618.5009573,serverless,30.0,30.0,60.4,False,200,
1787684618.5342906,serverless,30.0,30.0,45.958,False,200,
1787684618.5676239,serverless,30.0,30.0,46.952,False,200,
1787684618.6009574,serverless,30.0,30.0,49.896,False,200,
1787684618.6342907,serverless,30.0,30.0,57.102,False,200,
1787684618.667624,serverless,30.0,30.0,45.636,False,200,
1787684618.7009573,serverless,30.0,30.0,49.474,False,200,
1787684618.7342906,serverless,30.0,30.0,55.816,False,200,
1787684618.767624,serverless,30.0,30.0,41.34,False,200,
1787684618.8009572,serverless,30.0,30.0,43.033,False,200,
1787684618.8342907,serverless,30.0,30.0,89.029,False,200,
1787684618.867624,serverless,30.0,30.0,52.914,False,200,
1787684618.9009573,serverless,30.0,30.0,86.341,False,200,
1787684618.9342906,serverless,30.0,30.0,52.999,False,200,
1787684618.967624,serverless,30.0,30.0,50.534,False,200,
1787684619.0009573,serverless,30.0,30.0,35.851,False,200,
1787684619.0342906,serverless,30.0,30.0,37.127,False,200,
1787684619.0676239,serverless,30.0,30.0,38.686,False,200,
1787684619.1009574,serverless,30.0,30.0,47.773,False,200,
1787684619.1342907,serverless,30.0,30.0,69.297,False,200,
1787684619.167624,serverless,30.0,30.0,41.471,False,200,
1787684619.2009573,serverless,30.0,30.0,60.238,False,200,
1787684619.2342906,serverless,30.0,30.0,46.76,False,200,
1787684619.267624,serverless,30.0,30.0,45.265,False,200,
1787684619.3009572,serverless,30.0,30.0,62.074,False,200,
1787684619.3342907,serverless,30.0,30.0,41.754,False,200,
1787684619.367624,serverless,30.0,30.0,51.135,False,200,
1787684619.4009573,serverless,30.0,30.0,50.07,False,200,
1787684619.4342906,serverless,30.0,30.0,50.362,False,200,
1787684619.467624,serverless,30.0,30.0,61.583,False,200,
1787684619.5009573,serverless,30.0,30.0,45.989,False,200,
1787684619.5342906,serverless,30.0,30.0,47.328,False,200,
1787684619.5676239,serverless,30.0,30.0,58.907,False,200,
1787684619.6009574,serverless,30.0,30.0,47.946,False,200,
1787684619.6342907,serverless,30.0,30.0,44.779,False,200,
1787684619.667624,serverless,30.0,30.0,32.691,False,200,
1787684619.7009573,serverless,30.0,30.0,48.463,False,200,
1787684619.7342906,serverless,30.0,30.0,31.721,False,200,
1787684619.767624,serverless,30.0,30.0,38.214,False,200,
1787684619.8009572,serverless,30.0,30.0,48.224,False,200,
1787684619.8342907,serverless,30.0,30.0,57.824,False,200,
1787684619.867624,serverless,30.0,30.0,38.64,False,200,
1787684619.9009573,serverless,30.0,30.0,53.643,False,200,
1787684619.9342906,serverless,30.0,30.0,44.729,False,200,
1787684619.967624,serverless,30.0,30.0,42.185,False,200,
1787684620.0009573,serverless,30.0,30.0,44.1,False,200,
1787684620.0342906,serverless,30.0,30.0,42.939,False,200,
1787684620.0676239,serverless,30.0,30.0,38.771,False,200,
1787684620.1009574,serverless,30.0,30.0,50.985,False,200,
1787684620.1342907,serverless,30.0,30.0,46.203,False,200,
1787684620.167624,serverless,30.0,30.0,65.094,False,200,
1787684620.2009573,serverless,30.0,30.0,52.289,False,200,
1787684620.2342906,serverless,30.0,30.0,40.83,False,200,
1787684620.267624,serverless,30.0,30.0,68.782,False,200,
1787684620.3009572,serverless,30.0,30.0,65.667,False,200,
1787684620.3342907,serverless,30.0,30.0,48.027,False,200,
1787684620.367624,serverless,30.0,30.0,59.268,False,200,
1787684620.4009573,serverless,30.0,30.0,44.75,False,200,
1787684620.4342906,serverless,30.0,30.0,52.108,False,200,
1787684620.467624,serverless,30.0,30.0,46.459,False,200,
1787684620.5009573,serverless,30.0,30.0,47.451,False,200,
1787684620.5342906,serverless,30.0,30.0,33.991,False,200,
1787684620.5676239,serverless,30.0,30.0,54.016,False,200,
1787684620.6009574,serverless,30.0,30.0,54.443,False,200,
1787684620.6342907,serverless,30.0,30.0,34.018,False,200,
1787684620.667624,serverless,30.0,30.0,48.126,False,200,
1787684620.7009573,serverless,30.0,30.0,58.585,False,200,
1787684620.7342906,serverless,30.0,30.0,56.654,False,200,
1787684620.767624,serverless,30.0,30.0,52.628,False,200,
1787684620.8009572,serverless,30.0,30.0,67.472,False,200,
1787684620.8342907,serverless,30.0,30.0,51.671,False,200,
1787684620.867624,serverless,30.0,30.0,54.905,False,200,
1787684620.9009573,serverless,30.0,30.0,78.729,False,200,
1787684620.9342906,serverless,30.0,30.0,58.959,False,200,
1787684620.967624,serverless,30.0,30.0,66.05,False,200,
1787684621.0009573,serverless,30.0,30.0,36.299,False,200,
1787684621.0342906,serverless,30.0,30.0,40.796,False,200,
1787684621.0676239,serverless,30.0,30.0,43.757,False,200,
1787684621.1009574,serverless,30.0,30.0,50.436,False,200,
1787684621.1342907,serverless,30.0,30.0,42.711,False,200,
1787684621.167624,serverless,30.0,30.0,50.215,False,200,
1787684621.2009573,serverless,30.0,30.0,48.466,False,200,
1787684621.2342906,serverless,30.0,30.0,47.094,False,200,
1787684621.267624,serverless,30.0,30.0,41.619,False,200,
1787684621.3009572,serverless,30.0,30.0,53.593,False,200,
1787684621.3342907,serverless,30.0,30.0,2507.228,True,200,
1787684621.367624,serverless,30.0,30.0,61.229,False,200,
1787684621.4009573,serverless,30.0,30.0,44.104,False,200,
1787684621.4342906,serverless,30.0,30.0,29.149,False,200,
1787684621.467624,serverless,30.0,30.0,42.622,False,200,
1787684621.5009573,serverless,30.0,30.0,39.085,False,200,
1787684621.5342906,serverless,30.0,30.0,84.149,False,200,
1787684621.5676239,serverless,30.0,30.0,60.44,False,200,
1787684621.6009574,serverless,30.0,30.0,44.283,False,200,
1787684621.6342907,serverless,30.0,30.0,68.659,False,200,
1787684621.667624,serverless,30.0,30.0,53.311,False,200,
1787684621.7009573,serverless,30.0,30.0,45.654,False,200,
1787684621.7342906,serverless,30.0,30.0,56.835,False,200,
1787684621.767624,serverless,30.0,30.0,43.651,False,200,
1787684621.8009572,serverless,30.0,30.0,45.288,False,200,
1787684621.8342907,serverless,30.0,30.0,54.864,False,200,
1787684621.867624,serverless,30.0,30.0,52.019,False,200,
1787684621.9009573,serverless,30.0,30.0,38.254,False,200,
1787684621.9342906,serverless,30.0,30.0,49.976,False,200,
1787684621.967624,serverless,30.0,30.0,34.164,False,200,
1787684622.0009573,serverless,30.0,30.0,49.986,False,200,
1787684622.0342906,serverless,30.0,30.0,59.589,False,200,
1787684622.0676239,serverless,30.0,30.0,46.552,False,200,
1787684622.1009574,serverless,30.0,30.0,55.521,False,200,
1787684622.1342907,serverless,30.0,30.0,51.924,False,200,
1787684622.167624,serverless,30.0,30.0,32.428,False,200,
1787684622.2009573,serverless,30.0,30.0,49.666,False,200,
1787684622.2342906,serverless,30.0,30.0,46.345,False,200,
1787684622.267624,serverless,30.0,30.0,67.362,False,200,
1787684622.3009572,serverless,30.0,30.0,49.745,False,200,
1787684622.3342907,serverless,30.0,30.0,54.2,False,200,
1787684622.367624,serverless,30.0,30.0,58.454,False,200,
1787684622.4009573,serverless,30.0,30.0,46.496,False,200,
1787684622.4342906,serverless,30.0,30.0,55.67,False,200,
1787684622.467624,serverless,30.0,30.0,54.931,False,200,
1787684622.5009573,serverless,30.0,30.0,59.997,False,200,
1787684622.5342906,serverless,30.0,30.0,53.701,False,200,
1787684622.5676239,serverless,30.0,30.0,929.237,True,200,
1787684622.6009574,serverless,30.0,30.0,51.935,False,200,
1787684622.6342907,serverless,30.0,30.0,59.844,False,200,
1787684622.667624,serverless,30.0,30.0,53.793,False,200,
1787684622.7009573,serverless,30.0,30.0,37.354,False,200,
1787684622.7342906,serverless,30.0,30.0,60.987,False,200,
1787684622.767624,serverless,30.0,30.0,62.845,False,200,
1787684622.8009572,serverless,30.0,30.0,52.62,False,200,
1787684622.8342907,serverless,30.0,30.0,82.785,False,200,
1787684622.867624,serverless,30.0,30.0,72.89,False,200,
1787684622.9009573,serverless,30.0,30.0,58.288,False,200,
1787684622.9342906,serverless,30.0,30.0,51.783,False,200,
1787684622.967624,serverless,30.0,30.0,44.831,False,200,
1787684623.0009573,serverless,30.0,30.0,49.349,False,200,
1787684623.0342906,serverless,30.0,30.0,40.113,False,200,
1787684623.0676239,serverless,30.0,30.0,50.093,False,200,
1787684623.1009574,serverless,30.0,30.0,65.725,False,200,
1787684623.1342907,serverless,30.0,30.0,65.416,False,200,
1787684623.167624,serverless,30.0,30.0,62.187,False,200,
1787684623.2009573,serverless,30.0,30.0,54.611,False,200,
1787684623.2342906,serverless,30.0,30.0,62.569,False,200,
1787684623.267624,serverless,30.0,30.0,46.697,False,200,
1787684623.3009572,serverless,30.0,30.0,35.246,False,200,
1787684623.3342907,serverless,30.0,30.0,59.515,False,200,
1787684623.367624,serverless,30.0,30.0,44.999,False,200,
1787684623.4009573,serverless,30.0,30.0,61.273,False,200,
1787684623.4342906,serverless,30.0,30.0,52.291,False,200,
1787684623.467624,serverless,30.0,30.0,55.155,False,200,
1787684623.5009573,serverless,30.0,30.0,68.239,False,200,
1787684623.5342906,serverless,30.0,30.0,46.478,False,200,
1787684623.5676239,serverless,30.0,30.0,57.529,False,200,
1787684623.6009574,serverless,30.0,30.0,37.079,False,200,
1787684623.6342907,serverless,30.0,30.0,54.935,False,200,
1787684623.667624,serverless,30.0,30.0,48.401,False,200,
1787684623.7009573,serverless,30.0,30.0,49.222,False,200,
1787684623.7342906,serverless,30.0,30.0,53.649,False,200,
1787684623.767624,serverless,30.0,30.0,58.328,False,200,
1787684623.8009572,serverless,30.0,30.0,52.912,False,200,
1787684623.8342907,serverless,30.0,30.0,49.72,False,200,
1787684623.867624,serverless,30.0,30.0,71.821,False,200,
1787684623.9009573,serverless,30.0,30.0,56.636,False,200,
1787684623.9342906,serverless,30.0,30.0,45.974,False,200,
1787684623.967624,serverless,30.0,30.0,58.467,False,200,
1787684624.0009573,serverless,30.0,30.0,50.943,False,200,
1787684624.0342906,serverless,30.0,30.0,47.819,False,200,
1787684624.0676239,serverless,30.0,30.0,38.275,False,200,
1787684624.1009574,serverless,30.0,30.0,45.697,False,200,
1787684624.1342907,serverless,30.0,30.0,67.442,False,200,
1787684624.167624,serverless,30.0,30.0,52.363,False,200,
1787684624.2009573,serverless,30.0,30.0,44.457,False,200,
1787684624.2342906,serverless,30.0,30.0,47.951,False,200,
1787684624.267624,serverless,30.0,30.0,33.467,False,200,
1787684624.3009572,serverless,30.0,30.0,46.012,False,200,
1787684624.3342907,serverless,30.0,30.0,47.63,False,200,
1787684624.367624,serverless,30.0,30.0,47.014,False,200,
1787684624.4009573,serverless,30.0,30.0,47.588,False,200,
1787684624.4342906,serverless,30.0,30.0,41.52,False,200,
1787684624.467624,serverless,30.0,30.0,46.442,False,200,
1787684624.5009573,serverless,30.0,30.0,46.262,False,200,
1787684624.5342906,serverless,30.0,30.0,67.659,False,200,
1787684624.5676239,serverless,30.0,30.0,49.121,False,200,
1787684624.6009574,serverless,30.0,30.0,46.733,False,200,
1787684624.6342907,serverless,30.0,30.0,45.798,False,200,
1787684624.667624,serverless,30.0,30.0,49.517,False,200,
1787684624.7009573,serverless,30.0,30.0,74.924,False,200,
1787684624.7342906,serverless,30.0,30.0,33.138,False,200,
1787684624.767624,serverless,30.0,30.0,43.458,False,200,
1787684624.8009572,serverless,30.0,30.0,49.397,False,200,
1787684624.8342907,serverless,30.0,30.0,39.201,False,200,
1787684624.867624,serverless,30.0,30.0,49.144,False,200,
1787684624.9009573,serverless,30.0,30.0,52.378,False,200,
1787684624.9342906,serverless,30.0,30.0,72.11,False,200,
1787684624.967624,serverless,30.0,30.0,47.709,False,200,
1787684625.0009573,serverless,30.0,30.0,39.768,False,200,
1787684625.0342906,serverless,30.0,30.0,41.905,False,200,
1787684625.0676239,serverless,30.0,30.0,63.61,False,200,
1787684625.1009574,serverless,30.0,30.0,48.214,False,200,
1787684625.1342907,serverless,30.0,30.0,40.747,False,200,
1787684625.167624,serverless,30.0,30.0,81.529,False,200,
1787684625.2009573,serverless,30.0,30.0,43.677,False,200,
1787684625.2342906,serverless,30.0,30.0,44.53,False,200,
1787684625.267624,serverless,30.0,30.0,1487.817,True,200,
1787684625.3009572,serverless,30.0,30.0,52.658,False,200,
1787684625.3342907,serverless,30.0,30.0,41.22,False,200,
1787684625.367624,serverless,30.0,30.0,47.418,False,200,
1787684625.4009573,serverless,30.0,30.0,33.298,False,200,
1787684625.4342906,serverless,30.0,30.0,43.699,False,200,
1787684625.467624,serverless,30.0,30.0,63.775,False,200,
1787684625.5009573,serverless,30.0,30.0,44.179,False,200,
1787684625.5342906,serverless,30.0,30.0,41.526,False,200,
1787684625.5676239,serverless,30.0,30.0,47.553,False,200,
1787684625.6009574,serverless,30.0,30.0,58.561,False,200,
1787684625.6342907,serverless,30.0,30.0,35.055,False,200,
1787684625.667624,serverless,30.0,30.0,50.976,False,200,
1787684625.7009573,serverless,30.0,30.0,44.434,False,200,
1787684625.7342906,serverless,30.0,30.0,61.081,False,200,
1787684625.767624,serverless,30.0,30.0,38.862,False,200,
1787684625.8009572,serverless,30.0,30.0,45.482,False,200,
1787684625.8342907,serverless,30.0,30.0,47.21,False,200,
1787684625.867624,serverless,30.0,30.0,53.069,False,200,
1787684625.9009573,serverless,30.0,30.0,42.076,False,200,
1787684625.9342906,serverless,30.0,30.0,53.466,False,200,
1787684625.967624,serverless,30.0,30.0,60.35,False,200,
1787684626.0009573,serverless,30.0,30.0,60.214,False,200,
1787684626.0342906,serverless,30.0,30.0,45.782,False,200,
1787684626.0676239,serverless,30.0,30.0,52.385,False,200,
1787684626.1009574,serverless,30.0,30.0,52.884,False,200,
1787684626.1342907,serverless,30.0,30.0,39.69,False,200,
1787684626.167624,serverless,30.0,30.0,44.901,False,200,
1787684626.2009573,serverless,30.0,30.0,60.684,False,200,
1787684626.2342906,serverless,30.0,30.0,62.027,False,200,
1787684626.267624,serverless,30.0,30.0,52.203,False,200,
1787684626.3009572,serverless,30.0,30.0,47.445,False,200,
1787684626.3342907,serverless,30.0,30.0,63.86,False,200,
1787684626.367624,serverless,30.0,30.0,44.261,False,200,
1787684626.4009573,serverless,30.0,30.0,59.809,False,200,
1787684626.4342906,serverless,30.0,30.0,52.666,False,200,
1787684626.467624,serverless,30.0,30.0,61.962,False,200,
1787684626.5009573,serverless,30.0,30.0,52.302,False,200,
1787684626.5342906,serverless,30.0,30.0,41.347,False,200,
1787684626.5676239,serverless,30.0,30.0,57.627,False,200,
1787684626.6009574,serverless,30.0,30.0,41.599,False,200,
1787684626.6342907,serverless,30.0,30.0,51.253,False,200,
1787684626.667624,serverless,30.0,30.0,46.846,False,200,
1787684626.7009573,serverless,30.0,30.0,63.636,False,200,
1787684626.7342906,serverless,30.0,30.0,46.938,False,200,
1787684626.767624,serverless,30.0,30.0,67.068,False,200,
1787684626.8009572,serverless,30.0,30.0,66.764,False,200,
1787684626.8342907,serverless,30.0,30.0,61.163,False,200,
1787684626.867624,serverless,30.0,30.0,57.209,False,200,
1787684626.9009573,serverless,30.0,30.0,64.909,False,200,
1787684626.9342906,serverless,30.0,30.0,49.142,False,200,
1787684626.967624,serverless,30.0,30.0,54.117,False,200,
1787684627.0009573,serverless,30.0,30.0,40.087,False,200,
1787684627.0342906,serverless,30.0,30.0,46.371,False,200,
1787684627.0676239,serverless,30.0,30.0,55.106,False,200,
1787684627.1009574,serverless,30.0,30.0,71.152,False,200,
1787684627.1342907,serverless,30.0,30.0,63.22,False,200,
1787684627.167624,serverless,30.0,30.0,39.313,False,200,
1787684627.2009573,serverless,30.0,30.0,34.513,False,200,
1787684627.2342906,serverless,30.0,30.0,51.908,False,200,
1787684627.267624,serverless,30.0,30.0,54.714,False,200,
1787684627.3009572,serverless,30.0,30.0,52.36,False,200,
1787684627.3342907,serverless,30.0,30.0,51.201,False,200,
1787684627.367624,serverless,30.0,30.0,32.958,False,200,
1787684627.4009573,serverless,30.0,30.0,60.093,False,200,
1787684627.4342906,serverless,30.0,30.0,47.122,False,200,
1787684627.467624,serverless,30.0,30.0,56.08,False,200,
1787684627.5009573,serverless,30.0,30.0,51.148,False,200,
1787684627.5342906,serverless,30.0,30.0,50.118,False,200,
1787684627.5676239,serverless,30.0,30.0,44.731,False,200,
1787684627.6009574,serverless,30.0,30.0,66.606,False,200,
1787684627.6342907,serverless,30.0,30.0,45.722,False,200,
1787684627.667624,serverless,30.0,30.0,51.695,False,200,
1787684627.7009573,serverless,30.0,30.0,47.496,False,200,
1787684627.7342906,serverless,30.0,30.0,60.05,False,200,
1787684627.767624,serverless,30.0,30.0,71.395,False,200,
1787684627.8009572,serverless,30.0,30.0,47.895,False,200,
1787684627.8342907,serverless,30.0,30.0,64.445,False,200,
1787684627.867624,serverless,30.0,30.0,38.838,False,200,
1787684627.9009573,serverless,30.0,30.0,48.568,False,200,
1787684627.9342906,serverless,30.0,30.0,47.885,False,200,
1787684627.967624,serverless,30.0,30.0,57.352,False,200,
1787684628.0009573,serverless,30.0,30.0,42.967,False,200,
1787684628.0342906,serverless,30.0,30.0,36.822,False,200,
1787684628.0676239,serverless,30.0,30.0,54.488,False,200,
1787684628.1009574,serverless,30.0,30.0,44.443,False,200,
1787684628.1342907,serverless,30.0,30.0,41.366,False,200,
1787684628.167624,serverless,30.0,30.0,64.885,False,200,
1787684628.2009573,serverless,30.0,30.0,48.953,False,200,
1787684628.2342906,serverless,30.0,30.0,43.4,False,200,
1787684628.267624,serverless,30.0,30.0,54.919,False,200,
1787684628.3009572,serverless,30.0,30.0,52.529,False,200,
1787684628.3342907,serverless,30.0,30.0,37.064,False,200,
1787684628.367624,serverless,30.0,30.0,75.082,False,200,
1787684628.4009573,serverless,30.0,30.0,47.557,False,200,
1787684628.4342906,serverless,30.0,30.0,39.743,False,200,
1787684628.467624,serverless,30.0,30.0,64.184,False,200,
1787684628.5009573,serverless,30.0,30.0,58.395,False,200,
1787684628.5342906,serverless,30.0,30.0,52.109,False,200,
1787684628.5676239,serverless,30.0,30.0,37.45,False,200,
1787684628.6009574,serverless,30.0,30.0,53.433,False,200,
1787684628.6342907,serverless,30.0,30.0,51.256,False,200,
1787684628.667624,serverless,30.0,30.0,49.662,False,200,
1787684628.7009573,serverless,30.0,30.0,61.811,False,200,
1787684628.7342906,serverless,30.0,30.0,41.691,False,200,
1787684628.767624,serverless,30.0,30.0,39.99,False,200,
1787684628.8009572,serverless,30.0,30.0,1304.364,True,200,
1787684628.8342907,serverless,30.0,30.0,49.166,False,200,
1787684628.867624,serverless,30.0,30.0,47.696,False,200,
1787684628.9009573,serverless,30.0,30.0,40.646,False,200,
1787684628.9342906,serverless,30.0,30.0,69.354,False,200,
1787684628.967624,serverless,30.0,30.0,58.184,False,200,
1787684629.0009573,serverless,30.0,30.0,44.006,False,200,
1787684629.0342906,serverless,30.0,30.0,45.758,False,200,
1787684629.0676239,serverless,30.0,30.0,47.022,False,200,
1787684629.1009574,serverless,30.0,30.0,50.529,False,200,
1787684629.1342907,serverless,30.0,30.0,45.294,False,200,
1787684629.167624,serverless,30.0,30.0,41.381,False,200,
1787684629.2009573,serverless,30.0,30.0,47.354,False,200,
1787684629.2342906,serverless,30.0,30.0,59.161,False,200,
1787684629.267624,serverless,30.0,30.0,44.223,False,200,
1787684629.3009572,serverless,30.0,30.0,57.303,False,200,
1787684629.3342907,serverless,30.0,30.0,51.921,False,200,
1787684629.367624,serverless,30.0,30.0,54.448,False,200,
1787684629.4009573,serverless,30.0,30.0,47.37,False,200,
1787684629.4342906,serverless,30.0,30.0,48.516,False,200,
1787684629.467624,serverless,30.0,30.0,45.56,False,200,
1787684629.5009573,serverless,30.0,30.0,44.766,False,200,
1787684629.5342906,serverless,30.0,30.0,58.79,False,200,
1787684629.5676239,serverless,30.0,30.0,57.126,False,200,
1787684629.6009574,serverless,30.0,30.0,45.309,False,200,
1787684629.6342907,serverless,30.0,30.0,37.655,False,200,
1787684629.667624,serverless,30.0,30.0,69.541,False,200,
1787684629.7009573,serverless,30.0,30.0,39.041,False,200,
1787684629.7342906,serverless,30.0,30.0,54.217,False,200,
1787684629.767624,serverless,30.0,30.0,1519.995,True,200,
1787684629.8009572,serverless,30.0,30.0,48.819,False,200,
1787684629.8342907,serverless,30.0,30.0,48.77,False,200,
1787684629.867624,serverless,30.0,30.0,45.999,False,200,
1787684629.9009573,serverless,30.0,30.0,59.229,False,200,
1787684629.9342906,serverless,30.0,30.0,35.193,False,200,
1787684629.967624,serverless,30.0,30.0,49.06,False,200,
1787684630.0009573,serverless,30.0,30.0,59.022,False,200,
1787684630.0342906,serverless,30.0,30.0,54.958,False,200,
1787684630.0676239,serverless,30.0,30.0,83.337,False,200,
1787684630.1009574,serverless,30.0,30.0,39.702,False,200,
1787684630.1342907,serverless,30.0,30.0,41.219,False,200,
1787684630.167624,serverless,30.0,30.0,53.336,False,200,
1787684630.2009573,serverless,30.0,30.0,45.852,False,200,
1787684630.2342906,serverless,30.0,30.0,49.431,False,200,
1787684630.267624,serverless,30.0,30.0,38.868,False,200,
1787684630.3009572,serverless,30.0,30.0,60.492,False,200,
1787684630.3342907,serverless,30.0,30.0,55.762,False,200,
1787684630.367624,serverless,30.0,30.0,72.263,False,200,
1787684630.4009573,serverless,30.0,30.0,54.237,False,200,
1787684630.4342906,serverless,30.0,30.0,90.969,False,200,
1787684630.467624,serverless,30.0,30.0,38.878,False,200,
1787684630.5009573,serverless,30.0,30.0,42.958,False,200,
1787684630.5342906,serverless,30.0,30.0,47.09,False,200,
1787684630.5676239,serverless,30.0,30.0,48.635,False,200,
1787684630.6009574,serverless,30.0,30.0,47.919,False,200,
1787684630.6342907,serverless,30.0,30.0,53.721,False,200,
1787684630.667624,serverless,30.0,30.0,51.503,False,200,
1787684630.7009573,serverless,30.0,30.0,41.433,False,200,
1787684630.7342906,serverless,30.0,30.0,45.328,False,200,
1787684630.767624,serverless,30.0,30.0,46.957,False,200,
1787684630.8009572,serverless,30.0,30.0,51.984,False,200,
1787684630.8342907,serverless,30.0,30.0,41.146,False,200,
1787684630.867624,serverless,30.0,30.0,54.011,False,200,
1787684630.9009573,serverless,30.0,30.0,49.761,False,200,
1787684630.9342906,serverless,30.0,30.0,43.807,False,200,
1787684630.967624,serverless,30.0,30.0,56.534,False,200,
1787684631.0009573,serverless,30.0,30.0,37.749,False,200,
1787684631.0342906,serverless,30.0,30.0,56.367,False,200,
1787684631.0676239,serverless,30.0,30.0,56.467,False,200,
1787684631.1009574,serverless,30.0,30.0,44.814,False,200,
1787684631.1342907,serverless,30.0,30.0,45.256,False,200,
1787684631.167624,serverless,30.0,30.0,70.069,False,200,
1787684631.2009573,serverless,30.0,30.0,53.494,False,200,
1787684631.2342906,serverless,30.0,30.0,50.783,False,200,
1787684631.267624,serverless,30.0,30.0,56.129,False,200,
1787684631.3009572,serverless,30.0,30.0,51.524,False,200,
1787684631.3342907,serverless,30.0,30.0,53.898,False,200,
1787684631.367624,serverless,30.0,30.0,61.558,False,200,
1787684631.4009573,serverless,30.0,30.0,37.545,False,200,
1787684631.4342906,serverless,30.0,30.0,41.189,False,200,
1787684631.467624,serverless,30.0,30.0,50.193,False,200,
1787684631.5009573,serverless,30.0,30.0,38.942,False,200,
1787684631.5342906,serverless,30.0,30.0,43.587,False,200,
1787684631.5676239,serverless,30.0,30.0,57.56,False,200,
1787684631.6009574,serverless,30.0,30.0,48.379,False,200,
1787684631.6342907,serverless,30.0,30.0,30.782,False,200,
1787684631.667624,serverless,30.0,30.0,47.462,False,200,
1787684631.7009573,serverless,30.0,30.0,63.739,False,200,
1787684631.7342906,serverless,30.0,30.0,33.084,False,200,
1787684631.767624,serverless,30.0,30.0,31.589,False,200,
1787684631.8009572,serverless,30.0,30.0,50.399,False,200,
1787684631.8342907,serverless,30.0,30.0,48.703,False,200,
1787684631.867624,serverless,30.0,30.0,50.445,False,200,
1787684631.9009573,serverless,30.0,30.0,40.484,False,200,
1787684631.9342906,serverless,30.0,30.0,38.309,False,200,
1787684631.967624,serverless,30.0,30.0,32.854,False,200,
1787684632.0009573,serverless,30.0,30.0,63.216,False,200,
1787684632.0342906,serverless,30.0,30.0,53.268,False,200,
1787684632.0676239,serverless,30.0,30.0,1056.701,True,200,
1787684632.1009574,serverless,30.0,30.0,37.007,False,200,
1787684632.1342907,serverless,30.0,30.0,50.93,False,200,
1787684632.167624,serverless,30.0,30.0,47.712,False,200,
1787684632.2009573,serverless,30.0,30.0,58.865,False,200,
1787684632.2342906,serverless,30.0,30.0,63.146,False,200,
1787684632.267624,serverless,30.0,30.0,69.934,False,200,
1787684632.3009572,serverless,30.0,30.0,56.057,False,200,
1787684632.3342907,serverless,30.0,30.0,39.196,False,200,
1787684632.367624,serverless,30.0,30.0,48.129,False,200,
1787684632.4009573,serverless,30.0,30.0,72.997,False,200,
1787684632.4342906,serverless,30.0,30.0,73.48,False,200,
1787684632.467624,serverless,30.0,30.0,46.355,False,200,
1787684632.5009573,serverless,30.0,30.0,54.221,False,200,
1787684632.5342906,serverless,30.0,30.0,46.704,False,200,
1787684632.5676239,serverless,30.0,30.0,59.151,False,200,
1787684632.6009574,serverless,30.0,30.0,61.583,False,200,
1787684632.6342907,serverless,30.0,30.0,43.536,False,200,
1787684632.667624,serverless,30.0,30.0,62.261,False,200,
1787684632.7009573,serverless,30.0,30.0,47.191,False,200,
1787684632.7342906,serverless,30.0,30.0,63.943,False,200,
1787684632.767624,serverless,30.0,30.0,38.714,False,200,
1787684632.8009572,serverless,30.0,30.0,56.761,False,200,
1787684632.8342907,serverless,30.0,30.0,57.136,False,200,
1787684632.867624,serverless,30.0,30.0,34.293,False,200,
1787684632.9009573,serverless,30.0,30.0,61.214,False,200,
1787684632.9342906,serverless,30.0,30.0,58.707,False,200,
1787684632.967624,serverless,30.0,30.0,67.109,False,200,
1787684633.0009573,serverless,30.0,30.0,39.84,False,200,
1787684633.0342906,serverless,30.0,30.0,43.772,False,200,
1787684633.0676239,serverless,30.0,30.0,62.309,False,200,
1787684633.1009574,serverless,30.0,30.0,38.845,False,200,
1787684633.1342907,serverless,30.0,30.0,41.275,False,200,
1787684633.167624,serverless,30.0,30.0,42.351,False,200,
1787684633.2009573,serverless,30.0,30.0,44.861,False,200,
1787684633.2342906,serverless,30.0,30.0,46.765,False,200,
1787684633.267624,serverless,30.0,30.0,51.897,False,200,
1787684633.3009572,serverless,30.0,30.0,63.578,False,200,
1787684633.3342907,serverless,30.0,30.0,73.512,False,200,
1787684633.367624,serverless,30.0,30.0,69.826,False,200,
1787684633.4009573,serverless,30.0,30.0,45.149,False,200,
1787684633.4342906,serverless,30.0,30.0,47.584,False,200,
1787684633.467624,serverless,30.0,30.0,54.284,False,200,
1787684633.5009573,serverless,30.0,30.0,47.515,False,200,
1787684633.5342906,serverless,30.0,30.0,32.961,False,200,
1787684633.5676239,serverless,30.0,30.0,1281.835,True,200,
1787684633.6009574,serverless,30.0,30.0,61.182,False,200,
1787684633.6342907,serverless,30.0,30.0,47.81,False,200,
1787684633.667624,serverless,30.0,30.0,46.39,False,200,
1787684633.7009573,serverless,30.0,30.0,64.064,False,200,
1787684633.7342906,serverless,30.0,30.0,38.493,False,200,
1787684633.767624,serverless,30.0,30.0,45.731,False,200,
1787684633.8009572,serverless,30.0,30.0,58.084,False,200,
1787684633.8342907,serverless,30.0,30.0,53.554,False,200,
1787684633.867624,serverless,30.0,30.0,48.175,False,200,
1787684633.9009573,serverless,30.0,30.0,60.653,False,200,
1787684633.9342906,serverless,30.0,30.0,46.529,False,200,
1787684633.967624,serverless,30.0,30.0,44.463,False,200,
1787684634.0009573,serverless,30.0,30.0,42.236,False,200,
1787684634.0342906,serverless,30.0,30.0,45.885,False,200,
1787684634.0676239,serverless,30.0,30.0,59.45,False,200,
1787684634.1009574,serverless,30.0,30.0,72.4,False,200,
1787684634.1342907,serverless,30.0,30.0,42.217,False,200,
1787684634.167624,serverless,30.0,30.0,48.243,False,200,
1787684634.2009573,serverless,30.0,30.0,47.706,False,200,
1787684634.2342906,serverless,30.0,30.0,45.889,False,200,
1787684634.267624,serverless,30.0,30.0,46.718,False,200,
1787684634.3009572,serverless,30.0,30.0,47.503,False,200,
1787684634.3342907,serverless,30.0,30.0,38.043,False,200,
1787684634.367624,serverless,30.0,30.0,67.382,False,200,
1787684634.4009573,serverless,30.0,30.0,45.829,False,200,
1787684634.4342906,serverless,30.0,30.0,44.667,False,200,
1787684634.467624,serverless,30.0,30.0,44.576,False,200,
1787684634.5009573,serverless,30.0,30.0,71.131,False,200,
1787684634.5342906,serverless,30.0,30.0,49.448,False,200,
1787684634.5676239,serverless,30.0,30.0,55.144,False,200,
1787684634.6009574,serverless,30.0,30.0,41.392,False,200,
1787684634.6342907,serverless,30.0,30.0,59.837,False,200,
1787684634.667624,serverless,30.0,30.0,44.877,False,200,
1787684634.7009573,serverless,30.0,30.0,66.512,False,200,
1787684634.7342906,serverless,30.0,30.0,53.4,False,200,
1787684634.767624,serverless,30.0,30.0,60.562,False,200,
1787684634.8009572,serverless,30.0,30.0,37.453,False,200,
1787684634.8342907,serverless,30.0,30.0,41.35,False,200,
1787684634.867624,serverless,30.0,30.0,50.824,False,200,
1787684634.9009573,serverless,30.0,30.0,43.577,False,200,
1787684634.9342906,serverless,30.0,30.0,54.622,False,200,
1787684634.967624,serverless,30.0,30.0,51.209,False,200,
1787684635.0009573,serverless,30.0,30.0,39.471,False,200,
1787684635.0342906,serverless,30.0,30.0,58.75,False,200,
1787684635.0676239,serverless,30.0,30.0,42.465,False,200,
1787684635.1009574,serverless,30.0,30.0,46.402,False,200,
1787684635.1342907,serverless,30.0,30.0,51.988,False,200,
1787684635.167624,serverless,30.0,30.0,36.692,False,200,
1787684635.2009573,serverless,30.0,30.0,55.133,False,200,
1787684635.2342906,serverless,30.0,30.0,62.014,False,200,
1787684635.267624,serverless,30.0,30.0,47.974,False,200,
1787684635.3009572,serverless,30.0,30.0,50.78,False,200,
1787684635.3342907,serverless,30.0,30.0,48.904,False,200,
1787684635.367624,serverless,30.0,30.0,59.747,False,200,
1787684635.4009573,serverless,30.0,30.0,41.037,False,200,
1787684635.4342906,serverless,30.0,30.0,68.369,False,200,
1787684635.467624,serverless,30.0,30.0,57.429,False,200,
1787684635.5009573,serverless,30.0,30.0,44.805,False,200,
1787684635.5342906,serverless,30.0,30.0,64.74,False,200,
1787684635.5676239,serverless,30.0,30.0,47.342,False,200,
1787684635.6009574,serverless,30.0,30.0,76.039,False,200,
1787684635.6342907,serverless,30.0,30.0,50.602,False,200,
1787684635.667624,serverless,30.0,30.0,53.845,False,200,
1787684635.7009573,serverless,30.0,30.0,50.908,False,200,
1787684635.7342906,serverless,30.0,30.0,57.029,False,200,
1787684635.767624,serverless,30.0,30.0,58.222,False,200,
1787684635.8009572,serverless,30.0,30.0,75.121,False,200,
1787684635.8342907,serverless,30.0,30.0,45.173,False,200,
1787684635.867624,serverless,30.0,30.0,67.681,False,200,
1787684635.9009573,serverless,30.0,30.0,44.625,False,200,
1787684635.9342906,serverless,30.0,30.0,40.836,False,200,
1787684635.967624,serverless,30.0,30.0,42.684,False,200,
1787684636.0009573,serverless,30.0,30.0,40.325,False,200,
1787684636.0342906,serverless,30.0,30.0,62.642,False,200,
1787684636.0676239,serverless,30.0,30.0,41.028,False,200,
1787684636.1009574,serverless,30.0,30.0,30.629,False,200,
1787684636.1342907,serverless,30.0,30.0,49.435,False,200,
1787684636.167624,serverless,30.0,30.0,49.379,False,200,
1787684636.2009573,serverless,30.0,30.0,57.837,False,200,
1787684636.2342906,serverless,30.0,30.0,40.204,False,200,
1787684636.267624,serverless,30.0,30.0,49.33,False,200,
1787684636.3009572,serverless,30.0,30.0,66.923,False,200,
1787684636.3342907,serverless,30.0,30.0,50.238,False,200,
1787684636.367624,serverless,30.0,30.0,1150.254,True,200,
1787684636.4009573,serverless,30.0,30.0,43.382,False,200,
1787684636.4342906,serverless,30.0,30.0,57.081,False,200,
1787684636.467624,serverless,30.0,30.0,54.881,False,200,
1787684636.5009573,serverless,30.0,30.0,35.309,False,200,
1787684636.5342906,serverless,30.0,30.0,57.102,False,200,
1787684636.5676239,serverless,30.0,30.0,42.801,False,200,
1787684636.6009574,serverless,30.0,30.0,53.59,False,200,
1787684636.6342907,serverless,30.0,30.0,59.814,False,200,
1787684636.667624,serverless,30.0,30.0,59.239,False,200,
1787684636.7009573,serverless,30.0,30.0,70.086,False,200,
1787684636.7342906,serverless,30.0,30.0,47.841,False,200,
1787684636.767624,serverless,30.0,30.0,73.914,False,200,
1787684636.8009572,serverless,30.0,30.0,65.757,False,200,
1787684636.8342907,serverless,30.0,30.0,54.329,False,200,
1787684636.867624,serverless,30.0,30.0,36.202,False,200,
1787684636.9009573,serverless,30.0,30.0,45.464,False,200,
1787684636.9342906,serverless,30.0,30.0,55.532,False,200,
1787684636.967624,serverless,30.0,30.0,69.531,False,200,
1787684637.0009573,serverless,30.0,30.0,63.187,False,200,
1787684637.0342906,serverless,30.0,30.0,72.749,False,200,
1787684637.0676239,serverless,30.0,30.0,50.992,False,200,
1787684637.1009574,serverless,30.0,30.0,40.527,False,200,
1787684637.1342907,serverless,30.0,30.0,59.862,False,200,
1787684637.167624,serverless,30.0,30.0,40.089,False,200,
1787684637.2009573,serverless,30.0,30.0,37.601,False,200,
1787684637.2342906,serverless,30.0,30.0,59.107,False,200,
1787684637.267624,serverless,30.0,30.0,43.545,False,200,
1787684637.3009572,serverless,30.0,30.0,53.402,False,200,
1787684637.3342907,serverless,30.0,30.0,49.978,False,200,
1787684637.367624,serverless,30.0,30.0,42.903,False,200,
1787684637.4009573,serverless,30.0,30.0,49.912,False,200,
1787684637.4342906,serverless,30.0,30.0,38.248,False,200,
1787684637.467624,serverless,30.0,30.0,48.889,False,200,
1787684637.5009573,serverless,30.0,30.0,41.673,False,200,
1787684637.5342906,serverless,30.0,30.0,42.392,False,200,
1787684637.5676239,serverless,30.0,30.0,62.622,False,200,
1787684637.6009574,serverless,30.0,30.0,41.271,False,200,
1787684637.6342907,serverless,30.0,30.0,44.89,False,200,
1787684637.667624,serverless,30.0,30.0,43.913,False,200,
1787684637.7009573,serverless,30.0,30.0,41.051,False,200,
1787684637.7342906,serverless,30.0,30.0,53.54,False,200,
1787684637.767624,serverless,30.0,30.0,37.553,False,200,
1787684637.8009572,serverless,30.0,30.0,41.237,False,200,
1787684637.8342907,serverless,30.0,30.0,50.677,False,200,
1787684637.867624,serverless,30.0,30.0,49.891,False,200,
1787684637.9009573,serverless,30.0,30.0,57.552,False,200,
1787684637.9342906,serverless,30.0,30.0,65.543,False,200,
1787684637.967624,serverless,30.0,30.0,56.262,False,200,
1787684638.0009573,serverless,30.0,30.0,49.011,False,200,
1787684638.0342906,serverless,30.0,30.0,47.096,False,200,
1787684638.0676239,serverless,30.0,30.0,55.193,False,200,
1787684638.1009574,serverless,30.0,30.0,47.701,False,200,
1787684638.1342907,serverless,30.0,30.0,80.385,False,200,
1787684638.167624,serverless,30.0,30.0,54.478,False,200,
1787684638.2009573,serverless,30.0,30.0,61.406,False,200,
1787684638.2342906,serverless,30.0,30.0,50.788,False,200,
1787684638.267624,serverless,30.0,30.0,52.014,False,200,
1787684638.3009572,serverless,30.0,30.0,54.392,False,200,
1787684638.3342907,serverless,30.0,30.0,54.883,False,200,
1787684638.367624,serverless,30.0,30.0,44.524,False,200,
1787684638.4009573,serverless,30.0,30.0,50.372,False,200,
1787684638.4342906,serverless,30.0,30.0,59.101,False,200,
1787684638.467624,serverless,30.0,30.0,58.975,False,200,
1787684638.5009573,serverless,30.0,30.0,65.62,False,200,
1787684638.5342906,serverless,30.0,30.0,26.063,False,200,
1787684638.5676239,serverless,30.0,30.0,50.181,False,200,
1787684638.6009574,serverless,30.0,30.0,40.919,False,200,
1787684638.6342907,serverless,30.0,30.0,49.961,False,200,
1787684638.667624,serverless,30.0,30.0,48.965,False,200,
1787684638.7009573,serverless,30.0,30.0,59.646,False,200,
1787684638.7342906,serverless,30.0,30.0,62.647,False,200,
1787684638.767624,serverless,30.0,30.0,49.635,False,200,
1787684638.8009572,serverless,30.0,30.0,59.317,False,200,
1787684638.8342907,serverless,30.0,30.0,56.073,False,200,
1787684638.867624,serverless,30.0,30.0,65.76,False,200,
1787684638.9009573,serverless,30.0,30.0,71.522,False,200,
1787684638.9342906,serverless,30.0,30.0,41.63,False,200,
1787684638.967624,serverless,30.0,30.0,49.56,False,200,
1787684639.0009573,serverless,30.0,30.0,72.045,False,200,
1787684639.0342906,serverless,30.0,30.0,48.487,False,200,
1787684639.0676239,serverless,30.0,30.0,49.241,False,200,
1787684639.1009574,serverless,30.0,30.0,49.089,False,200,
1787684639.1342907,serverless,30.0,30.0,41.302,False,200,
1787684639.167624,serverless,30.0,30.0,43.953,False,200,
1787684639.2009573,serverless,30.0,30.0,38.595,False,200,
1787684639.2342906,serverless,30.0,30.0,66.715,False,200,
1787684639.267624,serverless,30.0,30.0,71.007,False,200,
1787684639.3009572,serverless,30.0,30.0,43.387,False,200,
1787684639.3342907,serverless,30.0,30.0,52.284,False,200,
1787684639.367624,serverless,30.0,30.0,65.399,False,200,
1787684639.4009573,serverless,30.0,30.0,44.314,False,200,
1787684639.4342906,serverless,30.0,30.0,892.868,True,200,
1787684639.467624,serverless,30.0,30.0,74.681,False,200,
1787684639.5009573,serverless,30.0,30.0,47.196,False,200,
1787684639.5342906,serverless,30.0,30.0,43.308,False,200,
1787684639.5676239,serverless,30.0,30.0,44.828,False,200,
1787684639.6009574,serverless,30.0,30.0,45.907,False,200,
1787684639.6342907,serverless,30.0,30.0,45.686,False,200,
1787684639.667624,serverless,30.0,30.0,47.443,False,200,
1787684639.7009573,serverless,30.0,30.0,45.887,False,200,
1787684639.7342906,serverless,30.0,30.0,58.808,False,200,
1787684639.767624,serverless,30.0,30.0,42.497,False,200,
1787684639.8009572,serverless,30.0,30.0,50.646,False,200,
1787684639.8342907,serverless,30.0,30.0,45.11,False,200,
1787684639.867624,serverless,30.0,30.0,58.433,False,200,
1787684639.9009573,serverless,30.0,30.0,46.885,False,200,
1787684639.9342906,serverless,30.0,30.0,74.634,False,200,
1787684639.967624,serverless,30.0,30.0,31.809,False,200,
1787684640.0009573,serverless,30.0,30.0,55.226,False,200,
1787684640.0342906,serverless,30.0,30.0,47.232,False,200,
1787684640.0676239,serverless,30.0,30.0,54.623,False,200,
1787684640.1009574,serverless,30.0,30.0,47.068,False,200,
1787684640.1342907,serverless,30.0,30.0,51.303,False,200,
1787684640.167624,serverless,30.0,30.0,56.835,False,200,
1787684640.2009573,serverless,30.0,30.0,63.124,False,200,
1787684640.2342906,serverless,30.0,30.0,35.554,False,200,
1787684640.267624,serverless,30.0,30.0,43.185,False,200,
1787684640.3009572,serverless,30.0,30.0,66.96,False,200,
1787684640.3342907,serverless,30.0,30.0,56.442,False,200,
1787684640.367624,serverless,30.0,30.0,35.698,False,200,
1787684640.4009573,serverless,30.0,30.0,45.731,False,200,
1787684640.4342906,serverless,30.0,30.0,48.051,False,200,
1787684640.467624,serverless,30.0,30.0,52.968,False,200,
1787684640.5009573,serverless,30.0,30.0,46.449,False,200,
1787684640.5342906,serverless,30.0,30.0,61.415,False,200,
1787684640.5676239,serverless,30.0,30.0,30.631,False,200,
1787684640.6009574,serverless,30.0,30.0,61.49,False,200,
1787684640.6342907,serverless,30.0,30.0,51.35,False,200,
1787684640.667624,serverless,30.0,30.0,53.35,False,200,
1787684640.7009573,serverless,30.0,30.0,79.127,False,200,
1787684640.7342906,serverless,30.0,30.0,57.238,False,200,
1787684640.767624,serverless,30.0,30.0,57.421,False,200,
1787684640.8009572,serverless,30.0,30.0,42.566,False,200,
1787684640.8342907,serverless,30.0,30.0,1176.268,True,200,
1787684640.867624,serverless,30.0,30.0,45.334,False,200,
1787684640.9009573,serverless,30.0,30.0,47.182,False,200,
1787684640.9342906,serverless,30.0,30.0,51.686,False,200,
1787684640.967624,serverless,30.0,30.0,54.054,False,200,
1787684641.0009573,serverless,30.0,30.0,45.741,False,200,
1787684641.0342906,serverless,30.0,30.0,50.42,False,200,
1787684641.0676239,serverless,30.0,30.0,38.306,False,200,
1787684641.1009574,serverless,30.0,30.0,33.159,False,200,
1787684641.1342907,serverless,30.0,30.0,45.002,False,200,
1787684641.167624,serverless,30.0,30.0,50.858,False,200,
1787684641.2009573,serverless,30.0,30.0,47.38,False,200,
1787684641.2342906,serverless,30.0,30.0,36.449,False,200,
1787684641.267624,serverless,30.0,30.0,41.011,False,200,
1787684641.3009572,serverless,30.0,30.0,53.187,False,200,
1787684641.3342907,serverless,30.0,30.0,58.233,False,200,
1787684641.367624,serverless,30.0,30.0,48.628,False,200,
1787684641.4009573,serverless,30.0,30.0,49.774,False,200,
1787684641.4342906,serverless,30.0,30.0,47.132,False,200,
1787684641.467624,serverless,30.0,30.0,58.494,False,200,
1787684641.5009573,serverless,30.0,30.0,44.856,False,200,
1787684641.5342906,serverless,30.0,30.0,40.174,False,200,
1787684641.5676239,serverless,30.0,30.0,43.36,False,200,
1787684641.6009574,serverless,30.0,30.0,45.454,False,200,
1787684641.6342907,serverless,30.0,30.0,61.177,False,200,
1787684641.667624,serverless,30.0,30.0,41.191,False,200,
1787684641.7009573,serverless,30.0,30.0,52.16,False,200,
1787684641.7342906,serverless,30.0,30.0,49.417,False,200,
1787684641.767624,serverless,30.0,30.0,51.003,False,200,
1787684641.8009572,serverless,30.0,30.0,50.592,False,200,
1787684641.8342907,serverless,30.0,30.0,50.993,False,200,
1787684641.867624,serverless,30.0,30.0,54.954,False,200,
1787684641.9009573,serverless,30.0,30.0,47.108,False,200,
1787684641.9342906,serverless,30.0,30.0,44.407,False,200,
1787684641.967624,serverless,30.0,30.0,44.939,False,200,
1787684642.0009573,serverless,30.0,30.0,41.299,False,200,
1787684642.0342906,serverless,30.0,30.0,35.17,False,200,
1787684642.0676239,serverless,30.0,30.0,42.824,False,200,
1787684642.1009574,serverless,30.0,30.0,59.219,False,200,
1787684642.1342907,serverless,30.0,30.0,60.102,False,200,
1787684642.167624,serverless,30.0,30.0,42.076,False,200,
1787684642.2009573,serverless,30.0,30.0,52.993,False,200,
1787684642.2342906,serverless,30.0,30.0,54.562,False,200,
1787684642.267624,serverless,30.0,30.0,38.541,False,200,
1787684642.3009572,serverless,30.0,30.0,43.727,False,200,
1787684642.3342907,serverless,30.0,30.0,48.837,False,200,
1787684642.367624,serverless,30.0,30.0,43.021,False,200,
1787684642.4009573,serverless,30.0,30.0,63.912,False,200,
1787684642.4342906,serverless,30.0,30.0,58.213,False,200,
1787684642.467624,serverless,30.0,30.0,46.399,False,200,
1787684642.5009573,serverless,30.0,30.0,56.989,False,200,
1787684642.5342906,serverless,30.0,30.0,46.693,False,200,
1787684642.5676239,serverless,30.0,30.0,54.156,False,200,
1787684642.6009574,serverless,30.0,30.0,65.059,False,200,
1787684642.6342907,serverless,30.0,30.0,46.179,False,200,
1787684642.667624,serverless,30.0,30.0,54.897,False,200,
1787684642.7009573,serverless,30.0,30.0,58.129,False,200,
1787684642.7342906,serverless,30.0,30.0,41.442,False,200,
1787684642.767624,serverless,30.0,30.0,51.638,False,200,
1787684642.8009572,serverless,30.0,30.0,36.169,False,200,
1787684642.8342907,serverless,30.0,30.0,56.552,False,200,
1787684642.867624,serverless,30.0,30.0,45.215,False,200,
1787684642.9009573,serverless,30.0,30.0,47.68,False,200,
1787684642.9342906,serverless,30.0,30.0,36.499,False,200,
1787684642.967624,serverless,30.0,30.0,45.103,False,200,
1787684643.0009573,serverless,30.0,30.0,50.867,False,200,
1787684643.0342906,serverless,30.0,30.0,44.154,False,200,
1787684643.0676239,serverless,30.0,30.0,36.621,False,200,
1787684643.1009574,serverless,30.0,30.0,44.638,False,200,
1787684643.1342907,serverless,30.0,30.0,50.576,False,200,
1787684643.167624,serverless,30.0,30.0,44.219,False,200,
1787684643.2009573,serverless,30.0,30.0,58.284,False,200,
1787684643.2342906,serverless,30.0,30.0,48.755,False,200,
1787684643.267624,serverless,30.0,30.0,60.552,False,200,
1787684643.3009572,serverless,30.0,30.0,37.277,False,200,
1787684643.3342907,serverless,30.0,30.0,43.125,False,200,
1787684643.367624,serverless,30.0,30.0,67.798,False,200,
1787684643.4009573,serverless,30.0,30.0,78.876,False,200,
1787684643.4342906,serverless,30.0,30.0,43.942,False,200,
1787684643.467624,serverless,30.0,30.0,41.699,False,200,
1787684643.5009573,serverless,30.0,30.0,53.256,False,200,
1787684643.5342906,serverless,30.0,30.0,58.173,False,200,
1787684643.5676239,serverless,30.0,30.0,58.785,False,200,
1787684643.6009574,serverless,30.0,30.0,58.117,False,200,
1787684643.6342907,serverless,30.0,30.0,81.897,False,200,
1787684643.667624,serverless,30.0,30.0,39.635,False,200,
1787684643.7009573,serverless,30.0,30.0,37.983,False,200,
1787684643.7342906,serverless,30.0,30.0,50.633,False,200,
1787684643.767624,serverless,30.0,30.0,39.89,False,200,
1787684643.8009572,serverless,30.0,30.0,53.489,False,200,
1787684643.8342907,serverless,30.0,30.0,59.789,False,200,
1787684643.867624,serverless,30.0,30.0,32.33,False,200,
1787684643.9009573,serverless,30.0,30.0,47.591,False,200,
1787684643.9342906,serverless,30.0,30.0,35.062,False,200,
1787684643.967624,serverless,30.0,30.0,63.247,False,200,
1787684644.0009573,serverless,30.0,30.0,62.025,False,200,
1787684644.0342906,serverless,30.0,30.0,62.438,False,200,
1787684644.0676239,serverless,30.0,30.0,51.394,False,200,
1787684644.1009574,serverless,30.0,30.0,46.647,False,200,
1787684644.1342907,serverless,30.0,30.0,63.903,False,200,
1787684644.167624,serverless,30.0,30.0,52.478,False,200,
1787684644.2009573,serverless,30.0,30.0,34.578,False,200,
1787684644.2342906,serverless,30.0,30.0,49.197,False,200,
1787684644.267624,serverless,30.0,30.0,44.084,False,200,
1787684644.3009572,serverless,30.0,30.0,46.946,False,200,
1787684644.3342907,serverless,30.0,30.0,51.206,False,200,
1787684644.367624,serverless,30.0,30.0,49.998,False,200,
1787684644.4009573,serverless,30.0,30.0,64.477,False,200,
1787684644.4342906,serverless,30.0,30.0,64.052,False,200,
1787684644.467624,serverless,30.0,30.0,57.678,False,200,
1787684644.5009573,serverless,30.0,30.0,47.193,False,200,
1787684644.5342906,serverless,30.0,30.0,62.254,False,200,
1787684644.5676239,serverless,30.0,30.0,41.29,False,200,
1787684644.6009574,serverless,30.0,30.0,62.626,False,200,
1787684644.6342907,serverless,30.0,30.0,42.133,False,200,
1787684644.667624,serverless,30.0,30.0,43.311,False,200,
1787684644.7009573,serverless,30.0,30.0,45.309,False,200,
1787684644.7342906,serverless,30.0,30.0,53.973,False,200,
1787684644.767624,serverless,30.0,30.0,62.652,False,200,
1787684644.8009572,serverless,30.0,30.0,47.981,False,200,
1787684644.8342907,serverless,30.0,30.0,47.775,False,200,
1787684644.867624,serverless,30.0,30.0,50.284,False,200,
1787684644.9009573,serverless,30.0,30.0,42.572,False,200,
1787684644.9342906,serverless,30.0,30.0,30.297,False,200,
1787684644.967624,serverless,30.0,30.0,37.77,False,200,
1787684645.0009573,serverless,30.0,30.0,38.098,False,200,
1787684645.0342906,serverless,30.0,30.0,45.42,False,200,
1787684645.0676239,serverless,30.0,30.0,54.31,False,200,
1787684645.1009574,serverless,30.0,30.0,53.214,False,200,
1787684645.1342907,serverless,30.0,30.0,67.034,False,200,
1787684645.167624,serverless,30.0,30.0,53.396,False,200,
1787684645.2009573,serverless,30.0,30.0,54.568,False,200,
1787684645.2342906,serverless,30.0,30.0,37.045,False,200,
1787684645.267624,serverless,30.0,30.0,57.036,False,200,
1787684645.3009572,serverless,30.0,30.0,38.165,False,200,
1787684645.3342907,serverless,30.0,30.0,32.618,False,200,
1787684645.367624,serverless,30.0,30.0,49.742,False,200,
1787684645.4009573,serverless,30.0,30.0,52.914,False,200,
1787684645.4342906,serverless,30.0,30.0,48.887,False,200,
1787684645.467624,serverless,30.0,30.0,44.408,False,200,
1787684645.5009573,serverless,30.0,30.0,47.525,False,200,
1787684645.5342906,serverless,30.0,30.0,64.158,False,200,
1787684645.5676239,serverless,30.0,30.0,37.206,False,200,
1787684645.6009574,serverless,30.0,30.0,55.833,False,200,
1787684645.6342907,serverless,30.0,30.0,35.891,False,200,
1787684645.667624,serverless,30.0,30.0,64.611,False,200,
1787684645.7009573,serverless,30.0,30.0,50.41,False,200,
1787684645.7342906,serverless,30.0,30.0,57.703,False,200,
1787684645.767624,serverless,30.0,30.0,42.738,False,200,
1787684645.8009572,serverless,30.0,30.0,39.656,False,200,
1787684645.8342907,serverless,30.0,30.0,57.349,False,200,
1787684645.867624,serverless,30.0,30.0,43.066,False,200,
1787684645.9009573,serverless,30.0,30.0,39.479,False,200,
1787684645.9342906,serverless,30.0,30.0,38.651,False,200,
1787684645.967624,serverless,30.0,30.0,46.865,False,200,
1787684646.0009573,serverless,30.0,30.0,54.136,False,200,
1787684646.0342906,serverless,30.0,30.0,56.88,False,200,
1787684646.0676239,serverless,30.0,30.0,49.208,False,200,
1787684646.1009574,serverless,30.0,30.0,46.177,False,200,
1787684646.1342907,serverless,30.0,30.0,49.702,False,200,
1787684646.167624,serverless,30.0,30.0,28.731,False,200,
1787684646.2009573,serverless,30.0,30.0,47.862,False,200,
1787684646.2342906,serverless,30.0,30.0,38.972,False,200,
1787684646.267624,serverless,30.0,30.0,48.772,False,200,
1787684646.3009572,serverless,30.0,30.0,36.619,False,200,
1787684646.3342907,serverless,30.0,30.0,50.959,False,200,
1787684646.367624,serverless,30.0,30.0,39.791,False,200,
1787684646.4009573,serverless,30.0,30.0,40.473,False,200,
1787684646.4342906,serverless,30.0,30.0,38.282,False,200,
1787684646.467624,serverless,30.0,30.0,51.881,False,200,
1787684646.5009573,serverless,30.0,30.0,48.404,False,200,
1787684646.5342906,serverless,30.0,30.0,60.637,False,200,
1787684646.5676239,serverless,30.0,30.0,47.351,False,200,
1787684646.6009574,serverless,30.0,30.0,43.164,False,200,
1787684646.6342907,serverless,30.0,30.0,51.388,False,200,
1787684646.667624,serverless,30.0,30.0,50.452,False,200,
1787684646.7009573,serverless,30.0,30.0,54.901,False,200,
1787684646.7342906,serverless,30.0,30.0,74.541,False,200,
1787684646.767624,serverless,30.0,30.0,73.912,False,200,
1787684646.8009572,serverless,30.0,30.0,43.226,False,200,
1787684646.8342907,serverless,30.0,30.0,58.945,False,200,
1787684646.867624,serverless,30.0,30.0,51.94,False,200,
1787684646.9009573,serverless,30.0,30.0,40.111,False,200,
1787684646.9342906,serverless,30.0,30.0,48.035,False,200,
1787684646.967624,serverless,30.0,30.0,52.91,False,200,
1787684647.0009573,serverless,30.0,30.0,44.542,False,200,
1787684647.0342906,serverless,30.0,30.0,51.694,False,200,
1787684647.0676239,serverless,30.0,30.0,60.391,False,200,
1787684647.1009574,serverless,30.0,30.0,28.699,False,200,
1787684647.1342907,serverless,30.0,30.0,39.554,False,200,
1787684647.167624,serverless,30.0,30.0,46.533,False,200,
1787684647.2009573,serverless,30.0,30.0,56.859,False,200,
1787684647.2342906,serverless,30.0,30.0,39.401,False,200,
1787684647.267624,serverless,30.0,30.0,57.858,False,200,
1787684647.3009572,serverless,30.0,30.0,38.995,False,200,
1787684647.3342907,serverless,30.0,30.0,50.798,False,200,
1787684647.367624,serverless,30.0,30.0,47.39,False,200,
1787684647.4009573,serverless,30.0,30.0,41.954,False,200,
1787684647.4342906,serverless,30.0,30.0,41.222,False,200,
1787684647.467624,serverless,30.0,30.0,49.348,False,200,
1787684647.5009573,serverless,30.0,30.0,36.269,False,200,
1787684647.5342906,serverless,30.0,30.0,34.44,False,200,
1787684647.5676239,serverless,30.0,30.0,50.81,False,200,
1787684647.6009574,serverless,30.0,30.0,49.781,False,200,
1787684647.6342907,serverless,30.0,30.0,48.841,False,200,
1787684647.667624,serverless,30.0,30.0,42.801,False,200,
1787684647.7009573,serverless,30.0,30.0,50.427,False,200,
1787684647.7342906,serverless,30.0,30.0,63.714,False,200,
1787684647.767624,serverless,30.0,30.0,55.163,False,200,
1787684647.8009572,serverless,30.0,30.0,41.426,False,200,
1787684647.8342907,serverless,30.0,30.0,52.055,False,200,
1787684647.867624,serverless,30.0,30.0,75.869,False,200,
1787684647.9009573,serverless,30.0,30.0,45.016,False,200,
1787684647.9342906,serverless,30.0,30.0,45.501,False,200,
1787684647.967624,serverless,30.0,30.0,52.715,False,200,
1787684648.0009573,serverless,30.0,30.0,36.308,False,200,
1787684648.0342906,serverless,30.0,30.0,40.363,False,200,
1787684648.0676239,serverless,30.0,30.0,50.773,False,200,
1787684648.1009574,serverless,30.0,30.0,42.682,False,200,
1787684648.1342907,serverless,30.0,30.0,45.509,False,200,
1787684648.167624,serverless,30.0,30.0,77.962,False,200,
1787684648.2009573,serverless,30.0,30.0,50.525,False,200,
1787684648.2342906,serverless,30.0,30.0,43.821,False,200,
1787684648.267624,serverless,30.0,30.0,46.204,False,200,
1787684648.3009572,serverless,30.0,30.0,87.622,False,200,
1787684648.3342907,serverless,30.0,30.0,51.426,False,200,
1787684648.367624,serverless,30.0,30.0,70.493,False,200,
1787684648.4009573,serverless,30.0,30.0,35.111,False,200,
1787684648.4342906,serverless,30.0,30.0,41.336,False,200,
1787684648.467624,serverless,30.0,30.0,55.339,False,200,
1787684648.5009573,serverless,30.0,30.0,65.766,False,200,
1787684648.5342906,serverless,30.0,30.0,47.072,False,200,
1787684648.5676239,serverless,30.0,30.0,65.04,False,200,
1787684648.6009574,serverless,30.0,30.0,597.177,True,200,
1787684648.6342907,serverless,30.0,30.0,49.471,False,200,
1787684648.667624,serverless,30.0,30.0,48.976,False,200,
1787684648.7009573,serverless,30.0,30.0,45.469,False,200,
1787684648.7342906,serverless,30.0,30.0,48.85,False,200,
1787684648.767624,serverless,30.0,30.0,47.593,False,200,
1787684648.8009572,serverless,30.0,30.0,50.107,False,200,
1787684648.8342907,serverless,30.0,30.0,48.732,False,200,
1787684648.867624,serverless,30.0,30.0,59.835,False,200,
1787684648.9009573,serverless,30.0,30.0,36.7,False,200,
1787684648.9342906,serverless,30.0,30.0,47.854,False,200,
1787684648.967624,serverless,30.0,30.0,53.45,False,200,
1787684649.0009573,serverless,30.0,30.0,59.61,False,200,
1787684649.0342906,serverless,30.0,30.0,45.558,False,200,
1787684649.0676239,serverless,30.0,30.0,46.067,False,200,
1787684649.1009574,serverless,30.0,30.0,60.933,False,200,
1787684649.1342907,serverless,30.0,30.0,42.293,False,200,
1787684649.167624,serverless,30.0,30.0,39.774,False,200,
1787684649.2009573,serverless,30.0,30.0,45.439,False,200,
1787684649.2342906,serverless,30.0,30.0,45.034,False,200,
1787684649.267624,serverless,30.0,30.0,47.073,False,200,
1787684649.3009572,serverless,30.0,30.0,39.245,False,200,
1787684649.3342907,serverless,30.0,30.0,58.155,False,200,
1787684649.367624,serverless,30.0,30.0,48.799,False,200,
1787684649.4009573,serverless,30.0,30.0,59.587,False,200,
1787684649.4342906,serverless,30.0,30.0,61.018,False,200,
1787684649.467624,serverless,30.0,30.0,38.843,False,200,
1787684649.5009573,serverless,30.0,30.0,54.898,False,200,
1787684649.5342906,serverless,30.0,30.0,60.983,False,200,
1787684649.5676239,serverless,30.0,30.0,41.948,False,200,
1787684649.6009574,serverless,30.0,30.0,52.62,False,200,
1787684649.6342907,serverless,30.0,30.0,53.312,False,200,
1787684649.667624,serverless,30.0,30.0,49.078,False,200,
1787684649.7009573,serverless,30.0,30.0,40.631,False,200,
1787684649.7342906,serverless,30.0,30.0,45.351,False,200,
1787684649.767624,serverless,30.0,30.0,54.008,False,200,
1787684649.8009572,serverless,30.0,30.0,60.291,False,200,
1787684649.8342907,serverless,30.0,30.0,668.694,True,200,
1787684649.867624,serverless,30.0,30.0,754.122,True,200,
1787684649.9009573,serverless,30.0,30.0,44.859,False,200,
1787684649.9342906,serverless,30.0,30.0,54.703,False,200,
1787684649.967624,serverless,30.0,30.0,59.216,False,200,
1787684650.0009573,serverless,30.0,30.0,43.444,False,200,
1787684650.0342906,serverless,30.0,30.0,55.03,False,200,
1787684650.0676239,serverless,30.0,30.0,46.711,False,200,
1787684650.1009574,serverless,30.0,30.0,44.387,False,200,
1787684650.1342907,serverless,30.0,30.0,47.384,False,200,
1787684650.167624,serverless,30.0,30.0,58.103,False,200,
1787684650.2009573,serverless,30.0,30.0,47.095,False,200,
1787684650.2342906,serverless,30.0,30.0,41.351,False,200,
1787684650.267624,serverless,30.0,30.0,53.031,False,200,
1787684650.3009572,serverless,30.0,30.0,49.635,False,200,
1787684650.3342907,serverless,30.0,30.0,54.953,False,200,
1787684650.367624,serverless,30.0,30.0,46.494,False,200,
1787684650.4009573,serverless,30.0,30.0,49.52,False,200,
1787684650.4342906,serverless,30.0,30.0,54.617,False,200,
1787684650.467624,serverless,30.0,30.0,39.153,False,200,
1787684650.5009573,serverless,30.0,30.0,58.345,False,200,
1787684650.5342906,serverless,30.0,30.0,966.094,True,200,
1787684650.5676239,serverless,30.0,30.0,36.831,False,200,
1787684650.6009574,serverless,30.0,30.0,40.092,False,200,
1787684650.6342907,serverless,30.0,30.0,56.07,False,200,
1787684650.667624,serverless,30.0,30.0,59.302,False,200,
1787684650.7009573,serverless,30.0,30.0,48.642,False,200,
1787684650.7342906,serverless,30.0,30.0,30.639,False,200,
1787684650.767624,serverless,30.0,30.0,62.026,False,200,
1787684650.8009572,serverless,30.0,30.0,55.039,False,200,
1787684650.8342907,serverless,30.0,30.0,72.538,False,200,
1787684650.867624,serverless,30.0,30.0,48.225,False,200,
1787684650.9009573,serverless,30.0,30.0,46.603,False,200,
1787684650.9342906,serverless,30.0,30.0,65.677,False,200,
1787684650.967624,serverless,30.0,30.0,55.02,False,200,
1787684651.0009573,serverless,30.0,30.0,50.721,False,200,
1787684651.0342906,serverless,30.0,30.0,40.741,False,200,
1787684651.0676239,serverless,30.0,30.0,31.39,False,200,
1787684651.1009574,serverless,30.0,30.0,48.679,False,200,
1787684651.1342907,serverless,30.0,30.0,51.647,False,200,
1787684651.167624,serverless,30.0,30.0,55.861,False,200,
1787684651.2009573,serverless,30.0,30.0,41.102,False,200,
1787684651.2342906,serverless,30.0,30.0,45.745,False,200,
1787684651.267624,serverless,30.0,30.0,63.277,False,200,
1787684651.3009572,serverless,30.0,30.0,56.511,False,200,
1787684651.3342907,serverless,30.0,30.0,43.425,False,200,
1787684651.367624,serverless,30.0,30.0,40.549,False,200,
1787684651.4009573,serverless,30.0,30.0,71.77,False,200,
1787684651.4342906,serverless,30.0,30.0,68.942,False,200,
1787684651.467624,serverless,30.0,30.0,38.432,False,200,
1787684651.5009573,serverless,30.0,30.0,53.81,False,200,
1787684651.5342906,serverless,30.0,30.0,58.813,False,200,
1787684651.5676239,serverless,30.0,30.0,34.095,False,200,
1787684651.6009574,serverless,30.0,30.0,47.342,False,200,
1787684651.6342907,serverless,30.0,30.0,59.643,False,200,
1787684651.667624,serverless,30.0,30.0,56.086,False,200,
1787684651.7009573,serverless,30.0,30.0,67.185,False,200,
1787684651.7342906,serverless,30.0,30.0,44.089,False,200,
1787684651.767624,serverless,30.0,30.0,52.158,False,200,
1787684651.8009572,serverless,30.0,30.0,56.669,False,200,
1787684651.8342907,serverless,30.0,30.0,56.361,False,200,
1787684651.867624,serverless,30.0,30.0,44.737,False,200,
1787684651.9009573,serverless,30.0,30.0,63.917,False,200,
1787684651.9342906,serverless,30.0,30.0,54.795,False,200,
1787684651.967624,serverless,30.0,30.0,64.716,False,200,
1787684652.0009573,serverless,30.0,30.0,33.83,False,200,
1787684652.0342906,serverless,30.0,30.0,40.439,False,200,
1787684652.0676239,serverless,30.0,30.0,51.204,False,200,
1787684652.1009574,serverless,30.0,30.0,44.373,False,200,
1787684652.1342907,serverless,30.0,30.0,60.036,False,200,
1787684652.167624,serverless,30.0,30.0,51.768,False,200,
1787684652.2009573,serverless,30.0,30.0,70.28,False,200,
1787684652.2342906,serverless,30.0,30.0,51.561,False,200,
1787684652.267624,serverless,30.0,30.0,46.86,False,200,
1787684652.3009572,serverless,30.0,30.0,53.069,False,200,
1787684652.3342907,serverless,30.0,30.0,45.698,False,200,
1787684652.367624,serverless,30.0,30.0,51.424,False,200,
1787684652.4009573,serverless,30.0,30.0,60.21,False,200,
1787684652.4342906,serverless,30.0,30.0,55.591,False,200,
1787684652.467624,serverless,30.0,30.0,49.722,False,200,
1787684652.5009573,serverless,30.0,30.0,41.271,False,200,
1787684652.5342906,serverless,30.0,30.0,51.709,False,200,
1787684652.5676239,serverless,30.0,30.0,42.415,False,200,
1787684652.6009574,serverless,30.0,30.0,43.028,False,200,
1787684652.6342907,serverless,30.0,30.0,68.023,False,200,
1787684652.667624,serverless,30.0,30.0,58.047,False,200,
1787684652.7009573,serverless,30.0,30.0,55.124,False,200,
1787684652.7342906,serverless,30.0,30.0,35.831,False,200,
1787684652.767624,serverless,30.0,30.0,70.378,False,200,
1787684652.8009572,serverless,30.0,30.0,48.086,False,200,
1787684652.8342907,serverless,30.0,30.0,66.439,False,200,
1787684652.867624,serverless,30.0,30.0,54.052,False,200,
1787684652.9009573,serverless,30.0,30.0,45.298,False,200,
1787684652.9342906,serverless,30.0,30.0,37.675,False,200,
1787684652.967624,serverless,30.0,30.0,42.427,False,200,
1787684653.0009573,serverless,30.0,30.0,36.563,False,200,
1787684653.0342906,serverless,30.0,30.0,29.01,False,200,
1787684653.0676239,serverless,30.0,30.0,65.245,False,200,
1787684653.1009574,serverless,30.0,30.0,40.403,False,200,
1787684653.1342907,serverless,30.0,30.0,43.821,False,200,
1787684653.167624,serverless,30.0,30.0,68.691,False,200,
1787684653.2009573,serverless,30.0,30.0,54.921,False,200,
1787684653.2342906,serverless,30.0,30.0,44.803,False,200,
1787684653.267624,serverless,30.0,30.0,55.944,False,200,
1787684653.3009572,serverless,30.0,30.0,76.64,False,200,
1787684653.3342907,serverless,30.0,30.0,46.804,False,200,
1787684653.367624,serverless,30.0,30.0,63.835,False,200,
1787684653.4009573,serverless,30.0,30.0,62.984,False,200,
1787684653.4342906,serverless,30.0,30.0,59.975,False,200,
1787684653.467624,serverless,30.0,30.0,637.306,True,200,
1787684653.5009573,serverless,30.0,30.0,48.702,False,200,
1787684653.5342906,serverless,30.0,30.0,58.47,False,200,
1787684653.5676239,serverless,30.0,30.0,50.773,False,200,
1787684653.6009574,serverless,30.0,30.0,57.246,False,200,
1787684653.6342907,serverless,30.0,30.0,57.192,False,200,
1787684653.667624,serverless,30.0,30.0,51.918,False,200,
1787684653.7009573,serverless,30.0,30.0,51.483,False,200,
1787684653.7342906,serverless,30.0,30.0,41.886,False,200,
1787684653.767624,serverless,30.0,30.0,47.398,False,200,
1787684653.8009572,serverless,30.0,30.0,53.095,False,200,
1787684653.8342907,serverless,30.0,30.0,50.104,False,200,
1787684653.867624,serverless,30.0,30.0,40.2,False,200,
1787684653.9009573,serverless,30.0,30.0,46.154,False,200,
1787684653.9342906,serverless,30.0,30.0,42.244,False,200,
1787684653.967624,serverless,30.0,30.0,80.182,False,200,
1787684654.0009573,serverless,30.0,30.0,54.362,False,200,
1787684654.0342906,serverless,30.0,30.0,61.036,False,200,
1787684654.0676239,serverless,30.0,30.0,61.656,False,200,
1787684654.1009574,serverless,30.0,30.0,52.04,False,200,
1787684654.1342907,serverless,30.0,30.0,60.199,False,200,
1787684654.167624,serverless,30.0,30.0,45.098,False,200,
1787684654.2009573,serverless,30.0,30.0,62.11,False,200,
1787684654.2342906,serverless,30.0,30.0,51.957,False,200,
1787684654.267624,serverless,30.0,30.0,45.356,False,200,
1787684654.3009572,serverless,30.0,30.0,51.556,False,200,
1787684654.3342907,serverless,30.0,30.0,67.635,False,200,
1787684654.367624,serverless,30.0,30.0,41.298,False,200,
1787684654.4009573,serverless,30.0,30.0,56.352,False,200,
1787684654.4342906,serverless,30.0,30.0,44.802,False,200,
1787684654.467624,serverless,30.0,30.0,36.318,False,200,
1787684654.5009573,serverless,30.0,30.0,48.817,False,200,
1787684654.5342906,serverless,30.0,30.0,49.519,False,200,
1787684654.5676239,serverless,30.0,30.0,46.07,False,200,
1787684654.6009574,serverless,30.0,30.0,47.818,False,200,
1787684654.6342907,serverless,30.0,30.0,60.362,False,200,
1787684654.667624,serverless,30.0,30.0,59.788,False,200,
1787684654.7009573,serverless,30.0,30.0,63.962,False,200,
1787684654.7342906,serverless,30.0,30.0,63.335,False,200,
1787684654.767624,serverless,30.0,30.0,69.364,False,200,
1787684654.8009572,serverless,30.0,30.0,54.253,False,200,
1787684654.8342907,serverless,30.0,30.0,72.943,False,200,
1787684654.867624,serverless,30.0,30.0,39.655,False,200,
1787684654.9009573,serverless,30.0,30.0,54.067,False,200,
1787684654.9342906,serverless,30.0,30.0,43.535,False,200,
1787684654.967624,serverless,30.0,30.0,57.275,False,200,
1787684655.0009573,serverless,30.0,30.0,32.812,False,200,
1787684655.0342906,serverless,30.0,30.0,48.341,False,200,
1787684655.0676239,serverless,30.0,30.0,49.75,False,200,
1787684655.1009574,serverless,30.0,30.0,39.696,False,200,
1787684655.1342907,serverless,30.0,30.0,57.356,False,200,
1787684655.167624,serverless,30.0,30.0,48.14,False,200,
1787684655.2009573,serverless,30.0,30.0,51.335,False,200,
1787684655.2342906,serverless,30.0,30.0,59.076,False,200,
1787684655.267624,serverless,30.0,30.0,57.712,False,200,
1787684655.3009572,serverless,30.0,30.0,44.05,False,200,
1787684655.3342907,serverless,30.0,30.0,53.936,False,200,
1787684655.367624,serverless,30.0,30.0,67.64,False,200,
1787684655.4009573,serverless,30.0,30.0,63.258,False,200,
1787684655.4342906,serverless,30.0,30.0,46.895,False,200,
1787684655.467624,serverless,30.0,30.0,49.633,False,200,
1787684655.5009573,serverless,30.0,30.0,50.332,False,200,
1787684655.5342906,serverless,30.0,30.0,40.027,False,200,
1787684655.5676239,serverless,30.0,30.0,55.139,False,200,
1787684655.6009574,serverless,30.0,30.0,56.284,False,200,
1787684655.6342907,serverless,30.0,30.0,47.285,False,200,
1787684655.667624,serverless,30.0,30.0,56.458,False,200,
1787684655.7009573,serverless,30.0,30.0,42.558,False,200,
1787684655.7342906,serverless,30.0,30.0,43.593,False,200,
1787684655.767624,serverless,30.0,30.0,47.632,False,200,
1787684655.8009572,serverless,30.0,30.0,64.693,False,200,
1787684655.8342907,serverless,30.0,30.0,45.118,False,200,
1787684655.867624,serverless,30.0,30.0,54.721,False,200,
1787684655.9009573,serverless,30.0,30.0,54.209,False,200,
1787684655.9342906,serverless,30.0,30.0,61.936,False,200,
1787684655.967624,serverless,30.0,30.0,46.729,False,200,
1787684656.0009573,serverless,30.0,30.0,62.366,False,200,
1787684656.0342906,serverless,30.0,30.0,48.934,False,200,
1787684656.0676239,serverless,30.0,30.0,56.605,False,200,
1787684656.1009574,serverless,30.0,30.0,55.956,False,200,
1787684656.1342907,serverless,30.0,30.0,52.298,False,200,
1787684656.167624,serverless,30.0,30.0,63.241,False,200,
1787684656.2009573,serverless,30.0,30.0,60.137,False,200,
1787684656.2342906,serverless,30.0,30.0,31.595,False,200,
1787684656.267624,serverless,30.0,30.0,65.665,False,200,
1787684656.3009572,serverless,30.0,30.0,49.136,False,200,
1787684656.3342907,serverless,30.0,30.0,44.02,False,200,
1787684656.367624,serverless,30.0,30.0,36.039,False,200,
1787684656.4009573,serverless,30.0,30.0,46.407,False,200,
1787684656.4342906,serverless,30.0,30.0,41.31,False,200,
1787684656.467624,serverless,30.0,30.0,55.743,False,200,
1787684656.5009573,serverless,30.0,30.0,47.985,False,200,
1787684656.5342906,serverless,30.0,30.0,38.31,False,200,
1787684656.5676239,serverless,30.0,30.0,48.52,False,200,
1787684656.6009574,serverless,30.0,30.0,56.438,False,200,
1787684656.6342907,serverless,30.0,30.0,60.131,False,200,
1787684656.667624,serverless,30.0,30.0,45.692,False,200,
1787684656.7009573,serverless,30.0,30.0,53.658,False,200,
1787684656.7342906,serverless,30.0,30.0,42.831,False,200,
1787684656.767624,serverless,30.0,30.0,61.008,False,200,
1787684656.8009572,serverless,30.0,30.0,58.096,False,200,
1787684656.8342907,serverless,30.0,30.0,57.81,False,200,
1787684656.867624,serverless,30.0,30.0,42.925,False,200,
1787684656.9009573,serverless,30.0,30.0,42.995,False,200,
1787684656.9342906,serverless,30.0,30.0,34.887,False,200,
1787684656.967624,serverless,30.0,30.0,61.962,False,200,
1787684657.0009573,serverless,30.0,30.0,74.189,False,200,
1787684657.0342906,serverless,30.0,30.0,61.588,False,200,
1787684657.0676239,serverless,30.0,30.0,56.831,False,200,
1787684657.1009574,serverless,30.0,30.0,72.402,False,200,
1787684657.1342907,serverless,30.0,30.0,36.63,False,200,
1787684657.167624,serverless,30.0,30.0,63.974,False,200,
1787684657.2009573,serverless,30.0,30.0,52.03,False,200,
1787684657.2342906,serverless,30.0,30.0,48.465,False,200,
1787684657.267624,serverless,30.0,30.0,54.248,False,200,
1787684657.3009572,serverless,30.0,30.0,45.289,False,200,
1787684657.3342907,serverless,30.0,30.0,52.87,False,200,
1787684657.367624,serverless,30.0,30.0,44.452,False,200,
1787684657.4009573,serverless,30.0,30.0,53.384,False,200,
1787684657.4342906,serverless,30.0,30.0,34.75,False,200,
1787684657.467624,serverless,30.0,30.0,57.223,False,200,
1787684657.5009573,serverless,30.0,30.0,44.221,False,200,
1787684657.5342906,serverless,30.0,30.0,36.077,False,200,
1787684657.5676239,serverless,30.0,30.0,39.478,False,200,
1787684657.6009574,serverless,30.0,30.0,39.381,False,200,
1787684657.6342907,serverless,30.0,30.0,46.103,False,200,
1787684657.667624,serverless,30.0,30.0,56.327,False,200,
1787684657.7009573,serverless,30.0,30.0,52.058,False,200,
1787684657.7342906,serverless,30.0,30.0,52.479,False,200,
1787684657.767624,serverless,30.0,30.0,70.751,False,200,
1787684657.8009572,serverless,30.0,30.0,49.016,False,200,
1787684657.8342907,serverless,30.0,30.0,51.659,False,200,
1787684657.867624,serverless,30.0,30.0,58.53,False,200,
1787684657.9009573,serverless,30.0,30.0,36.293,False,200,
1787684657.9342906,serverless,30.0,30.0,35.44,False,200,
1787684657.967624,serverless,30.0,30.0,38.789,False,200,
1787684658.0009573,serverless,30.0,30.0,53.203,False,200,
1787684658.0342906,serverless,30.0,30.0,39.608,False,200,
1787684658.0676239,serverless,30.0,30.0,63.986,False,200,
1787684658.1009574,serverless,30.0,30.0,63.805,False,200,
1787684658.1342907,serverless,30.0,30.0,44.66,False,200,
1787684658.167624,serverless,30.0,30.0,72.342,False,200,
1787684658.2009573,serverless,30.0,30.0,38.318,False,200,
1787684658.2342906,serverless,30.0,30.0,46.348,False,200,
1787684658.267624,serverless,30.0,30.0,43.34,False,200,
1787684658.3009572,serverless,30.0,30.0,59.19,False,200,
1787684658.3342907,serverless,30.0,30.0,46.85,False,200,
1787684658.367624,serverless,30.0,30.0,57.783,False,200,
1787684658.4009573,serverless,30.0,30.0,47.619,False,200,
1787684658.4342906,serverless,30.0,30.0,59.233,False,200,
1787684658.467624,serverless,30.0,30.0,41.552,False,200,
1787684658.5009573,serverless,30.0,30.0,43.985,False,200,
1787684658.5342906,serverless,30.0,30.0,66.106,False,200,
1787684658.5676239,serverless,30.0,30.0,42.776,False,200,
1787684658.6009574,serverless,30.0,30.0,53.912,False,200,
1787684658.6342907,serverless,30.0,30.0,42.371,False,200,
1787684658.667624,serverless,30.0,30.0,57.401,False,200,
1787684658.7009573,serverless,30.0,30.0,61.347,False,200,
1787684658.7342906,serverless,30.0,30.0,68.731,False,200,
1787684658.767624,serverless,30.0,30.0,44.1,False,200,
1787684658.8009572,serverless,30.0,30.0,53.456,False,200,
1787684658.8342907,serverless,30.0,30.0,71.746,False,200,
1787684658.867624,serverless,30.0,30.0,31.602,False,200,
1787684658.9009573,serverless,30.0,30.0,47.725,False,200,
1787684658.9342906,serverless,30.0,30.0,48.943,False,200,
1787684658.967624,serverless,30.0,30.0,57.108,False,200,
1787684659.0009573,serverless,30.0,30.0,52.782,False,200,
1787684659.0342906,serverless,30.0,30.0,63.375,False,200,
1787684659.0676239,serverless,30.0,30.0,49.469,False,200,
1787684659.1009574,serverless,30.0,30.0,52.784,False,200,
1787684659.1342907,serverless,30.0,30.0,51.708,False,200,
1787684659.167624,serverless,30.0,30.0,57.703,False,200,
1787684659.2009573,serverless,30.0,30.0,47.939,False,200,
1787684659.2342906,serverless,30.0,30.0,59.449,False,200,
1787684659.267624,serverless,30.0,30.0,44.601,False,200,
1787684659.3009572,serverless,30.0,30.0,51.364,False,200,
1787684659.3342907,serverless,30.0,30.0,87.653,False,200,
1787684659.367624,serverless,30.0,30.0,45.787,False,200,
1787684659.4009573,serverless,30.0,30.0,47.609,False,200,
1787684659.4342906,serverless,30.0,30.0,53.292,False,200,
1787684659.467624,serverless,30.0,30.0,60.305,False,200,
1787684659.5009573,serverless,30.0,30.0,62.894,False,200,
1787684659.5342906,serverless,30.0,30.0,43.287,False,200,
1787684659.5676239,serverless,30.0,30.0,49.45,False,200,
1787684659.6009574,serverless,30.0,30.0,84.629,False,200,
1787684659.6342907,serverless,30.0,30.0,45.456,False,200,
1787684659.667624,serverless,30.0,30.0,43.065,False,200,
1787684659.7009573,serverless,30.0,30.0,33.23,False,200,
1787684659.7342906,serverless,30.0,30.0,44.088,False,200,
1787684659.767624,serverless,30.0,30.0,55.37,False,200,
1787684659.8009572,serverless,30.0,30.0,68.552,False,200,
1787684659.8342907,serverless,30.0,30.0,54.884,False,200,
1787684659.867624,serverless,30.0,30.0,40.708,False,200,
1787684659.9009573,serverless,30.0,30.0,75.69,False,200,
1787684659.9342906,serverless,30.0,30.0,40.112,False,200,
1787684659.967624,serverless,30.0,30.0,68.368,False,200,
1787684660.0009573,serverless,30.0,30.0,67.035,False,200,
1787684660.0342906,serverless,30.0,30.0,56.888,False,200,
1787684660.0676239,serverless,30.0,30.0,57.8,False,200,
1787684660.1009574,serverless,30.0,30.0,59.721,False,200,
1787684660.1342907,serverless,30.0,30.0,63.259,False,200,
1787684660.167624,serverless,30.0,30.0,56.708,False,200,
1787684660.2009573,serverless,30.0,30.0,45.837,False,200,
1787684660.2342906,serverless,30.0,30.0,48.367,False,200,
1787684660.267624,serverless,30.0,30.0,59.338,False,200,
1787684660.3009572,serverless,30.0,30.0,52.683,False,200,
1787684660.3342907,serverless,30.0,30.0,51.923,False,200,
1787684660.367624,serverless,30.0,30.0,78.382,False,200,
1787684660.4009573,serverless,30.0,30.0,57.74,False,200,
1787684660.4342906,serverless,30.0,30.0,66.307,False,200,
1787684660.467624,serverless,30.0,30.0,51.016,False,200,
1787684660.5009573,serverless,30.0,30.0,44.112,False,200,
1787684660.5342906,serverless,30.0,30.0,61.434,False,200,
1787684660.5676239,serverless,30.0,30.0,50.225,False,200,
1787684660.6009574,serverless,30.0,30.0,55.895,False,200,
1787684660.6342907,serverless,30.0,30.0,36.985,False,200,
1787684660.667624,serverless,30.0,30.0,35.196,False,200,
1787684660.7009573,serverless,30.0,30.0,63.251,False,200,
1787684660.7342906,serverless,30.0,30.0,42.699,False,200,
1787684660.767624,serverless,30.0,30.0,64.887,False,200,
1787684660.8009572,serverless,30.0,30.0,52.25,False,200,
1787684660.8342907,serverless,30.0,30.0,51.786,False,200,
1787684660.867624,serverless,30.0,30.0,48.407,False,200,
1787684660.9009573,serverless,30.0,30.0,43.675,False,200,
1787684660.9342906,serverless,30.0,30.0,42.299,False,200,
1787684660.967624,serverless,30.0,30.0,51.617,False,200,
1787684661.0009573,serverless,30.0,30.0,42.048,False,200,
1787684661.0342906,serverless,30.0,30.0,47.989,False,200,
1787684661.0676239,serverless,30.0,30.0,41.412,False,200,
1787684661.1009574,serverless,30.0,30.0,72.015,False,200,
1787684661.1342907,serverless,30.0,30.0,53.563,False,200,
1787684661.167624,serverless,30.0,30.0,55.9,False,200,
1787684661.2009573,serverless,30.0,30.0,40.906,False,200,
1787684661.2342906,serverless,30.0,30.0,49.883,False,200,
1787684661.267624,serverless,30.0,30.0,1337.781,True,200,
1787684661.3009572,serverless,30.0,30.0,55.563,False,200,
1787684661.3342907,serverless,30.0,30.0,49.567,False,200,
1787684661.367624,serverless,30.0,30.0,44.941,False,200,
1787684661.4009573,serverless,30.0,30.0,51.473,False,200,
1787684661.4342906,serverless,30.0,30.0,70.688,False,200,
1787684661.467624,serverless,30.0,30.0,57.011,False,200,
1787684661.5009573,serverless,30.0,30.0,28.429,False,200,
1787684661.5342906,serverless,30.0,30.0,808.05,True,200,
1787684661.5676239,serverless,30.0,30.0,68.17,False,200,
1787684661.6009574,serverless,30.0,30.0,53.937,False,200,
1787684661.6342907,serverless,30.0,30.0,38.554,False,200,
1787684661.667624,serverless,30.0,30.0,37.384,False,200,
1787684661.7009573,serverless,30.0,30.0,47.674,False,200,
1787684661.7342906,serverless,30.0,30.0,44.041,False,200,
1787684661.767624,serverless,30.0,30.0,53.51,False,200,
1787684661.8009572,serverless,30.0,30.0,47.587,False,200,
1787684661.8342907,serverless,30.0,30.0,44.058,False,200,
1787684661.867624,serverless,30.0,30.0,46.1,False,200,
1787684661.9009573,serverless,30.0,30.0,52.117,False,200,
1787684661.9342906,serverless,30.0,30.0,899.579,True,200,
1787684661.967624,serverless,30.0,30.0,63.273,False,200,
1787684662.0009573,serverless,30.0,30.0,55.557,False,200,
1787684662.0342906,serverless,30.0,30.0,39.681,False,200,
1787684662.0676239,serverless,30.0,30.0,62.542,False,200,
1787684662.1009574,serverless,30.0,30.0,37.069,False,200,
1787684662.1342907,serverless,30.0,30.0,44.386,False,200,
1787684662.167624,serverless,30.0,30.0,44.228,False,200,
1787684662.2009573,serverless,30.0,30.0,52.573,False,200,
1787684662.2342906,serverless,30.0,30.0,51.832,False,200,
1787684662.267624,serverless,30.0,30.0,50.535,False,200,
1787684662.3009572,serverless,30.0,30.0,55.362,False,200,
1787684662.3342907,serverless,30.0,30.0,40.723,False,200,
1787684662.367624,serverless,30.0,30.0,39.781,False,200,
1787684662.4009573,serverless,30.0,30.0,57.927,False,200,
1787684662.4342906,serverless,30.0,30.0,45.83,False,200,
1787684662.467624,serverless,30.0,30.0,63.884,False,200,
1787684662.5009573,serverless,30.0,30.0,42.54,False,200,
1787684662.5342906,serverless,30.0,30.0,56.561,False,200,
1787684662.5676239,serverless,30.0,30.0,46.335,False,200,
1787684662.6009574,serverless,30.0,30.0,58.805,False,200,
1787684662.6342907,serverless,30.0,30.0,57.836,False,200,
1787684662.667624,serverless,30.0,30.0,41.258,False,200,
1787684662.7009573,serverless,30.0,30.0,46.364,False,200,
1787684662.7342906,serverless,30.0,30.0,59.971,False,200,
1787684662.767624,serverless,30.0,30.0,55.117,False,200,
1787684662.8009572,serverless,30.0,30.0,62.059,False,200,
1787684662.8342907,serverless,30.0,30.0,66.131,False,200,
1787684662.867624,serverless,30.0,30.0,52.106,False,200,
1787684662.9009573,serverless,30.0,30.0,49.282,False,200,
1787684662.9342906,serverless,30.0,30.0,48.229,False,200,
1787684662.967624,serverless,30.0,30.0,60.618,False,200,
1787684663.0009573,serverless,30.0,30.0,38.662,False,200,
1787684663.0342906,serverless,30.0,30.0,52.071,False,200,
1787684663.0676239,serverless,30.0,30.0,57.228,False,200,
1787684663.1009574,serverless,30.0,30.0,52.26,False,200,
1787684663.1342907,serverless,30.0,30.0,57.665,False,200,
1787684663.167624,serverless,30.0,30.0,48.394,False,200,
1787684663.2009573,serverless,30.0,30.0,50.89,False,200,
1787684663.2342906,serverless,30.0,30.0,46.475,False,200,
1787684663.267624,serverless,30.0,30.0,75.213,False,200,
1787684663.3009572,serverless,30.0,30.0,47.5,False,200,
1787684663.3342907,serverless,30.0,30.0,54.624,False,200,
1787684663.367624,serverless,30.0,30.0,52.378,False,200,
1787684663.4009573,serverless,30.0,30.0,54.06,False,200,
1787684663.4342906,serverless,30.0,30.0,56.421,False,200,
1787684663.467624,serverless,30.0,30.0,56.508,False,200,
1787684663.5009573,serverless,30.0,30.0,52.198,False,200,
1787684663.5342906,serverless,30.0,30.0,49.755,False,200,
1787684663.5676239,serverless,30.0,30.0,42.73,False,200,
1787684663.6009574,serverless,30.0,30.0,48.608,False,200,
1787684663.6342907,serverless,30.0,30.0,69.743,False,200,
1787684663.667624,serverless,30.0,30.0,30.583,False,200,
1787684663.7009573,serverless,30.0,30.0,47.166,False,200,
1787684663.7342906,serverless,30.0,30.0,49.901,False,200,
1787684663.767624,serverless,30.0,30.0,53.026,False,200,
1787684663.8009572,serverless,30.0,30.0,77.362,False,200,
1787684663.8342907,serverless,30.0,30.0,62.19,False,200,
1787684663.867624,serverless,30.0,30.0,41.702,False,200,
1787684663.9009573,serverless,30.0,30.0,48.978,False,200,
1787684663.9342906,serverless,30.0,30.0,53.589,False,200,
1787684663.967624,serverless,30.0,30.0,49.172,False,200,
1787684664.0009573,serverless,30.0,30.0,43.897,False,200,
1787684664.0342906,serverless,30.0,30.0,41.852,False,200,
1787684664.0676239,serverless,30.0,30.0,1007.568,True,200,
1787684664.1009574,serverless,30.0,30.0,45.607,False,200,
1787684664.1342907,serverless,30.0,30.0,46.59,False,200,
1787684664.167624,serverless,30.0,30.0,34.709,False,200,
1787684664.2009573,serverless,30.0,30.0,44.901,False,200,
1787684664.2342906,serverless,30.0,30.0,36.701,False,200,
1787684664.267624,serverless,30.0,30.0,80.619,False,200,
1787684664.3009572,serverless,30.0,30.0,52.758,False,200,
1787684664.3342907,serverless,30.0,30.0,39.786,False,200,
1787684664.367624,serverless,30.0,30.0,51.939,False,200,
1787684664.4009573,serverless,30.0,30.0,44.824,False,200,
1787684664.4342906,serverless,30.0,30.0,59.038,False,200,
1787684664.467624,serverless,30.0,30.0,62.558,False,200,
1787684664.5009573,serverless,30.0,30.0,53.295,False,200,
1787684664.5342906,serverless,30.0,30.0,58.723,False,200,
1787684664.5676239,serverless,30.0,30.0,48.21,False,200,
1787684664.6009574,serverless,30.0,30.0,34.211,False,200,
1787684664.6342907,serverless,30.0,30.0,44.758,False,200,
1787684664.667624,serverless,30.0,30.0,48.12,False,200,
1787684664.7009573,serverless,30.0,30.0,40.003,False,200,
1787684664.7342906,serverless,30.0,30.0,62.142,False,200,
1787684664.767624,serverless,30.0,30.0,62.392,False,200,
1787684664.8009572,serverless,30.0,30.0,40.673,False,200,
1787684664.8342907,serverless,30.0,30.0,44.079,False,200,
1787684664.867624,serverless,30.0,30.0,55.099,False,200,
1787684664.9009573,serverless,30.0,30.0,53.419,False,200,
1787684664.9342906,serverless,30.0,30.0,61.012,False,200,
1787684664.967624,serverless,30.0,30.0,50.403,False,200,
1787684665.0009573,serverless,30.0,30.0,30.339,False,200,
1787684665.0342906,serverless,30.0,30.0,47.995,False,200,
1787684665.0676239,serverless,30.0,30.0,56.246,False,200,
1787684665.1009574,serverless,30.0,30.0,66.083,False,200,
1787684665.1342907,serverless,30.0,30.0,57.987,False,200,
1787684665.167624,serverless,30.0,30.0,57.259,False,200,
1787684665.2009573,serverless,30.0,30.0,36.42,False,200,
1787684665.2342906,serverless,30.0,30.0,48.941,False,200,
1787684665.267624,serverless,30.0,30.0,36.816,False,200,
1787684665.3009572,serverless,30.0,30.0,46.79,False,200,
1787684665.3342907,serverless,30.0,30.0,57.101,False,200,
1787684665.367624,serverless,30.0,30.0,49.548,False,200,
1787684665.4009573,serverless,30.0,30.0,49.936,False,200,
1787684665.4342906,serverless,30.0,30.0,55.139,False,200,
1787684665.467624,serverless,30.0,30.0,47.735,False,200,
1787684665.5009573,serverless,30.0,30.0,59.054,False,200,
1787684665.5342906,serverless,30.0,30.0,49.749,False,200,
1787684665.5676239,serverless,30.0,30.0,47.896,False,200,
1787684665.6009574,serverless,30.0,30.0,41.456,False,200,
1787684665.6342907,serverless,30.0,30.0,58.043,False,200,
1787684665.667624,serverless,30.0,30.0,43.999,False,200,
1787684665.7009573,serverless,30.0,30.0,44.915,False,200,
1787684665.7342906,serverless,30.0,30.0,50.038,False,200,
1787684665.767624,serverless,30.0,30.0,58.323,False,200,
1787684665.8009572,serverless,30.0,30.0,37.392,False,200,
1787684665.8342907,serverless,30.0,30.0,68.701,False,200,
1787684665.867624,serverless,30.0,30.0,49.962,False,200,
1787684665.9009573,serverless,30.0,30.0,49.905,False,200,
1787684665.9342906,serverless,30.0,30.0,37.576,False,200,
1787684665.967624,serverless,30.0,30.0,59.234,False,200,
1787684666.0009573,serverless,30.0,30.0,35.04,False,200,
1787684666.0342906,serverless,30.0,30.0,39.125,False,200,
1787684666.0676239,serverless,30.0,30.0,56.097,False,200,
1787684666.1009574,serverless,30.0,30.0,44.05,False,200,
1787684666.1342907,serverless,30.0,30.0,53.927,False,200,
1787684666.167624,serverless,30.0,30.0,67.615,False,200,
1787684666.2009573,serverless,30.0,30.0,49.6,False,200,
1787684666.2342906,serverless,30.0,30.0,61.45,False,200,
1787684666.267624,serverless,30.0,30.0,43.847,False,200,
1787684666.3009572,serverless,30.0,30.0,51.349,False,200,
1787684666.3342907,serverless,30.0,30.0,1173.527,True,200,
1787684666.367624,serverless,30.0,30.0,40.634,False,200,
1787684666.4009573,serverless,30.0,30.0,55.808,False,200,
1787684666.4342906,serverless,30.0,30.0,40.245,False,200,
1787684666.467624,serverless,30.0,30.0,56.827,False,200,
1787684666.5009573,serverless,30.0,30.0,40.56,False,200,
1787684666.5342906,serverless,30.0,30.0,46.575,False,200,
1787684666.5676239,serverless,30.0,30.0,47.184,False,200,
1787684666.6009574,serverless,30.0,30.0,73.6,False,200,
1787684666.6342907,serverless,30.0,30.0,41.239,False,200,
1787684666.667624,serverless,30.0,30.0,52.804,False,200,
1787684666.7009573,serverless,30.0,30.0,60.175,False,200,
1787684666.7342906,serverless,30.0,30.0,43.85,False,200,
1787684666.767624,serverless,30.0,30.0,69.222,False,200,
1787684666.8009572,serverless,30.0,30.0,40.96,False,200,
1787684666.8342907,serverless,30.0,30.0,52.078,False,200,
1787684666.867624,serverless,30.0,30.0,75.724,False,200,
1787684666.9009573,serverless,30.0,30.0,44.444,False,200,
1787684666.9342906,serverless,30.0,30.0,40.591,False,200,
1787684666.967624,serverless,30.0,30.0,73.169,False,200,
1787684667.0009573,serverless,30.0,30.0,52.472,False,200,
1787684667.0342906,serverless,30.0,30.0,32.388,False,200,
1787684667.0676239,serverless,30.0,30.0,47.574,False,200,
1787684667.1009574,serverless,30.0,30.0,39.771,False,200,
1787684667.1342907,serverless,30.0,30.0,62.821,False,200,
1787684667.167624,serverless,30.0,30.0,39.375,False,200,
1787684667.2009573,serverless,30.0,30.0,48.146,False,200,
1787684667.2342906,serverless,30.0,30.0,65.73,False,200,
1787684667.267624,serverless,30.0,30.0,61.731,False,200,
1787684667.3009572,serverless,30.0,30.0,58.985,False,200,
1787684667.3342907,serverless,30.0,30.0,42.563,False,200,
1787684667.367624,serverless,30.0,30.0,39.656,False,200,
1787684667.4009573,serverless,30.0,30.0,36.132,False,200,
1787684667.4342906,serverless,30.0,30.0,57.314,False,200,
1787684667.467624,serverless,30.0,30.0,71.576,False,200,
1787684667.5009573,serverless,30.0,30.0,60.053,False,200,
1787684667.5342906,serverless,30.0,30.0,53.488,False,200,
1787684667.5676239,serverless,30.0,30.0,54.158,False,200,
1787684667.6009574,serverless,30.0,30.0,65.363,False,200,
1787684667.6342907,serverless,30.0,30.0,41.763,False,200,
1787684667.667624,serverless,30.0,30.0,55.867,False,200,
1787684667.7009573,serverless,30.0,30.0,35.183,False,200,
1787684667.7342906,serverless,30.0,30.0,96.723,False,200,
1787684667.767624,serverless,30.0,30.0,60.724,False,200,
1787684667.8009572,serverless,30.0,30.0,47.502,False,200,
1787684667.8342907,serverless,30.0,30.0,58.244,False,200,
1787684667.867624,serverless,30.0,30.0,40.221,False,200,
1787684667.9009573,serverless,30.0,30.0,56.33,False,200,
1787684667.9342906,serverless,30.0,30.0,53.886,False,200,
1787684667.967624,serverless,30.0,30.0,54.861,False,200,
1787684668.0009573,serverless,30.0,30.0,59.057,False,200,
1787684668.0342906,serverless,30.0,30.0,61.063,False,200,
1787684668.0676239,serverless,30.0,30.0,40.14,False,200,
1787684668.1009574,serverless,30.0,30.0,64.012,False,200,
1787684668.1342907,serverless,30.0,30.0,81.256,False,200,
1787684668.167624,serverless,30.0,30.0,61.389,False,200,
1787684668.2009573,serverless,30.0,30.0,47.923,False,200,
1787684668.2342906,serverless,30.0,30.0,43.925,False,200,
1787684668.267624,serverless,30.0,30.0,61.931,False,200,
1787684668.3009572,serverless,30.0,30.0,54.238,False,200,
1787684668.3342907,serverless,30.0,30.0,60.351,False,200,
1787684668.367624,serverless,30.0,30.0,40.779,False,200,
1787684668.4009573,serverless,30.0,30.0,89.069,False,200,
1787684668.4342906,serverless,30.0,30.0,25.823,False,200,
1787684668.467624,serverless,30.0,30.0,42.865,False,200,
1787684668.5009573,serverless,30.0,30.0,66.6,False,200,
1787684668.5342906,serverless,30.0,30.0,45.246,False,200,
1787684668.5676239,serverless,30.0,30.0,52.623,False,200,
1787684668.6009574,serverless,30.0,30.0,59.301,False,200,
1787684668.6342907,serverless,30.0,30.0,49.525,False,200,
1787684668.667624,serverless,30.0,30.0,58.857,False,200,
1787684668.7009573,serverless,30.0,30.0,51.489,False,200,
1787684668.7342906,serverless,30.0,30.0,48.924,False,200,
1787684668.767624,serverless,30.0,30.0,42.814,False,200,
1787684668.8009572,serverless,30.0,30.0,47.908,False,200,
1787684668.8342907,serverless,30.0,30.0,50.777,False,200,
1787684668.867624,serverless,30.0,30.0,46.016,False,200,
1787684668.9009573,serverless,30.0,30.0,65.568,False,200,
1787684668.9342906,serverless,30.0,30.0,40.663,False,200,
1787684668.967624,serverless,30.0,30.0,59.908,False,200,
1787684669.0009573,serverless,30.0,30.0,60.501,False,200,
1787684669.0342906,serverless,30.0,30.0,43.714,False,200,
1787684669.0676239,serverless,30.0,30.0,67.497,False,200,
1787684669.1009574,serverless,30.0,30.0,50.864,False,200,
1787684669.1342907,serverless,30.0,30.0,51.648,False,200,
1787684669.167624,serverless,30.0,30.0,54.383,False,200,
1787684669.2009573,serverless,30.0,30.0,39.916,False,200,
1787684669.2342906,serverless,30.0,30.0,58.802,False,200,
1787684669.267624,serverless,30.0,30.0,42.952,False,200,
1787684669.3009572,serverless,30.0,30.0,68.836,False,200,
1787684669.3342907,serverless,30.0,30.0,76.242,False,200,
1787684669.367624,serverless,30.0,30.0,54.196,False,200,
1787684669.4009573,serverless,30.0,30.0,49.153,False,200,
1787684669.4342906,serverless,30.0,30.0,33.56,False,200,
1787684669.467624,serverless,30.0,30.0,56.376,False,200,
1787684669.5009573,serverless,30.0,30.0,42.013,False,200,
1787684669.5342906,serverless,30.0,30.0,31.609,False,200,
1787684669.5676239,serverless,30.0,30.0,44.07,False,200,
1787684669.6009574,serverless,30.0,30.0,27.26,False,200,
1787684669.6342907,serverless,30.0,30.0,38.258,False,200,
1787684669.667624,serverless,30.0,30.0,45.077,False,200,
1787684669.7009573,serverless,30.0,30.0,57.732,False,200,
1787684669.7342906,serverless,30.0,30.0,37.224,False,200,
1787684669.767624,serverless,30.0,30.0,53.325,False,200,
1787684669.8009572,serverless,30.0,30.0,54.474,False,200,
1787684669.8342907,serverless,30.0,30.0,46.807,False,200,
1787684669.867624,serverless,30.0,30.0,58.871,False,200,
1787684669.9009573,serverless,30.0,30.0,42.922,False,200,
1787684669.9342906,serverless,30.0,30.0,46.564,False,200,
1787684669.967624,serverless,30.0,30.0,38.492,False,200,
1787684670.0009573,serverless,30.0,30.0,55.086,False,200,
1787684670.0342906,serverless,30.0,30.0,43.358,False,200,
1787684670.0676239,serverless,30.0,30.0,50.887,False,200,
1787684670.1009574,serverless,30.0,30.0,51.191,False,200,
1787684670.1342907,serverless,30.0,30.0,58.34,False,200,
1787684670.167624,serverless,30.0,30.0,41.375,False,200,
1787684670.2009573,serverless,30.0,30.0,49.02,False,200,
1787684670.2342906,serverless,30.0,30.0,59.842,False,200,
1787684670.267624,serverless,30.0,30.0,57.626,False,200,
1787684670.3009572,serverless,30.0,30.0,40.644,False,200,
1787684670.3342907,serverless,30.0,30.0,48.397,False,200,
1787684670.367624,serverless,30.0,30.0,47.781,False,200,
1787684670.4009573,serverless,30.0,30.0,37.149,False,200,
1787684670.4342906,serverless,30.0,30.0,41.809,False,200,
1787684670.467624,serverless,30.0,30.0,41.437,False,200,
1787684670.5009573,serverless,30.0,30.0,47.861,False,200,
1787684670.5342906,serverless,30.0,30.0,36.109,False,200,
1787684670.5676239,serverless,30.0,30.0,61.724,False,200,
1787684670.6009574,serverless,30.0,30.0,57.451,False,200,
1787684670.6342907,serverless,30.0,30.0,69.646,False,200,
1787684670.667624,serverless,30.0,30.0,49.52,False,200,
1787684670.7009573,serverless,30.0,30.0,38.201,False,200,
1787684670.7342906,serverless,30.0,30.0,39.359,False,200,
1787684670.767624,serverless,30.0,30.0,38.558,False,200,
1787684670.8009572,serverless,30.0,30.0,60.31,False,200,
1787684670.8342907,serverless,30.0,30.0,54.575,False,200,
1787684670.867624,serverless,30.0,30.0,42.31,False,200,
1787684670.9009573,serverless,30.0,30.0,60.405,False,200,
1787684670.9342906,serverless,30.0,30.0,53.737,False,200,
1787684670.967624,serverless,30.0,30.0,51.285,False,200,
1787684671.0009573,serverless,30.0,30.0,52.953,False,200,
1787684671.0342906,serverless,30.0,30.0,51.725,False,200,
1787684671.0676239,serverless,30.0,30.0,45.74,False,200,
1787684671.1009574,serverless,30.0,30.0,63.358,False,200,
1787684671.1342907,serverless,30.0,30.0,51.752,False,200,
1787684671.167624,serverless,30.0,30.0,54.434,False,200,
1787684671.2009573,serverless,30.0,30.0,50.99,False,200,
1787684671.2342906,serverless,30.0,30.0,55.518,False,200,
1787684671.267624,serverless,30.0,30.0,47.362,False,200,
1787684671.3009572,serverless,30.0,30.0,76.288,False,200,
1787684671.3342907,serverless,30.0,30.0,34.513,False,200,
1787684671.367624,serverless,30.0,30.0,41.411,False,200,
1787684671.4009573,serverless,30.0,30.0,44.626,False,200,
1787684671.4342906,serverless,30.0,30.0,44.812,False,200,
1787684671.467624,serverless,30.0,30.0,71.455,False,200,
1787684671.5009573,serverless,30.0,30.0,72.309,False,200,
1787684671.5342906,serverless,30.0,30.0,42.486,False,200,
1787684671.5676239,serverless,30.0,30.0,66.578,False,200,
1787684671.6009574,serverless,30.0,30.0,43.255,False,200,
1787684671.6342907,serverless,30.0,30.0,68.029,False,200,
1787684671.667624,serverless,30.0,30.0,65.321,False,200,
1787684671.7009573,serverless,30.0,30.0,41.091,False,200,
1787684671.7342906,serverless,30.0,30.0,58.577,False,200,
1787684671.767624,serverless,30.0,30.0,47.418,False,200,
1787684671.8009572,serverless,30.0,30.0,46.095,False,200,
1787684671.8342907,serverless,30.0,30.0,45.429,False,200,
1787684671.867624,serverless,30.0,30.0,50.113,False,200,
1787684671.9009573,serverless,30.0,30.0,62.566,False,200,
1787684671.9342906,serverless,30.0,30.0,60.552,False,200,
1787684671.967624,serverless,30.0,30.0,54.688,False,200,
1787684672.0009573,serverless,30.0,30.0,41.798,False,200,
1787684672.0342906,serverless,30.0,30.0,40.699,False,200,
1787684672.0676239,serverless,30.0,30.0,44.338,False,200,
1787684672.1009574,serverless,30.0,30.0,49.095,False,200,
1787684672.1342907,serverless,30.0,30.0,52.36,False,200,
1787684672.167624,serverless,30.0,30.0,47.75,False,200,
1787684672.2009573,serverless,30.0,30.0,51.451,False,200,
1787684672.2342906,serverless,30.0,30.0,36.937,False,200,
1787684672.267624,serverless,30.0,30.0,31.714,False,200,
1787684672.3009572,serverless,30.0,30.0,57.917,False,200,
1787684672.3342907,serverless,30.0,30.0,74.452,False,200,
1787684672.367624,serverless,30.0,30.0,46.029,False,200,
1787684672.4009573,serverless,30.0,30.0,901.609,True,200,
1787684672.4342906,serverless,30.0,30.0,59.316,False,200,
1787684672.467624,serverless,30.0,30.0,63.468,False,200,
1787684672.5009573,serverless,30.0,30.0,57.782,False,200,
1787684672.5342906,serverless,30.0,30.0,43.339,False,200,
1787684672.5676239,serverless,30.0,30.0,55.339,False,200,
1787684672.6009574,serverless,30.0,30.0,51.806,False,200,
1787684672.6342907,serverless,30.0,30.0,51.17,False,200,
1787684672.667624,serverless,30.0,30.0,43.508,False,200,
1787684672.7009573,serverless,30.0,30.0,46.001,False,200,
1787684672.7342906,serverless,30.0,30.0,42.882,False,200,
1787684672.767624,serverless,30.0,30.0,63.441,False,200,
1787684672.8009572,serverless,30.0,30.0,46.27,False,200,
1787684672.8342907,serverless,30.0,30.0,42.065,False,200,
1787684672.867624,serverless,30.0,30.0,74.783,False,200,
1787684672.9009573,serverless,30.0,30.0,42.67,False,200,
1787684672.9342906,serverless,30.0,30.0,46.066,False,200,
1787684672.967624,serverless,30.0,30.0,55.76,False,200,
1787684673.0009573,serverless,30.0,30.0,56.151,False,200,
1787684673.0342906,serverless,30.0,30.0,49.002,False,200,
1787684673.0676239,serverless,30.0,30.0,60.273,False,200,
1787684673.1009574,serverless,30.0,30.0,39.261,False,200,
1787684673.1342907,serverless,30.0,30.0,51.044,False,200,
1787684673.167624,serverless,30.0,30.0,43.586,False,200,
1787684673.2009573,serverless,30.0,30.0,48.798,False,200,
1787684673.2342906,serverless,30.0,30.0,51.678,False,200,
1787684673.267624,serverless,30.0,30.0,54.097,False,200,
1787684673.3009572,serverless,30.0,30.0,36.471,False,200,
1787684673.3342907,serverless,30.0,30.0,51.201,False,200,
1787684673.367624,serverless,30.0,30.0,47.492,False,200,
1787684673.4009573,serverless,30.0,30.0,69.753,False,200,
1787684673.4342906,serverless,30.0,30.0,49.53,False,200,
1787684673.467624,serverless,30.0,30.0,43.48,False,200,
1787684673.5009573,serverless,30.0,30.0,32.99,False,200,
1787684673.5342906,serverless,30.0,30.0,56.656,False,200,
1787684673.5676239,serverless,30.0,30.0,46.971,False,200,
1787684673.6009574,serverless,30.0,30.0,55.054,False,200,
1787684673.6342907,serverless,30.0,30.0,59.802,False,200,
1787684673.667624,serverless,30.0,30.0,35.696,False,200,
1787684673.7009573,serverless,30.0,30.0,53.287,False,200,
1787684673.7342906,serverless,30.0,30.0,41.465,False,200,
1787684673.767624,serverless,30.0,30.0,49.437,False,200,
1787684673.8009572,serverless,30.0,30.0,50.912,False,200,
1787684673.8342907,serverless,30.0,30.0,56.759,False,200,
1787684673.867624,serverless,30.0,30.0,50.808,False,200,
1787684673.9009573,serverless,30.0,30.0,45.825,False,200,
1787684673.9342906,serverless,30.0,30.0,73.045,False,200,
1787684673.967624,serverless,30.0,30.0,36.966,False,200,
1787684674.0009573,serverless,30.0,30.0,60.733,False,200,
1787684674.0342906,serverless,30.0,30.0,57.635,False,200,
1787684674.0676239,serverless,30.0,30.0,44.203,False,200,
1787684674.1009574,serverless,30.0,30.0,52.635,False,200,
1787684674.1342907,serverless,30.0,30.0,59.909,False,200,
1787684674.167624,serverless,30.0,30.0,52.14,False,200,
1787684674.2009573,serverless,30.0,30.0,61.206,False,200,
1787684674.2342906,serverless,30.0,30.0,40.16,False,200,
1787684674.267624,serverless,30.0,30.0,51.067,False,200,
1787684674.3009572,serverless,30.0,30.0,1434.143,True,200,
1787684674.3342907,serverless,30.0,30.0,41.79,False,200,
1787684674.367624,serverless,30.0,30.0,57.73,False,200,
1787684674.4009573,serverless,30.0,30.0,57.81,False,200,
1787684674.4342906,serverless,30.0,30.0,58.207,False,200,
1787684674.467624,serverless,30.0,30.0,55.089,False,200,
1787684674.5009573,serverless,30.0,30.0,35.732,False,200,
1787684674.5342906,serverless,30.0,30.0,38.058,False,200,
1787684674.5676239,serverless,30.0,30.0,70.264,False,200,
1787684674.6009574,serverless,30.0,30.0,49.701,False,200,
1787684674.6342907,serverless,30.0,30.0,40.968,False,200,
1787684674.667624,serverless,30.0,30.0,44.298,False,200,
1787684674.7009573,serverless,30.0,30.0,46.084,False,200,
1787684674.7342906,serverless,30.0,30.0,1498.953,True,200,
1787684674.767624,serverless,30.0,30.0,63.217,False,200,
1787684674.8009572,serverless,30.0,30.0,79.414,False,200,
1787684674.8342907,serverless,30.0,30.0,30.015,False,200,
1787684674.867624,serverless,30.0,30.0,58.951,False,200,
1787684674.9009573,serverless,30.0,30.0,58.023,False,200,
1787684674.9342906,serverless,30.0,30.0,52.544,False,200,
1787684674.967624,serverless,30.0,30.0,43.602,False,200,
1787684675.0009573,serverless,30.0,30.0,55.83,False,200,
1787684675.0342906,serverless,30.0,30.0,46.345,False,200,
1787684675.0676239,serverless,30.0,30.0,52.742,False,200,
1787684675.1009574,serverless,30.0,30.0,52.656,False,200,
1787684675.1342907,serverless,30.0,30.0,44.67,False,200,
1787684675.167624,serverless,30.0,30.0,57.23,False,200,
1787684675.2009573,serverless,30.0,30.0,50.588,False,200,
1787684675.2342906,serverless,30.0,30.0,45.334,False,200,
1787684675.267624,serverless,30.0,30.0,41.904,False,200,
1787684675.3009572,serverless,30.0,30.0,43.637,False,200,
1787684675.3342907,serverless,30.0,30.0,50.497,False,200,
1787684675.367624,serverless,30.0,30.0,50.196,False,200,
1787684675.4009573,serverless,30.0,30.0,48.449,False,200,
1787684675.4342906,serverless,30.0,30.0,38.738,False,200,
1787684675.467624,serverless,30.0,30.0,51.898,False,200,
1787684675.5009573,serverless,30.0,30.0,44.579,False,200,
1787684675.5342906,serverless,30.0,30.0,79.04,False,200,
1787684675.5676239,serverless,30.0,30.0,52.866,False,200,
1787684675.6009574,serverless,30.0,30.0,50.99,False,200,
1787684675.6342907,serverless,30.0,30.0,52.709,False,200,
1787684675.667624,serverless,30.0,30.0,57.427,False,200,
1787684675.7009573,serverless,30.0,30.0,50.555,False,200,
1787684675.7342906,serverless,30.0,30.0,87.038,False,200,
1787684675.767624,serverless,30.0,30.0,44.382,False,200,
1787684675.8009572,serverless,30.0,30.0,33.249,False,200,
1787684675.8342907,serverless,30.0,30.0,51.936,False,200,
1787684675.867624,serverless,30.0,30.0,28.815,False,200,
1787684675.9009573,serverless,30.0,30.0,36.612,False,200,
1787684675.9342906,serverless,30.0,30.0,55.323,False,200,
1787684675.967624,serverless,30.0,30.0,47.379,False,200,
1787684676.0009573,serverless,30.0,30.0,55.596,False,200,
1787684676.0342906,serverless,30.0,30.0,44.698,False,200,
1787684676.0676239,serverless,30.0,30.0,46.166,False,200,
1787684676.1009574,serverless,30.0,30.0,56.068,False,200,
1787684676.1342907,serverless,30.0,30.0,52.816,False,200,
1787684676.167624,serverless,30.0,30.0,32.746,False,200,
1787684676.2009573,serverless,30.0,30.0,45.299,False,200,
1787684676.2342906,serverless,30.0,30.0,52.243,False,200,
1787684676.267624,serverless,30.0,30.0,61.889,False,200,
1787684676.3009572,serverless,30.0,30.0,46.805,False,200,
1787684676.3342907,serverless,30.0,30.0,38.666,False,200,
1787684676.367624,serverless,30.0,30.0,65.572,False,200,
1787684676.4009573,serverless,30.0,30.0,44.173,False,200,
1787684676.4342906,serverless,30.0,30.0,54.816,False,200,
1787684676.467624,serverless,30.0,30.0,50.631,False,200,
1787684676.5009573,serverless,30.0,30.0,47.565,False,200,
1787684676.5342906,serverless,30.0,30.0,42.816,False,200,
1787684676.5676239,serverless,30.0,30.0,46.551,False,200,
1787684676.6009574,serverless,30.0,30.0,53.668,False,200,
1787684676.6342907,serverless,30.0,30.0,56.061,False,200,
1787684676.667624,serverless,30.0,30.0,54.376,False,200,
1787684676.7009573,serverless,30.0,30.0,54.029,False,200,
1787684676.7342906,serverless,30.0,30.0,36.213,False,200,
1787684676.767624,serverless,30.0,30.0,44.739,False,200,
1787684676.8009572,serverless,30.0,30.0,49.617,False,200,
1787684676.8342907,serverless,30.0,30.0,47.578,False,200,
1787684676.867624,serverless,30.0,30.0,51.142,False,200,
1787684676.9009573,serverless,30.0,30.0,63.157,False,200,
1787684676.9342906,serverless,30.0,30.0,54.145,False,200,
1787684676.967624,serverless,30.0,30.0,54.799,False,200,
1787684677.0009573,serverless,30.0,30.0,40.762,False,200,
1787684677.0342906,serverless,30.0,30.0,43.047,False,200,
1787684677.0676239,serverless,30.0,30.0,65.605,False,200,
1787684677.1009574,serverless,30.0,30.0,43.357,False,200,
1787684677.1342907,serverless,30.0,30.0,42.757,False,200,
1787684677.167624,serverless,30.0,30.0,49.24,False,200,
1787684677.2009573,serverless,30.0,30.0,54.981,False,200,
1787684677.2342906,serverless,30.0,30.0,45.252,False,200,
1787684677.267624,serverless,30.0,30.0,38.747,False,200,
1787684677.3009572,serverless,30.0,30.0,32.497,False,200,
1787684677.3342907,serverless,30.0,30.0,45.535,False,200,
1787684677.367624,serverless,30.0,30.0,56.123,False,200,
1787684677.4009573,serverless,30.0,30.0,56.325,False,200,
1787684677.4342906,serverless,30.0,30.0,53.677,False,200,
1787684677.467624,serverless,30.0,30.0,40.069,False,200,
1787684677.5009573,serverless,30.0,30.0,46.47,False,200,
1787684677.5342906,serverless,30.0,30.0,47.84,False,200,
1787684677.5676239,serverless,30.0,30.0,51.966,False,200,
1787684677.6009574,serverless,30.0,30.0,58.591,False,200,
1787684677.6342907,serverless,30.0,30.0,34.191,False,200,
1787684677.667624,serverless,30.0,30.0,39.423,False,200,
1787684677.7009573,serverless,30.0,30.0,50.706,False,200,
1787684677.7342906,serverless,30.0,30.0,764.777,True,200,
1787684677.767624,serverless,30.0,30.0,53.968,False,200,
1787684677.8009572,serverless,30.0,30.0,62.137,False,200,
1787684677.8342907,serverless,30.0,30.0,56.849,False,200,
1787684677.867624,serverless,30.0,30.0,40.331,False,200,
1787684677.9009573,serverless,30.0,30.0,47.942,False,200,
1787684677.9342906,serverless,30.0,30.0,40.649,False,200,
1787684677.967624,serverless,30.0,30.0,74.535,False,200,
1787684678.0009573,serverless,30.0,30.0,48.559,False,200,
1787684678.0342906,serverless,30.0,30.0,62.853,False,200,
1787684678.0676239,serverless,30.0,30.0,41.215,False,200,
1787684678.1009574,serverless,30.0,30.0,41.055,False,200,
1787684678.1342907,serverless,30.0,30.0,53.178,False,200,
1787684678.167624,serverless,30.0,30.0,46.617,False,200,
1787684678.2009573,serverless,30.0,30.0,47.538,False,200,
1787684678.2342906,serverless,30.0,30.0,52.302,False,200,
1787684678.267624,serverless,30.0,30.0,45.754,False,200,
1787684678.3009572,serverless,30.0,30.0,60.375,False,200,
1787684678.3342907,serverless,30.0,30.0,41.296,False,200,
1787684678.367624,serverless,30.0,30.0,37.003,False,200,
1787684678.4009573,serverless,30.0,30.0,62.137,False,200,
1787684678.4342906,serverless,30.0,30.0,46.095,False,200,
1787684678.467624,serverless,30.0,30.0,55.832,False,200,
1787684678.5009573,serverless,30.0,30.0,41.457,False,200,
1787684678.5342906,serverless,30.0,30.0,54.518,False,200,
1787684678.5676239,serverless,30.0,30.0,31.017,False,200,
1787684678.6009574,serverless,30.0,30.0,59.107,False,200,
1787684678.6342907,serverless,30.0,30.0,55.897,False,200,
1787684678.667624,serverless,30.0,30.0,56.395,False,200,
1787684678.7009573,serverless,30.0,30.0,40.077,False,200,
1787684678.7342906,serverless,30.0,30.0,41.374,False,200,
1787684678.767624,serverless,30.0,30.0,48.338,False,200,
1787684678.8009572,serverless,30.0,30.0,51.346,False,200,
1787684678.8342907,serverless,30.0,30.0,1228.057,True,200,
1787684678.867624,serverless,30.0,30.0,50.418,False,200,
1787684678.9009573,serverless,30.0,30.0,49.004,False,200,
1787684678.9342906,serverless,30.0,30.0,58.334,False,200,
1787684678.967624,serverless,30.0,30.0,51.768,False,200,
1787684679.0009573,serverless,30.0,30.0,41.269,False,200,
1787684679.0342906,serverless,30.0,30.0,45.971,False,200,
1787684679.0676239,serverless,30.0,30.0,40.228,False,200,
1787684679.1009574,serverless,30.0,30.0,53.887,False,200,
1787684679.1342907,serverless,30.0,30.0,41.202,False,200,
1787684679.167624,serverless,30.0,30.0,35.075,False,200,
1787684679.2009573,serverless,30.0,30.0,60.733,False,200,
1787684679.2342906,serverless,30.0,30.0,60.597,False,200,
1787684679.267624,serverless,30.0,30.0,39.604,False,200,
1787684679.3009572,serverless,30.0,30.0,42.785,False,200,
1787684679.3342907,serverless,30.0,30.0,44.148,False,200,
1787684679.367624,serverless,30.0,30.0,52.41,False,200,
1787684679.4009573,serverless,30.0,30.0,51.993,False,200,
1787684679.4342906,serverless,30.0,30.0,43.257,False,200,
1787684679.467624,serverless,30.0,30.0,50.427,False,200,
1787684679.5009573,serverless,30.0,30.0,42.048,False,200,
1787684679.5342906,serverless,30.0,30.0,53.123,False,200,
1787684679.5676239,serverless,30.0,30.0,55.492,False,200,
1787684679.6009574,serverless,30.0,30.0,51.092,False,200,
1787684679.6342907,serverless,30.0,30.0,71.462,False,200,
1787684679.667624,serverless,30.0,30.0,47.659,False,200,
1787684679.7009573,serverless,30.0,30.0,43.481,False,200,
1787684679.7342906,serverless,30.0,30.0,41.492,False,200,
1787684679.767624,serverless,30.0,30.0,55.493,False,200,
1787684679.8009572,serverless,30.0,30.0,64.351,False,200,
1787684679.8342907,serverless,30.0,30.0,66.324,False,200,
1787684679.867624,serverless,30.0,30.0,73.622,False,200,
1787684679.9009573,serverless,30.0,30.0,82.579,False,200,
1787684679.9342906,serverless,30.0,30.0,45.751,False,200,
1787684679.967624,serverless,30.0,30.0,46.989,False,200,
1787684680.0009573,serverless,30.0,30.0,40.029,False,200,
1787684680.0342906,serverless,30.0,30.0,47.485,False,200,
1787684680.0676239,serverless,30.0,30.0,58.934,False,200,
1787684680.1009574,serverless,30.0,30.0,61.272,False,200,
1787684680.1342907,serverless,30.0,30.0,42.496,False,200,
1787684680.167624,serverless,30.0,30.0,57.408,False,200,
1787684680.2009573,serverless,30.0,30.0,63.165,False,200,
1787684680.2342906,serverless,30.0,30.0,67.498,False,200,
1787684680.267624,serverless,30.0,30.0,44.978,False,200,
1787684680.3009572,serverless,30.0,30.0,62.379,False,200,
1787684680.3342907,serverless,30.0,30.0,51.393,False,200,
1787684680.367624,serverless,30.0,30.0,56.867,False,200,
1787684680.4009573,serverless,30.0,30.0,54.451,False,200,
1787684680.4342906,serverless,30.0,30.0,54.44,False,200,
1787684680.467624,serverless,30.0,30.0,40.585,False,200,
1787684680.5009573,serverless,30.0,30.0,38.94,False,200,
1787684680.5342906,serverless,30.0,30.0,38.683,False,200,
1787684680.5676239,serverless,30.0,30.0,59.978,False,200,
1787684680.6009574,serverless,30.0,30.0,37.224,False,200,
1787684680.6342907,serverless,30.0,30.0,51.341,False,200,
1787684680.667624,serverless,30.0,30.0,60.529,False,200,
1787684680.7009573,serverless,30.0,30.0,46.589,False,200,
1787684680.7342906,serverless,30.0,30.0,44.272,False,200,
1787684680.767624,serverless,30.0,30.0,52.892,False,200,
1787684680.8009572,serverless,30.0,30.0,50.034,False,200,
1787684680.8342907,serverless,30.0,30.0,46.413,False,200,
1787684680.867624,serverless,30.0,30.0,57.117,False,200,
1787684680.9009573,serverless,30.0,30.0,36.895,False,200,
1787684680.9342906,serverless,30.0,30.0,52.234,False,200,
1787684680.967624,serverless,30.0,30.0,60.985,False,200,
1787684681.0009573,serverless,30.0,30.0,48.103,False,200,
1787684681.0342906,serverless,30.0,30.0,43.746,False,200,
1787684681.0676239,serverless,30.0,30.0,39.904,False,200,
1787684681.1009574,serverless,30.0,30.0,70.972,False,200,
1787684681.1342907,serverless,30.0,30.0,31.163,False,200,
1787684681.167624,serverless,30.0,30.0,44.472,False,200,
1787684681.2009573,serverless,30.0,30.0,58.404,False,200,
1787684681.2342906,serverless,30.0,30.0,37.754,False,200,
1787684681.267624,serverless,30.0,30.0,57.625,False,200,
1787684681.3009572,serverless,30.0,30.0,59.871,False,200,
1787684681.3342907,serverless,30.0,30.0,48.169,False,200,
1787684681.367624,serverless,30.0,30.0,57.633,False,200,
1787684681.4009573,serverless,30.0,30.0,66.138,False,200,
1787684681.4342906,serverless,30.0,30.0,58.928,False,200,
1787684681.467624,serverless,30.0,30.0,43.991,False,200,
1787684681.5009573,serverless,30.0,30.0,38.96,False,200,
1787684681.5342906,serverless,30.0,30.0,50.021,False,200,
1787684681.5676239,serverless,30.0,30.0,51.225,False,200,
1787684681.6009574,serverless,30.0,30.0,32.552,False,200,
1787684681.6342907,serverless,30.0,30.0,45.169,False,200,
1787684681.667624,serverless,30.0,30.0,41.236,False,200,
1787684681.7009573,serverless,30.0,30.0,48.159,False,200,
1787684681.7342906,serverless,30.0,30.0,48.993,False,200,
1787684681.767624,serverless,30.0,30.0,51.626,False,200,
1787684681.8009572,serverless,30.0,30.0,54.733,False,200,
1787684681.8342907,serverless,30.0,30.0,40.706,False,200,
1787684681.867624,serverless,30.0,30.0,51.852,False,200,
1787684681.9009573,serverless,30.0,30.0,45.819,False,200,
1787684681.9342906,serverless,30.0,30.0,39.549,False,200,
1787684681.967624,serverless,30.0,30.0,58.065,False,200,
1787684682.0009573,serverless,30.0,30.0,52.217,False,200,
1787684682.0342906,serverless,30.0,30.0,38.133,False,200,
1787684682.0676239,serverless,30.0,30.0,39.402,False,200,
1787684682.1009574,serverless,30.0,30.0,53.533,False,200,
1787684682.1342907,serverless,30.0,30.0,83.08,False,200,
1787684682.167624,serverless,30.0,30.0,58.461,False,200,
1787684682.2009573,serverless,30.0,30.0,61.164,False,200,
1787684682.2342906,serverless,30.0,30.0,36.885,False,200,
1787684682.267624,serverless,30.0,30.0,72.888,False,200,
1787684682.3009572,serverless,30.0,30.0,53.868,False,200,
1787684682.3342907,serverless,30.0,30.0,45.768,False,200,
1787684682.367624,serverless,30.0,30.0,61.398,False,200,
1787684682.4009573,serverless,30.0,30.0,52.238,False,200,
1787684682.4342906,serverless,30.0,30.0,59.796,False,200,
1787684682.467624,serverless,30.0,30.0,42.967,False,200,
1787684682.5009573,serverless,30.0,30.0,45.301,False,200,
1787684682.5342906,serverless,30.0,30.0,40.036,False,200,
1787684682.5676239,serverless,30.0,30.0,88.442,False,200,
1787684682.6009574,serverless,30.0,30.0,57.3,False,200,
1787684682.6342907,serverless,30.0,30.0,36.011,False,200,
1787684682.667624,serverless,30.0,30.0,62.287,False,200,
1787684682.7009573,serverless,30.0,30.0,43.555,False,200,
1787684682.7342906,serverless,30.0,30.0,48.824,False,200,
1787684682.767624,serverless,30.0,30.0,46.07,False,200,
1787684682.8009572,serverless,30.0,30.0,33.577,False,200,
1787684682.8342907,serverless,30.0,30.0,56.77,False,200,
1787684682.867624,serverless,30.0,30.0,38.575,False,200,
1787684682.9009573,serverless,30.0,30.0,49.485,False,200,
1787684682.9342906,serverless,30.0,30.0,35.119,False,200,
1787684682.967624,serverless,30.0,30.0,41.458,False,200,
1787684683.0009573,serverless,30.0,30.0,57.02,False,200,
1787684683.0342906,serverless,30.0,30.0,32.912,False,200,
1787684683.0676239,serverless,30.0,30.0,45.342,False,200,
1787684683.1009574,serverless,30.0,30.0,31.281,False,200,
1787684683.1342907,serverless,30.0,30.0,51.853,False,200,
1787684683.167624,serverless,30.0,30.0,57.925,False,200,
1787684683.2009573,serverless,30.0,30.0,57.03,False,200,
1787684683.2342906,serverless,30.0,30.0,36.104,False,200,
1787684683.267624,serverless,30.0,30.0,45.281,False,200,
1787684683.3009572,serverless,30.0,30.0,51.236,False,200,
1787684683.3342907,serverless,30.0,30.0,35.84,False,200,
1787684683.367624,serverless,30.0,30.0,50.186,False,200,
1787684683.4009573,serverless,30.0,30.0,62.437,False,200,
1787684683.4342906,serverless,30.0,30.0,50.556,False,200,
1787684683.467624,serverless,30.0,30.0,48.814,False,200,
1787684683.5009573,serverless,30.0,30.0,62.803,False,200,
1787684683.5342906,serverless,30.0,30.0,41.027,False,200,
1787684683.5676239,serverless,30.0,30.0,39.631,False,200,
1787684683.6009574,serverless,30.0,30.0,68.741,False,200,
1787684683.6342907,serverless,30.0,30.0,36.122,False,200,
1787684683.667624,serverless,30.0,30.0,52.518,False,200,
1787684683.7009573,serverless,30.0,30.0,57.635,False,200,
1787684683.7342906,serverless,30.0,30.0,51.23,False,200,
1787684683.767624,serverless,30.0,30.0,75.369,False,200,
1787684683.8009572,serverless,30.0,30.0,66.215,False,200,
1787684683.8342907,serverless,30.0,30.0,44.801,False,200,
1787684683.867624,serverless,30.0,30.0,58.079,False,200,
1787684683.9009573,serverless,30.0,30.0,49.978,False,200,
1787684683.9342906,serverless,30.0,30.0,45.77,False,200,
1787684683.967624,serverless,30.0,30.0,49.588,False,200,
1787684684.0009573,serverless,30.0,30.0,54.895,False,200,
1787684684.0342906,serverless,30.0,30.0,48.179,False,200,
1787684684.0676239,serverless,30.0,30.0,55.461,False,200,
1787684684.1009574,serverless,30.0,30.0,62.26,False,200,
1787684684.1342907,serverless,30.0,30.0,50.792,False,200,
1787684684.167624,serverless,30.0,30.0,39.682,False,200,
1787684684.2009573,serverless,30.0,30.0,48.759,False,200,
1787684684.2342906,serverless,30.0,30.0,64.966,False,200,
1787684684.267624,serverless,30.0,30.0,44.007,False,200,
1787684684.3009572,serverless,30.0,30.0,45.836,False,200,
1787684684.3342907,serverless,30.0,30.0,37.008,False,200,
1787684684.367624,serverless,30.0,30.0,52.203,False,200,
1787684684.4009573,serverless,30.0,30.0,55.239,False,200,
1787684684.4342906,serverless,30.0,30.0,61.536,False,200,
1787684684.467624,serverless,30.0,30.0,43.25,False,200,
1787684684.5009573,serverless,30.0,30.0,59.703,False,200,
1787684684.5342906,serverless,30.0,30.0,58.02,False,200,
1787684684.5676239,serverless,30.0,30.0,51.272,False,200,
1787684684.6009574,serverless,30.0,30.0,64.177,False,200,
1787684684.6342907,serverless,30.0,30.0,46.072,False,200,
1787684684.667624,serverless,30.0,30.0,44.38,False,200,
1787684684.7009573,serverless,30.0,30.0,45.562,False,200,
1787684684.7342906,serverless,30.0,30.0,38.55,False,200,
1787684684.767624,serverless,30.0,30.0,44.944,False,200,
1787684684.8009572,serverless,30.0,30.0,56.726,False,200,
1787684684.8342907,serverless,30.0,30.0,40.937,False,200,
1787684684.867624,serverless,30.0,30.0,51.353,False,200,
1787684684.9009573,serverless,30.0,30.0,43.554,False,200,
1787684684.9342906,serverless,30.0,30.0,39.796,False,200,
1787684684.967624,serverless,30.0,30.0,59.578,False,200,
1787684685.0009573,serverless,30.0,30.0,51.593,False,200,
1787684685.0342906,serverless,30.0,30.0,48.047,False,200,
1787684685.0676239,serverless,30.0,30.0,55.969,False,200,
1787684685.1009574,serverless,30.0,30.0,49.871,False,200,
1787684685.1342907,serverless,30.0,30.0,49.112,False,200,
1787684685.167624,serverless,30.0,30.0,65.437,False,200,
1787684685.2009573,serverless,30.0,30.0,61.346,False,200,
1787684685.2342906,serverless,30.0,30.0,43.97,False,200,
1787684685.267624,serverless,30.0,30.0,47.767,False,200,
1787684685.3009572,serverless,30.0,30.0,48.783,False,200,
1787684685.3342907,serverless,30.0,30.0,49.824,False,200,
1787684685.367624,serverless,30.0,30.0,67.126,False,200,
1787684685.4009573,serverless,30.0,30.0,46.158,False,200,
1787684685.4342906,serverless,30.0,30.0,50.069,False,200,
1787684685.467624,serverless,30.0,30.0,39.674,False,200,
1787684685.5009573,serverless,30.0,30.0,36.503,False,200,
1787684685.5342906,serverless,30.0,30.0,55.099,False,200,
1787684685.5676239,serverless,30.0,30.0,55.916,False,200,
1787684685.6009574,serverless,30.0,30.0,41.013,False,200,
1787684685.6342907,serverless,30.0,30.0,50.054,False,200,
1787684685.667624,serverless,30.0,30.0,43.377,False,200,
1787684685.7009573,serverless,30.0,30.0,55.366,False,200,
1787684685.7342906,serverless,30.0,30.0,44.088,False,200,
1787684685.767624,serverless,30.0,30.0,54.105,False,200,
1787684685.8009572,serverless,30.0,30.0,57.423,False,200,
1787684685.8342907,serverless,30.0,30.0,63.821,False,200,
1787684685.867624,serverless,30.0,30.0,34.394,False,200,
1787684685.9009573,serverless,30.0,30.0,51.924,False,200,
1787684685.9342906,serverless,30.0,30.0,59.608,False,200,
1787684685.967624,serverless,30.0,30.0,65.643,False,200,
1787684686.0009573,serverless,30.0,30.0,56.804,False,200,
1787684686.0342906,serverless,30.0,30.0,45.782,False,200,
1787684686.0676239,serverless,30.0,30.0,42.053,False,200,
1787684686.1009574,serverless,30.0,30.0,39.138,False,200,
1787684686.1342907,serverless,30.0,30.0,53.854,False,200,
1787684686.167624,serverless,30.0,30.0,52.52,False,200,
1787684686.2009573,serverless,30.0,30.0,35.689,False,200,
1787684686.2342906,serverless,30.0,30.0,66.527,False,200,
1787684686.267624,serverless,30.0,30.0,59.17,False,200,
1787684686.3009572,serverless,30.0,30.0,58.14,False,200,
1787684686.3342907,serverless,30.0,30.0,43.733,False,200,
1787684686.367624,serverless,30.0,30.0,62.685,False,200,
1787684686.4009573,serverless,30.0,30.0,48.216,False,200,
1787684686.4342906,serverless,30.0,30.0,68.698,False,200,
1787684686.467624,serverless,30.0,30.0,53.199,False,200,
1787684686.5009573,serverless,30.0,30.0,43.309,False,200,
1787684686.5342906,serverless,30.0,30.0,41.926,False,200,
1787684686.5676239,serverless,30.0,30.0,55.832,False,200,
1787684686.6009574,serverless,30.0,30.0,64.813,False,200,
1787684686.6342907,serverless,30.0,30.0,51.507,False,200,
1787684686.667624,serverless,30.0,30.0,56.415,False,200,
1787684686.7009573,serverless,30.0,30.0,46.23,False,200,
1787684686.7342906,serverless,30.0,30.0,59.649,False,200,
1787684686.767624,serverless,30.0,30.0,40.621,False,200,
1787684686.8009572,serverless,30.0,30.0,45.21,False,200,
1787684686.8342907,serverless,30.0,30.0,69.013,False,200,
1787684686.867624,serverless,30.0,30.0,52.471,False,200,
1787684686.9009573,serverless,30.0,30.0,53.928,False,200,
1787684686.9342906,serverless,30.0,30.0,63.891,False,200,
1787684686.967624,serverless,30.0,30.0,42.225,False,200,
1787684687.0009573,serverless,30.0,30.0,55.015,False,200,
1787684687.0342906,serverless,30.0,30.0,61.412,False,200,
1787684687.0676239,serverless,30.0,30.0,35.09,False,200,
1787684687.1009574,serverless,30.0,30.0,52.325,False,200,
1787684687.1342907,serverless,30.0,30.0,45.336,False,200,
1787684687.167624,serverless,30.0,30.0,62.458,False,200,
1787684687.2009573,serverless,30.0,30.0,49.765,False,200,
1787684687.2342906,serverless,30.0,30.0,63.459,False,200,
1787684687.267624,serverless,30.0,30.0,44.183,False,200,
1787684687.3009572,serverless,30.0,30.0,50.417,False,200,
1787684687.3342907,serverless,30.0,30.0,47.925,False,200,
1787684687.367624,serverless,30.0,30.0,42.347,False,200,
1787684687.4009573,serverless,30.0,30.0,63.861,False,200,
1787684687.4342906,serverless,30.0,30.0,46.106,False,200,
1787684687.467624,serverless,30.0,30.0,47.988,False,200,
1787684687.5009573,serverless,30.0,30.0,51.657,False,200,
1787684687.5342906,serverless,30.0,30.0,48.099,False,200,
1787684687.5676239,serverless,30.0,30.0,53.297,False,200,
1787684687.6009574,serverless,30.0,30.0,49.386,False,200,
1787684687.6342907,serverless,30.0,30.0,44.909,False,200,
1787684687.667624,serverless,30.0,30.0,51.989,False,200,
1787684687.7009573,serverless,30.0,30.0,45.627,False,200,
1787684687.7342906,serverless,30.0,30.0,46.766,False,200,
1787684687.767624,serverless,30.0,30.0,40.118,False,200,
1787684687.8009572,serverless,30.0,30.0,62.663,False,200,
1787684687.8342907,serverless,30.0,30.0,59.818,False,200,
1787684687.867624,serverless,30.0,30.0,38.377,False,200,
1787684687.9009573,serverless,30.0,30.0,54.69,False,200,
1787684687.9342906,serverless,30.0,30.0,43.913,False,200,
1787684687.967624,serverless,30.0,30.0,50.083,False,200,
1787684688.0009573,serverless,30.0,30.0,50.23,False,200,
1787684688.0342906,serverless,30.0,30.0,35.665,False,200,
1787684688.0676239,serverless,30.0,30.0,34.793,False,200,
1787684688.1009574,serverless,30.0,30.0,40.884,False,200,
1787684688.1342907,serverless,30.0,30.0,47.877,False,200,
1787684688.167624,serverless,30.0,30.0,57.241,False,200,
1787684688.2009573,serverless,30.0,30.0,38.533,False,200,
1787684688.2342906,serverless,30.0,30.0,42.195,False,200,
1787684688.267624,serverless,30.0,30.0,64.059,False,200,
1787684688.3009572,serverless,30.0,30.0,53.343,False,200,
1787684688.3342907,serverless,30.0,30.0,43.797,False,200,
1787684688.367624,serverless,30.0,30.0,40.728,False,200,
1787684688.4009573,serverless,30.0,30.0,47.855,False,200,
1787684688.4342906,serverless,30.0,30.0,67.069,False,200,
1787684688.467624,serverless,30.0,30.0,68.341,False,200,
1787684688.5009573,serverless,30.0,30.0,40.105,False,200,
1787684688.5342906,serverless,30.0,30.0,38.549,False,200,
1787684688.5676239,serverless,30.0,30.0,50.626,False,200,
1787684688.6009574,serverless,30.0,30.0,45.989,False,200,
1787684688.6342907,serverless,30.0,30.0,44.125,False,200,
1787684688.667624,serverless,30.0,30.0,39.975,False,200,
1787684688.7009573,serverless,30.0,30.0,35.849,False,200,
1787684688.7342906,serverless,30.0,30.0,43.032,False,200,
1787684688.767624,serverless,30.0,30.0,52.48,False,200,
1787684688.8009572,serverless,30.0,30.0,38.86,False,200,
1787684688.8342907,serverless,30.0,30.0,48.52,False,200,
1787684688.867624,serverless,30.0,30.0,69.203,False,200,
1787684688.9009573,serverless,30.0,30.0,44.815,False,200,
1787684688.9342906,serverless,30.0,30.0,53.796,False,200,
1787684688.967624,serverless,30.0,30.0,41.565,False,200,
1787684689.0009573,serverless,30.0,30.0,38.84,False,200,
1787684689.0342906,serverless,30.0,30.0,50.263,False,200,
1787684689.0676239,serverless,30.0,30.0,33.137,False,200,
1787684689.1009574,serverless,30.0,30.0,51.84,False,200,
1787684689.1342907,serverless,30.0,30.0,50.519,False,200,
1787684689.167624,serverless,30.0,30.0,55.147,False,200,
1787684689.2009573,serverless,30.0,30.0,51.481,False,200,
1787684689.2342906,serverless,30.0,30.0,29.218,False,200,
1787684689.267624,serverless,30.0,30.0,52.217,False,200,
1787684689.3009572,serverless,30.0,30.0,58.334,False,200,
1787684689.3342907,serverless,30.0,30.0,57.042,False,200,
1787684689.367624,serverless,30.0,30.0,54.202,False,200,
1787684689.4009573,serverless,30.0,30.0,56.24,False,200,
1787684689.4342906,serverless,30.0,30.0,1027.071,True,200,
1787684689.467624,serverless,30.0,30.0,65.473,False,200,
1787684689.5009573,serverless,30.0,30.0,69.309,False,200,
1787684689.5342906,serverless,30.0,30.0,78.882,False,200,
1787684689.5676239,serverless,30.0,30.0,44.833,False,200,
1787684689.6009574,serverless,30.0,30.0,67.847,False,200,
1787684689.6342907,serverless,30.0,30.0,58.658,False,200,
1787684689.667624,serverless,30.0,30.0,52.254,False,200,
1787684689.7009573,serverless,30.0,30.0,49.087,False,200,
1787684689.7342906,serverless,30.0,30.0,52.461,False,200,
1787684689.767624,serverless,30.0,30.0,47.796,False,200,
1787684689.8009572,serverless,30.0,30.0,45.858,False,200,
1787684689.8342907,serverless,30.0,30.0,50.074,False,200,
1787684689.867624,serverless,30.0,30.0,64.764,False,200,
1787684689.9009573,serverless,30.0,30.0,55.66,False,200,
1787684689.9342906,serverless,30.0,30.0,40.524,False,200,
1787684689.967624,serverless,30.0,30.0,47.928,False,200,
1787684690.0009573,serverless,30.0,30.0,52.817,False,200,
1787684690.0342906,serverless,30.0,30.0,49.316,False,200,
1787684690.0676239,serverless,30.0,30.0,51.533,False,200,
1787684690.1009574,serverless,30.0,30.0,55.286,False,200,
1787684690.1342907,serverless,30.0,30.0,49.263,False,200,
1787684690.167624,serverless,30.0,30.0,62.046,False,200,
1787684690.2009573,serverless,30.0,30.0,46.889,False,200,
1787684690.2342906,serverless,30.0,30.0,45.327,False,200,
1787684690.267624,serverless,30.0,30.0,40.827,False,200,
1787684690.3009572,serverless,30.0,30.0,57.512,False,200,
1787684690.3342907,serverless,30.0,30.0,52.319,False,200,
1787684690.367624,serverless,30.0,30.0,46.39,False,200,
1787684690.4009573,serverless,30.0,30.0,39.223,False,200,
1787684690.4342906,serverless,30.0,30.0,52.343,False,200,
1787684690.467624,serverless,30.0,30.0,49.716,False,200,
1787684690.5009573,serverless,30.0,30.0,55.8,False,200,
1787684690.5342906,serverless,30.0,30.0,48.21,False,200,
1787684690.5676239,serverless,30.0,30.0,42.331,False,200,
1787684690.6009574,serverless,30.0,30.0,54.178,False,200,
1787684690.6342907,serverless,30.0,30.0,47.067,False,200,
1787684690.667624,serverless,30.0,30.0,62.463,False,200,
1787684690.7009573,serverless,30.0,30.0,40.489,False,200,
1787684690.7342906,serverless,30.0,30.0,60.912,False,200,
1787684690.767624,serverless,30.0,30.0,45.922,False,200,
1787684690.8009572,serverless,30.0,30.0,54.786,False,200,
1787684690.8342907,serverless,30.0,30.0,36.93,False,200,
1787684690.867624,serverless,30.0,30.0,33.695,False,200,
1787684690.9009573,serverless,30.0,30.0,48.782,False,200,
1787684690.9342906,serverless,30.0,30.0,36.702,False,200,
1787684690.967624,serverless,30.0,30.0,45.955,False,200,
1787684691.0009573,serverless,30.0,30.0,42.532,False,200,
1787684691.0342906,serverless,30.0,30.0,61.344,False,200,
1787684691.0676239,serverless,30.0,30.0,55.643,False,200,
1787684691.1009574,serverless,30.0,30.0,57.131,False,200,
1787684691.1342907,serverless,30.0,30.0,43.236,False,200,
1787684691.167624,serverless,30.0,30.0,69.783,False,200,
1787684691.2009573,serverless,30.0,30.0,56.0,False,200,
1787684691.2342906,serverless,30.0,30.0,65.334,False,200,
1787684691.267624,serverless,30.0,30.0,38.631,False,200,
1787684691.3009572,serverless,30.0,30.0,63.502,False,200,
1787684691.3342907,serverless,30.0,30.0,51.021,False,200,
1787684691.367624,serverless,30.0,30.0,58.402,False,200,
1787684691.4009573,serverless,30.0,30.0,50.179,False,200,
1787684691.4342906,serverless,30.0,30.0,50.784,False,200,
1787684691.467624,serverless,30.0,30.0,46.463,False,200,
1787684691.5009573,serverless,30.0,30.0,47.816,False,200,
1787684691.5342906,serverless,30.0,30.0,51.934,False,200,
1787684691.5676239,serverless,30.0,30.0,1072.348,True,200,
1787684691.6009574,serverless,30.0,30.0,48.236,False,200,
1787684691.6342907,serverless,30.0,30.0,55.338,False,200,
1787684691.667624,serverless,30.0,30.0,52.668,False,200,
1787684691.7009573,serverless,30.0,30.0,70.129,False,200,
1787684691.7342906,serverless,30.0,30.0,49.979,False,200,
1787684691.767624,serverless,30.0,30.0,51.121,False,200,
1787684691.8009572,serverless,30.0,30.0,41.353,False,200,
1787684691.8342907,serverless,30.0,30.0,58.506,False,200,
1787684691.867624,serverless,30.0,30.0,40.903,False,200,
1787684691.9009573,serverless,30.0,30.0,57.014,False,200,
1787684691.9342906,serverless,30.0,30.0,47.546,False,200,
1787684691.967624,serverless,30.0,30.0,45.359,False,200,
1787684692.0009573,serverless,30.0,30.0,52.244,False,200,
1787684692.0342906,serverless,30.0,30.0,39.218,False,200,
1787684692.0676239,serverless,30.0,30.0,36.573,False,200,
1787684692.1009574,serverless,30.0,30.0,58.35,False,200,
1787684692.1342907,serverless,30.0,30.0,48.468,False,200,
1787684692.167624,serverless,30.0,30.0,54.848,False,200,
1787684692.2009573,serverless,30.0,30.0,64.519,False,200,
1787684692.2342906,serverless,30.0,30.0,56.926,False,200,
1787684692.267624,serverless,30.0,30.0,45.815,False,200,
1787684692.3009572,serverless,30.0,30.0,46.387,False,200,
1787684692.3342907,serverless,30.0,30.0,37.707,False,200,
1787684692.367624,serverless,30.0,30.0,42.527,False,200,
1787684692.4009573,serverless,30.0,30.0,43.959,False,200,
1787684692.4342906,serverless,30.0,30.0,43.604,False,200,
1787684692.467624,serverless,30.0,30.0,49.979,False,200,
1787684692.5009573,serverless,30.0,30.0,36.669,False,200,
1787684692.5342906,serverless,30.0,30.0,50.004,False,200,
1787684692.5676239,serverless,30.0,30.0,54.119,False,200,
1787684692.6009574,serverless,30.0,30.0,45.467,False,200,
1787684692.6342907,serverless,30.0,30.0,51.954,False,200,
1787684692.667624,serverless,30.0,30.0,38.889,False,200,
1787684692.7009573,serverless,30.0,30.0,51.462,False,200,
1787684692.7342906,serverless,30.0,30.0,76.453,False,200,
1787684692.767624,serverless,30.0,30.0,53.419,False,200,
1787684692.8009572,serverless,30.0,30.0,65.103,False,200,
1787684692.8342907,serverless,30.0,30.0,65.127,False,200,
1787684692.867624,serverless,30.0,30.0,39.71,False,200,
1787684692.9009573,serverless,30.0,30.0,55.553,False,200,
1787684692.9342906,serverless,30.0,30.0,46.816,False,200,
1787684692.967624,serverless,30.0,30.0,62.919,False,200,
1787684693.0009573,serverless,30.0,30.0,46.386,False,200,
1787684693.0342906,serverless,30.0,30.0,46.433,False,200,
1787684693.0676239,serverless,30.0,30.0,49.703,False,200,
1787684693.1009574,serverless,30.0,30.0,45.055,False,200,
1787684693.1342907,serverless,30.0,30.0,47.859,False,200,
1787684693.167624,serverless,30.0,30.0,57.46,False,200,
1787684693.2009573,serverless,30.0,30.0,39.382,False,200,
1787684693.2342906,serverless,30.0,30.0,51.999,False,200,
1787684693.267624,serverless,30.0,30.0,74.772,False,200,
1787684693.3009572,serverless,30.0,30.0,49.746,False,200,
1787684693.3342907,serverless,30.0,30.0,44.019,False,200,
1787684693.367624,serverless,30.0,30.0,50.511,False,200,
1787684693.4009573,serverless,30.0,30.0,69.036,False,200,
1787684693.4342906,serverless,30.0,30.0,50.747,False,200,
1787684693.467624,serverless,30.0,30.0,57.578,False,200,
1787684693.5009573,serverless,30.0,30.0,52.669,False,200,
1787684693.5342906,serverless,30.0,30.0,49.185,False,200,
1787684693.5676239,serverless,30.0,30.0,27.871,False,200,
1787684693.6009574,serverless,30.0,30.0,39.02,False,200,
1787684693.6342907,serverless,30.0,30.0,39.748,False,200,
1787684693.667624,serverless,30.0,30.0,80.697,False,200,
1787684693.7009573,serverless,30.0,30.0,65.885,False,200,
1787684693.7342906,serverless,30.0,30.0,33.981,False,200,
1787684693.767624,serverless,30.0,30.0,38.496,False,200,
1787684693.8009572,serverless,30.0,30.0,46.825,False,200,
1787684693.8342907,serverless,30.0,30.0,70.533,False,200,
1787684693.867624,serverless,30.0,30.0,43.919,False,200,
1787684693.9009573,serverless,30.0,30.0,62.89,False,200,
1787684693.9342906,serverless,30.0,30.0,51.136,False,200,
1787684693.967624,serverless,30.0,30.0,69.107,False,200,
1787684694.0009573,serverless,30.0,30.0,48.464,False,200,
1787684694.0342906,serverless,30.0,30.0,47.318,False,200,
1787684694.0676239,serverless,30.0,30.0,52.38,False,200,
1787684694.1009574,serverless,30.0,30.0,31.925,False,200,
1787684694.1342907,serverless,30.0,30.0,61.257,False,200,
1787684694.167624,serverless,30.0,30.0,48.971,False,200,
1787684694.2009573,serverless,30.0,30.0,52.017,False,200,
1787684694.2342906,serverless,30.0,30.0,47.628,False,200,
1787684694.267624,serverless,30.0,30.0,37.135,False,200,
1787684694.3009572,serverless,30.0,30.0,41.067,False,200,
1787684694.3342907,serverless,30.0,30.0,48.602,False,200,
1787684694.367624,serverless,30.0,30.0,45.699,False,200,
1787684694.4009573,serverless,30.0,30.0,55.429,False,200,
1787684694.4342906,serverless,30.0,30.0,45.728,False,200,
1787684694.467624,serverless,30.0,30.0,44.538,False,200,
1787684694.5009573,serverless,30.0,30.0,40.77,False,200,
1787684694.5342906,serverless,30.0,30.0,39.205,False,200,
1787684694.5676239,serverless,30.0,30.0,35.095,False,200,
1787684694.6009574,serverless,30.0,30.0,60.381,False,200,
1787684694.6342907,serverless,30.0,30.0,54.345,False,200,
1787684694.667624,serverless,30.0,30.0,61.885,False,200,
1787684694.7009573,serverless,30.0,30.0,35.256,False,200,
1787684694.7342906,serverless,30.0,30.0,44.761,False,200,
1787684694.767624,serverless,30.0,30.0,66.674,False,200,
1787684694.8009572,serverless,30.0,30.0,37.741,False,200,
1787684694.8342907,serverless,30.0,30.0,43.86,False,200,
1787684694.867624,serverless,30.0,30.0,50.638,False,200,
1787684694.9009573,serverless,30.0,30.0,54.338,False,200,
1787684694.9342906,serverless,30.0,30.0,44.431,False,200,
1787684694.967624,serverless,30.0,30.0,61.385,False,200,
1787684695.0009573,serverless,30.0,30.0,66.607,False,200,
1787684695.0342906,serverless,30.0,30.0,52.522,False,200,
1787684695.0676239,serverless,30.0,30.0,39.876,False,200,
1787684695.1009574,serverless,30.0,30.0,46.223,False,200,
1787684695.1342907,serverless,30.0,30.0,27.467,False,200,
1787684695.167624,serverless,30.0,30.0,51.592,False,200,
1787684695.2009573,serverless,30.0,30.0,47.83,False,200,
1787684695.2342906,serverless,30.0,30.0,58.224,False,200,
1787684695.267624,serverless,30.0,30.0,34.873,False,200,
1787684695.3009572,serverless,30.0,30.0,55.274,False,200,
1787684695.3342907,serverless,30.0,30.0,43.734,False,200,
1787684695.367624,serverless,30.0,30.0,46.866,False,200,
1787684695.4009573,serverless,30.0,30.0,42.069,False,200,
1787684695.4342906,serverless,30.0,30.0,60.307,False,200,
1787684695.467624,serverless,30.0,30.0,76.117,False,200,
1787684695.5009573,serverless,30.0,30.0,51.122,False,200,
1787684695.5342906,serverless,30.0,30.0,66.362,False,200,
1787684695.5676239,serverless,30.0,30.0,43.706,False,200,
1787684695.6009574,serverless,30.0,30.0,55.638,False,200,
1787684695.6342907,serverless,30.0,30.0,39.619,False,200,
1787684695.667624,serverless,30.0,30.0,63.402,False,200,
1787684695.7009573,serverless,30.0,30.0,46.115,False,200,
1787684695.7342906,serverless,30.0,30.0,46.341,False,200,
1787684695.767624,serverless,30.0,30.0,56.978,False,200,
1787684695.8009572,serverless,30.0,30.0,48.94,False,200,
1787684695.8342907,serverless,30.0,30.0,49.017,False,200,
1787684695.867624,serverless,30.0,30.0,47.148,False,200,
1787684695.9009573,serverless,30.0,30.0,38.927,False,200,
1787684695.9342906,serverless,30.0,30.0,48.592,False,200,
1787684695.967624,serverless,30.0,30.0,48.933,False,200,
1787684696.0009573,serverless,30.0,30.0,45.856,False,200,
1787684696.0342906,serverless,30.0,30.0,37.259,False,200,
1787684696.0676239,serverless,30.0,30.0,57.429,False,200,
1787684696.1009574,serverless,30.0,30.0,33.469,False,200,
1787684696.1342907,serverless,30.0,30.0,104.218,False,200,
1787684696.167624,serverless,30.0,30.0,48.042,False,200,
1787684696.2009573,serverless,30.0,30.0,1018.966,True,200,
1787684696.2342906,serverless,30.0,30.0,55.73,False,200,
1787684696.267624,serverless,30.0,30.0,59.676,False,200,
1787684696.3009572,serverless,30.0,30.0,62.784,False,200,
1787684696.3342907,serverless,30.0,30.0,46.375,False,200,
1787684696.367624,serverless,30.0,30.0,40.674,False,200,
1787684696.4009573,serverless,30.0,30.0,57.009,False,200,
1787684696.4342906,serverless,30.0,30.0,46.199,False,200,
1787684696.467624,serverless,30.0,30.0,53.394,False,200,
1787684696.5009573,serverless,30.0,30.0,65.564,False,200,
1787684696.5342906,serverless,30.0,30.0,49.48,False,200,
1787684696.5676239,serverless,30.0,30.0,51.08,False,200,
1787684696.6009574,serverless,30.0,30.0,58.397,False,200,
1787684696.6342907,serverless,30.0,30.0,40.553,False,200,
1787684696.667624,serverless,30.0,30.0,74.545,False,200,
1787684696.7009573,serverless,30.0,30.0,50.787,False,200,
1787684696.7342906,serverless,30.0,30.0,37.997,False,200,
1787684696.767624,serverless,30.0,30.0,54.011,False,200,
1787684696.8009572,serverless,30.0,30.0,36.69,False,200,
1787684696.8342907,serverless,30.0,30.0,52.04,False,200,
1787684696.867624,serverless,30.0,30.0,51.563,False,200,
1787684696.9009573,serverless,30.0,30.0,86.777,False,200,
1787684696.9342906,serverless,30.0,30.0,48.234,False,200,
1787684696.967624,serverless,30.0,30.0,48.973,False,200,
1787684697.0009573,serverless,30.0,30.0,55.005,False,200,
1787684697.0342906,serverless,30.0,30.0,43.89,False,200,
1787684697.0676239,serverless,30.0,30.0,47.433,False,200,
1787684697.1009574,serverless,30.0,30.0,67.492,False,200,
1787684697.1342907,serverless,30.0,30.0,46.999,False,200,
1787684697.167624,serverless,30.0,30.0,61.905,False,200,
1787684697.2009573,serverless,30.0,30.0,68.427,False,200,
1787684697.2342906,serverless,30.0,30.0,46.486,False,200,
1787684697.267624,serverless,30.0,30.0,41.493,False,200,
1787684697.3009572,serverless,30.0,30.0,45.533,False,200,
1787684697.3342907,serverless,30.0,30.0,42.863,False,200,
1787684697.367624,serverless,30.0,30.0,57.373,False,200,
1787684697.4009573,serverless,30.0,30.0,63.104,False,200,
1787684697.4342906,serverless,30.0,30.0,60.633,False,200,
1787684697.467624,serverless,30.0,30.0,65.762,False,200,
1787684697.5009573,serverless,30.0,30.0,31.334,False,200,
1787684697.5342906,serverless,30.0,30.0,55.244,False,200,
1787684697.5676239,serverless,30.0,30.0,60.167,False,200,
1787684697.6009574,serverless,30.0,30.0,37.281,False,200,
1787684697.6342907,serverless,30.0,30.0,55.799,False,200,
1787684697.667624,serverless,30.0,30.0,47.219,False,200,
1787684697.7009573,serverless,30.0,30.0,37.346,False,200,
1787684697.7342906,serverless,30.0,30.0,49.616,False,200,
1787684697.767624,serverless,30.0,30.0,40.39,False,200,
1787684697.8009572,serverless,30.0,30.0,57.355,False,200,
1787684697.8342907,serverless,30.0,30.0,53.733,False,200,
1787684697.867624,serverless,30.0,30.0,52.574,False,200,
1787684697.9009573,serverless,30.0,30.0,43.003,False,200,
1787684697.9342906,serverless,30.0,30.0,49.935,False,200,
1787684697.967624,serverless,30.0,30.0,63.495,False,200,
1787684698.0009573,serverless,30.0,30.0,41.574,False,200,
1787684698.0342906,serverless,30.0,30.0,41.817,False,200,
1787684698.0676239,serverless,30.0,30.0,70.575,False,200,
1787684698.1009574,serverless,30.0,30.0,43.21,False,200,
1787684698.1342907,serverless,30.0,30.0,45.611,False,200,
1787684698.167624,serverless,30.0,30.0,59.99,False,200,
1787684698.2009573,serverless,30.0,30.0,45.936,False,200,
1787684698.2342906,serverless,30.0,30.0,52.759,False,200,
1787684698.267624,serverless,30.0,30.0,50.503,False,200,
1787684698.3009572,serverless,30.0,30.0,56.609,False,200,
1787684698.3342907,serverless,30.0,30.0,66.466,False,200,
1787684698.367624,serverless,30.0,30.0,55.074,False,200,
1787684698.4009573,serverless,30.0,30.0,60.581,False,200,
1787684698.4342906,serverless,30.0,30.0,56.922,False,200,
1787684698.467624,serverless,30.0,30.0,54.616,False,200,
1787684698.5009573,serverless,30.0,30.0,44.575,False,200,
1787684698.5342906,serverless,30.0,30.0,46.793,False,200,
1787684698.5676239,serverless,30.0,30.0,31.585,False,200,
1787684698.6009574,serverless,30.0,30.0,48.784,False,200,
1787684698.6342907,serverless,30.0,30.0,46.736,False,200,
1787684698.667624,serverless,30.0,30.0,66.815,False,200,
1787684698.7009573,serverless,30.0,30.0,45.603,False,200,
1787684698.7342906,serverless,30.0,30.0,50.001,False,200,
1787684698.767624,serverless,30.0,30.0,45.813,False,200,
1787684698.8009572,serverless,30.0,30.0,48.11,False,200,
1787684698.8342907,serverless,30.0,30.0,40.726,False,200,
1787684698.867624,serverless,30.0,30.0,57.685,False,200,
1787684698.9009573,serverless,30.0,30.0,48.294,False,200,
1787684698.9342906,serverless,30.0,30.0,60.543,False,200,
1787684698.967624,serverless,30.0,30.0,40.708,False,200,
1787684699.0009573,serverless,30.0,30.0,56.807,False,200,
1787684699.0342906,serverless,30.0,30.0,47.095,False,200,
1787684699.0676239,serverless,30.0,30.0,58.734,False,200,
1787684699.1009574,serverless,30.0,30.0,43.194,False,200,
1787684699.1342907,serverless,30.0,30.0,46.043,False,200,
1787684699.167624,serverless,30.0,30.0,48.985,False,200,
1787684699.2009573,serverless,30.0,30.0,40.517,False,200,
1787684699.2342906,serverless,30.0,30.0,47.912,False,200,
1787684699.267624,serverless,30.0,30.0,49.263,False,200,
1787684699.3009572,serverless,30.0,30.0,40.177,False,200,
1787684699.3342907,serverless,30.0,30.0,66.328,False,200,
1787684699.367624,serverless,30.0,30.0,44.376,False,200,
1787684699.4009573,serverless,30.0,30.0,54.81,False,200,
1787684699.4342906,serverless,30.0,30.0,45.878,False,200,
1787684699.467624,serverless,30.0,30.0,1145.043,True,200,
1787684699.5009573,serverless,30.0,30.0,36.377,False,200,
1787684699.5342906,serverless,30.0,30.0,58.039,False,200,
1787684699.5676239,serverless,30.0,30.0,51.979,False,200,
1787684699.6009574,serverless,30.0,30.0,65.122,False,200,
1787684699.6342907,serverless,30.0,30.0,51.197,False,200,
1787684699.667624,serverless,30.0,30.0,41.855,False,200,
1787684699.7009573,serverless,30.0,30.0,60.57,False,200,
1787684699.7342906,serverless,30.0,30.0,41.238,False,200,
1787684699.767624,serverless,30.0,30.0,54.726,False,200,
1787684699.8009572,serverless,30.0,30.0,43.62,False,200,
1787684699.8342907,serverless,30.0,30.0,68.793,False,200,
1787684699.867624,serverless,30.0,30.0,45.659,False,200,
1787684699.9009573,serverless,30.0,30.0,44.796,False,200,
1787684699.9342906,serverless,30.0,30.0,50.927,False,200,
1787684699.967624,serverless,30.0,30.0,51.435,False,200,
1787684700.0009573,serverless,30.0,30.0,52.82,False,200,
1787684700.0342906,serverless,30.0,30.0,40.991,False,200,
1787684700.0676239,serverless,30.0,30.0,51.476,False,200,
1787684700.1009574,serverless,30.0,30.0,40.398,False,200,
1787684700.1342907,serverless,30.0,30.0,47.59,False,200,
1787684700.167624,serverless,30.0,30.0,40.042,False,200,
1787684700.2009573,serverless,30.0,30.0,46.378,False,200,
1787684700.2342906,serverless,30.0,30.0,35.399,False,200,
1787684700.267624,serverless,30.0,30.0,44.688,False,200,
1787684700.3009572,serverless,30.0,30.0,49.328,False,200,
1787684700.3342907,serverless,30.0,30.0,61.899,False,200,
1787684700.367624,serverless,30.0,30.0,55.091,False,200,
1787684700.4009573,serverless,30.0,30.0,55.296,False,200,
1787684700.4342906,serverless,30.0,30.0,38.64,False,200,
1787684700.467624,serverless,30.0,30.0,41.936,False,200,
1787684700.5009573,serverless,30.0,30.0,47.982,False,200,
1787684700.5342906,serverless,30.0,30.0,49.096,False,200,
1787684700.5676239,serverless,30.0,30.0,64.466,False,200,
1787684700.6009574,serverless,30.0,30.0,35.334,False,200,
1787684700.6342907,serverless,30.0,30.0,56.902,False,200,
1787684700.667624,serverless,30.0,30.0,53.92,False,200,
1787684700.7009573,serverless,30.0,30.0,53.679,False,200,
1787684700.7342906,serverless,30.0,30.0,70.637,False,200,
1787684700.767624,serverless,30.0,30.0,33.35,False,200,
1787684700.8009572,serverless,30.0,30.0,41.35,False,200,
1787684700.8342907,serverless,30.0,30.0,62.117,False,200,
1787684700.867624,serverless,30.0,30.0,46.063,False,200,
1787684700.9009573,serverless,30.0,30.0,37.942,False,200,
1787684700.9342906,serverless,30.0,30.0,48.224,False,200,
1787684700.967624,serverless,30.0,30.0,45.046,False,200,
1787684701.0009573,serverless,30.0,30.0,45.566,False,200,
1787684701.0342906,serverless,30.0,30.0,35.444,False,200,
1787684701.0676239,serverless,30.0,30.0,51.224,False,200,
1787684701.1009574,serverless,30.0,30.0,51.305,False,200,
1787684701.1342907,serverless,30.0,30.0,53.341,False,200,
1787684701.167624,serverless,30.0,30.0,40.877,False,200,
1787684701.2009573,serverless,30.0,30.0,47.301,False,200,
1787684701.2342906,serverless,30.0,30.0,69.42,False,200,
1787684701.267624,serverless,30.0,30.0,41.02,False,200,
1787684701.3009572,serverless,30.0,30.0,41.314,False,200,
1787684701.3342907,serverless,30.0,30.0,50.627,False,200,
1787684701.367624,serverless,30.0,30.0,57.208,False,200,
1787684701.4009573,serverless,30.0,30.0,34.977,False,200,
1787684701.4342906,serverless,30.0,30.0,59.393,False,200,
1787684701.467624,serverless,30.0,30.0,79.979,False,200,
1787684701.5009573,serverless,30.0,30.0,35.224,False,200,
1787684701.5342906,serverless,30.0,30.0,51.118,False,200,
1787684701.5676239,serverless,30.0,30.0,59.77,False,200,
1787684701.6009574,serverless,30.0,30.0,54.112,False,200,
1787684701.6342907,serverless,30.0,30.0,47.974,False,200,
1787684701.667624,serverless,30.0,30.0,47.626,False,200,
1787684701.7009573,serverless,30.0,30.0,50.85,False,200,
1787684701.7342906,serverless,30.0,30.0,87.317,False,200,
1787684701.767624,serverless,30.0,30.0,40.391,False,200,
1787684701.8009572,serverless,30.0,30.0,36.913,False,200,
1787684701.8342907,serverless,30.0,30.0,60.416,False,200,
1787684701.867624,serverless,30.0,30.0,55.613,False,200,
1787684701.9009573,serverless,30.0,30.0,43.023,False,200,
1787684701.9342906,serverless,30.0,30.0,52.959,False,200,
1787684701.967624,serverless,30.0,30.0,48.375,False,200,
1787684702.0009573,serverless,30.0,30.0,58.464,False,200,
1787684702.0342906,serverless,30.0,30.0,42.67,False,200,
1787684702.0676239,serverless,30.0,30.0,56.963,False,200,
1787684702.1009574,serverless,30.0,30.0,43.97,False,200,
1787684702.1342907,serverless,30.0,30.0,45.855,False,200,
1787684702.167624,serverless,30.0,30.0,39.251,False,200,
1787684702.2009573,serverless,30.0,30.0,61.422,False,200,
1787684702.2342906,serverless,30.0,30.0,61.937,False,200,
1787684702.267624,serverless,30.0,30.0,52.223,False,200,
1787684702.3009572,serverless,30.0,30.0,71.505,False,200,
1787684702.3342907,serverless,30.0,30.0,42.596,False,200,
1787684702.367624,serverless,30.0,30.0,58.87,False,200,
1787684702.4009573,serverless,30.0,30.0,59.14,False,200,
1787684702.4342906,serverless,30.0,30.0,38.714,False,200,
1787684702.467624,serverless,30.0,30.0,47.633,False,200,
1787684702.5009573,serverless,30.0,30.0,50.549,False,200,
1787684702.5342906,serverless,30.0,30.0,62.453,False,200,
1787684702.5676239,serverless,30.0,30.0,39.197,False,200,
1787684702.6009574,serverless,30.0,30.0,68.231,False,200,
1787684702.6342907,serverless,30.0,30.0,39.196,False,200,
1787684702.667624,serverless,30.0,30.0,39.023,False,200,
1787684702.7009573,serverless,30.0,30.0,50.712,False,200,
1787684702.7342906,serverless,30.0,30.0,47.156,False,200,
1787684702.767624,serverless,30.0,30.0,43.816,False,200,
1787684702.8009572,serverless,30.0,30.0,62.103,False,200,
1787684702.8342907,serverless,30.0,30.0,33.044,False,200,
1787684702.867624,serverless,30.0,30.0,40.409,False,200,
1787684702.9009573,serverless,30.0,30.0,45.935,False,200,
1787684702.9342906,serverless,30.0,30.0,65.54,False,200,
1787684702.967624,serverless,30.0,30.0,46.593,False,200,
1787684703.0009573,serverless,30.0,30.0,41.288,False,200,
1787684703.0342906,serverless,30.0,30.0,53.953,False,200,
1787684703.0676239,serverless,30.0,30.0,67.575,False,200,
1787684703.1009574,serverless,30.0,30.0,65.131,False,200,
1787684703.1342907,serverless,30.0,30.0,34.855,False,200,
1787684703.167624,serverless,30.0,30.0,55.887,False,200,
1787684703.2009573,serverless,30.0,30.0,53.672,False,200,
1787684703.2342906,serverless,30.0,30.0,76.415,False,200,
1787684703.267624,serverless,30.0,30.0,70.355,False,200,
1787684703.3009572,serverless,30.0,30.0,49.991,False,200,
1787684703.3342907,serverless,30.0,30.0,65.931,False,200,
1787684703.367624,serverless,30.0,30.0,37.173,False,200,
1787684703.4009573,serverless,30.0,30.0,52.082,False,200,
1787684703.4342906,serverless,30.0,30.0,42.693,False,200,
1787684703.467624,serverless,30.0,30.0,42.325,False,200,
1787684703.5009573,serverless,30.0,30.0,34.847,False,200,
1787684703.5342906,serverless,30.0,30.0,43.245,False,200,
1787684703.5676239,serverless,30.0,30.0,34.691,False,200,
1787684703.6009574,serverless,30.0,30.0,47.351,False,200,
1787684703.6342907,serverless,30.0,30.0,49.243,False,200,
1787684703.667624,serverless,30.0,30.0,48.841,False,200,
1787684703.7009573,serverless,30.0,30.0,49.142,False,200,
1787684703.7342906,serverless,30.0,30.0,44.402,False,200,
1787684703.767624,serverless,30.0,30.0,36.236,False,200,
1787684703.8009572,serverless,30.0,30.0,37.655,False,200,
1787684703.8342907,serverless,30.0,30.0,58.637,False,200,
1787684703.867624,serverless,30.0,30.0,43.35,False,200,
1787684703.9009573,serverless,30.0,30.0,61.431,False,200,
1787684703.9342906,serverless,30.0,30.0,50.097,False,200,
1787684703.967624,serverless,30.0,30.0,44.246,False,200,
1787684704.0009573,serverless,30.0,30.0,52.007,False,200,
1787684704.0342906,serverless,30.0,30.0,64.767,False,200,
1787684704.0676239,serverless,30.0,30.0,63.342,False,200,
1787684704.1009574,serverless,30.0,30.0,38.348,False,200,
1787684704.1342907,serverless,30.0,30.0,59.693,False,200,
1787684704.167624,serverless,30.0,30.0,56.272,False,200,
1787684704.2009573,serverless,30.0,30.0,48.573,False,200,
1787684704.2342906,serverless,30.0,30.0,45.734,False,200,
1787684704.267624,serverless,30.0,30.0,47.153,False,200,
1787684704.3009572,serverless,30.0,30.0,42.157,False,200,
1787684704.3342907,serverless,30.0,30.0,56.86,False,200,
1787684704.367624,serverless,30.0,30.0,46.804,False,200,
1787684704.4009573,serverless,30.0,30.0,38.763,False,200,
1787684704.4342906,serverless,30.0,30.0,22.701,False,200,
1787684704.467624,serverless,30.0,30.0,52.23,False,200,
1787684704.5009573,serverless,30.0,30.0,50.668,False,200,
1787684704.5342906,serverless,30.0,30.0,42.311,False,200,
1787684704.5676239,serverless,30.0,30.0,73.635,False,200,
1787684704.6009574,serverless,30.0,30.0,47.604,False,200,
1787684704.6342907,serverless,30.0,30.0,45.553,False,200,
1787684704.667624,serverless,30.0,30.0,48.521,False,200,
1787684704.7009573,serverless,30.0,30.0,37.906,False,200,
1787684704.7342906,serverless,30.0,30.0,55.301,False,200,
1787684704.767624,serverless,30.0,30.0,54.907,False,200,
1787684704.8009572,serverless,30.0,30.0,48.36,False,200,
1787684704.8342907,serverless,30.0,30.0,59.741,False,200,
1787684704.867624,serverless,30.0,30.0,1445.95,True,200,
1787684704.9009573,serverless,30.0,30.0,50.941,False,200,
1787684704.9342906,serverless,30.0,30.0,35.903,False,200,
1787684704.967624,serverless,30.0,30.0,51.151,False,200,
1787684705.0009573,serverless,30.0,30.0,57.227,False,200,
1787684705.0342906,serverless,30.0,30.0,52.192,False,200,
1787684705.0676239,serverless,30.0,30.0,60.858,False,200,
1787684705.1009574,serverless,30.0,30.0,45.802,False,200,
1787684705.1342907,serverless,30.0,30.0,1014.357,True,200,
1787684705.167624,serverless,30.0,30.0,54.927,False,200,
1787684705.2009573,serverless,30.0,30.0,42.331,False,200,
1787684705.2342906,serverless,30.0,30.0,58.379,False,200,
1787684705.267624,serverless,30.0,30.0,50.99,False,200,
1787684705.3009572,serverless,30.0,30.0,46.418,False,200,
1787684705.3342907,serverless,30.0,30.0,56.2,False,200,
1787684705.367624,serverless,30.0,30.0,55.066,False,200,
1787684705.4009573,serverless,30.0,30.0,51.566,False,200,
1787684705.4342906,serverless,30.0,30.0,53.654,False,200,
1787684705.467624,serverless,30.0,30.0,38.599,False,200,
1787684705.5009573,serverless,30.0,30.0,46.704,False,200,
1787684705.5342906,serverless,30.0,30.0,53.04,False,200,
1787684705.5676239,serverless,30.0,30.0,44.515,False,200,
1787684705.6009574,serverless,30.0,30.0,42.503,False,200,
1787684705.6342907,serverless,30.0,30.0,52.8,False,200,
1787684705.667624,serverless,30.0,30.0,41.347,False,200,
1787684705.7009573,serverless,30.0,30.0,45.779,False,200,
1787684705.7342906,serverless,30.0,30.0,39.552,False,200,
1787684705.767624,serverless,30.0,30.0,41.402,False,200,
1787684705.8009572,serverless,30.0,30.0,46.63,False,200,
1787684705.8342907,serverless,30.0,30.0,60.876,False,200,
1787684705.867624,serverless,30.0,30.0,61.516,False,200,
1787684705.9009573,serverless,30.0,30.0,52.05,False,200,
1787684705.9342906,serverless,30.0,30.0,47.262,False,200,
1787684705.967624,serverless,30.0,30.0,57.301,False,200,
1787684706.0009573,serverless,30.0,30.0,40.53,False,200,
1787684706.0342906,serverless,30.0,30.0,44.229,False,200,
1787684706.0676239,serverless,30.0,30.0,37.062,False,200,
1787684706.1009574,serverless,30.0,30.0,41.073,False,200,
1787684706.1342907,serverless,30.0,30.0,51.603,False,200,
1787684706.167624,serverless,30.0,30.0,54.591,False,200,
1787684706.2009573,serverless,30.0,30.0,57.14,False,200,
1787684706.2342906,serverless,30.0,30.0,39.732,False,200,
1787684706.267624,serverless,30.0,30.0,28.084,False,200,
1787684706.3009572,serverless,30.0,30.0,45.299,False,200,
1787684706.3342907,serverless,30.0,30.0,35.152,False,200,
1787684706.367624,serverless,30.0,30.0,63.73,False,200,
1787684706.4009573,serverless,30.0,30.0,42.493,False,200,
1787684706.4342906,serverless,30.0,30.0,56.034,False,200,
1787684706.467624,serverless,30.0,30.0,40.035,False,200,
1787684706.5009573,serverless,30.0,30.0,64.639,False,200,
1787684706.5342906,serverless,30.0,30.0,58.777,False,200,
1787684706.5676239,serverless,30.0,30.0,29.988,False,200,
1787684706.6009574,serverless,30.0,30.0,34.322,False,200,
1787684706.6342907,serverless,30.0,30.0,40.372,False,200,
1787684706.667624,serverless,30.0,30.0,36.949,False,200,
1787684706.7009573,serverless,30.0,30.0,39.796,False,200,
1787684706.7342906,serverless,30.0,30.0,44.26,False,200,
1787684706.767624,serverless,30.0,30.0,51.385,False,200,
1787684706.8009572,serverless,30.0,30.0,47.231,False,200,
1787684706.8342907,serverless,30.0,30.0,53.54,False,200,
1787684706.867624,serverless,30.0,30.0,42.379,False,200,
1787684706.9009573,serverless,30.0,30.0,89.362,False,200,
1787684706.9342906,serverless,30.0,30.0,53.637,False,200,
1787684706.967624,serverless,30.0,30.0,45.221,False,200,
1787684707.0009573,serverless,30.0,30.0,60.863,False,200,
1787684707.0342906,serverless,30.0,30.0,46.158,False,200,
1787684707.0676239,serverless,30.0,30.0,38.045,False,200,
1787684707.1009574,serverless,30.0,30.0,58.109,False,200,
1787684707.1342907,serverless,30.0,30.0,53.744,False,200,
1787684707.167624,serverless,30.0,30.0,60.751,False,200,
1787684707.2009573,serverless,30.0,30.0,51.807,False,200,
1787684707.2342906,serverless,30.0,30.0,44.864,False,200,
1787684707.267624,serverless,30.0,30.0,73.201,False,200,
1787684707.3009572,serverless,30.0,30.0,58.052,False,200,
1787684707.3342907,serverless,30.0,30.0,47.577,False,200,
1787684707.367624,serverless,30.0,30.0,46.756,False,200,
1787684707.4009573,serverless,30.0,30.0,71.539,False,200,
1787684707.4342906,serverless,30.0,30.0,51.658,False,200,
1787684707.467624,serverless,30.0,30.0,47.057,False,200,
1787684707.5009573,serverless,30.0,30.0,47.943,False,200,
1787684707.5342906,serverless,30.0,30.0,64.98,False,200,
1787684707.5676239,serverless,30.0,30.0,49.262,False,200,
1787684707.6009574,serverless,30.0,30.0,46.747,False,200,
1787684707.6342907,serverless,30.0,30.0,58.735,False,200,
1787684707.667624,serverless,30.0,30.0,46.631,False,200,
1787684707.7009573,serverless,30.0,30.0,43.424,False,200,
1787684707.7342906,serverless,30.0,30.0,47.095,False,200,
1787684707.767624,serverless,30.0,30.0,47.692,False,200,
1787684707.8009572,serverless,30.0,30.0,40.543,False,200,
1787684707.8342907,serverless,30.0,30.0,66.328,False,200,
1787684707.867624,serverless,30.0,30.0,68.653,False,200,
1787684707.9009573,serverless,30.0,30.0,42.491,False,200,
1787684707.9342906,serverless,30.0,30.0,52.903,False,200,
1787684707.967624,serverless,30.0,30.0,49.758,False,200,
1787684708.0009573,serverless,30.0,30.0,35.931,False,200,
1787684708.0342906,serverless,30.0,30.0,41.296,False,200,
1787684708.0676239,serverless,30.0,30.0,44.005,False,200,
1787684708.1009574,serverless,30.0,30.0,78.613,False,200,
1787684708.1342907,serverless,30.0,30.0,43.397,False,200,
1787684708.167624,serverless,30.0,30.0,50.094,False,200,
1787684708.2009573,serverless,30.0,30.0,46.132,False,200,
1787684708.2342906,serverless,30.0,30.0,49.194,False,200,
1787684708.267624,serverless,30.0,30.0,73.983,False,200,
1787684708.3009572,serverless,30.0,30.0,58.922,False,200,
1787684708.3342907,serverless,30.0,30.0,66.525,False,200,
1787684708.367624,serverless,30.0,30.0,66.362,False,200,
1787684708.4009573,serverless,30.0,30.0,47.355,False,200,
1787684708.4342906,serverless,30.0,30.0,49.524,False,200,
1787684708.467624,serverless,30.0,30.0,48.866,False,200,
1787684708.5009573,serverless,30.0,30.0,55.825,False,200,
1787684708.5342906,serverless,30.0,30.0,43.236,False,200,
1787684708.5676239,serverless,30.0,30.0,42.53,False,200,
1787684708.6009574,serverless,30.0,30.0,49.705,False,200,
1787684708.6342907,serverless,30.0,30.0,60.63,False,200,
1787684708.667624,serverless,30.0,30.0,38.051,False,200,
1787684708.7009573,serverless,30.0,30.0,57.759,False,200,
1787684708.7342906,serverless,30.0,30.0,45.246,False,200,
1787684708.767624,serverless,30.0,30.0,73.253,False,200,
1787684708.8009572,serverless,30.0,30.0,70.066,False,200,
1787684708.8342907,serverless,30.0,30.0,63.555,False,200,
1787684708.867624,serverless,30.0,30.0,47.319,False,200,
1787684708.9009573,serverless,30.0,30.0,49.336,False,200,
1787684708.9342906,serverless,30.0,30.0,49.612,False,200,
1787684708.967624,serverless,30.0,30.0,50.6,False,200,
1787684709.0009573,serverless,30.0,30.0,45.639,False,200,
1787684709.0342906,serverless,30.0,30.0,55.677,False,200,
1787684709.0676239,serverless,30.0,30.0,66.67,False,200,
1787684709.1009574,serverless,30.0,30.0,49.043,False,200,
1787684709.1342907,serverless,30.0,30.0,38.375,False,200,
1787684709.167624,serverless,30.0,30.0,52.261,False,200,
1787684709.2009573,serverless,30.0,30.0,72.559,False,200,
1787684709.2342906,serverless,30.0,30.0,55.153,False,200,
1787684709.267624,serverless,30.0,30.0,69.471,False,200,
1787684709.3009572,serverless,30.0,30.0,70.46,False,200,
1787684709.3342907,serverless,30.0,30.0,48.121,False,200,
1787684709.367624,serverless,30.0,30.0,47.54,False,200,
1787684709.4009573,serverless,30.0,30.0,34.948,False,200,
1787684709.4342906,serverless,30.0,30.0,79.166,False,200,
1787684709.467624,serverless,30.0,30.0,72.186,False,200,
1787684709.5009573,serverless,30.0,30.0,44.127,False,200,
1787684709.5342906,serverless,30.0,30.0,48.883,False,200,
1787684709.5676239,serverless,30.0,30.0,44.688,False,200,
1787684709.6009574,serverless,30.0,30.0,28.598,False,200,
1787684709.6342907,serverless,30.0,30.0,52.788,False,200,
1787684709.667624,serverless,30.0,30.0,48.278,False,200,
1787684709.7009573,serverless,30.0,30.0,38.441,False,200,
1787684709.7342906,serverless,30.0,30.0,47.118,False,200,
1787684709.767624,serverless,30.0,30.0,47.59,False,200,
1787684709.8009572,serverless,30.0,30.0,49.5,False,200,
1787684709.8342907,serverless,30.0,30.0,42.027,False,200,
1787684709.867624,serverless,30.0,30.0,63.867,False,200,
1787684709.9009573,serverless,30.0,30.0,46.565,False,200,
1787684709.9342906,serverless,30.0,30.0,49.476,False,200,
1787684709.967624,serverless,30.0,30.0,51.505,False,200,
1787684710.0009573,serverless,30.0,30.0,38.13,False,200,
1787684710.0342906,serverless,30.0,30.0,51.872,False,200,
1787684710.0676239,serverless,30.0,30.0,48.066,False,200,
1787684710.1009574,serverless,30.0,30.0,64.525,False,200,
1787684710.1342907,serverless,30.0,30.0,53.783,False,200,
1787684710.167624,serverless,30.0,30.0,43.043,False,200,
1787684710.2009573,serverless,30.0,30.0,43.711,False,200,
1787684710.2342906,serverless,30.0,30.0,51.775,False,200,
1787684710.267624,serverless,30.0,30.0,73.721,False,200,
1787684710.3009572,serverless,30.0,30.0,43.569,False,200,
1787684710.3342907,serverless,30.0,30.0,67.636,False,200,
1787684710.367624,serverless,30.0,30.0,49.862,False,200,
1787684710.4009573,serverless,30.0,30.0,51.116,False,200,
1787684710.4342906,serverless,30.0,30.0,57.754,False,200,
1787684710.467624,serverless,30.0,30.0,67.797,False,200,
1787684710.5009573,serverless,30.0,30.0,42.866,False,200,
1787684710.5342906,serverless,30.0,30.0,41.342,False,200,
1787684710.5676239,serverless,30.0,30.0,47.929,False,200,
1787684710.6009574,serverless,30.0,30.0,49.344,False,200,
1787684710.6342907,serverless,30.0,30.0,40.113,False,200,
1787684710.667624,serverless,30.0,30.0,35.581,False,200,
1787684710.7009573,serverless,30.0,30.0,67.732,False,200,
1787684710.7342906,serverless,30.0,30.0,64.748,False,200,
1787684710.767624,serverless,30.0,30.0,39.953,False,200,
1787684710.8009572,serverless,30.0,30.0,46.566,False,200,
1787684710.8342907,serverless,30.0,30.0,62.131,False,200,
1787684710.867624,serverless,30.0,30.0,61.104,False,200,
1787684710.9009573,serverless,30.0,30.0,52.554,False,200,
1787684710.9342906,serverless,30.0,30.0,52.028,False,200,
1787684710.967624,serverless,30.0,30.0,54.23,False,200,
1787684711.0009573,serverless,30.0,30.0,42.747,False,200,
1787684711.0342906,serverless,30.0,30.0,46.215,False,200,
1787684711.0676239,serverless,30.0,30.0,63.409,False,200,
1787684711.1009574,serverless,30.0,30.0,1763.309,True,200,
1787684711.1342907,serverless,30.0,30.0,50.64,False,200,
1787684711.167624,serverless,30.0,30.0,62.851,False,200,
1787684711.2009573,serverless,30.0,30.0,49.305,False,200,
1787684711.2342906,serverless,30.0,30.0,53.194,False,200,
1787684711.267624,serverless,30.0,30.0,62.836,False,200,
1787684711.3009572,serverless,30.0,30.0,67.137,False,200,
1787684711.3342907,serverless,30.0,30.0,68.296,False,200,
1787684711.367624,serverless,30.0,30.0,46.162,False,200,
1787684711.4009573,serverless,30.0,30.0,56.002,False,200,
1787684711.4342906,serverless,30.0,30.0,57.929,False,200,
1787684711.467624,serverless,30.0,30.0,51.195,False,200,
1787684711.5009573,serverless,30.0,30.0,55.637,False,200,
1787684711.5342906,serverless,30.0,30.0,51.074,False,200,
1787684711.5676239,serverless,30.0,30.0,52.456,False,200,
1787684711.6009574,serverless,30.0,30.0,36.105,False,200,
1787684711.6342907,serverless,30.0,30.0,48.631,False,200,
1787684711.667624,serverless,30.0,30.0,31.398,False,200,
1787684711.7009573,serverless,30.0,30.0,51.46,False,200,
1787684711.7342906,serverless,30.0,30.0,36.083,False,200,
1787684711.767624,serverless,30.0,30.0,44.59,False,200,
1787684711.8009572,serverless,30.0,30.0,44.794,False,200,
1787684711.8342907,serverless,30.0,30.0,45.534,False,200,
1787684711.867624,serverless,30.0,30.0,63.176,False,200,
1787684711.9009573,serverless,30.0,30.0,43.681,False,200,
1787684711.9342906,serverless,30.0,30.0,89.645,False,200,
1787684711.967624,serverless,30.0,30.0,39.514,False,200,
1787684712.0009573,serverless,30.0,30.0,66.039,False,200,
1787684712.0342906,serverless,30.0,30.0,47.877,False,200,
1787684712.0676239,serverless,30.0,30.0,46.948,False,200,
1787684712.1009574,serverless,30.0,30.0,38.152,False,200,
1787684712.1342907,serverless,30.0,30.0,38.734,False,200,
1787684712.167624,serverless,30.0,30.0,52.565,False,200,
1787684712.2009573,serverless,30.0,30.0,45.018,False,200,
1787684712.2342906,serverless,30.0,30.0,56.853,False,200,
1787684712.267624,serverless,30.0,30.0,67.851,False,200,
1787684712.3009572,serverless,30.0,30.0,44.557,False,200,
1787684712.3342907,serverless,30.0,30.0,40.16,False,200,
1787684712.367624,serverless,30.0,30.0,57.955,False,200,
1787684712.4009573,serverless,30.0,30.0,40.221,False,200,
1787684712.4342906,serverless,30.0,30.0,66.671,False,200,
1787684712.467624,serverless,30.0,30.0,40.693,False,200,
1787684712.5009573,serverless,30.0,30.0,47.637,False,200,
1787684712.5342906,serverless,30.0,30.0,65.952,False,200,
1787684712.5676239,serverless,30.0,30.0,41.573,False,200,
1787684712.6009574,serverless,30.0,30.0,42.304,False,200,
1787684712.6342907,serverless,30.0,30.0,56.464,False,200,
1787684712.667624,serverless,30.0,30.0,53.263,False,200,
1787684712.7009573,serverless,30.0,30.0,49.13,False,200,
1787684712.7342906,serverless,30.0,30.0,51.499,False,200,
1787684712.767624,serverless,30.0,30.0,47.277,False,200,
1787684712.8009572,serverless,30.0,30.0,38.558,False,200,
1787684712.8342907,serverless,30.0,30.0,50.416,False,200,
1787684712.867624,serverless,30.0,30.0,56.561,False,200,
1787684712.9009573,serverless,30.0,30.0,45.376,False,200,
1787684712.9342906,serverless,30.0,30.0,55.568,False,200,
1787684712.967624,serverless,30.0,30.0,41.161,False,200,
1787684713.0009573,serverless,30.0,30.0,32.215,False,200,
1787684713.0342906,serverless,30.0,30.0,66.553,False,200,
1787684713.0676239,serverless,30.0,30.0,51.708,False,200,
1787684713.1009574,serverless,30.0,30.0,40.087,False,200,
1787684713.1342907,serverless,30.0,30.0,58.709,False,200,
1787684713.167624,serverless,30.0,30.0,52.26,False,200,
1787684713.2009573,serverless,30.0,30.0,48.666,False,200,
1787684713.2342906,serverless,30.0,30.0,82.911,False,200,
1787684713.267624,serverless,30.0,30.0,77.4,False,200,
1787684713.3009572,serverless,30.0,30.0,38.971,False,200,
1787684713.3342907,serverless,30.0,30.0,50.803,False,200,
1787684713.367624,serverless,30.0,30.0,61.537,False,200,
1787684713.4009573,serverless,30.0,30.0,42.279,False,200,
1787684713.4342906,serverless,30.0,30.0,961.56,True,200,
1787684713.467624,serverless,30.0,30.0,39.685,False,200,
1787684713.5009573,serverless,30.0,30.0,45.045,False,200,
1787684713.5342906,serverless,30.0,30.0,46.459,False,200,
1787684713.5676239,serverless,30.0,30.0,42.645,False,200,
1787684713.6009574,serverless,30.0,30.0,58.934,False,200,
1787684713.6342907,serverless,30.0,30.0,40.053,False,200,
1787684713.667624,serverless,30.0,30.0,46.301,False,200,
1787684713.7009573,serverless,30.0,30.0,73.326,False,200,
1787684713.7342906,serverless,30.0,30.0,55.371,False,200,
1787684713.767624,serverless,30.0,30.0,46.297,False,200,
1787684713.8009572,serverless,30.0,30.0,56.766,False,200,
1787684713.8342907,serverless,30.0,30.0,48.023,False,200,
1787684713.867624,serverless,30.0,30.0,55.218,False,200,
1787684713.9009573,serverless,30.0,30.0,42.153,False,200,
1787684713.9342906,serverless,30.0,30.0,57.829,False,200,
1787684713.967624,serverless,30.0,30.0,74.148,False,200,
1787684714.0009573,serverless,30.0,30.0,52.625,False,200,
1787684714.0342906,serverless,30.0,30.0,50.71,False,200,
1787684714.0676239,serverless,30.0,30.0,56.331,False,200,
1787684714.1009574,serverless,30.0,30.0,53.053,False,200,
1787684714.1342907,serverless,30.0,30.0,50.441,False,200,
1787684714.167624,serverless,30.0,30.0,46.29,False,200,
1787684714.2009573,serverless,30.0,30.0,65.932,False,200,
1787684714.2342906,serverless,30.0,30.0,48.173,False,200,
1787684714.267624,serverless,30.0,30.0,43.891,False,200,
1787684714.3009572,serverless,30.0,30.0,63.548,False,200,
1787684714.3342907,serverless,30.0,30.0,52.858,False,200,
1787684714.367624,serverless,30.0,30.0,47.809,False,200,
1787684714.4009573,serverless,30.0,30.0,52.242,False,200,
1787684714.4342906,serverless,30.0,30.0,45.746,False,200,
1787684714.467624,serverless,30.0,30.0,1267.557,True,200,
1787684714.5009573,serverless,30.0,30.0,53.148,False,200,
1787684714.5342906,serverless,30.0,30.0,48.84,False,200,
1787684714.5676239,serverless,30.0,30.0,40.051,False,200,
1787684714.6009574,serverless,30.0,30.0,46.14,False,200,
1787684714.6342907,serverless,30.0,30.0,48.633,False,200,
1787684714.667624,serverless,30.0,30.0,47.741,False,200,
1787684714.7009573,serverless,30.0,30.0,69.675,False,200,
1787684714.7342906,serverless,30.0,30.0,45.889,False,200,
1787684714.767624,serverless,30.0,30.0,47.462,False,200,
1787684714.8009572,serverless,30.0,30.0,51.733,False,200,
1787684714.8342907,serverless,30.0,30.0,61.665,False,200,
1787684714.867624,serverless,30.0,30.0,58.944,False,200,
1787684714.9009573,serverless,30.0,30.0,50.953,False,200,
1787684714.9342906,serverless,30.0,30.0,46.437,False,200,
1787684714.967624,serverless,30.0,30.0,53.129,False,200,
1787684715.0009573,serverless,30.0,30.0,46.383,False,200,
1787684715.0342906,serverless,30.0,30.0,37.393,False,200,
1787684715.0676239,serverless,30.0,30.0,55.606,False,200,
1787684715.1009574,serverless,30.0,30.0,40.354,False,200,
1787684715.1342907,serverless,30.0,30.0,55.478,False,200,
1787684715.167624,serverless,30.0,30.0,40.393,False,200,
1787684715.2009573,serverless,30.0,30.0,66.168,False,200,
1787684715.2342906,serverless,30.0,30.0,1190.939,True,200,
1787684715.267624,serverless,30.0,30.0,47.791,False,200,
1787684715.3009572,serverless,30.0,30.0,39.548,False,200,
1787684715.3342907,serverless,30.0,30.0,61.467,False,200,
1787684715.367624,serverless,30.0,30.0,53.503,False,200,
1787684715.4009573,serverless,30.0,30.0,67.2,False,200,
1787684715.4342906,serverless,30.0,30.0,45.542,False,200,
1787684715.467624,serverless,30.0,30.0,62.314,False,200,
1787684715.5009573,serverless,30.0,30.0,38.735,False,200,
1787684715.5342906,serverless,30.0,30.0,55.113,False,200,
1787684715.5676239,serverless,30.0,30.0,32.972,False,200,
1787684715.6009574,serverless,30.0,30.0,61.702,False,200,
1787684715.6342907,serverless,30.0,30.0,60.773,False,200,
1787684715.667624,serverless,30.0,30.0,59.629,False,200,
1787684715.7009573,serverless,30.0,30.0,43.434,False,200,
1787684715.7342906,serverless,30.0,30.0,69.202,False,200,
1787684715.767624,serverless,30.0,30.0,48.357,False,200,
1787684715.8009572,serverless,30.0,30.0,79.411,False,200,
1787684715.8342907,serverless,30.0,30.0,38.021,False,200,
1787684715.867624,serverless,30.0,30.0,39.193,False,200,
1787684715.9009573,serverless,30.0,30.0,43.183,False,200,
1787684715.9342906,serverless,30.0,30.0,47.28,False,200,
1787684715.967624,serverless,30.0,30.0,61.984,False,200,
1787684716.0009573,serverless,30.0,30.0,39.915,False,200,
1787684716.0342906,serverless,30.0,30.0,46.792,False,200,
1787684716.0676239,serverless,30.0,30.0,41.398,False,200,
1787684716.1009574,serverless,30.0,30.0,68.346,False,200,
1787684716.1342907,serverless,30.0,30.0,44.155,False,200,
1787684716.167624,serverless,30.0,30.0,76.409,False,200,
1787684716.2009573,serverless,30.0,30.0,55.183,False,200,
1787684716.2342906,serverless,30.0,30.0,49.779,False,200,
1787684716.267624,serverless,30.0,30.0,45.275,False,200,
1787684716.3009572,serverless,30.0,30.0,74.899,False,200,
1787684716.3342907,serverless,30.0,30.0,48.078,False,200,
1787684716.367624,serverless,30.0,30.0,40.293,False,200,
1787684716.4009573,serverless,30.0,30.0,61.626,False,200,
1787684716.4342906,serverless,30.0,30.0,38.823,False,200,
1787684716.467624,serverless,30.0,30.0,42.726,False,200,
1787684716.5009573,serverless,30.0,30.0,71.405,False,200,
1787684716.5342906,serverless,30.0,30.0,64.841,False,200,
1787684716.5676239,serverless,30.0,30.0,42.483,False,200,
1787684716.6009574,serverless,30.0,30.0,53.763,False,200,
1787684716.6342907,serverless,30.0,30.0,38.536,False,200,
1787684716.667624,serverless,30.0,30.0,47.346,False,200,
1787684716.7009573,serverless,30.0,30.0,40.687,False,200,
1787684716.7342906,serverless,30.0,30.0,55.616,False,200,
1787684716.767624,serverless,30.0,30.0,44.642,False,200,
1787684716.8009572,serverless,30.0,30.0,45.493,False,200,
1787684716.8342907,serverless,30.0,30.0,60.06,False,200,
1787684716.867624,serverless,30.0,30.0,50.675,False,200,
1787684716.9009573,serverless,30.0,30.0,55.394,False,200,
1787684716.9342906,serverless,30.0,30.0,39.07,False,200,
1787684716.967624,serverless,30.0,30.0,42.394,False,200,
1787684717.0009573,serverless,30.0,30.0,63.022,False,200,
1787684717.0342906,serverless,30.0,30.0,49.123,False,200,
1787684717.0676239,serverless,30.0,30.0,59.447,False,200,
1787684717.1009574,serverless,30.0,30.0,46.13,False,200,
1787684717.1342907,serverless,30.0,30.0,39.333,False,200,
1787684717.167624,serverless,30.0,30.0,46.235,False,200,
1787684717.2009573,serverless,30.0,30.0,58.729,False,200,
1787684717.2342906,serverless,30.0,30.0,50.383,False,200,
1787684717.267624,serverless,30.0,30.0,44.497,False,200,
1787684717.3009572,serverless,30.0,30.0,42.482,False,200,
1787684717.3342907,serverless,30.0,30.0,42.614,False,200,
1787684717.367624,serverless,30.0,30.0,50.18,False,200,
1787684717.4009573,serverless,30.0,30.0,49.775,False,200,
1787684717.4342906,serverless,30.0,30.0,66.819,False,200,
1787684717.467624,serverless,30.0,30.0,58.345,False,200,
1787684717.5009573,serverless,30.0,30.0,34.258,False,200,
1787684717.5342906,serverless,30.0,30.0,51.39,False,200,
1787684717.5676239,serverless,30.0,30.0,39.594,False,200,
1787684717.6009574,serverless,30.0,30.0,46.484,False,200,
1787684717.6342907,serverless,30.0,30.0,47.503,False,200,
1787684717.667624,serverless,30.0,30.0,45.71,False,200,
1787684717.7009573,serverless,30.0,30.0,48.091,False,200,
1787684717.7342906,serverless,30.0,30.0,36.183,False,200,
1787684717.767624,serverless,30.0,30.0,63.525,False,200,
1787684717.8009572,serverless,30.0,30.0,46.418,False,200,
1787684717.8342907,serverless,30.0,30.0,45.638,False,200,
1787684717.867624,serverless,30.0,30.0,49.059,False,200,
1787684717.9009573,serverless,30.0,30.0,68.673,False,200,
1787684717.9342906,serverless,30.0,30.0,45.229,False,200,
1787684717.967624,serverless,30.0,30.0,48.277,False,200,
1787684718.0009573,serverless,30.0,30.0,57.302,False,200,
1787684718.0342906,serverless,30.0,30.0,42.862,False,200,
1787684718.0676239,serverless,30.0,30.0,34.04,False,200,
1787684718.1009574,serverless,30.0,30.0,36.454,False,200,
1787684718.1342907,serverless,30.0,30.0,32.021,False,200,
1787684718.167624,serverless,30.0,30.0,56.352,False,200,
1787684718.2009573,serverless,30.0,30.0,44.533,False,200,
1787684718.2342906,serverless,30.0,30.0,61.977,False,200,
1787684718.267624,serverless,30.0,30.0,36.397,False,200,
1787684718.3009572,serverless,30.0,30.0,34.087,False,200,
1787684718.3342907,serverless,30.0,30.0,50.977,False,200,
1787684718.367624,serverless,30.0,30.0,58.5,False,200,
1787684718.4009573,serverless,30.0,30.0,38.473,False,200,
1787684718.4342906,serverless,30.0,30.0,48.733,False,200,
1787684718.467624,serverless,30.0,30.0,52.053,False,200,
1787684718.5009573,serverless,30.0,30.0,58.262,False,200,
1787684718.5342906,serverless,30.0,30.0,86.182,False,200,
1787684718.5676239,serverless,30.0,30.0,52.313,False,200,
1787684718.6009574,serverless,30.0,30.0,46.052,False,200,
1787684718.6342907,serverless,30.0,30.0,30.66,False,200,
1787684718.667624,serverless,30.0,30.0,49.501,False,200,
1787684718.7009573,serverless,30.0,30.0,47.581,False,200,
1787684718.7342906,serverless,30.0,30.0,49.872,False,200,
1787684718.767624,serverless,30.0,30.0,39.228,False,200,
1787684718.8009572,serverless,30.0,30.0,55.764,False,200,
1787684718.8342907,serverless,30.0,30.0,48.341,False,200,
1787684718.867624,serverless,30.0,30.0,42.784,False,200,
1787684718.9009573,serverless,30.0,30.0,58.065,False,200,
1787684718.9342906,serverless,30.0,30.0,51.261,False,200,
1787684718.967624,serverless,30.0,30.0,55.97,False,200,
1787684719.0009573,serverless,30.0,30.0,48.759,False,200,
1787684719.0342906,serverless,30.0,30.0,57.46,False,200,
1787684719.0676239,serverless,30.0,30.0,46.153,False,200,
1787684719.1009574,serverless,30.0,30.0,46.05,False,200,
1787684719.1342907,serverless,30.0,30.0,41.386,False,200,
1787684719.167624,serverless,30.0,30.0,1261.659,True,200,
1787684719.2009573,serverless,30.0,30.0,55.623,False,200,
1787684719.2342906,serverless,30.0,30.0,35.171,False,200,
1787684719.267624,serverless,30.0,30.0,51.154,False,200,
1787684719.3009572,serverless,30.0,30.0,36.47,False,200,
1787684719.3342907,serverless,30.0,30.0,64.285,False,200,
1787684719.367624,serverless,30.0,30.0,53.175,False,200,
1787684719.4009573,serverless,30.0,30.0,39.366,False,200,
1787684719.4342906,serverless,30.0,30.0,74.693,False,200,
1787684719.467624,serverless,30.0,30.0,57.526,False,200,
1787684719.5009573,serverless,30.0,30.0,46.788,False,200,
1787684719.5342906,serverless,30.0,30.0,55.048,False,200,
1787684719.5676239,serverless,30.0,30.0,36.176,False,200,
1787684719.6009574,serverless,30.0,30.0,69.235,False,200,
1787684719.6342907,serverless,30.0,30.0,62.581,False,200,
1787684719.667624,serverless,30.0,30.0,78.435,False,200,
1787684719.7009573,serverless,30.0,30.0,46.364,False,200,
1787684719.7342906,serverless,30.0,30.0,71.862,False,200,
1787684719.767624,serverless,30.0,30.0,52.036,False,200,
1787684719.8009572,serverless,30.0,30.0,1099.765,True,200,
1787684719.8342907,serverless,30.0,30.0,42.824,False,200,
1787684719.867624,serverless,30.0,30.0,44.604,False,200,
1787684719.9009573,serverless,30.0,30.0,38.961,False,200,
1787684719.9342906,serverless,30.0,30.0,55.712,False,200,
1787684719.967624,serverless,30.0,30.0,60.505,False,200,
1787684720.0009573,serverless,30.0,30.0,43.574,False,200,
1787684720.0342906,serverless,30.0,30.0,52.581,False,200,
1787684720.0676239,serverless,30.0,30.0,77.24,False,200,
1787684720.1009574,serverless,30.0,30.0,34.14,False,200,
1787684720.1342907,serverless,30.0,30.0,42.239,False,200,
1787684720.167624,serverless,30.0,30.0,60.108,False,200,
1787684720.2009573,serverless,30.0,30.0,46.332,False,200,
1787684720.2342906,serverless,30.0,30.0,56.619,False,200,
1787684720.267624,serverless,30.0,30.0,47.334,False,200,
1787684720.3009572,serverless,30.0,30.0,48.889,False,200,
1787684720.3342907,serverless,30.0,30.0,50.28,False,200,
1787684720.367624,serverless,30.0,30.0,53.801,False,200,
1787684720.4009573,serverless,30.0,30.0,49.333,False,200,
1787684720.4342906,serverless,30.0,30.0,48.334,False,200,
1787684720.467624,serverless,30.0,30.0,47.814,False,200,
1787684720.5009573,serverless,30.0,30.0,39.901,False,200,
1787684720.5342906,serverless,30.0,30.0,46.658,False,200,
1787684720.5676239,serverless,30.0,30.0,66.24,False,200,
1787684720.6009574,serverless,30.0,30.0,37.443,False,200,
1787684720.6342907,serverless,30.0,30.0,41.661,False,200,
1787684720.667624,serverless,30.0,30.0,55.185,False,200,
1787684720.7009573,serverless,30.0,30.0,40.175,False,200,
1787684720.7342906,serverless,30.0,30.0,40.854,False,200,
1787684720.767624,serverless,30.0,30.0,59.618,False,200,
1787684720.8009572,serverless,30.0,30.0,45.057,False,200,
1787684720.8342907,serverless,30.0,30.0,51.041,False,200,
1787684720.867624,serverless,30.0,30.0,36.109,False,200,
1787684720.9009573,serverless,30.0,30.0,42.848,False,200,
1787684720.9342906,serverless,30.0,30.0,50.761,False,200,
1787684720.967624,serverless,30.0,30.0,56.465,False,200,
1787684721.0009573,serverless,30.0,30.0,49.455,False,200,
1787684721.0342906,serverless,30.0,30.0,45.546,False,200,
1787684721.0676239,serverless,30.0,30.0,45.255,False,200,
1787684721.1009574,serverless,30.0,30.0,38.898,False,200,
1787684721.1342907,serverless,30.0,30.0,46.739,False,200,
1787684721.167624,serverless,30.0,30.0,64.888,False,200,
1787684721.2009573,serverless,30.0,30.0,41.301,False,200,
1787684721.2342906,serverless,30.0,30.0,46.04,False,200,
1787684721.267624,serverless,30.0,30.0,61.437,False,200,
1787684721.3009572,serverless,30.0,30.0,44.643,False,200,
1787684721.3342907,serverless,30.0,30.0,55.006,False,200,
1787684721.367624,serverless,30.0,30.0,47.242,False,200,
1787684721.4009573,serverless,30.0,30.0,30.214,False,200,
1787684721.4342906,serverless,30.0,30.0,50.6,False,200,
1787684721.467624,serverless,30.0,30.0,49.833,False,200,
1787684721.5009573,serverless,30.0,30.0,53.317,False,200,
1787684721.5342906,serverless,30.0,30.0,38.235,False,200,
1787684721.5676239,serverless,30.0,30.0,61.493,False,200,
1787684721.6009574,serverless,30.0,30.0,76.815,False,200,
1787684721.6342907,serverless,30.0,30.0,41.565,False,200,
1787684721.667624,serverless,30.0,30.0,27.624,False,200,
1787684721.7009573,serverless,30.0,30.0,62.915,False,200,
1787684721.7342906,serverless,30.0,30.0,46.764,False,200,
1787684721.767624,serverless,30.0,30.0,41.094,False,200,
1787684721.8009572,serverless,30.0,30.0,49.654,False,200,
1787684721.8342907,serverless,30.0,30.0,44.828,False,200,
1787684721.867624,serverless,30.0,30.0,40.067,False,200,
1787684721.9009573,serverless,30.0,30.0,40.271,False,200,
1787684721.9342906,serverless,30.0,30.0,63.157,False,200,
1787684721.967624,serverless,30.0,30.0,39.83,False,200,
1787684722.0009573,serverless,30.0,30.0,40.7,False,200,
1787684722.0342906,serverless,30.0,30.0,43.186,False,200,
1787684722.0676239,serverless,30.0,30.0,41.133,False,200,
1787684722.1009574,serverless,30.0,30.0,37.769,False,200,
1787684722.1342907,serverless,30.0,30.0,46.93,False,200,
1787684722.167624,serverless,30.0,30.0,42.853,False,200,
